metadata keys;;;type;timeunit;time;﻿Metadaten(Kategorien);Inhalt;Bezugsraum;Zeitraum;Zeitraumbezogen;Geschlecht;;;;;;;;;;;;;;;;;;;;;;;;;;;;;;;;;;;;;;;;;;;;;;;;;;;;;;;;;;;;;;;;;;;;;;;;;;;;;;;;;;;;;;;;;;;;;;;;;;;;;;;;;;;;;;;;;;;;;;;;;;;;;;;;;;;;;;;;;;;;;;;;;;;;;;;;;;;;;;;;;;;;;;;;;;;;;;;;;;;;;;;;;;;;;;;;;;;;;;;;;;;;;;;;;;;;;;;;;;;;;;;;;;;;;;;;;;;;;;;;;;;;;;;;;;;;;;;;;;;;;;;;;;;;;;;;;;;;;;;;;;;;;;;;;;;;;;;;;;;;;;;;;;;;;;;;;;;;;;;;;;;;;;;;;;;;;;;;;;;;;;;;;;;;;;;;;;;;;;;;;;;;;;;;;;;;;;;;;;;;;;;;;;;;;
metadata values;;;movement;year;2022;Metadaten(Werte);Kreiswanderung;Landkreise;Jahr;2022;insgesamt;;;;;;;;;;;;;;;;;;;;;;;;;;;;;;;;;;;;;;;;;;;;;;;;;;;;;;;;;;;;;;;;;;;;;;;;;;;;;;;;;;;;;;;;;;;;;;;;;;;;;;;;;;;;;;;;;;;;;;;;;;;;;;;;;;;;;;;;;;;;;;;;;;;;;;;;;;;;;;;;;;;;;;;;;;;;;;;;;;;;;;;;;;;;;;;;;;;;;;;;;;;;;;;;;;;;;;;;;;;;;;;;;;;;;;;;;;;;;;;;;;;;;;;;;;;;;;;;;;;;;;;;;;;;;;;;;;;;;;;;;;;;;;;;;;;;;;;;;;;;;;;;;;;;;;;;;;;;;;;;;;;;;;;;;;;;;;;;;;;;;;;;;;;;;;;;;;;;;;;;;;;;;;;;;;;;;;;;;;;;;;;;;;;;;
;01001000;01002000;01003000;01004000;01051000;01053000;01054000;01055000;01056000;01057000;01058000;01059000;01060000;01061000;01062000;02000000;03101000;03102000;03103000;03151000;03153000;03154000;03155000;03157000;03158000;03159000;03241000;03251000;03252000;03254000;03255000;03256000;03257000;03351000;03352000;03353000;03354000;03355000;03356000;03357000;03358000;03359000;03360000;03361000;03401000;03402000;03403000;03404000;03405000;03451000;03452000;03453000;03454000;03455000;03456000;03457000;03458000;03459000;03460000;03461000;03462000;04011000;04012000;05111000;05112000;05113000;05114000;05116000;05117000;05119000;05120000;05122000;05124000;05154000;05158000;05162000;05166000;05170000;05314000;05315000;05316000;05334000;05358000;05362000;05366000;05370000;05374000;05378000;05382000;05512000;05513000;05515000;05554000;05558000;05562000;05566000;05570000;05711000;05754000;05758000;05762000;05766000;05770000;05774000;05911000;05913000;05914000;05915000;05916000;05954000;05958000;05962000;05966000;05970000;05974000;05978000;06411000;06412000;06413000;06414000;06431000;06432000;06433000;06434000;06435000;06436000;06437000;06438000;06439000;06440000;06531000;06532000;06533000;06534000;06535000;06611000;06631000;06632000;06633000;06634000;06635000;06636000;07111000;07131000;07132000;07133000;07134000;07135000;07137000;07138000;07140000;07141000;07143000;07211000;07231000;07232000;07233000;07235000;07311000;07312000;07313000;07314000;07315000;07316000;07317000;07318000;07319000;07320000;07331000;07332000;07333000;07334000;07335000;07336000;07337000;07338000;07339000;07340000;08111000;08115000;08116000;08117000;08118000;08119000;08121000;08125000;08126000;08127000;08128000;08135000;08136000;08211000;08212000;08215000;08216000;08221000;08222000;08225000;08226000;08231000;08235000;08236000;08237000;08311000;08315000;08316000;08317000;08325000;08326000;08327000;08335000;08336000;08337000;08415000;08416000;08417000;08421000;08425000;08426000;08435000;08436000;08437000;09161000;09162000;09163000;09171000;09172000;09173000;09174000;09175000;09176000;09177000;09178000;09179000;09180000;09181000;09182000;09183000;09184000;09185000;09186000;09187000;09188000;09189000;09190000;09261000;09262000;09263000;09271000;09272000;09273000;09274000;09275000;09276000;09277000;09278000;09279000;09361000;09362000;09363000;09371000;09372000;09373000;09374000;09375000;09376000;09377000;09461000;09462000;09463000;09464000;09471000;09472000;09473000;09474000;09475000;09476000;09477000;09478000;09479000;09561000;09562000;09563000;09564000;09565000;09571000;09572000;09573000;09574000;09575000;09576000;09577000;09661000;09662000;09663000;09671000;09672000;09673000;09674000;09675000;09676000;09677000;09678000;09679000;09761000;09762000;09763000;09764000;09771000;09772000;09773000;09774000;09775000;09776000;09777000;09778000;09779000;09780000;10041000;10042000;10043000;10044000;10045000;10046000;11000000;12051000;12052000;12053000;12054000;12060000;12061000;12062000;12063000;12064000;12065000;12066000;12067000;12068000;12069000;12070000;12071000;12072000;12073000;13003000;13004000;13071000;13072000;13073000;13074000;13075000;13076000;14511000;14521000;14522000;14523000;14524000;14612000;14625000;14626000;14627000;14628000;14713000;14729000;14730000;15001000;15002000;15003000;15081000;15082000;15083000;15084000;15085000;15086000;15087000;15088000;15089000;15090000;15091000;16051000;16052000;16053000;16054000;16055000;16061000;16062000;16063000;16064000;16065000;16066000;16067000;16068000;16069000;16070000;16071000;16072000;16073000;16074000;16075000;16076000;16077000
01001000;0;0;0;0;0;0;0;0;0;0;0;228;0;0;0;31;0;8;4;0;5;0;0;0;0;0;2;0;2;2;0;0;2;1;0;0;1;0;0;0;5;0;2;3;0;0;0;0;0;2;0;9;4;0;0;1;10;1;3;0;1;0;1;3;0;10;0;0;0;0;0;2;0;0;1;4;0;7;2;6;2;0;5;0;0;0;0;0;5;2;0;5;0;3;0;2;14;0;10;0;0;0;0;0;0;3;5;2;3;0;3;0;0;0;0;6;0;2;2;1;2;0;0;0;0;0;0;0;0;0;0;1;2;0;0;0;0;0;4;0;0;2;0;0;5;0;1;2;1;0;0;0;0;0;6;1;0;0;1;0;0;1;0;0;0;0;0;0;0;0;0;0;0;0;0;0;0;0;0;0;0;0;0;0;0;0;0;0;1;0;0;0;5;0;1;0;6;0;0;0;0;4;7;3;0;0;4;0;2;2;10;9;0;0;0;0;0;1;0;0;1;0;7;0;0;0;0;0;1;0;0;0;0;0;1;0;0;0;3;0;2;1;0;0;0;0;1;0;0;0;0;1;2;0;2;0;0;0;0;0;0;0;0;0;0;2;0;1;3;0;0;0;1;1;0;0;0;1;1;6;0;0;0;6;0;1;0;1;0;0;7;1;2;1;3;0;0;0;1;0;0;0;0;0;1;0;0;0;0;1;0;0;0;0;0;2;0;1;8;0;2;2;2;0;0;0;0;0;0;0;5;0;4;0;0;0;4;0;2;0;0;0;0;0;0;0;7;5;0;0;0;3;0;0;0;0;0;0;2;0;0;0;1;0;0;0;4;5;0;0;1;5;0;0;0;1;0;0;0;0;0;1;0;0;0;1;0;0;0;0;1;0;1;0;0;0;0;0;0;0
01002000;0;0;33;0;0;0;0;0;0;430;565;0;0;0;0;243;0;6;0;0;0;0;6;0;0;0;0;0;0;3;0;2;0;5;0;0;0;0;0;0;0;0;0;0;0;0;12;0;0;0;0;0;0;0;3;1;0;0;1;0;1;6;4;0;11;10;0;0;0;0;3;5;0;6;0;0;0;7;0;4;0;6;1;0;6;0;0;3;0;1;4;0;2;0;6;0;0;0;0;3;0;0;0;6;0;0;7;0;5;6;1;0;0;5;6;0;0;9;3;0;0;0;2;0;0;1;4;0;1;0;0;0;0;2;0;2;8;0;0;0;0;0;2;3;4;0;3;0;0;1;0;0;4;3;8;0;0;4;0;0;2;2;10;0;0;2;0;0;0;1;1;2;0;0;0;4;0;0;0;0;6;3;8;0;0;7;0;1;0;1;4;0;4;6;0;4;0;0;3;1;2;2;0;15;5;0;7;0;0;1;5;0;11;4;0;0;0;2;0;0;0;1;3;25;4;3;2;2;1;0;3;0;0;0;0;0;2;3;2;0;0;0;0;0;2;2;0;0;1;0;0;1;0;0;0;3;0;1;2;0;0;3;3;0;0;6;0;0;0;0;1;0;0;0;5;0;1;0;0;5;1;0;3;27;0;4;0;2;0;0;0;0;5;1;0;0;0;0;0;0;1;0;3;0;0;0;0;2;0;0;1;0;0;0;0;3;5;1;0;4;0;0;2;0;47;3;0;0;0;4;0;0;3;0;1;2;4;3;0;0;2;1;3;5;1;7;0;0;0;0;0;0;0;0;1;3;0;0;0;0;0;9;0;0;4;0;3;0;1;0;0;1;0;2;3;1;0;2;0;3;7;0;1;0;1;0;0;4;0;0;0;0;0;0;0;0;4;0;2;1
01003000;9;0;0;0;1;114;0;76;0;0;0;0;0;0;4;41;0;4;1;0;0;0;0;0;0;0;0;5;0;3;5;0;0;0;0;0;3;0;0;4;0;0;0;2;0;4;0;1;0;0;0;0;4;0;5;1;0;0;0;0;0;3;3;9;0;4;0;0;0;2;0;0;0;0;0;5;0;0;0;0;0;0;0;0;2;1;0;5;5;1;0;6;0;2;0;4;0;0;5;0;0;0;0;0;1;10;0;0;1;0;2;0;0;5;8;0;0;0;4;5;0;0;0;2;2;7;1;0;0;0;0;0;0;0;3;0;5;0;0;3;0;3;0;2;0;0;3;0;0;0;0;0;4;0;0;0;3;3;0;0;3;0;0;0;0;0;2;0;4;0;1;5;2;0;1;3;0;1;0;8;1;2;0;11;1;0;2;1;1;0;0;0;10;3;7;0;5;1;7;0;0;0;3;4;2;6;5;0;0;1;10;0;4;3;3;0;0;7;2;4;0;0;3;0;2;0;2;0;0;0;0;0;0;0;0;1;1;0;5;0;0;5;5;0;0;0;0;3;1;0;2;0;0;0;0;2;1;1;6;1;0;0;0;1;0;1;0;1;2;0;0;1;4;3;0;0;0;0;2;0;2;0;1;0;0;0;0;0;1;0;0;0;0;0;0;0;0;1;0;0;2;0;0;3;0;0;4;0;1;0;1;1;0;0;4;0;0;6;4;0;0;2;2;3;0;0;3;0;0;0;0;3;0;0;0;0;0;0;0;5;0;0;3;0;4;0;0;0;207;0;0;0;0;0;0;4;0;4;0;2;0;23;0;0;0;0;6;0;0;0;0;16;0;0;0;0;4;0;0;0;0;2;0;1;0;0;0;0;0;1;0;0;0;0;0;0;0;3;3;1
01004000;8;52;193;0;69;86;69;57;140;70;160;81;1177;74;97;0;4;0;2;3;5;0;0;0;1;0;0;1;0;0;0;4;0;5;0;7;0;0;1;2;0;0;6;0;0;0;0;2;0;0;0;0;7;0;0;3;0;1;0;0;0;2;2;2;0;0;2;0;1;0;0;0;0;1;0;0;0;0;0;0;0;0;0;0;1;1;1;0;0;0;5;5;1;0;0;0;0;0;1;1;0;0;6;0;0;1;1;0;3;4;1;5;0;3;0;0;0;0;2;1;0;3;0;0;3;3;2;0;3;0;0;0;0;0;0;1;1;0;4;1;4;3;0;1;0;0;0;0;0;0;0;0;1;0;0;0;0;0;0;0;0;0;1;1;0;0;0;0;0;0;0;0;0;0;0;0;1;0;4;0;0;0;0;0;4;3;0;0;0;0;0;0;0;0;0;1;1;3;4;0;0;0;0;0;1;0;6;0;0;0;0;0;2;0;2;0;0;0;0;0;0;1;1;0;0;4;0;0;0;0;0;0;2;0;2;0;0;3;0;0;0;0;0;0;0;0;1;0;0;0;1;0;0;0;0;1;0;0;1;1;0;0;0;0;0;0;0;0;0;0;0;2;0;0;0;0;0;0;0;0;0;0;0;2;0;3;0;0;0;1;0;0;0;0;0;0;0;0;0;0;0;0;0;0;0;0;0;0;4;0;0;0;0;0;0;0;0;0;0;0;1;0;0;0;0;0;5;0;0;0;2;0;1;0;4;1;1;0;2;5;0;0;0;4;5;0;3;0;6;0;0;5;0;5;0;5;0;0;0;2;2;6;0;1;2;1;0;0;1;0;0;3;0;3;2;0;3;0;0;0;0;0;0;0;0;0;3;0;0;1;0;0;1;1;0;1;0;0;0;0
01051000;11;44;0;0;0;0;0;0;0;0;0;8;0;0;0;0;1;0;3;8;0;5;1;1;4;0;9;2;4;0;0;3;0;0;0;0;0;0;5;0;0;8;4;7;3;7;3;0;6;0;0;1;0;0;0;6;0;0;1;0;0;15;16;0;0;0;0;4;0;0;1;1;0;3;0;0;1;0;0;0;0;0;0;0;0;0;1;2;4;0;4;5;1;0;1;0;0;0;0;3;0;0;1;2;0;4;0;0;0;0;4;0;0;1;0;0;0;0;0;0;0;3;0;0;0;0;0;0;0;0;0;3;1;0;5;0;0;0;0;2;0;0;11;0;0;0;0;0;0;0;3;5;0;0;0;0;2;0;1;0;1;0;4;0;0;0;0;0;0;0;0;0;0;0;0;0;0;0;0;0;8;0;0;0;2;2;0;3;1;0;0;4;0;3;0;1;0;0;3;0;0;0;0;0;0;0;1;0;0;0;0;0;1;0;0;1;0;2;5;0;0;3;0;0;0;0;0;0;0;0;2;0;1;0;1;0;4;1;0;0;0;0;0;0;0;0;4;0;0;0;0;0;0;1;0;2;3;0;0;0;0;0;0;0;0;0;0;0;1;0;0;2;3;0;0;1;2;0;0;0;1;1;0;4;0;3;0;0;2;4;0;0;0;8;0;1;0;1;0;0;0;0;1;0;2;0;0;0;0;0;0;2;0;0;3;0;0;0;5;1;8;0;0;0;0;0;0;0;0;2;0;0;4;0;0;2;0;0;0;3;0;0;7;0;8;3;0;0;11;5;3;2;0;0;1;0;0;0;2;0;2;1;2;0;0;0;0;2;0;1;1;4;0;0;2;0;1;7;2;0;0;0;0;1;0;1;0;0;0;0;0;0;1;0;0;0;0;0;1;2
01053000;2;25;0;0;20;0;0;21;0;2;0;1;0;0;0;0;10;0;0;4;5;7;0;0;0;6;16;5;0;0;0;3;0;9;7;26;0;69;4;10;3;0;28;4;3;1;5;0;4;5;8;0;0;1;1;0;0;0;0;1;1;0;1;0;6;7;0;0;0;1;0;0;6;1;0;2;5;0;0;0;0;7;0;4;4;0;6;3;0;0;7;2;0;2;5;0;0;1;0;0;0;0;6;6;0;8;0;0;2;0;1;0;0;8;0;0;0;5;0;0;3;4;2;0;1;0;0;2;0;0;3;0;0;4;1;6;1;0;0;3;0;3;0;0;0;1;6;0;1;0;0;0;0;4;2;0;0;0;0;0;1;0;0;0;0;1;2;0;0;5;0;0;0;0;0;1;4;0;0;0;0;0;0;0;3;0;0;7;0;0;0;1;0;0;0;0;0;0;0;1;0;0;1;5;17;0;0;0;0;1;0;1;2;1;0;1;3;1;1;5;2;0;1;0;0;3;0;0;0;0;1;0;1;0;0;0;0;0;0;1;0;0;2;0;1;0;0;1;0;0;0;3;1;0;0;0;0;0;2;1;0;1;0;0;1;0;1;0;1;0;0;0;0;0;0;0;0;0;2;0;2;2;0;6;0;0;0;1;1;0;2;0;0;0;0;1;1;0;1;0;1;0;0;2;0;2;2;0;1;1;2;0;0;2;0;0;0;2;0;0;0;0;1;0;0;1;0;0;0;0;0;4;7;4;0;0;0;0;4;2;0;0;5;1;0;0;2;3;36;0;122;1;2;11;3;3;2;0;1;0;2;6;0;1;0;1;0;0;1;0;1;0;0;0;7;3;2;0;0;0;1;0;0;3;6;0;1;0;0;4;1;0;0;0;6;1;0;0;0;0
01054000;146;58;30;0;24;0;0;0;6;0;0;142;0;2;0;0;0;0;5;2;0;0;0;2;0;0;0;0;2;0;0;1;0;0;4;0;0;3;2;0;2;3;0;10;0;8;0;0;0;0;0;0;0;1;1;11;0;4;8;0;8;6;2;0;3;0;2;0;3;0;0;0;0;0;0;0;0;0;0;0;0;17;0;1;7;1;0;0;0;2;0;0;3;0;0;5;6;3;0;0;7;0;0;0;0;0;0;3;0;0;0;0;0;10;5;0;5;0;0;0;0;9;0;0;0;0;0;0;0;0;0;0;0;0;1;0;2;0;0;0;0;0;0;0;5;0;0;2;0;0;0;0;0;1;3;0;1;0;1;0;1;0;3;0;2;0;0;0;4;0;0;0;6;0;0;0;0;0;0;0;0;0;0;0;2;0;0;0;2;0;0;0;0;0;0;0;0;2;0;2;0;0;0;1;0;5;2;0;3;2;0;4;0;0;0;3;0;0;0;0;0;0;0;0;2;1;0;1;1;2;0;1;0;0;0;0;0;0;4;0;0;5;0;0;0;0;3;9;1;3;0;1;0;0;1;0;1;0;0;0;0;0;0;0;1;1;0;0;0;0;0;0;0;1;0;3;0;4;0;0;0;2;0;2;1;0;0;1;2;0;0;0;0;0;0;0;1;0;0;1;0;0;0;0;2;0;0;0;2;0;0;3;0;1;0;1;0;2;0;0;1;0;3;0;0;0;2;0;2;0;0;1;0;0;0;1;0;0;0;0;1;4;8;0;7;0;5;5;3;7;9;0;4;2;6;0;0;0;3;0;0;0;0;1;0;2;6;2;6;2;0;0;0;12;0;0;3;0;0;0;0;0;0;1;0;0;0;0;0;0;0;2;2;0;1;5;0;0;0;0
01055000;37;120;0;0;9;0;10;0;0;16;0;0;0;0;0;0;9;0;8;0;1;0;4;0;0;0;0;0;0;0;0;0;0;5;17;0;0;0;2;0;0;0;0;0;0;2;0;5;4;0;0;2;12;4;2;0;0;9;0;0;0;0;9;0;0;0;0;0;0;0;0;0;0;0;0;0;0;0;0;0;0;0;0;4;0;0;2;0;0;1;0;2;0;5;0;0;0;0;0;0;0;0;0;0;0;0;0;0;0;0;0;0;0;0;0;0;0;2;0;0;0;0;0;0;0;0;0;0;1;2;0;0;0;1;0;0;2;0;0;4;4;0;0;2;2;0;1;0;0;1;0;0;0;2;1;0;1;1;0;3;0;0;0;0;0;1;1;3;0;0;0;5;1;0;0;0;0;0;0;0;0;0;5;1;3;0;0;2;0;1;0;0;0;4;2;3;0;5;0;2;0;1;0;2;10;4;5;0;2;2;0;5;3;0;0;0;3;0;4;0;0;0;1;6;0;0;0;4;0;0;0;0;1;0;0;3;0;5;0;1;0;0;0;4;3;1;0;0;2;0;0;0;5;0;0;0;0;0;3;0;0;2;6;0;0;0;0;0;0;0;1;0;0;0;0;0;1;1;0;0;2;0;4;0;0;10;3;0;1;0;0;0;1;0;0;0;2;2;0;1;0;0;0;0;0;1;0;0;1;2;0;0;1;2;0;0;1;0;6;0;0;1;0;4;0;0;0;1;0;0;0;0;0;0;0;4;1;3;0;9;1;1;0;0;16;12;13;6;58;19;0;0;0;0;1;3;4;0;1;0;0;6;7;2;0;1;10;0;1;0;0;0;1;0;0;0;0;2;0;0;0;0;1;0;0;3;0;0;0;3;0;1;1;0;0;0;1;0;2;0
01056000;44;8;13;0;55;14;0;34;0;37;0;78;0;309;0;0;0;3;5;12;0;2;0;7;2;0;18;6;0;10;9;5;5;13;12;63;1;41;0;28;0;6;15;2;0;0;7;3;0;8;0;1;17;0;0;4;1;0;0;0;1;6;0;0;8;0;0;0;7;0;0;0;0;0;1;0;0;8;0;0;0;0;0;0;0;0;0;4;0;0;12;1;0;0;0;0;0;1;11;0;2;0;0;1;0;0;0;4;0;2;1;1;0;0;0;13;0;1;0;0;0;0;0;0;4;0;0;7;3;0;0;0;1;5;0;0;6;4;0;0;4;0;3;0;5;0;0;0;0;5;2;0;0;3;0;0;0;12;0;0;0;1;5;1;1;1;0;0;0;4;0;3;5;0;3;3;0;0;0;0;1;0;0;0;5;4;0;4;0;0;3;0;0;0;0;1;0;0;5;0;0;0;0;5;3;0;3;0;0;0;1;0;2;0;1;0;0;0;0;0;2;0;1;0;0;0;5;2;0;1;0;0;3;2;0;0;0;0;0;0;9;0;0;3;4;0;0;1;0;0;2;4;8;0;0;0;0;0;7;0;3;1;3;0;0;3;0;0;6;0;0;2;0;0;0;4;0;0;1;0;0;0;4;0;0;2;1;0;0;4;0;0;0;0;0;0;1;1;0;0;4;0;0;1;4;0;3;5;0;9;0;0;0;1;0;3;1;6;5;4;1;0;6;0;0;0;6;5;0;0;0;0;2;0;0;0;0;6;0;0;0;7;8;0;0;16;0;21;0;2;9;5;0;0;0;8;0;2;4;3;0;0;2;0;0;0;10;4;0;0;0;6;0;1;2;0;1;0;0;1;2;0;0;4;0;1;0;0;4;0;0;3;2;0;0;0;0;2;0;0
01057000;19;0;8;0;1;0;7;0;0;0;0;21;0;7;0;0;0;0;1;0;1;0;4;0;0;0;0;0;0;0;0;3;0;0;0;5;0;0;0;6;0;0;5;2;2;2;4;0;5;0;0;1;0;6;1;0;2;0;2;3;1;0;0;11;4;0;0;0;0;1;0;0;0;1;0;0;1;2;0;0;2;0;0;19;0;0;0;0;0;0;1;0;0;0;0;0;0;0;0;0;0;0;2;0;5;0;4;0;1;0;0;0;0;0;0;0;2;0;0;0;0;0;0;0;0;0;0;0;3;0;4;1;0;1;0;0;0;4;2;1;0;2;1;0;0;0;0;0;0;0;0;0;0;0;0;0;0;0;0;4;0;0;0;0;0;0;0;0;4;3;0;0;0;0;0;0;0;1;0;0;0;0;0;0;0;0;0;0;3;0;0;0;0;0;0;0;0;0;0;2;0;0;3;1;0;0;0;0;3;3;3;0;0;0;0;0;0;0;2;2;0;2;2;0;3;1;4;1;0;0;0;0;0;1;1;0;1;0;0;0;0;0;0;0;0;0;0;0;0;0;0;2;0;0;1;0;0;0;0;0;0;0;0;0;0;1;0;0;0;0;0;2;1;0;2;0;0;0;0;0;0;0;1;0;0;1;2;0;0;0;3;1;0;0;0;0;0;0;1;1;0;0;0;0;0;0;1;0;0;2;0;0;4;0;0;0;0;0;1;0;0;0;0;4;0;0;0;1;2;0;1;3;1;0;2;0;1;1;0;1;0;0;4;2;0;4;0;1;0;12;4;3;0;0;0;2;0;0;1;2;0;0;0;2;0;0;0;0;0;0;0;0;0;1;1;0;0;1;2;0;0;0;0;0;1;2;1;0;2;0;0;0;0;0;0;0;0;1;0;0
01058000;93;0;88;0;156;158;94;128;166;57;0;325;0;28;131;0;0;0;0;0;0;1;1;0;0;0;33;0;0;0;0;0;13;0;0;5;9;2;1;2;6;11;0;0;4;0;0;0;0;0;2;7;7;0;0;0;1;0;0;0;0;0;8;0;7;0;0;0;0;13;0;0;0;5;0;0;1;0;0;0;0;0;0;0;0;0;5;0;0;0;5;0;1;1;0;0;0;3;0;0;0;0;0;0;0;0;1;0;10;0;3;0;0;0;0;0;0;2;1;0;0;0;0;7;0;1;0;0;1;0;0;5;0;5;1;0;1;0;3;1;0;0;1;0;0;0;0;0;0;3;3;0;6;4;0;7;3;6;0;0;4;1;5;0;0;0;0;0;0;0;0;3;0;0;0;2;0;1;0;0;0;0;0;0;0;0;0;0;1;0;2;0;0;0;0;0;0;0;0;1;2;1;6;0;7;0;0;4;0;6;4;8;0;0;0;0;2;0;0;6;1;1;9;0;0;0;0;0;0;0;1;0;0;0;0;0;0;1;0;2;0;0;0;0;0;1;0;0;2;0;0;0;0;0;0;0;1;1;0;2;0;0;0;1;0;0;0;2;4;0;0;1;0;0;0;0;0;0;0;0;0;3;0;3;0;4;1;0;0;7;0;0;0;1;0;0;0;0;2;0;0;0;0;0;0;0;0;1;0;1;0;0;2;0;4;1;0;0;3;0;3;0;0;0;0;10;0;0;0;0;0;0;0;2;0;3;2;0;0;0;0;2;5;0;0;0;4;0;0;2;1;0;0;1;0;0;4;0;0;0;0;1;0;0;2;2;0;0;1;0;0;3;0;1;0;2;0;1;4;0;6;0;0;0;7;0;2;1;0;0;0;1;0;1;0;0;0;1;0;0
01059000;0;11;2;0;0;0;0;0;0;0;0;0;0;0;0;0;0;0;0;0;0;0;0;1;0;0;0;0;6;0;1;10;0;2;0;3;1;7;0;0;5;0;10;2;7;1;0;5;0;0;0;0;0;0;0;14;0;0;4;1;0;0;0;0;0;0;0;0;0;1;0;0;0;0;0;0;0;0;0;0;1;0;2;0;0;0;4;0;0;0;0;4;0;1;8;0;0;3;0;0;0;0;0;7;5;0;0;2;0;0;0;0;0;0;5;0;0;0;5;0;0;0;0;0;0;0;0;0;0;0;0;0;0;0;0;0;10;0;2;3;6;0;0;0;0;0;5;2;6;0;2;0;0;2;0;5;0;0;1;0;0;0;0;0;2;0;2;1;0;2;0;0;0;0;1;0;0;0;0;0;0;0;0;0;0;2;0;9;6;0;0;0;0;0;0;2;3;2;0;1;0;0;3;0;0;1;0;7;0;0;0;4;1;0;0;1;0;0;0;0;0;0;0;0;0;0;0;0;0;0;0;0;1;2;0;0;0;1;1;0;1;0;0;0;0;0;2;1;2;3;8;0;5;0;0;0;0;0;0;0;0;0;1;0;0;0;0;0;0;4;0;1;5;0;0;1;0;0;0;0;1;4;0;3;0;1;0;6;1;0;0;0;0;0;0;0;0;2;1;1;1;2;0;0;0;0;1;1;0;2;5;0;0;1;1;0;0;0;1;0;2;9;0;6;0;2;0;1;0;0;0;6;13;0;0;0;4;0;0;2;0;0;2;13;0;5;0;0;0;0;12;0;0;0;3;0;6;7;0;1;0;3;0;0;0;2;6;0;0;0;0;0;1;0;0;1;0;0;0;0;1;2;0;2;0;0;0;0;0;1;1;0;2;0;0;0;0;1;1;0
01060000;30;242;287;0;154;177;167;233;248;222;349;278;0;238;105;0;7;2;0;0;3;0;6;5;9;0;19;12;3;4;0;7;0;0;11;1;1;4;1;16;20;21;22;14;0;0;1;3;8;0;0;3;0;0;1;0;0;0;2;1;4;0;0;0;0;0;2;0;0;5;0;8;0;0;0;0;0;1;1;0;0;4;0;0;0;0;0;0;0;2;1;4;0;0;4;10;4;5;0;1;0;2;3;0;0;1;0;0;0;0;2;0;1;0;0;1;0;0;0;0;0;8;0;0;5;0;3;0;5;0;0;1;0;0;1;0;3;0;0;0;0;3;0;0;0;0;1;0;0;0;0;1;7;4;0;5;0;0;0;1;0;0;0;3;0;0;1;0;1;0;1;0;0;1;1;0;4;3;0;0;6;0;0;0;0;0;2;4;0;0;0;0;1;0;0;0;1;6;0;6;5;1;0;1;0;1;0;0;0;3;4;4;0;1;3;2;2;0;8;4;0;0;0;4;0;3;3;0;0;0;0;0;0;0;0;2;5;0;0;0;1;0;0;0;1;0;2;2;0;0;0;0;3;0;3;0;2;0;3;0;0;2;0;0;1;0;0;1;5;0;0;0;0;1;0;1;0;1;0;0;0;1;3;0;0;2;0;0;0;0;0;1;0;0;2;0;0;0;1;0;1;0;0;0;0;1;0;0;0;3;7;0;0;0;0;1;0;1;6;0;1;0;0;0;9;8;0;0;3;3;8;0;0;0;0;1;0;0;3;3;0;0;2;0;15;28;18;12;1;5;31;2;3;0;0;4;3;1;3;1;0;10;3;0;1;0;0;10;0;0;0;0;3;0;0;0;2;0;0;0;0;1;3;0;6;0;4;2;0;2;2;0;0;0;0;0;0;0;0;0
01061000;13;63;13;0;89;9;0;14;0;0;0;24;0;0;0;0;0;1;0;0;3;0;0;0;4;0;19;10;1;0;0;1;0;5;0;6;1;0;4;8;3;0;5;3;5;3;8;0;3;0;0;4;7;0;3;5;0;3;0;0;1;10;4;0;0;0;0;0;0;0;2;0;0;0;2;0;0;0;0;2;0;3;0;0;0;0;0;1;0;0;5;11;0;0;0;1;2;0;1;0;0;2;2;2;0;3;2;0;2;0;0;0;1;0;0;0;2;0;0;0;0;0;1;4;1;0;0;0;0;0;2;0;0;0;0;6;0;0;3;0;0;0;1;0;1;1;0;0;0;0;0;3;0;0;1;0;0;2;0;4;0;0;1;0;3;0;0;0;1;1;0;0;0;0;0;0;6;1;0;0;1;0;0;0;3;2;1;0;0;0;0;0;0;0;0;4;2;0;3;1;0;0;0;0;0;2;0;0;6;0;0;3;0;0;0;1;0;0;3;0;5;0;1;1;0;0;0;0;1;0;1;0;2;0;0;0;0;0;0;0;0;3;0;4;0;0;2;0;4;1;5;9;0;0;0;4;1;0;0;0;0;0;0;1;0;0;0;0;0;0;0;0;0;0;0;0;0;0;0;0;0;0;0;0;1;0;0;0;0;0;0;0;0;0;0;0;0;0;0;0;1;1;0;2;0;0;0;0;2;1;0;0;0;3;0;0;0;0;0;0;0;0;1;0;0;0;1;0;3;0;3;0;0;0;0;0;0;6;2;0;3;0;0;16;1;7;22;0;0;0;10;0;0;0;0;3;2;0;2;0;0;4;0;0;0;4;0;3;0;0;1;0;1;0;0;0;0;0;3;0;0;0;2;0;0;0;0;0;0;0;0;0;0;0;0;0;0;0;0;1
01062000;41;72;0;0;6;249;4;57;10;35;0;31;0;0;0;0;0;7;0;1;0;1;0;0;1;0;0;0;0;14;0;0;0;0;0;39;8;63;0;14;17;6;29;0;1;0;0;0;6;5;0;5;0;0;6;1;2;0;5;0;0;0;2;0;0;7;2;0;0;0;0;0;0;0;0;1;1;0;1;7;0;6;2;0;2;0;0;0;0;0;15;11;3;2;0;9;4;0;0;12;2;0;0;0;4;1;5;0;0;0;1;7;3;3;0;0;0;2;0;13;0;0;0;0;0;1;0;2;0;0;0;0;3;0;0;0;0;2;0;6;0;3;0;2;0;0;0;0;2;0;0;0;0;0;8;2;0;0;0;2;0;0;0;0;0;0;0;0;4;3;0;1;0;0;1;4;0;3;0;1;0;0;1;0;5;0;0;0;0;1;1;0;3;0;0;2;0;0;0;2;0;1;0;8;0;0;1;0;0;0;2;4;0;2;6;1;5;0;4;0;1;2;0;0;3;0;4;0;4;0;1;1;1;0;0;1;2;4;0;2;0;3;0;0;0;0;1;0;0;4;5;0;1;3;2;0;0;0;4;2;1;3;0;0;4;1;0;0;4;0;0;0;0;0;0;0;0;2;0;1;0;0;3;3;0;4;0;3;2;0;0;1;0;0;4;0;0;0;1;3;0;3;0;0;2;0;0;0;0;5;0;4;0;0;1;2;0;0;0;0;0;1;1;2;4;0;0;0;0;1;0;0;0;0;0;0;0;1;0;4;0;0;5;4;12;8;29;2;40;30;62;0;0;0;3;0;2;3;0;0;2;0;2;7;0;0;3;4;0;0;0;3;2;0;0;2;3;0;0;2;2;0;2;0;0;0;0;1;2;1;1;0;3;2;0;1;0;0;1;0
02000000;0;0;0;37;87;1063;3;306;1540;142;109;78;1418;221;1584;0;0;0;0;13;0;7;0;4;0;0;0;0;0;3;14;1;0;25;55;2055;89;401;0;146;82;793;140;0;6;0;0;0;0;0;0;0;0;0;0;0;17;0;0;0;7;0;0;0;0;0;0;7;0;0;0;0;0;0;0;0;0;0;0;0;6;0;0;0;1;0;0;0;0;0;11;0;4;0;0;0;0;0;0;7;0;0;0;0;0;0;0;0;26;0;0;0;0;0;8;20;0;0;0;0;2;0;7;0;0;0;0;0;0;0;0;0;6;0;0;0;1;4;0;0;0;0;0;0;5;0;0;0;1;0;0;0;0;0;0;0;1;0;0;0;0;22;0;7;0;0;0;0;0;5;0;0;0;0;0;3;2;2;0;4;0;0;0;0;0;0;0;0;0;0;0;10;0;0;0;0;0;0;0;0;12;0;0;0;10;0;0;0;0;0;0;29;5;12;0;6;0;22;0;0;0;3;5;0;0;2;3;0;18;0;0;10;0;0;7;2;9;0;0;0;0;0;0;2;0;7;0;0;1;1;0;0;18;5;0;4;0;0;0;0;7;3;0;1;0;1;0;0;0;0;0;0;0;4;1;0;0;3;0;0;0;0;0;0;0;6;0;0;0;0;0;0;0;0;0;0;0;0;0;0;0;0;2;0;0;0;2;4;0;0;0;0;0;0;22;6;2;1;0;2;3;11;0;1;533;0;0;0;9;0;0;0;4;21;0;2;24;7;0;37;0;0;32;0;104;33;57;0;54;15;248;0;0;0;0;0;0;0;0;15;0;0;0;12;0;0;0;0;5;0;0;0;0;0;0;0;11;12;0;0;0;5;0;4;0;0;0;0;0;0;8;0;0;0;0;0;16;0;0;0
03101000;0;28;22;0;0;0;5;0;4;1;1;12;0;10;4;92;0;0;0;174;0;95;30;313;502;0;518;65;52;69;15;35;16;567;36;140;7;17;22;77;0;53;33;23;8;0;0;0;3;16;6;29;58;9;20;39;15;0;19;34;8;23;0;13;0;0;5;7;1;0;1;2;7;0;5;1;1;8;0;22;0;3;2;0;0;0;0;0;2;0;0;14;0;0;0;0;0;1;0;0;0;0;9;0;0;0;9;0;5;5;10;0;0;0;6;0;0;18;0;10;0;0;0;0;0;0;0;2;0;1;0;5;0;0;0;6;0;0;0;1;7;0;0;0;0;4;4;0;0;1;1;1;0;0;2;0;0;0;0;0;2;3;2;0;0;2;0;0;1;1;1;0;0;0;0;0;2;0;27;0;1;9;9;9;3;0;1;0;0;0;0;0;8;6;0;4;2;3;6;4;2;5;0;5;0;1;0;0;0;0;2;14;0;9;0;2;5;0;0;4;1;1;0;61;0;4;7;1;2;0;0;4;0;0;0;2;0;0;22;3;0;4;3;0;3;0;0;1;0;0;0;2;4;0;0;0;1;2;7;0;0;1;0;1;3;0;0;0;0;0;0;0;1;0;3;0;0;1;0;1;2;16;6;17;0;2;0;0;0;0;0;0;0;0;0;0;12;3;1;0;0;0;4;2;0;0;0;0;0;10;0;0;1;0;0;0;1;0;5;0;2;1;0;0;93;0;1;3;3;0;10;0;3;9;0;4;12;0;4;1;0;0;6;3;0;0;5;3;15;5;0;0;1;0;0;0;0;1;0;0;0;7;0;0;2;0;0;0;0;16;0;0;0;1;2;0;0;0;3;0;2;0;0;0;6;0;1;0;0;5;0;0;0;3;0;0;3;0;0;1
03102000;0;0;0;0;2;4;1;5;0;2;5;3;0;0;0;0;5;0;31;29;81;9;13;113;90;0;0;0;0;39;6;0;3;0;3;0;0;0;0;20;0;0;0;0;0;0;0;0;7;0;0;0;0;4;0;1;1;0;0;1;3;3;2;10;15;1;0;21;0;1;0;0;0;0;0;4;2;11;2;6;2;0;0;0;0;0;1;5;6;0;0;2;11;0;7;0;5;4;4;0;0;0;3;0;11;2;0;0;0;2;0;4;0;0;4;0;2;2;1;8;8;0;0;0;0;0;0;0;0;0;1;0;0;1;0;12;0;10;7;0;3;0;0;0;0;0;0;0;0;2;0;0;0;0;0;0;0;0;0;0;0;0;1;0;0;0;2;0;0;0;0;0;0;0;0;0;5;0;1;0;0;0;1;0;0;0;0;0;0;0;0;0;2;0;0;2;2;0;1;0;0;0;2;0;0;0;0;0;0;0;2;2;1;0;1;0;0;1;4;7;0;1;3;20;1;0;0;0;2;0;0;0;4;0;4;0;2;0;0;3;0;5;0;0;0;2;1;0;0;0;0;0;3;0;1;2;0;0;1;2;0;0;0;0;0;0;2;3;8;0;0;3;0;0;0;0;0;0;0;0;0;1;0;6;0;0;0;1;0;0;0;0;0;0;0;0;0;0;4;0;0;0;0;0;0;0;0;0;4;0;0;0;0;0;4;0;0;0;0;0;0;4;1;0;0;0;0;0;9;0;0;0;2;0;0;2;2;0;4;0;0;0;0;12;0;0;0;0;0;3;0;0;0;1;0;0;1;6;0;7;2;0;4;0;2;0;2;0;3;9;0;0;0;0;0;0;0;0;0;2;0;0;0;0;0;0;0;0;0;1;0;0;0;1;0;0;2;0;0;0
03103000;0;1;0;0;0;3;0;0;0;0;0;4;0;0;0;52;51;0;0;92;4;10;0;0;0;0;0;7;0;0;1;1;0;0;0;0;4;0;0;0;0;0;13;6;0;5;0;0;0;3;3;0;4;0;0;0;3;0;1;0;5;0;6;31;0;0;0;6;0;0;1;0;0;3;3;7;2;0;4;23;1;0;5;0;0;0;0;6;4;2;0;5;0;0;3;4;7;5;0;0;0;12;0;0;0;0;0;0;0;1;0;3;0;2;0;0;3;9;0;3;0;0;5;0;0;0;0;0;0;0;0;0;0;6;2;0;0;0;0;0;0;0;0;2;2;0;0;0;0;0;1;0;3;0;0;0;0;1;1;0;0;2;2;0;1;2;0;0;0;5;0;0;0;0;0;0;0;0;0;6;0;1;10;1;2;0;0;0;0;2;0;2;2;1;1;5;0;4;9;0;0;0;0;0;3;0;0;2;0;0;0;0;0;0;3;0;7;1;0;0;0;1;12;11;1;0;4;0;0;1;0;3;4;2;1;1;0;0;2;0;9;1;4;3;0;2;0;6;0;0;0;1;2;0;0;4;2;0;0;0;0;0;2;0;0;0;0;0;0;0;4;0;0;0;1;0;0;0;0;0;0;0;1;4;0;0;2;0;1;1;4;1;1;2;0;1;0;0;0;0;1;0;0;0;1;0;0;4;0;0;1;0;2;0;0;0;0;1;0;0;1;0;5;0;45;4;0;1;4;5;10;0;0;2;0;11;28;0;0;0;0;0;0;0;0;0;1;0;7;0;2;0;4;0;4;0;1;0;6;0;0;6;0;0;0;0;0;0;1;0;1;0;0;2;0;0;0;0;0;0;0;0;0;3;0;0;0;0;0;0;0;0;0;0;0;0;0;0;1;0
03151000;2;1;3;0;0;0;0;4;0;9;6;5;3;3;0;0;0;0;0;0;0;0;0;0;25;0;6;12;4;0;4;8;18;0;0;10;0;18;5;0;0;0;0;3;0;3;0;0;3;0;7;0;0;2;0;10;15;0;7;2;5;10;0;4;7;0;1;4;0;0;1;1;0;1;0;2;0;0;0;1;1;0;1;2;0;1;0;0;4;0;11;7;0;3;8;0;1;0;0;0;0;5;0;0;6;0;4;3;0;0;1;1;3;1;0;10;1;4;3;2;0;0;0;2;11;0;0;6;2;4;0;0;0;0;0;10;0;0;0;0;2;5;0;0;1;2;0;1;0;11;0;0;0;4;3;0;0;0;1;0;0;1;0;0;1;2;3;0;1;0;0;0;1;0;4;0;0;0;0;4;0;0;0;0;1;9;0;2;0;1;2;2;0;1;2;2;8;0;0;2;0;0;2;7;3;3;4;0;0;0;2;4;1;0;0;0;5;4;0;1;0;0;0;7;0;0;4;0;0;0;0;3;0;0;0;0;1;0;0;1;0;0;0;0;0;2;2;0;0;0;3;0;0;0;0;0;1;0;1;0;0;3;0;2;1;0;0;0;1;0;2;0;0;1;0;0;0;0;1;0;1;1;0;10;0;0;0;0;0;0;0;0;0;0;0;0;0;0;1;2;0;0;0;0;0;0;0;0;0;0;1;0;0;0;0;1;2;6;4;0;0;3;1;0;6;1;2;0;1;0;10;0;2;0;3;0;3;0;2;1;2;1;0;2;0;3;2;7;0;5;1;0;0;0;0;0;1;1;0;0;0;15;3;3;1;0;8;17;1;21;1;18;0;2;0;0;0;0;0;0;0;2;0;1;0;3;3;0;4;1;0;0;0;0;2;0;2;0;0;0
03153000;0;7;10;0;11;0;3;0;9;0;6;10;0;0;1;74;126;0;0;7;0;0;0;0;0;0;105;1;10;0;0;0;3;0;0;0;10;0;3;4;0;0;0;0;0;1;0;13;5;0;0;0;0;1;6;0;0;4;3;0;1;0;0;15;35;23;9;9;5;0;1;3;22;2;0;3;2;6;10;11;0;26;0;2;0;0;0;0;4;0;1;6;4;0;0;24;7;5;0;2;0;0;0;10;19;4;2;1;1;0;1;6;0;5;0;6;11;18;6;10;0;2;0;0;0;6;0;11;0;3;8;2;0;0;0;12;0;0;12;0;7;0;2;1;0;0;0;2;4;0;0;3;2;4;1;0;4;4;0;6;0;6;7;0;1;0;0;0;0;0;0;0;0;0;2;0;8;0;0;1;6;2;0;1;4;0;0;3;0;1;4;0;10;4;0;4;4;0;0;7;0;3;0;8;0;0;9;1;5;0;0;3;0;0;3;0;6;0;0;10;1;2;16;25;0;0;1;0;0;2;0;2;0;0;0;2;0;0;2;2;3;0;0;10;0;4;1;1;6;0;0;2;2;0;3;0;0;1;6;0;0;0;3;1;1;1;1;4;0;4;3;1;1;0;1;0;0;0;0;0;0;11;2;9;0;0;1;0;0;0;2;0;1;3;0;0;1;0;0;3;0;0;0;4;0;0;3;2;1;0;0;0;0;0;0;1;0;0;13;0;0;0;2;0;35;0;6;0;7;0;0;0;5;0;0;2;3;0;1;0;0;1;0;14;0;16;6;6;4;0;0;0;0;3;2;0;22;0;3;0;1;38;0;0;0;60;3;0;0;0;4;0;0;2;0;3;0;0;1;3;0;0;0;0;2;2;0;1;2;0;0;0;3;0;0;0;0;3;1;0
03154000;7;2;0;0;0;0;7;7;0;2;0;0;7;2;0;0;0;0;0;14;5;0;0;0;0;2;0;0;0;0;0;0;0;0;5;0;0;3;2;0;0;0;0;0;0;10;0;0;4;1;5;2;0;0;1;0;0;0;0;1;0;0;1;0;2;0;0;0;1;2;3;1;1;0;0;0;0;0;0;2;0;1;0;0;0;0;2;0;1;3;0;0;4;1;0;0;0;6;1;0;5;4;2;6;0;0;3;1;3;2;0;0;0;0;0;0;1;0;1;0;0;0;2;0;3;0;0;0;1;1;0;2;0;2;0;0;0;4;0;0;0;5;1;3;0;1;0;0;0;3;0;0;0;0;0;0;0;0;0;0;0;2;1;0;0;0;0;0;0;0;0;0;0;0;0;0;1;0;4;0;0;0;0;3;0;1;0;0;0;0;1;0;0;1;0;2;0;0;0;0;2;0;1;1;1;0;2;0;0;0;0;2;0;5;4;1;0;0;0;2;0;0;1;0;0;0;0;0;0;1;2;1;0;0;1;0;0;1;0;0;0;0;0;0;1;0;1;0;0;0;0;1;0;0;0;0;0;0;1;0;0;0;3;0;0;1;0;0;0;0;0;1;0;0;1;0;0;0;0;0;0;4;0;0;0;0;0;0;0;0;0;0;0;1;0;3;0;0;2;0;0;0;1;0;1;0;0;3;0;0;2;1;0;0;0;0;6;0;0;0;0;0;0;1;11;5;0;6;2;0;2;0;0;0;0;0;3;0;0;0;0;0;1;0;0;0;0;0;1;0;0;6;2;0;0;0;4;0;0;0;0;11;0;0;2;0;0;7;0;14;0;0;0;1;3;0;0;1;0;3;0;0;0;1;0;0;1;0;0;2;4;0;4;0;0;0;1;0;0;0
03155000;0;0;1;0;0;2;4;0;4;0;0;3;0;1;5;16;0;0;2;17;14;12;0;0;0;0;33;6;10;29;0;5;0;0;0;3;0;9;1;0;0;0;0;6;0;1;0;0;2;0;5;0;0;0;0;2;0;0;0;0;0;10;0;0;5;4;0;5;0;3;2;0;0;0;4;0;0;0;0;4;2;0;3;2;1;0;1;3;0;2;0;7;0;2;0;0;0;6;0;3;1;0;0;1;9;4;2;0;0;8;0;0;0;2;0;9;3;6;0;0;0;0;2;9;0;0;1;0;0;0;0;5;0;3;0;0;0;0;0;0;18;3;0;1;1;3;2;0;3;0;0;0;0;1;0;0;0;0;0;0;0;0;8;1;0;0;1;0;2;0;0;2;0;0;0;0;0;0;0;7;0;0;0;0;0;0;0;2;2;0;1;1;0;0;1;1;8;0;0;1;0;0;1;0;0;0;0;2;4;0;5;2;0;0;1;0;1;1;0;0;0;4;1;0;0;0;0;0;0;0;0;0;0;1;0;0;1;1;0;0;0;0;1;0;0;1;0;0;0;5;0;1;0;0;0;0;0;0;0;4;5;0;0;0;0;1;0;2;0;0;2;0;0;1;0;1;0;1;0;0;0;0;2;3;0;0;0;1;0;0;1;1;0;0;2;0;1;0;0;0;0;0;2;3;1;0;6;0;0;1;0;0;2;0;0;0;3;3;0;0;0;0;0;1;3;2;4;0;0;0;0;1;0;0;0;6;0;0;1;0;0;0;0;0;5;2;3;3;2;2;0;0;3;2;0;0;0;0;0;0;0;8;0;0;0;0;4;4;1;0;5;0;1;0;0;4;2;1;2;0;1;0;1;1;0;0;0;3;1;0;0;0;0;0;2;0;0;0;0;0
03157000;5;1;1;0;0;0;0;15;0;1;5;0;0;2;0;0;0;0;21;20;32;8;16;0;27;0;0;0;0;40;4;3;0;0;9;3;2;0;0;0;0;0;6;0;0;0;0;0;5;3;11;1;2;5;1;0;3;0;10;3;0;0;4;1;3;0;0;2;0;1;1;1;1;5;0;0;0;0;3;7;0;0;0;1;2;0;2;2;0;1;0;2;3;0;0;0;7;7;0;0;2;0;2;0;0;0;0;0;0;0;0;2;0;0;5;0;2;0;0;1;0;0;2;4;0;0;1;2;0;0;7;0;1;0;0;0;1;0;1;0;1;1;0;0;0;4;0;2;0;0;0;0;0;4;0;0;0;0;0;1;1;0;6;0;0;0;0;0;0;0;0;0;0;0;1;0;0;0;0;4;0;0;3;2;0;0;0;1;0;0;0;0;0;2;2;0;3;0;3;0;0;0;0;0;1;0;0;0;0;0;2;3;2;0;0;1;0;1;0;2;1;0;0;5;0;0;0;0;4;2;1;1;1;0;1;0;0;0;1;0;0;0;0;1;2;1;0;0;0;0;0;0;2;1;4;0;0;0;0;1;0;0;0;0;2;0;0;0;0;0;0;1;0;0;1;4;1;0;0;0;0;2;1;0;0;2;0;0;1;2;0;0;0;0;5;0;1;1;0;0;3;0;0;0;6;0;0;0;0;0;0;1;0;2;0;3;0;1;0;0;0;0;0;0;0;1;0;1;0;2;0;2;8;0;0;0;2;0;5;1;3;2;0;3;3;4;0;0;0;0;0;0;0;1;0;3;2;0;2;5;2;5;0;0;0;0;0;0;0;7;11;6;0;0;0;0;0;1;1;0;0;0;4;0;7;0;2;0;0;0;0;0;0;1;0;0;0;0;0;0
03158000;0;7;1;0;0;1;7;6;0;1;6;3;0;0;0;25;0;0;28;0;58;43;5;0;0;0;7;11;0;21;0;9;12;0;1;0;0;3;0;3;0;2;0;0;0;0;0;0;5;13;6;2;0;7;2;0;1;0;0;0;6;1;1;8;3;4;0;0;0;1;0;3;4;0;3;6;0;2;5;0;1;1;0;6;0;1;3;0;0;0;0;6;0;0;0;4;0;6;1;2;2;0;7;1;0;0;1;0;0;0;0;2;0;0;1;0;3;0;2;1;0;0;0;0;0;0;1;0;1;1;0;0;0;9;0;0;0;0;5;0;3;0;2;2;0;2;1;2;3;0;0;0;2;0;0;0;0;3;0;0;0;0;1;0;0;0;2;0;0;0;0;0;2;0;3;0;0;0;0;0;2;0;0;0;1;0;0;7;0;0;4;0;2;4;1;0;0;1;5;0;0;3;0;0;0;1;0;0;0;0;4;0;1;2;2;0;2;0;1;5;0;0;0;6;0;0;6;0;5;0;1;2;0;1;1;5;0;0;5;0;0;0;0;0;0;0;0;0;0;0;0;0;3;0;0;0;0;1;2;0;0;0;0;0;1;0;0;0;0;0;0;0;0;0;0;1;0;0;0;0;0;0;5;0;0;4;0;0;1;0;2;0;0;0;0;0;0;0;0;0;0;0;0;0;0;2;1;0;0;0;1;0;0;3;0;0;0;0;0;0;0;3;2;0;0;1;1;0;0;2;0;1;2;4;1;4;0;2;0;1;0;0;1;2;0;3;0;3;3;0;0;0;0;0;5;0;6;2;0;0;0;0;0;1;3;2;3;1;4;25;1;30;4;0;0;0;4;0;0;0;4;0;0;0;0;3;0;0;0;3;2;0;0;3;0;0;0;0;0;0
03159000;42;95;68;3;18;0;8;1;34;0;29;20;38;14;13;359;40;4;32;87;6;0;129;39;48;0;456;116;18;54;0;44;47;0;159;80;0;43;17;51;0;68;23;35;48;5;0;0;9;85;124;57;68;18;61;115;23;0;6;17;34;121;20;155;51;31;30;15;16;8;11;35;0;13;41;53;24;22;71;178;19;33;27;66;7;14;25;13;48;20;0;56;4;4;47;29;32;50;75;35;21;32;54;35;40;49;0;1;0;51;40;37;22;69;57;75;33;85;3;45;24;41;37;19;21;33;6;47;17;36;14;38;10;39;25;0;52;9;0;0;33;49;9;5;3;3;9;1;4;7;0;3;22;6;1;55;9;168;0;5;1;6;15;6;0;0;6;14;7;0;5;3;19;21;11;0;0;0;41;41;49;44;47;22;0;28;37;18;22;26;58;0;31;62;12;16;26;22;66;19;7;38;28;18;18;16;53;14;20;21;26;26;0;14;42;0;35;21;24;15;5;18;17;139;3;16;0;1;3;14;5;2;10;0;2;0;0;1;17;31;0;9;15;3;0;59;7;2;2;15;1;13;35;21;3;38;4;16;1;15;6;1;14;46;15;33;16;17;6;2;5;3;16;0;3;0;6;8;4;5;14;1;15;149;8;31;17;37;10;4;0;14;1;64;6;34;1;2;0;0;2;9;4;10;46;14;50;3;9;42;46;33;30;0;15;0;12;0;31;3;34;12;23;13;546;0;5;4;30;0;16;5;0;9;15;0;0;9;15;4;5;32;4;0;15;31;48;23;28;21;25;8;24;24;23;24;43;22;29;25;15;71;42;33;7;11;11;5;26;9;35;0;0;2;20;7;13;3;3;2;0;2;0;0;6;6;6;0;0;18;7;12;9;3;3;19;2;8;10;6
03241000;0;15;8;1;0;0;48;1;0;13;0;16;0;0;7;260;0;15;3;0;0;14;0;120;0;0;0;0;242;395;0;232;595;373;0;0;13;0;0;0;0;0;0;0;0;0;0;0;9;0;0;0;0;0;0;0;0;0;0;0;0;0;0;7;0;16;0;0;0;5;0;0;0;0;6;0;0;10;12;30;0;16;0;0;0;0;8;9;0;0;0;3;11;1;0;0;0;0;0;0;0;0;0;0;2;0;0;2;9;0;0;0;0;0;0;0;0;31;14;7;0;0;0;0;0;0;0;0;0;0;0;6;0;5;3;0;0;10;7;9;0;0;14;0;0;0;1;0;7;0;4;8;0;0;0;1;0;0;0;0;6;0;10;5;0;5;0;0;0;3;0;0;1;0;0;0;10;2;47;12;0;3;0;0;17;12;9;7;10;0;4;0;18;0;13;3;0;0;0;0;0;0;0;0;0;4;8;0;1;3;16;4;7;0;5;0;10;0;0;11;1;1;4;33;3;1;1;0;8;4;0;0;0;0;0;6;0;0;19;1;0;0;0;5;0;4;0;0;0;0;1;0;0;0;7;0;0;0;0;0;0;0;0;0;0;4;1;0;0;8;0;5;4;7;1;3;0;2;0;3;1;13;5;6;0;0;0;2;0;3;0;5;6;0;11;0;2;0;0;2;10;1;0;4;8;0;0;0;5;0;13;0;11;0;13;3;0;0;0;0;0;9;0;1;185;12;0;0;20;13;15;0;5;0;0;2;0;0;21;0;4;0;8;8;0;0;15;8;14;0;0;0;2;0;0;0;0;0;3;2;0;0;4;3;9;0;0;23;0;8;0;39;0;0;14;0;14;6;0;3;0;0;0;0;0;0;1;11;2;0;1;0;0;0;3;0;8;0;0;0
03251000;2;5;0;0;0;0;5;11;0;4;1;6;0;0;1;14;0;2;0;0;0;13;0;2;0;0;62;0;1;0;0;21;15;0;24;0;0;0;0;22;0;0;0;0;48;0;0;0;8;0;0;2;10;2;0;0;47;0;0;8;3;0;0;4;3;0;0;0;0;3;0;0;0;6;0;0;1;0;5;11;0;0;0;3;0;0;0;0;0;0;3;0;0;0;0;0;0;0;5;0;0;11;0;0;0;4;0;4;4;2;0;0;0;0;5;0;2;0;2;5;0;0;0;2;0;3;2;0;1;5;0;0;1;0;2;4;2;0;5;0;0;4;3;0;0;0;0;0;4;0;1;0;0;0;1;0;1;0;0;2;0;0;0;0;0;1;0;0;0;1;0;2;0;0;0;0;1;0;0;0;0;0;0;0;2;10;0;12;0;2;7;0;0;0;0;4;0;4;0;0;1;0;0;0;6;0;0;1;1;2;1;7;3;0;0;0;0;0;3;0;0;2;0;0;0;0;5;0;0;0;0;2;4;0;0;2;0;2;0;1;0;2;2;1;1;0;0;0;1;0;0;1;3;0;0;1;4;0;0;0;0;4;0;0;0;0;0;0;1;0;0;0;0;0;0;3;1;0;3;0;2;3;2;0;1;0;0;0;4;0;0;0;0;0;3;0;0;2;0;1;0;0;0;1;0;0;0;1;3;0;0;0;0;3;2;0;0;0;0;0;0;0;1;0;0;0;1;1;3;0;0;1;0;4;6;3;0;0;0;0;2;3;0;6;5;4;3;6;0;1;0;2;0;4;1;0;7;0;0;0;0;0;0;5;0;5;0;0;3;0;0;5;0;1;0;0;0;0;5;1;1;1;1;1;0;0;0;0;0;0;1;0;0;1;2;4;0;0;0;0
03252000;0;3;10;2;0;0;0;1;9;6;6;0;0;0;7;0;0;1;2;0;0;21;0;16;34;0;0;0;0;10;17;15;0;0;0;0;0;4;2;8;0;0;2;4;12;1;0;0;0;0;0;0;0;0;0;3;1;0;20;8;0;11;0;12;6;0;7;9;0;0;0;0;3;5;0;2;0;0;4;8;6;0;0;0;0;0;0;1;0;0;0;5;5;2;0;0;1;14;0;8;0;0;0;13;6;0;0;0;2;0;0;7;0;5;4;6;1;5;0;1;0;0;0;0;2;1;2;0;1;0;0;11;0;8;1;7;0;0;0;4;0;1;0;0;0;3;0;0;0;0;2;0;10;0;0;2;1;0;0;0;0;0;2;0;1;0;0;0;0;0;0;2;3;0;0;0;0;0;7;2;10;0;5;0;3;0;0;0;0;0;0;4;0;0;0;0;1;1;0;1;0;0;0;4;0;2;3;3;0;2;5;3;0;0;1;1;0;1;0;1;0;0;0;1;0;0;2;0;0;0;0;0;1;0;0;0;0;0;0;0;0;10;7;4;0;2;0;0;4;0;1;0;0;0;0;0;1;0;4;0;1;1;1;0;0;0;3;0;0;0;1;1;0;0;0;0;0;1;0;1;0;1;0;6;0;5;0;0;0;1;0;0;2;0;0;0;3;1;0;0;0;0;1;0;2;2;0;0;1;0;0;3;0;0;4;0;6;0;0;0;0;0;0;0;15;0;0;0;5;3;2;0;0;0;0;2;0;0;6;0;0;0;0;3;5;2;6;0;5;11;1;0;0;0;0;4;4;1;0;2;0;8;0;0;0;11;14;3;0;0;0;0;0;0;0;1;0;0;9;0;0;2;0;0;3;1;0;1;3;0;0;2;0;1;0;1;0;0;0;0
03254000;0;0;0;5;5;12;5;15;0;3;9;13;0;4;0;0;0;0;23;12;10;4;0;0;0;0;0;26;0;0;0;7;0;0;4;0;0;0;8;0;0;0;0;3;5;4;0;0;0;5;0;0;0;0;0;10;1;0;21;5;5;16;0;0;6;14;0;0;0;4;0;0;0;4;13;3;2;6;4;28;3;8;4;12;2;3;1;0;0;2;0;21;5;0;1;0;10;0;1;0;2;9;7;1;2;0;0;0;5;0;2;0;0;0;13;0;0;10;0;0;0;1;0;0;0;0;4;0;0;1;0;1;0;0;0;1;3;0;1;0;0;1;1;0;2;2;0;2;2;0;2;6;0;0;0;0;0;0;1;0;0;5;6;3;0;0;0;0;2;0;1;0;0;0;0;0;0;3;3;8;0;0;0;0;0;0;0;0;2;0;0;0;3;1;2;3;3;0;12;0;3;4;0;0;3;0;0;0;2;0;9;1;11;0;0;2;1;0;0;3;1;0;0;0;1;1;2;2;4;0;0;2;2;3;3;0;1;2;0;0;3;1;3;2;1;0;0;1;3;0;1;0;0;0;0;0;0;0;0;0;0;0;0;0;1;1;0;0;0;0;0;3;0;0;0;0;0;1;0;0;0;0;0;4;0;2;0;2;0;0;2;3;1;1;9;1;0;1;0;0;0;0;0;0;5;0;0;0;1;0;0;0;1;0;3;0;0;1;0;1;0;0;0;2;33;3;0;0;0;0;4;0;5;0;3;0;6;0;0;7;3;2;0;0;0;0;0;0;0;0;4;0;0;9;1;0;0;2;2;0;2;0;0;0;0;0;0;1;4;17;1;0;0;5;3;11;4;0;0;1;0;0;0;0;0;0;1;0;0;6;1;0;0;1;0;0;0;0;0;3
03255000;3;3;0;2;2;4;1;3;0;3;0;0;1;0;1;0;0;0;0;0;0;1;10;0;2;15;2;2;0;41;0;1;0;0;5;0;2;1;0;0;0;2;2;4;0;4;0;0;2;5;0;6;0;0;0;0;0;0;1;0;0;0;6;0;3;0;0;2;0;1;0;0;0;0;0;6;0;6;3;0;4;4;0;0;0;1;0;0;0;2;8;0;0;4;0;0;0;4;0;0;0;0;0;18;0;7;1;0;0;4;0;0;0;0;0;0;2;0;0;2;2;0;0;0;0;1;2;1;0;3;0;4;0;3;0;0;8;2;0;0;3;1;0;3;0;0;0;0;1;0;2;0;2;1;0;0;2;0;4;1;0;0;2;0;0;4;0;0;0;0;0;0;0;0;0;0;1;0;2;1;0;0;0;2;1;0;0;0;0;1;1;0;0;0;1;0;1;1;0;0;5;0;4;1;0;0;3;0;0;0;0;6;0;0;1;3;0;0;0;2;1;0;0;4;2;0;2;0;0;0;1;0;0;0;0;0;0;0;0;0;0;2;1;0;0;0;0;2;4;0;0;0;0;0;1;0;0;2;0;0;4;1;0;0;0;0;2;1;0;0;0;0;0;0;0;0;0;0;0;0;0;6;1;1;0;1;0;0;0;0;0;1;0;0;0;1;0;2;0;0;0;1;4;1;0;1;0;0;0;0;0;0;0;0;0;0;1;0;0;0;0;0;3;0;0;0;0;1;0;1;0;0;1;4;0;0;0;0;0;0;0;0;0;0;4;0;0;0;1;0;1;0;9;0;0;2;0;1;2;2;0;5;0;0;0;6;0;0;0;0;3;14;4;2;3;0;0;0;3;0;0;1;0;0;1;0;0;0;1;1;0;0;0;0;2;2;0;0;0;0
03256000;7;0;0;0;0;0;0;0;0;0;3;0;0;0;2;0;0;11;0;0;4;3;0;0;0;0;0;0;0;0;0;0;0;0;0;0;0;11;0;0;0;2;0;0;0;3;0;0;8;13;0;0;0;0;2;0;0;0;0;2;1;0;9;0;0;2;1;0;0;0;0;0;0;0;0;0;0;0;13;6;0;5;0;0;2;0;0;1;0;0;0;1;0;0;0;0;0;5;0;0;2;0;11;2;0;1;1;0;0;3;2;12;1;0;0;0;0;0;0;0;0;0;0;0;0;3;3;0;0;0;0;1;0;1;0;7;0;6;0;0;0;1;0;7;0;0;0;0;0;0;3;0;1;3;0;0;1;0;0;2;2;0;0;1;0;2;0;1;2;0;0;3;0;0;0;1;0;0;0;0;0;0;2;1;0;0;0;1;0;0;0;2;2;0;0;0;3;3;4;2;0;0;0;0;0;0;0;0;0;0;1;3;0;2;2;0;0;0;0;6;0;0;0;0;0;0;6;0;1;0;0;0;0;1;0;0;0;0;2;0;0;0;2;1;1;0;2;0;0;0;0;0;0;1;0;0;0;0;0;0;0;1;0;1;0;0;2;0;1;0;0;4;0;0;3;0;0;2;0;1;0;0;2;0;0;2;0;3;0;0;0;1;0;0;0;0;1;2;0;0;0;2;4;1;0;0;0;0;3;0;4;0;0;4;0;0;0;0;0;2;0;0;0;0;0;0;0;0;2;1;0;2;0;0;2;0;0;0;0;2;0;0;0;0;0;0;3;11;3;1;5;0;0;0;0;0;0;2;0;3;1;0;0;4;3;0;6;1;3;0;0;2;6;0;0;3;0;0;1;1;0;0;0;1;0;1;8;0;3;0;0;0;0;0;0;1;0;0;0;0
03257000;0;7;4;4;6;2;1;0;0;4;0;3;0;2;9;3;0;0;5;0;0;7;7;2;0;0;0;0;77;29;6;37;0;0;12;1;0;9;3;12;0;0;0;0;0;1;0;0;0;0;0;0;9;0;0;0;0;0;4;0;0;0;0;11;2;3;0;5;2;2;0;0;0;13;9;0;0;0;5;6;0;0;0;0;3;0;1;0;0;0;0;13;0;2;18;0;1;0;0;0;0;33;0;2;0;3;0;0;0;0;3;0;0;0;0;0;0;0;0;0;0;0;0;0;0;0;3;0;0;0;0;0;1;0;0;0;0;0;0;1;1;1;0;0;0;0;0;0;0;0;0;1;0;1;0;1;0;0;0;0;0;0;0;0;0;0;0;0;0;0;0;0;1;0;2;0;3;1;0;0;0;0;3;0;0;1;0;0;4;0;0;2;4;0;0;0;2;0;0;4;0;0;0;4;2;0;0;1;0;0;0;1;0;0;1;0;0;3;1;0;0;0;0;0;0;2;4;1;0;0;1;0;2;1;3;0;0;1;0;0;0;0;1;1;0;0;0;0;0;0;0;1;0;0;5;1;1;0;1;0;0;1;4;0;0;1;0;0;1;0;1;1;0;0;0;0;0;0;0;0;0;1;7;5;0;1;0;0;0;0;0;0;0;0;2;0;0;0;0;0;3;0;1;1;0;0;0;0;0;2;0;0;0;1;2;2;2;0;4;0;0;3;0;0;6;2;2;1;0;1;1;0;0;2;0;0;0;0;0;0;1;0;3;6;0;1;3;0;4;0;0;5;0;0;2;0;2;0;1;1;2;0;0;1;2;0;6;5;0;0;0;7;0;3;0;0;2;0;7;0;1;0;0;0;0;0;0;0;0;0;1;0;3;0;0;0;1;0;1;0
03351000;0;0;5;0;1;0;8;0;0;4;0;0;4;0;4;0;0;17;26;15;8;14;5;23;5;35;0;41;29;83;18;22;9;0;21;57;6;11;20;38;0;36;0;0;0;2;0;0;0;6;48;13;49;4;8;12;10;0;5;0;3;0;0;5;6;9;2;0;0;6;0;0;0;3;0;3;0;1;15;0;0;0;1;0;0;0;0;2;6;0;10;2;1;4;4;0;10;5;3;0;0;11;5;0;0;0;0;4;0;0;3;0;9;3;4;1;0;0;2;0;0;0;5;0;0;0;0;5;3;0;0;0;1;4;2;3;0;0;0;1;1;0;0;1;10;0;0;0;0;0;3;0;0;0;0;2;0;0;0;0;0;2;3;0;0;0;0;0;0;0;0;2;0;1;0;0;0;0;0;0;0;1;0;0;2;1;0;1;0;0;0;0;0;4;0;0;10;0;2;0;0;0;3;3;3;0;0;1;0;2;4;2;0;0;0;0;0;0;0;0;0;2;0;0;0;0;1;0;0;0;0;0;0;0;0;0;2;0;0;0;0;0;0;0;1;0;1;0;1;1;1;0;0;0;0;1;1;0;1;0;0;0;0;2;1;0;0;2;1;0;2;4;0;1;0;0;0;0;1;1;0;1;0;0;0;0;0;2;3;0;0;1;0;0;1;0;0;0;0;0;0;1;0;1;0;1;0;1;0;0;0;0;0;1;0;0;0;0;0;0;0;0;0;0;0;0;0;0;0;0;1;1;0;0;1;0;0;0;0;1;0;0;0;4;3;0;3;7;12;3;4;7;4;3;1;4;4;0;2;8;0;0;0;0;1;0;0;16;0;6;0;6;0;0;2;0;0;7;1;0;2;0;1;5;0;0;1;0;3;0;0;1;0;0;2;4;0;0;1;0
03352000;8;3;2;0;3;0;0;0;0;3;10;18;0;12;0;0;0;0;3;6;7;0;8;0;0;0;19;0;10;0;0;16;0;0;0;0;4;12;0;36;0;0;0;3;4;3;0;0;0;20;0;12;14;16;5;0;9;0;3;14;11;0;0;16;0;0;0;0;1;0;0;0;1;0;0;4;0;0;0;0;0;1;0;0;0;0;5;0;0;4;0;13;0;0;0;0;0;0;0;0;0;0;0;5;0;0;0;0;6;0;0;0;0;0;0;0;0;8;0;0;0;0;6;0;0;0;0;4;0;0;0;0;0;2;0;0;7;0;1;0;0;0;0;0;0;0;1;0;0;2;0;0;0;0;10;1;1;0;0;2;1;9;3;0;0;2;1;0;0;2;0;0;0;0;0;1;0;1;0;0;0;0;0;0;0;0;0;1;3;1;0;0;0;0;0;0;1;0;0;0;0;0;3;0;2;1;0;0;0;0;2;0;1;0;0;0;0;0;0;1;0;0;2;0;0;1;0;0;1;5;0;0;0;0;0;0;0;0;0;1;1;1;0;0;0;0;0;3;0;0;3;0;0;3;0;2;2;0;0;0;0;1;0;0;3;1;0;0;0;0;0;0;0;1;0;1;0;0;0;0;0;0;0;0;0;2;0;0;0;2;0;0;0;0;0;0;1;0;0;0;1;0;7;3;0;0;0;0;0;0;1;0;0;0;0;3;4;0;2;0;0;1;0;0;0;0;0;2;0;0;2;5;0;0;0;0;0;0;1;0;1;3;1;5;0;5;0;14;0;4;0;0;0;0;1;1;0;0;0;3;0;0;2;2;2;4;3;0;0;5;0;0;0;0;0;0;0;1;0;0;0;0;0;1;0;0;1;3;0;0;1;0;0;0;1;0;0;0;0;0
03353000;6;20;1;0;3;0;26;43;0;0;0;0;0;0;0;0;0;3;2;0;12;18;0;0;6;0;30;10;12;2;8;11;0;0;13;0;32;86;0;156;0;141;40;2;0;4;0;0;4;0;0;11;9;2;0;3;9;0;7;0;0;0;3;12;0;2;1;1;0;0;6;7;4;0;0;0;0;2;0;0;1;4;0;0;0;0;0;0;0;0;1;10;0;0;2;1;0;0;0;0;0;8;0;0;0;3;0;0;0;0;0;0;1;0;3;6;0;3;0;0;3;0;3;5;5;0;0;6;0;0;0;0;7;0;0;0;0;2;4;1;2;2;0;9;1;0;0;4;3;0;1;5;6;3;4;0;0;0;0;0;4;1;3;0;2;0;1;0;0;0;0;7;3;1;0;4;1;0;1;4;5;0;0;0;2;0;4;0;0;3;2;0;0;0;0;6;0;0;0;0;0;0;0;6;1;2;5;1;0;2;17;0;2;0;0;0;5;0;0;0;0;0;0;0;1;2;0;1;0;0;2;2;0;4;0;0;0;0;0;0;0;0;7;3;0;0;0;0;2;0;0;0;0;0;0;0;0;0;0;0;0;0;3;0;0;0;2;0;0;0;2;0;0;0;2;1;0;0;1;0;0;2;3;0;0;0;0;0;1;1;1;0;0;2;4;0;1;0;0;0;3;1;0;0;0;0;1;0;4;0;0;0;0;2;0;2;0;4;0;0;0;3;0;0;0;0;1;0;4;0;3;0;0;0;0;1;0;2;5;2;0;0;3;0;12;8;6;9;21;0;27;0;2;4;2;3;0;6;10;1;1;0;2;1;1;4;0;0;0;0;1;6;6;2;6;2;7;0;4;4;0;0;0;4;0;0;0;2;0;0;3;0;2;0;0;0;1;0;0;0
03354000;0;4;0;0;2;2;1;3;0;1;0;0;0;0;0;0;0;5;0;4;0;1;9;0;3;0;0;6;1;4;0;11;10;0;0;0;0;11;1;9;0;0;0;0;0;0;0;0;1;0;0;1;0;0;0;4;0;0;0;1;0;0;0;0;0;0;1;0;0;0;0;0;0;0;0;0;0;0;2;0;0;0;0;0;0;0;0;0;0;0;1;0;0;0;0;1;4;0;0;0;0;0;0;0;0;0;0;0;1;0;1;0;0;0;0;0;2;0;0;0;0;0;0;0;0;0;0;0;0;2;0;0;0;0;0;0;0;0;5;0;4;0;4;0;0;0;0;0;3;0;0;0;0;1;0;0;0;1;0;0;0;0;1;0;0;0;0;1;0;0;0;0;0;0;0;0;0;1;1;2;1;0;0;2;0;0;0;0;0;0;0;0;0;0;0;0;1;0;0;0;0;0;0;0;1;0;0;0;0;9;0;0;0;0;0;1;2;0;1;0;0;0;0;0;0;11;0;1;0;1;0;0;0;0;0;1;0;0;1;0;0;0;0;1;0;0;0;0;0;0;1;0;1;0;0;0;0;0;0;0;0;0;0;0;0;0;0;3;0;0;1;0;1;0;0;0;0;0;0;0;0;0;0;0;0;1;0;0;0;0;0;0;0;1;0;2;1;0;0;0;0;0;0;0;0;2;0;0;1;1;0;0;0;0;0;0;0;2;1;0;0;0;1;0;0;2;0;0;1;1;0;3;0;0;0;2;0;2;0;11;0;0;0;4;3;0;0;0;0;0;0;0;1;0;0;0;3;0;0;2;0;0;0;0;0;1;0;0;3;0;0;2;0;3;0;0;0;0;0;0;0;0;0;0;0;0;1;0;3;0;0;0;1;0;0;2;0;1;0;0
03355000;18;18;13;0;2;0;0;19;0;0;0;0;0;2;0;0;0;2;0;0;1;0;0;6;0;0;24;3;0;16;0;0;0;0;0;0;0;0;0;0;0;0;297;4;0;0;0;0;0;0;0;0;0;0;0;0;0;0;0;0;4;0;0;0;9;9;0;1;3;0;2;2;8;0;0;0;0;0;0;0;0;3;0;0;0;0;0;0;0;0;0;13;2;0;0;9;2;0;0;9;0;2;0;0;0;0;0;0;1;0;2;0;3;2;0;3;2;0;0;7;0;0;0;0;0;0;1;0;4;0;2;0;0;0;0;6;0;0;0;1;1;10;0;0;1;0;0;0;2;0;0;1;5;0;2;0;0;0;0;0;0;1;5;1;0;0;0;1;0;0;2;0;0;4;0;0;0;0;0;0;0;0;1;1;0;0;0;0;0;0;0;0;0;2;0;0;8;0;0;1;0;0;0;6;1;0;3;8;0;0;0;0;0;0;0;0;0;0;0;0;1;0;0;15;0;2;0;0;0;3;0;0;1;0;0;0;0;0;0;2;0;2;2;0;0;0;2;0;1;0;0;0;0;0;0;4;1;0;2;0;0;0;0;2;0;2;0;0;0;2;1;0;1;0;1;0;0;0;1;0;0;7;0;0;0;0;0;0;0;0;0;0;0;1;0;0;0;0;0;0;5;2;1;0;0;0;0;0;1;0;1;0;0;0;1;0;3;0;0;3;0;3;0;1;4;0;2;0;0;0;2;7;7;2;0;0;2;2;2;4;1;0;0;4;7;0;0;0;7;0;0;5;0;4;2;0;9;0;0;0;3;8;6;1;0;6;0;0;1;0;0;0;1;0;1;0;4;1;0;2;0;0;0;0;0;3;0;3;0;0;0;0;0;1;0;1;0;0;0;1
03356000;2;4;6;0;0;0;0;0;3;2;0;8;0;0;2;16;0;1;4;0;0;0;0;0;0;0;9;51;0;0;2;7;0;0;62;9;0;5;0;68;0;0;0;0;6;0;0;0;0;15;0;0;0;5;0;2;33;0;6;20;5;0;0;0;2;0;0;0;0;1;0;2;3;0;0;4;0;0;0;6;0;2;0;0;0;0;1;0;4;0;6;1;0;2;0;0;7;0;1;0;5;7;10;0;0;5;0;0;1;0;0;0;0;2;2;0;5;8;0;5;0;1;0;0;0;0;0;0;0;0;0;0;0;1;0;0;0;0;5;1;0;0;2;3;0;1;2;0;0;0;1;5;4;1;0;0;0;0;0;1;0;0;0;0;0;0;0;0;0;0;1;0;0;0;0;0;0;0;1;0;0;2;0;1;0;0;0;0;0;0;1;2;2;0;0;0;3;0;0;0;0;1;0;0;0;0;0;0;0;0;0;0;0;0;1;0;1;2;2;0;0;0;0;0;2;0;2;4;0;0;0;0;3;0;1;0;0;0;0;0;0;0;0;6;0;2;0;0;0;0;0;0;2;0;0;0;1;0;0;0;2;0;0;0;2;2;0;0;0;0;0;0;0;0;0;0;0;0;0;0;0;1;0;0;0;0;0;0;1;1;0;0;0;0;1;0;1;0;0;0;0;0;0;1;0;0;1;0;0;0;0;0;1;0;1;0;0;0;0;0;0;3;0;0;0;0;1;0;1;0;0;0;1;0;2;0;2;2;0;1;2;0;0;9;3;0;2;4;0;0;0;0;1;3;0;0;0;0;2;0;4;2;0;0;0;3;0;2;2;2;0;1;1;1;0;0;2;1;3;0;3;2;0;0;4;0;0;0;1;0;0;0;1;0;0;0;0;0;0;0
03357000;0;12;0;0;5;0;11;12;0;0;0;3;0;0;0;0;0;0;8;7;0;7;11;2;0;0;23;0;0;8;7;35;0;0;0;0;0;7;0;0;0;0;0;0;0;6;0;0;0;0;0;14;0;0;7;0;0;0;0;0;2;0;0;0;0;0;0;0;1;0;0;0;0;0;0;0;0;0;0;4;0;5;3;0;1;0;3;0;0;4;8;5;0;0;0;0;11;0;0;0;0;0;11;12;5;0;0;5;0;1;0;0;0;4;1;7;0;8;0;0;0;2;2;1;4;0;0;0;0;1;0;9;0;2;4;2;4;8;7;0;0;0;1;0;2;0;4;1;0;0;0;0;0;1;0;0;0;0;0;0;3;0;0;0;0;1;1;0;0;0;1;3;0;0;0;2;0;0;4;0;0;0;5;2;0;0;5;0;1;0;0;0;0;0;1;4;4;2;0;0;0;0;1;5;2;0;4;1;0;0;4;0;0;0;0;0;2;0;1;3;0;0;6;0;2;0;0;0;0;1;0;7;0;0;0;0;2;0;0;0;0;2;1;2;0;0;1;0;0;0;0;0;2;0;0;4;4;0;0;0;2;4;0;0;0;0;3;1;0;0;0;0;0;1;1;2;0;1;0;1;0;0;0;0;0;0;0;3;0;2;0;0;0;0;0;0;0;1;0;0;1;0;1;0;3;1;0;0;0;2;0;0;1;3;0;2;2;0;4;0;0;0;1;0;0;0;0;0;0;0;2;4;0;0;0;0;0;0;0;0;0;0;12;0;9;2;0;15;7;11;9;1;1;2;0;0;0;4;0;0;0;0;6;3;0;0;0;2;0;0;12;12;1;0;0;4;0;0;0;3;0;2;1;1;0;0;1;0;1;0;0;0;0;0;0;2;0;1;0;1
03358000;0;2;4;7;7;0;0;1;1;4;0;0;0;0;0;0;575;13;118;310;9;154;175;193;201;346;1469;166;141;433;94;165;262;375;232;391;115;192;287;354;0;249;67;231;134;109;267;258;33;222;298;122;340;204;141;276;261;104;89;92;125;4;0;0;0;9;0;6;1;0;0;0;11;0;4;0;0;0;5;0;1;10;3;0;0;5;0;0;0;0;0;0;13;2;31;0;4;7;12;0;0;9;0;6;1;0;1;0;0;0;2;6;0;9;0;30;0;5;3;0;0;0;0;2;6;0;3;0;1;11;3;0;2;4;0;0;0;0;0;4;4;0;0;0;2;0;8;0;0;2;0;0;0;4;2;0;0;1;0;1;0;0;6;0;0;0;0;0;2;0;1;0;0;2;0;0;0;0;0;0;2;1;0;10;5;4;0;0;0;0;1;1;0;0;0;14;0;0;4;0;2;1;0;1;0;0;3;0;1;2;0;0;0;0;5;6;0;0;0;0;0;1;0;19;0;0;0;1;3;0;0;0;0;0;0;0;0;0;0;1;0;0;0;0;0;0;0;2;20;2;0;0;1;11;0;0;0;0;0;0;1;0;0;4;1;0;0;50;3;0;0;0;0;1;1;4;0;0;0;1;0;2;3;0;0;1;2;0;0;0;1;1;1;0;0;0;1;3;2;0;0;0;8;0;0;1;0;0;0;0;0;0;0;0;2;0;2;0;0;1;3;0;3;0;0;0;0;3;0;0;1;4;0;1;0;0;19;2;3;0;0;0;0;4;7;0;0;0;1;10;1;16;1;11;0;7;0;0;0;0;2;0;2;0;0;23;7;0;0;3;0;12;4;0;0;3;0;6;1;0;0;10;0;0;0;0;0;4;4;0;0;0;2;4;6;1;1;0;2;0
03359000;6;13;7;6;0;1;0;14;0;2;0;9;0;21;0;0;0;5;3;1;10;1;0;0;0;0;21;12;1;2;0;0;9;0;55;0;7;37;2;87;0;0;12;0;2;2;0;0;5;7;0;0;0;0;0;0;0;0;0;17;0;25;7;0;5;1;0;0;3;0;1;1;0;0;0;0;0;0;3;0;0;0;0;0;0;0;0;0;9;1;6;0;1;0;0;3;3;2;0;0;0;0;6;0;1;0;0;0;0;0;0;0;1;2;3;0;0;0;0;1;0;0;0;1;4;0;0;0;0;0;0;0;1;0;0;1;0;3;0;7;3;0;0;0;2;0;0;0;6;0;0;0;0;0;2;3;1;1;1;0;0;2;0;1;2;0;0;1;0;0;0;1;0;0;3;0;0;2;0;0;1;0;0;0;5;0;0;0;0;3;0;0;1;0;4;0;0;0;3;0;0;0;0;4;5;0;0;0;0;0;0;3;0;0;0;0;0;0;0;0;2;0;15;0;2;0;0;1;0;0;2;0;1;0;1;0;0;0;0;0;0;0;2;0;1;0;4;1;4;0;2;4;0;0;3;0;0;0;2;0;0;1;0;0;3;1;0;0;1;1;0;0;1;1;2;0;0;0;4;3;0;3;0;1;3;1;4;0;0;2;0;1;0;2;5;0;1;0;0;0;1;0;0;0;3;0;1;1;2;0;0;2;0;2;0;0;0;0;0;0;2;1;4;0;0;4;0;0;4;3;0;0;0;4;1;4;3;0;0;1;0;0;3;0;0;6;21;0;5;0;15;1;0;0;1;0;0;2;0;1;5;1;6;0;0;0;0;1;0;5;4;0;2;3;1;0;2;3;1;1;0;0;0;5;0;1;0;0;2;0;0;0;0;1;0;0;1;2;1;4
03360000;0;2;8;0;0;0;0;10;0;0;2;0;0;0;0;0;0;5;0;6;3;7;1;0;1;0;14;6;0;12;0;0;15;4;4;0;2;0;3;9;0;0;0;1;0;5;0;0;0;3;1;0;0;5;0;6;0;0;0;0;0;9;6;0;5;5;0;1;0;0;0;0;1;0;0;0;3;6;0;8;1;3;0;1;1;1;0;0;0;0;1;0;0;0;7;10;0;0;4;0;1;5;0;4;0;0;0;1;2;0;0;0;0;0;1;3;2;0;0;1;0;0;0;0;0;0;1;3;0;0;0;0;0;2;1;11;0;0;0;0;2;0;3;0;0;4;0;0;3;0;0;0;0;1;0;1;0;0;0;0;0;0;1;0;0;0;0;0;1;0;0;0;1;0;0;0;0;0;0;0;0;1;0;1;0;0;2;0;0;0;2;2;0;0;0;2;0;0;4;0;0;0;0;0;0;2;0;0;0;0;0;0;1;0;0;6;0;0;0;1;0;0;0;3;0;0;0;1;0;0;1;0;4;0;0;0;0;1;0;1;0;0;0;0;0;1;0;0;0;0;1;1;1;0;3;0;0;0;0;1;0;0;2;0;0;0;1;1;0;0;3;0;0;0;1;0;0;0;0;0;0;0;0;3;0;0;3;1;0;0;1;0;0;0;0;0;0;1;0;0;2;4;1;0;0;0;1;0;0;0;0;0;1;0;1;0;0;0;2;1;0;0;1;0;0;3;0;2;0;1;0;2;0;0;0;0;0;5;0;3;0;0;2;0;0;6;0;0;5;0;3;1;1;0;0;0;4;0;0;0;0;11;2;3;1;0;9;6;1;3;2;2;0;0;0;0;0;4;0;0;0;0;0;0;0;1;0;0;3;0;0;0;2;0;0;0;0;0;0;0
03361000;0;3;0;0;0;0;0;7;0;0;0;0;0;0;2;14;0;4;0;0;2;6;0;0;3;0;8;15;0;0;0;48;6;5;0;0;2;0;0;103;0;5;0;0;13;0;0;0;0;0;0;0;15;0;1;0;13;0;8;0;3;0;0;5;1;4;0;4;0;0;0;0;0;4;0;0;0;5;0;0;0;0;1;0;1;1;4;0;2;2;0;1;2;0;0;0;1;0;0;2;0;0;0;7;0;0;6;0;0;0;5;4;2;0;0;0;0;7;0;6;0;0;0;0;0;0;1;2;0;0;0;1;0;0;4;0;0;0;0;1;0;0;1;0;4;0;1;0;1;0;1;2;3;0;0;1;0;0;0;0;0;5;0;0;1;0;0;0;1;0;1;1;0;0;0;0;0;0;1;0;0;0;0;0;2;0;0;0;1;0;2;0;0;0;0;0;0;0;6;0;0;0;0;4;4;0;2;0;3;0;8;0;0;0;1;0;1;0;6;0;0;2;6;1;3;1;0;0;0;0;0;0;0;0;0;1;0;0;0;0;0;0;0;0;0;0;0;0;0;0;0;0;0;0;0;0;0;1;2;0;2;1;0;0;0;0;0;0;0;1;1;1;2;2;0;5;0;0;0;0;0;0;0;0;0;0;0;0;0;0;0;0;1;0;1;0;0;0;0;0;0;0;0;2;0;0;0;1;0;0;0;0;0;1;0;2;1;0;0;0;2;0;1;3;9;0;1;0;2;0;1;0;0;2;0;0;1;0;0;0;1;0;0;0;0;3;8;2;0;0;0;0;1;0;0;0;0;0;4;0;1;1;0;1;4;7;0;0;0;0;0;1;2;1;0;1;0;1;1;1;0;0;0;0;1;0;0;0;1;1;2;0;0;1;2;1;0;0;1;0
03401000;2;0;0;0;0;0;0;2;4;0;0;0;10;0;0;0;0;2;5;14;6;5;1;0;0;0;8;0;0;0;1;0;6;0;0;3;1;3;0;6;0;0;3;0;0;0;35;0;3;6;0;2;7;0;6;0;273;0;0;0;7;0;11;2;4;0;0;1;0;1;0;4;0;0;0;0;0;7;1;5;0;35;0;2;0;1;0;1;0;2;0;0;1;0;2;0;1;0;0;0;0;0;2;0;0;8;0;4;1;0;3;4;0;1;0;1;0;0;1;1;0;1;2;1;2;0;0;0;0;0;1;2;0;0;0;0;1;1;0;0;0;1;2;0;0;4;0;0;0;3;0;0;0;0;0;0;0;0;0;0;0;0;1;0;0;0;0;0;0;0;0;1;1;0;0;0;0;0;1;0;1;0;0;1;0;0;2;0;0;0;0;0;2;5;5;0;4;0;0;0;0;0;0;4;0;0;3;0;0;0;0;0;0;3;0;0;0;0;0;0;1;1;0;8;0;0;0;0;0;1;1;1;0;1;0;0;1;0;1;0;0;0;0;2;0;1;0;2;0;0;3;4;0;0;2;1;0;0;1;0;0;4;0;0;0;0;0;0;0;0;0;0;0;0;1;0;0;0;0;0;0;2;0;0;0;0;0;0;0;0;0;0;3;0;0;0;3;0;0;0;0;0;1;0;0;0;1;0;0;2;7;0;0;0;1;0;0;0;1;0;1;0;0;0;0;3;0;0;7;1;3;0;0;1;0;0;2;0;1;0;0;0;0;2;1;0;0;2;0;7;0;0;1;0;0;0;0;1;0;0;0;2;0;1;0;4;4;0;0;0;5;2;0;0;2;0;1;1;0;0;0;0;0;0;0;0;0;1;0;2;2;0;0;0;0;0;0;0;0;2
03402000;1;5;0;0;0;0;0;0;6;0;0;0;0;0;6;34;2;0;0;0;0;0;0;2;1;0;1;8;0;0;0;0;0;0;0;0;0;0;0;0;0;0;0;1;2;0;60;2;0;16;0;12;26;4;1;1;2;0;0;1;0;16;6;0;0;0;0;0;0;0;0;0;0;0;0;2;0;2;0;0;0;0;0;0;2;0;0;2;1;0;19;0;0;0;0;0;0;0;0;0;5;0;1;1;3;0;0;3;1;0;2;0;0;0;0;0;0;0;0;2;0;0;0;2;0;0;0;1;0;0;0;2;0;0;1;0;0;0;0;0;0;0;0;1;2;0;1;0;0;0;0;0;0;0;0;0;0;0;1;0;0;1;2;0;0;0;0;0;0;0;0;2;0;1;0;0;0;0;7;3;0;0;0;3;3;1;0;1;0;0;1;0;0;0;0;0;0;0;0;0;2;1;0;0;1;0;1;0;0;0;0;2;0;0;0;0;0;3;0;0;1;0;1;0;1;0;0;0;0;2;0;0;1;1;0;0;0;2;0;0;1;1;2;0;0;0;0;2;0;0;2;2;0;0;1;0;0;0;2;0;0;0;0;0;3;0;0;2;0;0;0;0;0;0;0;0;0;0;0;0;0;0;0;5;0;0;3;1;0;4;0;0;0;1;0;0;1;0;1;2;0;0;0;1;1;0;0;2;1;0;0;0;0;1;0;0;0;0;2;2;0;0;0;1;20;2;4;0;0;2;0;1;0;2;1;0;0;0;0;0;0;0;1;1;2;0;0;1;0;0;0;3;0;0;0;1;0;1;2;0;0;4;0;0;0;3;4;0;0;2;3;3;0;0;0;1;0;0;0;2;0;0;0;0;1;0;0;0;0;0;0;0;0;0;0;0;1;0;0;0
03403000;3;0;8;1;0;0;2;1;0;0;3;3;0;0;4;42;34;1;11;69;3;27;27;41;26;18;367;13;10;69;14;13;50;21;30;67;5;39;42;74;0;36;11;13;0;0;0;0;0;335;0;24;28;0;40;1;168;0;0;0;7;0;0;3;2;10;0;0;0;2;2;0;10;0;0;4;0;9;0;0;0;4;0;0;0;5;2;0;3;0;0;9;0;0;2;0;0;18;3;7;6;0;0;0;0;0;9;0;8;3;0;0;0;0;0;0;0;20;0;0;1;0;0;3;0;5;0;0;0;0;1;2;0;1;5;0;0;0;0;1;0;3;0;1;0;0;0;0;0;0;0;0;0;0;1;0;3;0;0;0;0;1;3;0;0;0;0;0;2;0;0;0;0;0;0;1;5;0;3;0;0;0;3;0;7;0;0;1;0;0;3;1;0;6;0;0;3;0;3;1;0;1;0;1;3;0;1;0;0;0;4;0;0;5;0;0;0;1;0;3;0;2;2;0;1;0;0;2;1;0;1;1;5;4;0;0;1;0;0;0;4;0;0;0;0;0;0;2;2;0;0;0;0;1;0;0;0;0;2;1;0;1;0;1;0;2;0;0;0;0;5;6;0;0;3;0;0;0;0;2;2;6;0;5;1;0;2;0;0;0;0;0;0;1;0;0;0;2;0;0;1;0;0;1;4;0;0;0;1;0;1;0;0;0;1;0;0;1;1;0;0;0;1;4;0;0;0;1;2;0;3;1;1;0;2;3;0;1;0;0;0;0;0;0;4;2;0;2;0;0;3;13;1;0;3;4;0;4;0;0;2;0;4;3;0;0;0;0;0;0;0;0;2;1;2;0;0;0;0;0;0;0;0;2;0;0;0;0;0;0;0;0;2;0;2;1;0;1;0;0
03404000;10;1;0;0;4;1;5;0;0;1;1;0;0;0;0;91;33;4;16;34;0;34;9;47;36;10;342;26;26;34;18;16;49;14;11;53;2;53;41;17;0;28;20;33;13;0;7;0;3;23;0;0;0;9;0;6;57;0;0;0;32;7;0;40;9;11;0;0;0;1;3;0;0;0;5;6;0;0;5;45;4;1;0;0;2;0;9;3;0;1;2;45;8;0;5;79;4;25;0;0;0;5;0;7;17;23;0;0;0;0;2;0;0;0;18;0;0;12;5;1;5;0;2;0;0;0;0;0;4;9;0;0;6;0;0;0;0;0;0;1;0;0;5;0;1;0;0;1;3;3;0;1;1;0;0;0;0;0;2;1;3;7;0;0;0;1;3;0;0;0;0;0;0;1;0;0;0;0;1;3;5;0;7;0;0;7;2;0;0;0;3;0;0;0;2;0;15;0;9;5;1;0;0;0;0;6;2;2;0;1;0;0;1;6;6;0;3;0;0;5;4;7;0;17;5;0;0;0;4;1;1;0;0;0;1;2;7;0;3;0;0;0;4;0;1;0;0;0;1;0;1;0;0;0;2;1;1;3;7;0;2;0;0;1;1;0;0;0;0;0;0;4;0;0;0;0;0;0;0;0;2;3;0;14;0;1;0;0;3;2;0;0;7;1;2;4;0;1;0;2;0;1;1;1;0;0;0;0;0;1;0;0;0;0;1;2;0;1;5;0;0;0;2;0;69;0;0;0;2;2;0;0;0;0;3;0;1;0;1;1;0;4;0;9;3;0;0;0;0;0;0;0;0;3;0;4;0;0;0;3;1;0;0;0;0;1;0;2;0;0;0;6;0;0;1;0;0;0;0;0;0;0;0;0;1;0;1;0;0;0;0;0;0;0;4;0;0;0;0;0
03405000;10;11;0;4;0;0;5;0;4;0;1;2;0;0;0;1;0;0;1;0;0;0;0;0;0;0;0;0;4;3;0;0;10;3;6;0;0;1;6;0;0;0;0;17;0;0;48;0;0;12;0;11;22;57;0;0;2;0;0;0;0;6;0;0;0;0;0;2;3;0;0;1;2;0;0;0;0;0;3;2;0;0;0;0;0;1;0;0;6;0;0;1;5;5;5;0;0;3;0;0;0;5;1;0;7;2;2;0;1;0;7;5;0;0;0;0;2;4;0;4;0;0;0;0;0;0;0;0;1;3;0;2;19;2;2;0;0;4;3;0;0;1;0;0;1;1;0;0;0;0;1;4;2;7;0;0;0;0;1;0;0;0;2;0;0;0;0;1;0;1;0;0;0;0;0;0;0;0;0;2;0;1;0;0;0;0;1;1;0;2;0;0;4;0;1;0;0;0;1;1;1;0;1;4;2;0;0;0;2;0;3;5;1;0;0;1;0;0;1;0;0;0;0;0;0;0;1;2;0;1;0;0;0;0;0;0;0;0;0;0;0;0;0;0;0;0;0;0;0;0;0;0;0;0;0;0;0;0;0;1;0;1;2;0;2;0;0;1;0;0;0;4;0;0;1;2;0;2;0;0;0;2;0;2;0;2;0;0;0;0;0;0;0;0;0;0;5;0;0;0;1;2;0;0;0;1;0;0;0;0;0;0;0;0;0;0;0;0;0;0;0;0;0;0;0;0;0;0;0;0;0;0;0;0;0;0;0;0;1;0;0;0;0;5;0;0;5;0;0;0;0;0;0;0;0;1;1;1;0;0;1;0;0;2;2;0;1;0;0;0;0;0;1;0;0;1;0;1;0;0;2;0;0;1;0;0;0;1;1;0;1;0;2;0;0;0;0;0;0;1
03451000;0;1;6;1;2;0;3;12;0;11;8;3;5;4;0;1;0;7;0;0;1;0;9;0;0;0;14;21;0;0;0;0;0;0;0;4;3;5;0;2;0;0;0;11;0;0;0;0;0;0;0;221;39;8;0;25;0;0;9;0;0;0;0;0;3;0;0;2;1;0;1;0;0;0;0;0;0;0;0;8;0;0;2;0;2;0;3;0;0;4;0;22;3;0;0;0;0;0;1;0;3;0;7;0;0;7;0;4;1;8;0;0;0;5;7;0;1;0;0;1;0;0;2;0;0;0;0;0;0;8;0;1;0;0;0;0;3;1;1;0;1;0;4;0;0;1;0;0;0;0;1;0;6;1;1;0;0;0;0;2;0;0;1;0;0;0;1;0;1;1;0;1;2;3;0;0;1;0;1;0;4;0;0;0;6;4;0;0;0;2;0;0;3;0;1;1;2;0;0;1;2;0;0;0;5;0;0;0;3;6;5;2;4;1;0;0;0;0;0;2;3;0;7;1;1;0;0;0;0;0;1;0;0;0;0;0;0;1;0;0;0;3;0;0;0;7;3;0;1;0;1;0;0;0;0;0;0;0;0;0;0;0;0;0;0;0;2;0;0;0;0;2;0;0;0;0;1;0;0;0;0;0;0;5;0;0;0;0;0;1;0;0;1;2;0;0;0;1;0;1;0;1;0;0;0;2;3;0;0;2;0;5;3;0;0;1;0;0;0;0;0;3;2;0;0;1;0;2;2;0;0;0;0;3;7;0;4;5;0;12;0;0;0;0;1;1;0;0;3;3;0;0;0;0;0;0;0;0;0;0;0;0;1;3;0;5;0;0;0;0;0;0;1;0;2;0;1;0;0;0;0;1;0;0;0;0;0;0;0;0;0;0;0;0;0;0;3;0;0;0
03452000;0;3;3;1;4;0;3;0;0;5;0;2;3;6;5;51;0;4;0;0;0;0;0;0;0;0;1;0;6;7;3;2;4;0;14;8;8;10;3;9;0;1;0;2;19;97;8;6;40;48;0;0;52;12;9;3;12;0;4;7;0;22;3;14;0;0;0;0;0;0;0;0;0;0;0;0;0;0;1;0;0;6;3;0;0;0;0;0;0;7;0;7;0;0;0;0;0;9;0;0;0;0;0;0;0;0;0;0;0;0;0;0;0;0;12;0;0;0;0;0;0;0;0;0;0;0;0;0;0;0;0;0;0;8;8;0;0;4;0;0;5;0;0;2;0;0;0;1;0;0;0;0;0;2;0;0;0;0;0;0;2;0;0;0;0;0;0;0;0;0;2;0;0;0;0;0;0;0;0;0;0;0;0;0;0;0;0;0;0;2;0;1;0;0;0;2;1;2;0;0;4;0;6;7;0;1;0;0;0;7;0;7;2;0;0;0;0;2;0;0;0;5;0;0;0;0;0;2;1;0;1;0;0;2;5;0;0;0;1;1;0;1;0;4;0;0;3;0;0;0;0;0;2;0;0;0;5;0;1;0;0;0;1;0;0;1;0;0;0;0;0;0;2;0;2;0;0;2;0;0;0;0;0;0;3;0;0;0;2;1;0;0;0;0;0;0;0;1;0;3;0;0;0;1;0;4;0;0;0;1;0;0;3;0;0;1;2;0;3;0;0;0;1;0;0;1;1;0;0;1;1;0;0;3;0;2;0;0;0;4;0;0;7;0;1;0;3;0;0;3;1;0;3;0;1;4;0;1;0;0;3;0;2;1;0;0;6;0;0;0;0;1;2;5;1;0;2;0;0;0;0;0;0;1;0;1;0;0;3;1;0;0;0;0;0;0;0;1;1;0
03453000;0;3;2;2;0;1;0;0;0;0;0;5;0;0;0;1;0;1;3;0;5;0;10;0;0;0;14;0;14;8;0;0;0;0;0;0;0;10;8;0;0;7;0;0;0;0;0;44;0;0;38;0;120;5;0;0;0;0;0;4;0;0;0;0;27;0;0;0;0;1;0;1;0;0;0;7;2;0;0;15;0;0;0;0;1;1;2;0;0;0;5;5;5;0;0;0;0;0;0;2;5;0;4;0;2;0;4;0;4;0;4;4;0;3;1;3;2;0;3;0;0;0;3;0;0;1;1;2;0;0;0;0;0;1;1;0;1;0;1;4;0;0;0;1;3;1;1;0;0;0;0;1;0;0;4;0;0;2;0;2;1;0;1;5;1;2;0;0;0;3;0;1;4;1;0;0;0;1;0;0;0;0;0;0;1;4;0;6;0;1;0;0;0;0;0;0;0;0;0;0;5;0;1;0;0;0;1;0;2;0;1;9;7;0;4;0;4;1;1;0;7;0;0;9;0;1;0;4;0;1;1;0;9;0;2;0;1;0;0;0;0;1;2;0;0;3;0;0;0;0;0;5;0;0;1;1;8;0;0;0;0;1;1;0;2;0;3;0;0;0;1;0;0;1;0;4;0;6;1;1;0;0;0;6;0;0;5;1;0;0;0;0;0;5;0;0;0;0;0;2;1;4;0;1;0;0;0;0;0;8;0;3;0;2;0;0;0;2;0;0;0;0;0;2;0;5;0;0;0;0;0;0;1;0;0;0;0;1;0;2;0;0;0;2;4;5;3;5;0;7;0;3;8;3;0;6;0;0;0;1;0;4;0;0;0;0;0;0;0;0;0;2;4;0;1;3;0;0;0;0;0;0;0;0;0;0;1;0;3;0;4;0;0;0;0;0;0;2;0;1
03454000;0;16;0;0;4;0;0;0;0;2;0;4;1;0;7;18;0;0;0;3;7;7;2;0;1;0;77;0;6;10;6;16;0;0;0;0;0;5;0;0;0;5;2;0;0;0;0;32;0;0;0;0;0;0;72;0;0;0;0;0;0;34;8;10;0;0;0;0;0;0;0;0;0;0;0;0;0;0;0;13;0;0;0;0;0;0;0;0;0;0;0;68;0;0;0;0;7;0;0;8;0;0;15;0;0;0;0;0;0;0;0;0;0;0;0;0;0;0;3;1;0;5;0;0;0;0;0;3;0;0;0;0;0;0;0;8;5;2;0;0;0;0;4;0;8;0;3;0;6;2;6;0;0;0;6;0;0;0;0;0;0;2;0;0;0;2;0;0;0;1;0;0;0;0;0;0;0;0;0;0;0;1;4;0;1;0;0;2;0;0;0;1;1;0;7;7;0;3;3;0;0;2;0;4;0;0;0;2;4;0;0;0;7;0;0;2;0;3;0;8;9;0;2;0;0;0;1;5;0;0;0;0;0;0;0;0;0;0;6;0;0;0;0;2;4;0;0;1;5;0;0;0;1;5;2;2;0;1;0;3;0;0;0;2;6;6;0;0;0;0;3;2;0;2;0;0;0;3;1;0;0;5;0;7;0;0;3;8;0;4;0;0;1;0;0;0;0;0;1;0;4;1;0;1;0;3;0;0;0;1;0;0;5;3;0;1;4;2;0;1;0;0;1;0;0;2;1;0;0;0;0;0;1;0;4;0;0;2;0;2;1;0;1;0;0;0;1;0;0;2;0;0;1;0;3;2;1;0;0;0;0;6;0;0;0;0;6;1;0;3;1;2;0;0;0;0;0;0;8;0;0;1;0;4;0;0;1;0;2;3;0;0;1;0;0;0;2;2;1;0
03455000;0;5;4;0;2;0;0;0;10;0;0;0;10;2;4;8;0;0;1;0;0;0;2;0;0;0;10;0;1;0;0;1;4;0;0;0;0;3;0;2;0;4;0;0;2;0;43;0;0;0;0;0;10;0;0;0;0;0;0;0;0;8;0;0;0;0;0;3;0;0;0;0;0;0;0;5;1;0;0;0;0;0;0;0;0;0;3;0;0;0;0;0;0;0;0;0;2;0;0;0;0;0;0;0;0;0;4;0;0;0;0;0;0;0;3;2;0;0;2;0;0;0;0;0;0;0;3;0;0;0;1;0;0;1;0;0;0;0;8;0;0;0;0;0;0;0;1;0;0;2;0;0;1;0;0;2;0;2;0;0;0;1;0;1;0;0;1;1;0;0;0;0;0;1;0;1;0;0;0;0;0;0;1;0;0;0;0;0;3;1;1;1;0;0;0;3;0;0;0;0;1;2;2;0;0;0;0;0;1;0;0;0;0;5;1;0;0;5;1;2;0;4;0;4;0;2;1;0;0;0;0;0;0;0;4;0;0;0;1;0;0;0;0;0;0;0;0;0;2;0;0;0;0;0;0;0;0;0;0;0;0;0;0;0;3;0;0;0;0;1;0;0;0;0;0;4;0;0;0;0;1;0;0;3;0;1;0;1;2;0;0;0;0;0;0;0;1;0;0;3;0;0;0;0;0;0;2;0;0;0;0;1;0;0;0;0;1;0;0;0;0;1;0;0;0;0;0;0;0;1;3;0;0;0;0;0;7;5;1;0;0;0;0;10;0;2;3;0;3;0;0;0;0;1;0;0;0;0;1;1;0;0;0;0;0;2;3;0;7;0;0;0;0;0;0;0;7;0;0;0;0;0;0;0;1;0;1;1;0;1;0;0;0;0;0;0;3;0;0;0
03456000;3;0;0;0;2;0;0;0;3;0;4;2;0;0;0;0;0;1;4;1;0;0;2;0;0;0;31;11;10;9;0;0;3;0;0;0;3;0;0;0;0;12;1;0;0;0;0;10;4;1;0;2;0;8;0;13;0;0;9;3;0;1;0;4;7;0;0;0;0;2;0;1;5;1;2;1;0;0;0;14;0;11;8;0;3;0;0;5;0;8;0;5;0;0;0;0;3;4;0;1;0;0;1;8;8;0;0;0;0;13;4;0;0;6;1;0;0;0;0;2;2;0;3;0;0;0;0;0;0;5;0;0;1;0;1;0;0;1;0;0;2;0;0;0;1;0;0;0;3;1;1;0;0;2;0;0;0;2;1;1;0;1;0;0;0;5;0;0;0;0;0;0;0;0;0;0;0;0;11;2;1;0;0;0;0;0;0;2;0;1;4;8;0;0;1;0;5;2;0;0;7;0;0;3;0;0;5;0;0;2;0;0;1;0;0;1;6;0;0;1;0;0;0;0;0;0;0;1;0;0;0;0;1;3;0;0;0;1;0;0;0;0;1;0;0;0;4;2;0;0;1;1;1;0;1;0;0;1;0;0;0;0;2;0;0;0;0;1;0;1;0;0;0;0;0;0;0;0;0;0;1;1;0;0;0;0;0;1;0;0;0;1;0;0;1;0;3;0;0;0;0;1;0;0;4;0;0;0;0;0;0;1;0;0;1;0;0;0;0;0;0;1;0;0;0;1;0;4;2;0;0;0;0;0;1;1;3;0;0;0;0;0;0;0;0;0;0;3;0;0;0;0;0;0;1;0;4;0;0;5;1;9;0;0;0;0;0;0;0;0;0;0;0;0;0;0;1;2;0;0;1;0;3;0;0;1;0;0;0;0;0;0;0;0;1;0;1;0;1;1
03457000;0;0;0;0;0;3;0;2;0;1;1;0;1;0;0;15;0;0;2;0;1;2;0;1;1;0;21;1;0;0;0;5;1;0;13;0;0;0;0;1;0;3;0;7;7;0;0;0;6;0;0;51;109;18;0;0;0;0;0;2;10;0;3;9;0;0;0;2;0;0;0;0;0;0;0;0;0;0;0;0;0;0;0;0;0;5;0;0;0;1;7;3;0;3;7;0;0;4;0;7;0;2;0;2;0;0;0;0;0;0;2;0;0;0;0;0;2;0;0;3;0;0;0;0;0;0;0;2;2;2;0;0;0;0;0;5;0;2;0;0;0;5;4;8;7;4;0;0;0;0;0;0;2;0;1;0;3;0;0;1;0;2;0;0;1;0;0;0;0;0;1;0;0;0;0;0;0;0;0;0;0;0;0;0;3;0;0;3;0;0;0;1;0;0;3;0;0;0;0;0;0;0;0;0;0;2;0;0;0;1;0;0;3;0;2;0;3;0;2;0;2;6;0;0;0;4;0;0;0;0;1;0;0;0;1;0;8;0;0;2;4;0;4;2;0;1;0;0;0;0;0;0;4;2;0;0;4;1;2;0;0;2;0;0;2;1;0;1;1;1;1;0;0;0;0;0;0;0;0;5;1;0;1;4;0;0;0;2;0;0;0;2;0;0;0;0;4;0;0;0;2;0;0;2;1;1;0;0;0;0;0;0;0;1;0;0;0;0;1;0;0;0;0;0;0;7;0;1;7;3;2;1;1;0;0;0;0;2;0;7;8;2;0;0;3;8;0;0;0;0;4;1;0;8;0;0;0;1;2;0;1;0;0;0;3;3;2;3;3;0;1;0;0;0;0;0;4;0;1;1;0;0;1;0;0;0;0;7;1;1;0;0;2;0;0;1;0;0;2;0
03458000;0;1;3;2;6;0;0;1;0;0;0;0;6;3;0;0;0;0;0;0;3;2;5;0;0;0;21;0;0;0;5;13;5;0;0;0;2;6;0;24;0;6;7;0;0;0;0;0;0;17;0;220;26;15;1;16;0;0;37;0;7;0;0;0;2;0;1;0;0;1;0;0;0;1;0;0;0;1;0;6;0;9;6;0;0;3;3;0;0;0;5;5;0;3;0;0;0;5;9;0;0;0;0;4;2;3;0;2;1;0;0;2;4;4;1;0;0;3;0;0;3;2;1;0;2;0;0;0;0;1;0;0;0;3;1;3;0;0;0;0;0;0;0;1;0;0;1;0;3;0;4;2;1;0;4;0;1;0;0;0;0;3;3;0;0;0;0;0;0;1;0;0;0;0;1;0;1;0;0;2;1;0;0;0;2;0;1;0;0;0;0;0;0;2;0;2;0;2;4;1;0;0;0;1;0;0;0;0;2;0;1;0;0;0;0;0;0;0;0;1;2;0;2;0;0;0;0;0;0;0;0;1;2;0;0;0;1;0;0;0;0;0;0;0;2;0;3;0;1;0;0;0;0;0;0;0;1;0;0;0;1;0;1;0;3;1;2;1;0;1;0;0;1;0;1;1;0;1;0;0;0;2;2;4;0;2;0;1;1;1;0;0;0;0;0;0;0;0;0;1;0;0;0;0;4;0;3;1;0;0;1;0;1;0;0;2;0;0;0;0;0;0;1;0;0;0;0;1;0;0;1;0;1;3;0;0;0;0;0;0;0;1;0;3;2;0;5;15;0;3;0;0;0;1;0;1;0;0;1;2;1;6;0;2;1;0;2;0;0;0;1;0;1;0;0;0;1;0;3;0;0;0;0;0;0;0;0;2;1;1;0;0;0;0;3;0;0;0;0;5
03459000;0;3;12;0;2;2;0;0;0;2;7;8;9;0;1;61;242;17;1;50;0;60;63;102;41;49;718;175;75;175;57;67;205;147;112;299;24;112;133;153;0;132;19;82;81;34;761;12;41;181;151;208;569;114;184;121;143;0;118;68;45;0;0;0;0;0;0;0;1;0;6;5;11;10;14;0;0;0;11;5;0;7;0;9;0;0;5;0;0;3;0;51;0;0;0;0;0;0;0;0;0;6;87;5;0;6;0;3;6;0;0;12;0;23;0;0;3;10;5;0;0;0;5;0;0;0;6;5;0;0;1;0;2;15;0;0;5;0;0;0;3;0;0;0;0;0;0;0;0;4;1;0;0;4;0;0;3;6;0;0;3;0;0;0;3;0;1;0;0;0;2;1;0;0;0;0;0;2;6;0;6;0;8;0;4;2;0;1;4;0;0;0;2;3;2;2;15;0;6;3;0;5;0;0;0;1;2;0;2;0;0;5;1;0;6;0;1;4;1;2;0;0;4;1;0;1;1;0;0;0;6;1;0;1;3;0;3;0;0;0;2;10;1;1;0;0;3;4;0;2;2;10;10;0;3;2;9;0;2;0;2;0;0;1;0;0;0;0;5;0;2;0;0;0;0;0;0;0;0;0;0;5;0;0;0;8;0;3;1;2;0;1;0;0;2;3;5;1;0;0;0;5;3;0;0;0;0;0;2;3;0;0;1;1;1;0;0;2;14;0;0;11;0;0;32;0;0;0;0;0;8;0;0;1;2;0;10;0;1;1;0;0;3;2;18;3;3;1;0;4;0;0;0;7;0;0;0;0;0;1;0;0;3;0;3;4;14;0;6;2;0;0;1;0;0;2;1;4;4;0;3;0;0;4;2;0;0;0;0;0;2;0;0;0;5;0;0;1;2;0
03460000;0;0;8;3;0;1;0;3;5;0;2;0;0;0;0;2;0;17;0;0;0;4;6;0;1;0;14;86;0;0;0;9;0;0;0;0;0;2;0;10;0;5;2;0;5;7;20;16;7;0;0;3;23;10;0;5;0;0;0;0;6;35;1;1;9;9;1;1;0;2;0;0;0;0;0;0;1;0;4;8;0;2;0;0;0;0;0;1;3;0;0;52;0;0;2;6;1;7;0;7;3;19;13;2;0;0;0;0;2;0;1;1;0;0;0;2;0;0;0;2;0;0;0;1;0;1;0;0;0;0;0;0;2;7;5;0;1;0;0;4;0;0;0;0;0;4;5;1;1;1;1;1;0;0;0;3;1;0;0;0;0;7;0;0;0;2;0;0;1;0;4;0;0;2;5;0;0;0;0;0;2;3;3;4;3;2;1;7;1;2;0;0;1;0;4;3;0;0;2;0;1;0;0;4;2;2;0;0;0;1;0;3;0;2;0;1;1;0;1;10;0;0;1;3;0;0;0;0;2;1;0;0;1;0;1;0;1;0;0;3;0;0;0;1;0;0;1;0;0;0;0;2;0;0;1;1;0;2;4;0;0;1;0;0;1;2;0;0;1;2;0;0;0;0;0;0;0;1;0;5;5;0;1;10;0;0;0;1;0;2;0;1;0;2;1;0;0;0;0;5;0;0;0;0;0;0;0;0;5;0;0;0;0;0;0;5;3;0;0;3;2;0;2;1;0;0;1;0;0;1;3;0;0;0;0;0;0;0;0;0;0;3;2;0;1;0;2;0;3;0;0;0;0;0;1;0;0;0;1;0;0;0;4;0;0;0;0;0;0;0;0;8;0;3;1;2;4;0;0;8;0;0;0;0;1;1;2;0;0;0;1;0;0;0;1;6;1;0;0;0
03461000;0;2;6;3;0;0;4;1;10;0;5;0;0;1;0;0;0;0;7;0;1;0;8;0;2;0;8;0;0;0;1;0;5;7;0;5;0;0;0;11;0;0;1;9;3;0;36;11;2;28;0;0;4;49;0;0;6;0;7;0;3;0;0;4;0;0;0;0;2;0;0;2;0;0;0;0;0;1;0;0;0;0;1;0;0;1;0;0;1;0;1;1;0;0;0;0;5;0;0;0;0;0;2;5;0;0;0;0;0;0;1;0;0;0;0;5;0;2;0;2;0;0;1;0;0;0;0;0;0;0;0;0;2;0;2;0;1;0;0;1;0;0;2;0;0;0;2;0;0;0;0;2;2;0;0;0;0;0;0;0;1;0;0;0;0;0;0;0;2;0;0;0;2;0;0;0;5;0;0;0;0;0;0;0;0;0;0;0;1;0;1;0;1;0;0;0;0;0;0;0;1;0;0;1;0;0;0;0;0;0;6;0;0;0;0;2;0;1;2;0;0;0;0;8;0;0;0;0;0;1;0;0;0;0;0;0;0;3;3;0;0;0;0;2;0;0;1;0;0;0;0;0;0;0;0;0;0;0;0;0;0;0;0;0;0;1;0;0;1;0;0;0;0;4;0;0;0;0;1;3;0;1;0;0;0;0;0;0;0;1;0;0;1;1;0;0;0;0;0;0;1;0;0;3;0;0;0;0;0;0;0;1;0;0;0;0;0;0;5;0;0;1;0;0;12;0;1;0;2;0;0;0;0;1;0;2;8;2;1;2;0;0;0;1;1;0;8;0;0;1;0;0;0;0;0;1;0;0;0;1;0;0;1;0;0;2;1;0;0;0;0;3;0;3;0;1;0;0;2;2;1;0;0;0;0;0;0;1;1;2;0;1;3;0;0;0;0;0;0;0
03462000;0;0;4;1;2;0;0;6;0;0;4;6;0;0;0;0;0;0;0;0;0;1;3;3;0;0;3;0;4;0;0;0;0;0;0;0;6;0;0;0;0;6;1;0;0;6;0;0;33;21;47;7;9;8;8;0;0;0;0;0;0;0;1;0;2;0;0;0;0;0;0;0;0;0;0;0;0;0;0;0;0;0;0;0;0;1;0;0;0;0;0;2;0;0;0;0;0;0;0;0;0;0;0;2;0;0;0;0;0;0;0;0;0;0;0;0;0;0;0;1;0;1;0;0;0;0;0;0;0;0;0;0;1;0;0;0;0;1;0;0;0;0;0;0;1;0;3;0;0;2;0;1;0;0;0;0;0;0;0;0;0;2;0;0;0;0;0;1;2;0;2;0;0;0;0;0;0;0;0;0;6;2;0;0;1;1;0;0;0;0;1;0;0;0;0;1;0;0;0;4;0;0;0;0;4;1;0;0;0;0;2;0;0;1;4;0;0;0;0;0;2;0;3;3;0;0;2;1;0;0;0;0;0;2;5;0;1;0;0;0;0;0;1;0;0;0;0;0;0;0;0;0;1;0;0;0;0;0;1;0;0;0;0;0;0;0;0;0;2;1;0;0;0;0;0;0;0;1;0;0;0;0;0;2;0;1;0;0;1;0;0;1;2;0;0;0;0;0;0;1;0;1;0;0;0;0;1;0;0;0;0;0;0;1;2;0;1;7;0;0;1;0;0;0;0;0;0;0;0;0;0;0;0;0;0;1;0;2;0;0;0;0;1;0;2;0;10;3;1;1;0;0;0;2;0;0;0;0;1;0;0;0;0;0;0;3;3;1;0;0;0;0;2;0;1;0;0;2;0;0;0;0;1;0;0;0;0;0;0;1;0;0;0;0;1;1;0;0;4;0
04011000;12;0;0;0;0;25;0;6;0;24;33;15;6;0;21;377;0;0;0;0;2;1;0;28;0;0;53;1079;0;0;3;7;16;10;90;17;0;9;683;119;0;0;0;684;229;0;36;0;0;36;0;8;0;0;0;18;260;10;0;145;5;0;45;24;23;16;0;13;5;0;0;0;0;0;2;2;1;21;2;30;0;11;10;1;0;11;0;4;8;0;4;0;4;10;0;0;0;14;9;0;7;14;1;0;2;3;0;4;7;12;0;0;0;4;0;9;0;57;0;10;1;0;0;0;5;0;5;0;5;4;14;3;0;0;0;0;0;2;6;8;0;0;0;4;0;2;0;0;9;5;8;0;1;10;0;0;3;0;8;0;0;0;8;0;0;3;2;0;4;0;0;0;0;0;1;1;0;0;3;0;0;0;9;1;0;16;0;3;4;2;7;5;0;6;0;13;4;2;17;6;1;0;0;0;1;5;3;0;0;4;3;28;7;5;9;0;0;6;0;0;6;5;13;35;3;0;10;0;2;2;0;4;0;12;0;4;0;2;12;0;0;0;6;0;0;2;3;3;0;0;0;0;0;1;0;1;0;0;6;0;0;3;0;0;3;0;0;0;0;0;0;5;0;9;0;0;0;0;0;0;0;4;0;0;0;0;0;0;4;0;0;0;0;0;0;0;6;0;2;0;0;1;0;0;5;0;0;1;4;4;0;7;9;0;0;3;3;5;0;2;0;5;3;1;160;0;0;8;22;5;0;0;9;0;0;1;10;4;2;6;0;0;0;0;18;9;11;7;6;0;0;0;0;0;1;0;0;0;0;0;0;0;1;0;1;0;0;2;0;0;0;6;0;0;0;4;0;2;0;0;0;3;0;1;0;0;0;0;0;0;0;0;7;2;0;0;0;0;0;1
04012000;0;0;0;0;0;0;0;0;1;1;0;7;5;0;0;15;3;0;0;1;3;0;2;0;0;0;31;27;3;0;0;0;1;5;177;0;2;0;21;10;1;0;0;6;0;0;21;2;3;3;0;8;0;2;2;0;15;11;0;6;0;0;0;10;1;0;5;0;4;5;5;0;0;1;0;7;1;0;4;0;8;8;0;0;1;0;5;0;0;0;4;4;0;0;8;5;1;14;0;8;1;0;0;6;3;0;10;0;0;9;0;2;0;2;0;8;3;0;0;7;1;0;0;1;6;4;0;3;0;1;0;1;0;0;0;8;0;11;4;4;0;0;0;0;0;0;0;0;0;0;0;0;1;0;2;1;0;0;0;0;0;1;2;1;0;0;0;0;0;0;0;0;0;1;0;0;2;0;4;1;1;6;0;0;1;1;0;5;1;0;0;0;2;0;2;7;0;0;1;0;1;0;0;4;0;1;0;6;3;6;1;0;0;0;0;0;1;0;0;3;4;0;2;11;0;2;3;1;0;0;0;4;0;0;0;0;0;0;1;0;0;0;0;0;0;0;1;0;2;0;0;0;0;0;0;0;2;0;3;0;0;0;0;0;1;0;0;0;1;0;3;1;0;0;0;0;0;0;0;0;0;0;0;4;0;4;0;1;0;2;2;3;0;0;0;0;0;4;0;0;0;0;3;0;0;1;2;0;0;2;0;0;0;0;1;0;0;1;3;3;3;0;8;0;0;0;0;0;0;0;0;0;0;2;0;0;0;0;5;1;0;2;2;0;0;0;0;13;0;0;0;0;0;0;0;0;9;0;0;2;0;0;0;0;0;0;0;0;3;0;0;2;1;1;1;0;0;0;1;6;1;0;0;0;0;1;1;0;1;0;1;0;2;0;0;0;0;0;0;0
05111000;0;3;0;0;2;7;14;2;8;0;4;1;0;6;15;23;0;0;0;0;0;1;0;0;0;0;0;0;0;5;0;4;0;0;0;0;5;1;3;7;4;3;1;0;0;6;0;0;2;0;0;1;0;14;0;0;0;8;0;0;10;0;0;0;271;58;233;198;27;8;27;162;0;0;1803;1493;201;83;0;35;0;0;0;0;0;80;24;58;0;0;0;0;0;31;19;0;17;0;0;0;0;3;0;0;0;0;0;0;22;0;0;0;0;0;0;0;0;12;0;0;0;0;10;19;0;0;0;0;0;1;0;0;0;0;0;0;0;0;0;0;0;0;0;0;8;3;0;13;4;0;0;0;0;0;9;3;0;0;0;0;0;1;0;0;0;0;1;0;0;8;0;0;1;5;0;0;1;0;0;5;0;0;0;0;0;0;0;3;8;0;0;0;0;0;0;0;0;0;0;0;2;0;0;0;0;0;0;0;3;0;0;8;0;0;0;2;0;0;0;1;2;3;0;82;1;4;6;0;3;1;0;0;8;0;9;5;6;3;41;1;0;0;0;2;4;7;0;0;1;0;0;5;0;0;1;4;4;3;0;3;0;2;0;1;2;4;1;0;0;0;0;1;0;2;0;0;0;0;0;0;0;0;0;2;0;3;0;0;0;2;0;0;0;0;0;0;0;0;3;0;0;0;5;0;0;0;0;2;4;4;0;1;4;9;0;0;0;6;0;0;6;0;0;3;238;0;0;0;0;20;3;0;0;8;5;0;11;0;0;0;0;2;4;0;1;1;0;9;5;0;5;0;0;5;6;0;0;5;0;2;1;0;0;8;0;0;0;0;0;0;0;0;0;1;2;0;2;0;0;2;0;2;0;4;0;0;3;0;0;0;0;0;0;0;0;0;2;1;0;0
05112000;5;0;8;3;5;0;0;6;0;0;0;12;0;7;2;7;8;0;5;0;0;0;0;0;0;0;1;0;0;0;0;5;0;0;6;2;1;0;0;0;7;0;0;0;0;6;0;0;7;0;13;0;18;11;0;17;0;8;0;7;0;0;0;0;0;0;0;7;0;0;0;0;0;122;0;0;66;764;0;5;0;29;0;1;0;0;0;0;0;49;0;0;29;0;68;0;11;6;0;0;0;0;13;0;5;0;0;0;1;0;4;21;0;0;14;6;0;15;3;0;1;5;8;1;14;0;4;7;0;7;4;0;0;0;0;0;4;0;0;1;0;78;0;0;0;0;0;0;7;17;0;0;3;0;1;0;6;0;3;4;0;0;10;0;0;0;0;0;1;2;0;0;0;0;5;0;0;1;0;0;0;0;1;7;1;0;1;0;0;0;0;3;8;0;0;2;0;0;0;0;0;3;1;1;0;0;0;0;0;0;0;7;3;0;0;0;0;0;0;0;0;0;0;26;3;0;5;0;0;4;0;0;2;1;0;0;0;0;0;2;1;0;2;0;1;3;3;1;3;0;0;0;10;0;6;0;0;0;1;0;0;0;4;0;0;0;0;0;0;0;0;0;0;1;0;1;1;0;1;0;3;4;0;0;0;8;1;3;0;2;3;4;0;2;0;0;0;0;4;0;2;0;1;0;0;3;0;0;0;7;6;0;0;0;5;1;0;0;15;0;4;0;2;2;0;2;0;2;0;5;1;0;3;2;1;0;0;0;0;0;0;2;5;0;0;5;0;3;0;0;0;0;0;3;0;12;0;0;0;4;3;0;0;0;1;0;3;0;1;0;4;1;3;0;0;0;5;8;0;0;0;0;0;0;0;0;2;0;0;0;7;0;0;6;0;1;1;0;0;0
05113000;0;0;0;3;15;0;4;5;14;1;2;13;7;7;0;149;11;0;5;11;0;0;0;2;0;0;0;5;5;0;9;0;0;0;4;0;2;0;1;0;0;0;0;0;1;1;0;0;8;10;31;11;55;2;18;14;6;5;0;9;7;0;1;0;52;0;6;0;317;97;6;4;252;1413;692;507;161;623;0;111;8;56;62;0;64;29;29;57;86;216;177;437;127;36;392;1186;1;0;3;104;30;30;0;30;82;0;0;194;5;109;0;0;34;0;526;43;15;0;7;0;0;0;3;1;0;1;0;0;0;4;0;0;0;0;0;0;0;0;0;0;3;0;0;3;8;5;0;3;8;2;0;0;0;1;2;9;3;7;3;0;2;0;14;0;0;0;1;0;5;0;0;6;0;3;0;0;4;0;0;6;0;0;0;0;0;0;2;0;0;0;7;2;12;1;0;8;0;0;0;0;0;0;0;7;15;0;6;3;10;0;8;22;5;0;0;5;4;8;3;3;2;1;18;39;0;5;1;4;0;2;0;0;8;3;0;2;0;0;3;0;0;0;0;0;0;5;0;4;0;0;10;0;3;0;0;3;2;0;0;0;5;0;0;5;2;2;2;9;2;2;2;0;1;0;0;2;3;0;0;4;0;14;0;0;0;0;0;0;3;0;0;0;0;1;4;2;0;0;2;8;0;0;0;0;15;1;6;0;0;5;0;4;3;6;0;0;0;9;11;7;0;1;0;1;74;7;0;4;5;4;3;0;0;2;0;0;5;0;5;2;0;0;0;0;0;0;7;0;0;1;0;0;1;0;0;0;0;0;0;0;0;14;0;2;0;0;0;3;0;0;5;7;2;6;0;0;5;0;0;0;0;1;0;0;0;0;0;0;0;0;1;0;12;0;0;0;0;1;0;5
05114000;1;1;8;0;1;3;0;1;10;6;18;6;0;0;0;36;0;1;0;0;0;0;3;0;5;0;10;5;0;2;0;0;6;0;3;0;0;2;0;2;0;0;1;3;1;0;3;2;2;1;8;2;0;4;2;9;0;1;0;2;2;11;0;0;83;0;0;115;18;13;3;1;0;13;0;0;252;228;29;0;0;53;0;0;0;18;0;0;0;4;0;30;4;9;0;1;2;0;2;7;12;3;0;0;14;7;2;0;0;0;0;0;0;0;0;5;0;13;1;0;0;3;0;4;0;10;0;5;4;0;8;2;0;0;2;0;0;1;0;2;1;3;5;9;0;5;4;0;0;3;10;4;0;3;4;0;6;3;1;0;0;0;3;1;0;0;0;0;0;0;2;0;1;0;0;0;0;0;0;0;12;2;0;3;0;0;0;0;0;0;0;0;4;19;0;0;9;0;2;0;0;0;3;0;10;0;0;0;7;2;5;0;7;0;0;4;4;1;1;0;2;0;2;2;0;0;3;0;1;0;1;1;0;1;0;0;1;0;2;0;1;1;0;2;0;0;0;0;0;0;0;1;5;3;0;7;0;0;0;0;0;0;0;0;0;0;4;2;2;1;0;4;0;0;0;0;0;1;0;0;5;3;2;2;0;0;0;1;0;0;2;1;3;1;4;3;0;3;2;1;0;3;1;0;5;2;0;1;0;2;0;2;1;0;1;0;0;0;0;0;0;0;0;1;4;0;0;2;0;0;1;0;0;0;0;1;1;2;5;0;0;2;0;0;0;5;3;0;0;2;0;4;0;0;0;0;2;1;10;0;0;0;0;0;1;0;0;0;0;2;0;0;0;4;1;0;3;0;0;0;0;0;0;0;0;0;2;2;0;2;0;0;1;1;1;0;1;0;0;1
05116000;3;7;2;0;0;3;8;2;3;1;3;3;6;5;1;0;0;0;0;0;0;0;0;0;1;0;8;3;0;1;0;2;0;2;1;0;0;0;2;4;0;2;0;0;0;1;3;9;0;0;4;2;7;0;0;0;5;4;0;0;1;0;2;0;0;17;0;0;0;0;0;0;148;844;504;0;645;190;12;0;0;59;168;0;23;731;0;13;115;7;0;298;57;0;138;256;0;0;0;83;19;17;0;17;0;9;10;113;0;12;0;1;31;11;275;9;0;4;4;6;5;0;0;0;0;0;0;3;4;3;0;0;0;0;0;0;0;0;0;0;10;0;0;0;0;0;0;0;16;6;0;0;0;0;1;6;2;1;3;0;0;0;3;0;0;0;3;2;1;0;0;0;0;1;1;0;6;0;0;1;0;0;2;0;11;0;2;0;1;5;0;2;0;2;0;4;0;4;0;0;0;0;0;12;0;5;0;0;0;0;4;2;0;0;0;0;6;0;3;13;0;0;0;0;0;0;4;1;0;0;0;0;0;5;0;1;0;2;5;1;3;0;0;1;0;0;0;0;3;0;6;0;6;2;2;0;0;0;4;0;0;0;0;0;2;0;0;0;0;0;1;2;0;0;0;0;0;1;1;0;0;0;0;0;0;0;1;1;0;0;0;0;1;0;0;1;0;1;0;0;0;2;1;1;0;2;0;0;0;0;0;0;1;0;0;0;0;1;0;0;1;4;3;0;0;0;0;0;0;0;0;0;2;0;8;3;0;0;2;0;0;1;0;0;0;9;2;5;4;1;0;0;0;0;2;1;0;4;0;0;0;0;2;0;0;0;0;0;0;0;4;1;1;0;0;0;0;0;0;0;0;0;0;0;0;0;0;0;0;0;0;1;0;0;0;0;0;0;0;2
05117000;0;0;1;0;3;4;0;0;0;1;1;2;4;0;4;26;0;1;5;1;0;0;3;1;0;0;9;0;1;1;6;0;0;1;0;4;0;0;6;0;0;0;0;1;3;2;4;4;0;0;8;3;3;7;9;0;2;0;0;0;5;0;0;0;10;0;0;4;0;98;0;3;1;26;0;0;16;36;1;5;0;0;0;0;0;0;7;11;0;15;0;0;20;10;0;0;1;7;0;2;0;0;9;14;26;0;1;1;0;1;0;0;0;3;0;0;6;15;7;0;0;0;0;0;0;0;4;0;1;0;0;0;0;0;0;5;0;0;0;1;1;0;2;0;6;4;1;0;7;0;0;4;6;0;0;0;4;0;1;0;0;0;0;4;0;0;0;0;5;2;0;0;0;0;0;0;0;1;0;0;2;0;3;4;0;0;1;1;1;0;4;0;4;0;2;1;9;1;1;0;0;1;1;1;1;0;0;0;1;1;0;13;3;6;4;0;6;2;5;8;0;4;3;13;2;3;0;0;0;0;1;0;0;0;3;1;1;1;0;0;0;4;0;3;3;1;4;0;0;0;0;3;0;0;1;0;2;0;0;1;0;0;1;2;1;0;0;0;4;0;2;0;2;0;1;0;1;0;0;0;2;1;1;0;0;0;1;2;0;1;3;0;0;0;0;2;0;0;3;0;1;1;0;0;3;0;0;0;0;3;1;0;0;0;0;0;1;1;0;0;0;1;1;0;0;0;0;0;5;1;3;0;0;0;5;0;5;0;1;0;4;1;0;0;0;0;2;0;4;1;0;0;0;5;0;0;0;0;0;0;4;0;0;0;0;0;0;0;0;0;0;0;0;1;0;0;4;0;3;0;0;0;0;2;0;1;0;0;1;1;1;0;0;0;1;0;0;0;1;1
05119000;5;0;0;2;0;0;1;0;2;0;0;0;0;1;4;17;5;0;0;0;11;0;0;0;0;0;0;0;2;0;0;0;0;0;5;3;2;3;0;8;1;0;0;1;0;3;0;0;9;5;2;0;9;6;0;0;0;0;0;6;2;3;0;0;74;0;0;7;0;0;0;0;0;39;0;0;0;215;0;0;4;10;0;4;0;0;0;0;12;123;0;5;27;0;29;0;0;3;13;0;0;0;2;0;0;9;0;0;3;18;0;15;0;0;0;23;0;1;6;3;0;0;3;0;0;1;1;0;0;18;0;2;0;6;2;2;0;0;0;3;0;0;0;0;0;0;0;0;1;0;0;10;0;3;0;1;2;1;0;0;1;0;0;0;0;0;2;0;0;0;0;0;1;0;0;0;0;0;1;4;0;1;4;4;0;0;0;0;0;2;0;0;1;2;0;0;0;0;0;0;0;1;0;0;3;5;6;1;0;0;1;0;2;0;0;0;3;3;0;0;0;0;5;0;3;1;3;0;0;0;0;1;0;0;0;0;2;0;5;0;0;0;0;2;0;2;4;0;1;0;0;2;0;4;1;0;0;0;0;0;0;0;0;1;1;1;1;2;3;0;0;1;0;2;1;1;0;1;0;1;0;0;0;0;0;2;0;0;0;0;0;0;1;0;0;0;0;0;0;0;0;2;3;2;0;0;1;0;0;1;3;1;4;0;2;0;0;0;2;0;0;5;3;0;0;0;0;0;2;1;0;0;0;1;0;0;0;0;0;0;0;0;4;0;0;2;1;0;1;0;6;0;0;0;0;0;4;0;0;0;0;0;0;1;0;1;4;1;0;0;1;1;0;0;0;0;0;0;0;0;0;0;0;0;2;0;0;0;0;0;0;1;0;1;0;0;0;1;0;0
05120000;0;0;2;0;0;2;3;0;3;4;1;2;3;0;3;16;0;1;0;0;0;0;0;0;0;0;4;4;0;1;0;0;6;0;11;0;2;0;0;3;0;0;2;0;0;1;0;0;0;0;10;2;10;3;1;0;2;0;0;2;0;5;0;0;20;0;0;10;7;4;0;2;0;0;0;5;0;9;0;0;0;10;0;0;17;0;44;0;8;5;0;0;2;0;0;1;4;6;0;0;0;0;0;2;9;11;0;0;7;33;0;11;0;0;0;1;0;1;1;2;2;0;2;2;1;3;0;0;1;0;3;3;0;4;1;5;0;0;1;0;2;0;5;1;1;0;0;0;3;0;0;0;4;0;0;0;3;0;0;1;1;0;2;0;1;0;0;0;0;0;1;0;0;1;0;0;3;0;0;2;0;3;2;3;0;0;1;0;0;2;0;0;2;0;0;0;0;0;6;0;0;0;0;0;0;1;0;5;0;1;2;0;0;1;0;0;0;0;0;0;0;0;0;4;3;1;0;0;0;0;3;0;5;0;0;0;0;0;6;0;0;0;0;1;0;4;4;1;0;1;0;0;3;0;0;1;0;0;0;0;0;0;0;0;0;4;0;0;0;0;0;1;1;0;0;3;0;0;0;0;0;0;0;1;2;2;1;7;0;3;1;0;0;0;1;0;2;1;0;1;0;0;0;0;1;0;0;0;0;0;0;0;0;0;0;0;0;4;0;0;0;2;1;0;0;2;2;0;0;0;0;1;0;2;0;0;5;0;0;1;0;2;0;0;0;0;0;2;0;0;0;0;0;5;0;0;0;1;0;0;0;0;0;1;3;12;0;0;0;0;0;0;0;2;7;0;1;0;0;0;1;0;0;0;0;1;1;0;0;0;1;0;0;0;0;1;0;3;0;2
05122000;0;0;2;1;0;1;7;1;3;1;8;4;0;1;0;3;0;0;3;0;0;0;1;0;0;0;10;4;0;2;4;0;0;0;2;0;1;0;0;0;1;0;1;1;0;1;0;3;0;3;26;0;5;9;0;5;4;0;0;0;3;4;0;0;9;0;0;2;0;0;0;0;0;0;0;0;0;42;0;0;0;17;0;0;0;4;0;0;0;0;1;0;0;2;0;0;11;0;0;0;0;12;0;0;8;2;0;0;4;0;10;11;0;8;0;16;3;0;0;0;0;0;11;2;5;0;0;0;1;0;0;0;4;0;0;0;0;2;0;0;0;2;4;0;4;3;3;0;1;7;3;0;2;1;0;0;5;3;0;0;1;3;7;1;0;0;2;1;0;2;0;0;0;0;1;0;0;1;0;0;2;2;1;1;0;0;0;2;0;2;3;0;0;0;1;12;0;0;0;0;0;0;0;0;2;0;0;0;4;2;0;0;1;0;2;0;0;0;0;3;0;0;0;7;0;1;4;3;0;5;0;0;1;0;0;1;2;3;0;0;0;0;0;0;0;1;0;0;0;0;0;0;0;0;0;0;1;0;0;0;0;0;0;0;1;0;0;1;0;2;0;0;0;0;3;1;1;0;0;0;0;0;0;6;0;0;0;0;0;0;3;0;1;0;3;2;8;0;0;0;0;0;1;2;3;1;0;1;0;0;0;2;0;0;5;2;1;1;0;0;0;2;0;0;11;0;0;0;1;0;1;0;0;0;0;0;0;0;0;2;2;3;0;0;0;0;0;7;5;0;9;7;0;0;0;0;0;0;0;0;2;6;3;4;2;7;0;0;0;0;8;0;0;0;0;0;2;0;0;0;0;0;2;0;1;0;0;0;0;2;0;0;0;0;0;0;0;0;3;0
05124000;5;3;8;2;3;0;4;12;3;2;7;14;4;2;1;19;0;4;3;18;0;0;3;0;0;8;1;2;0;3;5;0;4;0;0;0;4;0;0;9;0;2;0;0;1;4;0;6;0;6;24;13;6;5;0;10;1;0;9;2;8;4;8;84;36;0;12;0;0;10;134;43;0;2;171;0;3;14;0;0;0;59;0;0;0;0;58;6;19;17;16;0;24;1;14;0;0;0;22;0;0;23;0;0;49;7;38;37;29;444;18;42;3;22;5;0;2;0;0;0;11;0;0;0;0;0;0;0;2;0;8;0;0;0;5;3;8;2;1;1;6;3;6;0;3;3;2;5;11;9;0;0;6;0;9;0;2;1;0;4;1;0;0;0;1;0;0;5;0;1;0;0;0;0;1;2;0;2;0;7;4;3;8;0;0;0;0;2;0;0;1;0;9;0;4;0;0;6;5;0;0;6;0;11;2;0;0;0;2;3;2;5;6;9;0;2;0;3;0;3;0;0;0;0;1;3;4;0;0;5;0;0;0;0;3;0;0;0;0;0;3;2;1;5;0;0;1;0;0;0;0;0;5;0;0;1;0;0;0;0;1;6;0;0;3;0;0;0;0;0;0;2;0;0;4;0;2;0;0;0;4;2;2;0;0;0;0;1;0;0;4;2;0;4;0;4;0;7;0;3;3;1;5;0;0;0;0;0;1;0;0;1;2;0;3;1;0;2;0;0;2;12;3;0;0;1;1;0;2;0;4;2;3;0;1;0;2;1;1;0;0;0;0;0;7;1;3;7;4;0;0;6;0;2;0;0;0;0;0;0;0;0;0;0;0;5;0;0;0;2;0;0;0;7;0;0;1;0;0;1;0;0;0;1;0;5;4;1;1;0;0;0;0;0;0;0;0;0;2;0
05154000;2;0;13;0;0;0;1;0;2;0;0;4;1;2;4;6;10;4;0;0;0;1;4;0;2;0;2;0;0;0;2;1;0;0;5;1;1;1;0;2;1;1;0;0;1;2;5;9;2;2;6;4;11;4;0;4;0;0;2;0;8;13;0;91;0;0;0;0;0;0;7;12;0;0;77;0;0;35;0;0;0;82;0;30;36;0;13;4;20;15;0;8;105;13;0;0;38;13;47;0;55;23;28;0;8;0;0;17;34;32;28;20;15;40;0;0;5;21;2;1;0;0;3;9;2;0;0;0;0;2;0;5;3;0;0;0;8;0;0;3;0;0;2;0;0;0;5;16;0;0;0;0;1;0;2;0;9;2;0;0;0;0;8;0;1;0;0;1;0;1;1;0;2;3;0;4;4;0;11;3;6;0;0;0;0;1;0;3;0;1;2;0;0;0;0;6;3;0;0;1;2;0;0;4;4;3;0;0;0;0;9;4;0;0;0;1;0;1;2;4;2;4;9;0;0;1;1;0;5;0;0;0;0;1;4;0;0;5;9;0;1;2;0;2;2;0;0;3;0;0;2;1;0;0;0;0;0;1;0;0;4;1;3;0;2;0;1;2;0;0;6;0;0;0;0;0;0;0;0;0;0;0;0;0;0;0;5;2;0;0;0;0;0;0;5;0;0;1;1;0;0;0;1;0;1;0;1;0;0;0;4;1;3;0;2;3;0;4;0;3;0;0;0;0;6;2;0;4;0;7;3;0;3;0;0;1;5;2;0;0;0;4;3;4;0;1;5;0;2;4;7;2;0;0;0;1;6;0;5;0;4;0;0;1;0;0;4;0;1;3;5;6;0;3;0;0;0;1;0;0;0;5;0;0;0;2;2;0;0;0;0;0;6;0;0;1;0;2;0;0
05158000;0;10;14;0;5;2;3;17;0;19;4;9;8;0;2;12;0;0;0;0;0;3;0;2;0;0;0;7;8;0;1;0;0;0;7;5;0;1;3;7;0;9;2;5;2;10;0;0;22;3;54;2;35;13;0;20;0;0;13;7;18;0;9;0;55;0;61;0;33;39;2;311;0;0;0;0;65;116;0;0;0;33;0;0;0;0;26;71;0;25;14;11;33;15;0;0;37;0;27;0;0;19;26;0;5;20;13;0;24;80;22;12;6;18;0;0;0;4;0;0;0;7;0;0;9;0;6;0;5;2;6;0;8;11;0;0;7;0;0;0;0;0;0;0;10;14;0;2;0;21;0;0;7;4;3;10;19;0;0;0;1;0;15;0;2;1;0;0;0;9;3;0;8;2;3;0;0;1;0;0;0;0;4;0;2;0;2;0;3;0;10;0;1;0;0;4;0;0;12;2;0;0;3;4;0;0;14;0;5;2;5;10;8;5;0;0;9;0;3;6;6;5;0;9;11;2;4;5;0;0;1;0;6;0;0;2;4;6;8;0;0;11;0;3;2;0;0;0;1;3;0;9;19;2;1;5;0;0;1;0;0;0;0;1;0;0;0;3;0;2;1;4;3;0;0;6;2;0;0;0;0;2;0;8;0;0;7;0;3;0;4;2;6;0;0;0;4;0;0;0;2;0;0;0;1;0;1;1;5;0;4;0;0;0;2;7;0;7;0;9;0;0;0;0;19;2;0;3;0;3;0;0;4;0;12;0;9;4;6;0;1;2;8;0;3;5;0;5;6;3;0;4;0;9;3;0;0;4;12;5;4;0;2;5;0;0;9;2;0;1;2;1;1;5;2;0;0;7;0;0;1;0;0;0;0;4;0;2;1;0;1;0;0;2;0;2;4;0;0;1
05162000;0;9;0;0;3;0;8;2;0;5;4;2;6;5;0;20;0;0;0;0;0;6;5;1;0;0;11;14;0;0;0;5;8;0;0;4;7;3;0;3;0;2;2;2;0;0;0;0;15;5;32;0;21;0;0;17;0;7;2;2;18;0;0;0;59;0;161;162;11;39;0;68;74;228;99;0;361;238;0;0;0;66;39;0;0;146;37;11;35;4;0;5;20;10;0;24;22;0;19;0;0;11;19;10;5;9;1;0;35;37;58;0;0;31;0;0;0;16;0;8;2;0;0;0;0;0;0;11;0;0;4;0;1;25;6;1;0;0;0;0;6;0;6;6;13;0;0;9;0;0;8;0;13;0;3;14;15;0;0;0;0;0;0;0;0;1;3;0;0;5;0;0;6;2;2;0;0;0;0;0;4;0;0;0;0;4;0;1;0;0;0;2;9;0;2;6;0;0;0;0;6;0;1;5;8;7;0;1;0;6;5;1;0;4;1;5;0;4;0;9;0;1;3;38;0;2;4;0;11;3;0;1;0;1;3;0;0;0;4;0;0;5;1;7;0;0;0;1;1;0;1;1;0;0;0;0;0;0;0;0;0;0;0;1;5;2;1;0;0;0;0;0;1;0;0;7;0;0;1;0;1;5;0;0;3;0;0;3;0;5;3;0;0;0;0;2;1;0;1;0;0;2;0;0;0;0;1;2;3;0;0;1;7;0;2;0;10;13;0;4;0;0;4;2;31;2;2;0;0;0;0;0;0;0;1;4;1;0;0;0;2;2;0;2;5;0;0;0;4;7;4;0;0;0;5;0;0;0;7;0;4;0;0;0;0;0;6;1;0;0;5;6;3;2;2;0;0;0;0;0;1;0;0;0;0;0;1;3;2;4;3;0;0;0;0;0;0;0;0;0
05166000;6;3;11;0;0;0;7;7;1;0;0;8;5;0;0;17;0;0;0;0;0;0;5;0;2;0;4;0;0;0;0;1;6;0;1;4;0;3;0;2;3;15;0;1;0;1;2;3;1;4;7;0;11;0;3;2;3;3;0;0;5;0;0;0;0;0;0;0;0;7;5;18;0;59;0;0;0;11;11;58;0;56;0;0;0;146;0;12;27;0;3;40;17;2;0;0;17;15;30;0;0;0;0;0;20;24;0;0;13;13;5;19;7;6;0;16;1;6;0;6;0;1;0;0;7;0;0;0;0;2;1;1;2;5;0;2;0;0;0;0;0;0;0;0;5;0;2;3;7;0;0;0;1;4;0;0;10;0;0;2;0;0;2;0;0;0;0;0;0;3;0;5;0;0;0;5;0;0;2;0;5;0;0;0;0;4;1;0;0;0;1;1;2;0;0;11;0;2;4;0;0;0;5;0;0;0;2;0;0;0;1;0;0;4;1;0;0;0;6;6;2;0;3;0;0;0;8;0;2;7;0;0;1;0;0;0;5;0;6;0;0;3;2;8;0;0;0;0;0;0;1;3;0;0;7;0;0;0;3;2;0;7;0;0;1;0;0;2;0;0;2;0;3;0;0;3;0;1;0;0;2;2;1;1;1;0;4;0;0;1;0;0;1;0;2;2;1;3;0;1;1;0;0;4;8;0;0;0;2;5;0;5;0;0;0;0;2;0;1;0;0;0;0;0;16;0;0;0;1;1;3;0;0;5;0;3;0;0;0;0;1;0;2;2;1;0;0;2;13;2;0;5;3;2;0;7;2;0;3;2;0;0;0;0;2;3;2;2;3;0;0;1;0;0;2;0;0;0;0;3;0;0;3;0;3;0;0;0;0;0;1;0;0;0;0;1;0;2;0;0
05170000;0;0;8;0;12;6;8;1;0;0;0;1;0;1;2;14;0;0;7;2;0;2;6;1;0;0;0;2;7;0;0;1;8;0;8;0;1;5;4;2;0;8;0;0;0;0;0;10;5;7;1;5;16;2;13;12;0;6;1;0;25;0;5;0;0;0;0;0;0;0;0;0;0;0;0;0;0;0;0;0;19;5;0;0;0;0;17;0;0;0;0;0;189;0;0;0;7;0;4;0;0;6;21;0;0;0;0;0;6;16;19;13;0;0;0;0;2;0;4;3;2;0;9;0;0;0;2;3;0;0;5;4;0;0;0;0;0;0;2;0;8;0;2;0;6;0;7;0;0;0;2;0;7;0;0;2;2;0;0;0;0;0;2;0;0;1;0;0;0;0;2;0;0;3;0;0;0;0;0;0;0;2;0;0;0;6;6;0;1;1;0;0;1;0;0;12;0;0;0;0;0;2;0;0;2;5;0;0;0;0;8;5;3;0;4;0;0;0;0;0;0;2;0;8;0;0;1;0;2;0;2;0;0;4;0;1;3;0;7;0;1;7;0;0;2;1;3;4;4;4;0;0;5;2;0;2;2;0;0;0;2;0;0;0;0;0;2;0;2;0;0;0;0;0;1;2;0;0;6;0;0;0;0;5;0;1;1;0;0;0;1;1;0;0;7;0;4;2;0;0;2;4;0;0;0;1;0;0;0;2;0;2;0;8;0;1;2;3;0;0;0;0;1;0;36;1;0;1;0;1;2;0;3;2;0;2;3;3;0;5;0;2;0;2;0;2;3;0;0;0;5;0;0;0;1;3;0;2;6;1;0;0;0;3;3;0;0;3;4;3;3;2;1;6;2;0;3;0;0;1;2;0;0;0;1;1;1;2;0;2;0;3;0;0;0;0;0;0;1;2
05314000;0;14;12;0;2;4;1;5;6;4;5;6;0;5;0;93;24;0;0;0;0;0;14;0;0;0;0;0;0;0;0;0;0;0;1;5;0;5;1;3;0;0;0;3;0;2;9;0;0;3;0;1;17;2;1;7;6;0;0;4;0;0;0;132;28;27;0;0;0;6;22;46;30;26;21;12;0;23;0;210;38;0;437;177;701;304;34;0;1940;0;6;95;0;18;117;77;5;0;0;12;52;0;19;0;52;0;9;35;0;44;9;0;127;0;161;0;1;31;18;0;0;0;8;0;14;0;0;0;5;8;0;1;0;0;0;0;4;0;0;11;0;5;4;91;28;0;3;4;5;191;2;0;17;0;14;0;0;0;0;0;0;0;38;0;0;0;0;1;0;1;0;0;1;5;0;3;2;0;6;14;0;3;0;0;0;0;0;0;2;3;0;3;3;0;1;12;0;2;20;0;6;0;0;0;5;9;9;0;5;1;12;9;0;12;3;0;7;1;3;11;10;0;0;115;0;0;7;0;0;1;1;2;0;12;4;0;2;0;9;0;0;12;0;3;7;3;0;1;1;0;0;8;4;0;5;1;2;0;5;0;0;3;0;0;0;3;0;1;0;4;3;0;0;0;4;0;1;1;0;2;2;1;3;12;4;0;4;0;0;0;3;2;0;1;0;1;2;0;1;2;0;0;0;0;9;0;1;3;0;2;0;3;0;0;0;3;0;0;0;0;5;0;0;0;232;0;6;0;5;4;0;0;0;0;5;2;6;5;0;0;0;2;0;0;3;0;0;5;2;9;3;9;4;0;1;0;0;0;1;0;5;34;1;0;0;1;0;1;0;1;3;1;4;0;2;1;3;0;7;2;0;0;4;0;3;13;0;1;0;0;0;2;0;2;1;0;2;0;0;0
05315000;0;0;8;2;18;3;2;9;0;8;4;18;7;0;0;218;0;0;0;0;0;0;0;0;0;0;0;0;0;0;3;0;0;0;1;19;8;6;0;0;1;6;0;6;0;15;0;0;0;0;28;0;0;19;0;6;0;0;0;5;0;0;10;0;0;0;2;15;0;0;39;34;64;96;295;296;0;3;0;0;421;0;1117;2562;976;566;226;1215;1513;0;0;0;0;0;148;134;0;0;0;11;13;3;9;0;0;0;6;114;1;15;0;0;26;0;416;21;0;0;0;0;2;0;0;0;0;1;0;0;0;0;0;15;0;0;0;0;0;0;0;12;0;5;0;6;0;0;8;1;0;26;0;0;0;0;0;15;27;0;3;0;0;0;0;1;0;0;0;0;0;11;0;1;0;2;3;7;0;1;0;0;0;3;0;0;0;0;0;0;15;0;0;7;0;0;0;0;0;0;0;4;0;0;0;0;0;0;0;0;5;3;0;11;5;0;0;0;0;0;0;11;0;2;0;15;0;0;3;8;0;0;0;0;0;0;4;0;0;0;0;0;0;0;0;0;10;0;0;0;0;3;0;5;1;2;1;1;4;0;0;0;0;0;0;0;0;2;0;0;0;0;0;1;4;1;0;0;0;8;0;0;1;0;5;0;0;1;0;0;0;6;0;0;0;8;0;0;0;1;0;0;0;0;0;0;0;2;0;3;4;3;3;1;0;1;5;0;0;25;0;0;4;0;11;8;529;6;0;3;22;0;11;0;0;3;6;3;11;0;0;4;0;2;3;0;4;0;9;8;0;15;5;11;0;0;0;0;0;7;7;2;0;2;0;0;0;0;0;0;0;10;0;0;3;0;0;0;8;10;0;0;0;1;0;0;0;0;0;0;0;0;0;0;0;0;0;0;0;2;4;0
05316000;0;4;0;1;10;1;8;6;2;0;3;0;1;0;1;0;2;0;0;0;2;1;0;2;0;0;3;2;0;0;0;0;6;2;4;0;0;4;4;1;0;1;0;0;0;10;5;0;2;5;9;5;3;1;7;9;0;6;2;9;6;7;0;3;1;0;7;2;2;0;36;40;11;2;183;22;11;0;0;0;0;0;0;9;0;0;9;144;16;0;10;0;8;0;0;0;3;3;0;0;0;3;0;9;10;0;3;3;0;12;10;0;6;0;0;4;0;0;0;0;4;0;0;1;8;0;0;0;0;0;1;4;0;0;1;0;0;0;0;1;8;0;3;3;3;0;0;6;8;0;5;0;7;0;0;4;1;0;1;0;1;7;3;0;0;0;4;0;2;0;2;0;0;0;1;0;3;0;4;0;0;0;0;2;0;0;1;0;1;0;1;0;0;0;0;0;6;5;0;0;0;0;0;0;0;0;2;0;0;0;9;8;0;1;0;0;6;0;0;3;0;2;0;1;0;4;0;0;0;1;1;0;0;0;1;2;0;1;2;0;2;5;3;0;1;1;0;1;1;0;0;1;1;0;0;0;4;0;0;0;5;0;0;0;0;0;0;0;0;3;0;0;1;1;0;0;0;0;0;3;1;0;2;0;0;0;0;0;1;0;1;0;0;0;0;0;0;0;0;0;3;0;1;2;1;0;1;2;1;0;0;1;0;1;0;1;0;0;0;1;1;0;1;0;0;0;0;0;0;0;0;0;0;0;0;1;1;0;0;0;0;0;0;0;0;0;0;3;1;0;0;1;0;2;0;1;0;0;1;0;1;4;6;0;0;1;0;0;1;3;1;0;2;2;1;1;1;0;0;3;1;1;0;0;0;0;1;0;1;1;0;0;1;0;0;0;0;0;1;0
05334000;2;0;10;8;2;0;0;8;16;7;2;3;0;0;0;146;0;1;12;1;0;0;6;10;0;0;0;7;1;0;0;0;9;8;0;0;1;0;0;0;0;4;0;12;0;4;0;0;2;3;0;1;5;2;0;6;0;0;0;2;8;0;0;259;0;0;0;0;5;0;0;0;0;0;0;0;0;0;2;405;0;0;0;0;0;62;0;0;0;0;9;52;0;5;0;0;0;0;0;0;0;0;2;0;11;0;0;0;8;0;11;0;0;10;0;0;0;62;0;18;17;0;11;0;13;8;0;0;0;0;0;0;0;0;0;0;0;0;9;1;13;0;29;0;5;2;1;14;0;5;8;0;0;0;0;9;8;0;0;0;0;8;18;0;1;0;6;1;0;0;0;3;1;0;4;3;0;4;39;23;2;5;32;0;0;0;5;8;0;10;10;1;21;7;0;0;19;3;6;0;3;14;0;18;0;10;3;1;0;6;6;2;11;20;0;0;8;4;5;29;0;0;28;248;0;5;0;5;1;4;0;4;14;5;2;4;3;5;28;0;2;0;1;0;0;3;0;7;3;0;0;6;1;0;0;0;0;0;6;0;0;0;1;2;4;2;0;2;0;0;5;0;1;0;0;2;0;0;2;3;1;6;0;21;0;0;0;0;0;3;0;0;0;0;11;0;1;0;3;2;0;3;2;0;25;0;0;0;0;0;2;0;8;0;4;8;4;7;0;0;0;3;0;0;195;6;0;0;0;4;0;0;0;1;1;0;0;2;1;0;3;6;0;0;0;3;9;0;0;0;0;0;0;0;0;0;6;2;6;5;0;3;0;13;2;0;0;2;0;0;0;3;0;0;0;17;0;0;2;0;0;0;0;0;0;0;2;0;0;1;0;4;0;3;0;2;2;2;6;0
05358000;0;0;1;1;7;8;15;2;5;3;6;0;3;1;0;4;0;1;0;0;1;1;0;1;0;0;1;5;0;0;1;4;5;0;12;0;1;2;3;0;0;5;2;0;0;6;3;2;3;0;0;1;6;12;0;1;0;0;1;0;6;0;6;37;23;0;9;0;11;1;7;14;5;24;42;0;6;96;0;0;10;27;0;0;0;0;34;0;39;4;31;0;10;14;0;0;10;0;21;0;0;14;13;2;9;20;8;0;1;34;24;5;0;0;0;0;0;29;0;6;0;0;4;0;6;0;1;2;1;0;0;0;0;5;0;2;4;0;0;0;0;0;3;3;7;0;1;4;1;5;4;3;0;0;3;1;13;6;0;0;0;0;0;4;0;2;1;1;0;4;0;0;0;0;0;0;1;3;0;3;3;0;2;3;7;0;1;0;0;1;5;3;4;3;0;0;3;0;3;0;0;0;3;0;1;0;10;6;3;4;3;1;0;0;2;1;0;0;0;0;2;0;0;24;3;1;0;0;2;3;3;3;0;1;0;0;0;0;0;1;0;1;0;1;0;0;0;1;6;0;0;0;0;3;0;0;0;0;0;0;1;0;3;0;0;3;0;0;0;1;0;0;0;3;0;0;3;0;0;1;1;2;0;0;0;1;0;1;0;0;0;0;2;0;0;0;2;1;0;0;1;1;0;0;0;0;0;1;1;1;0;0;1;2;2;0;0;0;0;2;0;0;4;0;39;1;0;1;0;1;3;0;0;0;1;4;0;0;2;0;1;0;0;1;0;3;0;0;0;5;0;3;1;0;0;0;0;0;0;0;6;3;4;0;0;0;0;1;7;0;0;0;0;0;0;0;5;3;1;0;0;0;0;4;1;0;0;5;0;1;3;0;0;0;0;0;0;0;1;1
05362000;13;5;4;2;6;0;0;0;10;0;1;1;9;0;6;113;2;0;10;0;0;3;0;0;0;0;4;0;4;0;6;4;7;4;4;2;2;5;0;23;2;3;0;4;0;0;4;5;0;0;23;1;15;10;7;19;8;0;8;5;4;0;6;46;0;3;24;31;12;0;29;21;20;0;18;52;19;16;0;0;0;45;333;0;215;0;68;0;0;0;6;0;0;0;0;5;0;24;7;0;0;8;0;0;17;34;4;0;0;2;0;0;0;26;0;1;0;16;0;0;0;0;0;5;3;0;4;0;1;18;4;0;0;0;0;8;0;0;7;8;0;0;3;0;19;10;10;12;16;27;11;13;0;3;0;31;23;3;0;6;10;0;0;0;0;1;5;0;0;3;1;0;6;2;2;3;0;3;1;11;0;0;0;0;0;0;0;0;0;0;4;1;3;0;8;0;0;3;0;0;0;0;0;0;2;5;0;18;7;8;0;36;0;0;1;0;5;1;5;2;8;4;10;0;0;0;3;3;9;3;2;0;2;10;17;0;0;1;10;0;6;2;4;6;3;0;0;3;1;0;0;7;0;2;0;0;3;0;1;0;2;1;0;0;2;0;1;1;3;0;0;0;0;0;1;11;0;0;2;2;0;0;0;0;0;0;4;0;1;2;0;0;0;0;0;4;9;0;0;2;2;5;0;0;2;0;0;0;6;2;4;0;3;4;0;1;1;0;0;0;0;0;0;2;68;0;1;4;0;0;0;1;0;0;0;6;7;0;8;5;3;1;1;0;2;1;7;2;8;1;0;0;0;6;6;0;0;5;8;4;4;0;6;1;0;0;4;0;0;5;10;0;2;0;6;0;0;0;0;1;0;0;3;10;5;0;4;0;0;0;1;0;0;0;0;0;0;0;0;0
05366000;2;0;0;0;0;0;0;4;5;5;0;6;3;7;0;0;2;0;2;0;3;1;0;0;0;0;1;9;3;0;0;0;0;5;11;2;4;1;0;0;0;3;0;0;2;0;2;0;1;0;6;0;2;1;0;6;3;0;1;2;3;8;0;5;24;0;0;0;23;6;0;28;11;0;55;21;25;67;0;0;14;62;90;0;0;0;28;13;0;3;31;0;0;35;17;0;21;0;18;0;0;28;16;16;10;28;14;0;11;16;13;26;0;28;13;4;0;1;6;4;0;0;0;3;0;1;2;0;0;1;0;0;4;0;0;0;1;0;3;0;1;0;14;13;20;0;7;12;1;4;0;0;3;9;8;3;0;4;4;0;2;0;4;6;0;0;0;0;0;3;0;0;2;0;5;3;0;3;0;0;3;0;3;1;5;0;4;2;1;0;0;0;2;0;1;5;1;2;3;0;0;3;2;4;4;2;1;0;0;0;5;2;4;0;0;6;0;0;0;0;2;1;2;8;1;0;1;0;0;0;0;0;6;0;0;0;0;0;0;2;0;1;4;0;0;3;0;0;0;0;2;1;0;1;0;0;0;1;0;3;0;0;1;1;0;4;0;0;0;0;0;0;0;0;0;1;0;0;0;0;0;0;1;0;0;0;0;0;0;0;5;0;0;0;3;0;1;0;0;0;1;0;0;1;0;2;1;0;0;0;0;0;0;0;6;1;0;0;1;0;0;4;6;0;0;0;0;0;0;2;3;0;1;0;0;0;2;0;2;2;4;1;0;0;3;0;4;2;0;5;0;0;6;0;0;0;0;2;2;0;0;0;2;1;0;1;1;0;1;1;2;2;4;0;0;0;0;0;0;1;2;0;4;0;0;1;0;0;0;0;0;0;0;0;1;2;3;1;0;1
05370000;1;4;0;0;3;3;0;5;1;1;6;8;2;0;5;14;7;1;0;0;2;1;3;1;0;0;6;9;0;0;0;5;0;8;2;1;1;0;5;10;0;0;0;0;0;1;0;0;0;0;8;0;4;4;1;0;0;1;2;0;0;0;5;0;6;0;0;0;8;19;6;0;41;47;21;0;0;58;0;0;24;0;51;16;80;0;40;0;234;8;0;0;4;7;0;4;15;0;8;0;0;5;28;4;0;1;19;0;11;11;5;18;3;0;2;0;0;0;0;0;1;0;0;0;10;0;0;0;7;0;3;3;2;2;0;0;10;3;9;0;0;1;5;0;4;0;5;0;3;0;2;0;0;8;0;5;16;0;0;0;2;0;0;0;0;0;0;0;0;4;2;5;0;0;0;0;0;0;5;6;0;0;7;0;0;0;0;0;0;0;0;5;0;0;0;3;6;0;0;1;0;1;5;0;1;1;6;2;0;2;0;0;4;1;2;0;1;0;1;0;0;0;0;17;1;0;1;0;0;0;0;0;1;9;0;0;0;1;7;0;1;0;1;1;1;0;1;0;0;0;0;0;0;0;0;0;1;0;2;2;0;0;0;1;5;0;0;2;2;0;1;0;0;0;0;4;0;0;1;1;0;3;0;2;0;0;0;0;0;2;0;1;0;0;4;1;0;2;0;0;2;0;0;2;0;2;0;0;0;0;0;0;6;0;0;0;7;0;0;1;0;3;2;1;0;0;0;2;0;2;6;0;0;1;0;0;3;2;2;1;0;1;2;1;0;0;0;3;2;3;0;0;0;0;0;0;6;0;5;0;5;0;0;0;0;1;5;0;1;0;0;4;3;0;0;0;0;0;3;0;0;0;0;0;0;0;0;2;0;4;1;0;0;0;1;2;0;0;0;1
05374000;7;4;0;0;0;0;6;0;0;5;0;0;3;1;1;10;12;0;5;2;2;0;0;0;0;0;0;0;0;0;0;3;0;7;0;3;3;6;0;0;1;1;0;0;2;2;0;0;8;0;1;0;6;0;3;14;0;0;1;1;1;3;0;0;11;0;6;17;0;5;0;2;0;0;0;0;4;0;0;0;0;11;0;0;0;0;0;0;0;0;11;1;0;3;0;7;1;0;0;0;0;0;0;11;0;15;13;0;3;0;0;36;0;28;0;29;7;0;2;1;2;5;0;0;0;0;0;5;0;3;0;0;5;9;0;0;5;1;4;0;0;6;5;0;51;0;2;4;0;0;3;6;11;2;2;1;0;0;0;1;2;2;0;0;2;0;0;0;0;2;2;0;0;3;0;2;0;6;5;0;0;0;1;1;10;9;1;0;2;0;0;2;3;0;4;0;0;0;0;2;3;0;2;9;2;4;0;0;2;3;6;0;11;7;2;0;1;0;4;7;0;7;3;7;0;3;1;4;4;0;2;0;4;2;0;0;2;2;4;1;0;3;0;0;0;0;0;0;0;0;0;5;0;0;1;0;10;1;5;0;2;1;0;0;0;0;0;0;0;0;0;1;1;1;0;0;0;1;0;0;1;0;1;8;4;2;1;1;1;0;0;0;0;0;0;8;0;0;3;1;0;0;0;3;5;0;3;0;1;0;1;0;1;1;4;2;1;0;5;0;9;0;3;0;4;0;2;5;0;0;3;0;2;0;0;4;3;2;1;0;0;0;0;0;1;0;5;10;0;0;0;0;0;2;0;0;1;0;0;0;3;0;6;1;5;0;16;0;0;2;0;0;0;5;1;1;0;4;0;0;2;2;2;0;0;0;0;0;0;0;0;1;0;0;0;1;0;0;2;0
05378000;0;0;0;4;0;0;12;4;0;0;0;8;2;0;1;14;2;0;0;3;3;0;0;0;0;0;0;4;0;5;0;0;0;0;9;3;0;2;4;3;1;1;0;2;0;0;1;0;2;1;14;3;11;4;0;9;7;5;0;1;11;0;1;0;23;0;5;0;0;1;12;48;0;0;0;0;0;23;31;0;0;56;1;4;0;13;344;0;97;7;0;0;0;8;0;2;0;0;0;0;0;7;5;6;19;2;0;0;5;10;25;24;0;0;0;3;3;16;0;9;7;0;0;1;0;0;0;0;0;0;0;0;6;7;0;5;0;0;0;7;4;6;7;0;15;1;1;3;10;4;0;9;0;0;1;10;14;4;0;0;2;1;18;0;0;0;0;0;1;5;0;0;2;0;4;4;0;0;0;0;0;3;5;0;0;0;0;1;0;0;9;0;2;0;0;13;0;0;7;0;1;1;1;6;0;0;2;2;0;0;10;0;0;4;5;6;1;0;0;0;0;0;2;10;0;1;1;0;2;0;2;0;7;1;4;0;4;0;0;0;1;10;4;0;0;1;0;0;1;0;1;1;2;0;2;3;0;4;0;0;0;0;0;1;5;0;1;2;1;2;0;2;0;0;0;0;0;0;0;0;1;2;0;0;0;1;1;0;0;0;4;0;0;1;0;0;2;0;0;0;0;0;0;0;0;0;0;4;0;1;0;4;5;4;0;0;0;8;0;2;0;0;0;0;44;0;1;2;6;4;0;0;2;0;0;0;0;2;0;0;0;8;1;2;3;0;1;0;0;6;1;3;0;1;0;2;0;6;9;9;3;0;0;4;0;2;0;0;0;0;0;0;3;2;0;3;7;1;7;0;0;0;0;2;0;5;1;0;4;0;0;0;0;0;0;0;2;0;2;1
05382000;0;16;0;6;0;12;19;15;12;6;12;22;1;1;17;31;0;0;0;0;0;0;2;2;4;0;28;1;1;4;1;1;3;0;23;1;0;9;0;13;6;0;2;0;4;0;0;2;0;1;24;4;9;13;15;23;12;20;0;0;12;0;3;18;5;0;11;0;23;0;0;29;0;0;49;0;0;51;0;0;0;67;0;109;230;0;196;0;0;2;2;10;2;7;0;0;15;0;14;0;0;0;21;16;33;0;0;0;12;23;0;30;0;22;0;0;0;12;0;0;0;1;0;0;14;0;3;0;6;0;0;0;1;1;0;0;13;1;2;0;0;4;33;155;220;7;5;29;31;478;0;24;18;0;3;1;16;0;4;0;0;2;25;4;1;6;0;0;5;0;0;0;0;1;0;5;2;0;0;0;1;1;0;0;5;2;3;0;9;1;0;4;0;0;0;8;10;0;16;2;0;0;0;6;11;7;21;1;4;0;8;7;9;3;4;0;0;0;1;13;1;0;0;4;0;0;6;1;1;0;0;1;6;0;0;2;0;3;0;10;0;9;2;0;0;1;0;0;4;1;0;2;0;0;0;2;2;0;0;2;0;0;6;4;1;0;1;0;0;0;3;1;2;3;6;5;0;1;0;3;2;7;1;0;0;0;0;3;4;4;0;0;0;0;0;1;0;0;0;0;0;1;0;0;0;0;0;0;5;7;4;0;0;3;8;0;1;16;0;2;1;3;0;0;45;3;0;0;4;0;0;0;0;5;6;1;4;0;3;4;1;4;0;2;1;9;10;12;15;8;0;8;4;11;6;2;0;0;0;0;0;9;0;2;3;0;0;14;0;1;0;11;1;2;3;2;1;1;0;0;5;3;1;0;2;0;4;0;0;0;0;2;1;4;2;0;1;0;0;0
05512000;0;0;0;0;0;0;0;0;3;3;0;0;0;0;1;8;8;0;0;0;0;0;0;0;1;0;2;1;0;0;0;3;3;3;0;7;0;1;0;0;0;0;0;0;0;0;2;0;7;0;0;3;11;0;0;0;1;0;1;6;0;2;0;17;0;0;0;0;0;0;0;0;0;0;0;0;2;46;0;5;4;10;0;1;0;0;1;0;0;0;0;4;38;0;0;0;0;4;4;2;0;7;0;0;0;11;0;0;0;0;0;3;0;3;0;0;4;5;0;2;0;5;1;0;3;1;1;1;1;0;1;1;1;0;0;0;0;0;0;0;0;0;1;1;0;0;1;0;0;0;1;0;1;0;1;2;0;0;0;0;1;2;0;1;0;0;0;0;0;1;0;8;0;0;0;0;0;0;0;0;0;0;0;1;0;0;2;0;2;1;2;0;1;0;1;1;0;0;1;0;1;0;0;0;0;0;3;0;0;0;4;1;0;0;0;0;0;0;0;1;0;0;0;11;3;1;0;0;2;4;0;0;0;0;0;0;1;0;1;3;0;0;1;1;2;1;0;0;1;0;3;0;0;0;0;0;1;0;0;0;0;1;0;0;0;0;1;0;0;0;0;0;0;0;0;0;0;0;0;0;0;0;0;3;0;1;1;0;0;0;0;0;0;0;1;0;0;0;0;0;0;1;0;0;0;0;0;0;0;0;0;0;0;2;1;1;1;3;1;0;0;1;0;0;0;0;0;0;0;0;0;0;0;0;0;2;0;1;0;0;0;0;0;0;0;2;0;3;0;0;0;0;0;0;0;0;0;1;0;0;0;0;4;0;0;0;0;0;1;0;0;1;3;0;1;0;1;0;1;1;1;0;0;0;0;0;0;0;0;0;1;0;1;0;0;0;0;0;0;0
05513000;0;0;7;0;0;0;10;4;0;0;0;0;0;0;0;0;12;4;2;0;0;4;10;3;8;4;0;0;3;6;0;9;3;0;5;0;0;2;0;0;1;0;0;6;1;0;4;0;6;3;8;0;24;2;0;0;0;14;5;0;3;0;0;24;35;0;12;3;13;36;10;0;0;1;0;5;0;30;0;15;0;0;0;0;0;0;0;6;0;57;0;0;34;4;442;0;0;28;22;0;0;0;2;0;0;59;0;4;0;33;17;0;5;0;0;25;0;0;0;0;10;0;0;1;0;3;0;0;0;0;0;0;0;0;0;1;0;0;0;3;2;0;1;0;0;0;0;0;0;0;6;0;4;0;0;0;0;1;5;2;2;0;4;0;2;0;0;0;0;0;0;4;0;0;0;0;0;0;0;0;0;0;0;0;0;0;0;1;0;1;0;2;2;0;0;1;0;0;0;0;0;0;0;0;5;0;0;0;10;0;0;8;12;0;0;0;3;0;0;0;0;0;2;0;0;2;1;0;0;4;0;5;4;0;6;0;0;0;0;0;0;0;1;0;0;0;0;0;0;2;0;0;3;0;0;0;1;0;1;0;0;0;4;0;1;0;0;5;2;0;0;0;6;0;0;0;0;0;0;0;2;0;0;0;0;0;1;1;0;0;2;0;0;4;1;1;3;1;0;0;0;0;0;0;0;2;0;0;0;0;1;2;0;0;0;1;0;0;0;6;21;1;0;0;0;0;0;0;2;0;2;0;0;0;0;1;4;0;1;0;0;0;1;0;0;0;0;6;3;0;0;9;0;1;0;0;5;3;0;0;0;0;0;0;4;0;0;0;3;0;1;2;0;0;0;0;0;1;0;0;0;0;0;0;0;0;0;0;0;0;0;0;0;0;0;0;0;0;1;0
05515000;0;10;0;0;0;0;5;0;0;0;4;0;0;0;0;168;0;0;0;0;0;3;0;0;0;0;0;23;0;0;0;0;0;0;0;0;3;0;0;0;3;1;2;0;1;0;0;0;0;0;0;0;0;6;0;0;0;0;0;0;0;3;0;199;36;0;0;0;6;0;6;0;6;0;0;0;0;22;0;60;2;0;4;41;1;6;0;5;0;0;6;0;45;497;0;290;503;0;0;0;0;0;0;0;4;0;0;0;17;17;0;0;0;0;0;0;0;22;0;18;0;0;0;0;0;0;2;0;2;0;0;0;3;0;0;0;0;0;0;4;0;2;0;0;0;0;1;0;0;0;1;0;0;0;7;0;0;5;0;2;0;0;5;0;3;1;0;1;2;0;1;4;2;0;0;0;0;0;0;5;0;0;0;11;3;0;0;0;2;0;1;0;0;4;0;0;0;0;7;5;0;1;0;0;4;2;0;0;0;0;0;7;6;0;0;0;0;0;4;6;7;0;0;56;4;0;4;1;0;0;0;0;0;0;2;0;0;2;3;0;0;1;0;4;7;0;0;0;0;0;0;0;0;0;0;0;1;0;0;1;0;0;1;0;0;2;0;0;0;0;1;0;1;0;0;0;1;1;0;3;0;0;0;23;2;0;2;0;8;0;0;3;5;0;0;5;0;0;0;0;0;2;0;15;3;0;2;2;0;0;0;0;5;2;0;1;1;3;2;0;0;0;5;0;183;6;0;0;0;5;5;0;0;1;0;1;0;0;0;0;0;0;0;0;0;0;6;0;6;1;0;0;0;1;1;3;0;0;3;0;0;25;0;5;0;0;0;0;1;0;0;2;2;2;0;2;0;0;0;1;0;1;6;0;0;0;0;0;0;0;1;0;0;1;0;0;0;0;0;1
05554000;1;0;3;0;0;5;0;9;3;4;0;0;1;2;0;0;0;0;3;0;0;0;0;0;0;0;0;7;0;0;1;2;6;0;1;2;0;0;5;9;0;0;3;0;0;0;7;0;0;0;4;0;12;0;76;3;4;2;8;0;4;0;2;9;0;0;0;0;0;0;0;1;0;0;0;0;0;0;16;56;0;9;0;6;5;0;1;3;0;0;0;0;0;0;0;0;0;0;23;0;0;0;0;0;16;23;4;0;0;0;0;6;0;0;0;0;0;0;6;0;0;7;8;2;0;4;0;0;2;6;17;0;5;8;2;0;0;0;6;6;0;0;0;5;0;0;0;2;0;5;0;0;5;0;0;0;0;0;0;0;0;2;0;0;0;0;0;0;4;0;5;0;0;0;0;0;0;3;0;0;4;0;0;0;0;0;5;0;0;0;0;0;1;0;0;0;2;0;0;0;1;0;0;10;16;1;0;2;1;5;1;2;0;2;2;5;4;3;7;0;3;0;0;0;1;0;0;0;0;1;0;0;0;1;0;2;0;0;0;1;4;0;0;0;4;0;2;0;2;0;0;1;0;1;0;3;0;2;2;0;2;0;1;0;0;0;0;0;7;0;1;0;0;0;3;0;0;0;1;0;0;2;0;4;0;3;0;0;3;0;0;1;0;0;1;0;4;4;0;4;1;0;5;2;0;0;0;0;0;2;0;0;1;9;3;0;3;1;1;0;0;1;4;0;2;4;0;2;0;5;0;0;0;0;4;0;0;0;0;1;2;6;1;4;2;1;0;8;0;0;0;0;0;3;0;0;0;0;0;5;0;3;0;0;0;0;4;0;9;7;0;0;2;0;0;0;0;0;3;2;0;0;1;11;3;0;1;0;0;3;3;0;0;1;0;0;0;2;3;0
05558000;0;1;0;1;4;0;5;0;1;2;0;0;5;0;0;14;2;2;2;0;1;0;0;3;0;0;0;9;0;2;0;0;0;0;3;3;0;2;0;1;0;5;1;1;1;0;7;18;0;4;7;3;10;9;7;0;0;3;5;0;3;0;2;0;6;0;0;0;0;11;1;0;0;0;0;0;0;11;0;16;2;0;0;2;0;0;0;0;0;3;0;0;108;0;0;0;12;0;16;0;0;4;4;0;0;13;8;0;0;3;0;4;4;0;0;0;0;0;3;0;0;0;0;0;0;0;1;0;0;7;0;0;0;0;1;1;0;3;0;6;0;0;7;0;0;0;0;0;2;0;1;0;0;3;2;4;0;2;0;0;0;0;2;0;0;0;0;0;0;0;0;0;0;0;0;0;0;1;8;11;1;0;4;5;0;0;5;2;2;0;0;0;10;4;0;0;0;1;0;0;0;0;0;7;0;0;0;1;0;1;0;0;6;1;4;1;1;0;1;2;3;1;1;0;0;0;5;0;0;8;1;1;0;0;0;0;2;0;0;0;0;0;1;5;0;3;0;0;1;1;1;0;0;3;0;1;2;0;1;0;2;0;6;0;4;0;0;0;0;1;0;1;0;0;0;1;0;0;1;0;0;0;1;0;0;0;0;0;0;0;0;0;1;3;0;0;0;0;0;1;0;3;1;0;2;0;0;0;0;0;1;0;2;0;0;2;0;0;7;1;1;6;1;0;0;2;0;0;4;0;0;1;0;5;1;0;0;0;0;6;0;1;0;5;2;0;0;1;2;0;2;0;1;0;3;1;0;5;0;0;0;0;0;0;0;1;2;0;3;4;0;7;0;1;0;1;2;0;0;0;0;3;0;0;0;0;0;0;0;0;0;0;2;1;0;3;0;1;0;3
05562000;1;0;4;2;0;0;16;6;5;0;3;0;0;0;3;16;11;0;0;0;0;2;5;2;3;0;3;14;1;0;2;2;0;0;11;0;0;5;1;6;0;6;0;6;0;5;0;0;0;3;15;2;34;1;29;0;6;3;0;8;3;20;0;0;0;0;15;0;9;0;40;41;0;222;36;47;93;304;0;0;28;76;93;75;0;131;74;63;95;76;0;50;794;559;0;549;312;0;163;0;4;1;63;13;0;0;27;17;0;90;73;117;23;101;0;0;3;3;0;0;4;0;0;3;7;0;1;0;3;0;3;11;0;0;0;0;6;0;0;6;18;0;0;0;5;0;1;6;0;0;0;2;5;0;4;0;7;8;6;0;0;0;5;0;0;5;0;0;0;0;0;0;0;0;1;0;6;8;0;0;1;0;0;0;3;0;4;2;0;0;0;0;0;0;6;10;0;4;1;0;3;0;1;0;0;0;0;0;0;1;0;2;5;2;4;11;0;2;0;0;8;0;0;0;1;0;2;6;0;0;0;2;0;0;0;2;0;0;0;0;0;3;0;5;0;3;0;0;0;3;1;6;0;0;0;0;1;3;2;0;0;0;1;2;0;0;0;0;0;0;0;5;0;2;0;1;0;0;0;11;1;11;2;3;5;2;4;0;5;0;3;0;2;0;0;0;3;0;3;0;4;2;2;0;0;3;0;3;0;0;2;0;0;3;0;0;1;0;0;0;0;0;2;4;0;1;0;0;0;0;2;0;0;0;0;0;1;0;0;2;0;0;5;0;0;0;5;0;8;10;1;22;0;0;0;5;0;0;0;0;0;10;0;0;0;0;0;1;1;6;0;3;0;7;2;4;0;0;0;0;0;1;2;2;0;0;0;0;0;0;0;5;0;2;5;0;0;1;0;0
05566000;0;7;0;7;2;4;0;7;0;11;15;0;0;0;0;10;10;3;0;4;0;0;1;6;0;0;3;36;18;12;0;2;2;3;5;0;0;0;8;3;1;0;0;4;1;3;21;0;5;0;3;3;290;8;130;6;6;13;0;14;8;7;0;50;58;0;0;0;6;18;0;2;14;37;34;0;15;62;0;0;6;25;63;0;22;0;0;0;1;55;51;0;132;47;0;0;91;0;53;0;0;7;44;29;18;15;16;5;21;4;24;15;0;26;0;0;2;9;0;5;2;1;3;10;0;0;0;0;0;3;0;4;4;2;0;6;0;0;1;1;2;0;9;14;0;0;0;0;4;0;3;0;5;1;7;1;1;4;1;2;1;0;9;4;2;0;0;0;2;0;0;0;0;0;0;1;1;4;0;9;9;0;0;0;2;6;5;4;3;5;4;0;7;0;0;2;8;0;0;0;0;0;1;0;0;0;3;0;0;0;7;15;0;0;7;3;0;3;0;7;0;0;2;0;2;0;2;3;2;0;0;0;0;5;4;1;2;0;7;4;4;1;3;3;2;0;0;0;1;0;0;0;7;0;3;0;4;0;5;0;0;0;0;0;2;0;2;0;0;3;0;0;0;0;2;0;0;0;0;0;1;4;3;0;0;15;3;5;4;12;0;0;0;3;0;0;1;0;1;0;0;0;2;0;0;6;1;0;7;0;1;0;7;0;5;0;0;0;0;0;0;0;0;0;32;0;0;0;0;6;0;0;5;0;8;5;0;6;0;0;0;0;3;7;2;0;3;2;9;0;0;0;0;0;0;6;14;0;1;4;0;0;2;0;0;8;0;3;3;0;0;3;2;0;0;7;4;0;0;1;3;0;4;0;0;0;1;0;0;0;3;0;1;1;0;0;1;0;2;0
05570000;0;2;1;3;2;6;0;4;0;8;3;3;0;0;0;17;5;0;0;0;0;2;3;0;6;0;0;1;0;0;3;3;0;0;2;1;0;0;0;0;0;0;3;0;0;0;4;0;0;7;14;4;0;0;0;1;0;41;0;0;8;16;0;0;0;0;0;2;0;0;0;0;12;0;0;0;0;0;0;30;0;10;0;7;0;0;0;7;0;0;7;0;16;0;0;0;0;61;70;0;0;9;0;28;14;0;2;0;0;0;0;0;0;17;0;0;0;0;0;2;4;0;0;0;1;1;0;2;0;0;0;0;0;0;0;2;0;0;0;0;2;7;0;0;1;0;1;1;0;0;5;0;1;0;0;0;0;0;0;9;2;0;0;0;0;0;0;0;0;0;1;0;0;1;1;1;0;0;0;0;0;0;0;0;0;0;0;0;0;1;3;0;4;0;0;10;0;0;0;9;0;0;0;0;0;0;5;0;0;0;0;5;2;0;0;0;0;3;7;0;0;3;2;0;3;0;10;1;3;1;0;0;2;7;3;0;0;12;2;1;0;0;0;5;0;0;4;1;0;2;2;0;0;2;1;0;1;1;0;0;0;0;0;0;0;0;0;0;0;0;4;0;0;0;0;0;0;1;2;0;1;2;0;0;0;0;1;4;0;2;0;0;1;2;1;0;5;1;0;4;0;3;1;6;2;0;2;0;1;0;0;0;2;0;0;0;0;5;0;0;0;0;0;0;2;0;0;0;0;0;0;0;0;0;0;0;0;0;1;0;0;0;0;0;0;9;6;0;2;0;0;0;0;4;2;0;2;0;0;0;2;0;0;0;0;0;0;0;4;0;0;0;0;0;0;1;1;5;0;0;0;1;0;0;3;0;1;0;6;0;0;1;0;1;0;0;4;0;2;5
05711000;3;5;15;0;2;0;0;5;0;2;0;0;0;0;10;54;0;0;0;1;0;0;0;0;0;0;47;8;0;1;0;0;25;0;7;3;0;3;3;9;0;0;0;3;0;5;0;0;0;7;0;6;10;3;0;0;0;10;0;7;4;0;0;60;0;20;2;2;0;0;0;2;46;0;40;62;0;21;7;101;0;21;74;0;0;20;1;1;31;0;0;227;0;6;65;653;0;0;80;1985;1661;147;0;0;0;25;0;73;0;13;0;0;145;0;238;0;4;0;0;2;0;4;5;0;0;0;3;0;0;8;0;0;3;11;0;0;0;0;9;0;0;0;1;3;4;4;1;2;0;4;0;4;0;0;0;0;0;0;0;1;1;0;4;0;0;0;0;0;0;0;0;0;0;0;0;0;0;0;2;1;2;0;0;0;0;0;4;0;5;0;0;0;0;6;0;17;6;8;4;0;0;1;1;0;6;4;0;0;0;0;13;2;0;1;0;0;6;9;0;6;0;0;0;8;0;0;0;0;3;9;0;0;12;6;4;1;0;0;9;0;0;0;0;0;0;0;0;1;0;1;0;0;1;0;0;0;0;0;3;0;0;1;0;0;5;0;0;0;5;4;0;0;2;0;0;0;0;0;0;0;0;0;3;3;0;0;3;0;0;0;0;1;0;3;0;6;0;0;1;0;0;2;0;5;0;0;0;0;1;4;0;0;0;0;0;1;6;2;0;0;0;0;0;1;35;1;0;0;0;0;2;1;3;0;3;0;3;2;1;0;1;0;0;6;0;0;0;5;0;0;7;1;1;0;3;0;0;7;5;0;1;0;2;0;0;0;0;0;3;0;0;6;2;0;0;0;6;0;0;0;0;0;1;0;0;0;0;0;0;0;0;0;0;0;0;2;0;0;0;0
05754000;0;3;0;0;6;3;4;13;0;4;2;13;4;0;3;7;12;0;5;8;6;0;3;4;0;0;0;0;19;0;4;4;0;0;1;9;0;4;0;1;0;6;0;0;1;1;0;10;3;0;14;3;26;2;6;5;0;39;4;14;8;0;8;43;0;0;0;10;10;0;3;6;0;0;0;0;0;0;1;22;12;15;0;0;0;0;11;2;0;0;0;13;0;0;0;0;0;0;0;0;0;8;33;39;0;0;0;0;6;0;0;0;0;0;7;0;9;1;0;2;6;1;8;1;10;0;0;0;3;0;0;3;0;6;0;0;8;0;0;7;0;0;1;3;4;2;0;0;2;5;0;0;1;1;3;2;4;0;1;3;0;0;5;0;0;0;0;0;0;0;2;0;0;1;1;0;0;0;6;1;0;0;1;5;0;5;0;3;5;2;5;0;3;0;0;5;8;5;0;0;2;1;0;0;0;0;0;0;0;0;11;0;9;7;0;0;3;5;4;4;2;4;3;12;0;0;1;0;0;0;0;0;2;0;0;2;0;1;11;0;1;1;2;0;4;4;0;0;0;1;1;0;2;0;0;0;2;0;0;0;2;1;0;1;1;0;0;0;7;0;5;0;1;1;0;0;0;0;3;1;0;1;0;7;0;0;0;0;0;0;1;1;2;0;5;0;1;1;0;0;0;0;0;0;3;0;0;0;13;1;2;6;0;2;0;0;0;0;0;0;0;0;0;2;34;0;1;1;0;0;5;0;3;0;5;0;6;1;0;0;0;3;0;0;2;3;0;0;0;0;5;2;3;0;1;0;5;2;0;1;11;2;0;2;3;0;0;4;0;5;0;2;5;0;2;0;1;1;0;10;0;1;4;0;0;0;0;4;1;7;0;1;0;0;0;1;2;0;1;8
05758000;1;0;4;0;0;2;14;4;1;0;6;2;0;2;0;0;5;3;6;2;0;0;0;0;0;0;20;34;0;6;15;17;43;6;2;3;4;0;2;2;5;1;1;0;1;0;0;4;8;3;14;0;0;6;0;0;3;0;0;1;1;5;0;45;19;0;0;0;0;3;8;17;1;15;56;16;22;58;0;0;0;36;33;52;3;30;18;2;53;0;2;57;11;7;14;97;64;0;57;0;243;138;241;19;0;18;18;7;57;70;0;20;3;20;15;0;0;0;2;1;5;0;0;0;1;8;0;5;0;0;0;0;0;0;0;0;0;4;5;2;6;1;1;3;2;0;0;1;0;6;0;7;1;2;0;0;0;0;2;0;1;2;0;0;0;0;1;0;2;0;0;0;0;1;0;0;0;0;2;0;7;0;0;1;0;0;3;2;3;8;1;0;1;0;0;0;6;2;0;0;3;0;0;6;0;0;0;0;0;0;3;2;2;0;2;0;0;1;0;0;5;0;0;0;0;1;0;0;0;3;0;1;4;4;0;6;1;0;3;0;2;5;0;2;0;0;1;0;7;0;2;0;1;0;2;0;3;0;0;0;0;1;0;0;0;1;0;3;0;0;0;2;0;2;0;0;0;0;0;2;0;4;0;2;0;0;0;0;1;2;0;7;0;0;2;0;0;1;0;0;0;0;0;5;2;0;0;5;1;0;0;2;0;0;0;4;0;3;8;0;0;0;0;0;0;3;3;0;4;1;0;0;0;5;0;0;2;0;0;0;0;1;4;0;4;0;0;0;0;2;2;2;0;1;2;11;3;2;2;0;2;0;0;0;4;0;4;0;1;0;0;0;0;7;0;0;0;0;3;2;2;0;1;2;0;0;4;4;2;0;0;0;1;0;0;0;0;0;0;1
05762000;0;4;2;0;2;6;0;3;0;2;1;2;4;1;0;21;4;1;2;7;5;0;0;0;0;0;19;3;18;0;6;0;1;0;7;2;7;0;0;6;0;0;0;1;0;0;0;5;5;0;2;0;8;1;1;1;5;8;0;5;1;0;0;19;8;0;0;0;6;2;39;23;3;0;40;19;36;51;0;0;2;36;4;57;8;25;15;16;26;5;20;4;50;32;0;79;73;0;81;0;0;97;76;0;16;0;24;0;34;77;61;51;16;63;0;0;0;2;0;0;0;0;0;0;2;0;0;0;0;1;1;1;0;14;1;0;6;0;0;15;29;0;0;0;1;0;0;0;0;1;0;3;2;0;0;0;0;0;0;0;1;0;0;0;0;0;0;1;0;4;0;0;2;0;0;0;0;0;3;9;5;1;0;1;3;2;1;0;6;0;0;6;3;0;0;0;0;0;0;0;0;0;0;3;0;2;0;0;5;0;0;0;2;0;0;2;2;0;0;2;2;1;1;0;0;0;2;0;0;3;4;1;0;0;0;0;1;2;5;0;0;0;0;0;0;0;2;1;2;3;0;0;1;1;0;0;0;0;0;0;0;1;0;0;1;6;0;0;0;0;1;0;3;0;0;1;0;1;0;0;0;0;0;0;0;0;1;0;0;0;0;0;2;0;5;0;0;0;0;2;0;0;1;0;0;0;0;1;0;2;0;2;2;0;0;0;0;0;2;0;0;0;0;1;0;2;0;0;0;0;0;0;0;2;0;0;4;0;0;0;0;0;1;0;0;2;0;0;1;4;0;2;0;2;0;0;0;0;3;0;0;7;7;0;0;2;3;1;1;2;0;0;0;10;0;0;6;0;0;0;0;0;5;3;0;0;0;0;0;0;4;0;0;0;0;0;0;0;2;0
05766000;5;6;5;4;0;1;13;9;8;5;3;4;0;0;6;17;10;5;0;0;4;0;9;3;0;0;87;0;109;0;28;8;0;0;3;0;2;0;0;3;0;15;0;6;0;0;7;0;0;4;13;3;17;8;3;0;2;0;0;1;3;0;12;0;7;0;0;0;5;9;0;0;0;0;0;0;0;0;6;0;0;7;0;0;0;0;15;0;0;0;3;25;9;0;0;0;0;0;0;0;0;0;75;0;16;0;0;0;2;2;0;0;0;0;0;0;0;0;6;5;0;8;0;0;0;0;0;0;0;4;0;9;0;15;1;0;0;7;13;1;0;0;8;0;2;0;1;0;0;0;0;3;5;0;0;0;1;0;0;0;0;5;0;0;0;1;0;0;2;0;0;7;2;2;0;0;0;0;4;4;0;0;10;0;2;2;0;1;0;0;2;0;0;7;0;0;0;0;0;0;0;7;8;0;6;0;0;0;0;0;3;11;0;0;5;0;0;4;4;0;0;4;4;22;1;5;0;0;0;0;4;0;18;0;0;1;0;0;1;0;3;0;0;1;0;5;0;0;0;0;2;0;13;0;3;0;0;0;9;5;0;0;2;3;1;0;4;0;0;0;4;0;1;0;0;0;3;0;5;0;0;0;11;0;0;0;0;0;0;0;1;0;0;0;0;0;0;0;3;0;4;2;1;0;9;2;0;0;0;0;4;0;8;0;2;4;0;0;0;4;0;0;0;0;0;0;4;3;0;0;0;5;0;0;0;0;4;0;4;1;0;0;3;6;3;0;1;0;0;5;1;0;5;0;0;1;3;8;2;0;9;0;1;2;0;0;0;0;0;9;0;8;3;0;1;0;0;0;4;0;0;0;0;0;0;0;0;0;0;1;0;0;0;0;0;0;0;0;2;0
05770000;0;11;2;0;0;0;2;7;2;0;7;3;0;0;7;16;0;0;4;0;10;0;6;0;0;0;7;17;16;0;9;0;15;0;0;6;1;2;0;0;5;0;9;12;0;0;15;3;0;0;0;0;0;0;0;1;1;0;0;0;0;0;0;4;0;0;11;3;0;0;2;3;9;0;0;0;7;0;0;0;6;0;0;20;0;0;4;0;0;0;0;13;8;0;0;0;0;91;0;0;0;0;0;0;0;21;2;0;3;1;0;0;0;0;0;0;5;7;0;0;0;0;0;0;0;0;1;0;1;0;0;0;6;0;0;0;6;0;0;0;0;5;0;0;4;0;2;0;0;0;6;1;0;4;0;0;0;0;0;0;0;0;0;0;0;0;3;0;0;0;0;0;1;0;0;0;0;0;3;4;2;0;4;5;0;4;2;0;0;0;0;0;3;0;5;0;8;2;0;1;0;1;0;10;12;1;0;2;9;0;7;2;0;0;0;0;0;5;0;0;0;0;0;0;0;0;0;5;0;2;1;4;3;0;2;0;3;0;0;0;0;0;0;0;2;0;5;0;0;1;0;0;0;0;0;5;1;0;2;0;2;0;1;0;0;0;0;5;5;5;0;0;3;0;0;1;0;3;0;0;0;0;3;12;0;1;0;3;0;3;4;0;7;0;0;0;0;0;1;0;7;0;0;2;2;0;0;0;1;0;0;4;0;1;0;1;3;0;2;0;0;4;0;0;0;4;3;1;0;0;0;0;0;4;1;0;0;2;1;0;0;0;0;0;0;3;4;2;0;3;0;2;2;0;0;0;0;2;0;4;1;0;5;0;4;0;0;0;2;5;0;4;0;0;1;0;0;2;0;0;1;0;3;2;0;1;4;0;0;0;0;0;0;0;2;1;1;0;0;0
05774000;8;0;2;4;0;0;2;19;0;8;12;0;0;0;5;82;17;7;1;2;0;0;0;2;0;0;17;4;0;0;0;0;0;2;0;7;0;5;3;0;0;3;0;0;1;0;23;0;3;0;11;12;3;10;0;0;0;0;0;0;0;7;0;66;8;0;2;0;0;2;0;0;20;5;4;0;1;4;9;61;0;66;0;11;0;0;0;0;0;6;0;38;7;8;0;0;0;4;0;0;101;5;4;0;23;80;1;15;5;4;0;3;0;18;9;0;6;31;12;13;4;1;2;3;7;0;1;15;0;15;0;3;0;4;0;0;8;0;0;0;0;3;3;4;0;3;0;3;2;0;1;0;5;6;0;0;0;2;2;15;0;5;7;0;0;0;2;0;0;0;0;0;0;0;0;1;0;0;22;6;0;0;1;3;7;0;3;1;1;0;1;0;5;0;0;0;2;3;0;0;0;0;0;0;2;3;2;0;4;0;9;2;9;0;7;5;1;2;1;0;2;0;4;50;0;2;0;4;7;0;0;0;14;0;0;3;0;4;12;0;0;2;1;0;2;0;0;0;4;0;1;0;0;1;0;3;1;0;7;0;1;0;1;0;0;3;0;10;1;2;0;0;2;0;3;2;0;0;0;0;0;2;5;2;0;0;1;0;3;2;1;0;0;5;3;0;12;3;4;1;0;2;4;0;0;0;4;0;1;4;0;1;4;0;3;2;0;0;0;1;0;4;0;0;59;2;0;0;0;0;0;0;2;0;0;0;0;0;0;5;0;1;2;0;0;0;0;0;0;0;1;0;0;0;0;0;28;0;1;2;0;0;0;1;1;0;1;0;3;1;0;0;0;0;0;2;7;0;0;0;0;2;0;0;0;0;0;1;0;4;2;0;0;0;0;0;0;0;0;1
05911000;10;6;0;0;1;5;10;6;1;0;4;0;1;3;0;28;3;0;0;0;0;1;0;6;5;0;0;2;0;0;0;0;5;0;4;8;2;5;2;0;0;0;0;2;3;0;3;0;0;0;18;0;10;5;0;3;0;1;2;3;3;0;0;91;0;0;0;15;0;6;0;0;0;0;0;0;0;31;0;57;0;0;0;0;0;7;9;0;0;17;61;0;0;33;158;0;0;3;0;5;0;0;2;0;0;0;0;0;255;223;1;0;0;0;0;0;0;25;0;18;0;0;0;0;0;0;1;12;1;3;0;6;0;0;5;0;7;0;0;5;6;0;10;0;0;0;0;0;5;1;1;0;5;3;2;0;6;0;0;0;0;13;6;0;0;1;0;2;0;0;0;1;1;1;2;2;0;1;0;0;4;0;0;0;5;0;0;2;0;1;0;1;12;0;3;0;0;0;0;0;12;0;3;6;0;1;0;0;5;0;9;10;9;0;0;2;4;0;6;0;0;0;2;36;0;0;2;0;1;0;0;3;0;0;0;0;0;3;3;0;0;2;0;0;0;0;5;2;0;3;0;2;0;0;0;0;1;0;0;0;2;3;0;0;2;5;0;1;0;0;1;0;0;0;0;3;0;1;1;0;0;6;6;6;0;3;0;5;2;0;0;6;3;2;6;0;0;0;1;4;4;2;2;4;7;0;0;0;0;1;0;0;4;1;0;1;4;0;0;0;0;7;0;0;51;0;5;0;4;2;1;0;0;1;0;1;0;1;0;0;1;1;0;0;0;0;0;2;0;4;0;2;0;0;0;0;1;0;0;0;4;3;0;6;0;0;0;0;0;0;0;0;0;0;0;0;0;0;0;0;0;0;0;0;0;0;0;1;0;2;0;1;0;0;1;0;0;1;19;0
05913000;0;11;0;0;0;0;19;7;0;8;3;16;0;0;0;102;23;0;15;10;0;12;0;5;0;0;16;0;14;14;0;0;0;7;18;0;0;12;0;9;1;5;4;5;0;1;14;0;0;0;16;4;3;5;5;8;0;0;1;10;7;0;1;159;35;12;0;0;14;0;0;0;0;2;0;0;0;27;14;117;8;41;0;0;0;0;0;0;30;0;0;5;0;0;394;0;11;0;13;0;0;16;0;0;73;0;0;0;44;25;0;0;0;0;0;817;0;19;18;0;0;0;12;0;15;4;0;0;0;0;0;0;0;0;2;0;0;0;1;0;0;0;19;0;0;13;0;6;0;0;0;0;5;4;1;2;3;2;0;0;2;0;2;0;0;0;0;1;0;0;3;1;2;1;0;4;0;3;0;0;0;0;16;0;4;5;0;0;0;1;0;0;15;8;5;0;6;0;0;0;0;2;0;12;8;3;10;0;0;5;0;0;2;3;0;1;0;4;1;3;0;0;0;46;0;0;3;0;0;0;3;0;1;3;0;9;0;1;6;0;1;3;3;6;0;2;0;0;7;0;4;0;7;2;0;2;7;1;0;0;1;0;0;0;4;0;3;6;0;0;0;0;2;0;0;0;0;0;0;0;0;33;0;11;0;8;1;0;0;0;2;1;0;0;0;0;0;1;0;3;0;0;0;0;0;0;0;0;3;3;5;0;9;1;8;0;0;1;0;0;2;2;0;0;97;0;3;0;5;0;6;0;10;0;0;3;0;4;5;0;0;1;0;0;0;0;0;0;0;0;1;0;0;0;0;0;19;0;0;0;0;10;0;6;0;0;0;2;0;0;0;0;7;0;0;0;0;0;0;0;0;0;0;1;0;0;3;0;0;0;0;0;0;2;6;0;1;0;0;1
05914000;0;0;6;0;5;13;6;3;2;0;0;6;6;0;0;3;0;0;3;0;0;0;0;1;0;4;7;11;1;4;0;0;1;5;12;10;2;2;5;6;0;5;0;0;0;0;0;2;0;3;17;0;7;0;3;1;8;3;6;5;2;1;0;18;4;17;0;0;0;3;35;11;0;10;0;0;21;5;0;0;0;29;0;0;0;0;0;7;18;1;14;7;0;0;0;0;0;7;11;0;0;0;0;0;153;63;0;0;6;155;15;136;0;0;33;58;0;0;2;5;0;0;0;1;4;2;4;0;0;1;0;1;0;3;1;0;0;0;0;0;8;0;0;1;0;7;0;4;0;2;2;2;5;3;0;2;0;2;0;0;0;5;0;0;2;0;0;0;0;0;1;0;1;0;0;0;0;0;0;0;3;1;3;0;3;0;0;0;0;0;10;0;0;0;0;0;4;0;0;0;2;0;0;4;0;0;0;0;4;5;2;5;0;0;0;0;0;0;5;0;3;0;0;7;0;0;0;1;0;1;0;0;0;0;0;0;0;0;0;0;0;8;4;4;0;0;0;1;4;1;0;2;0;0;0;2;0;0;6;8;0;2;5;0;0;8;0;0;0;0;2;0;0;0;1;1;0;1;0;0;0;1;0;0;0;0;2;0;0;0;1;0;0;0;2;0;0;1;1;0;0;1;0;0;10;2;0;0;0;0;0;0;0;0;0;0;0;2;0;1;0;0;0;1;0;0;0;0;1;2;0;0;0;4;0;0;1;0;0;0;3;0;5;0;0;0;1;5;0;2;0;1;1;0;0;0;2;0;9;1;0;3;0;3;4;0;0;4;0;0;0;0;0;0;0;0;0;0;0;0;0;1;0;2;5;3;5;0;0;0;0;1;0;0;0;0;0;0;0;1
05915000;0;3;1;0;3;1;0;0;0;0;0;0;4;3;7;32;0;2;3;0;0;0;1;2;1;0;0;0;3;6;5;0;2;0;12;0;2;0;2;0;2;2;0;1;0;0;1;0;4;0;2;9;6;7;8;5;0;0;4;3;0;0;2;35;11;0;12;0;0;4;6;14;0;0;58;1;4;54;0;0;0;32;14;9;2;11;25;13;19;32;0;38;43;89;0;0;72;0;47;0;9;20;24;0;47;8;65;0;19;66;80;78;23;35;13;0;0;8;0;4;0;3;0;0;0;0;0;8;0;0;4;6;0;0;7;2;0;0;0;5;0;0;0;4;0;1;0;0;3;5;0;0;0;0;0;18;0;2;1;0;0;3;8;0;0;0;4;1;1;0;1;3;0;0;1;0;4;0;1;0;8;3;8;3;0;2;2;0;0;0;4;0;3;5;2;0;9;1;0;3;0;3;1;2;5;9;0;0;1;0;2;5;0;0;4;0;2;1;0;1;1;1;0;8;0;2;1;0;1;0;0;0;1;2;0;0;0;0;0;1;0;5;1;0;3;1;0;1;1;1;1;0;2;0;0;0;1;3;0;0;0;0;1;0;2;9;0;0;1;0;1;0;0;0;0;0;1;0;0;0;0;0;1;1;0;0;2;1;1;0;2;0;0;0;1;0;0;2;0;2;0;1;0;0;0;0;0;0;1;2;1;1;2;0;3;0;0;2;0;0;1;0;0;0;0;0;0;0;0;0;0;0;0;5;3;0;0;0;0;0;1;1;0;2;0;0;0;0;0;0;0;0;0;0;0;3;0;3;0;0;0;0;2;0;2;0;0;0;0;0;0;5;0;4;0;0;0;1;0;0;0;2;0;0;1;0;1;0;0;1;0;0;5;0;1;0;0;0;0;0
05916000;0;0;0;0;1;0;0;5;3;0;0;2;0;0;6;0;0;2;1;0;0;0;0;2;0;2;0;0;0;0;1;3;4;4;0;2;0;0;0;2;4;4;0;1;0;0;0;7;0;0;11;0;1;0;5;4;0;0;0;1;7;0;0;0;0;0;3;9;12;0;0;0;0;0;0;0;0;0;6;0;6;0;0;2;0;0;0;0;0;4;56;0;13;4;40;0;3;1;0;0;0;0;0;0;0;0;0;0;0;1;0;0;0;0;0;0;0;3;0;0;0;0;0;0;1;1;0;0;0;0;7;0;0;7;0;0;6;0;0;4;3;0;0;0;0;0;0;0;1;3;0;0;0;1;4;0;0;0;0;0;0;2;2;0;0;0;0;0;2;1;1;0;2;1;2;2;0;3;3;0;1;0;0;0;0;0;0;0;0;0;1;0;0;0;2;0;0;5;4;1;0;0;0;2;0;0;0;1;0;0;0;1;0;0;0;0;0;0;0;0;0;3;1;0;0;0;1;2;0;2;3;0;0;3;0;1;0;0;0;0;0;4;0;2;0;1;1;1;0;2;0;0;2;0;0;0;0;0;1;0;0;0;0;0;2;0;2;0;1;0;0;0;0;0;8;0;0;0;0;0;0;3;0;0;1;1;0;4;0;0;0;0;0;0;0;0;0;0;0;2;0;0;1;0;1;0;0;0;5;3;0;0;0;0;2;0;0;5;0;1;0;0;0;0;0;4;0;0;2;3;0;0;0;0;0;0;0;0;0;0;0;0;0;0;0;0;2;0;3;0;0;3;0;4;0;2;0;0;1;6;0;0;0;0;1;0;0;1;0;0;0;1;0;1;0;1;0;0;0;0;0;0;0;0;0;6;0;0;0;3;0;0;0;0;1;0;1;0;0;0
05954000;0;0;0;0;8;7;1;3;0;5;6;1;4;4;2;20;0;0;0;3;3;0;0;9;11;0;1;0;5;5;0;0;6;6;17;8;1;4;0;0;2;10;5;5;5;3;0;4;10;0;35;5;20;10;0;31;9;11;3;4;21;0;0;13;0;0;6;0;0;0;0;7;0;0;0;0;0;0;0;0;0;20;0;0;0;0;11;0;0;3;0;0;8;0;0;0;2;0;8;0;0;0;0;0;0;0;0;0;0;0;25;85;0;7;0;45;0;10;1;0;0;4;3;0;5;0;0;3;0;1;0;2;0;0;1;0;0;8;7;5;0;5;0;0;1;2;0;1;4;6;1;6;0;2;0;0;7;0;0;0;4;0;0;0;0;0;0;0;0;1;1;0;5;2;0;1;0;1;7;0;3;0;0;3;1;0;0;3;0;6;11;2;0;0;0;0;10;2;0;6;0;3;0;0;0;2;0;0;2;0;2;6;4;5;1;0;0;0;0;0;6;6;0;0;4;1;0;0;0;4;0;3;0;3;2;1;0;1;0;0;0;4;3;7;2;1;0;0;2;0;0;3;0;0;0;0;0;1;0;0;1;0;2;0;0;0;0;0;4;0;0;0;0;0;0;0;0;0;0;0;0;4;1;2;0;0;0;0;0;0;0;0;0;1;0;0;3;2;1;0;3;2;1;2;4;2;0;0;0;5;0;0;0;0;0;0;0;5;0;2;0;0;0;0;20;0;0;0;0;0;0;0;0;0;1;1;0;1;0;0;0;0;0;8;0;0;0;0;1;4;0;0;0;0;0;2;0;0;6;3;1;0;0;0;1;0;0;4;1;0;0;0;2;6;0;7;0;4;0;3;0;1;2;0;0;0;0;0;0;1;0;0;1;0;1;1;0;0;1;0
05958000;0;0;0;0;0;0;8;5;0;3;0;3;0;9;0;19;0;2;0;0;0;3;9;0;2;0;10;4;3;0;3;0;0;0;1;3;0;0;0;0;0;3;6;0;0;0;6;0;0;7;1;0;13;5;0;0;2;2;0;0;0;3;6;10;0;19;13;21;2;9;1;0;0;0;0;0;0;0;0;41;0;0;0;11;0;0;0;0;22;8;0;8;2;27;0;0;17;12;11;46;0;0;11;85;0;37;0;0;3;0;0;0;0;13;0;0;0;0;0;0;2;0;1;3;0;6;0;7;4;6;14;5;0;10;0;10;0;3;2;2;12;1;4;0;6;12;0;1;6;4;0;0;0;4;0;11;1;0;2;0;2;4;5;0;0;0;3;2;7;3;1;0;0;0;1;1;6;5;0;0;0;1;0;2;0;0;0;1;0;0;8;0;0;2;0;3;0;0;0;4;0;0;1;4;2;0;0;2;7;4;14;0;0;0;3;2;1;0;0;6;3;0;0;24;1;0;0;0;1;3;2;0;0;0;0;0;0;0;3;0;2;1;0;0;4;6;1;1;2;0;1;5;0;0;1;7;0;0;0;3;1;1;0;0;0;4;0;0;0;0;1;4;0;0;0;0;0;0;0;0;0;0;0;0;1;0;0;0;0;1;1;0;3;1;0;0;0;0;0;1;0;0;1;0;1;0;0;1;0;0;2;0;0;0;0;0;3;8;0;0;1;0;0;12;9;0;0;0;0;0;0;0;0;0;0;0;0;0;0;4;3;0;1;0;0;0;0;0;7;6;1;4;7;0;0;4;1;0;4;0;0;0;7;0;4;7;4;2;5;0;0;0;0;2;0;0;0;0;0;2;1;0;1;5;0;5;1;0;2;0;4;0;0;2;0;0;0;4;0;0
05962000;0;5;3;0;10;3;10;13;0;4;5;8;0;0;0;37;8;0;0;0;0;2;6;0;0;0;2;2;0;8;4;0;5;4;23;14;1;2;3;2;0;7;1;0;0;7;6;7;0;1;12;0;16;15;1;10;0;0;0;7;9;9;0;46;0;35;7;0;6;0;0;0;0;0;0;10;0;0;3;43;22;23;0;0;0;0;0;0;0;0;12;41;0;0;0;0;29;3;31;0;0;11;18;0;65;61;0;0;9;0;60;0;0;33;0;0;0;8;2;0;5;0;6;0;7;5;0;3;0;0;11;0;0;14;4;0;1;0;2;0;0;3;21;1;0;0;0;0;0;0;0;0;0;1;3;0;0;7;0;0;4;1;4;0;0;0;0;2;0;0;2;3;6;1;1;2;0;0;7;7;0;0;0;0;0;0;0;1;3;0;0;4;0;5;1;10;0;2;1;1;4;0;7;2;0;0;1;0;0;1;0;0;0;0;0;0;0;0;4;0;1;2;1;27;3;0;8;0;1;0;0;0;0;1;0;5;6;0;1;0;0;4;0;5;3;0;0;0;0;0;0;1;0;0;2;2;2;1;3;0;1;1;1;1;0;1;4;4;0;1;0;0;4;0;0;8;5;0;0;0;0;4;1;21;0;0;0;5;0;0;0;6;0;1;2;0;1;3;2;0;3;2;0;0;0;0;2;0;0;0;2;2;4;1;5;0;2;5;0;0;7;0;1;2;2;0;2;0;0;10;0;0;0;0;0;0;5;4;2;1;4;3;0;0;9;2;2;0;5;4;8;0;0;5;5;1;10;3;11;6;6;7;3;4;0;0;3;0;0;2;2;3;1;0;0;0;0;0;0;0;7;0;3;0;0;2;4;0;4;0;0;0;0;0;0;4;0;1;0;1
05966000;0;0;2;0;1;2;3;7;3;2;4;3;0;0;0;16;2;1;0;0;3;1;1;0;0;0;9;3;0;1;0;0;1;0;1;0;0;0;2;0;2;0;2;0;0;0;3;1;6;0;3;5;4;1;3;7;0;7;0;1;0;9;4;13;7;0;0;0;4;1;3;11;0;0;0;13;0;22;0;0;0;45;16;20;0;0;2;18;54;6;0;44;24;0;0;6;16;0;32;0;0;9;23;23;17;7;7;0;13;20;8;118;0;230;0;0;2;1;0;7;2;0;6;1;0;0;0;1;0;2;18;0;0;12;0;2;4;0;5;0;1;0;0;0;0;0;0;0;0;0;1;1;4;1;1;0;0;3;1;3;3;2;0;1;0;0;10;0;0;0;0;1;0;0;1;1;0;0;0;0;0;2;0;0;1;2;1;0;0;0;0;0;0;0;0;2;0;1;1;1;0;1;0;5;0;0;4;1;0;5;0;4;2;0;4;2;0;0;2;5;0;0;2;0;0;1;0;0;0;0;0;0;6;0;1;1;1;0;1;0;0;2;1;1;0;1;0;1;0;0;0;2;8;1;0;0;0;0;0;0;0;0;0;0;1;0;0;1;2;0;3;3;0;2;1;0;0;0;0;0;0;0;0;10;0;4;0;1;1;0;0;2;1;2;5;0;0;0;0;0;0;0;1;3;0;0;0;0;0;0;5;1;0;1;2;1;0;0;0;0;0;0;0;0;0;0;0;0;0;0;0;0;0;4;0;4;1;0;3;0;0;0;0;0;0;0;0;1;0;5;0;0;1;10;0;0;5;0;1;0;0;0;3;1;0;0;3;0;0;0;2;0;0;0;2;1;0;0;1;1;0;0;0;0;0;0;0;0;0;1;0;0;1;0;2;1;0;2;0;0
05970000;0;0;0;0;0;0;0;6;8;0;7;3;1;3;0;21;2;1;0;0;0;2;0;0;7;0;6;2;0;0;5;5;5;0;0;0;1;0;0;0;0;0;2;4;0;1;0;4;8;0;7;0;14;0;0;7;0;0;8;2;6;0;0;71;32;8;16;0;0;10;4;0;0;0;0;0;0;14;33;147;1;0;9;0;0;23;0;12;0;0;6;7;6;5;0;0;0;4;12;0;0;9;5;0;2;42;8;0;18;0;0;0;0;0;0;12;3;19;1;8;0;4;5;5;0;8;6;0;5;18;0;0;2;0;0;9;3;0;3;13;3;0;1;0;160;0;0;5;5;0;0;11;0;0;13;3;1;0;0;0;4;2;0;0;0;1;0;0;7;0;1;0;4;1;0;2;0;0;2;3;14;0;12;0;15;1;0;0;6;1;4;0;19;8;0;5;1;0;0;0;0;0;0;9;0;3;9;0;3;3;11;0;8;5;0;1;2;0;1;5;4;2;10;47;0;1;0;0;0;6;3;0;4;5;0;1;0;2;2;1;0;3;0;3;0;2;0;0;3;0;1;0;6;1;0;6;3;0;0;0;0;1;3;4;2;5;1;0;0;0;0;0;5;0;0;0;4;0;0;1;1;2;0;3;0;0;0;0;0;8;0;0;10;0;1;1;0;0;1;0;0;1;2;0;0;0;0;0;0;2;2;0;4;0;0;3;0;0;15;0;7;0;2;2;29;0;0;1;0;3;0;2;2;0;16;0;1;4;0;4;2;0;0;7;2;0;1;0;4;3;0;5;2;1;0;0;0;0;0;0;0;18;0;1;0;8;7;0;0;7;0;0;1;1;0;2;2;0;0;0;0;0;0;3;0;0;0;0;0;2;0;0;0;1;0;1;1;0;1;3
05974000;6;0;0;0;8;0;0;1;4;4;2;0;3;2;0;0;0;0;2;5;3;1;8;0;0;0;13;0;0;0;5;0;0;0;8;0;0;7;0;0;2;0;0;0;1;1;1;0;11;0;0;0;12;0;0;8;0;5;10;3;0;6;8;110;0;0;28;0;30;6;26;4;0;29;112;27;14;107;0;0;19;45;40;65;0;0;25;30;60;30;54;201;38;96;25;29;216;0;0;0;33;88;77;0;11;17;0;0;31;105;72;169;45;80;0;0;0;15;0;4;0;1;3;0;3;0;0;1;2;0;0;0;4;13;1;16;5;0;0;0;0;2;5;2;0;0;0;0;0;21;0;0;0;1;7;0;2;0;0;0;0;0;9;0;0;0;0;0;2;0;6;0;0;0;0;0;8;1;7;0;0;0;0;6;3;1;0;1;2;0;0;0;8;0;2;2;8;0;0;0;0;0;0;0;0;0;8;0;0;0;0;9;0;0;5;0;3;0;0;0;0;0;0;2;0;0;4;0;3;1;2;0;4;0;0;2;3;1;3;0;0;4;0;10;0;0;0;1;0;0;1;2;5;2;1;0;1;1;0;0;1;0;1;0;3;0;0;0;0;0;0;0;0;0;0;0;0;0;0;0;0;0;0;3;0;3;0;0;2;0;0;0;0;0;12;0;0;0;0;0;0;1;4;2;0;5;7;0;0;0;0;0;0;3;0;2;0;0;1;0;2;0;0;0;0;0;0;0;0;1;3;0;3;0;0;0;7;2;0;0;2;1;0;1;2;0;0;0;4;8;0;0;0;3;0;0;2;0;1;0;0;0;0;0;0;5;0;0;0;0;5;3;0;0;0;0;1;0;8;2;2;0;0;3;0;5;2;5;0;3;2;0;0;0;1;0;0;0;0;0
05978000;0;4;8;4;3;0;0;10;0;10;5;8;0;2;10;0;4;9;7;0;0;3;0;3;4;0;7;5;0;4;8;11;5;0;12;0;2;0;2;0;0;2;0;4;0;1;5;6;9;2;9;0;27;0;4;2;0;28;0;0;8;0;0;37;0;0;0;0;2;0;0;0;28;4;35;76;0;43;31;0;0;3;62;0;0;40;0;0;10;0;0;194;10;117;174;186;98;28;11;253;121;2;27;35;0;0;0;1000;3;0;57;120;447;0;3088;0;0;0;0;0;1;0;0;1;0;0;1;0;0;6;11;8;1;8;0;0;0;0;0;8;0;0;3;0;1;6;4;2;0;0;1;0;0;0;2;0;1;0;2;0;0;0;7;0;1;0;1;0;1;3;0;1;0;0;0;0;1;0;0;0;0;0;0;0;0;3;0;0;2;7;1;5;1;0;0;9;0;0;4;3;12;0;2;0;2;3;0;2;12;1;4;6;0;0;0;0;4;2;0;0;0;4;0;4;0;0;4;0;1;0;2;0;3;0;0;0;0;9;0;0;8;7;0;8;0;0;0;1;2;0;0;0;0;1;0;0;3;2;0;0;1;3;1;0;4;1;2;0;4;2;0;2;1;0;2;0;1;0;0;0;0;0;0;0;2;0;0;0;0;0;0;0;1;1;6;0;2;0;0;0;0;1;0;0;2;0;0;0;0;0;0;0;0;0;0;0;1;3;9;0;0;0;0;0;8;0;0;0;0;0;1;0;3;0;0;3;5;0;0;0;0;1;0;0;8;0;7;3;3;0;8;0;0;2;0;1;8;2;0;0;0;0;0;0;0;0;8;0;1;0;0;0;0;5;7;0;0;0;0;1;0;0;1;4;5;0;0;0;0;0;0;0;1;1;0;0;0;3;3;1
06411000;2;1;6;1;3;1;0;1;4;0;4;8;0;0;4;123;0;0;0;0;0;0;0;0;0;0;9;0;0;2;0;0;0;1;3;1;0;0;0;3;1;7;0;1;2;0;0;12;0;0;2;0;7;1;1;0;1;0;4;0;0;5;0;13;2;0;4;1;0;3;1;0;0;0;14;0;0;0;0;25;0;1;1;6;1;0;0;0;13;0;6;0;5;3;0;0;6;0;0;3;6;7;0;0;0;0;3;1;0;5;1;5;0;0;2;3;0;298;0;176;320;732;319;52;251;95;17;259;105;21;0;87;20;0;53;0;58;5;12;36;15;6;0;0;2;12;7;0;3;10;0;0;0;5;0;0;0;0;0;0;9;0;35;0;0;0;1;0;0;12;0;20;1;0;1;0;0;0;40;0;0;4;15;0;10;8;3;0;3;0;0;0;5;0;0;0;0;0;14;3;0;0;0;33;0;1;0;0;0;0;0;2;4;3;0;0;6;4;2;15;4;0;11;122;0;3;0;3;0;0;1;0;15;4;0;3;2;0;29;0;0;9;4;3;0;0;1;0;1;0;0;2;0;0;3;1;0;0;9;0;0;0;4;1;0;2;1;7;1;0;3;4;2;0;0;0;1;0;0;2;0;0;5;11;2;4;7;0;0;2;0;1;0;2;0;6;7;0;0;1;0;7;1;4;2;0;7;0;0;0;0;0;4;2;3;1;0;7;5;1;3;0;4;0;97;10;0;1;3;1;1;0;0;4;4;0;0;1;1;3;0;3;0;4;0;4;3;0;3;0;1;0;2;0;0;4;9;7;0;0;1;19;1;0;0;3;0;0;0;0;0;2;0;3;1;8;0;1;3;2;0;0;0;3;0;0;0;1;0;6;0;0;3;1;3;0;21;0;2;0
06412000;0;0;2;3;2;0;21;0;0;2;0;14;5;3;0;149;0;0;0;0;0;3;0;3;5;0;0;8;0;0;3;2;1;17;0;0;3;7;0;0;0;1;13;0;2;4;0;0;0;7;1;0;18;10;18;2;0;0;0;0;5;0;1;0;0;6;0;0;0;0;0;7;0;0;0;0;0;15;0;1;4;0;0;0;0;8;6;0;0;0;9;0;2;9;0;0;4;5;0;9;0;3;0;0;0;0;2;0;0;0;10;0;0;0;0;2;0;0;602;139;25;113;51;988;1015;771;2;991;154;1045;0;62;31;0;32;0;0;0;5;15;0;9;0;5;0;0;0;0;0;6;14;27;0;0;0;0;1;0;0;0;0;0;0;9;0;9;0;0;19;0;0;0;0;0;0;0;2;0;0;0;0;0;0;0;0;0;0;0;0;0;0;0;0;0;0;0;0;0;0;0;0;6;0;0;21;14;0;0;0;4;0;0;6;0;0;0;0;6;14;0;0;0;0;163;0;3;0;0;0;14;7;0;0;1;0;7;7;9;23;0;0;0;3;0;2;5;0;0;0;1;1;0;0;0;1;0;0;0;0;0;0;0;2;1;0;4;0;0;0;4;0;0;0;0;0;2;1;0;0;2;0;0;1;0;0;0;4;10;1;0;0;0;0;0;0;87;9;0;0;12;4;0;0;3;0;0;0;0;0;0;0;0;0;9;0;0;0;4;0;0;3;5;0;6;306;0;0;0;10;3;15;0;0;0;0;1;1;8;0;3;2;3;0;0;2;0;0;3;0;0;0;0;4;0;0;0;0;0;16;10;0;27;5;0;0;0;0;3;0;3;18;4;0;7;0;1;10;3;0;0;0;0;0;0;0;0;0;0;0;0;7;0;0;0;0;5;0;0;1;0
06413000;0;0;0;0;0;0;2;0;1;6;0;0;2;6;0;8;1;0;3;0;0;0;3;1;0;0;0;0;3;4;0;0;1;0;1;2;0;0;0;0;0;0;3;3;0;0;1;0;2;0;0;0;0;0;0;3;0;0;0;1;0;13;2;1;0;0;0;0;0;0;0;2;5;0;3;2;2;0;0;16;3;0;6;8;0;0;0;5;2;0;3;3;0;0;6;6;3;2;1;0;3;0;3;0;3;0;0;1;0;0;2;0;1;0;0;5;6;0;0;11;6;0;0;0;286;17;0;343;5;69;0;0;15;3;4;0;0;3;0;0;2;0;11;0;0;8;0;4;0;1;0;0;1;0;0;0;0;6;0;0;0;8;0;0;1;1;0;0;4;0;1;5;2;2;4;0;3;0;0;0;0;0;0;0;0;0;0;2;0;0;0;0;0;14;3;7;0;2;2;0;0;8;0;0;0;0;2;0;0;0;4;2;0;0;0;0;0;0;2;10;0;3;0;8;5;0;0;2;0;0;0;1;2;4;4;0;0;0;6;0;0;1;0;0;0;0;1;0;0;0;0;0;4;0;3;0;9;0;0;0;1;0;0;1;2;3;1;0;0;0;0;0;0;0;0;1;1;0;1;0;0;0;0;2;0;0;0;0;0;3;0;0;2;0;4;2;3;0;4;0;2;0;2;5;0;1;1;0;0;6;1;0;0;3;0;3;0;0;0;2;0;0;0;1;20;0;0;7;5;3;0;5;2;0;0;5;3;0;0;0;0;2;1;2;1;0;0;4;0;0;0;2;0;0;0;0;0;1;2;3;3;0;3;4;0;0;0;2;0;0;4;3;0;0;0;0;0;0;1;2;0;0;0;0;0;7;0;0;0;2;1;0;5;0;0;0;0;0;1;0
06414000;0;3;0;0;1;2;16;3;6;2;12;2;6;6;0;59;0;0;0;0;0;0;11;0;0;0;0;0;0;4;0;1;1;10;1;1;3;0;0;0;5;0;0;0;0;0;1;0;0;0;3;5;0;5;0;0;4;3;0;0;0;0;0;1;11;15;5;0;2;0;0;2;6;0;20;0;0;0;1;36;1;0;0;8;0;3;0;0;34;0;5;0;9;5;2;0;0;0;0;0;3;0;4;0;0;0;0;0;2;7;1;9;0;0;0;11;0;0;0;0;0;0;23;0;2;0;0;0;538;0;0;0;34;0;0;0;29;1;0;0;0;15;0;2;0;92;14;8;13;7;10;52;30;0;9;0;0;12;4;0;0;0;0;0;0;0;1;0;19;0;0;4;0;5;0;0;50;0;5;0;0;0;2;0;0;6;0;0;0;0;0;6;0;7;9;0;0;0;0;0;7;7;1;0;4;1;3;0;0;0;0;22;0;0;6;0;0;0;0;0;0;0;8;21;0;10;7;1;0;8;0;0;0;0;1;0;5;2;1;0;2;8;0;7;0;0;0;2;5;1;3;0;1;1;0;1;4;3;0;0;0;0;3;0;2;0;0;6;0;0;0;3;0;0;0;0;2;0;0;0;0;0;3;13;4;0;0;0;0;0;0;0;7;1;0;0;0;0;1;0;0;3;0;0;0;0;0;3;0;1;0;0;0;6;4;6;0;0;0;0;2;0;3;10;84;2;1;0;7;0;4;0;4;0;2;0;9;5;0;0;2;0;0;0;0;0;0;0;0;0;5;0;1;6;1;0;6;0;9;3;0;16;0;0;9;0;0;0;0;0;5;1;0;2;4;0;1;0;9;3;0;4;3;0;1;0;4;0;1;3;0;0;0;0;0;0;1;0;0;0
06431000;0;2;6;2;5;0;4;3;2;4;4;1;1;1;1;0;7;0;1;0;0;2;2;2;0;0;2;0;3;4;0;2;2;0;2;0;3;1;1;0;0;1;0;3;0;1;0;0;3;4;10;9;2;3;0;3;0;6;1;1;1;0;0;11;0;8;3;0;5;5;0;5;0;1;7;0;2;0;10;0;0;0;0;12;2;0;0;0;1;1;0;8;7;2;0;0;0;7;0;0;3;0;2;0;3;5;4;0;8;1;0;0;0;3;9;0;0;0;0;13;0;0;0;12;0;0;49;0;1;0;0;3;2;0;1;0;0;0;0;5;0;0;1;5;2;2;9;2;0;3;0;13;0;0;2;2;0;3;0;0;14;0;20;4;9;0;0;4;39;24;19;0;10;6;0;0;0;3;0;0;0;7;6;5;0;0;1;13;6;7;12;3;1;26;0;0;0;13;0;1;2;0;1;5;0;3;0;0;0;3;3;2;3;5;5;13;2;0;0;0;0;0;0;0;1;0;2;3;3;0;4;0;0;0;2;0;0;4;3;4;2;1;4;7;0;0;0;0;1;3;0;1;0;0;0;1;6;0;3;0;0;0;2;1;0;0;2;0;1;4;0;0;2;2;4;0;4;1;1;2;0;0;0;17;0;2;0;0;1;0;0;0;4;0;0;0;0;0;3;0;0;0;4;0;6;0;2;0;3;0;1;2;0;1;2;0;6;0;5;1;0;7;8;7;0;0;1;0;0;0;1;0;0;1;0;1;7;1;0;0;1;4;0;4;0;3;0;0;0;1;0;8;0;3;0;1;1;1;3;0;5;0;0;3;0;8;1;2;0;2;1;0;0;3;0;0;0;9;0;1;0;0;1;1;2;2;0;1;0;6;0;1;1;0;1;0;0;0;5;1
06432000;5;1;0;0;0;0;0;3;2;7;7;10;0;2;7;5;7;0;3;1;0;0;5;2;2;0;9;3;0;0;9;0;4;1;3;9;0;7;0;0;0;4;6;4;0;2;3;1;5;5;21;3;0;6;1;8;0;2;0;5;0;2;1;0;0;0;0;4;4;1;0;3;6;5;0;9;0;6;1;31;2;21;5;0;5;2;0;1;0;0;4;8;0;8;4;0;2;0;0;0;0;0;0;0;4;1;10;0;9;0;4;3;1;0;0;1;0;0;2;9;171;0;0;0;8;0;219;0;0;0;0;50;35;0;26;0;12;0;0;0;0;15;1;0;4;5;2;0;0;0;9;26;10;4;0;0;2;3;1;1;0;0;45;0;0;0;6;0;5;0;10;4;0;6;10;4;17;0;5;0;0;0;0;4;0;0;1;4;4;0;8;0;8;12;1;18;0;2;24;0;0;0;0;2;9;4;0;0;1;0;10;2;3;0;1;0;5;2;0;5;3;1;0;0;0;0;2;4;0;1;0;0;0;8;0;0;0;0;0;0;3;3;1;1;3;1;0;0;0;5;0;0;8;0;3;0;1;0;4;0;2;1;0;1;2;0;2;1;2;0;0;6;1;4;0;3;2;0;4;0;0;7;5;0;0;7;0;2;0;0;1;1;53;0;0;37;0;0;4;7;40;6;1;6;0;1;1;1;1;1;0;1;1;9;2;4;0;1;0;0;4;0;1;2;3;1;1;0;2;0;1;0;0;2;3;0;0;2;8;0;0;0;0;2;1;0;2;5;1;7;2;0;0;3;3;6;10;0;0;0;5;0;0;2;2;0;0;0;0;2;0;0;3;0;3;0;0;4;8;7;0;0;0;0;0;16;2;1;0;3;0;0;0;0;5;3;0;0;3;0
06433000;1;0;7;1;3;0;10;5;8;2;3;0;4;0;9;0;1;1;0;1;2;0;0;0;2;0;5;2;1;3;1;2;7;0;0;0;0;1;4;0;4;4;0;2;0;0;5;0;1;0;20;0;2;5;0;7;0;0;7;0;2;5;2;0;0;0;5;4;2;0;0;0;1;0;2;10;3;0;0;16;3;0;0;3;3;12;0;2;11;0;2;13;0;0;2;0;4;0;0;1;7;11;0;0;0;0;6;2;4;0;0;0;0;0;0;4;0;0;54;0;84;7;0;0;92;48;13;0;15;0;0;38;59;0;11;0;0;0;0;2;0;0;8;0;7;67;8;10;0;0;7;7;38;12;4;0;8;0;2;2;8;8;31;1;2;3;0;0;19;0;33;0;2;0;0;5;66;3;0;0;0;0;10;0;0;0;0;0;0;0;3;0;0;8;9;0;13;0;33;1;12;3;1;8;11;6;9;0;1;5;10;15;1;0;0;4;0;0;0;13;0;3;0;9;1;3;15;2;0;0;0;0;0;0;0;0;1;0;0;1;0;2;1;4;0;0;2;0;3;1;2;0;0;3;1;0;3;0;0;0;2;0;0;0;0;3;0;3;0;1;0;2;1;2;1;1;4;0;0;0;0;0;1;15;2;3;0;4;4;0;0;2;0;2;0;24;3;8;0;9;8;7;0;1;1;1;0;2;0;2;0;3;0;0;1;1;0;3;1;2;6;4;4;0;47;9;0;0;0;0;0;0;0;0;0;0;1;2;0;0;1;0;0;1;0;0;2;6;0;4;4;1;0;0;3;0;0;3;6;0;0;7;0;3;0;3;0;0;2;2;9;3;1;0;0;0;0;3;0;4;0;0;1;0;3;4;1;0;1;1;2;0;0;2;0;1;0;0;1;0
06434000;2;3;0;1;0;7;4;2;5;12;0;12;0;0;3;11;1;0;3;0;1;1;0;0;1;0;6;0;0;12;9;1;5;1;8;0;1;6;1;0;0;0;1;4;0;0;0;3;4;0;11;7;1;1;5;1;0;2;0;0;1;15;0;0;0;0;0;3;2;1;0;0;1;0;7;9;1;3;3;20;0;0;4;0;0;3;2;0;2;2;0;2;0;1;0;0;10;1;0;0;1;3;1;0;0;7;0;1;2;7;0;6;0;0;8;0;0;0;6;0;0;19;0;0;82;0;0;4;11;204;0;73;61;0;21;0;13;5;0;22;3;11;0;0;0;8;7;1;3;9;0;10;27;0;5;0;3;10;0;9;1;0;21;6;0;1;0;0;5;0;0;0;0;3;0;0;0;0;0;0;0;0;0;4;2;0;0;0;1;3;1;9;17;0;0;30;0;0;0;5;1;2;0;12;11;8;7;0;4;2;14;2;0;0;3;1;0;0;0;5;6;1;0;32;0;0;2;0;0;0;2;0;2;0;5;3;9;1;20;1;0;0;4;4;0;1;0;3;1;0;4;0;0;0;0;2;1;0;7;3;1;0;2;0;0;3;1;0;0;0;0;2;1;1;0;2;0;1;0;0;0;3;2;1;0;0;3;0;3;0;0;0;0;6;10;6;1;0;2;3;15;0;1;0;0;6;5;0;1;0;5;3;4;5;0;0;3;3;7;2;2;5;3;0;46;0;3;1;7;1;4;0;0;4;4;0;2;0;0;0;0;1;0;9;3;4;0;0;3;3;5;2;3;1;0;0;0;4;11;0;10;5;0;0;0;2;7;0;2;0;6;7;0;0;0;3;0;0;6;4;2;1;0;0;0;10;0;0;0;9;0;3;0;0;0;2;1;0;5;3
06435000;1;4;0;0;13;0;21;5;0;5;9;1;0;0;1;27;9;8;1;0;0;0;2;4;3;0;4;1;0;4;1;1;10;7;1;0;1;3;0;0;0;0;4;0;0;3;4;5;5;4;3;2;8;9;3;18;0;10;7;3;9;0;0;4;0;3;3;17;2;2;0;0;0;0;0;6;0;9;0;4;0;0;0;0;1;0;5;2;0;0;1;5;1;0;0;1;0;1;0;0;0;11;2;0;4;0;0;0;0;0;15;0;1;6;0;3;0;0;0;0;6;0;0;0;0;0;0;0;4;0;0;11;23;0;65;0;87;25;0;22;0;6;0;0;3;0;2;6;4;2;0;1;5;0;4;0;0;0;0;5;1;8;14;0;0;0;2;0;9;9;3;0;0;0;9;6;2;0;0;0;0;0;0;6;0;0;0;5;0;4;5;0;7;2;3;0;3;24;7;0;0;0;0;9;0;0;0;1;0;0;23;5;0;0;3;0;0;0;0;0;0;0;0;0;4;6;9;5;0;1;0;0;10;1;1;0;0;0;8;0;0;7;0;4;0;0;0;0;0;8;1;1;0;0;1;2;1;1;0;0;1;0;0;2;0;0;2;3;2;2;0;0;0;7;0;1;0;0;0;2;0;2;5;12;0;2;4;0;1;15;3;1;0;0;11;103;53;4;0;1;6;12;0;0;10;1;3;1;5;1;0;1;3;4;1;1;2;2;3;0;0;11;1;0;0;6;6;0;4;5;0;0;2;0;0;1;3;5;6;0;6;0;3;6;4;0;0;0;5;0;4;0;0;16;2;0;0;0;0;1;3;0;6;6;0;0;9;0;0;0;4;0;0;3;2;0;0;7;1;0;0;2;1;0;3;0;11;3;2;0;0;0;0;0;0;5;0;0;0;13
06436000;6;0;0;0;2;0;7;11;2;7;0;3;4;9;0;11;0;0;1;3;0;0;3;1;1;0;6;0;0;8;0;0;5;3;5;2;0;2;2;3;3;3;2;0;0;1;0;1;3;3;4;0;0;2;1;7;7;9;0;1;9;11;0;2;2;0;0;1;1;0;0;0;7;3;6;6;11;8;1;0;4;0;10;3;0;2;0;9;5;0;0;10;0;0;1;4;0;3;2;0;4;1;2;5;5;0;0;0;0;0;0;0;4;0;0;0;0;0;0;12;4;33;0;125;39;0;10;21;69;0;0;37;111;0;2;0;0;0;0;39;0;2;3;1;3;46;2;8;1;0;15;49;25;0;0;0;0;0;2;0;4;0;0;0;0;3;0;0;53;0;3;0;0;0;0;4;16;0;0;10;0;1;0;0;9;5;0;0;1;4;0;6;3;0;0;0;0;0;0;0;1;0;0;0;12;0;0;0;11;1;8;7;1;10;0;5;0;0;0;0;6;0;0;42;0;0;3;0;2;14;5;2;10;0;0;0;1;0;2;0;0;14;0;10;0;0;3;0;3;0;12;3;15;2;2;0;1;0;0;0;0;0;0;0;0;0;0;0;4;0;0;0;3;0;7;4;2;0;0;0;1;0;7;0;0;0;0;0;1;0;0;0;0;6;0;4;0;0;0;3;8;4;0;5;0;0;0;0;1;0;0;0;3;0;0;0;1;8;0;0;5;0;5;0;24;4;2;4;2;10;5;0;0;0;2;0;0;0;7;0;0;4;0;4;2;0;9;0;0;12;0;3;2;0;1;0;0;10;8;6;0;1;0;0;0;1;5;0;5;0;0;0;1;1;3;8;0;1;9;0;5;0;0;2;0;0;0;1;2;0;1;0;3;0;1;0;1;6;1;0
06437000;3;0;0;0;0;1;1;0;0;5;1;1;0;0;2;2;1;1;0;1;0;0;0;0;0;0;25;0;0;0;0;0;0;1;0;2;0;0;0;1;0;1;0;0;0;0;2;1;1;0;4;0;5;0;1;2;2;0;0;0;5;0;3;1;0;2;2;0;0;0;3;4;1;1;0;6;2;0;7;2;5;1;0;0;0;3;0;0;0;0;5;0;1;0;0;1;3;0;3;1;0;1;0;0;0;1;0;0;2;1;0;0;2;0;1;0;0;0;6;18;0;0;0;5;14;0;0;0;9;0;0;0;0;0;3;3;0;0;0;0;6;0;2;1;0;6;0;0;0;3;0;1;0;0;2;2;0;0;0;3;3;5;0;0;1;2;5;0;0;0;0;0;0;0;0;0;2;1;3;0;0;2;0;1;1;0;0;0;0;2;0;5;2;0;1;1;18;1;0;2;1;5;11;2;5;0;4;0;11;0;0;1;13;14;1;0;0;0;0;3;5;0;0;1;1;0;0;0;0;0;0;1;1;5;2;0;3;0;0;1;0;0;0;0;0;0;0;0;1;0;0;0;1;0;0;4;3;0;1;0;0;0;0;0;0;0;0;0;0;0;0;0;0;1;0;0;1;0;1;0;0;0;0;2;0;1;0;0;0;0;0;5;7;0;4;9;10;0;1;0;19;12;0;1;0;0;3;0;4;0;0;6;0;0;0;3;0;0;0;0;2;1;0;0;0;0;0;0;0;2;0;0;0;1;0;0;1;0;0;0;0;0;0;0;1;2;2;3;6;0;0;1;1;1;1;0;0;15;2;0;0;0;0;0;0;0;0;0;0;0;2;0;1;0;0;4;0;0;11;2;0;2;0;3;0;1;0;0;0;0;0;0;2;0;0;0;0;0;0;0
06438000;7;1;2;0;6;0;5;20;0;2;7;6;8;7;0;24;0;4;0;0;0;4;2;0;1;0;11;4;7;4;0;4;1;0;0;0;1;0;6;0;0;5;0;0;0;0;2;2;3;2;5;0;0;0;1;0;1;0;0;2;3;9;0;10;0;6;0;0;1;3;2;2;5;0;9;0;2;0;2;8;0;1;0;2;0;2;0;7;12;0;0;3;1;2;1;17;0;4;5;0;7;2;4;0;0;2;0;0;1;0;0;0;0;0;0;1;0;0;0;21;35;175;11;0;325;0;23;0;0;0;0;5;9;0;10;0;9;16;0;0;0;0;5;0;0;14;0;2;0;0;17;5;14;0;0;3;5;0;5;5;4;11;14;5;0;3;0;2;10;4;0;5;3;9;15;4;12;11;0;0;3;5;0;0;1;0;0;0;1;0;0;2;12;0;0;4;0;0;0;0;7;0;5;2;0;6;9;0;0;0;14;5;0;0;8;9;0;0;5;0;0;0;2;5;3;1;5;2;6;9;5;3;0;0;7;0;2;7;4;0;0;0;0;1;3;0;0;3;5;5;0;0;11;6;0;0;5;0;4;0;0;0;0;2;4;6;2;0;0;8;0;2;0;0;3;0;0;0;4;3;5;0;0;25;0;1;2;12;0;0;0;1;36;2;3;105;7;0;6;0;20;20;0;0;0;0;2;0;3;9;0;0;0;0;4;9;0;3;0;0;0;0;3;0;26;0;0;0;0;1;5;0;0;0;6;0;1;7;0;0;4;0;3;2;3;2;0;0;4;0;0;2;9;11;3;0;9;5;11;4;12;12;19;0;8;0;0;0;0;2;0;0;2;0;1;0;0;3;0;8;1;3;0;0;1;9;0;2;6;0;5;0;2;1;1;4;0;3;5;2
06439000;7;0;2;0;3;2;10;0;0;0;0;8;0;9;0;8;9;0;1;0;2;0;1;0;0;0;5;0;0;4;2;1;1;0;4;4;0;0;0;2;0;0;1;0;2;0;0;0;0;3;4;2;12;1;0;0;0;6;0;1;6;0;0;9;1;3;0;0;0;0;0;0;0;4;0;0;9;0;0;13;0;5;0;0;6;0;6;7;0;0;5;0;0;1;0;0;1;4;0;2;0;0;0;2;0;15;2;3;2;6;0;7;1;0;0;5;0;0;0;0;0;18;0;0;0;0;0;34;0;0;0;32;73;0;0;0;2;6;0;0;0;6;21;7;1;29;4;1;10;5;5;237;38;2;3;2;10;2;0;0;0;2;39;1;1;0;0;0;6;3;29;2;0;0;7;1;10;0;13;0;4;0;5;5;1;0;0;0;1;0;0;3;0;5;5;10;14;1;15;0;0;0;0;9;0;4;3;1;5;2;2;9;0;0;0;1;1;2;2;0;3;0;1;7;3;0;0;3;0;0;0;0;0;1;8;2;0;1;0;2;0;2;0;0;7;1;0;0;4;4;0;2;1;0;5;0;6;0;2;0;0;0;0;3;0;0;0;0;0;0;1;1;0;0;0;2;2;4;0;3;0;4;1;3;0;3;0;1;1;4;3;1;0;1;4;6;4;6;0;0;4;1;0;0;6;0;0;0;0;3;0;0;1;1;3;3;0;5;4;6;7;0;1;0;7;0;1;0;0;3;0;0;0;1;1;2;7;0;9;0;1;0;0;0;0;0;3;3;0;0;0;1;1;0;0;1;0;3;1;2;0;7;0;2;2;2;0;4;2;2;0;0;1;1;2;3;0;0;2;0;0;0;3;0;0;0;0;0;1;0;0;0;0;0;0;3;0;0;3;1
06440000;0;1;4;5;7;2;9;0;3;4;3;5;0;1;7;26;0;3;1;0;0;0;1;0;0;0;1;0;5;0;0;2;0;1;3;0;0;6;1;0;0;15;3;3;0;0;0;0;0;0;20;1;11;2;0;0;0;6;0;7;0;0;0;0;0;0;4;0;6;0;2;1;5;0;0;7;0;5;0;9;4;13;10;0;0;3;0;4;6;4;8;3;0;0;4;0;2;0;3;8;0;0;2;0;0;6;0;4;15;0;0;6;0;0;2;0;0;0;0;96;341;235;255;0;418;67;1;281;116;0;0;356;152;0;162;0;223;19;46;152;60;35;0;3;3;10;2;10;0;0;16;0;0;1;1;7;0;0;0;6;3;0;15;0;0;5;1;0;0;6;0;1;0;2;9;6;0;6;0;16;0;0;0;5;5;9;0;6;0;1;1;0;2;19;0;12;22;1;5;7;0;0;2;0;11;0;14;5;0;0;17;12;0;0;7;0;0;0;0;0;0;2;0;18;2;5;11;1;3;2;0;0;0;0;0;1;1;0;5;0;3;0;5;4;0;0;5;0;0;0;2;0;6;0;0;3;0;0;0;1;1;4;2;0;2;2;1;6;0;0;5;0;1;0;2;0;0;2;2;2;0;7;1;1;3;0;0;1;0;0;2;1;19;2;0;0;10;0;7;4;0;15;0;0;0;3;1;1;0;0;1;5;3;0;6;0;0;12;10;0;0;0;7;2;32;0;1;0;1;0;1;7;0;0;0;0;1;1;4;2;0;0;0;1;3;0;0;17;5;11;3;0;4;1;7;11;2;0;15;5;3;0;3;4;6;0;0;2;0;0;7;0;7;2;0;2;1;0;6;0;2;0;0;0;1;1;1;2;3;1;0;0;5;3;1;1;0;0;0;0
06531000;3;4;5;3;6;0;8;3;3;0;0;1;13;0;0;48;2;0;3;2;0;2;4;0;3;0;34;3;2;3;9;8;4;5;2;0;4;0;12;3;0;1;4;8;0;1;0;3;2;0;12;8;8;0;0;3;5;0;4;0;1;0;1;14;0;34;0;3;3;0;0;3;0;8;0;0;0;0;9;29;0;3;6;0;1;0;1;7;4;0;12;6;0;3;0;19;4;5;2;10;0;10;9;6;3;1;0;0;0;9;0;0;0;1;0;0;2862;451;24;565;484;529;906;94;824;157;15;499;262;5029;0;819;396;3391;396;1610;293;87;1656;335;1629;58;18;0;0;0;8;0;0;0;0;16;0;22;0;2;0;0;7;7;1;0;4;4;0;27;0;5;0;0;1;0;1;0;0;0;0;0;0;0;2;4;13;1;11;0;2;0;9;4;0;2;20;0;0;12;0;0;14;2;0;1;0;12;6;0;0;0;7;0;1;0;13;11;7;3;3;0;5;5;8;1;7;64;3;4;0;0;2;0;0;0;13;6;0;0;0;2;0;1;0;1;0;0;5;2;2;0;13;0;1;6;4;1;0;0;1;0;0;5;0;0;1;0;5;4;0;16;0;0;0;0;0;0;2;3;1;0;0;1;4;4;15;10;0;0;0;0;2;0;0;0;0;0;0;6;0;5;0;3;0;0;53;0;9;1;2;1;1;9;0;0;2;2;1;1;1;3;3;4;0;0;6;0;12;4;3;2;0;2;2;0;2;0;0;0;0;2;0;0;2;2;1;5;0;2;0;0;0;0;1;15;3;0;0;0;0;0;0;0;1;24;0;1;0;0;0;0;5;4;8;7;2;0;3;1;1;1;0;6;0;12;2;2;0;0;17;0;4;1;1;0;0;2;1;0;0;3;0;0
06532000;0;3;3;1;0;2;1;0;5;0;0;4;0;2;1;6;0;4;1;2;0;0;0;0;1;0;0;2;0;0;0;0;3;1;3;3;1;3;3;0;1;1;4;0;0;0;0;2;0;0;9;2;6;3;1;0;2;5;1;3;0;0;0;14;0;10;0;3;1;0;0;1;1;0;6;6;0;0;0;0;0;1;2;10;4;0;12;4;18;0;0;4;3;4;0;0;8;5;0;2;0;0;6;0;0;4;0;0;0;0;0;9;15;39;3;0;0;0;21;10;0;0;0;0;0;0;6;0;0;0;0;0;0;0;0;0;0;0;0;0;0;0;0;1;14;0;13;0;1;10;7;7;0;0;4;0;0;2;1;1;0;7;16;0;4;0;0;2;10;0;0;0;0;0;0;0;0;0;0;1;0;2;0;14;2;0;0;4;0;0;11;0;0;0;0;0;0;3;0;2;0;0;0;2;0;2;0;0;1;5;2;3;0;0;0;0;3;5;3;5;1;2;5;0;0;0;0;1;0;2;0;0;7;0;1;0;0;0;0;0;2;0;2;0;3;1;0;1;0;1;1;0;0;3;1;1;0;0;3;0;3;6;3;0;0;0;0;1;0;0;2;0;0;0;1;2;0;0;0;0;3;0;0;0;0;0;0;0;2;0;1;2;0;0;0;0;5;7;0;3;1;4;4;0;12;0;0;0;0;0;0;0;0;0;4;2;0;1;0;0;0;0;0;0;4;1;0;1;0;0;0;0;0;4;0;0;0;8;5;0;2;1;1;0;1;8;5;0;4;0;0;1;2;0;3;0;4;4;5;0;0;9;3;0;0;0;1;0;0;0;1;3;5;0;0;0;1;0;0;3;0;0;0;0;0;4;3;0;0;0;0;1;0;0;0;0;4;0;1;1
06533000;0;2;2;0;0;2;8;2;0;3;0;3;2;2;0;0;2;0;0;2;1;0;1;0;1;0;13;0;0;1;0;1;0;0;0;0;0;2;0;4;0;0;0;0;1;0;1;0;0;1;7;3;9;6;0;3;6;0;0;0;0;8;4;9;9;4;0;2;0;1;0;0;0;0;0;0;0;9;14;11;0;0;5;3;0;0;0;0;0;0;12;0;0;0;8;0;0;0;4;0;1;0;0;1;0;39;1;0;5;2;0;2;0;0;0;0;0;0;0;0;0;0;0;0;0;0;8;0;0;0;0;56;0;0;0;0;0;7;0;0;0;2;29;4;13;11;0;1;1;0;0;65;108;5;0;7;1;3;0;3;5;4;5;2;5;3;5;0;0;0;0;1;2;0;1;0;0;0;5;0;5;0;0;0;0;11;2;2;1;1;0;1;3;0;0;0;12;0;0;0;0;2;0;7;0;0;1;6;0;0;4;2;2;2;1;0;0;0;1;6;0;1;4;0;0;0;0;1;0;0;0;0;0;0;0;0;1;1;2;0;0;0;0;3;0;0;0;0;0;0;0;0;2;0;0;2;0;3;0;0;0;1;0;3;0;2;0;0;0;0;0;0;3;1;1;1;1;0;1;0;0;0;0;5;1;0;0;0;0;0;1;3;1;1;0;0;0;4;0;3;1;3;1;2;2;0;4;0;0;0;1;0;2;0;2;3;0;2;4;1;3;3;0;1;22;2;0;0;0;1;0;0;1;1;2;0;0;0;0;0;2;0;0;0;0;3;4;5;2;0;1;2;3;10;0;7;0;0;3;5;0;0;0;0;0;5;0;0;0;1;4;0;6;2;1;3;0;0;1;0;0;2;5;0;2;7;0;0;3;4;1;0;0;0;0;1;0;0;0;0
06534000;4;0;7;7;3;0;5;0;0;0;0;3;3;3;10;79;3;0;0;0;1;0;0;1;0;0;0;3;0;0;0;0;2;0;0;4;0;5;0;0;0;0;0;2;1;1;0;4;0;1;0;0;2;0;0;5;0;0;0;1;4;0;5;23;5;21;5;3;4;0;0;15;12;1;0;0;0;9;0;74;5;9;0;2;4;0;0;0;0;0;7;15;0;3;7;0;1;0;0;0;0;0;12;0;19;4;0;3;0;8;0;0;0;11;0;0;46;235;0;138;152;177;178;30;278;79;5;174;54;40;0;218;89;0;129;66;180;10;77;154;121;26;6;0;0;7;6;0;4;0;0;0;0;0;0;1;0;0;0;2;0;0;46;4;2;6;0;1;0;0;0;3;0;1;1;0;0;0;9;0;10;4;4;0;0;0;0;2;2;0;0;2;25;0;0;29;0;0;18;0;0;1;3;48;0;4;3;0;2;0;0;2;0;6;4;0;0;13;0;4;0;5;7;45;2;0;0;0;0;2;0;3;7;0;3;0;0;0;0;0;0;0;0;8;0;0;0;1;0;1;2;0;0;0;0;0;0;0;1;0;0;5;0;0;1;0;0;2;2;5;0;4;0;0;0;3;0;0;0;2;0;4;0;0;0;0;0;0;0;0;1;3;7;2;8;0;1;0;0;0;0;0;0;0;0;0;0;0;0;0;1;0;0;0;6;1;2;0;0;0;0;0;0;1;134;5;0;6;0;1;1;0;6;6;0;4;0;0;0;0;0;0;0;7;0;0;0;9;0;0;3;0;1;0;2;0;6;0;0;3;2;21;0;0;0;1;10;0;0;1;0;0;0;0;0;0;0;0;0;0;1;0;0;4;0;6;0;0;0;0;0;0;3;4;1;0;6;2;0;0
06535000;2;0;0;1;0;0;0;2;3;2;0;6;0;0;2;5;0;1;0;1;0;0;2;0;0;0;0;0;0;3;0;3;1;0;0;3;0;2;1;0;0;0;0;0;1;0;0;0;0;0;0;0;2;0;0;0;0;4;0;0;4;9;1;9;1;3;0;5;3;0;0;4;0;1;2;0;0;1;1;6;0;8;1;2;1;0;1;5;0;0;4;1;0;0;8;10;2;0;1;0;0;0;1;4;0;0;0;0;0;0;1;0;0;0;0;1;0;0;0;3;0;0;0;0;0;0;0;0;12;0;0;7;1;0;0;0;11;6;53;37;0;13;7;0;0;0;0;0;1;1;0;5;1;3;0;0;0;0;0;0;0;0;0;1;2;0;0;0;1;0;0;0;0;0;0;0;0;0;0;0;0;0;7;3;0;0;0;3;2;0;6;0;0;3;0;0;0;2;10;0;0;0;0;12;3;2;0;0;0;7;0;0;3;0;0;4;3;0;0;2;0;0;0;2;0;0;1;0;0;0;4;1;0;0;0;1;0;0;0;0;0;1;0;2;0;0;0;1;0;0;0;0;0;0;0;1;0;0;0;0;0;3;0;2;5;1;0;0;0;0;0;0;0;0;1;1;0;0;5;0;1;1;0;4;0;0;0;0;0;0;0;2;0;0;1;0;0;0;0;0;2;5;0;3;4;0;0;0;1;0;0;1;0;1;3;2;0;0;0;7;2;0;0;2;2;1;2;0;0;0;0;0;0;0;0;0;0;0;0;2;0;3;0;0;6;0;4;0;3;0;1;1;2;2;0;1;0;0;1;1;2;11;0;0;3;1;0;0;1;2;6;1;0;0;0;1;0;0;4;1;1;1;1;2;1;0;0;0;0;0;0;3;0;0;0;3;2;0;1;1
06611000;0;0;13;0;2;0;0;2;3;5;1;4;5;0;7;65;0;0;8;0;0;0;6;3;1;27;26;0;0;0;5;0;4;0;3;5;1;0;2;0;6;0;0;1;6;3;1;6;1;0;0;0;0;2;3;0;0;8;2;2;3;23;0;32;1;20;3;7;0;0;0;0;0;1;5;0;0;3;21;0;0;7;0;0;1;1;6;0;7;3;0;7;3;0;3;0;0;11;7;1;6;7;1;20;6;18;1;0;12;13;0;1;0;0;0;6;12;96;28;52;104;52;52;24;86;35;0;54;45;21;0;49;25;0;12;0;38;0;885;157;12;106;0;0;0;6;0;0;0;0;0;0;0;0;0;0;0;1;1;4;0;3;0;4;0;0;4;1;0;6;3;0;1;6;6;0;0;4;9;3;0;0;0;0;0;0;4;0;1;1;0;0;5;10;0;0;17;0;0;3;0;1;9;3;0;4;0;2;7;0;1;3;3;5;0;0;2;0;3;0;4;0;0;31;3;0;3;3;7;0;0;4;0;0;5;1;2;1;9;0;0;4;3;2;0;8;0;0;2;0;0;1;0;0;1;2;0;0;6;0;0;0;0;0;0;1;0;0;0;0;0;0;3;0;0;0;0;0;0;0;0;1;0;14;0;4;0;0;1;0;0;3;0;0;0;0;0;0;1;0;0;0;1;0;1;2;3;0;0;0;1;3;3;0;0;0;3;0;1;3;3;2;0;1;62;0;0;0;0;4;0;4;0;0;0;0;2;0;0;0;0;0;3;12;0;0;0;0;0;1;0;0;0;0;0;0;10;3;2;13;11;0;1;1;0;0;0;0;7;0;1;0;0;0;5;0;1;0;10;0;3;0;0;0;0;0;0;0;0;0;0;0;0;0;2;0;0;0;0;0
06631000;15;0;0;0;3;0;0;0;0;6;0;0;0;0;1;0;8;3;2;1;5;0;10;0;4;0;7;0;5;0;0;2;2;1;0;1;0;4;0;0;6;6;0;0;0;2;4;5;0;0;6;0;0;4;5;4;1;0;0;0;4;5;5;15;0;3;4;5;5;3;10;5;0;0;0;10;2;4;0;23;6;1;0;2;0;0;0;8;0;1;4;6;2;3;0;3;4;1;0;8;0;7;0;0;0;13;6;0;0;4;3;0;0;0;0;0;0;31;1;0;3;0;20;0;0;0;5;0;0;0;0;0;6;0;0;0;0;0;0;0;0;0;7;2;3;1;0;0;7;3;7;0;6;0;4;0;0;0;0;0;0;0;9;0;0;1;0;0;0;0;1;5;2;0;0;0;0;2;14;0;12;1;0;1;7;5;5;0;0;1;2;1;13;7;5;9;7;7;6;3;0;3;0;0;11;0;10;0;9;0;4;0;9;3;2;0;0;0;5;5;0;0;4;35;2;1;3;1;3;0;5;0;0;0;0;3;0;1;0;5;7;3;0;1;2;0;0;0;2;1;1;0;0;3;0;4;1;0;0;1;1;0;0;0;3;0;5;0;1;0;8;4;1;2;0;1;0;0;0;0;0;0;3;31;0;0;0;0;6;2;0;1;0;8;21;2;7;0;0;0;0;0;0;1;1;1;1;2;0;0;0;3;0;0;0;8;0;0;6;1;0;0;2;0;54;0;1;1;0;5;0;0;2;2;0;0;10;1;0;0;0;0;1;0;4;0;2;9;0;8;0;7;0;1;1;0;0;2;2;0;3;13;10;0;0;0;0;2;2;2;0;6;2;0;1;0;8;1;8;1;0;0;3;0;2;21;0;0;0;0;4;5;0;0;0;0;1;2;0;2
06632000;4;4;1;0;6;5;5;6;0;0;2;5;1;2;0;0;9;0;1;2;2;0;8;0;0;0;0;2;1;5;0;0;2;1;0;0;0;0;0;0;0;0;6;1;0;0;2;3;0;0;0;3;0;0;0;0;1;4;4;0;0;0;0;7;6;4;0;2;1;3;5;0;0;1;2;1;4;4;8;3;1;3;1;3;1;0;0;3;0;2;1;3;11;0;1;2;3;1;1;0;2;0;2;3;7;11;4;0;2;0;0;1;2;0;1;0;0;0;0;0;2;10;6;0;0;9;1;0;0;0;0;8;0;0;0;13;98;0;5;14;0;0;4;0;1;0;5;0;1;4;0;2;2;4;0;0;0;2;0;6;0;0;2;2;0;3;0;0;0;0;3;1;0;0;0;0;0;3;1;0;0;0;0;0;0;3;0;0;0;0;0;0;3;0;0;0;0;2;0;2;0;0;0;8;0;0;1;0;2;0;2;0;2;0;0;0;0;1;1;2;0;0;0;10;0;0;0;0;0;0;0;0;0;0;1;0;0;0;3;0;0;3;0;0;0;4;1;1;0;0;1;0;0;0;0;0;0;0;1;0;0;0;0;0;0;1;0;0;0;1;4;1;1;0;0;3;2;0;1;2;0;3;0;0;0;1;0;5;1;0;0;1;1;5;15;0;0;9;0;0;0;0;4;0;0;7;0;0;0;1;1;0;1;0;0;5;0;1;0;0;2;0;5;0;0;0;2;1;2;1;0;1;0;0;0;0;1;0;0;0;0;3;1;2;1;4;1;0;2;1;0;0;1;2;0;3;0;2;0;2;0;17;2;5;0;0;5;0;7;2;0;1;0;0;0;3;1;2;0;3;2;0;2;0;1;9;0;0;1;0;1;0;2;0;0;6;0;0;3;1
06633000;0;1;4;0;9;4;7;7;5;0;0;0;0;0;6;36;12;0;10;9;0;3;7;0;0;5;0;0;4;0;28;3;1;0;0;0;0;4;0;0;0;13;0;2;1;2;1;2;0;0;2;0;0;0;2;10;1;6;0;3;0;0;0;16;4;9;2;8;1;4;0;8;0;5;2;13;2;0;1;10;2;0;0;0;0;0;0;3;0;2;6;9;0;0;5;0;2;0;19;0;50;0;13;4;1;0;5;3;4;0;0;0;0;0;3;14;0;0;9;3;96;69;65;2;154;46;1;75;37;0;0;71;27;0;0;0;40;0;0;108;0;65;0;0;0;0;1;0;0;3;1;0;0;1;0;0;1;3;2;1;3;0;0;0;0;0;4;2;0;0;1;0;0;3;0;0;0;0;0;6;0;2;1;0;3;1;1;5;0;2;2;1;2;4;3;7;6;0;9;0;1;0;0;0;0;0;5;2;0;0;0;2;14;0;6;1;5;0;3;0;10;0;1;0;0;0;0;0;1;0;3;1;5;0;3;0;2;0;0;4;0;0;1;6;2;0;1;0;3;0;0;0;1;0;0;0;1;1;0;0;1;1;0;2;4;2;0;0;0;0;0;0;0;3;0;0;0;0;0;0;0;0;0;1;0;6;0;0;0;0;0;0;0;0;0;0;0;0;0;2;0;0;2;0;1;1;0;0;2;3;1;5;1;2;2;0;0;2;7;0;0;1;0;5;0;1;0;0;0;0;2;0;0;0;1;0;0;0;3;0;0;0;0;0;3;2;2;1;0;0;3;0;2;0;0;1;10;0;3;5;2;18;5;0;0;0;6;5;3;1;0;2;0;0;3;0;0;0;0;1;0;0;0;0;18;19;0;3;7;2;0;2;0;3;0;0;0;0;0;3
06634000;0;3;0;0;0;0;4;0;4;0;0;0;3;4;0;16;0;1;2;2;2;1;15;2;4;13;0;0;0;1;0;2;0;0;6;0;1;0;0;1;0;0;0;0;1;1;0;0;3;2;1;0;0;0;4;2;5;2;0;0;2;0;0;3;0;0;0;0;0;0;1;0;0;0;6;2;2;18;0;0;0;0;5;0;1;0;6;0;0;0;0;0;0;0;0;0;3;0;0;0;0;0;6;11;0;3;1;0;0;0;0;5;0;0;2;0;0;0;7;13;0;2;0;0;0;0;5;13;5;0;0;18;8;0;0;0;10;0;0;0;0;24;0;0;0;6;0;0;1;3;0;6;0;0;11;0;1;0;0;0;1;0;2;0;0;0;0;0;0;0;4;0;0;0;0;0;0;1;4;3;0;0;0;0;0;0;1;1;6;0;5;1;1;0;0;0;0;0;0;1;3;2;0;4;0;0;0;0;0;0;0;0;9;0;3;3;0;0;2;0;5;0;0;0;0;2;0;1;3;1;5;0;5;3;3;0;0;3;1;0;0;3;1;0;1;1;2;0;7;0;0;0;0;3;2;0;0;0;4;0;0;2;0;0;0;0;2;1;1;2;0;1;0;2;0;0;0;0;0;1;0;0;3;0;0;5;0;0;2;2;0;0;0;0;0;0;7;0;0;3;0;0;0;0;0;0;0;0;0;0;0;0;0;1;1;0;0;0;6;1;0;1;0;0;18;3;0;0;0;2;4;0;0;0;0;2;1;1;1;0;0;0;0;1;0;3;0;2;0;3;2;0;0;0;0;0;0;0;0;4;3;0;0;2;0;3;13;0;1;2;0;1;2;0;6;4;0;1;0;1;0;0;0;0;0;6;3;0;14;0;4;1;0;2;2;0;0;0;1;0
06635000;3;4;1;0;6;0;3;0;0;2;4;0;3;3;0;14;0;0;2;0;0;2;0;0;0;0;19;1;2;4;0;6;0;0;2;0;0;0;1;0;0;0;0;1;0;0;3;3;0;0;0;2;1;1;0;6;2;0;0;1;2;15;4;7;6;0;0;0;0;1;0;3;0;12;1;0;15;0;6;13;0;0;5;1;0;3;5;0;2;0;0;2;0;2;0;0;0;8;20;0;0;22;7;12;0;9;0;4;0;3;0;9;0;0;7;5;0;45;0;37;97;52;80;0;136;35;0;89;57;0;0;144;22;0;21;0;89;15;12;88;0;6;7;0;4;0;0;0;2;0;0;0;0;0;1;1;1;2;5;1;1;2;0;1;0;0;3;0;1;1;0;0;2;2;2;0;0;2;0;0;0;0;4;0;0;0;0;3;0;0;1;2;0;2;1;0;7;0;0;0;1;0;0;6;0;2;0;0;0;0;0;1;1;1;1;1;0;7;3;0;0;0;0;3;6;0;3;0;1;3;3;0;0;0;0;0;3;2;0;1;0;3;0;0;0;4;0;1;1;0;0;0;0;0;1;0;0;0;0;0;1;1;0;0;0;0;0;0;0;0;0;0;0;0;0;0;3;0;0;1;0;1;0;0;0;0;3;1;1;0;3;1;0;0;0;0;0;0;0;0;0;0;3;0;4;0;3;0;0;0;2;2;4;0;0;0;0;0;4;0;3;3;0;1;0;3;0;0;2;0;0;0;0;3;0;0;1;0;0;1;0;0;3;2;3;0;0;1;0;1;4;7;0;0;1;0;3;0;5;4;1;6;1;0;0;6;0;0;0;1;0;0;2;1;2;3;0;0;0;0;0;0;0;0;0;1;0;1;3;8;1;1;0;0;0;1;1;0;1;2
06636000;0;2;0;0;3;0;2;3;0;0;0;9;0;0;0;9;15;2;0;0;0;0;0;0;4;0;15;0;0;0;0;0;0;2;3;0;6;0;1;2;0;2;0;0;0;0;0;1;0;1;4;2;2;0;1;0;4;2;2;1;0;4;4;0;0;13;0;0;9;1;1;0;0;3;1;0;1;3;0;0;6;1;1;0;4;0;0;0;0;0;3;0;0;1;3;0;0;0;3;0;8;10;0;0;0;2;1;0;0;0;0;0;3;6;0;1;0;0;0;0;7;0;2;0;0;0;0;0;0;0;0;5;0;0;0;0;18;9;0;0;0;0;4;0;1;0;0;1;4;3;0;0;3;2;0;2;0;0;0;0;1;0;0;0;2;0;0;0;0;1;4;0;0;0;0;0;0;0;33;0;0;7;0;0;0;0;0;0;0;0;0;0;2;0;0;3;4;0;0;1;6;0;2;1;0;0;0;0;0;4;0;2;2;0;0;0;0;0;1;2;0;0;0;5;0;0;0;0;0;5;0;0;0;0;2;0;0;0;0;0;0;0;0;4;1;0;0;2;0;0;0;1;3;0;1;1;0;0;0;0;0;0;3;0;2;1;0;0;0;0;0;5;0;0;0;0;0;0;0;0;0;18;0;3;0;3;1;1;1;1;0;0;0;0;0;2;0;1;1;0;0;0;1;0;0;0;1;0;0;0;0;0;0;1;4;0;0;2;6;1;5;0;0;0;0;1;1;1;5;1;0;2;0;0;0;1;4;0;1;0;3;2;0;0;0;0;4;3;3;2;0;1;0;0;0;0;0;1;0;0;0;12;6;0;0;0;6;0;0;0;1;0;0;0;1;0;1;0;0;0;0;0;3;0;2;0;0;0;0;6;0;0;0;0;0;0;0;0;1;0
07111000;0;0;9;4;0;2;5;5;0;0;0;1;0;0;1;13;2;3;3;1;0;0;3;0;0;0;0;0;2;0;0;0;0;3;1;5;0;0;0;0;1;1;0;0;0;1;1;0;1;0;4;1;0;0;2;0;2;2;1;0;1;10;0;18;7;7;0;3;0;3;0;0;0;0;3;0;1;0;0;42;0;0;0;0;0;0;0;0;0;0;0;2;3;0;2;0;3;0;0;0;0;0;0;0;0;0;1;1;0;1;0;0;2;0;0;0;4;16;0;8;0;0;0;2;2;0;0;0;0;4;0;0;0;0;0;0;0;0;1;1;0;0;0;4;0;0;0;0;407;46;0;199;138;0;0;0;0;0;4;0;10;12;29;0;1;0;8;0;0;3;0;0;1;0;0;2;0;0;0;0;0;0;0;0;4;10;0;0;1;0;0;1;22;0;4;0;4;0;9;3;0;3;0;9;3;0;0;2;0;1;1;4;0;1;0;0;7;4;0;0;0;0;3;23;3;0;4;0;0;0;0;0;2;5;1;1;4;0;2;0;1;2;0;0;1;0;2;1;2;0;1;1;0;0;1;0;1;1;2;0;0;0;2;0;2;0;0;1;2;1;4;2;0;0;1;0;2;0;2;1;1;6;1;19;0;2;0;3;3;0;0;0;0;4;0;0;0;0;0;0;0;0;0;1;1;2;0;0;0;3;0;0;0;0;0;0;1;3;6;0;3;0;0;0;58;1;0;0;3;1;0;0;0;0;0;0;0;2;0;0;0;0;0;3;6;0;0;0;2;0;0;0;0;0;0;0;1;0;0;0;2;15;3;0;3;0;0;0;1;0;0;0;0;0;0;0;0;0;4;0;0;0;0;0;0;0;0;0;3;0;0;1;0;0;0;0;0;0;1;2
07131000;1;0;0;0;4;4;5;0;2;0;1;6;3;2;0;4;2;1;0;1;0;0;0;0;0;0;2;1;0;1;0;0;1;0;0;0;0;1;0;1;3;8;2;0;1;0;0;1;4;6;0;0;5;0;2;0;0;1;1;2;2;0;1;11;8;0;0;11;0;1;0;6;0;7;0;0;5;14;0;0;0;9;0;0;0;5;0;4;0;0;2;7;0;0;2;0;11;0;0;0;0;0;0;0;15;3;0;0;21;10;1;0;6;9;0;1;1;0;3;0;0;2;4;3;1;0;0;0;0;0;1;0;0;4;0;3;0;0;2;1;2;0;0;0;25;7;0;13;264;77;6;9;4;0;0;7;50;0;0;3;0;4;21;0;5;4;0;2;2;0;1;0;1;0;0;2;0;0;2;0;0;0;0;1;0;0;3;1;1;0;1;3;2;0;0;0;0;0;0;0;6;0;0;0;4;2;3;2;0;1;0;4;2;0;0;2;0;1;0;0;0;0;0;0;4;4;2;0;0;2;0;4;2;0;2;0;0;0;0;0;0;8;1;1;4;1;0;1;0;0;5;2;2;0;6;0;2;1;0;0;0;3;2;1;1;0;0;1;1;1;0;0;0;0;1;0;0;0;3;0;0;2;0;0;0;2;3;0;0;0;0;0;0;0;0;2;0;0;0;0;0;0;0;3;0;0;0;0;0;0;0;1;1;0;2;1;4;3;0;0;1;0;1;0;16;0;0;0;3;6;0;0;0;1;0;2;0;0;4;0;0;0;5;1;0;3;0;0;3;0;3;0;1;0;4;0;8;1;0;2;0;2;1;1;3;0;1;0;0;1;0;2;0;1;1;1;2;0;0;1;4;0;0;0;0;4;1;5;0;0;0;2;1;0;0;0;0;0;1;0
07132000;0;0;5;0;2;0;0;0;0;2;1;4;3;0;1;0;0;3;0;0;0;0;0;3;2;0;5;3;0;0;0;0;3;0;2;0;4;0;0;0;0;0;1;0;0;0;0;0;0;4;3;0;0;1;0;0;3;0;0;1;0;9;1;0;2;0;2;1;0;0;0;0;0;1;0;0;0;0;0;7;0;0;0;0;0;0;0;0;0;3;0;23;1;0;0;1;0;0;0;0;0;0;0;3;11;2;4;4;4;0;0;5;4;0;2;0;0;5;3;1;0;0;0;1;0;0;2;2;0;0;12;0;0;11;1;0;0;0;4;7;0;0;29;0;0;0;0;2;6;0;0;7;72;0;9;0;0;0;0;0;0;0;0;2;0;0;0;1;0;0;0;0;0;0;2;0;5;0;0;2;0;0;2;0;2;0;1;1;0;0;0;0;0;5;0;7;2;5;1;0;2;0;6;0;5;0;0;2;0;0;0;6;2;0;2;0;1;6;0;6;1;0;0;0;0;1;0;0;1;0;0;1;4;0;0;0;0;0;1;0;0;2;0;0;0;0;0;0;0;1;0;2;0;2;0;6;2;0;2;0;0;7;8;0;0;1;0;2;1;0;0;0;0;3;0;0;1;0;0;2;0;1;1;0;0;0;5;0;1;2;0;2;0;0;0;0;1;0;0;0;5;0;0;0;0;0;1;0;0;0;2;0;0;0;0;0;0;0;2;0;2;0;1;4;13;0;0;1;0;1;1;0;0;0;0;0;0;0;2;0;0;2;0;5;0;3;1;0;0;3;4;0;0;1;0;1;0;1;5;0;1;5;1;1;0;2;1;0;0;0;0;10;4;7;0;0;7;1;1;2;0;0;1;1;0;1;1;0;0;0;0;0;0;0;0;0;0;1;0;0
07133000;1;0;2;0;0;0;5;2;5;2;6;2;2;0;1;20;0;0;1;0;1;0;0;0;0;0;9;0;0;0;1;1;2;0;4;2;1;1;0;2;2;4;0;6;0;1;0;5;0;0;4;0;4;2;2;0;1;0;0;0;3;0;4;0;4;0;0;8;0;8;1;0;0;3;0;4;0;5;17;11;2;0;7;0;4;2;11;0;0;2;6;7;5;2;2;2;9;0;0;0;0;2;4;0;0;0;0;0;0;0;0;8;0;3;0;0;0;10;0;0;0;0;0;0;9;0;0;0;0;0;7;1;0;0;3;0;0;4;4;0;4;1;7;0;1;0;13;0;0;0;77;0;0;0;0;0;2;0;0;0;0;4;0;0;15;0;0;1;0;1;0;13;0;0;1;0;0;0;0;0;0;2;0;0;5;0;0;0;4;3;0;0;0;0;5;0;0;0;10;0;0;6;11;8;1;0;2;0;0;4;0;9;0;4;4;0;0;1;3;7;2;0;0;0;0;1;0;0;0;1;0;1;3;0;9;0;0;0;0;0;4;4;0;1;2;0;0;0;0;1;0;0;0;0;0;3;0;0;1;0;1;0;0;2;0;0;1;2;1;1;0;0;0;0;0;3;0;0;0;0;0;0;2;7;0;2;1;1;0;3;1;0;6;0;6;8;0;2;9;0;1;0;0;3;2;0;0;1;0;0;1;0;0;0;0;1;0;2;0;3;7;6;0;2;7;0;0;5;4;0;0;0;3;0;4;2;0;0;2;3;0;0;2;1;0;0;0;0;0;0;0;1;2;2;0;0;4;1;1;3;2;0;0;0;1;0;0;0;0;0;0;0;0;0;3;0;1;4;0;0;2;1;0;0;7;0;0;0;0;0;0;1;0;2;0;0;1;0;0;0
07134000;0;0;0;0;0;0;4;0;4;1;1;0;0;0;3;18;0;3;0;0;1;0;0;1;0;0;0;0;0;0;1;1;1;0;0;0;0;0;0;0;0;1;1;0;0;0;0;1;1;1;2;0;0;0;1;0;0;5;0;0;0;7;8;4;7;9;0;11;0;2;5;0;0;0;1;4;0;0;0;0;0;0;0;0;0;0;0;0;0;0;13;0;1;1;0;4;0;0;4;0;2;0;0;1;3;14;9;1;0;4;0;7;3;1;3;0;0;10;12;0;0;0;0;0;0;0;0;0;0;0;0;0;1;0;0;4;4;0;0;3;0;8;10;6;0;0;0;11;9;1;0;1;0;0;1;0;14;0;0;17;3;2;30;5;3;0;10;4;0;0;0;0;0;0;0;0;0;0;1;2;0;2;0;0;1;3;0;0;1;0;1;0;6;0;0;0;0;0;4;0;1;0;0;0;0;4;8;0;1;0;5;6;2;3;0;2;0;1;0;0;0;0;2;19;0;0;0;0;1;0;4;0;0;3;0;2;0;0;3;1;5;0;0;0;0;1;0;1;3;0;0;0;1;0;1;1;0;1;4;0;0;0;1;0;1;0;0;1;1;0;0;4;0;0;0;0;0;0;0;0;9;0;1;5;0;0;0;0;0;0;0;0;1;0;0;0;1;1;0;0;0;3;0;1;0;0;0;0;0;0;0;0;0;0;0;0;0;0;0;7;0;7;7;0;9;0;0;0;0;4;0;0;0;1;1;0;0;1;1;1;3;0;0;0;0;2;0;2;0;0;1;0;0;0;1;0;0;0;0;0;0;0;2;2;5;0;0;0;0;0;0;0;0;1;0;3;0;0;3;1;0;0;2;0;0;0;4;0;1;0;0;1;0;0;0;0;0;0;0;0
07135000;0;1;0;1;0;0;0;2;3;0;0;0;1;0;1;2;2;3;0;0;0;0;2;0;0;0;2;3;2;0;4;9;2;3;4;0;0;2;0;0;1;0;0;0;0;1;0;0;0;0;0;0;0;1;2;0;2;1;0;0;0;0;0;0;6;0;1;0;2;0;0;3;0;0;0;0;0;0;0;0;0;0;0;0;0;1;0;0;0;0;3;2;0;0;0;3;0;0;0;0;0;0;2;0;1;0;0;5;1;0;0;0;2;0;0;0;1;3;0;0;0;0;0;0;0;0;0;0;0;0;0;1;0;1;4;1;0;5;0;2;0;0;32;0;0;1;0;0;0;2;0;15;12;1;29;0;0;0;1;2;2;1;29;0;0;4;0;3;0;0;0;4;0;0;0;3;0;0;0;1;0;1;0;4;2;0;1;1;0;1;0;1;0;1;1;0;0;2;2;2;0;0;0;1;1;0;0;6;3;0;2;2;2;0;4;2;1;0;0;3;1;2;0;0;0;0;4;0;0;0;1;0;1;1;1;3;0;1;0;0;0;1;0;2;3;0;0;1;0;0;0;0;0;0;0;1;0;0;1;0;0;0;0;1;0;0;0;0;0;0;0;0;0;0;3;0;0;0;0;0;0;2;0;1;0;0;0;1;0;0;0;0;0;0;1;1;0;0;0;1;3;0;1;0;6;0;0;0;0;0;0;0;0;2;0;1;0;0;9;1;0;5;7;0;6;0;0;0;0;1;0;0;0;0;1;0;0;0;0;0;0;0;0;0;1;0;0;0;1;1;0;0;0;0;2;0;3;1;1;0;0;1;0;0;0;2;0;0;0;0;0;1;0;0;0;1;0;0;0;2;2;0;0;0;1;0;0;0;1;0;2;0;0;0;0;0;0;1;0;0
07137000;0;3;3;4;0;0;3;5;3;4;5;0;2;2;0;0;7;3;0;2;0;0;0;4;0;0;0;0;3;0;0;3;0;1;3;0;0;0;0;12;1;0;0;0;1;3;0;0;3;2;3;3;0;4;0;4;0;3;0;1;2;0;3;0;0;0;4;0;0;0;0;0;0;8;1;1;0;4;0;6;0;11;0;0;0;0;3;0;0;0;2;8;3;0;3;0;3;9;0;3;2;7;5;0;0;1;12;0;0;0;0;1;0;0;7;8;0;17;1;0;3;1;6;0;0;0;0;5;0;0;1;0;0;0;0;3;0;0;1;0;0;0;0;0;0;3;0;32;0;11;43;0;124;0;0;0;17;0;0;0;0;11;30;0;1;0;0;0;0;0;0;4;9;0;3;0;0;0;0;0;0;0;6;0;1;0;2;0;2;2;0;0;0;0;0;2;3;2;10;2;0;0;2;0;1;2;2;1;0;1;1;9;0;6;0;0;0;0;0;0;0;4;0;1;0;0;1;0;0;0;0;0;2;1;0;1;0;3;2;0;1;0;2;1;0;2;0;1;0;0;0;0;1;2;0;2;2;2;0;3;1;2;0;0;2;0;0;2;0;0;0;0;0;4;2;0;0;1;1;0;1;0;0;0;0;1;0;0;2;4;0;0;0;0;6;0;2;0;0;0;4;2;1;0;0;0;3;0;1;2;0;0;0;1;0;1;0;1;5;4;0;0;1;0;28;0;0;0;3;1;4;0;0;0;2;0;0;0;0;2;1;0;0;0;0;0;0;6;2;1;1;0;0;0;3;6;2;0;0;0;2;0;0;4;2;2;2;0;0;0;0;2;0;0;0;0;0;3;0;0;1;2;0;1;1;5;4;0;1;0;0;0;0;0;0;1;0;0;0;0
07138000;0;0;2;0;4;0;4;0;0;3;0;1;1;0;2;11;0;0;1;0;0;0;1;1;1;0;11;2;1;2;1;3;1;7;0;1;0;3;1;0;0;2;1;0;0;1;0;0;0;1;5;2;0;0;0;8;5;0;0;0;0;0;0;11;0;0;0;0;23;0;8;0;0;3;0;4;1;7;0;0;1;0;0;0;0;3;6;0;0;0;3;0;0;4;4;8;2;0;0;0;0;12;5;2;0;6;0;0;0;0;0;7;8;0;0;4;0;0;0;0;0;7;6;0;0;7;0;2;0;7;0;0;7;1;0;11;0;0;0;0;5;0;0;0;40;3;0;0;0;0;0;7;57;0;6;0;0;0;0;12;4;2;9;0;4;0;4;0;4;2;0;0;2;0;0;0;2;7;1;0;0;0;5;0;0;0;6;2;0;0;5;0;0;2;4;9;7;0;0;0;0;0;1;0;0;4;2;1;1;0;0;4;3;0;4;2;3;3;0;0;0;0;5;0;0;0;0;0;0;0;3;0;0;0;0;1;0;1;7;0;2;0;0;0;0;0;0;0;0;0;0;4;0;0;1;0;0;0;0;1;0;0;1;1;0;3;0;2;0;1;0;0;0;0;0;0;0;1;2;0;0;1;1;0;0;0;0;0;0;1;0;0;0;0;4;0;0;0;0;0;0;0;0;0;0;0;2;0;1;1;0;2;2;0;9;0;0;4;10;1;1;0;0;6;1;0;0;0;0;3;1;0;5;0;1;0;0;1;4;0;1;0;0;0;0;1;5;6;4;4;6;0;0;0;6;4;0;2;3;0;0;0;0;2;0;0;0;3;0;0;0;0;1;0;0;0;7;0;0;3;0;0;0;0;0;1;1;3;3;0;0;0;0;0;0;1;0;0;0;0
07140000;0;1;2;0;0;0;0;1;0;0;0;0;5;2;1;2;0;0;0;1;5;4;1;1;0;1;0;0;0;0;0;0;0;0;4;0;0;3;0;3;1;0;2;0;0;0;1;1;0;0;0;2;0;2;0;3;0;0;0;1;0;0;0;11;8;5;0;2;0;0;5;0;4;0;5;0;0;0;0;1;0;0;0;0;2;0;0;5;5;0;0;0;0;0;5;0;0;1;2;0;0;2;0;0;0;1;0;0;5;0;0;2;0;11;3;0;6;0;2;0;5;0;0;3;0;0;1;0;0;0;12;0;1;4;6;2;0;1;0;3;2;1;19;0;5;0;19;0;0;1;0;0;0;0;0;0;7;0;0;7;7;0;13;6;2;0;0;5;0;11;11;0;0;0;0;0;0;1;0;1;9;5;0;0;0;0;1;0;0;3;0;0;0;0;0;0;8;0;0;0;3;3;1;0;2;0;3;0;3;0;0;9;0;3;5;1;0;0;0;0;5;0;0;3;0;0;0;0;0;0;0;0;0;1;1;0;0;0;5;0;1;0;0;4;2;1;0;1;1;0;0;4;1;1;0;0;0;0;2;1;1;2;0;0;0;0;0;1;0;0;0;2;0;0;0;3;1;0;0;1;0;0;0;0;0;0;0;0;0;0;1;0;1;2;4;0;1;0;0;0;1;0;0;1;0;1;3;0;0;2;0;3;2;0;0;0;4;1;0;8;0;0;1;0;0;0;0;0;0;1;0;0;0;0;0;0;1;0;0;0;0;1;0;2;0;0;0;1;2;1;0;5;1;3;2;0;3;5;0;1;0;0;1;0;0;0;1;0;0;1;0;0;1;0;0;0;0;0;0;0;0;0;4;3;0;0;2;0;0;2;0;0;1;0;0;0;1;0;0;0
07141000;2;4;8;0;0;3;1;5;2;1;5;0;0;0;3;2;0;0;1;1;0;0;8;0;0;0;0;0;1;0;2;3;0;2;1;0;0;0;0;1;1;2;0;0;1;1;0;0;0;0;2;0;1;8;0;0;0;2;0;0;0;6;1;5;6;1;0;4;0;0;0;0;4;0;4;0;2;3;1;12;2;1;0;0;0;1;0;0;0;0;3;1;3;1;0;4;2;0;1;0;0;0;0;3;0;5;0;3;11;0;2;6;0;0;0;7;2;0;2;0;0;0;0;0;0;0;0;0;0;2;0;0;0;2;0;2;3;0;2;0;3;2;0;0;0;1;0;0;56;0;37;0;36;0;0;0;0;0;0;0;1;5;18;6;0;0;0;9;6;0;0;1;0;0;7;0;0;0;0;6;0;0;6;1;1;0;0;2;0;3;0;0;3;0;0;1;9;0;0;0;4;1;2;3;0;4;0;0;2;0;0;3;2;7;0;0;1;0;7;6;0;0;1;8;0;0;0;0;0;0;1;0;7;0;0;0;0;1;0;0;1;0;0;0;2;0;0;0;3;0;0;0;2;0;1;5;3;0;1;0;0;0;0;0;0;1;0;0;1;0;0;0;0;3;1;0;0;0;0;0;1;2;2;0;0;0;0;2;0;0;0;0;2;0;0;0;0;0;2;1;0;0;0;2;5;0;5;0;1;0;0;0;1;0;0;2;0;3;13;2;0;0;0;0;11;3;0;0;0;0;0;1;0;0;2;0;1;1;1;0;0;0;0;1;1;0;0;0;0;0;0;0;0;2;1;0;0;3;5;1;0;0;2;1;0;0;0;0;0;0;4;2;0;3;0;0;0;0;0;0;0;1;0;0;0;0;0;0;0;1;0;0;2;0;3;1;0;0;0;0
07143000;2;0;0;0;0;1;0;0;3;2;0;2;0;0;2;6;0;8;0;6;0;0;0;3;0;0;4;4;0;0;0;0;5;2;2;0;0;0;0;4;5;7;1;0;0;1;0;0;0;0;1;2;5;0;4;0;0;1;1;0;0;0;0;8;0;8;4;3;0;5;0;0;0;0;0;0;0;0;0;3;0;7;5;4;0;2;0;0;0;0;0;8;0;2;0;0;0;1;0;0;0;0;4;0;0;0;0;2;0;3;5;2;0;0;4;1;2;2;0;0;2;0;0;0;0;0;0;0;0;0;7;10;0;16;0;3;0;0;1;5;1;0;0;0;0;4;2;0;0;0;21;0;0;0;27;0;0;0;0;4;0;8;43;2;1;0;2;0;3;0;0;4;10;0;4;0;4;5;0;0;0;0;9;3;0;0;0;0;0;2;0;4;0;0;0;5;1;0;0;0;0;0;0;0;0;2;1;0;0;0;0;0;0;11;0;3;0;0;2;0;0;0;6;7;2;2;1;0;0;0;8;0;0;6;1;0;1;0;0;1;0;0;0;0;0;0;0;0;3;4;0;0;0;0;0;2;0;2;0;0;0;0;0;0;0;0;0;1;1;3;0;0;0;0;1;0;0;0;0;0;0;3;5;10;0;2;4;4;1;0;0;3;0;0;4;0;3;0;0;0;2;3;1;1;0;0;0;1;0;0;0;0;3;0;1;0;0;1;9;4;1;0;0;0;19;0;2;0;0;0;3;0;0;5;1;3;0;0;0;0;0;0;2;0;1;2;0;3;5;2;0;6;10;0;5;6;0;0;7;0;0;5;2;0;0;22;0;0;0;0;1;2;0;0;0;0;1;0;0;2;1;0;1;1;2;0;0;7;0;0;0;2;0;0;0;1;0;0;0;1
07211000;3;0;0;1;0;0;0;0;0;0;0;0;0;1;2;32;8;1;1;0;0;0;0;0;4;0;4;1;1;1;0;0;0;3;0;0;0;6;0;0;0;1;0;0;0;0;3;1;0;0;0;1;1;2;0;4;0;0;3;4;0;0;4;35;10;0;0;7;12;0;1;0;9;6;0;6;0;5;6;125;1;7;9;0;0;0;0;9;1;0;4;13;4;0;10;0;3;0;0;0;1;4;0;0;0;0;0;1;0;0;0;0;0;1;0;2;0;29;1;12;3;0;0;0;8;2;0;3;0;0;0;0;0;3;0;1;6;0;0;2;0;0;42;23;35;35;23;0;161;32;39;6;57;0;167;1219;13;3511;0;0;10;11;69;9;12;16;13;20;24;34;4;23;11;1344;26;20;33;48;5;0;0;0;0;2;2;4;0;3;0;0;0;0;9;0;1;14;3;0;0;0;0;1;0;24;7;0;0;0;5;0;0;0;0;0;0;0;6;0;0;2;0;0;0;14;4;0;0;0;0;1;0;3;0;0;0;0;0;7;0;0;0;2;1;0;2;3;2;0;2;0;0;1;0;0;0;1;1;0;2;0;0;1;0;1;1;0;0;4;1;0;0;0;1;0;0;0;0;0;0;0;0;0;0;3;0;0;0;0;0;0;0;0;0;2;2;0;0;1;0;2;2;2;0;0;0;1;1;0;1;2;0;1;3;1;3;2;1;0;0;0;0;0;0;0;32;0;4;2;6;0;4;1;1;0;1;0;1;3;0;0;0;3;1;0;2;0;1;0;0;4;0;0;2;0;7;0;0;3;0;0;0;0;0;2;1;0;2;5;0;1;1;3;0;1;0;0;0;1;5;3;0;0;0;1;0;0;0;1;1;0;0;1;1;0;0;0;2;0;0;0
07231000;0;0;3;0;5;0;0;0;1;0;0;0;4;0;0;19;0;0;0;0;0;1;1;5;1;0;2;0;5;2;0;0;0;1;0;0;2;0;0;5;0;0;1;3;0;0;0;0;0;0;2;0;0;0;0;0;0;7;0;0;1;2;0;0;0;0;0;0;1;1;1;2;0;0;0;0;3;10;0;4;2;2;0;1;0;0;0;0;0;0;1;0;3;0;0;0;10;0;0;1;0;1;1;2;0;0;1;2;0;3;3;0;0;0;0;0;5;4;2;0;0;5;0;0;0;3;0;4;0;0;8;0;0;0;2;18;0;0;1;0;0;0;5;3;0;5;0;0;4;0;41;34;0;0;0;0;0;0;1;0;0;0;30;0;0;0;0;1;0;4;0;0;0;0;0;29;0;0;3;0;1;1;0;0;1;7;1;1;3;0;0;2;7;3;0;7;0;3;0;0;1;0;0;7;8;0;0;1;1;0;0;0;0;0;1;0;1;1;3;0;0;1;0;11;0;1;0;0;0;0;2;1;0;0;0;0;1;0;2;1;0;2;1;0;0;0;0;1;0;0;0;2;4;0;0;0;0;0;0;1;0;3;0;0;0;0;0;0;1;0;0;5;0;0;0;0;2;0;0;0;0;0;0;0;0;0;0;0;0;1;0;0;0;0;0;0;0;0;0;3;0;0;1;0;3;0;0;0;0;0;0;0;1;0;1;0;0;0;0;0;0;0;0;4;0;0;0;0;0;2;1;4;1;0;0;0;0;0;0;0;4;0;0;2;3;0;0;1;0;3;0;1;3;0;0;0;0;0;5;0;1;4;0;0;0;0;2;0;0;0;0;0;0;0;0;0;1;2;2;2;0;0;0;0;0;2;1;0;0;0;3;0;0;0;0;0;0;0;0;3
07232000;0;1;1;0;0;0;0;0;3;4;0;0;0;2;0;2;3;2;1;0;2;1;0;0;1;0;0;4;0;1;5;2;0;0;0;1;0;0;0;6;0;0;0;0;0;0;2;0;1;0;0;0;2;0;0;2;0;1;0;2;0;1;0;0;13;0;2;0;0;0;4;1;0;0;0;0;1;0;13;0;0;0;0;0;0;0;0;0;0;0;8;7;2;0;11;0;3;2;0;0;2;1;4;1;9;0;0;0;0;1;0;0;0;0;0;0;2;10;1;1;0;0;10;4;0;2;0;0;0;0;0;12;0;0;3;1;0;0;0;1;0;0;65;0;126;107;55;49;157;129;65;41;158;0;190;0;58;0;32;21;26;43;122;6;10;5;25;4;49;66;52;28;3;41;43;32;67;30;0;0;0;0;0;0;0;1;1;0;2;1;0;0;0;0;0;4;9;0;0;0;0;1;0;0;0;2;0;2;0;3;6;2;0;9;3;0;3;1;2;0;3;0;0;9;0;0;2;0;1;0;0;0;2;0;0;0;0;2;5;0;5;0;1;0;0;0;0;0;0;0;3;0;1;2;8;0;3;0;1;0;0;0;0;0;0;0;0;4;0;0;1;0;0;0;0;0;0;0;0;0;0;0;2;4;0;0;2;0;2;0;0;0;1;1;0;2;2;0;1;4;1;0;1;0;2;1;0;0;0;0;2;0;0;0;0;0;0;4;0;0;2;0;0;4;13;0;0;0;2;0;3;0;0;0;1;0;0;1;0;1;0;0;2;4;0;0;2;0;0;1;15;0;0;0;0;2;4;0;0;0;0;0;0;0;0;0;0;0;0;0;0;0;0;0;0;0;0;2;0;0;0;0;0;0;2;0;0;0;0;2;0;2;0;0;0;3;1;0;0;0
07233000;8;0;0;0;0;0;0;0;2;0;0;6;1;4;3;0;2;0;4;0;0;0;0;0;0;0;2;0;0;0;0;0;0;1;0;2;0;1;0;5;1;0;0;1;0;0;0;1;0;1;2;0;6;0;4;0;0;0;0;0;8;0;5;9;0;0;0;0;0;0;0;0;0;0;0;0;0;0;5;0;0;0;0;0;22;0;5;0;0;2;6;0;1;2;0;0;2;1;0;1;0;0;0;2;0;0;1;1;1;0;0;7;1;0;0;0;1;0;3;1;0;0;0;0;3;0;0;0;0;2;1;3;0;2;1;3;1;8;0;0;0;0;19;0;5;0;0;31;0;28;0;7;0;0;0;0;0;0;0;5;0;0;16;0;0;2;0;3;2;0;1;2;4;0;0;0;17;0;2;1;0;0;0;0;0;0;0;1;0;4;0;0;0;3;0;3;0;6;0;0;0;3;10;0;0;1;5;0;2;0;3;0;0;2;3;3;1;0;2;1;3;0;3;10;0;0;0;0;0;0;0;0;0;0;0;0;1;0;0;7;0;0;0;0;0;0;0;0;0;2;1;0;5;0;0;0;0;0;1;1;0;2;0;0;1;1;0;0;0;0;1;0;0;0;0;1;3;0;0;1;0;0;1;3;0;0;0;0;1;0;0;0;0;0;1;1;0;0;0;0;0;0;0;0;0;0;0;0;0;0;0;0;2;0;0;0;0;1;3;3;0;7;3;1;0;0;0;0;0;0;0;1;1;1;0;0;2;0;1;0;1;0;0;0;0;0;0;0;0;1;0;1;1;2;0;0;0;0;0;0;0;0;0;0;0;1;2;0;0;2;0;0;0;0;0;0;0;0;3;2;1;2;0;0;0;0;1;0;1;0;0;0;1;0;0;0;2;0;0;0
07235000;0;0;0;3;1;0;7;0;0;3;0;3;0;0;1;8;2;0;0;5;0;3;0;0;0;0;0;3;2;0;0;0;0;2;2;1;0;2;0;2;0;0;0;2;2;1;0;0;0;0;17;0;4;0;0;1;0;0;0;5;1;1;0;1;6;0;0;0;3;0;0;0;0;0;9;10;8;1;18;20;1;5;0;0;0;1;0;0;7;0;0;0;1;0;0;0;6;2;0;1;3;3;1;0;0;0;0;0;1;6;4;0;0;1;2;3;3;6;0;0;0;0;7;0;0;0;1;5;0;4;9;0;0;4;0;0;6;0;0;1;0;0;104;1;121;136;77;33;230;209;102;45;200;0;240;58;30;0;57;94;27;90;145;29;42;0;34;19;106;80;39;42;42;24;35;61;204;88;0;5;0;0;1;0;0;0;6;0;0;0;0;0;0;0;0;9;0;0;17;0;0;0;0;9;3;0;2;1;0;1;0;1;2;0;9;3;4;1;0;0;6;1;0;5;0;1;0;0;0;1;0;0;1;0;1;0;1;1;0;0;4;0;0;0;3;2;2;6;4;0;0;1;1;0;0;0;0;0;2;1;1;0;0;0;0;0;0;1;0;0;0;0;1;1;2;0;0;0;0;0;0;0;0;1;0;0;2;2;0;0;0;0;0;0;0;1;1;0;0;0;0;1;0;3;5;0;0;3;0;0;2;2;1;0;1;1;0;0;0;0;0;14;7;0;18;0;1;0;0;0;0;0;2;0;0;2;0;2;0;0;3;2;0;2;1;0;3;0;3;0;0;0;0;0;0;0;1;0;0;1;3;0;0;0;0;1;0;0;0;1;1;0;0;0;1;3;0;0;0;0;2;0;0;1;0;1;0;1;1;0;0;0;0;0;2;4;0;1;0;2
07311000;0;0;0;2;0;0;0;1;0;0;0;0;2;0;0;10;1;0;0;0;0;0;0;1;0;2;5;9;0;0;0;0;3;4;0;0;0;0;0;0;0;0;0;0;0;0;0;0;0;0;1;0;2;1;0;0;0;0;0;0;4;0;2;4;0;0;0;0;0;3;0;0;0;0;1;1;1;1;4;0;0;0;1;2;0;1;0;4;0;0;0;1;0;0;0;0;0;0;0;0;0;3;2;0;0;1;1;0;0;0;0;1;0;1;0;0;1;9;2;0;32;0;0;5;6;0;0;0;12;3;0;0;1;2;2;0;11;1;0;2;0;0;0;0;0;3;6;0;0;2;1;10;3;2;0;0;0;0;0;0;7;0;15;4;0;0;0;12;23;37;6;2;10;0;10;0;0;0;0;0;1;1;2;1;0;0;0;0;1;0;0;2;0;0;1;9;0;0;15;0;0;0;0;0;0;0;3;2;0;0;3;5;0;0;2;0;0;0;1;2;0;1;0;7;0;0;2;1;2;0;0;0;0;0;0;0;0;0;0;0;0;0;0;0;0;1;0;0;0;1;1;0;0;0;2;0;2;0;0;0;1;0;0;0;0;0;0;0;0;0;2;0;0;0;0;4;0;0;0;0;0;0;3;1;0;0;0;0;0;0;1;0;2;0;0;0;0;1;0;0;0;0;0;0;0;0;0;0;0;0;0;0;0;4;1;0;0;1;0;0;2;0;0;0;0;1;0;2;2;0;1;0;4;0;0;0;0;1;0;1;0;2;0;0;0;4;0;0;0;2;0;3;0;0;0;0;0;2;0;0;0;1;1;0;0;0;0;0;0;0;0;0;0;0;0;0;0;1;0;0;0;0;0;0;1;0;0;0;0;0;0;0;0;0;0;0;0;0;0;1
07312000;1;0;1;0;2;4;2;0;1;0;0;0;0;0;0;31;4;3;3;2;0;5;1;0;1;0;16;0;2;3;0;0;0;9;0;2;0;3;0;0;0;4;0;1;0;0;1;0;12;0;1;0;1;0;0;0;0;6;1;1;1;8;2;23;0;0;2;4;1;5;0;1;0;1;8;2;0;3;1;19;2;31;6;0;0;2;0;0;4;0;0;0;4;3;5;0;0;0;0;0;2;1;0;0;2;14;3;11;2;0;5;4;0;0;1;1;14;18;9;8;8;0;0;0;0;4;0;0;3;0;0;0;0;0;0;0;6;0;0;3;0;3;3;0;4;0;0;0;5;0;0;9;0;21;5;0;0;0;5;0;13;0;29;0;13;0;2;15;0;0;0;10;82;0;0;0;16;12;25;8;5;1;13;3;16;2;0;0;0;2;4;4;17;4;0;0;14;5;38;2;0;1;1;4;4;6;3;2;0;0;3;0;2;3;5;9;7;7;1;9;0;0;18;61;0;2;2;1;5;8;2;1;0;7;4;0;1;0;3;1;1;0;2;4;1;0;0;2;1;0;2;0;6;0;0;0;2;1;2;0;2;3;1;0;0;2;0;1;4;1;0;0;2;1;2;1;1;0;0;0;0;7;0;13;0;5;2;0;2;0;3;0;1;0;5;0;1;0;4;1;4;0;0;1;0;0;3;0;0;0;0;0;3;1;0;0;3;0;1;13;15;0;0;3;54;3;1;2;2;0;1;0;0;6;0;0;0;0;0;0;0;0;0;2;0;0;0;4;8;5;0;2;0;0;3;1;0;2;0;2;1;6;0;3;3;0;4;1;3;0;0;0;4;0;1;0;0;0;0;0;0;0;1;0;2;0;0;2;0;1;0;0;0;0;2;2;0;0;1;0
07313000;1;0;0;0;0;0;0;1;1;2;0;0;0;0;2;21;0;0;0;4;0;0;1;0;1;0;0;0;0;1;0;0;0;0;0;0;0;0;0;0;0;0;0;0;1;0;2;0;2;0;0;0;5;0;0;0;0;0;0;0;0;6;1;1;2;0;0;3;0;0;0;0;0;3;0;1;1;0;1;3;0;13;4;0;0;0;0;0;0;0;0;2;1;0;4;0;0;0;0;0;0;0;2;0;3;0;3;1;2;0;0;0;0;0;0;0;0;25;1;11;0;1;0;0;0;0;0;0;1;0;0;2;0;8;1;3;0;0;0;0;0;0;0;0;2;0;0;0;6;0;0;0;0;0;0;0;1;0;0;0;0;5;0;0;16;0;0;1;0;0;0;0;0;0;0;0;0;0;0;0;0;0;0;0;0;0;1;0;0;0;0;0;0;0;0;1;0;0;0;9;0;1;0;5;0;0;4;0;0;1;0;0;0;0;0;2;5;4;0;0;0;0;0;0;0;0;2;0;0;1;0;0;4;0;1;0;0;0;0;3;0;1;0;0;0;0;0;0;1;0;2;0;1;0;0;1;1;0;0;0;3;0;0;1;0;0;5;2;1;0;0;0;0;0;0;0;0;1;0;0;0;1;0;0;1;0;0;0;0;0;0;0;3;0;0;0;4;0;1;0;0;0;0;2;0;2;2;0;0;0;1;3;3;0;0;0;0;0;0;0;0;0;0;3;4;0;2;1;0;0;0;0;0;1;3;0;0;0;0;0;0;0;0;2;1;0;0;0;0;0;0;0;1;0;0;0;0;0;1;0;1;1;1;0;2;0;0;0;0;0;0;0;0;0;0;1;0;0;0;4;3;0;0;0;0;1;0;0;0;0;0;0;0;0;2;0;0;0;0;0
07314000;0;0;0;0;1;1;2;1;0;2;0;2;1;0;7;0;0;0;0;0;0;0;1;0;0;0;5;0;1;0;0;3;1;0;0;0;0;0;1;0;1;0;0;0;0;0;0;0;2;2;2;5;0;0;0;0;0;5;0;5;0;2;0;0;1;3;5;3;4;2;0;0;1;4;1;12;1;2;1;6;0;0;2;5;1;0;0;0;0;0;10;1;0;1;17;2;1;1;2;0;0;0;1;0;0;9;0;0;0;3;0;0;0;0;6;1;22;38;0;5;40;3;0;12;0;1;0;0;0;10;0;0;0;4;5;0;1;0;2;5;0;1;0;0;0;0;0;0;0;0;10;0;0;0;7;0;1;0;55;9;0;0;5;22;0;0;44;0;20;248;34;0;12;0;2;176;0;18;0;0;10;5;0;5;2;10;0;0;0;3;4;0;2;0;0;13;0;6;131;0;0;0;8;8;6;0;0;2;11;0;11;0;0;0;6;0;0;0;7;0;0;0;0;0;0;3;1;0;1;0;0;1;2;2;0;1;2;5;8;2;5;0;0;0;7;0;0;0;1;0;2;0;0;0;0;1;0;0;3;3;1;0;0;0;0;4;0;0;0;0;0;0;0;0;0;0;0;0;0;2;1;0;0;1;0;2;0;6;4;1;7;0;3;0;1;0;7;1;0;0;0;1;1;0;0;0;0;0;3;0;1;0;0;2;1;0;0;9;5;3;0;6;8;3;22;1;0;0;0;2;1;0;0;0;0;22;2;0;3;2;0;0;2;0;0;0;0;5;0;0;0;0;0;0;3;0;10;0;4;0;1;5;0;0;1;0;0;0;3;1;1;0;0;0;0;1;0;0;0;2;0;0;0;0;0;0;0;1;0;1;0;1;0;0;0;0;0;0;0;0
07315000;0;0;0;0;0;6;0;0;0;1;0;0;0;0;0;27;0;0;0;4;0;0;0;0;0;0;0;0;0;0;0;4;0;0;0;0;0;0;1;1;0;0;0;1;0;0;0;3;0;0;7;0;0;2;0;8;0;2;3;2;3;0;0;11;0;0;0;0;0;13;0;0;5;0;0;5;0;0;0;72;0;0;6;2;0;0;5;0;0;2;0;0;0;0;0;0;0;0;0;0;1;4;1;0;0;0;1;0;0;6;0;0;4;0;0;0;0;153;2;246;0;0;0;0;0;23;5;0;0;0;0;0;0;0;8;3;0;0;9;0;13;1;0;0;3;78;0;0;0;0;0;0;0;0;0;0;0;0;0;0;7;0;0;0;3;0;0;0;127;0;0;0;0;0;0;0;634;0;5;0;0;0;0;0;0;1;0;0;4;0;0;0;0;0;0;0;0;4;0;0;0;0;0;0;0;0;11;2;0;1;0;11;5;5;0;0;0;0;0;1;0;0;0;31;6;0;4;1;0;1;2;2;4;0;3;0;5;0;0;0;0;0;14;0;0;0;0;0;0;0;0;0;2;0;2;0;2;2;9;0;0;0;0;0;0;1;1;3;2;0;1;2;0;0;1;1;2;0;1;0;0;0;1;4;0;0;0;0;1;0;0;0;3;0;3;0;4;0;0;1;1;7;3;0;8;2;0;1;0;0;0;2;0;12;10;2;2;10;0;0;0;0;0;0;126;0;0;0;2;0;3;0;3;0;0;2;3;0;0;0;0;4;0;0;0;2;1;0;5;0;1;0;0;0;2;3;10;0;6;0;0;24;0;0;0;0;0;0;0;0;2;3;3;2;2;0;0;0;8;3;0;0;4;0;0;0;0;2;0;0;0;0;2;4;0;0;2;0;0;0
07316000;0;0;0;0;0;1;3;2;0;1;4;0;0;0;1;0;0;0;0;0;0;0;0;0;0;0;0;0;3;0;0;0;0;0;0;1;0;0;0;1;0;0;0;0;1;0;0;0;2;0;3;0;2;0;0;0;0;0;2;2;0;1;0;1;0;1;0;0;0;0;0;0;0;0;1;1;1;0;6;0;0;7;0;4;0;2;0;1;0;0;1;1;1;1;0;0;3;0;2;0;0;1;2;0;0;0;1;1;0;0;0;3;0;4;0;0;0;0;1;3;0;0;0;0;3;0;5;0;0;0;0;3;0;0;0;0;3;0;0;1;0;0;4;2;0;11;0;3;1;0;0;0;0;0;3;0;0;0;0;2;4;0;4;0;1;0;9;0;0;0;16;0;0;0;20;0;1;3;0;0;0;4;0;0;1;0;1;4;0;0;1;0;9;6;0;0;0;0;0;0;0;1;0;0;4;0;13;0;0;11;0;0;0;0;0;0;0;0;0;2;5;1;2;0;0;1;0;0;0;0;1;0;1;0;1;0;0;0;0;0;0;2;0;0;0;0;0;0;0;0;0;1;0;0;0;0;0;0;2;0;0;3;0;0;0;0;0;0;1;0;1;0;0;0;0;0;0;0;0;0;0;0;1;0;0;0;0;0;0;0;1;0;0;0;0;0;3;0;1;1;1;0;0;1;2;0;0;0;0;0;0;1;1;0;0;3;0;0;5;1;0;2;9;0;0;0;0;0;0;0;4;0;0;0;0;0;0;0;0;0;0;0;2;0;0;0;0;0;0;3;0;2;0;0;0;4;0;1;2;1;0;0;1;0;0;0;1;0;1;0;0;0;0;0;0;0;0;0;0;0;0;0;0;0;0;0;0;0;0;1;0;0;0;0;0;0;1;0;0;0
07317000;0;3;0;0;0;0;0;0;0;1;0;0;0;0;0;6;1;0;0;0;0;0;0;0;0;2;4;1;0;0;0;0;0;0;1;0;0;0;0;0;0;0;0;0;1;0;0;1;1;2;0;0;4;2;1;0;0;0;0;0;0;6;0;2;10;3;3;0;1;5;0;2;0;0;0;2;0;4;2;8;2;0;1;8;2;3;0;0;0;0;0;0;0;0;1;0;1;2;0;0;0;0;1;0;4;5;0;0;1;0;0;3;0;1;2;0;1;5;0;0;0;4;0;0;3;0;0;1;0;0;3;0;0;0;0;0;0;1;0;0;0;0;0;0;0;0;0;0;0;0;0;2;0;0;5;0;0;0;3;0;0;17;0;0;0;0;0;11;0;0;0;0;0;0;0;0;4;0;0;0;0;4;0;3;1;0;0;2;0;2;1;2;0;0;0;0;1;0;8;6;3;3;0;0;1;1;0;1;0;0;2;0;1;0;0;0;1;0;0;1;1;0;2;4;0;0;0;0;0;0;0;4;0;1;0;0;0;0;0;0;1;0;0;0;0;1;0;1;1;0;4;0;0;0;0;0;0;1;0;0;0;0;0;0;0;0;0;0;0;0;0;0;0;0;0;3;0;0;0;2;0;0;1;0;0;2;0;0;0;0;2;0;0;0;1;0;0;0;0;3;0;0;0;0;2;0;0;0;0;1;0;0;1;0;1;1;0;0;0;1;0;0;20;0;5;0;0;0;0;0;0;1;0;0;0;0;0;0;0;0;0;0;0;1;0;0;0;0;0;0;2;0;0;4;2;0;0;0;2;0;0;2;2;0;0;0;0;1;0;0;0;0;0;5;0;0;0;0;0;0;0;0;0;0;0;0;0;0;0;0;0;0;0;0;0;0;0;0;0;0
07318000;0;0;1;0;0;0;4;0;0;0;4;1;0;0;0;6;0;0;0;0;0;0;0;0;0;1;0;0;1;4;0;0;2;0;0;5;0;1;0;0;0;0;0;0;0;0;0;0;0;0;4;0;0;4;0;0;1;0;0;0;0;0;0;0;2;1;0;0;0;0;0;4;4;0;0;0;0;0;5;9;0;3;0;0;0;6;1;5;0;4;0;0;0;0;0;1;1;1;0;0;1;0;5;0;0;0;0;0;1;1;2;0;1;0;3;0;0;0;0;0;15;7;0;0;1;0;0;0;1;0;0;0;0;0;0;2;0;0;0;0;0;1;10;0;4;30;11;0;13;1;33;17;19;0;0;0;0;279;54;35;49;81;151;83;42;0;110;36;171;121;48;206;51;880;146;330;134;101;0;0;0;1;0;0;3;3;4;7;0;0;0;0;5;20;1;2;0;0;0;0;0;0;0;8;6;4;4;0;0;0;1;2;1;0;2;1;0;1;0;1;2;7;5;0;0;0;1;0;1;0;2;3;0;0;0;0;0;0;4;2;0;2;1;0;0;0;0;0;0;0;0;0;0;0;0;0;0;0;0;0;1;0;0;0;0;0;0;0;0;0;0;1;0;0;0;2;0;0;0;1;0;2;1;5;0;3;0;0;1;0;0;0;0;0;4;0;0;0;0;0;1;0;0;3;0;0;0;0;0;0;0;0;0;1;0;0;2;4;0;2;0;4;0;1;4;1;0;0;0;0;0;0;0;0;0;0;0;1;2;0;1;0;0;1;1;2;1;0;0;1;2;0;0;0;0;0;0;0;0;0;0;0;0;0;4;0;0;0;1;0;0;0;0;0;0;0;0;0;0;0;0;2;0;0;0;0;0;0;0;0;0;0;0;0;0;0;1;2;1;0
07319000;1;1;0;0;2;0;0;0;0;1;2;0;0;0;0;6;4;0;0;0;0;1;0;5;0;0;7;1;0;3;0;1;2;0;0;0;0;0;0;0;1;2;0;0;0;0;1;0;8;0;3;0;1;0;0;5;0;0;0;5;0;0;2;0;2;0;0;0;3;0;2;0;0;1;2;0;0;10;3;6;0;0;0;0;2;0;1;1;9;3;6;9;1;1;5;3;2;0;2;0;0;1;0;0;1;2;4;0;5;0;0;1;0;1;0;0;0;16;1;0;64;0;10;5;0;3;0;7;2;0;6;3;0;6;5;0;0;0;0;2;0;0;0;4;0;8;0;2;3;0;6;7;0;0;4;0;3;0;3;0;16;0;13;0;1;0;0;0;71;59;41;0;3;0;0;0;10;11;8;0;0;0;0;0;1;4;0;0;1;2;0;0;11;0;1;3;3;0;0;2;1;4;0;0;0;0;1;0;1;3;1;11;0;0;4;0;0;0;8;0;4;1;3;5;2;0;0;2;0;0;0;1;0;0;0;4;0;0;1;1;1;1;0;0;1;2;0;1;0;0;0;8;0;0;0;0;0;1;0;1;2;1;2;0;1;0;0;2;0;0;0;0;4;0;0;0;0;0;1;0;0;2;9;0;0;0;0;0;4;2;0;3;1;1;0;0;0;0;0;0;3;2;0;3;0;0;0;0;0;6;0;0;1;0;0;0;0;2;22;0;2;0;3;1;0;1;0;0;0;0;0;0;2;0;0;1;0;0;0;0;0;1;1;2;1;0;0;2;0;0;4;0;4;0;0;0;1;0;6;0;0;1;0;0;0;0;0;2;1;0;0;0;0;0;0;0;0;0;0;2;1;0;0;0;0;2;0;0;0;0;0;0;0;0;1;0;0;0;0;0
07320000;0;1;0;0;0;0;1;0;4;0;0;0;1;0;2;5;0;0;0;0;0;0;0;0;0;0;1;0;1;1;0;0;2;0;0;2;0;0;0;0;1;0;0;0;0;0;1;1;0;1;2;1;0;0;1;0;0;2;0;0;0;1;2;3;3;4;1;0;0;6;0;0;0;0;0;0;1;0;0;1;4;0;0;1;0;0;1;1;1;0;1;0;0;0;3;0;1;2;0;0;0;2;1;1;0;0;1;0;6;4;0;0;0;1;0;1;2;18;0;2;0;0;3;0;0;1;1;0;2;1;0;0;4;0;0;0;0;0;0;4;1;0;0;0;0;0;0;0;2;1;0;0;3;0;0;0;0;0;0;0;0;11;4;13;0;0;7;0;0;0;0;4;0;0;0;0;0;0;0;0;6;0;0;2;0;0;0;0;0;0;0;0;2;2;0;4;6;0;3;0;0;2;0;2;0;2;0;2;3;0;0;0;3;0;0;0;1;0;0;0;0;1;2;7;0;0;0;0;1;0;0;2;5;1;0;0;1;0;1;0;0;0;0;0;1;1;1;1;0;0;0;0;0;0;0;2;0;0;0;0;0;0;0;0;0;0;0;1;1;0;0;0;0;0;0;0;0;0;0;0;0;1;3;1;0;0;0;1;0;0;0;1;0;0;2;1;0;0;2;1;0;0;0;0;0;0;0;0;0;0;1;0;0;0;0;0;0;0;8;0;0;0;0;2;6;0;1;0;0;0;1;0;0;0;0;0;0;0;0;0;0;0;0;0;0;1;0;0;0;1;0;0;0;0;0;1;2;0;0;1;0;2;0;0;0;1;0;0;0;0;0;0;0;0;3;3;0;2;0;0;0;0;0;1;0;0;0;0;0;0;0;0;0;0;0;0;0;0;1;0
07331000;0;1;0;0;0;4;0;8;2;0;3;1;0;0;0;8;0;0;0;0;0;3;0;1;3;0;0;1;0;0;7;0;0;1;2;1;2;2;1;2;0;2;0;0;0;0;0;1;2;0;6;1;10;0;3;1;0;6;0;0;0;0;0;3;0;0;3;0;0;0;1;3;7;0;8;3;3;0;3;7;0;1;0;7;2;1;4;0;0;0;1;0;0;0;4;0;1;6;2;0;1;0;1;0;0;5;3;0;0;1;0;4;2;0;0;0;3;0;0;0;0;0;0;0;0;0;0;0;0;5;10;0;5;11;0;1;4;0;3;18;0;4;0;0;1;87;4;0;4;0;14;0;0;0;7;0;0;0;0;8;9;0;0;1;7;0;0;3;0;0;138;0;12;0;3;12;0;0;1;0;7;1;0;0;1;0;0;4;1;3;0;4;3;1;0;15;4;1;0;0;0;6;3;1;0;4;9;2;0;0;3;9;0;1;5;1;0;4;5;3;0;0;0;3;0;3;0;1;3;0;0;0;0;0;2;0;0;1;7;0;0;0;0;9;1;0;0;0;0;0;0;0;1;0;1;0;0;0;0;0;2;0;0;0;0;1;0;0;0;0;1;6;1;0;0;1;1;0;0;0;0;0;0;0;0;4;0;0;0;0;1;3;0;0;2;0;1;0;0;0;8;6;1;2;0;0;1;0;0;2;0;3;5;0;0;0;0;7;0;3;0;3;0;0;0;0;1;0;0;0;2;0;4;1;0;0;0;1;0;0;0;0;0;8;0;2;0;2;0;1;1;0;0;0;0;0;0;0;2;0;0;0;2;0;0;2;0;0;0;0;1;3;0;0;1;0;0;0;1;1;0;0;0;0;0;0;0;1;5;0;0;0;2;0;0;0;2;0;0;0
07332000;0;0;1;1;0;0;2;4;0;0;1;0;2;0;0;0;0;0;0;1;0;0;0;2;0;4;0;0;0;6;0;0;1;0;0;1;1;1;1;0;6;1;0;2;0;1;0;4;0;0;0;0;0;0;5;5;0;2;0;3;0;7;1;0;0;7;6;0;0;1;0;0;0;0;0;0;0;1;0;0;0;0;0;0;0;0;0;0;1;0;0;6;3;4;0;0;0;2;4;0;0;1;0;0;5;5;0;1;0;0;0;1;0;1;3;0;0;1;1;7;0;4;7;8;0;6;1;0;0;0;4;3;4;0;1;0;0;1;0;2;0;0;0;0;5;0;9;6;2;0;0;1;5;0;0;0;1;0;0;7;21;0;35;24;21;0;0;1;11;0;37;4;6;0;3;0;0;3;0;0;0;0;3;4;0;0;5;4;2;1;3;0;3;0;0;0;0;5;0;0;0;3;0;0;0;0;4;0;3;1;3;1;2;0;0;0;0;0;0;3;0;1;1;2;0;0;1;0;0;2;2;0;0;0;0;2;0;0;0;2;1;4;3;1;0;2;0;0;0;0;0;2;0;0;1;0;0;0;0;0;0;0;2;0;6;0;1;0;1;0;0;1;0;0;0;0;1;0;5;1;0;0;0;0;0;0;0;0;0;0;2;4;0;1;0;2;0;0;0;4;0;0;1;3;6;0;0;0;0;0;4;4;5;0;0;0;1;0;4;0;0;13;0;0;10;0;0;0;1;0;1;0;1;0;0;2;2;1;0;0;0;1;1;7;0;8;0;1;0;3;3;2;1;2;0;2;3;2;0;0;0;0;3;0;0;9;0;2;0;0;0;1;0;0;0;0;1;0;0;0;1;0;0;0;0;0;0;0;0;0;0;0;0;0;1;1;0;0;4;0
07333000;0;0;0;1;0;1;1;0;0;1;2;5;0;1;0;2;0;1;2;0;0;0;0;5;0;0;6;0;0;0;0;1;0;2;0;2;0;0;0;0;0;1;0;0;0;0;0;0;0;0;0;3;0;5;0;0;1;0;0;1;0;1;1;3;1;0;0;4;1;0;0;0;0;0;0;2;3;0;0;1;0;2;0;0;0;0;0;2;1;0;2;0;0;2;2;1;0;6;0;1;1;0;0;1;5;0;0;0;0;0;0;0;1;0;0;0;2;11;0;0;0;0;0;3;0;0;3;3;0;3;0;4;0;3;1;0;0;0;0;0;2;0;5;0;5;24;3;2;8;2;0;0;2;0;0;0;0;0;0;16;7;0;11;0;1;0;0;10;0;0;0;0;29;0;6;0;0;11;0;1;0;0;2;0;4;0;0;0;0;4;0;0;7;0;0;3;5;1;1;3;0;0;1;6;2;0;1;1;0;0;3;2;0;2;0;0;0;0;0;0;1;1;2;3;0;0;0;0;3;0;1;0;0;0;0;0;1;1;0;0;0;0;0;0;1;1;1;1;0;0;1;0;0;0;0;0;1;1;1;0;0;0;0;0;0;0;0;0;0;0;0;0;0;0;0;3;0;0;0;0;1;1;1;0;0;0;0;0;0;4;1;0;4;0;0;0;7;1;0;0;0;0;0;1;2;0;0;0;0;0;2;0;0;0;0;0;0;4;3;0;0;0;7;5;17;0;0;0;0;0;4;0;1;0;0;0;0;0;0;0;0;0;0;0;0;1;0;4;1;1;1;1;0;0;0;0;1;2;0;1;1;0;3;1;0;6;0;0;0;0;0;0;0;2;0;3;0;0;0;1;1;0;0;0;0;1;0;0;0;8;0;0;1;0;0;0;0;0;0;1
07334000;0;0;0;1;1;3;0;0;0;1;0;1;1;0;0;8;0;2;1;0;2;0;0;0;0;0;5;0;0;2;0;0;2;0;7;0;0;0;0;0;0;0;0;0;0;0;0;0;0;0;4;0;2;0;0;2;0;0;0;1;0;2;1;0;3;0;4;2;3;1;0;1;0;4;3;1;0;0;0;0;11;0;6;1;1;0;1;1;0;0;0;0;7;0;1;5;3;0;1;1;0;0;6;0;0;0;1;0;0;0;4;0;0;1;1;0;0;6;0;0;6;0;1;5;2;0;2;0;0;0;8;13;0;0;2;2;0;0;5;0;4;1;6;3;1;0;3;0;0;0;0;0;0;0;2;0;0;0;0;0;50;9;11;13;14;0;0;0;2;0;7;0;0;0;33;0;0;45;0;0;0;4;0;4;0;0;0;0;0;0;0;0;0;0;0;19;19;2;0;4;0;0;3;5;6;1;12;0;0;0;9;5;2;5;7;2;4;1;0;1;0;0;2;18;1;0;1;0;0;0;1;0;0;0;1;0;1;1;0;0;0;0;2;1;0;0;0;0;0;0;0;0;0;0;4;3;3;0;2;0;0;0;0;3;0;0;0;1;1;0;0;2;1;0;1;0;1;1;2;0;0;0;0;9;0;0;0;1;0;0;0;0;0;1;0;0;0;0;1;0;0;3;0;2;7;1;0;0;1;0;0;0;0;0;0;2;0;1;0;0;1;0;0;1;13;1;0;1;1;1;0;0;0;0;0;0;1;1;0;0;0;0;1;3;0;0;0;6;1;5;0;0;3;0;0;1;4;4;4;0;0;3;0;0;0;0;0;0;2;1;1;0;0;0;0;0;0;4;0;0;0;2;0;3;1;0;2;1;0;0;2;0;0;1;0;1;0;0;0;1
07335000;2;0;0;0;2;0;0;0;0;1;2;0;0;1;2;4;0;1;1;0;0;0;0;0;0;0;0;0;0;0;0;3;0;3;0;0;1;0;0;2;0;2;0;0;0;0;0;0;3;0;6;0;6;0;1;4;0;3;0;0;0;1;3;0;0;7;0;2;0;0;1;0;2;0;0;0;4;5;0;14;1;0;1;0;0;0;0;0;10;0;3;0;5;0;1;1;2;6;2;1;0;0;0;1;0;0;0;0;0;0;0;0;0;0;0;5;0;1;0;3;0;2;0;6;3;1;3;0;4;3;0;2;0;2;0;0;0;3;8;0;0;3;0;0;0;8;3;7;0;0;3;1;0;0;0;0;0;0;0;0;14;0;0;2;4;0;0;5;0;0;0;6;0;161;9;0;0;8;2;0;0;0;8;0;0;0;0;0;0;0;8;1;0;0;0;11;10;0;2;0;0;0;0;0;0;0;0;1;0;1;1;3;6;0;6;3;1;1;1;5;0;0;0;3;0;0;0;0;0;0;0;0;5;0;0;0;0;0;3;0;2;0;3;0;0;0;0;1;0;0;0;1;0;0;0;0;4;0;0;0;0;0;0;3;5;6;0;0;0;2;0;0;0;1;0;2;0;0;0;0;0;1;0;0;0;3;1;2;2;0;0;0;2;0;6;1;0;2;1;3;0;2;1;1;0;0;0;0;0;1;3;3;0;0;8;1;0;0;10;0;0;5;24;0;1;0;0;0;3;0;1;0;0;0;1;0;0;0;3;0;0;0;3;0;1;1;4;0;3;2;1;0;0;0;0;0;0;0;0;0;0;0;0;0;0;0;0;0;0;1;0;0;0;0;0;1;0;0;0;0;0;0;0;1;0;0;0;0;0;3;0;1;0;4;0;0;0;5;0;0
07336000;0;0;0;0;2;0;1;1;0;0;0;0;0;0;1;0;0;0;0;0;4;0;1;6;0;0;0;1;0;4;1;0;0;0;2;0;0;0;0;2;0;0;0;3;0;0;0;0;0;0;1;0;1;0;0;2;0;0;0;0;1;5;0;0;1;0;1;0;5;6;0;0;2;0;0;0;0;0;0;0;0;2;1;0;0;0;0;0;0;0;0;1;0;0;5;1;0;0;0;0;2;0;0;0;0;0;1;0;0;0;4;0;0;0;0;2;0;5;0;0;0;0;4;0;6;0;1;0;2;0;2;2;1;0;1;0;2;2;0;0;0;0;37;2;13;55;67;27;83;68;61;28;86;0;36;0;35;0;13;63;32;83;63;19;19;0;13;16;30;18;38;20;0;0;34;12;64;40;6;2;0;0;0;0;0;0;0;1;0;0;0;0;4;5;13;0;0;0;0;0;2;0;0;3;0;0;0;0;0;0;2;2;1;0;0;1;0;2;1;1;0;1;2;2;1;0;1;0;2;0;0;0;2;1;0;0;0;0;0;0;0;0;0;0;2;0;0;0;0;0;3;0;0;1;1;0;0;0;0;1;0;3;0;0;0;3;0;1;0;0;0;2;0;1;0;0;0;0;0;0;0;0;0;0;0;0;0;0;1;0;0;0;0;0;0;3;0;0;0;0;1;1;0;1;0;1;0;0;1;0;0;0;1;0;9;0;0;0;20;6;0;3;21;0;0;0;0;0;1;0;0;1;0;0;0;1;0;0;0;0;0;0;0;0;0;0;1;0;0;0;2;0;0;0;0;0;1;0;0;0;0;2;1;0;0;0;1;0;0;0;0;4;0;0;0;0;0;0;0;2;0;0;0;0;0;1;0;0;2;0;0;0;0;0;0;0;0;0;0;0
07337000;1;2;0;1;1;5;3;1;0;3;0;0;0;0;0;3;0;0;0;0;0;0;3;0;0;0;5;0;2;1;0;0;0;1;4;2;0;1;1;3;1;0;0;0;0;0;0;1;0;0;2;2;12;1;3;1;0;2;0;0;2;0;2;2;0;1;1;0;0;2;1;0;0;0;0;0;1;2;5;0;0;0;1;0;0;2;0;0;2;0;1;3;0;0;0;2;0;0;0;1;1;4;4;2;0;4;0;0;0;0;0;0;0;4;0;0;0;5;0;5;3;0;3;0;0;1;2;0;0;0;7;7;0;0;0;0;7;0;0;0;0;0;2;2;0;0;5;0;0;7;6;0;0;0;3;0;5;0;0;3;18;0;1;0;1;0;5;6;0;0;0;0;0;0;0;0;0;47;0;0;1;0;0;0;0;7;3;0;0;0;2;3;0;0;0;10;0;2;0;0;0;0;0;2;0;0;0;3;11;0;3;0;2;1;0;0;1;3;3;0;0;0;1;0;1;0;3;0;0;0;1;0;0;0;0;0;3;0;0;0;1;1;0;0;0;0;0;0;0;0;2;0;3;0;0;0;4;0;0;0;0;1;0;0;0;1;0;0;5;1;2;0;0;0;0;0;0;0;1;0;0;1;0;0;0;0;0;4;0;2;0;0;0;2;0;3;0;0;1;3;4;0;3;0;5;0;0;0;0;0;0;4;0;0;1;1;0;0;0;1;0;0;0;0;0;0;1;0;0;0;0;0;0;0;0;0;0;1;2;0;0;1;0;0;0;0;1;1;2;2;0;4;0;0;0;0;0;0;8;0;1;6;0;3;0;2;0;0;1;0;0;1;0;0;0;0;0;1;1;0;0;1;0;0;0;0;0;4;0;0;0;0;0;0;0;0;1;0;6;0
07338000;1;0;0;0;4;0;1;2;0;2;0;4;2;1;0;0;0;0;0;1;1;0;2;1;0;2;8;1;1;1;0;0;1;0;0;0;0;1;0;0;1;3;2;5;0;0;0;3;0;0;3;1;0;0;0;0;0;1;1;0;0;0;5;0;11;1;1;1;0;0;0;3;0;0;3;3;0;0;0;0;0;0;0;0;0;2;0;0;0;4;2;2;4;0;3;0;0;7;4;0;0;9;2;0;0;0;3;1;0;0;0;0;0;0;1;6;14;15;2;11;13;0;0;2;0;0;2;0;0;0;0;4;4;1;3;3;5;0;3;0;1;1;0;0;1;2;7;0;1;0;3;0;4;0;0;0;1;0;23;6;23;0;26;32;19;0;9;14;0;135;33;52;18;0;53;0;9;12;0;0;0;0;3;0;0;0;0;0;8;1;0;5;30;0;12;0;0;5;3;0;6;3;3;6;0;1;3;3;1;0;0;1;0;0;0;2;3;3;0;0;0;0;0;0;1;0;1;0;4;0;0;0;6;0;0;0;0;0;4;2;0;0;1;0;0;0;0;0;0;0;0;0;0;1;0;3;3;0;0;0;0;0;0;2;1;0;0;0;0;2;0;0;0;0;0;0;0;0;0;0;0;0;0;0;0;4;0;0;1;0;4;1;2;2;0;2;0;7;1;3;0;2;0;2;3;0;0;0;0;0;0;4;0;0;0;0;2;3;0;1;0;5;12;3;12;2;4;0;0;0;0;0;0;0;0;0;1;0;0;0;0;1;0;0;0;3;0;7;0;1;1;0;0;0;3;2;0;2;0;1;4;0;0;0;0;2;0;0;0;0;0;2;2;0;1;0;0;0;0;2;1;0;4;0;0;1;0;0;7;0;0;0;0;0;0;2;0;0;0;0
07339000;5;7;3;0;2;0;3;2;2;4;10;7;0;0;2;0;0;0;1;0;0;0;1;0;2;4;0;0;2;2;0;1;0;1;9;0;1;1;1;2;2;2;2;2;0;1;0;4;4;0;10;0;1;3;0;2;0;6;3;0;0;5;0;0;3;0;11;0;0;1;0;0;6;0;0;3;6;10;0;2;0;4;0;6;3;6;1;2;0;0;9;7;1;8;0;0;0;7;5;1;0;3;6;3;6;23;0;0;1;0;0;3;0;17;0;0;18;0;0;0;29;0;0;9;0;0;0;0;0;21;3;0;6;2;3;2;5;2;0;3;1;0;14;1;0;217;16;17;22;0;53;3;0;0;11;0;0;0;7;0;5;34;0;0;0;0;0;0;76;8;5;0;0;0;9;0;0;1;0;0;4;0;0;6;0;1;0;0;7;0;0;0;0;0;1;26;0;0;19;0;4;0;2;10;8;0;0;0;3;0;6;3;0;0;0;5;0;1;0;0;2;3;0;3;0;0;0;3;1;0;0;3;5;0;3;1;7;7;0;1;0;8;1;0;0;0;1;2;0;0;5;0;0;4;2;0;0;1;1;2;0;6;0;0;0;2;0;0;0;0;0;0;3;4;0;0;5;1;0;1;0;2;2;0;1;0;1;0;4;0;2;0;0;0;4;4;0;2;0;1;3;3;0;0;3;1;0;0;0;5;0;0;0;1;2;3;0;5;0;2;0;0;0;0;8;0;0;0;0;0;0;0;2;0;0;4;1;1;0;0;6;2;2;1;0;2;2;5;0;1;0;3;0;0;2;0;0;8;5;5;0;0;8;0;0;7;0;2;0;8;1;0;1;1;8;4;1;0;0;0;0;0;0;0;0;0;2;0;1;1;0;0;0;0;0;0;6;0;0;0
07340000;0;0;0;0;1;0;2;1;1;0;0;3;0;0;0;0;0;0;1;0;0;0;0;0;0;4;0;0;0;0;0;0;0;0;0;0;0;0;0;0;0;0;0;0;0;0;0;0;3;0;1;0;3;1;0;0;0;0;1;0;0;2;1;4;0;5;0;0;0;0;2;0;0;5;0;1;9;0;0;0;1;0;0;0;0;0;0;0;3;0;1;2;0;0;0;0;0;0;0;0;0;0;1;0;0;0;3;0;0;0;0;0;0;2;0;0;5;3;1;4;0;2;0;2;7;0;0;0;2;0;3;4;4;2;0;0;0;0;0;0;0;1;1;2;0;6;4;3;10;0;0;1;0;0;6;0;0;0;5;0;4;0;9;0;212;0;0;86;6;0;0;0;0;0;0;0;0;0;0;0;2;0;0;0;3;1;0;2;1;0;0;0;0;0;0;0;0;0;0;0;2;0;0;0;1;0;0;4;2;0;0;2;4;1;0;0;0;1;0;2;2;0;0;0;0;0;0;0;0;0;0;1;0;0;1;0;0;0;2;0;1;0;1;0;0;0;0;0;0;0;0;0;0;0;0;0;1;1;0;6;3;0;0;0;0;1;0;0;1;0;0;0;0;0;0;5;0;0;0;0;0;0;0;0;0;1;0;0;0;1;0;0;1;0;2;3;0;0;0;0;7;1;1;0;3;0;0;0;0;0;0;0;0;0;0;1;0;0;0;7;3;0;13;0;0;0;0;0;0;0;1;2;0;2;0;3;0;0;0;0;0;0;0;0;0;0;0;0;0;0;0;1;0;0;1;3;0;0;0;0;0;7;0;0;1;0;0;0;0;0;0;1;0;1;2;0;0;0;0;0;0;0;1;0;0;0;0;0;0;0;0;0;0;1;0;0;0;0;0;0
08111000;4;12;3;0;8;3;6;9;22;10;12;8;1;1;5;207;0;0;6;1;0;0;5;3;5;0;0;7;0;0;0;8;7;0;9;0;0;9;0;0;2;1;2;0;0;0;0;0;0;0;1;1;0;2;0;10;3;0;0;0;3;0;0;9;3;20;1;8;6;0;6;10;2;0;6;10;0;3;0;125;0;0;6;0;8;0;0;0;24;4;14;47;5;0;6;1;5;0;0;0;0;0;0;0;7;9;1;0;0;0;1;0;0;0;0;6;0;72;2;0;1;0;0;7;7;2;0;15;0;9;2;19;0;0;2;0;0;0;13;0;5;0;21;0;5;5;0;2;5;0;1;7;8;0;0;0;0;4;1;0;14;7;0;7;0;11;0;2;0;0;2;0;0;0;5;0;2;11;0;640;1495;77;1169;1301;0;93;31;0;7;0;0;18;0;0;12;0;0;20;0;0;101;140;12;0;9;0;28;0;0;0;0;0;0;11;0;0;0;0;32;77;14;0;0;453;13;0;4;0;0;16;0;0;18;2;28;9;13;3;62;5;0;1;2;12;0;9;0;3;0;1;0;0;0;0;0;3;0;3;0;5;6;0;0;2;6;7;3;12;0;0;0;0;0;4;0;0;0;9;5;9;1;7;9;14;0;23;4;2;0;0;0;0;0;0;0;0;0;10;0;12;6;10;0;18;0;12;12;3;0;2;0;3;0;13;17;0;0;41;0;0;6;0;6;0;422;0;0;0;20;8;4;0;10;7;12;3;7;0;2;1;3;8;5;0;0;5;2;0;4;6;0;0;3;0;7;1;0;16;4;10;6;51;11;2;0;2;0;0;5;0;0;0;3;3;1;0;0;0;0;0;0;0;0;2;2;0;4;0;0;5;2;0;0;2;0;2;3;5;1;4
08115000;0;7;0;1;1;6;8;10;6;1;3;3;2;3;0;0;7;3;0;0;0;2;0;0;1;0;0;1;0;0;0;3;2;3;13;0;0;2;0;2;13;13;1;1;2;0;2;0;0;2;9;8;8;6;0;2;0;3;5;7;4;12;0;0;9;0;0;0;7;0;0;3;0;0;7;1;6;0;0;11;6;0;0;0;9;0;1;3;3;1;4;0;11;0;21;0;13;0;0;4;0;0;0;0;6;0;0;1;9;6;2;0;5;0;3;7;1;7;1;18;1;9;13;8;4;0;1;5;0;0;11;0;9;0;0;0;18;1;0;0;4;0;5;0;0;0;0;0;3;7;0;0;1;5;0;0;0;0;1;0;3;8;8;6;4;0;4;4;4;8;0;13;7;0;0;5;12;3;0;0;0;0;0;34;13;56;22;24;2;0;0;3;0;0;3;0;32;13;0;5;418;200;120;0;0;0;54;56;0;0;56;4;25;77;11;0;3;1;10;6;19;0;0;59;0;0;6;3;11;1;2;0;0;12;0;2;1;4;10;7;0;5;0;2;7;4;1;1;1;0;0;4;5;0;0;5;8;0;3;0;7;0;0;3;4;0;1;2;0;0;2;6;10;0;4;11;1;0;3;2;0;0;5;0;4;4;8;0;7;1;0;0;0;1;0;0;0;0;4;8;7;0;0;10;0;0;10;2;1;3;6;6;37;11;7;0;5;9;6;7;0;6;6;0;33;0;1;0;5;2;2;3;2;2;6;2;4;1;0;1;0;5;3;0;3;0;0;0;0;0;6;17;9;11;0;9;0;8;15;9;1;8;0;4;2;0;0;0;0;1;1;3;4;2;1;0;3;4;4;8;7;0;0;1;3;2;1;3;0;0;0;2;0;2;3;3;3;3;0;0
08116000;1;0;0;5;0;1;7;9;0;10;13;15;0;0;4;35;0;4;8;4;0;0;6;1;0;0;9;3;0;2;0;4;3;1;7;0;0;2;7;2;0;0;0;1;0;1;1;0;2;0;7;9;11;6;0;1;0;0;0;2;0;8;0;22;23;0;0;2;0;0;4;0;0;0;8;0;0;3;3;28;1;0;0;9;0;1;5;6;0;2;12;0;0;0;0;0;0;0;13;0;0;4;0;10;0;2;0;0;0;0;3;3;0;0;4;5;10;54;13;12;14;4;7;2;7;11;1;0;0;5;0;1;0;0;1;6;0;12;8;2;7;8;6;3;4;5;7;4;5;0;0;4;12;4;0;3;3;11;0;0;5;0;2;7;0;7;4;0;0;7;5;9;2;2;0;4;0;0;0;64;0;313;0;0;16;21;12;25;8;0;0;5;0;0;0;0;12;15;0;0;51;28;8;0;15;3;0;4;0;0;114;3;15;141;0;0;22;80;2;23;24;0;0;70;0;7;2;1;0;2;3;4;18;1;14;2;6;0;6;3;0;0;0;6;5;1;3;0;0;5;0;17;0;2;0;7;0;4;11;0;0;0;5;0;0;0;2;0;4;0;3;0;6;0;3;2;2;0;0;6;0;0;0;19;0;8;0;1;0;3;0;5;4;2;0;0;5;0;4;9;4;7;3;0;15;4;4;0;0;20;3;0;0;12;27;15;5;13;4;0;0;0;20;4;74;1;5;0;3;5;5;0;5;2;3;0;6;1;0;0;4;0;5;1;2;10;0;10;1;10;0;0;7;16;4;6;0;12;19;7;0;8;0;8;3;3;0;2;5;0;7;5;12;2;0;0;1;8;0;6;0;5;6;1;1;0;6;0;3;0;0;4;6;0;1;0;0;9;0;0
08117000;0;0;0;3;3;2;1;2;0;7;4;8;5;2;4;17;0;0;0;0;0;0;0;1;0;0;0;3;8;1;2;1;4;0;3;2;0;1;0;0;0;6;0;1;0;0;4;1;0;6;2;6;0;7;0;3;3;1;0;0;0;5;0;6;0;3;0;0;1;0;0;0;0;1;0;5;1;0;0;0;2;0;4;2;0;4;2;0;0;0;4;0;3;1;6;0;0;2;5;6;0;5;7;1;4;4;0;0;7;5;0;10;0;2;0;5;0;3;1;8;0;1;0;1;10;0;0;0;1;1;0;0;3;0;0;3;0;3;0;1;6;0;2;4;4;0;0;0;1;2;0;3;0;2;0;2;0;3;0;0;3;0;12;0;0;0;0;0;0;2;0;0;3;1;1;3;0;1;0;13;0;0;0;0;15;11;6;9;0;35;0;2;0;0;13;0;3;1;0;19;13;13;5;0;9;0;24;6;0;9;14;20;0;0;0;0;20;5;0;38;3;0;0;30;5;8;0;1;4;3;0;2;13;0;0;3;2;0;6;0;0;6;0;0;7;0;1;2;0;0;0;0;6;7;0;3;1;0;0;2;0;2;0;0;7;0;0;0;0;3;0;4;3;0;0;3;1;3;0;0;0;0;0;4;0;0;0;1;5;1;0;0;1;0;3;0;0;0;0;0;1;9;0;0;29;4;5;0;1;1;5;0;25;15;0;1;12;8;1;0;2;0;3;0;33;0;4;0;2;1;5;0;0;1;0;4;4;1;0;0;0;0;3;0;0;3;0;0;1;10;0;0;6;8;10;5;0;17;4;6;3;13;3;0;1;11;0;0;0;0;0;0;5;1;0;0;0;1;0;0;4;1;0;0;0;4;3;3;2;0;0;0;0;0;2;0;0;1;13;0
08118000;9;0;6;1;11;2;24;0;2;14;9;7;6;3;0;23;0;0;0;4;9;2;4;0;3;0;6;2;0;18;9;0;0;3;13;10;3;0;6;0;2;1;2;2;0;3;0;0;2;13;12;7;0;0;5;5;2;0;0;3;0;0;1;1;0;10;12;0;0;0;0;0;0;3;0;2;12;10;8;24;1;0;0;0;0;0;0;0;21;4;21;6;4;0;7;3;11;3;0;0;1;0;0;0;13;0;0;0;8;7;11;8;2;0;4;1;0;0;4;0;0;0;0;3;9;5;3;13;0;14;0;1;4;0;0;2;1;4;0;2;0;5;0;5;0;12;5;3;0;0;5;0;0;11;10;3;19;0;0;0;12;2;9;0;2;0;0;9;4;0;0;8;0;4;13;0;8;12;0;5;138;75;0;406;0;488;57;106;13;0;0;3;0;0;21;0;24;69;0;56;77;238;22;0;16;6;47;22;12;25;92;33;0;42;0;0;19;36;21;32;17;0;0;43;0;0;3;4;0;2;4;2;0;0;3;7;10;0;16;0;0;0;0;0;13;4;0;0;0;6;0;6;3;9;9;0;10;0;0;0;5;8;9;0;4;1;3;3;1;0;0;0;9;1;0;0;2;0;8;0;0;0;2;17;0;5;0;0;8;2;0;0;0;0;6;1;9;0;1;12;7;5;12;8;7;7;0;4;2;0;6;13;7;15;24;5;4;30;5;3;10;0;1;0;101;3;0;0;11;1;0;0;0;4;6;5;3;0;0;0;4;0;1;0;8;1;8;0;9;1;3;0;10;0;0;14;0;4;22;10;9;43;4;2;3;1;6;6;4;5;8;0;0;11;1;9;3;14;1;0;2;1;0;7;5;3;0;1;5;9;7;2;0;0;4;0;2;1;3;0
08119000;1;9;0;1;3;3;1;0;1;2;5;7;2;9;12;15;0;11;0;0;0;0;8;0;3;0;5;5;4;5;0;0;2;12;9;0;0;0;0;0;0;3;0;1;0;0;3;2;1;2;12;0;0;3;3;19;0;2;0;0;12;0;7;10;0;16;0;11;0;0;0;0;14;3;9;1;2;3;7;11;0;7;0;2;0;2;0;6;7;0;19;0;5;0;13;3;5;5;0;0;0;2;0;0;4;6;2;0;8;0;0;4;8;0;0;0;6;20;2;4;0;0;2;0;0;7;0;9;0;0;0;0;12;1;0;2;0;1;3;1;0;8;3;0;3;4;2;0;1;2;4;0;0;0;6;11;0;4;0;0;2;0;2;0;0;6;3;0;4;0;6;0;4;3;8;5;0;14;0;0;54;66;0;0;0;21;21;146;30;0;0;0;0;0;13;0;0;18;0;0;0;0;13;0;16;11;0;26;25;0;66;0;16;1;0;0;24;4;14;36;24;0;8;55;0;5;1;4;0;8;0;5;7;0;4;1;0;0;0;1;0;7;3;3;1;3;1;2;4;0;3;4;6;0;2;2;1;0;4;0;5;6;8;3;2;0;0;7;3;0;0;6;2;0;0;0;3;1;1;0;1;2;0;23;1;6;9;0;5;0;9;0;0;0;3;0;0;0;1;0;1;4;0;0;3;0;0;0;2;6;2;0;0;0;13;11;8;15;0;2;2;0;3;12;18;2;2;1;4;6;4;0;0;0;0;0;1;4;0;0;5;2;3;8;1;3;0;9;8;3;2;1;2;3;6;5;1;0;0;10;5;6;9;4;0;0;0;0;0;2;3;8;0;4;11;0;4;1;7;5;0;2;0;0;0;1;1;0;0;0;3;0;2;0;0;4;2;0;3;1
08121000;3;3;0;0;0;0;0;0;0;0;1;3;6;0;0;5;0;3;0;0;0;1;7;0;0;2;0;0;0;8;0;7;1;0;5;0;0;1;0;0;0;0;0;0;2;0;0;10;1;0;2;0;0;0;4;0;0;0;0;0;0;3;0;8;0;13;1;0;0;2;1;3;6;5;0;1;3;0;0;11;6;1;0;14;0;3;0;0;0;0;2;0;2;3;0;0;2;0;1;2;0;0;1;0;0;0;0;0;1;0;0;2;0;0;0;0;0;20;0;9;9;7;14;0;0;0;0;0;0;0;0;0;3;5;5;1;0;5;0;0;1;1;0;4;0;0;0;0;0;0;0;0;0;0;0;0;1;2;3;0;0;0;3;0;0;0;0;0;0;6;0;1;1;3;0;5;10;0;17;0;0;0;35;0;0;293;0;0;0;0;0;4;0;0;12;0;0;0;17;5;0;17;3;0;0;4;0;0;0;0;11;0;0;0;3;0;0;2;4;0;2;0;2;55;0;0;2;0;1;6;6;0;2;0;3;9;0;4;0;1;1;1;0;0;2;1;1;1;0;1;0;1;0;0;0;1;0;2;0;0;0;3;1;1;0;0;0;0;0;0;0;0;0;0;1;1;0;2;1;0;0;0;0;0;1;6;1;2;3;4;0;1;0;0;4;0;0;4;0;0;2;10;0;0;2;3;0;0;0;0;0;0;4;0;2;3;1;1;6;0;2;2;0;1;2;1;0;0;1;0;2;2;0;1;0;0;1;0;0;0;0;1;0;0;0;0;0;0;7;0;0;6;0;0;3;1;9;0;6;0;2;12;0;0;0;2;0;0;0;0;0;3;0;0;1;0;0;0;0;0;0;0;0;0;0;0;2;2;1;0;0;0;0;1;2;1;0;0;1;3
08125000;1;0;2;0;0;6;1;1;0;4;2;0;4;0;1;31;2;0;1;0;4;0;2;0;0;0;0;0;1;4;2;0;0;0;1;2;1;5;0;3;0;6;2;8;3;0;1;0;3;0;2;0;0;3;6;0;0;0;0;2;0;0;0;1;5;0;4;14;1;5;1;2;9;0;11;0;0;0;10;17;4;3;2;2;0;2;0;0;0;1;6;0;0;2;7;0;6;16;0;0;0;0;0;1;1;0;0;0;0;1;18;14;0;0;0;0;0;18;7;0;4;6;4;1;7;0;2;7;2;0;2;4;0;3;0;4;0;0;0;4;6;4;0;3;3;3;0;2;5;7;10;2;8;0;0;0;1;3;4;0;8;0;0;3;4;0;0;1;8;4;0;0;0;2;0;2;0;0;0;0;0;0;0;0;0;0;144;33;26;0;0;0;0;0;15;0;24;166;0;0;0;0;5;0;4;8;0;1;8;0;7;19;0;0;0;0;11;0;1;20;13;0;0;0;0;0;1;0;4;0;0;0;13;0;10;5;1;2;8;0;3;0;0;0;2;0;7;0;0;1;0;8;2;1;0;0;5;0;0;2;2;5;0;5;1;2;0;2;0;0;0;4;2;6;3;7;4;0;3;2;0;7;0;11;8;1;0;0;5;0;1;7;0;0;25;0;0;0;5;0;0;1;5;0;0;0;0;0;0;0;0;0;6;7;7;0;0;1;0;0;4;0;8;1;19;1;3;0;1;5;3;1;0;0;2;11;4;1;1;1;0;0;0;0;0;18;0;0;3;0;3;0;0;0;0;0;0;5;0;1;6;0;0;0;0;17;1;0;0;0;0;3;1;1;0;1;5;1;2;0;0;0;0;0;3;0;1;2;5;7;0;3;0;0;0;4;0;1;0;0
08126000;2;0;0;3;3;1;1;1;1;0;1;1;0;0;0;2;0;0;0;3;2;1;2;1;1;0;0;2;1;0;0;1;4;0;4;0;2;0;4;0;0;0;0;0;0;0;1;0;0;0;2;1;5;0;0;0;0;0;0;0;0;1;0;3;0;0;1;0;0;1;0;2;2;0;0;0;0;0;1;4;0;0;0;5;0;3;0;1;0;0;3;0;0;0;0;0;1;0;1;0;0;0;0;0;0;1;3;0;1;0;2;0;0;1;2;2;0;10;1;0;0;0;4;2;2;0;0;0;1;5;0;2;0;2;0;0;0;0;0;0;5;0;1;0;0;2;0;0;0;0;0;0;0;2;0;0;2;0;0;0;0;1;2;0;1;0;3;0;2;0;2;0;0;1;0;8;0;0;0;0;0;0;0;0;20;0;0;0;93;0;0;3;0;0;0;0;1;4;0;0;0;0;0;0;0;0;0;0;3;0;13;2;6;0;0;0;2;0;0;0;9;0;4;0;3;0;0;0;0;0;0;2;3;4;2;0;0;0;6;0;0;0;0;0;0;2;0;1;1;0;0;0;2;0;0;0;0;2;1;0;2;3;1;1;0;0;0;1;0;0;0;0;0;1;0;0;0;0;3;0;0;5;0;0;0;0;0;0;3;5;1;0;0;0;15;0;1;1;0;2;3;0;0;0;1;2;2;0;1;0;0;4;2;0;3;0;0;0;4;0;0;0;1;1;0;0;0;0;0;1;0;0;2;0;0;1;0;0;0;0;2;1;1;0;0;0;0;2;0;0;0;0;1;2;4;3;0;5;0;1;0;2;0;0;1;4;2;0;0;0;0;0;1;3;0;1;5;2;2;4;0;0;0;0;0;4;0;1;0;0;0;0;2;1;0;0;0;1;0;0
08127000;2;0;0;0;0;0;2;0;0;0;4;0;0;6;10;27;2;0;2;0;0;0;0;0;0;0;0;0;0;3;0;0;0;0;0;7;0;1;0;0;2;8;0;2;3;0;0;3;0;0;6;0;0;4;0;0;0;0;0;0;0;0;0;0;1;1;8;6;0;0;1;0;0;0;2;0;3;6;6;14;6;0;1;3;0;3;6;0;0;0;0;1;6;0;0;0;0;3;0;0;12;0;4;0;0;12;1;0;0;0;0;0;9;8;0;0;4;1;0;5;0;0;5;2;0;7;0;1;2;0;4;0;0;0;0;0;2;0;0;0;0;0;1;0;0;10;4;0;6;0;5;0;4;0;0;0;0;4;0;5;0;2;0;0;0;0;5;0;0;0;0;5;2;0;3;1;4;0;4;0;0;0;0;0;46;0;19;0;22;0;0;0;0;0;19;0;8;5;0;0;9;0;1;0;0;4;1;0;6;0;1;1;2;0;0;0;0;0;0;0;16;0;2;0;5;0;4;0;0;0;0;0;0;0;7;0;4;0;0;2;3;1;1;5;3;0;0;0;0;0;0;0;0;14;0;5;3;5;0;0;0;1;0;1;0;5;0;1;4;2;0;3;0;0;0;2;0;0;0;2;0;6;0;37;0;59;7;0;3;0;0;0;8;2;0;0;5;0;1;0;5;1;0;3;0;0;0;0;0;1;0;0;0;4;4;3;11;0;0;3;0;2;0;0;32;0;0;0;0;1;1;0;0;0;1;0;3;2;2;0;0;0;6;0;0;6;3;9;5;0;0;7;0;0;5;0;0;0;0;6;0;5;0;0;1;0;0;0;0;1;0;0;2;7;0;0;0;1;0;0;1;0;0;0;0;0;0;2;0;1;0;0;0;0;0;3;0;2;0;0
08128000;0;1;0;0;0;0;0;2;3;0;0;0;0;1;0;16;0;0;1;3;1;0;0;0;0;0;0;1;3;0;0;0;0;0;0;3;1;1;0;0;2;0;0;0;0;0;0;1;5;0;1;1;2;0;0;0;1;0;0;0;0;0;0;0;4;4;5;0;0;3;1;0;7;0;0;4;5;0;0;0;0;5;1;1;0;1;0;0;0;0;7;0;2;0;7;0;3;0;0;0;0;1;2;0;4;10;0;2;1;6;2;0;0;0;0;0;0;7;3;4;0;0;5;0;7;0;2;0;0;0;0;0;0;0;0;0;4;1;3;0;0;1;0;0;2;0;0;0;0;1;0;2;2;3;0;0;0;1;0;0;2;1;0;4;0;0;0;0;0;0;2;6;0;1;0;0;0;0;0;0;0;6;0;0;5;0;0;0;0;0;0;0;0;0;6;0;19;0;0;0;12;2;0;0;0;0;11;9;0;2;0;2;0;6;0;0;5;4;0;11;0;0;2;19;4;1;3;3;1;0;3;0;7;0;0;1;4;2;0;1;0;6;0;0;1;2;1;0;0;2;1;0;3;1;0;2;3;0;0;4;0;0;0;0;1;0;2;2;2;0;0;0;1;0;0;0;0;2;1;0;0;3;0;5;1;23;0;0;4;0;0;2;0;6;0;0;3;1;0;9;0;0;3;0;0;0;4;0;2;0;0;0;0;0;0;0;0;0;8;3;0;0;1;0;2;0;0;0;0;0;5;0;2;1;1;0;0;0;1;0;1;1;0;1;3;1;0;2;0;0;0;0;3;0;1;1;3;0;4;0;0;11;3;0;2;2;0;3;0;0;0;0;0;0;0;0;1;4;0;1;1;0;0;0;1;0;3;0;0;0;0;4;3;0;1;0;0;0;1;0
08135000;0;0;3;0;3;0;0;0;1;0;3;4;1;0;0;0;1;1;0;0;0;0;2;0;0;0;7;0;1;3;0;6;1;0;0;0;0;3;0;1;0;0;1;0;3;0;2;1;0;0;0;0;3;0;0;0;0;0;0;0;1;0;9;3;15;3;5;0;1;0;0;0;3;0;0;2;3;0;0;1;4;0;0;3;2;0;0;2;0;0;0;0;2;1;7;0;0;9;0;0;0;4;0;1;0;0;1;0;5;0;0;2;0;0;1;0;5;2;2;3;0;0;0;0;0;0;0;2;1;0;0;1;0;0;4;0;0;0;0;4;2;1;0;7;1;0;0;0;0;1;0;0;0;0;2;0;0;0;1;0;3;0;2;0;0;5;0;0;0;0;0;3;1;0;0;0;1;1;63;43;82;0;69;34;23;55;12;52;27;0;0;3;0;0;33;0;13;23;17;15;21;26;3;0;20;11;34;6;21;33;31;16;37;47;20;22;33;0;34;31;29;0;0;35;0;0;3;0;4;0;0;0;0;1;2;0;3;0;0;0;0;0;0;3;5;1;0;0;2;1;7;0;0;0;0;1;0;0;2;0;4;6;4;0;2;0;0;0;0;0;0;2;2;0;0;0;8;1;0;3;0;6;0;28;0;0;0;0;0;3;0;3;2;0;0;2;0;0;0;2;0;0;0;2;4;0;6;4;0;0;100;0;0;0;0;2;0;7;1;0;0;1;0;0;18;0;1;0;2;3;0;0;0;1;0;0;1;0;0;0;0;0;0;0;3;2;1;0;0;1;4;0;0;0;1;0;0;0;2;1;1;9;0;0;1;0;0;0;0;0;0;0;1;0;1;0;0;0;0;0;2;0;0;0;0;0;4;0;1;0;0;0;0;0;0;0;1;0;0;0
08136000;6;0;2;5;6;4;3;4;0;0;0;3;6;2;0;38;0;2;0;0;0;0;0;5;0;0;0;0;0;1;0;2;1;1;3;0;2;0;0;0;0;2;0;0;1;0;0;0;0;5;2;0;6;0;0;4;1;2;3;0;0;0;0;4;4;0;0;0;0;3;1;0;0;0;0;6;0;1;4;22;0;0;0;0;3;2;3;0;2;0;8;0;5;3;4;0;0;5;0;0;6;0;1;0;1;3;0;0;0;0;0;1;1;0;3;0;14;6;8;0;0;0;0;0;0;3;4;3;9;0;0;0;1;13;0;3;0;0;0;0;0;3;2;0;0;2;0;0;0;0;6;0;2;3;2;6;1;4;2;0;1;0;5;0;0;3;0;0;0;0;2;2;0;3;0;3;9;2;312;133;272;196;231;2;143;174;72;124;77;536;0;15;25;99;47;0;28;30;63;42;73;60;52;31;42;15;54;36;34;49;85;68;28;65;31;45;143;101;36;74;41;11;7;0;1;0;5;0;0;0;0;0;0;0;0;5;0;0;0;0;0;5;0;0;3;2;0;1;5;1;1;0;4;0;3;0;0;4;2;1;4;0;0;1;0;2;1;5;0;2;1;3;0;2;2;1;0;1;0;2;2;0;2;33;0;6;0;0;0;2;0;11;0;0;3;0;0;0;0;3;3;4;1;0;19;0;8;0;0;0;8;1;14;6;5;4;54;5;0;6;1;0;0;0;34;0;4;0;0;0;14;0;1;0;0;0;0;0;0;0;2;0;0;0;0;5;4;0;1;7;2;0;4;4;0;6;1;7;3;0;2;22;7;0;1;0;0;1;0;2;1;0;0;4;0;0;0;1;0;1;0;0;0;1;0;3;2;0;0;0;0;0;0;2;4;0;0;3;1;0
08211000;1;3;3;0;0;0;4;2;0;2;0;2;4;0;1;0;0;0;0;0;0;0;0;0;0;0;1;0;0;0;0;0;0;0;0;1;0;0;0;0;0;1;0;0;0;0;0;0;0;0;0;0;0;0;0;0;0;1;1;0;0;0;0;0;0;0;1;0;1;0;0;0;5;2;7;0;0;5;0;0;1;0;0;0;2;0;0;6;0;1;0;0;0;0;1;0;1;0;2;3;0;4;0;2;0;10;0;0;0;0;0;0;0;0;1;0;3;22;2;0;0;0;1;0;2;0;0;0;0;0;0;0;0;0;2;0;0;1;0;0;0;2;0;0;0;0;1;0;0;1;0;0;0;4;0;1;0;2;0;0;3;0;5;0;0;5;2;1;0;4;1;7;0;0;0;0;0;7;0;0;0;0;0;1;0;0;0;0;2;0;0;0;0;0;153;0;0;8;5;0;0;11;0;0;0;0;43;0;1;0;0;10;0;8;0;0;0;0;0;3;4;0;2;18;0;2;1;0;0;1;1;0;0;1;0;0;4;1;2;2;0;2;2;0;0;2;0;0;0;0;0;0;0;0;0;0;1;0;0;0;1;0;3;0;1;2;0;0;0;0;1;0;2;0;0;0;0;0;0;2;0;0;7;4;0;10;1;0;0;0;0;4;1;0;0;0;2;0;0;0;0;0;0;0;1;0;0;1;0;1;1;0;0;4;0;1;1;4;4;0;2;0;1;1;0;0;0;0;4;0;0;2;0;1;1;0;4;4;0;1;0;0;0;0;5;0;0;1;0;0;0;4;0;0;0;0;0;0;0;0;0;6;4;0;0;3;0;0;0;2;0;1;0;0;0;0;1;1;0;4;1;0;0;0;1;1;1;0;0;2;0;0;0;0;0;0;0;0;1;0
08212000;0;0;0;1;2;0;2;6;3;11;0;1;0;2;0;56;0;0;0;0;0;1;1;1;0;0;0;8;0;0;0;0;0;2;4;1;7;9;0;0;4;0;3;1;0;3;6;2;0;0;3;3;0;0;4;0;3;0;0;0;3;0;0;13;0;0;0;6;0;0;0;3;0;1;0;0;0;0;0;26;13;0;0;0;0;5;0;0;1;0;0;8;0;0;4;0;0;1;0;0;0;1;0;0;0;0;0;0;5;4;9;2;1;0;0;0;0;88;14;4;0;0;6;0;0;0;0;0;0;0;0;2;0;0;5;0;0;0;0;0;1;0;0;0;2;2;0;2;1;3;4;0;4;0;0;1;1;4;6;0;10;0;45;0;10;0;0;0;0;0;0;209;4;0;75;0;0;5;139;96;119;15;37;70;49;116;2;46;34;22;0;47;0;1315;232;0;18;38;0;47;44;54;29;31;79;61;112;38;6;16;55;78;56;40;16;40;12;48;37;76;29;0;0;177;4;0;7;0;7;4;1;6;7;19;0;7;0;1;1;0;2;3;0;0;0;0;0;3;0;0;0;0;4;0;0;3;1;1;0;2;0;0;0;0;3;0;1;7;0;0;0;0;0;0;5;0;0;0;0;0;0;0;11;28;0;2;0;0;0;0;0;0;2;2;0;0;0;0;3;2;0;0;0;0;22;5;5;2;3;0;0;0;0;7;0;0;0;0;5;0;1;0;10;2;145;2;0;1;0;2;0;0;5;5;0;6;1;3;0;0;3;0;0;0;2;7;1;5;0;0;0;0;0;2;8;0;7;0;6;0;1;17;0;4;0;2;0;0;0;0;0;0;0;2;2;0;0;0;7;0;0;2;0;0;0;0;1;0;1;0;2;0;0;6;0;4;6;0;1;3
08215000;1;0;0;2;0;0;4;0;2;4;6;2;4;0;2;29;0;3;0;0;0;0;11;0;0;0;13;4;2;0;1;0;1;0;0;6;0;0;1;2;2;6;11;1;0;1;0;2;3;7;3;8;3;6;0;0;0;0;1;0;1;0;7;3;7;0;0;0;5;0;3;0;4;18;16;3;5;3;18;21;5;0;0;0;2;0;0;0;6;3;15;0;8;0;10;2;15;0;1;0;1;0;4;1;15;0;6;0;2;8;0;0;3;0;0;10;7;40;0;0;0;0;0;5;0;7;7;0;0;0;1;2;9;2;0;0;0;5;0;6;0;4;7;0;0;9;10;0;1;0;3;4;13;0;0;8;0;3;0;0;17;14;15;0;3;0;3;0;0;11;8;154;5;0;48;15;3;34;53;95;83;49;72;34;14;86;10;37;30;7;0;35;0;0;245;0;0;62;0;0;57;16;2;0;28;0;145;49;46;52;57;34;20;46;21;16;8;35;17;59;25;0;0;46;0;3;7;0;0;0;0;0;1;3;6;2;0;7;7;0;0;3;0;0;3;1;0;2;0;0;0;2;6;4;0;0;0;0;0;0;4;2;0;5;0;0;1;0;0;5;0;0;0;3;0;0;1;3;1;0;0;0;0;9;0;0;4;7;2;5;1;4;0;0;0;0;11;4;5;5;2;0;0;8;14;6;0;1;2;0;0;4;13;9;0;0;4;2;19;0;13;0;0;0;0;0;0;0;11;0;0;2;2;0;0;7;7;10;0;3;3;0;1;0;0;0;0;4;0;0;0;0;2;0;12;1;7;3;5;0;9;0;2;6;0;0;0;0;2;0;6;0;0;0;0;4;0;7;3;0;0;0;0;7;0;2;2;4;1;6;8;0;0;2;0;0;0;0;2;4
08216000;0;2;0;0;1;0;4;0;1;7;2;0;5;1;2;16;0;3;0;0;2;0;0;0;0;0;0;2;0;0;0;0;0;1;5;1;0;2;0;0;2;0;0;1;0;1;0;0;0;0;0;4;0;2;0;0;0;0;0;3;1;2;0;0;1;3;1;2;0;0;4;0;0;1;5;0;5;2;0;5;0;0;0;0;0;1;0;0;0;0;1;0;0;0;0;2;0;2;1;1;4;0;0;4;0;0;0;0;0;0;1;0;0;3;0;1;0;32;0;0;7;0;0;6;0;4;0;2;0;0;1;4;7;2;5;3;0;1;0;5;0;6;0;2;3;0;3;0;0;0;2;8;7;0;0;4;0;1;0;2;8;3;8;3;2;0;0;1;2;7;1;26;1;0;5;0;0;0;0;0;7;0;0;0;0;0;3;0;0;0;0;0;0;0;0;0;21;0;0;0;0;0;1;0;9;7;356;2;0;11;13;18;0;22;0;0;0;0;0;14;0;0;2;24;2;3;0;0;2;0;0;5;1;0;0;0;3;1;4;0;0;0;4;0;0;0;0;0;0;1;1;2;0;0;0;1;2;0;0;0;0;0;0;0;1;1;2;0;2;1;0;0;0;1;0;0;1;0;0;1;0;0;0;4;0;0;5;1;0;0;2;1;0;0;1;4;4;2;0;3;3;2;0;4;3;0;0;1;6;0;1;0;0;0;0;5;0;5;2;4;7;7;2;4;0;4;0;2;2;0;0;0;0;0;0;3;0;1;0;3;0;0;0;1;0;0;0;0;0;4;0;3;1;0;7;21;1;1;3;7;0;6;0;7;1;6;0;1;0;3;1;0;1;0;0;6;11;0;0;1;3;0;1;0;1;0;1;0;0;0;0;0;2;0;1;2;3;5;0;0
08221000;10;0;1;0;0;1;1;0;0;0;2;0;0;0;0;67;0;0;0;0;0;0;0;0;0;0;0;0;4;0;1;0;3;2;1;0;1;2;0;0;0;0;0;0;0;3;1;3;2;0;0;3;0;0;5;0;0;0;0;3;0;0;0;22;0;0;7;0;0;2;0;0;5;0;0;0;0;0;0;70;2;34;9;1;0;0;7;0;0;0;0;6;2;3;0;0;0;0;0;2;1;4;4;0;5;0;1;3;2;10;0;0;0;0;0;0;4;106;0;5;51;0;4;0;4;12;0;0;0;0;0;0;0;0;1;5;0;2;0;0;0;0;14;4;0;3;5;2;0;0;5;0;0;0;0;0;0;0;0;15;0;0;23;0;0;0;0;0;0;13;0;0;0;0;0;0;0;0;248;243;238;110;491;284;59;262;75;54;80;788;412;23;1254;1414;199;0;391;81;3730;75;140;118;88;684;127;87;238;35;94;64;185;166;87;139;752;51;26;193;80;99;152;347;1;44;0;4;0;0;2;0;0;0;2;8;1;0;0;0;0;0;0;0;1;0;4;9;0;2;0;0;1;0;0;0;0;4;5;2;20;2;4;1;0;5;0;0;2;0;0;5;0;1;0;0;2;0;0;2;0;0;0;12;7;0;0;4;0;0;0;1;1;0;0;5;24;0;0;4;0;1;0;0;0;4;1;3;0;0;0;0;1;0;0;0;0;1;0;8;0;0;0;7;3;0;136;2;0;0;10;1;1;2;1;0;0;1;0;1;0;2;0;0;1;0;0;0;0;0;1;3;0;0;2;0;0;0;0;3;0;0;0;8;0;0;0;25;0;0;2;0;3;1;0;0;1;2;3;0;7;0;0;0;5;1;0;0;2;0;0;9;1;1;0;0;1;0;2;1;0;0
08222000;0;14;0;0;10;1;5;3;4;1;5;0;0;0;6;87;0;0;13;0;0;5;0;0;0;0;13;2;0;0;0;0;0;0;0;0;0;0;0;0;2;3;8;8;0;1;0;0;4;0;0;0;1;0;0;4;7;0;4;4;5;0;16;52;17;2;0;4;0;9;2;5;11;0;0;6;0;6;4;46;0;0;0;9;0;0;0;7;0;0;0;2;0;4;16;0;4;0;0;0;5;1;0;0;1;0;0;0;2;0;1;1;1;0;0;0;5;193;23;15;198;24;0;5;0;24;0;15;0;0;2;11;0;21;0;0;0;0;0;12;0;0;0;3;0;7;1;2;0;0;0;0;0;0;3;0;4;4;20;0;3;305;21;47;0;58;0;0;0;183;0;0;0;4;18;239;10;5;18;0;0;0;0;0;1;0;0;0;0;0;0;17;0;3;0;0;0;0;399;2;0;0;0;0;0;0;0;0;0;0;0;8;0;0;0;0;0;0;0;9;0;0;6;76;7;3;1;5;0;0;0;2;0;7;1;0;1;2;0;0;11;0;0;0;0;5;2;2;0;0;0;0;0;2;1;0;0;0;7;0;0;2;0;0;6;1;0;0;0;0;0;0;0;1;2;2;0;6;0;0;0;0;2;8;0;2;0;0;5;0;1;2;5;0;5;0;0;0;0;7;0;0;0;1;5;0;6;0;2;0;6;0;0;0;0;0;0;4;0;1;8;0;17;3;191;1;0;0;0;4;0;1;0;0;0;0;0;0;0;3;0;0;0;9;0;1;0;0;0;0;0;9;0;7;0;0;0;0;3;0;3;0;6;1;1;0;0;1;0;1;2;1;1;0;1;3;0;5;0;38;0;0;0;0;0;0;5;0;0;5;0;1;0;0;0;1;0;9;0;0
08225000;1;6;0;0;3;0;0;0;3;2;1;0;0;0;2;5;0;3;0;1;0;0;0;0;0;0;0;0;0;5;0;0;0;3;7;0;0;1;2;0;1;3;2;1;0;0;4;0;1;3;0;3;0;3;0;0;0;3;4;1;0;0;0;11;4;10;3;0;0;1;0;5;0;0;1;0;0;1;0;8;0;0;1;0;0;0;12;0;3;0;5;0;0;0;0;4;0;0;0;0;0;8;0;0;11;5;1;0;0;0;0;0;0;0;1;3;6;21;0;2;0;0;4;3;0;0;0;18;0;0;3;0;2;11;0;2;0;0;5;1;1;2;1;1;0;0;0;0;0;3;0;7;3;4;0;1;0;0;4;0;2;0;0;5;0;2;5;1;0;0;0;0;7;2;0;0;1;1;0;0;0;0;0;0;7;0;0;0;0;0;0;0;0;0;8;0;50;0;0;3;0;9;2;0;1;9;0;1;0;0;7;23;0;0;0;0;0;4;4;6;20;0;2;3;0;0;7;0;0;0;4;0;3;1;0;0;0;1;2;2;0;4;0;2;0;1;0;0;0;1;0;3;0;1;2;0;0;0;0;0;0;0;5;0;2;0;2;1;0;0;0;0;0;0;0;3;0;0;1;0;0;3;5;0;0;0;0;1;3;4;4;0;1;4;14;0;0;5;0;3;0;0;11;0;0;0;4;0;0;0;0;4;0;3;5;1;0;3;0;0;1;1;0;0;5;0;0;1;1;1;0;1;0;3;4;0;1;0;3;1;0;2;0;0;1;0;0;0;0;0;0;0;0;0;0;3;0;3;1;5;3;7;0;0;1;1;2;4;0;0;0;2;0;0;0;0;0;0;4;6;0;0;0;1;0;1;0;6;1;0;1;0;6;2;1;0;0;0;0;0
08226000;4;0;0;0;0;5;0;11;0;3;15;2;0;0;8;27;0;0;0;0;0;3;10;0;0;0;4;0;1;0;1;0;3;0;9;9;4;7;0;3;0;0;0;0;1;3;0;0;0;1;12;4;0;14;6;12;0;0;0;9;11;0;0;10;20;4;0;1;0;11;0;2;0;20;0;11;0;0;0;19;2;0;0;19;0;0;2;0;0;0;2;0;0;0;0;5;2;0;1;4;0;3;3;0;13;13;0;6;0;0;4;0;0;0;13;0;0;42;0;11;229;0;0;1;0;3;30;4;0;0;0;15;8;0;0;12;0;1;0;11;7;5;0;3;0;0;0;0;0;6;3;3;4;5;4;5;3;0;0;0;15;0;33;11;0;10;10;0;0;106;0;42;0;28;42;0;0;17;60;80;72;55;124;56;0;169;21;46;30;0;0;0;110;393;94;0;0;59;0;33;49;62;89;0;90;27;100;58;28;6;59;58;24;47;0;17;20;34;28;68;62;0;10;23;0;2;8;10;0;1;0;0;0;0;4;0;0;0;8;0;0;3;0;9;1;3;2;0;3;0;3;4;1;1;2;0;1;5;0;2;0;5;6;0;0;0;3;0;0;0;2;0;0;6;0;3;1;5;0;0;0;0;2;5;0;0;2;0;0;9;0;1;0;5;0;17;0;1;0;1;6;2;1;0;0;0;0;0;1;2;0;0;0;0;6;8;2;7;0;1;17;0;14;8;48;1;0;0;0;0;0;0;3;3;1;5;0;4;0;0;1;0;0;4;6;4;2;15;4;26;0;3;0;4;6;8;4;3;11;0;4;0;5;0;1;0;0;0;1;1;3;2;3;4;2;0;2;1;0;1;0;0;0;4;2;3;0;4;5;2;1;5;1;2;1;1;0;0;2;0
08231000;2;0;0;0;0;0;0;0;0;0;0;0;0;0;0;2;0;3;2;0;0;1;0;0;0;0;10;12;0;3;3;0;0;3;0;1;0;0;1;0;0;6;0;0;1;0;0;0;0;0;5;13;0;0;1;0;0;0;0;5;0;0;0;11;9;5;2;6;0;0;1;0;5;0;0;8;1;5;9;0;5;0;2;3;0;0;0;0;0;2;5;0;3;0;2;3;0;13;4;8;2;14;0;1;10;1;5;0;0;0;0;0;0;5;2;0;0;15;2;0;0;0;0;0;3;6;0;11;0;0;0;0;0;1;2;0;0;0;2;0;0;0;0;2;1;4;1;0;0;1;0;0;5;3;5;1;0;2;5;0;0;12;6;3;0;5;0;0;1;2;0;0;0;1;1;2;2;2;39;0;32;0;0;10;0;5;3;2;0;0;0;15;0;2;11;0;0;0;0;0;6;10;1;0;0;5;8;10;0;0;3;9;0;9;3;0;6;4;0;12;2;0;3;37;0;8;3;1;3;11;3;2;4;1;0;1;1;0;0;0;3;0;0;0;3;0;0;0;0;0;0;1;7;2;1;0;0;0;0;0;1;0;0;0;0;3;0;2;0;0;0;2;0;0;1;2;0;0;0;0;0;5;1;8;0;0;0;0;7;0;0;0;0;2;4;0;0;0;4;0;3;0;0;0;0;0;0;0;3;1;0;0;0;0;0;0;0;3;0;0;3;8;1;1;15;0;0;0;1;1;0;3;0;2;1;1;3;0;0;0;0;2;4;0;0;0;0;0;3;0;0;0;0;0;4;9;0;2;0;6;0;0;0;0;0;2;13;0;2;0;0;2;1;4;0;0;0;0;0;3;3;0;0;0;0;0;0;0;0;0;0;0;2;2;0;0;1;0;1;1
08235000;1;0;0;2;2;6;1;3;0;1;0;6;0;0;0;0;0;2;1;0;2;0;1;0;0;0;5;0;0;0;0;3;0;2;4;2;0;0;4;4;0;1;2;8;0;0;2;0;0;0;0;0;3;0;0;7;1;1;0;0;5;0;0;0;2;2;0;1;4;4;1;1;3;0;2;0;3;2;0;5;2;0;0;4;7;8;0;0;1;0;2;1;0;1;0;4;0;2;0;0;0;6;14;3;0;2;0;3;3;6;3;0;0;2;1;0;2;1;0;0;0;5;0;0;0;0;0;0;2;4;1;1;2;2;3;2;5;2;0;0;0;0;4;0;0;13;0;4;11;2;0;0;2;1;0;1;0;3;1;1;2;4;4;0;0;2;0;0;2;2;0;13;0;0;2;0;0;0;0;0;0;0;0;10;12;10;6;0;0;0;0;1;0;0;27;0;12;16;0;0;0;0;67;0;1;0;16;8;26;0;20;0;3;0;4;0;0;0;0;3;0;0;0;10;0;0;6;0;0;0;0;2;1;3;5;3;4;0;0;0;1;7;6;5;2;5;0;3;3;1;3;4;0;0;3;2;1;0;0;0;1;1;0;0;1;1;0;0;6;0;3;0;0;0;0;0;2;0;0;1;2;1;1;1;3;5;0;1;0;6;2;0;7;0;1;0;0;0;4;0;5;0;0;2;20;1;0;1;0;0;0;3;3;0;0;1;3;0;7;10;7;0;0;4;0;1;2;4;4;0;2;1;2;1;2;2;0;2;0;2;0;2;3;0;0;2;0;0;5;4;0;15;8;1;5;19;0;2;0;0;0;5;6;8;0;0;0;0;1;3;0;3;5;2;0;0;3;3;4;1;1;1;0;0;0;7;0;4;0;0;0;0;3;1;1;2;0;1;2;2
08236000;0;0;1;0;2;3;7;0;0;0;0;9;0;3;0;13;0;4;3;7;0;3;1;0;0;0;6;6;2;0;1;0;1;6;2;0;0;2;0;4;0;1;0;0;1;0;0;0;0;1;3;4;0;0;5;2;6;0;1;2;0;4;1;19;0;0;2;3;0;0;0;0;0;0;0;2;0;0;9;8;0;0;4;4;0;0;0;0;0;0;3;0;1;0;0;8;3;0;0;0;3;0;0;0;6;0;0;0;10;0;1;3;0;4;5;3;1;0;0;0;0;4;0;0;3;1;0;2;1;4;0;0;0;0;6;0;0;3;3;0;0;0;0;0;0;0;7;2;3;0;0;0;1;0;0;0;0;0;6;0;0;11;4;0;0;4;0;0;0;0;1;3;5;3;2;0;3;3;0;0;0;0;0;0;0;31;4;20;0;0;0;0;0;0;18;0;24;0;0;0;5;0;7;0;18;8;13;18;10;0;29;5;0;10;0;0;0;5;9;0;8;0;0;15;3;0;1;0;0;2;1;0;7;4;0;1;0;0;7;5;1;0;0;0;0;0;1;0;0;0;4;8;2;0;3;2;0;0;1;0;0;0;2;4;0;0;0;0;1;0;0;2;3;0;0;6;0;0;0;8;0;0;1;5;0;10;0;1;0;2;3;4;0;0;0;0;4;0;0;0;1;0;0;0;1;0;3;1;4;0;0;0;0;3;6;1;0;11;13;0;4;0;1;0;6;3;3;1;1;0;2;0;0;0;0;3;0;0;0;0;1;0;2;1;1;6;5;0;0;2;2;18;8;1;2;2;1;0;0;2;1;7;4;0;3;0;10;1;0;0;1;1;1;2;0;2;2;1;0;1;5;0;0;4;0;3;2;0;1;3;1;0;0;2;1;0;0;0;0;0
08237000;0;2;0;0;1;0;3;4;2;0;0;0;1;0;0;3;0;0;1;0;1;0;0;0;4;0;0;0;0;3;0;1;0;0;0;2;2;1;0;0;0;0;1;0;0;0;1;6;0;0;0;0;0;0;0;5;2;2;0;0;0;0;2;11;0;8;0;2;0;1;0;4;3;3;0;0;0;2;0;1;0;3;0;1;0;0;0;0;0;2;4;2;2;1;0;0;1;0;3;8;0;0;0;6;0;10;2;0;6;2;0;0;0;4;4;0;4;10;4;0;0;4;0;0;3;3;0;0;4;0;4;2;0;0;1;0;0;1;4;0;0;0;2;0;0;0;0;1;0;0;0;0;4;1;2;0;0;0;1;0;5;0;1;1;0;1;1;1;0;0;0;0;0;1;3;0;0;0;0;0;0;0;0;0;0;0;1;0;0;0;0;5;0;0;0;0;11;0;0;0;0;0;0;0;0;0;39;32;19;1;8;10;12;0;0;8;10;13;0;0;0;0;0;9;0;0;0;1;2;0;0;2;0;1;0;3;3;0;7;0;2;0;7;1;1;0;1;0;2;4;0;1;5;0;0;0;0;0;6;0;0;2;2;0;0;0;0;0;0;0;0;1;1;1;1;0;0;1;0;2;0;0;3;2;0;9;0;0;0;3;0;0;0;0;7;0;1;4;1;3;0;1;0;5;2;0;1;0;0;7;3;0;0;7;0;3;0;4;5;0;0;0;0;0;0;2;0;0;0;0;0;2;0;2;1;0;0;0;3;0;0;0;0;0;0;0;0;0;0;0;4;0;1;0;2;0;0;2;10;2;0;0;0;7;2;5;8;2;1;0;2;2;0;0;0;3;0;0;1;1;0;0;0;0;0;2;0;0;0;0;3;0;0;2;0;0;0;0;2;0
08311000;0;0;0;1;1;0;0;0;0;0;1;2;0;1;0;8;0;1;4;0;0;0;5;2;2;0;9;6;0;1;0;1;0;0;3;0;2;0;3;0;0;0;0;0;0;0;0;0;0;0;0;1;0;3;0;1;0;3;0;0;3;6;0;0;0;0;0;0;0;3;1;8;0;0;0;0;3;1;4;48;2;0;0;4;0;0;0;0;0;0;1;28;0;0;2;10;1;0;1;0;0;3;0;0;0;0;0;0;0;2;0;0;0;0;2;1;0;13;4;2;0;0;0;0;0;8;0;0;0;3;0;0;0;0;0;0;3;0;1;0;0;0;0;5;1;0;3;0;5;1;0;0;10;0;0;4;1;0;2;0;0;0;9;9;2;0;3;0;0;1;0;0;3;0;0;0;0;0;163;67;131;65;109;144;28;83;47;67;78;25;0;29;0;79;161;0;23;25;93;45;48;67;33;0;1576;695;688;115;44;60;166;222;110;21;0;7;14;66;89;30;85;0;0;31;4;5;0;3;0;0;0;1;2;0;0;0;2;5;0;1;2;14;0;3;5;0;0;0;3;0;0;0;0;2;1;0;0;4;0;1;0;0;0;0;3;1;0;0;1;0;0;1;1;0;0;2;0;0;0;0;0;0;0;0;0;4;0;0;0;0;0;1;0;2;0;0;0;1;2;3;0;0;3;0;6;0;0;0;0;0;0;0;0;0;0;0;0;0;0;0;1;3;0;2;59;5;0;0;0;0;0;0;8;0;0;0;0;0;0;0;0;0;0;0;0;0;4;1;4;0;0;0;0;0;0;1;0;2;2;0;0;48;0;1;0;0;0;3;0;0;0;0;0;0;1;1;0;0;8;0;5;0;4;1;1;0;1;1;0;5;0;0;0;0;0;1;0;0;0;0
08315000;10;0;0;0;1;0;2;0;0;0;0;7;2;3;3;0;0;0;0;0;0;0;4;0;0;0;12;0;1;0;2;10;0;0;0;0;0;0;1;0;2;0;4;0;3;0;0;2;0;0;4;27;2;1;1;9;0;0;0;2;0;0;3;7;4;0;0;0;0;0;0;0;0;0;3;0;2;0;0;4;6;4;0;0;0;0;0;3;0;1;0;0;0;0;2;0;3;0;2;11;3;0;0;0;8;0;4;0;1;0;0;3;0;4;5;0;2;0;7;0;11;0;0;0;1;0;0;2;0;0;0;1;2;6;0;8;0;0;3;2;4;9;0;0;0;0;2;0;0;4;0;2;1;0;0;0;0;0;1;0;2;0;0;0;0;0;0;2;0;1;0;0;4;1;0;4;0;0;0;1;0;0;0;0;3;0;1;15;8;0;0;8;0;0;0;0;3;0;0;13;0;0;7;0;0;308;43;15;83;0;24;126;19;5;0;0;5;0;0;7;5;0;5;0;3;0;5;2;0;0;3;0;6;6;0;0;0;1;0;0;0;0;0;3;4;0;2;0;0;0;0;4;6;0;0;0;0;2;0;0;0;1;0;1;6;2;1;0;0;0;0;3;0;1;0;1;0;0;0;0;0;2;2;0;4;0;0;0;2;0;0;0;3;2;4;0;0;0;2;0;0;8;0;0;0;2;0;0;7;6;0;0;0;0;0;0;0;0;3;0;4;13;0;0;0;0;0;1;3;0;5;0;0;0;0;0;2;1;0;0;0;0;0;0;0;6;4;0;8;0;0;0;6;0;6;0;10;0;4;2;3;0;4;5;0;3;0;0;1;0;3;8;2;0;0;0;4;0;0;2;8;0;0;4;0;1;2;0;0;1;2;0;0;1;0;0;1;0;4;0
08316000;2;0;0;2;1;1;0;0;3;0;1;0;0;0;11;2;0;3;0;0;3;0;0;0;0;0;0;1;0;3;5;0;1;1;0;0;0;0;0;2;3;7;0;2;0;0;3;0;0;2;0;2;0;0;3;0;2;0;0;1;0;0;0;3;11;0;1;0;1;0;0;4;2;0;3;0;1;0;0;6;0;0;7;0;0;0;0;0;0;0;0;0;0;3;5;0;1;0;0;2;0;0;0;0;0;0;3;0;6;0;3;9;3;0;5;0;0;0;2;0;0;0;0;0;2;3;0;0;0;4;8;0;0;0;0;0;1;1;3;0;0;2;3;0;3;5;0;1;0;0;4;0;0;0;3;0;0;4;0;0;0;8;1;1;0;0;1;0;0;0;9;0;1;0;0;0;1;6;2;12;0;1;0;0;0;0;4;0;1;0;0;2;0;7;0;0;5;0;0;0;5;0;3;0;0;0;198;14;29;0;6;33;5;1;8;3;4;0;1;7;0;0;0;0;2;2;1;0;0;0;0;0;0;1;0;0;0;0;0;0;0;3;0;0;1;1;0;0;1;0;0;0;0;0;1;0;2;0;0;0;0;0;0;3;5;1;0;0;0;0;0;0;0;0;0;0;0;0;0;0;0;0;1;8;0;2;0;0;0;0;0;2;0;0;6;0;0;0;1;1;0;0;2;0;0;0;2;0;0;0;1;0;7;6;1;1;0;1;0;0;0;0;4;4;0;0;2;0;0;0;0;0;0;4;0;1;0;0;0;0;0;2;1;0;0;8;6;2;0;0;2;0;0;3;2;0;0;1;10;3;2;9;0;0;0;5;0;0;2;1;0;0;0;0;1;5;0;0;0;0;1;0;0;1;0;0;0;1;2;0;0;3;0;1;0;0;1;1;3;0
08317000;0;0;0;0;0;3;0;0;0;1;0;5;2;0;0;15;12;0;3;0;0;0;7;1;0;0;0;9;0;6;0;8;0;1;6;0;0;0;1;0;0;4;5;0;0;0;0;0;1;1;0;0;1;5;0;5;2;0;1;0;4;0;16;2;8;0;2;4;3;0;0;0;10;3;0;8;0;3;0;12;0;0;0;8;0;0;11;0;0;0;6;0;5;1;3;0;0;10;3;4;0;6;13;0;9;0;1;0;6;6;3;0;0;0;0;3;8;6;0;0;7;12;0;0;7;2;0;0;0;0;2;2;0;0;5;3;0;0;0;0;0;3;5;0;2;0;0;0;0;0;0;3;0;1;6;2;0;0;0;0;0;12;0;0;1;0;0;4;0;0;0;0;3;1;13;0;3;1;0;0;0;0;0;5;6;10;5;0;0;0;0;0;0;0;0;0;48;0;0;0;0;0;0;0;0;0;0;0;0;0;47;0;12;0;0;0;0;0;0;7;28;0;0;7;0;7;1;1;4;2;1;0;0;0;0;0;0;0;8;2;0;2;0;0;0;2;5;8;0;0;0;0;0;1;3;2;0;0;0;0;3;0;0;1;0;1;0;0;0;0;0;0;0;1;0;4;0;1;0;0;0;13;1;0;1;0;0;1;2;0;1;5;0;2;0;0;0;0;0;0;0;0;4;0;0;0;0;2;0;2;5;0;0;8;0;0;0;0;5;0;4;0;7;0;3;0;0;0;3;0;0;0;0;0;0;0;8;0;0;3;1;0;0;1;0;0;2;6;4;3;7;1;2;5;0;2;0;0;1;0;0;14;2;0;0;7;3;0;1;2;0;0;0;0;0;0;0;0;6;0;0;0;1;3;0;0;0;1;1;1;0;0;1;2;0;0;3;5;0;1
08325000;2;0;1;0;2;3;4;1;6;1;0;0;5;0;4;10;1;5;0;0;0;1;0;0;0;0;1;0;0;0;1;0;0;0;0;0;0;0;0;0;0;2;0;0;0;1;2;0;3;0;0;1;0;1;1;3;0;5;0;1;1;3;0;4;2;0;2;1;2;0;0;0;1;8;0;0;0;4;1;3;0;0;0;0;1;0;12;0;0;0;1;1;0;0;0;2;0;3;2;1;0;2;0;0;0;1;10;4;0;0;0;1;0;1;1;0;3;6;11;2;6;2;2;0;0;1;2;8;0;0;7;3;0;1;0;0;0;5;0;0;0;0;0;0;0;1;0;0;0;0;1;2;2;8;0;0;2;0;0;0;1;0;0;2;0;1;3;0;0;1;0;2;0;0;0;0;3;0;20;0;0;0;0;0;5;0;2;19;0;0;0;1;0;0;0;0;3;0;0;0;0;0;0;0;0;0;2;0;79;66;48;0;2;3;0;0;5;0;0;3;8;0;1;3;1;2;0;0;0;0;0;0;3;0;0;0;0;0;0;0;0;0;0;4;4;0;3;0;1;0;1;4;0;0;2;0;0;0;0;0;2;0;1;1;1;0;0;0;1;2;0;2;0;0;0;1;0;2;0;0;1;1;3;9;0;0;0;2;3;5;0;0;0;1;2;1;0;2;1;1;1;0;0;0;6;0;0;0;0;0;0;4;3;9;0;0;1;4;4;0;0;0;0;0;19;2;0;0;7;0;0;0;0;0;0;2;0;1;0;0;0;1;0;0;0;2;0;2;0;2;0;6;2;2;4;3;0;0;1;0;2;1;0;0;0;0;0;0;5;1;3;0;0;6;0;1;0;0;0;0;0;0;0;2;0;0;0;0;0;0;0;0;1;0;8;0;0;0;1;2
08326000;0;7;9;0;1;3;0;0;1;0;1;5;1;0;0;10;8;0;3;2;0;0;0;0;1;0;0;0;1;0;1;2;1;2;1;5;2;4;1;2;0;2;0;0;0;0;3;2;0;0;0;0;0;0;0;0;0;0;3;3;0;9;0;0;11;0;0;3;0;0;0;0;0;1;0;4;0;2;0;0;1;0;0;0;2;0;0;1;0;1;0;5;0;4;1;5;2;3;0;1;0;0;0;0;0;5;0;0;5;0;0;1;1;0;3;0;3;15;3;10;7;0;0;0;4;0;0;2;0;9;0;0;0;0;2;0;0;0;2;10;0;3;2;2;1;3;0;0;3;0;0;0;5;0;0;2;0;0;0;0;4;0;2;0;6;1;0;0;3;0;4;2;4;1;0;0;0;0;28;0;11;8;0;0;7;0;0;0;6;0;0;0;0;0;13;0;10;1;0;14;0;0;0;0;0;0;2;0;0;0;34;32;0;33;0;0;0;0;3;6;0;0;1;55;5;0;4;0;3;0;2;3;11;0;3;0;2;0;6;0;0;0;2;15;0;0;5;4;1;1;0;0;5;1;0;0;2;0;0;2;2;4;7;0;0;3;1;3;0;0;0;0;1;0;2;2;0;0;0;0;2;5;0;7;0;6;0;0;2;3;0;1;0;0;3;0;0;0;1;0;4;0;0;0;12;1;4;0;0;0;0;0;12;8;0;11;0;0;0;0;0;0;0;0;14;0;0;2;0;5;2;0;1;0;0;0;0;1;0;2;6;2;0;0;0;0;0;0;0;0;2;10;6;0;0;1;0;1;12;0;2;7;4;0;2;6;6;1;0;2;2;4;0;0;2;0;0;1;3;0;0;1;0;0;0;5;2;2;0;1;8;0;3;0;1;1;1;1;2;0
08327000;0;0;0;0;1;0;0;0;2;0;0;3;0;0;3;12;1;0;4;0;0;0;0;0;0;0;0;0;0;0;1;5;0;0;1;0;0;1;2;0;0;1;1;3;3;1;2;0;0;0;0;1;5;9;0;0;0;3;0;0;1;0;0;3;0;4;0;2;0;2;0;0;0;2;0;0;1;0;0;0;3;0;0;0;1;0;0;2;6;1;9;1;0;0;0;1;4;4;0;1;0;0;5;9;5;0;0;1;1;3;0;0;0;0;1;0;3;0;0;3;0;2;0;0;2;0;1;1;0;0;8;0;6;0;0;2;0;1;1;2;2;0;0;0;0;0;1;0;0;1;1;0;4;1;1;0;0;0;0;2;0;6;0;0;4;4;0;0;1;0;3;3;0;0;2;0;3;0;49;4;25;0;0;2;4;0;6;3;0;0;0;2;0;0;0;0;10;0;0;1;0;1;0;0;22;8;7;0;42;0;46;0;17;0;0;0;6;0;4;16;3;0;0;1;0;5;0;0;1;0;3;0;7;0;2;1;0;3;6;3;0;0;4;0;0;3;0;0;2;0;0;1;0;0;0;3;0;0;4;0;0;0;0;0;1;0;0;0;1;1;0;3;1;2;0;0;0;0;1;1;0;0;1;2;0;0;0;1;9;0;1;0;0;0;0;0;0;1;0;0;0;1;1;0;3;1;2;0;2;7;0;0;0;0;9;4;0;0;0;0;0;0;0;0;20;0;0;4;0;4;1;0;0;0;3;3;0;0;0;0;0;0;0;0;0;3;0;0;1;3;0;4;4;4;2;5;8;1;10;0;0;7;0;0;0;0;0;0;0;1;0;0;1;1;0;0;0;0;0;0;0;0;0;0;0;1;0;1;3;0;0;0;0;1;0;3;0;1;0;0
08335000;0;0;0;1;0;2;4;1;0;0;0;9;0;2;0;8;0;0;2;0;2;3;0;0;0;0;0;0;0;0;0;0;0;0;0;0;4;1;1;0;9;6;1;0;0;3;0;5;0;0;1;0;2;2;3;1;0;7;3;0;0;0;0;1;0;0;0;0;4;0;0;2;0;0;0;0;0;0;0;29;0;0;0;0;0;0;0;0;0;0;4;9;0;1;1;0;0;0;0;0;5;0;0;0;0;10;0;0;1;0;0;1;1;0;3;0;11;26;0;2;0;0;0;0;0;0;1;0;0;0;0;0;0;4;0;0;0;0;3;3;0;4;0;3;2;5;0;0;0;1;1;1;4;3;21;0;0;4;0;0;3;0;0;7;0;0;0;1;0;0;0;0;0;0;0;2;0;2;63;0;0;0;0;0;0;0;0;0;12;0;0;1;0;0;0;0;5;0;0;0;0;0;0;0;0;0;0;0;0;0;0;0;0;0;0;0;0;0;0;0;0;0;0;26;0;0;2;0;0;0;2;0;0;0;2;0;0;1;0;0;0;0;0;0;0;2;4;1;0;1;1;0;0;0;8;0;5;0;5;0;0;1;0;0;0;2;0;0;0;0;4;0;1;0;0;5;0;0;0;0;8;0;6;4;0;0;0;2;0;0;2;2;0;1;0;0;0;0;0;0;0;1;4;0;0;0;6;0;0;0;0;0;1;0;0;0;1;0;0;0;0;2;1;4;0;0;1;3;0;6;0;0;0;1;3;0;3;0;0;1;6;0;4;7;1;4;0;7;0;0;1;7;2;1;0;0;0;6;9;2;1;43;0;2;0;0;4;3;0;5;9;0;0;3;2;0;2;0;0;2;0;0;1;2;0;1;2;0;0;2;1;0;0;0;0;0;0;0;1;2
08336000;0;3;0;0;2;0;0;0;3;0;0;0;0;0;0;0;0;0;2;0;0;0;0;0;0;0;0;0;0;0;0;0;0;0;1;0;3;0;2;4;0;0;1;1;1;0;3;3;0;0;0;0;0;0;0;0;1;0;0;0;4;0;0;0;0;0;1;0;0;2;0;3;0;0;0;0;1;0;0;0;0;0;0;0;0;1;5;0;0;0;0;0;0;4;0;0;0;0;0;0;8;0;0;0;0;2;0;0;0;0;1;2;0;6;0;0;0;19;0;0;0;0;0;0;0;0;0;0;0;0;1;0;0;0;1;0;1;6;0;6;0;0;0;0;0;0;0;0;0;0;0;0;2;4;1;0;5;0;0;0;6;1;0;3;2;0;0;0;0;0;0;0;0;0;0;0;0;0;0;0;0;0;0;1;6;0;0;0;0;0;0;0;0;0;0;0;0;0;0;0;3;0;0;0;0;0;3;2;0;5;4;0;108;0;0;5;0;6;0;6;1;0;0;0;2;0;2;2;0;4;0;4;0;0;2;3;0;0;1;0;0;1;11;0;0;0;0;0;0;7;0;1;0;2;0;0;2;0;0;0;1;6;0;0;0;0;0;0;3;1;0;0;0;1;2;2;1;0;2;0;7;0;2;0;0;2;0;0;2;0;0;7;0;0;0;3;0;0;0;0;0;0;0;0;5;0;0;0;3;0;1;0;0;0;0;1;8;4;0;0;4;0;0;15;0;0;0;2;8;0;4;0;3;4;5;0;0;0;0;0;0;0;0;0;6;12;2;0;0;0;2;6;3;0;0;0;0;9;11;7;0;0;0;2;0;0;5;3;7;0;5;0;0;2;0;0;0;0;0;1;2;0;0;2;0;0;0;0;0;8;3;0;0;0;0;1;0;1;0;1
08337000;2;0;0;0;0;0;2;0;0;3;0;0;5;0;2;0;0;0;0;0;0;3;3;0;0;1;0;0;1;0;1;1;8;3;0;0;1;7;0;5;1;0;0;0;1;0;0;0;0;0;0;0;0;0;0;0;0;0;0;0;2;0;0;17;0;0;0;1;0;0;1;0;0;2;0;0;2;0;0;0;1;0;7;1;0;0;0;0;0;1;0;0;7;0;0;2;0;2;0;0;0;2;0;0;0;0;5;2;0;0;1;7;0;0;1;8;0;0;1;0;0;0;0;2;5;0;0;0;2;6;0;1;0;0;0;0;0;0;0;0;0;0;1;0;0;2;0;0;0;0;5;0;8;1;2;0;4;0;0;0;2;7;0;5;0;0;0;0;1;0;0;0;0;0;0;3;2;0;2;0;0;6;0;0;7;7;0;0;2;0;0;1;0;0;6;0;19;1;0;12;0;16;0;0;0;0;0;0;28;0;4;0;0;0;0;0;0;0;0;8;0;0;0;22;0;5;0;0;0;1;0;0;0;0;0;1;2;0;0;0;0;4;4;3;6;2;1;0;0;1;0;0;1;0;5;0;0;1;0;0;0;1;0;0;0;0;0;0;0;0;0;0;0;2;0;0;0;0;1;0;2;3;0;0;3;0;5;0;0;0;0;1;0;0;0;0;0;0;0;5;0;4;0;4;0;0;5;0;0;5;0;0;0;0;0;0;3;6;7;6;0;3;0;0;0;0;2;1;0;0;3;0;5;3;0;0;5;0;0;2;0;0;0;0;0;2;0;0;1;0;4;0;2;4;0;0;1;0;0;2;0;0;1;0;0;0;0;0;0;0;0;0;0;5;0;2;0;2;0;4;2;3;2;0;0;0;0;4;0;2;0;0;3;0;0;1;3;0;0;1
08415000;4;0;0;0;0;0;8;8;3;1;2;5;0;4;0;0;0;1;1;3;0;0;0;3;0;0;2;3;0;7;0;0;2;4;1;2;0;4;1;5;1;0;5;7;0;0;0;0;0;0;8;6;3;0;2;1;3;2;0;2;0;0;4;20;12;0;4;3;0;2;0;1;0;1;0;0;0;9;0;10;0;0;1;0;6;0;0;0;0;0;9;8;0;0;0;6;1;0;0;0;1;7;10;1;12;0;2;4;4;0;0;2;0;0;3;13;0;6;12;7;0;0;5;4;14;0;0;1;0;1;0;16;0;0;0;0;0;1;4;1;0;0;0;3;0;0;0;1;0;1;0;0;0;0;3;0;0;2;2;0;9;3;0;2;2;3;0;4;0;2;0;0;2;0;0;6;1;0;0;0;0;37;0;0;3;7;9;3;0;0;0;0;0;0;0;0;29;2;0;0;15;0;15;0;0;0;4;0;0;5;25;12;6;0;0;63;0;18;24;17;2;0;0;27;0;0;0;0;0;0;0;8;2;0;2;2;0;0;0;0;0;3;0;4;2;0;0;4;3;4;0;0;0;4;4;1;0;0;0;2;0;0;8;3;2;2;0;1;0;0;0;6;0;4;0;0;0;5;0;2;0;0;0;0;1;4;0;0;0;3;2;1;0;0;8;0;4;0;0;0;6;0;0;0;0;0;3;0;0;2;2;4;2;3;0;0;0;0;8;5;1;0;1;10;25;0;0;0;0;0;5;1;0;0;0;3;0;0;1;0;0;1;0;3;1;9;0;5;0;1;0;0;2;6;2;5;0;7;12;4;0;0;2;3;0;0;11;1;0;0;1;2;0;2;0;0;1;1;0;3;1;0;9;0;1;4;3;0;0;1;0;3;0;5;0;3;0;0;0;2
08416000;3;6;0;0;0;0;2;6;0;8;2;3;0;7;0;34;1;0;0;2;0;0;0;1;0;0;0;1;0;3;0;0;0;8;1;3;2;11;0;2;0;4;5;0;1;1;10;0;0;1;5;0;4;0;4;0;2;0;2;1;0;0;1;27;3;5;0;4;0;1;5;0;3;3;1;0;0;0;0;81;1;7;0;0;5;0;0;0;0;0;1;6;0;0;0;0;3;0;4;0;0;0;12;0;12;7;5;0;0;0;0;0;0;6;0;2;16;48;7;0;0;0;1;0;0;6;0;0;0;0;0;0;0;0;5;11;0;2;0;0;0;7;5;2;0;0;4;0;1;0;0;2;4;5;0;0;0;0;0;0;3;0;4;4;4;0;0;1;0;2;4;0;0;1;1;2;6;2;183;0;97;22;10;51;0;50;5;37;10;0;0;8;0;0;33;0;28;4;23;0;0;23;80;26;24;0;59;6;33;22;70;49;23;105;0;60;13;67;18;47;19;0;0;95;12;0;2;0;2;0;4;0;6;0;4;0;6;1;0;0;3;0;0;0;0;0;3;6;0;2;0;5;4;1;0;0;0;0;5;2;0;0;1;0;0;0;0;0;0;1;2;1;3;0;0;0;0;0;0;0;0;0;0;17;0;0;3;1;4;0;1;0;0;0;17;3;1;4;0;3;0;5;3;0;5;2;2;0;1;0;6;2;4;0;0;5;0;9;0;1;0;0;0;0;80;0;4;0;8;0;3;0;0;0;3;0;2;0;0;1;0;1;0;0;1;1;4;7;4;0;0;1;0;0;3;4;0;0;0;0;0;1;0;0;1;0;0;0;0;2;0;0;3;0;2;0;6;0;0;0;1;3;8;2;3;5;1;0;0;3;0;0;0;2;0;0;0;6;0;1
08417000;0;9;1;0;0;0;0;1;3;2;9;0;0;0;0;0;0;0;5;1;0;0;0;0;0;0;2;0;0;0;0;0;0;1;0;1;0;2;0;4;0;6;0;0;0;0;0;3;0;0;5;0;0;3;0;0;0;1;0;0;0;0;2;0;5;0;0;1;0;6;0;0;0;0;4;0;0;3;0;9;1;1;0;8;0;1;0;0;3;2;1;2;0;0;0;0;10;0;1;2;0;1;3;0;0;0;5;4;2;0;0;1;0;0;3;4;2;4;3;6;0;10;0;0;4;0;1;0;0;1;0;2;0;4;0;6;4;0;0;0;0;3;0;0;3;1;0;0;8;0;0;0;0;1;0;4;0;0;1;0;0;0;7;2;1;0;1;0;0;5;1;0;0;0;0;0;0;7;49;59;29;40;17;59;32;40;10;9;1;0;0;4;0;0;132;0;27;55;0;12;1;64;0;0;67;0;95;43;0;102;163;0;3;0;0;0;10;63;322;16;36;0;1;0;2;4;0;0;3;4;0;3;0;1;0;0;0;1;4;0;5;0;0;7;0;0;8;0;0;0;0;0;0;0;4;0;0;0;0;4;1;0;6;0;5;0;0;0;0;0;1;0;1;1;3;2;0;0;0;0;3;0;9;4;0;2;0;0;6;3;0;0;1;0;0;0;0;1;1;0;0;0;0;2;7;1;4;2;0;0;0;3;0;0;2;0;6;7;0;0;2;5;0;0;16;0;1;0;0;1;1;0;0;0;1;1;2;0;3;0;5;0;0;0;0;2;0;0;4;5;0;4;7;0;0;3;0;0;2;0;1;3;0;3;0;0;2;0;2;6;0;0;1;0;0;2;0;9;1;0;1;2;0;1;0;5;0;7;0;2;2;0;0;0;0;1;0;0;1;0
08421000;0;5;5;1;5;0;3;0;2;0;0;4;0;2;0;15;0;0;0;0;0;0;0;0;0;0;0;2;2;0;0;0;2;2;3;0;0;0;0;0;0;1;2;0;1;0;1;0;1;3;1;0;0;1;0;0;6;0;0;0;0;3;0;5;3;0;0;0;0;0;0;0;2;3;0;1;3;1;0;4;0;0;2;0;1;0;0;0;2;0;0;5;0;0;0;0;0;0;0;2;0;4;4;0;0;4;4;0;0;2;0;1;0;0;0;0;0;21;2;6;0;0;3;2;3;1;1;2;0;0;0;0;6;5;0;0;2;2;0;5;1;0;0;1;0;10;1;0;2;0;1;0;1;0;0;0;0;0;1;0;0;13;22;0;0;2;0;0;1;1;1;0;0;0;0;0;0;1;16;0;0;0;0;0;0;0;0;5;0;0;0;2;0;0;7;0;6;4;0;0;0;12;0;0;0;0;2;0;3;0;7;7;0;3;0;0;0;294;12;2;0;0;11;43;0;1;0;0;2;0;0;2;0;0;0;1;0;3;0;5;1;0;1;2;0;2;4;0;0;0;0;0;2;2;1;0;0;1;0;0;0;2;3;1;10;2;0;0;0;0;0;0;6;0;0;0;2;1;1;0;0;5;4;8;1;0;3;0;0;0;1;4;1;0;8;0;1;1;0;0;2;0;0;0;14;0;0;10;0;0;0;0;761;0;3;0;0;3;8;0;0;0;2;0;15;3;0;1;0;0;2;0;0;0;5;3;7;0;3;0;0;4;0;1;1;6;0;0;0;0;0;8;2;0;6;0;3;0;0;0;2;0;0;0;0;1;0;0;0;0;0;0;0;1;1;0;0;3;0;0;7;0;0;1;0;0;0;1;0;0;0;0;0;0;2;0;0;1;0;0
08425000;0;0;0;4;0;0;0;3;4;2;3;0;1;0;0;0;4;0;0;0;2;2;0;0;1;0;3;11;0;3;0;3;0;1;0;0;0;0;0;0;4;1;0;5;0;0;0;1;1;1;0;0;0;0;0;5;1;0;4;0;2;0;3;1;13;0;0;1;0;0;0;3;0;0;6;0;3;1;0;14;0;0;5;0;1;0;0;0;1;1;6;3;0;0;0;0;0;0;0;0;1;0;0;0;5;0;1;0;2;10;3;7;1;0;1;0;0;0;2;3;3;0;2;0;3;2;4;0;0;1;9;0;1;0;4;1;1;0;2;0;0;0;0;0;0;0;0;6;4;0;2;0;1;0;0;0;2;0;2;0;0;1;1;0;1;0;1;1;0;2;0;0;0;0;0;0;0;0;5;0;0;0;0;0;0;2;0;4;0;19;0;0;0;0;5;0;11;0;0;0;5;0;0;0;0;5;3;7;8;0;20;0;4;0;0;0;0;0;43;1;28;0;0;0;3;0;3;0;0;3;0;0;0;7;2;0;6;5;0;2;0;0;2;0;3;0;3;0;3;0;2;0;8;4;0;2;1;2;0;3;0;5;0;0;1;4;1;0;1;0;0;0;0;1;0;5;0;0;2;5;0;0;0;0;0;0;1;0;5;5;0;0;0;0;3;2;0;0;2;0;3;2;0;1;16;0;0;0;2;0;9;84;113;9;0;0;0;21;2;0;4;4;0;3;23;2;0;0;0;0;0;3;1;0;0;0;1;0;0;0;1;1;0;0;0;2;0;4;3;2;0;0;1;3;2;2;0;6;0;9;6;2;6;0;0;0;0;1;1;0;0;0;0;2;3;7;1;2;10;0;6;0;1;1;0;0;0;1;0;0;4;0;0;0;1;0;0;0;4;2
08426000;0;1;0;0;0;0;1;0;6;0;1;3;0;0;0;20;4;0;0;1;0;1;3;1;0;0;3;0;0;3;1;1;0;5;0;3;0;2;0;0;3;2;0;0;0;0;0;0;0;0;1;0;1;0;1;0;0;0;0;0;0;1;1;5;12;0;0;0;0;5;2;2;3;0;0;0;0;4;0;2;0;0;6;0;3;0;0;0;0;0;10;0;0;0;0;0;0;1;0;3;0;0;3;0;0;0;0;5;2;4;5;0;0;0;0;1;0;0;0;7;0;3;1;1;2;1;0;0;0;4;0;0;0;3;0;0;0;0;0;0;0;0;2;0;4;0;4;1;1;3;2;0;0;1;0;0;0;3;0;0;2;0;11;1;0;1;0;0;0;0;0;2;0;0;0;2;5;1;0;0;0;2;0;0;0;0;6;5;7;0;0;7;0;0;3;0;13;0;0;4;5;0;2;0;3;0;4;2;0;0;8;5;0;0;0;0;0;0;0;0;0;0;0;8;0;2;1;3;0;5;6;0;0;1;2;0;2;3;0;0;0;0;0;0;1;0;0;0;0;0;0;4;3;0;3;0;1;0;0;0;0;0;1;0;4;8;1;0;0;2;0;0;1;0;2;0;3;1;3;0;0;1;2;2;0;0;0;0;0;0;0;0;0;7;0;1;0;0;0;1;0;0;2;0;8;0;12;2;0;0;6;13;50;12;2;0;0;1;0;0;0;1;0;0;9;2;0;2;0;0;1;0;0;2;1;0;0;0;0;3;6;0;0;0;0;0;11;4;2;0;0;1;1;1;9;0;0;6;5;2;3;5;1;1;0;0;0;0;6;0;0;4;0;0;2;2;0;6;6;3;0;0;0;0;0;0;1;3;0;0;0;0;0;1;3;0;0;0;1;0
08435000;2;2;0;0;2;0;0;1;3;0;0;7;0;1;5;17;0;0;0;0;0;0;4;0;0;0;0;0;0;0;0;0;0;2;0;4;3;4;0;0;2;1;0;1;3;3;0;0;2;0;1;3;0;0;0;2;0;0;0;1;2;2;0;0;5;0;7;0;0;0;1;0;0;0;0;0;0;2;0;0;0;0;2;0;3;7;0;0;0;0;6;0;1;0;0;0;2;0;0;5;0;2;2;7;10;0;2;0;5;2;0;7;0;0;6;0;0;1;0;2;2;0;0;0;4;8;0;0;2;3;0;0;0;0;0;0;0;0;6;1;0;0;2;5;0;0;3;0;3;4;1;0;12;0;0;4;0;0;0;0;0;1;0;0;0;0;0;2;0;0;6;0;0;0;5;2;0;0;0;0;0;0;0;0;3;0;0;15;0;0;0;0;0;0;0;0;0;0;0;0;0;1;5;0;0;0;0;0;0;0;109;0;0;0;0;0;0;0;43;0;165;0;0;3;0;0;0;0;0;0;0;8;0;3;0;4;0;0;1;2;2;0;0;0;6;0;0;1;0;0;2;7;0;0;0;4;0;0;0;0;0;0;0;4;3;0;0;3;0;0;2;0;0;0;0;0;0;1;0;0;0;0;11;0;0;3;0;1;4;2;7;0;0;0;0;0;1;2;2;0;0;3;0;0;16;0;0;0;0;0;0;0;0;23;8;0;0;0;0;2;0;5;3;2;0;2;3;1;0;0;0;2;2;4;0;2;0;0;7;0;0;0;0;0;0;11;0;0;0;7;0;6;0;1;7;1;0;0;3;6;0;4;2;0;1;0;0;1;2;0;0;0;0;0;0;0;0;0;0;0;1;2;0;2;0;6;0;0;0;0;0;0;0;0;0;1;2;2;1;1
08436000;0;3;6;0;0;0;1;3;0;1;0;2;4;0;0;28;0;1;1;6;0;9;0;0;0;0;0;4;4;0;0;1;1;2;1;7;0;0;1;3;7;0;0;3;0;0;3;0;0;0;3;0;0;3;1;0;0;3;1;1;0;0;0;0;7;0;0;4;0;3;1;1;3;0;0;3;0;3;0;1;2;3;0;0;0;1;4;3;0;0;0;0;0;0;0;10;6;5;0;0;0;1;4;0;0;1;0;0;4;0;0;0;0;0;5;8;0;7;5;0;3;0;1;0;3;0;0;2;0;0;0;0;2;3;0;0;3;0;0;0;2;5;2;0;0;0;3;0;3;1;0;7;3;0;2;0;0;0;0;1;0;1;8;0;0;0;0;1;1;5;0;0;1;2;2;0;0;0;0;0;0;0;0;0;0;0;0;0;5;0;0;0;0;0;4;0;13;0;0;0;9;0;10;0;0;8;0;0;13;0;11;0;6;0;0;0;21;0;43;0;0;0;7;45;0;3;4;0;0;0;0;2;0;0;9;2;0;0;3;1;0;0;0;5;0;2;1;0;2;0;0;2;0;0;4;0;0;0;2;0;0;6;0;0;0;0;0;4;0;0;0;0;0;0;7;0;1;0;1;3;1;0;0;11;0;10;2;2;0;5;0;0;0;1;0;0;0;0;0;0;3;0;0;2;18;14;0;8;0;18;1;0;14;0;5;0;0;0;3;0;10;0;3;3;28;0;0;0;0;0;0;2;5;2;0;1;1;1;5;0;2;0;0;4;0;4;2;3;1;0;0;0;0;5;0;0;6;0;7;13;1;1;7;0;0;2;0;0;0;0;4;4;2;1;0;0;11;6;2;7;7;5;0;2;0;1;0;0;0;0;3;1;2;0;0;0;1;0;0;2
08437000;1;0;2;0;0;0;4;0;1;0;0;0;3;0;0;0;0;0;0;1;0;0;0;4;0;0;0;0;0;0;0;1;0;0;0;4;0;2;1;1;0;1;0;0;0;0;0;0;0;0;0;3;0;0;0;0;0;10;2;8;0;0;1;0;1;0;1;3;0;1;1;2;12;0;0;0;2;0;1;0;0;1;3;0;0;5;0;0;2;0;4;0;8;0;5;4;0;6;0;1;0;0;2;0;6;3;0;0;0;0;5;0;0;0;2;0;0;11;0;4;0;0;0;0;0;1;0;0;0;0;0;0;0;0;0;1;3;1;0;0;4;5;3;2;0;1;0;0;0;0;2;0;1;0;0;0;2;0;0;1;1;8;6;0;0;0;0;0;3;0;0;1;1;0;4;2;0;3;190;127;323;104;195;147;53;123;53;87;48;7;0;22;3;91;74;0;13;47;98;49;59;111;66;7;45;41;162;113;131;151;205;107;75;191;294;109;64;218;149;65;175;0;0;13;0;0;0;0;1;0;8;0;0;0;3;2;4;0;0;3;0;2;4;2;0;1;1;0;0;1;0;0;2;1;0;2;0;0;0;0;0;1;1;0;0;2;1;3;2;0;0;1;0;5;0;0;0;1;0;1;0;2;1;12;0;1;0;0;0;0;0;0;0;0;4;0;0;1;0;3;0;1;0;3;1;0;8;3;0;2;0;0;0;0;0;4;0;2;0;0;0;3;6;0;10;0;1;0;2;0;3;1;0;0;0;0;1;2;3;0;0;2;4;0;1;0;3;6;3;2;0;0;4;0;0;1;0;4;1;0;0;0;0;0;1;0;7;1;0;0;1;0;1;0;3;0;0;0;0;0;1;0;0;3;0;0;0;0;1;4;0;3;5;0;0;0;0;0;0;0
09161000;0;0;0;0;3;0;0;0;0;0;0;0;3;0;3;0;0;0;0;6;0;0;0;1;0;0;0;0;0;1;0;1;4;1;0;9;0;6;0;0;3;0;2;0;0;0;0;1;1;0;0;1;0;0;0;0;0;0;0;2;0;0;0;8;1;0;0;3;0;0;2;4;0;0;0;0;0;1;8;15;0;0;1;0;0;0;0;0;1;2;0;12;1;0;0;0;0;1;0;3;0;0;7;0;0;7;0;2;0;0;9;0;0;0;3;4;0;13;3;0;1;2;3;2;11;2;0;0;0;3;0;0;0;0;0;5;0;0;0;7;7;3;0;1;1;0;0;1;0;0;0;0;0;0;1;2;0;1;1;0;0;8;1;0;0;0;0;0;3;0;0;0;0;0;0;0;2;0;6;13;6;4;12;0;0;2;0;0;0;3;0;0;2;3;0;0;0;0;0;0;6;6;0;2;0;0;0;0;0;0;7;1;5;11;3;0;0;3;2;8;0;0;0;0;1;42;28;25;23;30;427;97;54;0;5;21;55;43;0;145;0;0;17;17;46;0;0;0;0;0;0;12;4;0;1;7;0;0;12;0;0;3;28;8;5;8;0;5;0;0;0;0;5;0;0;8;6;0;0;7;0;0;6;83;0;2;12;0;0;1;34;0;1;0;0;0;14;4;0;2;2;0;0;0;0;0;0;0;0;0;0;0;0;0;0;0;12;3;0;1;0;0;0;0;59;0;0;0;0;1;1;0;5;0;0;0;4;2;0;0;3;0;1;0;0;0;3;0;0;0;2;0;0;0;0;0;0;3;1;0;0;3;0;0;0;0;0;0;0;0;0;1;0;0;0;0;0;0;2;0;0;1;1;0;0;1;1;1;2;0;0;0;0;4;0;0;1;0;0;0
09162000;9;0;12;10;3;5;10;0;0;28;3;8;0;0;11;36;0;0;0;0;0;5;9;0;0;0;0;1;0;4;0;3;7;1;10;19;1;0;0;7;0;23;0;0;0;3;0;0;6;0;6;0;8;0;7;5;1;0;0;0;0;0;0;0;0;0;0;13;0;6;0;0;20;9;0;0;2;0;0;0;0;0;0;4;0;0;0;0;0;0;33;0;0;3;4;17;13;0;0;10;5;0;9;0;0;0;0;0;15;10;0;0;10;0;0;0;0;0;0;0;5;20;0;0;1;0;0;0;0;0;0;8;9;0;0;0;0;0;6;1;0;0;0;6;1;5;0;1;0;0;0;0;0;0;0;0;0;0;0;0;2;8;0;4;0;2;0;0;0;0;0;0;0;0;13;1;0;4;0;0;0;0;0;0;0;33;1;8;0;0;13;0;0;0;0;0;0;0;0;0;0;0;0;0;10;0;0;0;0;0;0;38;0;0;0;8;0;7;0;0;0;0;1951;0;95;105;162;296;635;953;0;369;572;2530;830;522;294;1002;2760;100;1591;486;883;167;328;87;0;30;62;93;89;139;109;46;89;0;57;0;35;0;0;18;35;15;0;24;5;33;0;0;0;0;20;18;38;34;0;0;25;14;20;0;31;133;0;12;32;17;1;0;24;7;0;0;0;1;0;11;0;0;12;0;121;0;402;54;0;55;290;177;4;39;0;1;99;79;71;26;18;3;1;14;0;0;455;8;8;2;0;21;7;0;22;10;2;6;7;2;10;4;8;0;0;0;0;6;15;0;0;9;0;0;10;0;8;0;0;0;2;17;15;70;11;16;0;0;0;0;1;8;4;0;10;0;18;0;7;0;6;5;0;24;0;0;0;0;3;5;3;6;9;0;0;10;1;0;4;3;3;2
09163000;1;0;0;0;0;0;0;6;1;0;0;3;0;0;0;8;3;0;0;1;1;0;0;2;1;0;0;1;1;0;0;0;0;1;0;0;0;0;0;0;2;0;0;0;0;0;0;0;0;0;1;0;3;4;0;5;1;0;1;0;0;0;1;0;0;12;0;6;0;0;0;0;0;1;0;7;0;0;4;3;1;3;0;4;0;0;0;2;0;0;1;0;0;0;0;0;0;6;0;0;0;0;0;0;5;0;2;3;3;0;0;0;0;5;0;5;0;2;0;3;0;0;0;1;0;3;0;0;0;0;0;0;5;0;0;0;0;3;5;0;0;4;0;0;0;0;0;0;1;0;0;0;0;0;1;0;0;3;0;3;0;1;0;1;0;0;0;0;2;7;0;0;2;0;0;0;0;1;0;1;2;0;0;4;2;5;0;0;0;1;0;1;0;4;0;7;0;0;0;1;1;0;0;0;0;0;4;0;0;0;4;0;1;2;0;0;2;0;0;2;4;2;0;0;0;0;4;0;25;1;3;0;0;0;0;0;0;0;0;1;1;139;8;9;2;7;0;4;0;0;0;2;3;2;5;0;0;0;5;0;1;2;0;0;0;0;0;0;2;3;1;0;0;0;1;2;0;4;0;0;0;0;0;0;0;1;0;0;0;0;0;1;3;0;2;0;4;1;1;0;2;0;0;1;11;2;0;0;0;0;0;2;7;4;5;0;0;2;0;0;0;0;0;0;0;0;0;1;0;2;1;0;2;0;0;2;2;0;4;0;1;2;0;0;1;0;0;0;0;1;0;0;0;1;2;5;0;1;0;1;3;0;4;0;1;0;0;0;0;0;0;0;0;2;3;0;0;1;0;1;0;0;0;0;2;0;0;0;2;0;0;3;0;0;0;0;0;0;0;0
09171000;0;0;0;0;1;0;0;3;2;0;1;1;0;0;0;0;0;0;0;0;1;0;3;0;0;0;0;0;0;0;0;2;0;0;0;0;0;0;0;0;0;5;0;0;0;0;0;0;1;0;2;0;6;0;1;0;4;0;3;0;1;5;0;0;2;0;0;0;0;0;0;0;0;0;0;0;2;3;0;2;0;0;0;0;1;0;0;0;0;0;0;0;5;0;0;2;2;3;1;0;0;0;1;0;0;0;0;0;0;0;0;3;0;0;0;2;0;0;1;0;3;1;0;2;0;3;0;0;0;0;0;2;0;2;0;0;0;1;0;0;0;1;0;0;0;0;0;0;0;0;1;0;0;0;0;0;1;0;0;0;0;0;0;0;0;0;1;0;0;0;0;1;3;0;0;0;1;0;3;1;0;0;3;0;0;0;3;1;0;0;2;0;1;0;0;0;0;4;0;0;0;1;0;0;2;0;0;0;1;0;5;9;0;1;0;0;0;1;0;4;0;0;0;0;8;0;0;0;0;0;0;0;2;0;0;2;0;0;0;0;0;0;0;0;0;7;0;0;0;5;0;0;8;0;99;1;3;1;1;0;2;1;0;1;0;2;0;5;0;0;1;2;0;0;0;1;0;0;0;4;0;2;0;11;0;1;1;0;0;0;0;3;3;0;0;0;0;3;0;0;0;1;0;0;19;0;1;1;0;0;3;0;0;0;2;2;0;0;1;0;0;0;0;2;0;0;0;0;0;0;0;0;1;0;0;0;3;0;0;0;3;0;0;3;0;3;0;0;1;0;0;0;0;1;4;0;1;0;0;0;1;5;0;0;0;1;0;0;2;2;0;0;0;0;0;0;0;6;0;0;0;0;0;0;0;0;0;0;1;0;0;0;0;0;0;1;2;0;5;0
09172000;1;0;0;0;0;1;5;2;0;0;0;1;0;0;0;0;0;0;0;0;0;0;0;4;0;3;0;0;0;0;0;0;0;0;0;1;0;0;0;1;0;0;1;0;2;0;0;1;0;2;1;0;0;0;1;1;0;0;0;6;0;0;0;0;0;0;0;0;0;0;0;0;0;0;0;0;0;0;0;0;3;2;0;0;0;0;0;0;0;0;0;0;3;0;0;0;0;0;0;1;0;1;0;4;0;0;1;0;0;3;1;0;5;0;0;0;0;2;0;0;0;0;0;0;0;0;1;0;4;0;6;1;0;6;0;0;0;0;2;0;0;1;0;0;0;1;4;0;0;1;0;4;0;1;0;0;2;2;0;0;0;0;0;0;0;0;0;3;3;0;0;0;1;0;0;0;0;1;0;0;0;3;0;0;0;0;0;0;0;0;0;0;0;0;1;2;0;0;0;0;0;0;1;1;0;0;0;2;0;5;0;0;1;3;0;0;2;0;0;2;0;2;0;0;0;22;0;0;0;0;0;0;9;0;0;1;0;3;0;5;0;0;0;0;0;2;2;0;0;0;1;0;4;4;26;4;0;0;0;0;0;5;0;0;0;2;0;0;5;5;0;0;0;0;0;0;1;0;0;0;0;0;0;0;0;0;1;3;0;1;3;0;0;0;0;2;0;0;0;0;0;0;0;0;1;0;0;10;4;0;2;5;0;0;6;6;5;0;0;1;0;0;2;1;0;0;0;1;0;0;0;2;0;1;0;1;0;1;0;0;0;0;0;3;0;9;0;0;0;0;0;4;0;0;9;0;0;0;0;0;5;0;0;0;0;2;0;0;3;0;0;3;0;2;2;2;0;0;0;4;0;0;2;0;0;0;0;0;0;0;0;0;0;0;3;0;0;0;0;1
09173000;0;0;0;0;0;3;0;0;0;0;5;0;0;2;0;4;0;1;0;2;2;0;0;0;0;0;2;2;2;0;0;0;0;2;0;0;0;1;0;0;0;0;0;0;2;0;0;8;0;0;0;0;0;1;0;4;0;6;7;2;0;3;0;5;3;0;0;0;6;0;0;0;1;0;0;3;5;0;7;0;1;0;2;0;1;0;0;0;0;0;3;0;1;1;0;0;0;1;1;2;1;4;0;0;2;1;0;0;0;4;3;3;0;1;0;2;0;6;0;0;0;0;0;2;0;0;2;0;0;0;2;0;0;9;1;0;0;2;0;0;0;0;2;6;3;3;6;0;0;2;1;0;1;0;1;1;0;1;0;0;1;1;0;1;1;1;0;0;0;0;0;0;0;1;0;1;0;0;10;0;0;0;0;0;4;7;2;0;0;7;8;4;6;0;0;0;0;8;0;0;2;4;0;0;0;3;0;0;1;0;9;0;0;2;1;1;4;4;0;14;13;3;0;0;14;15;6;0;0;8;3;0;0;0;0;26;38;0;0;20;0;35;0;0;28;3;3;1;8;8;6;3;14;5;13;0;10;0;0;0;0;12;0;2;8;0;2;0;0;6;3;0;4;0;3;3;0;4;1;0;0;1;0;10;0;0;1;0;3;0;2;5;0;3;0;1;0;1;4;3;0;0;2;2;16;5;1;0;9;0;5;11;0;4;17;15;0;0;0;0;0;0;0;0;15;0;1;1;3;0;0;0;0;0;0;1;4;2;0;0;0;4;0;2;1;0;0;2;0;2;4;4;2;0;6;3;5;14;8;2;1;4;0;0;3;2;6;0;1;2;7;1;3;0;0;0;0;3;2;0;0;0;0;0;0;0;4;3;0;1;0;3;1;0;0;0;5;0;0;3
09174000;0;0;3;0;2;1;0;0;3;0;0;5;3;0;0;0;0;0;3;1;1;0;1;0;0;0;0;3;1;0;1;0;0;0;0;0;0;3;1;0;0;7;0;0;0;0;0;0;1;1;0;1;8;2;0;1;1;5;0;0;0;0;4;0;1;2;0;0;0;1;1;6;10;0;2;0;0;0;0;0;0;0;0;0;1;3;0;0;0;0;5;4;1;3;0;0;0;0;5;2;0;1;1;0;0;6;0;0;0;1;0;0;0;2;0;0;5;1;2;2;0;2;1;4;9;0;0;0;4;0;0;6;0;2;1;0;0;3;0;0;0;2;2;2;0;6;0;0;5;0;1;0;2;0;1;0;0;2;0;0;1;0;1;0;0;0;0;0;0;0;0;2;2;0;0;0;0;0;14;0;11;0;10;12;0;0;0;4;0;0;2;4;0;4;0;0;2;0;3;0;3;1;0;2;7;3;0;0;0;0;16;2;9;2;0;0;0;6;7;7;5;0;0;0;0;15;8;6;0;0;0;33;36;0;0;13;6;11;0;48;140;20;0;0;13;7;0;1;12;18;9;10;20;3;33;1;13;1;3;0;4;7;6;4;14;0;8;0;0;0;4;2;4;4;4;2;6;1;3;5;2;0;0;12;5;0;0;2;13;0;6;8;0;0;0;1;0;5;0;2;5;5;0;0;87;2;4;0;108;17;0;9;4;0;20;24;0;11;0;1;0;9;4;1;7;1;0;0;0;6;0;0;4;0;0;0;2;0;3;0;3;1;0;4;0;1;1;5;0;3;0;2;0;7;5;5;1;8;1;9;9;7;0;5;0;0;0;0;6;2;2;0;0;0;15;3;1;0;4;5;0;1;0;0;0;3;1;0;0;0;1;0;0;3;0;0;0;5;3;0
09175000;2;6;1;0;3;5;0;6;0;0;3;2;4;0;0;5;2;0;0;0;0;0;2;0;2;0;0;6;1;2;0;1;0;3;0;2;0;0;0;0;0;7;0;3;0;0;2;0;0;2;1;0;1;1;0;1;3;3;0;0;0;0;4;0;0;0;1;2;3;0;1;0;0;2;2;0;0;1;0;1;0;0;0;0;0;1;7;2;0;0;0;2;0;0;4;5;0;0;1;0;0;1;0;3;5;1;0;3;0;0;0;1;4;0;0;5;1;0;10;0;2;0;3;6;0;0;2;0;3;0;1;0;0;0;5;1;1;1;2;0;0;0;1;0;0;0;0;4;3;3;2;4;0;0;4;3;0;0;1;0;0;3;0;7;6;2;1;0;2;0;3;0;1;2;0;3;2;0;0;0;0;0;0;0;0;2;0;4;1;5;8;0;0;3;0;0;7;6;0;0;1;0;3;1;4;1;0;13;0;6;2;0;0;4;4;0;4;0;0;0;2;2;0;0;0;33;10;0;12;0;11;211;0;0;0;0;0;88;0;0;0;136;5;40;10;12;1;0;6;30;16;76;23;9;25;11;22;0;8;5;1;8;11;0;14;7;6;2;5;1;0;2;2;10;1;0;0;2;0;0;0;0;0;0;2;3;4;4;0;5;3;0;0;1;0;0;3;1;1;4;0;0;0;9;15;7;6;3;10;30;0;0;8;3;13;19;9;0;5;3;0;2;3;0;0;0;2;1;1;2;0;1;0;3;0;2;3;1;6;0;0;3;0;0;0;3;5;2;2;4;1;10;3;1;4;2;4;6;14;1;7;4;0;0;1;9;1;0;0;0;0;0;0;2;12;2;0;1;0;0;0;3;1;0;1;2;6;5;0;3;0;0;0;2;0;1;0;2;6;0
09176000;3;0;2;0;0;0;2;2;1;0;0;4;5;0;0;6;3;0;4;10;3;0;1;0;0;0;0;1;0;3;0;2;0;1;3;0;0;1;0;3;1;0;0;0;0;0;0;0;0;0;0;0;0;6;1;0;3;0;1;3;0;0;0;6;3;1;0;3;0;0;0;0;3;1;0;2;0;0;0;2;0;0;0;0;0;0;0;0;8;0;0;1;0;0;14;1;0;0;0;0;0;0;0;6;1;0;1;2;0;6;0;8;0;0;0;0;0;0;2;2;0;2;0;0;2;0;2;0;5;5;4;1;0;0;0;3;0;0;0;0;0;0;1;1;1;0;0;0;2;0;0;0;0;1;0;1;0;0;0;0;0;1;0;0;3;0;1;0;0;0;0;0;0;1;0;0;0;0;9;0;0;2;0;9;0;2;0;2;0;0;6;0;0;3;1;3;1;0;1;0;0;0;1;1;0;4;0;0;0;0;0;1;1;4;0;5;4;1;0;1;4;0;0;47;0;0;8;0;6;0;0;0;0;0;0;0;0;0;5;41;0;0;0;0;0;3;7;0;0;4;34;0;8;0;0;0;0;0;28;0;7;7;34;0;9;3;5;1;5;2;0;0;1;1;3;0;3;0;0;0;5;0;7;55;0;0;9;0;4;0;4;27;0;1;9;5;0;2;0;5;4;0;0;9;18;1;0;0;0;0;0;4;0;0;0;0;0;0;0;0;4;0;4;0;22;0;4;0;0;0;0;0;0;0;1;0;0;1;0;0;3;0;1;0;0;3;0;0;0;2;0;3;1;0;0;0;0;0;10;0;1;0;0;5;1;3;4;0;0;2;1;1;0;0;7;0;3;0;0;3;0;0;0;0;0;1;3;0;0;0;0;0;4;0;0;0;0;0;0;0
09177000;2;2;7;0;2;0;0;1;4;2;2;2;0;0;0;0;0;5;0;0;0;0;1;0;0;0;0;0;2;0;0;1;5;5;1;0;0;1;0;0;4;5;0;2;0;0;0;0;4;0;4;1;1;2;0;0;0;0;3;1;1;0;0;4;2;0;0;2;1;0;0;1;1;1;0;0;3;0;0;6;0;0;0;3;1;1;2;3;0;0;0;1;3;0;0;1;3;2;3;0;0;1;0;1;0;6;0;2;0;0;2;2;0;1;4;1;0;6;0;9;5;1;1;2;1;0;0;0;1;1;2;1;1;0;0;0;2;0;0;3;0;1;5;0;0;0;1;0;1;0;0;1;0;0;0;0;1;2;0;0;0;0;0;0;0;0;0;0;1;0;0;1;0;0;1;0;0;0;7;11;0;0;0;0;2;4;0;3;1;8;2;0;0;9;0;0;0;2;7;0;0;1;0;0;6;0;4;0;0;4;5;0;5;0;3;0;0;4;6;0;0;4;0;0;6;23;3;11;0;0;0;0;0;0;0;0;0;109;0;0;0;33;0;21;16;37;0;6;3;14;6;160;14;14;23;20;25;2;17;0;0;12;11;0;5;2;10;0;2;5;7;3;4;0;8;0;0;1;2;5;8;1;3;3;0;0;0;2;1;0;5;3;0;2;0;6;0;0;0;3;10;7;0;0;0;0;0;2;5;9;0;0;13;2;1;11;3;0;0;0;0;6;0;0;19;0;0;0;0;3;0;0;0;0;3;3;2;0;0;0;3;5;0;0;0;0;4;0;3;1;0;0;6;13;0;0;2;9;6;1;0;12;1;3;2;4;2;0;5;1;9;0;0;7;0;5;0;2;0;1;0;0;0;0;1;0;0;0;2;0;1;1;5;1;0;6;3;5;0;1
09178000;5;3;4;0;0;0;3;0;0;2;2;0;2;0;0;3;4;0;0;0;0;1;1;0;1;0;10;0;0;0;1;6;0;0;0;1;0;0;0;3;1;0;0;2;0;0;0;6;2;3;0;0;3;1;0;1;0;2;0;0;0;2;0;0;0;0;4;3;3;1;0;0;3;1;0;1;0;3;8;4;1;0;8;0;0;0;0;0;0;0;0;1;3;3;3;9;0;0;0;0;3;0;0;0;0;0;0;0;8;7;1;3;0;0;0;0;0;1;0;6;3;0;6;0;0;0;0;5;2;4;0;0;2;0;3;5;2;0;0;0;1;4;0;0;0;0;1;0;0;1;2;0;2;3;2;0;0;0;0;1;0;0;0;0;0;1;2;0;4;0;0;1;0;0;5;0;0;1;0;21;0;0;4;0;0;0;0;2;0;7;6;4;0;0;0;0;9;0;4;0;0;0;3;0;0;8;6;0;0;0;1;9;8;0;0;2;3;4;4;3;10;7;0;0;11;0;0;6;0;10;13;66;0;0;0;0;22;0;0;12;57;8;1;12;26;143;0;3;11;22;82;86;36;12;9;22;50;0;22;0;2;23;6;0;19;17;4;4;0;0;0;0;11;4;7;10;0;0;3;0;3;0;9;3;0;0;0;0;3;10;6;0;2;0;4;1;0;0;6;0;0;0;0;6;21;0;0;0;24;6;0;17;2;10;14;9;6;13;1;0;0;0;0;1;0;0;0;0;0;1;2;0;0;5;0;1;2;0;7;1;1;2;1;0;3;6;0;0;0;0;0;3;14;2;9;0;9;0;9;3;0;9;2;7;1;0;0;2;5;0;0;2;1;0;7;8;0;0;7;3;0;0;2;1;2;4;2;0;0;0;3;1;0;0;1;0;0;7;0;2
09179000;2;0;3;3;3;11;0;11;0;0;3;0;3;0;0;10;5;0;0;2;2;0;0;3;0;9;4;7;1;0;2;0;0;4;2;0;3;2;6;1;1;1;3;2;0;0;0;0;3;1;0;1;0;2;0;10;1;0;0;0;0;0;1;5;0;0;0;0;0;1;0;1;2;0;0;0;2;0;0;1;0;0;0;0;5;0;0;0;5;0;18;0;0;1;1;0;0;0;9;0;6;1;1;1;6;0;0;0;0;0;0;0;0;0;3;7;0;0;0;0;9;0;1;1;0;0;0;10;0;4;0;2;2;5;4;4;11;3;0;0;2;0;0;2;5;1;0;0;0;1;0;3;0;4;3;2;1;5;3;0;0;0;2;1;0;1;1;0;3;4;2;0;5;0;2;1;0;1;0;0;0;7;2;0;3;3;0;0;3;0;1;0;0;0;2;0;0;0;4;0;0;0;0;1;0;0;5;0;4;5;2;15;1;2;4;0;9;0;0;0;18;4;11;0;35;59;16;79;153;21;69;176;122;0;0;186;109;154;0;77;67;119;0;79;104;19;7;0;14;18;18;26;39;13;29;8;16;0;0;10;3;35;7;0;5;12;1;0;0;3;3;1;2;5;0;11;2;3;1;1;0;1;8;0;3;0;0;6;4;6;3;7;2;2;4;0;10;0;0;0;3;0;0;6;93;14;0;4;82;85;10;23;4;4;41;35;5;21;6;0;1;0;0;3;4;0;0;3;4;2;0;5;1;1;6;0;3;0;0;1;0;9;3;15;10;0;2;5;1;8;5;24;3;3;0;6;0;3;15;7;0;7;5;0;0;7;3;0;3;5;0;3;0;11;6;3;0;2;4;5;1;3;0;5;0;4;0;0;1;2;3;6;0;0;2;5;0;0;3;4
09180000;0;2;2;0;0;0;0;3;5;0;0;6;0;2;2;0;1;0;0;1;6;0;3;0;0;0;1;1;0;0;3;4;0;8;0;1;0;5;0;2;1;0;2;1;0;0;1;0;6;0;0;0;0;0;2;0;1;0;0;2;0;5;7;0;2;11;3;3;0;1;2;1;0;0;0;0;0;1;0;0;0;0;0;0;1;0;0;0;3;1;0;0;3;1;6;0;0;0;2;0;0;1;0;4;0;3;0;1;0;0;1;2;0;2;4;3;4;3;0;0;0;3;1;0;0;6;0;0;0;5;0;0;2;0;1;0;6;0;0;0;1;0;0;0;1;0;0;0;0;0;0;0;0;4;2;1;1;0;1;0;0;1;0;0;0;0;0;0;0;3;1;0;1;0;4;3;0;0;0;0;0;1;0;0;0;0;0;0;2;0;2;1;0;0;0;0;0;1;0;1;0;0;3;3;1;4;1;3;0;0;0;0;4;0;0;3;0;0;0;0;0;0;0;0;13;21;29;2;16;11;12;28;28;42;0;36;0;8;0;16;0;79;0;72;137;0;3;1;0;8;7;0;16;4;9;0;2;0;8;0;2;0;0;3;0;0;4;0;3;0;5;0;0;0;0;0;2;0;0;0;4;16;0;2;0;0;0;3;15;1;1;1;2;0;0;1;2;9;0;1;0;0;0;0;15;0;5;2;2;1;8;5;0;0;0;9;0;0;0;0;1;0;0;4;0;0;0;0;0;2;0;0;2;0;0;2;4;0;0;0;4;0;0;0;0;3;0;3;2;0;1;7;9;5;0;0;3;0;1;0;2;2;2;0;5;5;6;0;3;1;1;0;0;2;5;0;0;0;0;4;0;0;0;0;0;0;0;0;1;0;1;1;5;0;5;0;1;1;2;1
09181000;0;3;0;0;10;4;0;0;1;2;5;1;0;0;0;0;0;0;0;0;0;0;2;0;0;5;0;0;3;1;4;0;2;0;4;0;0;1;2;0;2;7;1;0;1;2;6;0;0;2;0;0;6;1;0;2;0;0;2;0;0;0;2;0;1;0;2;0;0;0;0;0;1;0;0;4;1;0;3;3;0;0;3;1;2;1;6;0;0;0;1;4;0;2;0;0;0;0;0;0;0;0;0;0;0;0;2;0;0;0;0;0;0;0;0;5;0;0;2;5;2;1;0;0;0;0;2;0;0;0;2;2;0;1;0;0;0;0;0;1;5;1;0;1;0;0;0;0;0;0;1;5;4;0;1;2;0;0;0;1;1;0;0;0;0;1;0;0;0;0;0;1;1;0;3;1;0;0;0;0;0;0;0;0;0;0;1;3;0;0;0;0;0;0;6;3;0;7;7;0;0;0;0;2;5;0;3;0;0;0;8;0;0;0;4;1;0;10;3;0;0;0;0;0;0;0;0;0;0;1;8;6;11;0;0;0;0;0;0;4;0;4;0;4;59;0;3;0;9;10;5;0;0;4;2;2;8;10;0;0;1;4;0;0;1;0;0;0;0;0;0;0;4;0;2;7;0;0;1;2;4;0;1;0;0;1;4;1;4;0;0;2;5;0;1;2;0;0;0;6;0;1;0;2;35;10;4;1;0;57;0;0;0;8;102;42;10;0;1;0;4;8;0;0;0;0;1;0;2;0;0;3;0;4;0;0;0;0;0;2;0;0;0;0;2;2;0;0;5;3;1;6;0;4;1;1;4;0;6;3;1;0;1;3;2;0;2;0;1;1;1;1;5;0;1;0;0;5;2;5;0;0;2;0;1;2;0;0;1;3;0;3;0;0;0;5;0;0;3;0
09182000;0;0;0;1;0;0;9;0;2;0;1;3;0;1;0;0;0;0;1;0;1;0;0;0;1;2;0;1;0;0;1;0;0;0;1;2;2;2;2;0;1;0;0;0;0;0;0;0;2;3;0;0;0;0;0;0;0;0;0;1;0;2;0;0;6;5;0;3;0;0;0;0;2;0;0;1;0;0;0;3;0;0;6;6;1;1;0;0;1;0;6;5;7;0;7;0;0;2;1;0;0;2;0;1;5;1;0;0;0;2;7;0;0;0;0;1;0;0;0;0;0;0;0;0;1;0;0;0;2;0;0;1;0;5;0;0;3;1;0;2;0;0;0;0;2;0;0;2;1;5;1;0;0;0;0;0;0;0;1;0;1;0;0;2;0;0;0;0;2;0;0;0;0;2;0;0;0;0;0;0;0;0;0;1;2;0;2;0;0;0;0;0;6;3;0;4;0;0;10;0;0;0;0;0;2;2;1;3;0;3;4;11;0;1;0;2;0;0;0;1;6;0;0;0;18;21;22;0;0;9;4;0;0;0;13;2;0;22;0;4;0;98;8;33;0;3;4;0;0;7;8;13;8;9;13;3;6;0;0;0;0;3;0;0;5;0;0;3;3;1;3;0;0;1;1;5;0;5;0;1;0;0;4;0;0;0;0;0;0;6;0;11;0;0;0;0;1;5;7;0;0;4;0;2;2;0;7;0;1;0;0;4;0;4;10;0;2;3;1;1;0;0;0;0;3;3;0;0;0;0;4;0;0;0;0;1;0;1;0;3;1;0;0;0;0;0;0;3;1;0;4;3;1;3;9;1;17;0;0;4;2;4;11;0;0;0;2;0;1;0;2;1;1;0;0;4;1;3;0;0;0;0;1;0;1;2;0;4;0;0;1;5;0;1;0;0;3;4;1;0
09183000;0;0;6;0;0;4;2;0;0;1;0;0;1;3;0;19;5;0;0;0;0;0;0;0;3;0;10;0;2;0;0;2;0;2;2;3;0;1;0;0;0;3;0;0;0;0;0;0;2;0;8;2;4;0;0;0;0;5;1;0;0;0;0;0;0;5;5;0;0;3;1;0;4;0;0;11;1;0;2;2;0;0;2;0;2;0;0;0;0;0;1;0;1;0;1;2;0;1;0;0;0;0;1;0;0;0;3;0;1;0;2;9;0;0;0;0;1;0;3;0;0;1;5;0;2;0;1;0;0;2;0;0;0;1;0;0;0;1;3;0;0;1;5;5;1;4;0;0;0;0;4;0;0;0;3;0;0;0;0;3;0;0;1;0;0;0;1;0;0;0;0;0;0;0;1;0;0;0;0;0;8;4;0;0;0;0;0;5;0;1;7;0;0;0;0;0;0;0;1;3;7;0;1;0;0;5;5;0;2;0;0;1;3;7;0;0;0;0;0;4;3;1;0;0;42;160;0;52;0;0;38;0;17;0;0;65;0;0;0;14;0;0;20;67;91;7;0;7;0;10;5;0;31;10;98;12;1;0;1;0;5;3;0;2;2;0;0;0;4;0;0;0;1;2;4;7;2;0;0;1;0;0;0;18;2;4;0;3;0;0;2;1;2;0;3;0;0;5;1;0;0;0;0;6;0;0;0;0;0;0;7;4;0;0;0;4;1;0;0;0;1;0;0;0;17;0;0;0;0;1;0;0;0;0;0;0;0;0;0;0;2;0;0;0;1;0;3;1;1;0;0;0;3;0;2;0;0;4;0;7;2;0;0;2;1;0;0;0;0;0;0;0;0;1;5;0;1;0;0;1;0;0;0;0;0;0;0;2;0;0;0;0;1;0;0;3;1;0;0;4
09184000;0;0;0;0;11;4;0;7;9;1;14;0;1;9;3;9;0;0;0;1;0;1;6;0;0;0;0;1;0;5;0;0;3;0;13;3;0;0;1;1;12;4;3;4;0;0;10;0;6;10;0;1;0;0;5;8;2;2;1;0;3;0;0;0;5;0;0;0;1;0;0;4;6;0;0;0;0;0;0;0;0;0;0;0;0;0;0;2;6;0;1;0;0;2;8;0;0;0;0;0;0;0;7;0;0;0;1;12;2;1;0;0;0;0;0;2;0;0;0;0;0;2;0;0;0;0;1;0;2;0;1;2;0;4;4;0;4;0;8;0;1;3;0;5;0;6;0;4;0;0;0;2;1;5;0;0;3;2;1;0;3;0;15;7;0;0;0;0;0;5;0;3;0;0;5;0;3;0;0;0;0;0;0;2;0;0;0;2;0;8;12;0;0;0;0;10;3;0;0;8;2;0;0;6;3;3;0;5;0;0;2;0;0;6;10;0;2;8;12;0;0;7;17;0;26;23;5;32;139;278;0;254;338;67;26;76;55;86;0;13;50;156;189;81;43;38;21;14;21;20;31;52;18;11;63;14;41;2;1;8;7;26;20;7;14;32;3;0;0;1;0;13;3;0;9;6;0;0;0;2;1;0;0;58;1;9;5;7;8;8;12;13;0;0;10;0;0;11;0;4;5;1;6;15;38;7;0;7;49;50;6;17;0;1;44;42;32;0;0;2;4;2;1;0;30;0;5;3;2;7;15;2;5;0;3;9;6;2;4;0;7;10;2;0;0;6;0;0;0;14;0;0;10;22;12;4;0;12;16;15;10;20;9;0;0;3;0;6;6;2;2;2;10;0;3;0;0;0;0;0;0;3;5;3;0;3;3;1;0;1;0;3;0;1;0;2;0;9;0;0
09185000;1;1;2;0;2;0;0;0;3;0;0;0;0;1;0;10;0;0;1;0;0;2;1;0;1;0;0;0;3;1;3;0;7;3;0;0;1;0;0;0;0;0;0;2;0;0;2;0;0;0;0;0;3;0;3;0;0;0;0;3;0;6;4;0;0;15;0;0;0;0;2;0;1;0;4;4;0;1;1;5;1;0;0;1;0;2;0;3;0;0;7;0;0;0;8;0;0;0;0;0;2;11;1;6;0;0;0;0;0;0;0;2;0;0;0;1;2;4;3;1;0;0;0;0;2;0;0;3;0;2;0;0;1;7;1;3;0;0;0;1;0;3;0;0;0;1;0;0;5;3;0;0;0;0;0;0;0;1;0;0;0;0;0;0;8;0;0;0;0;0;0;0;2;0;2;0;0;0;0;0;0;0;1;0;0;4;0;0;0;1;2;0;2;5;2;2;7;0;8;1;0;0;0;0;4;1;0;0;0;0;2;2;0;1;3;1;0;0;3;0;0;0;0;0;0;0;0;0;0;2;0;1;0;0;0;0;0;0;0;0;0;3;0;0;5;1;0;2;0;5;30;1;0;2;0;0;4;2;27;9;7;0;0;1;0;5;0;1;0;4;0;8;0;4;0;1;4;2;1;2;0;9;0;0;0;0;2;2;0;0;10;0;0;0;8;0;0;0;0;0;0;0;1;0;26;6;0;0;0;23;17;0;0;7;2;1;0;5;7;0;0;5;0;0;4;1;0;0;1;0;0;0;1;0;2;0;0;0;0;0;1;0;2;0;0;4;0;0;2;1;0;0;3;0;4;1;4;3;1;0;3;0;3;1;0;1;0;0;8;0;0;0;0;5;2;0;0;0;0;0;0;1;1;0;0;1;0;0;0;0;0;2;1;0;0;1;0;2;4;2
09186000;0;5;1;1;0;2;1;0;0;0;0;0;0;1;2;14;3;0;0;5;0;5;0;2;2;0;8;6;0;0;0;0;0;1;0;8;0;0;3;0;0;0;0;1;0;0;0;0;10;3;0;4;3;1;0;0;2;0;4;3;1;16;1;1;0;2;0;0;1;1;0;0;0;0;1;3;1;0;6;6;0;0;4;0;2;0;1;0;9;0;1;1;0;2;8;0;0;1;0;0;9;0;0;3;0;0;0;0;1;0;0;1;0;9;9;0;0;1;6;0;0;0;3;3;2;6;0;18;0;0;4;0;4;8;0;1;0;2;1;2;1;0;0;2;0;0;0;0;0;0;0;0;0;1;1;0;0;0;0;0;2;0;1;1;0;1;0;0;0;0;0;2;0;1;0;1;1;0;12;5;4;6;1;2;0;0;1;0;7;2;0;0;0;2;0;3;0;1;1;0;0;0;0;0;11;0;1;2;3;1;3;7;3;4;0;0;0;2;0;0;2;2;175;0;0;68;37;80;0;48;131;40;0;0;42;94;36;56;0;155;0;180;28;66;23;3;8;2;2;4;50;6;30;0;3;7;15;1;21;0;0;6;0;0;7;7;2;13;35;0;14;7;5;7;0;9;2;0;5;13;1;9;1;0;3;5;0;3;4;3;26;15;2;2;5;2;0;0;0;12;0;3;19;1;25;7;5;0;0;2;9;1;13;0;6;4;15;0;0;0;0;0;0;1;34;0;0;0;0;0;0;1;3;0;0;1;3;2;4;0;0;0;1;1;3;0;6;0;0;3;11;6;0;0;7;3;9;0;2;3;0;3;2;0;0;12;2;0;5;0;0;0;3;3;0;0;0;0;3;0;1;0;1;0;0;0;0;0;0;3;0;1;2;4;3;3;0;2;1;0
09187000;0;4;0;0;4;2;0;2;7;2;1;9;1;0;0;2;0;0;0;6;3;1;1;3;5;0;3;0;0;0;0;8;3;0;0;1;4;0;3;0;3;0;0;3;0;0;0;2;0;0;0;0;6;3;0;6;0;0;4;0;0;2;1;9;12;3;0;3;0;0;1;0;0;0;0;0;0;0;0;4;0;0;0;0;0;9;0;0;0;0;6;0;3;4;0;0;0;0;0;0;0;2;2;0;0;0;0;0;0;0;0;0;0;0;0;0;0;9;0;0;0;0;0;4;0;0;1;2;0;7;0;3;1;5;0;0;0;0;2;0;0;10;0;0;0;0;1;0;3;3;0;8;3;0;0;1;2;0;1;3;0;3;4;0;1;0;0;0;0;0;0;0;1;0;0;0;0;3;0;0;6;0;0;0;0;3;1;0;0;1;0;0;0;0;1;9;5;0;0;4;0;0;3;0;8;0;0;1;1;3;9;0;0;0;0;0;9;7;4;8;7;0;2;0;0;13;54;0;0;0;2;0;0;0;0;0;0;23;0;0;0;0;0;111;0;0;0;0;0;18;0;0;31;2;14;30;4;1;5;2;13;1;4;0;1;0;2;0;0;0;6;0;3;3;0;1;1;0;0;4;4;0;1;10;0;1;0;0;0;4;0;0;0;2;2;0;3;0;0;0;0;0;0;0;9;1;2;0;0;0;0;1;0;0;0;0;0;2;1;2;4;1;1;0;0;0;3;0;0;0;0;2;0;0;0;0;0;0;2;0;1;0;1;0;5;2;1;6;1;0;0;0;2;4;7;8;0;5;13;0;0;4;0;4;3;0;0;5;0;0;4;2;1;1;5;6;0;0;0;0;0;0;3;0;0;5;5;0;1;6;1;0;1;0;0;0;0;1;3;0
09188000;1;3;0;0;6;0;0;0;1;10;4;5;5;4;0;1;0;0;0;3;3;0;0;1;0;0;5;0;0;0;0;0;0;1;5;0;0;0;2;0;0;0;0;0;3;0;0;0;1;0;0;0;0;1;0;0;0;0;0;1;0;0;0;5;0;0;0;4;0;0;0;7;0;0;8;0;0;1;6;4;0;0;0;0;0;0;0;0;0;0;0;0;0;0;10;0;2;0;0;1;0;0;1;0;12;0;0;0;1;0;4;3;0;2;0;1;0;0;3;3;0;0;0;0;3;0;0;0;0;0;2;0;6;2;3;0;0;2;0;0;0;4;0;0;1;0;0;0;0;1;2;1;1;0;0;0;0;2;1;0;3;4;0;1;0;0;0;0;1;0;1;0;0;6;4;0;0;0;0;11;1;0;0;0;5;8;2;0;0;5;7;0;5;3;0;0;3;3;2;9;0;4;0;16;4;5;1;2;0;0;5;0;0;3;0;3;0;0;3;6;2;0;0;0;0;13;3;45;21;0;4;29;0;102;8;65;0;0;0;3;0;22;0;20;96;7;8;7;0;5;6;9;25;7;3;0;24;0;0;4;2;4;3;0;3;5;2;3;8;4;4;0;4;1;4;3;0;1;0;2;1;0;0;14;0;6;2;7;2;0;0;0;2;0;0;4;2;1;9;0;0;3;0;0;32;13;8;0;4;8;7;16;0;9;17;46;25;2;0;0;5;0;0;1;8;0;0;1;1;3;3;3;5;0;5;7;0;0;0;1;3;0;1;2;1;2;0;3;0;0;0;0;5;6;0;1;0;0;4;2;0;13;4;0;0;0;0;0;0;1;3;9;1;0;0;0;2;1;2;0;6;1;0;3;0;0;1;0;1;3;0;0;0;1;0;0;4;1;3;0
09189000;4;0;3;0;4;10;2;0;0;4;2;2;0;0;2;0;0;2;0;0;0;0;0;0;2;0;0;0;0;0;0;0;0;1;4;0;0;1;0;0;1;2;0;0;0;0;0;3;0;0;0;0;0;0;4;0;1;0;0;0;2;14;1;0;5;2;0;0;0;0;0;2;0;0;0;0;0;4;0;1;0;6;0;0;0;0;0;1;0;0;7;0;2;0;0;0;0;1;1;0;0;0;2;3;3;0;0;4;0;0;3;0;0;0;0;0;0;3;1;0;0;0;0;0;0;0;1;0;2;0;2;0;0;0;0;0;0;9;0;5;1;0;0;0;0;0;0;0;0;0;0;2;4;1;0;0;0;4;0;0;0;1;4;0;0;0;2;0;0;0;0;0;0;0;3;6;0;0;0;0;0;2;6;0;5;0;4;0;0;0;8;0;16;3;2;2;11;0;0;2;0;0;0;0;0;1;4;0;0;1;4;5;0;0;1;0;0;1;3;2;0;0;0;0;0;171;64;7;0;0;1;0;0;0;0;0;0;0;0;2;0;0;0;0;0;0;0;0;0;16;0;3;9;0;6;1;11;1;9;0;0;0;0;0;0;1;1;0;0;0;5;0;0;1;2;0;0;1;0;0;0;0;0;5;0;6;3;0;0;8;0;0;1;2;0;3;5;0;0;0;0;6;0;0;24;0;0;2;0;0;0;0;0;0;2;1;0;0;0;0;0;0;0;0;0;1;6;0;0;0;0;2;0;0;0;6;0;1;2;0;0;0;4;0;0;0;1;0;0;2;0;1;6;5;0;0;0;6;0;0;1;5;0;2;3;0;2;0;4;0;0;4;0;1;0;0;0;2;0;2;0;0;2;1;0;3;1;0;0;0;0;1;3;0;0;0;2;5;0;0
09190000;2;0;2;5;1;0;6;0;0;0;6;10;0;5;4;9;0;0;2;1;0;0;2;0;0;0;1;0;2;0;0;0;1;0;1;1;0;2;0;1;5;0;5;0;1;0;0;0;1;3;0;1;0;1;1;7;0;7;0;3;0;2;1;0;0;2;5;0;0;0;0;1;0;0;0;0;1;0;0;0;0;0;1;0;3;0;4;4;0;0;1;0;0;0;3;0;0;5;0;4;0;2;0;0;1;0;1;0;1;0;0;0;1;0;4;0;6;0;1;4;5;0;1;2;0;1;2;0;0;5;0;0;1;4;8;1;0;0;0;0;3;0;0;0;0;0;3;0;6;0;0;0;3;0;3;0;3;0;0;0;1;0;4;0;0;1;0;0;0;4;0;2;2;0;1;1;1;0;1;0;0;0;0;0;0;0;0;0;0;0;0;1;1;0;0;0;9;1;0;0;0;0;0;0;0;0;0;0;1;2;5;11;0;0;6;1;2;0;0;0;10;8;0;0;0;3;1;0;0;0;4;0;0;0;0;0;12;0;0;0;0;13;0;6;0;1;6;3;9;0;5;0;8;3;0;0;0;0;7;0;1;7;10;13;6;0;4;8;0;2;0;0;0;1;0;5;1;0;0;2;2;0;0;0;1;0;0;0;4;0;2;0;0;2;1;1;2;3;3;0;0;7;3;0;27;12;6;1;0;0;0;0;0;0;0;0;7;0;0;2;1;3;1;0;0;0;0;0;0;1;0;0;1;8;0;0;4;0;2;0;0;5;0;1;0;2;2;2;3;0;0;0;3;0;8;10;6;7;1;2;2;0;2;3;1;0;0;0;2;0;7;1;0;6;4;0;0;0;5;5;0;1;0;2;1;2;3;1;0;1;0;1;6;0;0;1;0;0;0;0
09261000;3;0;1;4;1;1;5;0;2;0;0;5;1;2;1;0;1;0;0;0;0;2;0;0;0;0;0;4;0;5;0;0;0;5;1;3;3;1;0;0;1;3;0;0;0;0;0;2;1;0;2;0;2;0;9;0;1;4;0;0;0;0;1;0;0;0;0;0;0;0;0;0;2;6;4;4;1;0;0;3;0;0;1;1;0;0;4;0;0;0;5;0;2;0;0;0;0;1;0;1;1;0;2;1;2;0;3;0;0;0;0;1;0;0;1;1;1;0;3;5;2;0;4;0;1;1;0;1;0;0;0;0;0;0;0;0;7;0;0;0;0;4;6;0;1;1;0;0;0;2;0;0;0;0;2;0;0;0;0;0;0;2;7;0;0;2;0;0;2;0;0;1;1;0;2;4;0;1;0;0;0;0;0;0;0;2;0;4;0;0;0;0;3;0;0;0;0;0;0;0;0;0;1;2;3;0;0;2;4;0;0;3;0;3;1;0;0;1;6;4;0;0;3;0;0;0;0;0;0;0;0;0;0;0;3;4;0;0;0;0;0;18;0;2;0;0;0;0;0;0;0;164;0;0;0;20;16;0;1;2;1;0;1;0;11;5;0;17;0;0;0;10;4;0;5;0;1;1;0;0;7;2;0;0;0;0;0;0;0;0;0;0;2;0;0;5;0;3;0;4;0;0;0;3;16;0;0;0;0;0;0;0;1;0;0;4;3;1;0;1;0;0;0;0;18;0;0;0;0;0;1;0;0;0;0;0;0;1;0;0;3;1;5;0;0;0;0;0;0;1;0;0;0;1;2;0;2;0;9;0;0;6;0;0;0;5;0;0;0;2;0;0;0;0;0;1;0;1;0;0;0;0;0;0;1;0;0;1;0;0;0;0;0;1;0;0;0;2;0;5
09262000;0;3;2;0;0;0;0;0;1;2;2;0;0;0;0;32;3;0;0;0;0;0;1;0;0;0;5;0;0;1;0;0;0;0;0;2;0;0;0;0;0;0;0;0;0;0;0;3;0;0;0;2;0;0;0;0;0;0;0;0;1;0;0;11;0;5;0;0;0;0;0;1;0;1;6;3;1;0;6;18;2;2;0;1;0;0;1;1;6;0;5;3;0;0;0;2;0;2;0;0;0;0;0;4;0;0;2;2;0;2;0;1;0;2;2;1;0;5;0;7;1;2;0;1;0;0;0;1;0;0;0;1;1;4;0;3;0;0;0;0;0;0;0;0;3;1;0;1;2;5;1;1;1;0;1;0;0;0;0;3;0;0;2;0;0;1;1;0;1;0;0;0;0;0;0;1;0;1;5;0;0;0;9;0;0;0;1;1;0;0;1;1;4;1;2;10;0;3;0;1;4;0;0;2;0;2;0;0;0;3;0;14;0;1;0;0;0;0;1;0;0;0;2;46;0;11;0;0;4;0;0;1;7;0;0;0;0;4;0;1;0;12;0;12;0;9;0;5;0;0;0;10;31;2;0;0;0;0;7;3;5;2;0;2;3;0;0;5;3;0;0;2;0;0;1;3;1;1;0;0;0;7;3;22;1;4;0;1;1;0;2;0;3;4;4;0;0;0;0;2;0;1;0;1;3;0;3;1;0;3;0;0;0;0;0;0;0;0;2;0;1;1;0;1;13;0;0;1;0;1;0;0;0;0;3;0;0;1;0;0;0;1;0;3;1;0;0;3;0;0;0;0;0;0;1;0;0;2;1;0;2;0;0;0;0;1;2;0;0;1;0;0;0;0;0;0;0;0;0;0;0;0;0;0;0;0;0;0;0;0;1;0;0;0;0;1;0;1;1;0
09263000;0;0;0;0;0;0;0;0;0;2;0;0;0;0;0;2;0;0;0;0;0;0;0;0;0;0;3;1;0;0;0;0;0;4;0;3;0;0;1;0;0;0;0;0;0;0;0;2;0;0;0;0;0;0;0;0;0;0;0;0;0;0;0;4;0;0;1;0;2;4;0;1;0;0;3;0;1;0;0;0;0;0;0;0;0;1;0;0;2;0;1;1;1;1;1;1;0;0;1;1;0;1;0;0;0;6;0;0;0;0;0;0;0;4;0;0;0;2;0;0;0;0;1;0;5;0;0;0;0;0;1;0;0;0;0;4;1;0;0;0;0;0;0;0;0;1;0;0;0;1;0;0;0;1;0;0;1;0;0;0;0;1;0;0;0;0;0;0;0;0;0;0;0;0;4;0;0;0;0;0;1;0;0;0;0;2;0;0;4;1;0;0;0;0;1;0;0;1;0;1;0;2;0;4;0;1;0;0;0;0;0;0;0;0;0;0;1;0;1;0;1;2;0;0;0;2;0;0;0;2;3;0;0;3;0;2;0;0;0;0;0;19;0;0;0;12;0;0;0;1;0;0;10;2;0;0;0;0;21;0;1;0;4;3;0;5;3;3;0;1;5;2;1;4;0;4;0;0;1;4;0;8;3;0;0;0;0;0;0;1;2;3;1;0;1;1;0;0;0;0;0;3;0;2;0;1;0;0;0;0;1;0;3;0;2;0;3;1;0;0;1;0;1;1;1;0;0;0;1;0;0;0;0;0;0;0;0;0;0;0;0;4;1;0;1;0;0;2;1;2;0;2;0;0;1;0;0;0;0;0;0;0;0;0;0;1;1;2;1;0;2;0;0;0;0;0;0;0;0;0;0;0;0;3;0;0;0;0;0;0;0;0;0;0;0;0;0;0;0;0
09271000;0;0;0;0;1;2;0;0;0;3;0;0;0;0;2;0;0;0;2;0;0;0;0;0;0;0;1;0;0;0;0;2;0;0;0;0;0;0;1;0;0;0;0;0;1;0;0;0;1;0;2;1;0;0;2;1;0;4;1;0;0;6;0;0;0;0;10;0;1;0;1;2;1;5;0;0;2;0;0;5;0;0;0;0;0;2;1;0;0;0;7;1;0;0;0;0;1;6;0;0;0;0;1;0;6;0;0;0;0;0;0;1;1;0;2;0;0;5;3;0;0;1;0;0;1;0;0;0;0;3;0;1;1;0;0;0;0;1;0;0;0;0;0;1;0;1;0;0;0;0;0;0;0;0;0;0;0;0;0;0;0;0;4;0;0;0;0;0;0;0;0;1;1;1;0;3;0;0;1;0;1;4;1;0;1;3;0;1;5;0;0;0;2;3;7;1;0;1;0;1;0;3;0;0;4;0;1;0;0;0;4;1;0;0;1;2;1;0;0;2;0;1;4;0;2;4;2;0;0;0;6;0;0;0;3;0;0;1;0;9;0;5;3;6;0;147;107;142;0;221;275;177;553;181;245;219;237;3;30;4;4;10;8;15;18;3;0;5;0;2;0;11;0;2;2;0;0;0;2;6;9;9;4;43;5;1;10;0;5;3;0;4;2;1;17;0;2;8;2;0;8;0;0;0;0;0;3;3;5;0;2;0;2;0;5;0;0;0;0;0;0;1;0;0;14;3;5;0;3;0;0;0;0;1;2;0;0;0;2;0;1;0;1;0;0;0;0;2;0;5;0;0;2;0;0;0;0;0;3;0;1;0;2;1;1;3;0;2;0;0;0;0;0;0;0;0;0;0;1;0;2;0;0;0;0;0;0;0;0;0;0;0;0;0;0;0;0;3;0;0
09272000;0;0;0;1;0;1;0;2;1;0;0;0;0;0;0;0;0;0;1;1;0;0;0;0;4;0;3;1;0;2;0;0;0;0;0;0;2;0;0;0;0;0;0;0;1;0;0;1;0;0;0;6;0;5;2;0;2;0;1;0;0;0;0;0;0;3;0;1;4;2;0;0;0;1;0;2;0;0;0;0;0;0;0;0;0;3;0;1;0;0;0;1;0;0;0;2;0;0;0;1;0;0;0;0;0;0;0;0;0;8;0;1;0;2;0;0;1;0;1;0;0;0;0;0;0;0;0;0;0;3;0;0;2;0;1;0;0;0;0;0;0;0;0;1;0;0;1;1;0;0;0;0;0;0;0;0;0;0;0;0;0;0;1;0;1;0;0;0;2;1;0;0;0;0;1;1;1;0;0;2;0;4;0;0;0;0;0;0;0;0;0;0;0;2;0;0;1;0;0;0;0;3;0;1;0;0;7;4;0;0;0;0;0;0;0;0;4;0;1;4;2;0;6;0;1;0;3;0;0;0;0;0;0;0;0;0;0;0;0;0;0;0;0;0;2;8;101;0;0;0;4;0;42;12;12;7;10;0;4;0;0;6;0;0;0;4;1;0;3;0;3;1;0;0;0;5;0;1;1;4;0;0;2;16;0;1;0;0;13;0;0;5;8;0;3;2;0;0;0;1;0;2;0;5;4;0;0;0;7;0;0;1;0;2;3;1;1;0;0;0;1;1;0;0;0;0;0;0;0;0;0;0;0;0;0;0;1;0;1;0;0;0;1;0;0;0;0;1;0;1;0;2;0;1;2;1;2;1;2;0;0;0;0;0;1;0;1;1;0;0;0;0;0;0;0;0;0;0;0;0;1;0;0;0;0;4;2;0;2;0;0;0;0;0;0;2;0;1;0;0
09273000;1;1;0;0;1;3;1;1;0;0;0;0;2;0;0;2;1;5;0;0;0;4;0;6;0;0;0;0;0;0;0;0;0;0;0;1;0;3;1;0;3;0;0;1;0;0;0;0;0;0;2;0;7;0;0;0;2;0;0;0;0;2;0;4;1;0;1;0;0;1;0;2;2;0;2;0;0;0;0;4;2;3;1;4;0;3;0;0;0;0;1;1;0;0;0;1;0;8;0;0;1;0;0;0;2;0;1;0;1;1;0;1;2;0;0;0;0;0;0;0;2;0;0;0;0;0;0;3;0;0;0;0;1;0;0;0;0;0;1;6;0;1;0;0;1;1;0;1;0;0;1;0;0;3;0;0;0;0;0;0;0;0;1;0;0;0;2;0;0;0;0;2;0;0;0;0;0;1;0;9;2;0;2;0;0;8;2;3;0;0;0;0;2;3;0;0;2;1;0;0;0;0;0;0;2;3;1;0;2;1;0;0;3;4;0;2;2;0;0;0;3;1;7;0;6;6;0;0;0;0;0;0;0;0;0;0;0;0;0;0;0;2;0;1;0;0;7;13;0;0;0;21;0;8;0;0;10;0;0;0;3;3;9;6;17;0;3;0;0;2;4;0;3;1;4;0;5;0;0;7;1;0;11;13;0;0;0;0;5;0;2;1;0;0;0;0;0;0;0;0;1;0;0;3;0;0;2;0;0;0;0;6;3;2;1;0;2;0;0;0;0;0;1;0;0;0;0;0;1;3;0;0;2;0;0;2;3;0;7;0;0;2;2;0;0;2;0;1;0;4;3;2;0;3;0;1;5;1;0;0;0;2;3;4;0;0;2;0;1;0;1;3;4;0;4;6;7;1;1;2;0;0;2;0;0;0;3;3;0;2;0;0;0;1;0;2;0;0;1;1
09274000;0;0;2;1;0;0;0;0;0;0;5;6;0;0;1;6;0;0;0;0;0;0;0;2;0;0;1;0;0;1;0;0;0;0;1;2;1;0;1;5;0;0;0;4;0;0;4;0;2;2;10;0;0;3;0;0;0;0;0;0;0;2;1;0;0;6;0;2;0;0;0;0;1;0;0;0;0;1;0;0;0;0;1;0;0;0;0;0;0;0;5;2;0;0;0;2;0;4;0;2;0;0;0;0;0;5;0;1;4;0;0;0;0;0;0;5;0;1;0;1;0;0;1;4;0;0;0;3;0;1;0;6;3;4;0;0;1;0;6;2;0;0;0;0;0;7;1;0;3;0;0;0;0;0;0;0;0;0;0;5;1;1;2;0;0;0;0;4;3;0;2;0;0;0;1;0;5;1;0;0;0;0;0;0;0;0;0;2;4;3;0;0;2;0;0;0;2;0;0;0;0;0;0;1;0;3;1;0;6;0;9;0;5;0;0;1;3;5;0;0;0;1;0;0;0;9;11;0;0;0;8;0;0;0;9;0;0;17;0;0;0;9;0;0;6;0;0;6;0;9;0;0;30;18;8;63;94;7;0;2;4;11;0;0;0;12;1;0;0;0;0;0;0;0;0;0;5;0;0;1;1;1;7;0;0;3;0;0;0;2;1;2;0;0;4;0;0;0;0;1;0;0;0;0;0;3;1;6;0;0;0;0;3;0;0;5;2;0;5;0;0;0;0;0;0;0;0;0;5;2;1;0;0;0;1;4;0;0;0;0;0;0;0;0;0;0;0;9;0;0;0;0;0;0;9;1;1;0;8;3;9;0;0;0;1;2;0;1;0;1;1;0;0;3;0;0;0;3;0;1;0;0;0;1;0;0;0;0;0;0;0;0;1;1;1;2;0;1;0;0
09275000;0;2;1;0;1;0;1;0;0;2;0;0;0;0;0;0;0;0;0;1;0;0;1;0;0;0;4;0;2;0;0;0;0;0;0;1;0;3;0;0;0;1;0;0;1;0;6;1;0;0;0;0;0;1;0;0;1;0;0;0;0;1;1;1;0;0;0;0;4;1;0;0;0;0;0;0;0;0;0;0;0;0;2;0;1;1;4;0;6;1;0;1;1;5;2;0;3;0;0;0;0;0;2;5;4;0;0;0;0;4;1;5;0;0;0;0;0;1;0;0;6;0;7;1;1;0;0;0;0;0;0;1;0;4;1;0;2;1;0;0;0;0;0;0;0;0;0;0;0;1;0;0;1;0;0;0;0;0;0;0;0;1;0;0;1;0;0;0;0;1;0;5;0;0;0;1;1;0;4;0;1;0;0;0;0;0;0;1;0;0;0;0;0;0;1;1;8;4;0;0;3;0;0;0;0;0;3;3;0;0;3;12;0;1;0;0;0;0;0;3;1;0;0;0;0;0;0;0;0;0;0;0;0;0;0;6;0;0;0;4;0;0;0;0;0;14;0;0;0;0;40;0;0;0;1;18;10;0;0;0;2;0;4;0;0;0;1;0;1;2;3;2;0;7;0;1;0;0;0;0;0;0;0;10;0;0;0;0;0;0;0;0;0;0;2;0;4;1;0;2;0;3;0;1;0;4;0;1;0;2;2;2;3;1;0;0;0;0;0;0;0;0;1;0;0;0;0;0;0;0;0;0;5;0;0;2;0;0;0;0;2;1;0;1;4;5;1;0;0;0;3;2;3;2;0;0;0;0;5;5;1;0;0;0;0;7;0;0;0;0;3;1;0;0;0;0;2;0;0;0;0;0;0;0;0;1;4;0;0;0;0;2;0;0;5;1;0;0;0;3
09276000;0;0;3;0;0;1;0;0;1;1;0;0;1;0;0;0;0;1;1;0;0;0;0;0;0;0;0;0;7;0;1;0;0;1;0;0;0;0;0;0;0;0;0;0;0;1;0;0;2;1;2;5;0;0;0;0;0;0;0;0;0;0;0;0;0;0;0;0;1;0;6;3;0;0;0;1;0;0;4;0;0;3;0;0;0;0;0;0;1;0;1;1;0;0;0;0;0;0;0;0;0;4;0;0;1;0;0;0;0;0;1;0;0;0;0;0;0;1;0;0;0;1;0;0;0;0;0;0;1;0;0;0;0;0;0;2;0;0;0;0;1;0;1;5;0;0;0;1;0;0;0;1;0;1;1;0;0;0;0;0;0;0;1;0;0;0;0;3;2;0;0;0;0;0;12;0;0;0;2;3;0;0;0;0;0;0;1;0;0;0;1;0;1;0;0;0;0;0;0;0;3;0;1;0;5;0;0;0;0;1;0;0;1;0;0;3;0;0;0;0;0;0;6;0;0;2;0;0;0;0;1;0;0;0;0;0;0;0;0;0;4;0;0;2;0;3;0;0;0;0;0;0;2;0;10;0;0;0;0;0;12;47;0;0;0;0;1;5;0;2;4;3;1;0;0;0;0;0;0;0;0;4;8;0;0;6;0;0;0;0;0;0;1;2;1;0;0;0;0;0;1;0;0;0;0;1;0;0;0;0;0;0;4;1;0;0;0;0;2;0;0;0;0;0;0;0;0;0;2;0;0;3;0;0;0;0;0;1;0;0;0;0;0;0;0;0;0;4;0;0;0;0;0;3;3;0;0;0;0;0;0;8;0;0;0;0;0;0;0;1;0;0;0;1;0;0;0;0;1;0;0;0;0;0;1;1;0;0;0;0;0;0;1;0;1;0;0;0;1;0
09277000;0;0;2;0;0;1;0;0;1;0;1;0;0;0;0;5;0;0;0;0;0;0;1;0;0;0;0;1;0;0;0;2;0;3;0;2;3;0;0;0;0;0;0;0;0;0;2;0;0;1;3;0;0;0;0;1;0;0;0;0;0;1;2;0;0;0;0;0;0;0;1;1;6;8;0;1;0;0;0;0;1;0;0;2;1;2;0;0;5;2;5;2;1;1;4;0;0;1;5;0;0;0;0;2;3;6;0;4;0;4;0;0;0;0;0;0;0;0;0;3;1;0;0;3;0;0;0;0;0;4;2;0;0;0;0;0;9;1;1;0;0;0;0;0;0;0;0;0;1;0;1;0;1;0;1;0;0;0;0;5;0;0;0;0;0;0;0;0;0;0;0;0;0;0;3;1;0;0;3;0;1;3;0;0;1;1;1;7;0;4;0;0;1;4;1;4;0;0;0;0;0;0;2;0;0;0;0;0;1;0;0;1;0;0;1;0;0;6;0;0;0;2;0;0;0;0;0;0;0;0;0;0;0;0;0;0;0;0;0;0;0;0;0;0;6;48;17;2;0;0;2;0;0;0;0;7;0;0;0;3;2;1;0;0;0;1;0;0;0;6;3;5;0;0;0;1;0;0;0;0;0;2;6;0;0;2;0;3;0;1;2;1;2;2;4;0;0;0;0;0;0;1;0;0;0;0;1;0;1;11;0;0;1;0;2;0;1;0;2;0;0;2;0;0;9;0;0;0;0;0;0;0;0;0;0;0;2;0;1;0;1;0;0;0;1;1;0;2;0;1;4;1;0;0;1;0;1;1;0;0;2;0;3;1;1;2;0;0;1;0;3;0;0;2;0;0;1;0;0;0;1;0;0;0;0;1;0;0;0;0;0;6;1;1;0;1;0;0;0;0
09278000;3;0;0;0;0;0;0;0;6;0;0;0;0;0;2;0;0;0;0;2;0;0;0;0;0;0;1;0;0;0;0;0;0;0;0;0;0;0;1;0;0;0;0;0;0;0;0;0;0;2;0;0;0;0;0;0;0;0;0;0;0;0;0;0;0;0;0;5;0;0;0;1;0;2;0;0;1;0;0;0;1;0;0;1;2;1;1;0;0;0;1;2;0;0;0;0;1;0;4;0;0;1;0;0;1;0;0;2;0;0;0;0;0;0;2;0;0;6;0;0;0;1;0;0;0;1;0;0;0;0;2;0;0;1;0;0;0;0;0;0;6;0;0;0;0;0;0;0;0;0;0;0;0;0;0;0;3;1;0;0;0;0;0;0;0;0;1;0;0;0;0;0;0;0;0;0;0;0;0;0;0;0;3;0;0;0;2;0;0;0;0;1;0;3;0;0;3;3;2;1;0;0;1;4;0;5;0;2;0;0;1;0;3;0;0;1;1;0;0;0;2;0;0;38;1;0;0;0;0;0;2;0;0;0;1;0;0;0;0;1;0;0;1;0;0;0;4;95;0;0;4;0;0;23;0;0;0;3;10;0;0;49;0;5;0;0;7;0;4;0;0;0;1;0;2;5;0;0;0;2;0;3;4;7;1;0;0;0;2;0;0;0;3;1;2;4;0;0;0;2;0;3;0;0;1;2;3;1;0;0;0;0;0;0;0;0;0;0;0;0;2;1;0;1;3;0;0;0;0;0;0;0;0;0;0;1;0;0;0;0;0;0;0;2;0;0;1;0;0;0;2;0;0;0;0;0;6;0;0;0;0;0;1;0;0;6;1;0;1;0;5;1;0;0;0;0;0;0;1;3;0;0;0;1;0;0;0;0;0;0;0;0;0;0;0;1;0;0;1;0
09279000;0;1;0;1;0;0;0;1;0;0;0;1;0;0;0;5;0;0;0;0;0;0;0;0;1;0;0;0;0;1;0;2;0;0;0;2;1;0;0;0;3;2;0;0;0;0;1;0;0;0;0;0;0;0;0;0;0;0;0;0;0;0;0;0;1;0;0;2;0;3;0;0;1;0;5;0;2;0;0;0;0;5;2;0;1;0;0;0;0;0;0;0;0;0;0;0;0;0;0;0;0;1;0;0;0;0;1;0;0;0;1;0;0;0;0;0;0;2;0;0;0;0;0;0;0;0;0;0;0;1;0;2;0;1;0;3;0;1;0;0;1;6;0;0;0;0;0;1;0;0;0;0;0;0;0;0;0;0;0;0;0;5;0;0;0;0;0;0;3;0;0;0;0;0;0;0;3;0;7;0;4;0;0;0;3;0;1;0;0;0;0;0;0;3;0;0;2;1;0;2;0;1;0;0;3;0;1;2;0;0;0;0;2;0;0;0;1;0;0;4;1;1;9;0;3;0;1;0;0;0;0;0;0;0;0;0;0;0;0;0;0;0;0;0;9;0;0;40;0;0;0;0;0;2;28;23;0;5;14;0;0;0;0;2;5;8;4;0;2;0;2;1;0;0;2;0;0;1;2;0;0;0;4;0;0;1;2;2;0;0;3;0;0;0;0;0;1;3;1;0;0;0;0;0;6;0;0;0;0;6;0;0;0;0;8;0;0;0;0;0;0;0;0;0;0;0;0;0;0;0;0;2;0;0;1;0;4;0;0;0;0;0;0;0;0;0;0;1;0;9;1;0;0;5;3;0;0;0;1;2;7;0;0;0;0;0;3;0;1;0;0;0;0;0;1;0;0;0;0;2;1;0;0;0;0;0;0;0;0;0;0;4;0;0;0;3;0;0;0;2
09361000;0;0;0;0;0;0;0;0;1;4;0;2;0;0;3;8;0;0;0;0;0;0;0;0;0;0;3;2;4;0;0;4;0;0;0;2;0;0;0;0;0;1;0;0;0;0;7;0;0;1;0;2;0;0;0;0;1;0;0;0;0;3;1;0;0;1;0;3;0;0;0;2;2;0;0;0;0;0;0;4;2;0;0;3;0;1;0;0;0;0;0;0;0;0;0;0;0;0;5;0;1;0;5;0;2;0;0;0;0;0;5;0;1;1;0;0;2;1;2;0;0;0;1;0;0;0;0;1;0;0;0;0;0;1;2;1;0;0;0;0;0;0;0;0;0;0;0;0;0;0;1;0;0;1;1;0;0;0;0;0;0;0;0;0;0;0;0;0;0;3;0;0;0;0;0;0;0;0;0;0;0;0;3;0;0;0;0;0;1;0;0;0;0;0;0;0;3;1;0;2;0;0;0;0;0;0;7;1;3;0;0;0;0;1;0;0;0;0;2;0;1;0;7;0;1;0;1;1;0;0;1;0;6;0;0;0;0;4;0;0;0;0;1;0;4;3;0;9;0;2;4;0;0;2;0;0;0;0;0;13;0;0;0;6;0;0;0;0;0;1;0;0;2;0;0;1;0;3;2;0;0;9;0;14;0;5;2;3;0;3;5;0;1;3;2;0;5;0;1;3;0;0;0;1;5;1;0;0;1;0;0;1;9;0;0;1;0;0;1;0;0;0;0;0;8;0;0;0;0;0;0;0;0;0;0;0;0;0;0;0;0;0;0;1;1;0;0;0;0;0;0;3;0;0;2;0;4;0;1;0;0;6;0;0;0;1;0;0;0;1;1;0;0;0;1;1;1;1;0;0;2;0;0;0;0;0;0;0;0;1;0;0;1;0;0;0;1;0;0;2
09362000;4;0;0;0;1;0;7;0;0;0;1;1;0;4;0;35;0;0;1;0;0;0;1;3;0;0;3;2;0;0;0;0;0;0;1;1;0;0;0;2;7;0;0;0;0;0;0;0;0;1;0;0;0;1;2;0;0;0;0;0;0;0;0;15;0;10;1;0;2;5;1;2;3;0;0;7;0;3;0;22;0;0;0;0;4;0;0;2;7;2;0;4;0;0;0;0;8;0;1;0;1;0;0;0;3;1;0;1;0;2;2;0;0;6;2;0;0;5;8;17;0;0;0;0;1;0;0;0;0;0;3;0;3;0;1;0;4;0;2;0;3;2;0;2;0;0;0;0;4;1;0;0;1;0;0;0;0;0;2;0;0;0;0;0;2;0;0;1;0;1;0;0;0;4;3;3;0;0;3;0;0;8;13;0;0;5;0;4;1;0;0;0;3;2;1;0;0;1;0;5;2;0;0;10;0;7;0;1;3;0;0;4;6;1;0;2;5;3;1;7;0;0;0;0;0;0;2;3;0;0;0;0;0;13;0;8;1;0;0;0;0;0;14;0;0;0;0;0;0;0;55;3;17;22;1;0;0;102;0;108;354;468;423;260;1463;685;128;0;0;8;0;10;0;1;5;7;0;0;7;0;3;16;17;66;0;20;6;0;2;0;6;8;2;0;0;1;4;0;0;1;11;4;0;24;6;0;9;0;0;0;0;2;8;0;0;3;0;1;0;0;0;0;0;1;46;1;0;0;0;0;7;0;1;0;0;0;0;0;1;0;0;0;0;3;0;0;0;2;0;0;0;0;7;0;0;2;0;0;0;2;5;0;0;0;0;0;0;0;2;5;0;0;0;0;3;0;0;1;0;0;0;0;4;12;0;0;0;0;0;2;0;2;0;0;0;10;0;0;0;2
09363000;0;0;0;0;0;0;0;0;0;0;0;0;0;0;0;5;0;0;0;0;0;0;0;0;2;0;10;0;4;1;0;0;0;0;0;0;0;0;0;2;0;0;0;0;0;0;0;0;0;0;0;1;0;0;0;0;0;1;0;0;0;0;1;0;1;1;1;0;0;4;1;1;0;0;1;3;0;0;5;0;0;4;0;1;0;0;0;0;0;0;3;0;0;0;0;7;4;0;1;3;2;0;1;0;1;1;0;1;0;0;0;0;0;1;2;1;1;4;1;0;0;1;0;0;1;2;0;3;1;0;0;0;0;0;0;1;0;1;0;1;2;0;0;0;0;0;1;0;0;0;0;0;0;0;0;0;0;0;2;0;0;0;1;0;1;0;0;0;0;0;3;3;3;0;0;0;0;0;0;1;4;0;0;3;1;0;0;0;0;0;0;0;0;1;2;0;2;1;0;4;0;0;0;0;1;0;0;0;0;0;1;0;1;0;0;0;0;0;0;1;1;0;2;9;0;1;1;4;1;0;2;5;4;0;3;0;7;3;0;0;2;0;0;4;5;0;0;1;0;3;1;0;10;2;0;0;2;0;0;0;19;0;0;36;0;0;3;0;0;8;7;2;0;0;0;0;1;0;0;10;0;0;0;16;0;0;1;0;2;5;0;0;7;2;0;0;0;0;1;2;0;0;0;0;6;0;0;4;2;0;1;1;0;1;0;0;4;1;0;0;0;2;0;0;3;2;0;0;0;0;0;0;0;0;4;0;0;1;0;1;0;0;0;2;0;0;0;0;1;0;1;6;0;0;0;0;0;0;0;1;0;1;0;1;0;4;0;0;0;0;0;0;0;0;0;0;0;0;2;0;2;1;0;0;0;0;0;0;0;0;0;0;0;0;0;2;0;0;0;0
09371000;0;0;0;0;2;1;0;0;0;0;0;1;0;0;0;0;2;0;0;1;0;0;0;0;0;0;15;2;0;1;0;0;0;4;3;0;0;0;0;0;0;0;0;0;1;0;0;0;0;0;0;2;0;0;0;0;0;0;0;0;0;2;0;1;3;0;1;0;4;0;0;2;0;0;1;1;0;0;0;4;0;8;0;0;0;2;0;0;1;2;1;0;0;0;7;1;0;0;0;0;0;2;0;0;0;0;7;0;1;0;0;0;0;0;0;0;1;6;0;3;1;0;0;0;0;2;0;1;4;0;1;0;0;3;2;2;0;0;0;0;0;3;1;0;0;0;0;1;0;0;0;0;0;1;0;0;0;0;0;0;0;0;0;0;0;0;0;0;0;0;0;0;2;0;0;3;1;0;0;0;0;0;0;0;0;0;0;11;3;0;0;0;1;0;2;0;0;1;2;0;0;0;2;4;0;1;0;0;0;0;3;0;4;1;0;0;2;0;3;2;1;1;4;28;0;0;6;8;0;0;0;1;0;0;0;0;0;0;0;0;0;0;0;1;0;0;0;0;0;2;0;0;0;0;0;6;4;145;0;0;0;9;0;0;5;7;4;0;0;0;1;1;14;1;0;0;1;6;0;0;1;0;0;9;0;0;0;0;0;6;0;4;2;0;3;0;4;3;0;0;1;0;0;1;3;0;0;0;0;1;0;0;3;0;3;0;4;0;0;0;0;0;4;1;13;0;0;0;0;0;0;0;0;2;0;0;0;0;2;0;0;0;0;0;0;0;1;0;0;0;0;1;0;0;0;0;1;4;2;0;0;7;0;0;0;0;0;0;0;0;0;0;1;0;1;0;1;0;0;0;0;0;0;1;0;1;0;0;0;0;0;0;0;0;3;0;0;0;0;0
09372000;0;0;0;0;2;0;1;0;0;0;1;0;0;0;0;0;0;0;1;0;0;0;0;2;1;0;3;0;0;0;0;0;0;0;0;0;1;1;1;0;4;0;1;0;0;0;0;2;0;0;2;0;2;0;0;0;0;9;0;1;0;0;0;0;2;1;2;5;2;1;2;0;0;0;1;1;0;0;0;4;0;3;0;0;1;0;0;1;5;0;3;0;1;0;3;1;2;0;0;0;0;1;6;2;0;4;0;1;1;0;0;0;0;0;1;0;3;2;1;3;1;0;2;4;2;4;8;0;1;0;2;0;0;0;0;2;3;0;0;0;0;0;0;0;0;0;0;1;0;0;0;1;0;0;0;0;0;2;5;0;0;2;2;0;0;0;0;0;1;1;0;1;2;0;0;0;0;0;11;5;1;0;0;0;0;0;0;0;4;0;4;0;0;0;0;0;0;2;0;1;0;1;0;0;0;2;2;0;0;3;0;0;0;4;0;0;0;0;0;0;0;0;0;0;0;0;0;0;0;0;0;0;0;0;3;0;0;0;0;4;0;0;0;1;0;1;0;1;0;0;0;0;9;0;0;0;5;3;0;2;0;0;0;9;0;0;0;0;0;1;0;2;0;1;0;0;1;2;10;1;0;0;0;6;0;0;3;0;0;0;0;1;10;6;0;1;1;1;0;0;0;1;0;0;0;0;1;0;0;0;0;4;4;0;0;0;0;0;1;0;0;0;0;0;4;0;1;0;0;2;3;1;0;0;0;0;0;0;0;0;0;0;0;0;0;0;0;1;2;1;0;4;4;0;0;0;5;0;0;0;2;0;1;2;0;0;0;0;0;0;0;0;0;0;1;0;1;1;5;0;0;0;0;0;0;0;1;1;0;0;0;5;1;0;0;4;0;0;0;1
09373000;0;0;0;0;0;0;0;0;0;0;2;0;0;1;0;4;1;1;0;0;0;0;3;0;0;0;8;0;0;0;1;3;0;0;1;0;0;1;1;1;2;1;0;0;0;0;0;0;0;2;0;0;0;0;0;2;0;0;2;0;3;3;0;3;0;6;3;0;0;1;0;0;1;0;0;3;2;4;1;4;2;0;0;1;0;0;1;1;0;1;0;0;0;0;0;0;0;2;2;0;0;0;0;0;0;2;0;0;0;0;0;0;1;0;0;0;0;0;0;0;0;2;0;0;1;4;2;3;5;0;0;0;0;0;2;0;1;5;0;3;0;0;0;0;0;0;0;0;0;0;0;3;2;1;2;4;0;0;0;0;0;0;0;0;0;0;0;0;0;0;1;4;3;0;3;0;0;2;1;1;0;1;0;0;0;0;0;1;2;0;0;0;2;5;3;0;1;0;0;2;0;0;0;0;1;1;9;0;0;1;3;6;4;0;0;0;0;4;0;2;0;0;0;0;3;9;2;3;0;0;0;0;0;0;2;4;0;4;0;2;1;0;0;1;0;0;1;0;0;9;0;2;0;3;4;2;1;2;0;4;4;17;0;16;0;0;0;0;7;1;2;1;0;0;0;0;0;1;3;6;0;0;0;59;0;0;4;0;0;0;0;20;5;0;7;0;0;4;0;3;1;0;0;0;12;1;0;0;0;0;0;2;0;0;0;0;14;6;0;0;0;0;0;0;1;3;0;1;3;0;0;0;0;0;0;0;6;0;0;0;3;0;0;0;0;0;1;0;0;0;0;5;6;0;6;4;0;0;2;1;1;1;0;4;0;0;2;0;0;0;0;0;2;0;0;0;0;1;3;0;0;2;0;0;1;1;3;3;0;0;2;0;0;0;1;0;2;0;0;0
09374000;0;2;0;0;3;0;2;0;1;0;0;0;0;0;0;0;0;0;0;0;0;0;0;1;0;0;14;0;0;0;0;0;0;0;0;0;0;0;0;0;0;2;1;2;0;0;0;0;0;0;0;2;0;0;0;3;4;0;0;0;0;2;5;0;0;0;2;1;0;0;0;3;2;0;0;0;0;0;0;2;0;0;1;0;0;0;1;0;0;0;10;0;0;0;0;0;0;0;0;0;0;0;0;1;1;0;9;0;7;1;0;0;0;0;1;2;0;0;0;2;0;0;0;1;0;2;0;0;0;1;2;6;0;1;0;0;3;0;0;0;0;0;1;0;2;0;1;0;0;0;0;0;4;0;2;0;0;1;0;0;0;1;2;0;0;0;0;0;0;0;0;0;0;0;0;0;2;1;0;0;0;3;2;0;0;0;0;0;2;4;0;0;0;0;2;0;6;0;0;1;1;0;2;0;0;0;0;0;3;2;4;0;0;0;1;0;0;3;2;0;1;0;0;0;1;0;4;0;0;0;1;0;6;0;0;0;1;0;0;0;3;0;0;0;0;6;0;0;0;0;0;0;5;4;1;0;0;0;0;0;59;0;0;0;9;21;94;0;0;0;14;0;0;0;0;5;0;0;0;11;4;0;0;29;0;7;0;0;0;0;1;3;1;0;3;0;2;0;3;0;7;0;0;0;0;0;3;0;0;0;4;0;0;0;0;0;0;0;4;0;0;0;1;0;11;0;0;0;0;0;0;0;0;0;0;0;0;0;0;0;0;0;0;1;0;0;1;0;0;2;0;0;0;0;0;0;0;4;1;0;2;0;2;1;0;4;1;0;4;1;0;4;0;0;0;0;0;0;0;0;0;0;0;0;0;0;1;0;1;0;0;0;0;0;0;0;0;0;3;0
09375000;0;0;1;0;0;0;0;1;2;2;2;3;0;1;0;19;0;0;0;0;0;5;0;0;0;0;10;0;2;0;0;0;1;0;0;3;0;1;0;0;0;0;1;0;0;0;11;0;0;0;2;0;0;0;0;0;0;1;0;0;2;0;0;0;12;0;0;0;0;0;1;0;0;0;2;0;0;2;12;9;4;0;1;0;1;0;2;0;0;0;0;0;0;0;4;0;3;0;0;0;0;0;1;2;0;0;0;0;0;3;2;0;0;0;0;0;2;0;0;0;0;0;1;5;3;4;0;0;1;0;0;1;0;0;0;2;0;0;0;2;0;0;0;0;0;2;0;0;0;3;3;0;0;0;3;0;0;3;0;3;1;2;2;0;0;0;0;0;0;0;0;0;0;0;1;0;4;0;0;0;0;0;0;0;1;0;7;3;0;0;3;0;0;2;0;0;0;0;2;2;0;1;1;0;0;0;3;0;2;0;2;3;5;0;5;0;0;0;0;0;7;1;0;18;3;16;4;0;0;0;0;0;0;0;3;0;0;0;0;1;0;0;0;21;0;0;0;31;0;12;0;6;2;0;8;52;0;11;0;0;0;67;20;0;0;100;0;0;0;0;0;0;4;2;1;0;0;1;0;9;3;9;9;0;0;2;3;0;7;2;0;2;1;0;8;0;1;1;0;7;0;7;0;5;3;0;0;4;4;2;0;0;5;1;9;0;0;0;0;0;3;0;0;2;1;0;0;0;3;0;0;5;1;0;1;1;7;1;0;1;0;0;0;2;1;0;0;1;0;1;0;0;5;0;12;0;2;1;0;4;5;2;2;1;0;0;0;0;0;0;2;1;0;5;2;1;1;1;0;0;0;0;1;1;0;0;0;1;0;0;0;0;0;1;0;0;0;0;0;1
09376000;0;0;0;0;0;0;0;0;0;0;1;0;3;0;0;0;0;1;2;0;0;0;0;1;2;0;0;0;4;0;1;0;0;1;0;0;0;0;0;2;4;0;0;0;0;0;0;0;3;3;0;5;0;0;3;0;0;7;0;0;1;2;5;0;8;0;0;4;3;0;0;1;4;0;0;0;1;1;0;0;2;0;0;0;0;0;0;2;1;2;10;0;0;1;6;2;2;2;5;0;0;0;3;0;0;2;0;0;0;2;0;0;0;0;0;0;0;0;0;0;2;6;0;0;2;2;0;0;0;0;0;0;0;2;0;0;0;0;0;4;0;0;0;1;0;1;0;1;3;0;0;0;2;0;0;0;0;0;0;0;0;0;0;0;0;1;0;0;0;0;1;0;0;0;0;5;0;0;0;2;1;1;0;0;2;0;3;0;1;0;0;0;3;2;0;1;0;1;3;0;0;2;0;0;0;0;0;1;0;3;0;5;3;0;1;3;0;0;0;3;0;0;0;0;2;0;0;0;1;0;0;0;0;0;3;1;0;2;0;0;0;3;0;0;7;0;10;0;0;0;7;0;3;12;0;10;0;16;0;16;0;65;11;0;0;0;0;0;0;0;5;3;0;3;4;0;0;0;0;5;0;14;1;40;0;6;0;0;0;0;2;0;1;1;0;7;0;0;0;0;0;0;0;0;6;0;3;0;0;0;1;0;0;0;0;0;0;0;3;0;0;1;2;1;12;0;0;1;3;0;0;0;5;2;0;0;1;0;0;0;1;0;0;0;0;0;9;0;1;0;0;0;0;0;0;1;4;0;0;0;2;0;0;0;0;0;0;0;0;0;0;0;5;1;1;3;0;1;0;0;6;0;0;1;0;0;0;0;0;4;0;0;0;9;1;1;2;1;0;0
09377000;0;4;0;0;0;0;0;1;0;1;1;0;0;0;1;2;3;0;0;0;0;4;0;0;0;0;0;3;0;1;0;0;0;0;0;0;0;0;0;0;1;0;0;0;6;0;0;0;0;0;1;0;0;0;0;0;0;0;0;0;0;0;1;0;2;0;0;0;1;0;0;0;0;0;0;0;0;0;1;3;0;1;0;0;1;0;0;0;0;0;0;0;0;1;5;0;1;2;0;2;1;0;5;0;3;0;2;0;0;0;1;0;1;0;0;0;0;8;0;1;0;0;0;0;0;0;0;0;0;0;0;1;2;0;0;3;0;1;1;0;1;0;0;1;0;0;0;0;0;1;0;1;1;0;0;0;4;0;0;0;0;0;0;0;0;0;0;0;0;0;0;0;6;0;0;0;2;0;0;0;0;0;0;1;0;0;0;0;0;0;0;0;0;0;0;0;1;0;0;4;1;0;0;1;0;0;4;0;0;0;0;0;1;0;8;1;1;0;0;0;1;0;3;0;5;2;2;0;0;0;0;0;0;0;0;0;0;2;0;1;0;0;0;0;0;0;1;0;3;0;0;0;0;0;2;0;0;5;0;0;0;2;0;0;6;10;0;0;19;3;38;0;0;6;0;0;1;0;0;93;1;6;3;2;1;3;4;0;12;6;0;0;0;4;3;0;0;1;0;0;0;0;0;0;0;0;0;0;0;0;0;0;2;0;2;0;0;0;2;0;0;0;0;1;0;0;0;0;1;0;0;0;0;1;0;0;1;0;0;0;0;0;2;1;0;1;0;0;0;0;0;0;4;0;2;4;0;2;0;0;1;1;0;2;0;8;1;0;0;0;6;0;0;0;2;1;0;0;0;4;0;0;0;0;0;2;1;0;1;0;0;1;0;0;0;0;12;0;0;0
09461000;0;3;0;0;0;2;1;0;0;0;0;0;0;3;2;14;6;0;1;2;0;1;0;3;0;0;2;0;2;6;0;0;1;0;2;7;0;0;0;0;0;3;0;0;1;0;13;3;0;0;1;1;0;0;0;0;0;5;0;0;0;11;4;16;2;0;0;0;1;0;0;0;5;0;0;1;0;2;0;8;3;0;0;0;0;0;1;0;6;1;0;2;0;0;6;1;0;3;9;0;2;3;0;0;0;0;3;1;1;2;0;0;0;1;7;1;0;12;4;0;2;0;0;2;0;0;2;5;1;0;0;0;4;0;3;3;1;0;0;0;1;2;0;0;0;0;0;0;0;0;0;0;0;0;2;0;0;0;1;0;0;0;0;1;0;1;0;0;5;3;0;0;0;0;5;2;1;0;0;0;5;0;0;0;3;0;0;0;0;2;0;1;0;1;0;9;1;0;5;0;0;1;1;11;4;4;0;0;0;1;5;1;1;0;1;1;1;1;0;0;0;0;0;0;4;0;1;2;7;0;0;2;0;5;3;3;0;0;12;0;0;6;0;7;0;0;0;0;0;12;6;4;22;0;3;5;0;12;19;9;0;26;7;7;6;15;14;0;32;101;39;423;235;321;311;206;207;179;186;50;1;8;40;133;0;7;0;15;2;5;0;13;17;0;0;4;1;0;10;12;11;3;0;17;4;1;4;0;0;0;4;0;8;0;7;0;0;5;9;0;2;0;2;1;57;0;0;0;0;0;0;0;0;0;0;0;0;0;0;0;0;3;0;0;0;2;0;0;1;3;0;0;0;0;0;0;0;2;0;1;0;0;2;0;0;0;0;0;1;0;0;1;0;4;0;0;0;0;0;2;0;0;3;0;0;0;0;4;0;0;0;4;0;0;0;1;0;0;1;0
09462000;0;4;0;1;0;0;0;1;0;0;0;4;0;2;0;46;0;0;0;0;2;4;2;0;0;0;9;0;1;1;0;0;0;0;3;2;0;1;0;1;0;0;0;0;0;0;2;1;2;0;0;1;1;2;0;0;0;0;0;0;0;3;0;8;7;0;0;9;0;0;1;0;7;1;4;2;3;0;25;12;2;4;5;0;0;0;2;0;0;2;0;12;0;3;0;3;1;0;0;3;0;1;0;0;5;9;1;0;0;0;5;1;0;3;1;0;0;30;5;2;0;0;6;0;0;0;0;2;1;2;5;0;1;0;1;8;0;2;0;0;5;0;0;0;0;0;0;0;1;0;0;0;0;0;0;1;0;1;0;0;0;3;0;0;0;0;1;0;0;0;1;0;0;0;0;3;4;0;7;1;0;3;0;0;2;4;3;0;0;0;5;2;2;2;0;2;5;1;2;1;0;0;4;0;7;0;0;0;2;0;9;0;6;1;4;2;3;0;1;1;0;0;17;76;0;2;0;3;3;0;0;0;14;4;0;1;0;0;8;3;0;2;0;1;1;2;0;16;8;0;2;3;0;3;1;0;0;19;7;7;8;2;0;12;3;2;0;0;0;0;0;0;50;2;0;5;0;0;0;0;3;0;0;47;1;0;0;0;0;0;0;0;1;0;3;1;0;0;0;0;4;12;0;0;3;0;2;0;0;0;0;1;0;0;0;0;0;6;0;0;0;0;1;0;53;0;0;0;7;0;0;0;1;3;0;3;2;3;5;1;0;1;0;0;1;1;2;0;0;0;0;5;0;2;0;9;0;0;0;3;0;27;0;2;0;0;0;1;0;0;0;0;1;0;0;0;0;0;3;0;3;0;0;0;1;0;0;0;0;0;0;0;0;0;0;0;0;0;0;0
09463000;0;2;4;1;0;0;0;0;3;0;1;0;1;1;0;16;3;0;1;0;0;0;0;1;0;0;0;0;0;0;0;0;0;3;0;0;0;0;0;1;0;0;0;0;0;0;0;2;0;0;6;0;0;0;0;0;0;1;0;0;0;2;13;7;1;0;0;6;0;0;0;0;4;1;0;0;0;1;0;7;0;6;0;0;0;0;0;0;2;0;1;5;0;0;0;0;6;0;0;0;0;2;0;0;5;3;8;0;1;4;0;0;4;0;0;0;0;0;6;3;0;2;0;0;0;0;0;0;1;1;1;1;0;0;0;0;2;0;1;0;0;2;0;0;0;0;0;0;3;0;0;0;0;2;0;0;1;0;0;0;0;3;1;0;0;0;1;0;0;0;1;1;0;1;0;0;1;0;2;1;1;0;1;1;0;3;0;0;0;3;0;2;6;0;0;0;2;1;0;1;0;0;2;0;2;0;1;0;4;0;5;0;1;1;0;0;1;1;0;0;0;0;11;0;0;0;0;0;0;0;0;0;3;0;1;1;0;1;0;0;1;0;0;4;0;0;1;0;0;0;0;2;0;0;0;0;1;0;0;0;9;0;0;2;5;2;0;0;6;0;0;3;0;0;0;0;0;0;0;6;3;0;0;0;1;0;0;2;0;4;2;2;2;3;0;0;0;0;0;0;0;0;0;0;0;3;2;2;0;5;0;0;0;0;0;0;2;1;1;0;0;4;0;0;1;0;4;0;2;0;0;0;0;3;0;0;0;0;0;0;0;1;0;0;0;0;0;1;0;0;4;1;1;0;0;1;0;1;0;3;0;13;1;2;0;0;4;1;2;0;0;0;0;0;0;0;0;1;0;2;0;0;4;0;0;0;0;0;0;0;1;0;0;0;0;0;1;3;1;0
09464000;2;0;4;0;1;1;0;0;0;0;0;1;0;3;0;15;0;1;0;0;0;0;0;0;0;0;9;3;0;0;0;0;0;0;0;0;0;0;0;0;5;1;0;0;1;0;0;1;1;0;0;0;0;0;0;0;7;0;0;1;1;7;0;10;5;0;2;0;0;0;1;0;4;0;0;3;0;1;0;1;2;0;0;5;1;0;0;1;0;1;10;0;0;2;12;1;0;1;0;4;0;0;1;1;0;1;0;0;0;1;0;3;0;2;1;2;0;8;1;8;4;0;0;3;2;2;2;4;0;0;2;0;1;5;0;0;0;0;0;0;1;0;0;2;1;0;0;0;2;0;2;5;0;1;1;0;0;0;0;0;0;8;0;0;0;0;1;0;0;0;1;0;0;1;0;2;2;0;38;0;0;1;11;1;0;0;0;0;6;5;0;0;4;0;1;3;14;0;0;2;0;0;0;0;1;0;2;2;2;4;0;1;3;4;0;0;0;1;0;0;0;1;5;0;0;0;3;0;0;2;1;0;13;0;0;0;0;0;0;1;0;0;0;0;1;2;1;0;8;0;0;1;0;0;0;0;0;7;3;0;0;8;0;0;3;0;0;0;11;3;0;2;0;0;0;0;0;0;0;0;0;13;7;41;0;0;5;7;0;3;1;6;1;0;7;5;0;0;0;2;0;0;0;0;0;2;0;0;1;0;3;0;5;0;1;0;0;0;0;0;0;1;8;0;2;0;0;0;0;1;1;0;2;0;1;0;1;0;0;0;0;5;0;0;0;0;1;0;3;0;1;3;0;0;28;18;0;3;0;0;2;8;0;0;0;0;0;0;1;0;2;0;0;0;1;0;0;0;0;0;0;0;0;0;0;0;0;1;2;2;0;1;0;0;0;0;0;0;0;0
09471000;0;1;0;0;0;0;3;2;0;0;0;0;9;1;3;9;0;0;0;2;0;0;4;0;0;0;0;0;0;0;4;0;0;0;2;2;0;0;0;2;1;2;0;0;0;0;0;0;0;0;2;1;0;1;1;1;0;2;0;2;0;0;0;0;4;0;0;0;0;0;0;4;0;0;0;1;0;2;1;0;3;4;0;3;3;2;0;0;0;0;1;2;0;0;0;2;1;6;0;0;1;1;1;2;0;1;2;2;2;2;0;2;0;0;2;0;0;0;1;0;2;0;0;0;1;0;0;0;0;3;0;1;0;0;1;2;0;0;0;0;2;0;0;0;1;12;0;0;2;0;0;2;1;0;0;0;0;0;0;1;0;6;0;0;0;0;0;0;0;0;0;0;0;0;1;0;17;1;6;0;1;0;7;0;2;0;0;0;1;0;0;0;1;1;0;0;2;0;3;0;4;0;0;0;0;0;0;0;0;0;0;9;5;0;0;6;1;1;5;0;1;0;2;10;0;0;7;3;0;0;8;0;5;0;1;4;0;3;0;0;0;8;4;3;3;0;0;0;0;0;1;5;0;0;0;2;0;8;0;0;0;0;0;1;1;0;4;0;0;0;0;0;29;24;0;0;0;10;42;0;6;0;0;0;0;0;0;0;1;30;0;5;5;0;13;3;11;5;74;37;2;0;0;0;5;0;0;0;0;0;0;0;3;0;2;5;21;0;3;0;0;0;0;0;17;0;0;0;1;3;2;1;1;0;0;0;2;1;0;0;2;0;0;1;2;0;0;0;1;0;0;10;1;0;0;0;0;0;0;0;0;13;4;4;0;4;0;0;0;0;0;2;0;0;5;0;0;0;2;2;0;0;0;0;0;1;0;0;0;0;0;0;0;1;3;7;1;1;0;27
09472000;0;0;0;0;0;0;1;0;1;0;1;0;3;0;0;3;0;0;0;0;0;0;1;0;0;0;0;0;0;1;0;1;0;4;6;2;0;0;0;0;0;0;0;0;0;0;0;0;2;0;0;0;0;0;0;0;0;0;0;2;0;1;1;3;0;0;4;0;0;0;0;2;3;2;0;0;0;0;1;0;0;0;0;2;0;4;0;1;0;0;0;0;1;1;0;1;0;0;0;0;0;0;0;0;1;0;0;0;0;0;0;0;0;0;4;0;0;5;0;0;0;0;0;0;0;0;0;0;0;0;0;1;0;6;5;0;0;0;0;0;1;6;0;1;0;0;1;0;0;0;0;0;2;0;0;2;0;0;0;0;1;3;0;0;0;0;0;0;0;2;0;0;0;0;0;0;0;2;10;0;0;0;0;0;1;0;1;0;0;0;2;0;0;4;0;0;1;0;6;0;3;0;0;0;0;2;0;3;0;0;0;4;1;2;0;0;0;4;0;0;3;1;0;0;0;4;6;0;0;0;0;0;0;0;1;0;3;0;0;6;0;0;0;0;1;0;3;0;1;0;0;0;1;0;1;0;0;0;2;7;0;5;3;9;0;5;10;0;0;8;6;0;0;7;0;13;0;26;3;18;1;0;0;0;0;8;0;0;0;8;3;0;0;0;0;9;3;0;0;0;2;0;0;0;0;0;1;1;0;0;1;1;0;1;5;0;0;0;1;2;0;0;2;0;0;1;1;0;2;1;0;0;0;1;0;0;1;0;1;0;0;0;0;0;1;0;4;5;0;0;0;0;0;0;12;5;6;4;0;0;0;0;0;1;1;0;0;0;0;0;0;0;0;1;0;1;0;0;3;0;1;1;4;0;0;0;1;0;2;1;0;1;4;0;2;1;0;5;3;0
09473000;0;0;0;0;0;0;0;0;1;0;1;0;0;0;0;0;2;1;1;0;2;0;0;1;0;5;0;8;0;0;0;8;6;0;0;2;0;0;0;0;0;0;1;0;0;0;1;0;0;0;0;0;0;1;0;4;0;2;2;0;0;0;12;0;0;2;0;3;0;0;0;0;0;2;6;0;4;2;1;0;0;1;0;1;0;0;0;0;0;0;0;0;1;1;0;3;1;2;0;0;0;1;0;4;0;1;0;1;0;2;0;0;0;0;1;0;2;5;1;4;0;0;0;0;0;2;0;1;1;1;3;2;0;1;1;1;0;0;0;0;2;0;1;0;0;0;1;0;0;0;0;0;7;0;0;1;0;0;0;0;1;0;2;0;0;0;0;0;1;2;0;0;0;0;4;3;0;0;0;0;0;0;0;0;0;0;0;0;3;0;0;0;2;0;0;1;0;1;0;1;0;2;0;1;0;0;0;1;4;0;0;0;0;0;3;0;1;0;6;1;1;0;0;0;1;3;2;1;0;0;0;0;0;0;3;2;0;0;3;0;0;0;0;0;0;0;5;0;0;1;0;0;0;0;1;0;1;1;0;4;0;0;1;2;0;0;0;0;0;79;12;0;0;0;0;0;0;0;0;4;2;7;15;0;0;0;0;0;0;0;1;0;3;13;13;0;0;1;0;0;2;5;0;0;4;2;2;1;0;0;1;0;1;1;0;3;0;0;2;0;0;1;1;0;3;0;3;0;0;3;1;0;0;0;0;0;0;0;0;0;0;0;0;1;0;0;0;2;0;5;0;8;0;1;2;1;0;0;0;0;0;3;0;0;2;2;2;0;0;2;2;0;0;0;0;0;0;0;0;2;0;2;1;0;0;4;0;2;0;1;4;0;0;5;0;1;4;0;0;0
09474000;4;0;0;2;0;2;5;2;2;0;2;1;2;2;0;0;0;0;0;0;0;0;1;0;6;0;0;2;0;3;4;0;1;0;0;0;0;0;1;0;0;0;0;0;0;3;0;1;0;0;0;3;4;0;0;2;0;0;0;1;2;1;3;6;0;4;2;1;0;0;1;0;0;0;0;4;0;0;0;3;0;2;0;0;2;1;3;1;0;0;0;2;0;0;1;0;0;2;4;0;1;1;8;0;2;0;0;0;0;0;2;0;0;1;0;0;0;2;1;0;0;1;0;2;3;0;0;0;2;0;0;0;0;0;0;2;4;0;0;1;1;4;0;0;1;1;0;0;0;0;0;0;0;2;1;1;0;0;0;0;2;0;0;0;0;0;4;0;1;1;0;0;0;0;1;0;1;0;7;0;0;0;5;3;0;0;0;4;0;5;0;0;0;0;6;0;0;0;9;0;0;1;0;4;2;0;8;0;0;1;3;0;0;1;0;0;3;1;0;2;0;2;4;0;0;0;4;0;0;0;0;0;0;0;1;0;0;0;0;0;5;1;0;0;1;0;0;0;0;2;0;3;1;0;1;0;0;3;0;0;2;1;6;7;0;0;7;0;31;1;11;106;7;16;0;14;0;15;8;0;0;10;0;8;0;14;0;0;0;6;0;0;2;0;2;1;5;6;0;0;2;0;0;0;2;0;3;2;0;0;0;0;6;1;0;0;0;1;1;1;0;1;2;0;6;1;0;1;1;0;0;0;0;2;0;0;0;0;0;0;0;2;1;0;0;4;4;2;4;2;0;0;0;4;7;0;4;1;0;3;4;0;1;0;0;0;0;0;0;0;0;0;0;0;0;0;0;1;0;5;7;0;0;6;2;0;2;0;0;2;0;15;0;0;0;4;0;0;1;0
09475000;1;1;2;0;0;0;0;0;0;0;2;0;0;0;0;12;1;0;1;1;0;1;0;0;0;1;0;0;0;0;1;1;0;0;0;0;2;1;0;0;0;0;0;0;3;1;0;1;0;2;0;0;1;0;0;4;0;1;1;0;0;1;0;0;0;0;2;4;0;0;0;0;0;1;0;0;0;0;2;2;0;0;0;0;0;0;0;1;0;0;2;2;0;0;0;0;0;2;1;0;0;1;0;0;0;0;0;0;0;1;0;0;1;2;0;5;2;0;0;2;0;0;0;0;0;0;3;5;0;1;0;0;0;0;0;0;0;0;1;1;0;0;1;0;1;0;0;0;0;0;0;0;1;0;0;3;0;0;0;0;0;1;0;0;0;0;0;0;0;0;0;1;0;0;0;0;1;0;1;0;0;0;6;1;0;0;0;0;1;2;0;0;3;3;1;1;0;0;0;0;0;0;0;0;0;2;0;0;0;0;0;0;2;1;0;0;0;0;2;1;5;0;0;0;0;0;0;0;0;2;0;4;0;0;0;0;0;0;0;0;0;0;0;5;0;1;0;0;7;0;0;0;0;0;0;0;1;0;0;0;9;2;6;0;2;4;10;0;0;3;109;1;0;23;0;0;0;0;1;0;1;0;3;0;0;0;0;0;0;0;0;0;0;4;5;0;0;0;0;0;2;5;0;0;0;2;2;1;3;0;1;3;1;1;0;2;0;2;1;0;0;0;1;1;0;0;1;0;0;0;0;0;3;0;0;0;1;0;0;0;0;0;1;0;1;4;0;4;0;0;0;2;1;0;27;5;0;1;4;0;0;6;0;5;0;9;1;0;0;0;0;1;2;0;6;0;0;2;2;0;0;0;2;0;0;0;0;0;0;2;0;0;0;2;2;0;2;0;0;0
09476000;1;0;0;0;0;0;3;0;0;0;1;0;0;0;0;5;1;0;0;1;0;1;0;0;1;0;0;0;0;1;0;1;3;0;0;1;0;0;0;0;0;0;0;0;1;0;0;0;0;0;0;0;0;0;0;0;0;1;1;2;0;0;0;1;0;0;0;1;0;1;0;0;0;0;0;2;0;0;0;0;0;1;0;0;0;4;0;0;0;0;0;0;3;0;1;1;0;0;2;0;0;0;0;0;0;4;0;0;1;0;0;0;0;0;2;0;0;0;0;0;0;0;0;1;3;0;0;0;0;5;0;2;0;1;0;2;4;0;1;0;0;1;0;0;0;0;0;0;0;0;0;0;0;2;0;0;0;0;0;0;2;0;0;0;0;0;0;0;0;0;0;0;0;0;0;0;0;0;2;0;0;0;0;0;1;0;2;0;1;0;0;0;1;0;0;9;1;0;0;5;0;1;5;2;0;0;1;0;3;1;3;0;0;0;0;1;0;0;0;4;0;0;0;8;0;1;0;0;0;0;0;5;3;0;0;3;0;0;2;0;0;0;2;2;0;0;0;2;2;1;0;0;5;2;0;0;1;4;2;0;0;0;0;3;0;0;0;0;20;30;10;8;8;21;0;18;0;0;6;0;1;7;2;18;1;0;0;2;0;0;3;0;1;2;7;0;0;0;2;2;0;0;0;7;0;0;4;0;0;0;1;0;2;3;0;0;2;0;0;5;0;0;1;2;0;0;0;0;0;3;0;0;0;0;5;1;0;0;0;1;0;0;0;0;0;0;0;1;0;0;2;1;0;0;2;4;1;3;1;0;0;2;0;0;0;0;0;0;0;1;2;0;0;1;0;1;0;0;10;4;1;4;0;0;0;0;0;0;1;0;1;0;0;1;0;0;0;12;1;0
09477000;0;0;0;0;0;3;0;0;0;1;0;2;0;3;0;0;0;1;2;1;0;0;0;8;0;0;0;0;0;0;0;0;0;0;0;1;0;0;0;0;0;0;0;0;1;0;1;0;0;0;0;0;0;0;1;0;0;0;0;0;0;2;0;6;1;9;0;0;0;0;0;1;1;1;1;2;0;0;0;0;0;1;2;0;0;0;0;0;0;0;1;0;1;0;3;1;0;2;0;1;0;2;0;0;0;5;0;1;0;0;2;4;0;2;0;0;2;5;2;2;0;1;0;0;0;1;0;0;0;0;0;0;0;1;1;1;1;0;1;2;1;0;0;1;0;1;0;0;0;0;0;0;0;0;0;0;0;1;0;0;0;0;0;0;0;0;0;0;0;1;2;0;2;1;0;0;0;0;0;4;0;0;0;0;0;0;1;1;0;0;0;1;1;0;1;0;0;0;0;2;2;2;0;0;2;0;0;0;0;0;1;0;0;0;0;0;0;2;0;0;1;0;2;13;0;0;0;0;0;0;0;0;3;0;0;2;0;0;1;0;6;1;0;0;0;0;0;1;1;0;1;0;3;1;2;0;0;0;7;8;0;0;0;1;0;1;10;0;22;17;18;0;0;3;0;51;7;0;0;0;2;0;1;0;0;0;0;0;0;4;0;1;1;0;21;5;0;3;0;0;1;0;0;10;0;0;3;0;0;0;0;0;0;0;0;1;0;3;0;0;0;0;0;0;14;0;0;0;2;0;2;0;0;0;0;0;2;0;3;0;0;0;1;0;0;3;2;1;1;2;0;0;3;0;0;6;3;0;3;0;0;11;0;1;0;2;1;1;0;0;4;0;0;1;5;0;0;0;6;0;2;0;1;0;4;1;0;0;9;1;0;5;0;0;0;0;0;0;4;2
09478000;0;1;0;0;0;0;2;1;0;0;0;0;0;0;1;4;0;0;0;0;0;0;0;0;0;0;2;0;0;2;0;0;0;0;1;0;0;0;0;0;0;0;0;0;0;0;0;0;2;4;0;0;0;0;0;0;0;0;0;0;0;0;1;0;0;3;0;0;0;0;0;0;1;0;0;0;0;0;0;1;2;0;0;0;0;0;0;0;4;0;0;0;0;0;1;1;0;4;0;1;0;0;0;1;0;5;0;0;0;0;0;2;0;2;0;1;0;2;0;4;0;0;2;1;1;0;0;0;1;0;1;0;0;0;0;4;0;0;1;1;0;1;0;0;0;0;0;0;0;0;0;0;0;1;1;0;1;0;0;0;0;2;0;0;0;0;0;0;0;0;0;0;1;0;0;0;1;1;0;0;4;0;0;0;0;0;0;1;0;1;3;1;2;0;1;0;3;0;1;0;0;0;0;1;0;1;4;0;0;0;2;0;0;0;0;0;0;0;0;0;0;0;0;0;2;2;1;0;0;0;1;0;0;0;1;0;3;1;1;0;0;4;0;0;1;4;1;0;0;0;0;3;2;1;1;0;0;0;0;2;2;0;0;3;1;2;2;0;6;44;10;0;0;39;0;0;0;18;0;18;0;0;0;17;0;0;0;0;2;0;1;0;0;9;7;0;0;2;11;2;2;1;0;0;0;5;0;0;1;0;0;0;1;0;0;0;2;0;0;1;0;0;3;0;2;0;1;1;0;0;1;1;0;2;0;0;0;1;0;0;1;0;0;0;0;2;0;1;1;1;3;0;0;2;5;0;0;1;0;0;2;8;0;0;0;0;0;0;0;0;1;0;0;0;0;2;1;0;0;0;0;0;0;0;0;1;0;0;0;0;0;3;3;0;5;0;0;0;0;0
09479000;0;0;2;0;0;0;0;0;6;0;1;0;0;2;0;8;0;6;0;0;0;0;0;0;0;0;0;0;0;3;0;0;0;0;2;3;0;0;0;0;0;0;0;0;6;0;0;0;2;0;1;0;0;0;1;0;0;0;0;0;0;0;0;3;6;0;1;1;5;0;1;1;0;0;0;0;0;0;0;3;0;0;0;0;0;0;1;0;0;1;4;0;0;0;0;1;1;1;0;0;0;2;4;4;3;5;0;0;2;0;0;0;0;0;0;0;0;0;1;1;0;0;6;1;0;0;1;0;0;0;0;2;0;0;1;3;0;0;3;0;0;0;0;0;0;1;0;0;0;0;0;0;3;0;0;0;0;0;0;1;0;0;2;0;0;0;0;0;3;0;1;0;0;0;0;1;0;0;0;0;0;1;3;0;4;0;3;0;0;0;0;0;0;1;0;0;2;0;6;0;0;0;0;3;1;0;0;1;0;0;4;0;0;0;1;0;1;0;0;0;0;0;0;0;5;0;3;0;0;1;2;0;0;0;3;0;0;0;0;0;0;0;0;3;0;1;1;0;0;0;0;0;4;2;1;0;3;6;13;0;0;0;0;0;0;0;0;0;36;0;0;5;0;0;1;57;2;2;0;0;3;15;0;4;0;4;2;0;1;0;4;0;0;0;1;0;1;0;0;0;0;3;0;1;1;0;4;0;0;2;0;0;1;0;3;0;1;0;1;0;5;1;0;0;0;0;0;1;0;0;0;0;1;0;0;0;0;0;3;0;2;0;1;0;1;0;0;1;0;0;0;15;0;7;0;2;0;0;7;1;1;0;0;0;1;0;0;0;1;0;2;0;0;0;4;1;0;8;0;0;5;0;0;1;0;0;5;0;0;0;0;0;0;1;0;0;0;3;3;0
09561000;3;0;0;0;0;0;0;0;0;0;1;0;1;1;1;7;0;0;0;0;0;0;0;0;0;0;0;0;0;1;0;0;1;1;0;1;0;0;0;0;1;1;0;1;0;0;0;0;0;1;0;0;0;0;0;0;1;0;0;3;0;0;0;1;0;1;0;0;0;1;2;0;0;0;0;0;0;2;0;0;0;0;0;0;1;1;0;0;0;0;0;0;1;0;0;0;0;1;6;0;1;0;2;1;0;3;1;0;0;0;2;4;0;0;1;1;1;1;0;1;3;0;0;0;0;0;0;0;3;3;0;0;0;0;0;6;2;0;0;0;2;0;0;1;0;0;0;0;0;1;0;0;0;2;0;0;0;0;0;0;0;0;2;0;0;0;2;0;0;0;0;1;0;0;0;1;0;1;0;0;5;0;4;0;1;3;0;6;0;4;0;0;0;8;0;3;5;1;5;6;0;0;1;0;0;2;1;0;0;1;0;0;0;1;1;0;2;0;2;1;0;0;14;0;1;1;3;0;0;2;0;0;0;0;0;0;1;0;0;5;0;0;0;4;0;0;7;2;0;0;0;0;2;1;0;7;1;7;0;2;0;4;1;0;0;2;0;0;0;0;3;0;0;0;7;0;0;0;0;0;0;15;11;0;0;0;0;0;0;0;4;0;3;6;15;1;0;0;0;0;0;0;0;5;0;0;2;0;0;0;6;0;0;0;4;0;7;3;0;0;0;1;0;0;14;0;0;0;1;2;2;0;1;1;0;0;0;0;0;0;0;0;0;5;0;0;0;0;2;5;0;1;1;2;1;2;1;0;0;1;0;4;2;6;0;0;0;0;0;0;0;0;0;0;1;1;0;0;0;3;0;0;0;0;0;0;0;0;0;0;0;0;2;0;0;0;0;0;3;0
09562000;4;3;1;0;0;0;0;2;1;1;0;0;0;1;5;25;0;0;3;0;0;0;1;0;0;0;0;0;0;1;0;0;0;0;0;0;1;0;0;1;0;0;2;1;0;1;0;0;0;0;0;0;0;0;0;2;0;0;0;0;0;0;0;12;0;0;0;1;0;5;1;0;0;2;0;0;0;0;0;11;0;0;0;1;0;0;1;0;0;1;1;8;0;0;0;0;0;3;0;0;3;0;0;0;0;0;0;2;0;0;3;0;0;0;5;2;0;0;3;13;1;0;1;0;0;0;0;3;0;0;0;5;1;0;0;0;1;0;0;1;0;0;0;0;0;0;1;0;2;0;1;0;0;4;0;0;0;5;0;0;0;2;5;3;0;0;0;0;0;3;0;8;0;0;0;4;0;0;0;15;3;0;8;0;2;0;0;0;0;0;8;0;3;3;0;0;6;0;0;0;0;3;3;18;0;1;0;0;0;4;0;0;0;7;9;0;0;9;0;12;5;0;15;37;3;0;10;0;4;2;4;0;6;0;0;0;1;4;10;0;0;1;3;11;4;0;0;0;0;0;1;0;3;0;0;0;0;0;0;1;0;0;17;5;0;0;0;0;21;5;0;9;10;0;0;7;0;4;4;0;0;0;135;88;14;50;272;0;9;0;0;23;3;0;33;0;0;0;0;6;0;1;0;2;18;2;5;2;0;0;0;0;10;0;0;0;0;2;0;1;0;0;1;2;87;1;0;0;0;4;0;1;1;1;3;0;0;1;0;0;1;5;0;0;0;0;0;0;0;11;0;0;0;0;0;2;10;0;0;0;0;22;1;0;0;0;0;0;0;0;0;5;0;1;0;1;0;0;11;0;0;0;0;2;0;0;0;0;3;0;0;0;0;0;0;4;3;2;5;0
09563000;1;0;0;1;0;0;0;0;0;0;2;1;0;0;0;1;0;1;0;1;0;0;0;0;0;0;0;0;1;3;0;0;0;2;2;0;0;1;0;3;0;7;0;0;0;0;2;0;1;1;4;1;5;1;0;0;0;1;0;0;0;7;1;4;9;2;0;1;0;0;1;2;0;1;3;5;0;0;0;0;0;5;1;0;0;3;0;1;0;0;0;0;0;0;0;0;1;0;2;3;1;0;0;0;0;3;3;0;0;0;2;0;3;7;2;0;0;0;1;0;2;0;0;0;0;0;3;7;0;0;0;4;0;0;0;2;0;3;0;0;1;0;0;3;0;0;0;3;1;0;1;0;0;1;2;0;0;0;0;0;1;0;0;0;0;0;0;0;0;0;0;0;0;2;1;3;0;0;0;0;5;2;0;1;9;7;4;12;0;1;0;0;0;0;0;0;0;0;0;0;0;0;0;6;0;0;0;0;4;0;0;0;1;0;2;0;0;1;0;0;4;0;0;0;7;7;6;1;9;5;0;0;0;0;0;0;0;1;1;5;0;0;0;10;10;3;0;0;0;0;0;0;3;0;0;0;0;4;0;4;7;0;26;10;0;0;0;0;5;8;0;14;5;0;51;0;0;0;4;4;0;0;0;0;3;13;65;278;48;94;32;19;0;1;0;0;0;1;5;0;3;0;0;0;0;0;2;1;0;0;1;3;1;0;2;0;0;1;0;0;0;0;2;0;0;1;0;2;0;0;2;1;1;0;3;0;2;0;0;0;0;0;0;0;0;3;3;0;1;0;1;3;6;6;1;1;0;0;4;4;2;8;1;1;0;0;0;0;1;0;0;0;1;0;3;1;1;0;0;1;0;2;3;1;0;0;0;0;0;2;2;2;2;0;6;2;1;0;0;0
09564000;0;0;5;0;0;0;0;1;5;1;0;0;1;3;0;28;0;0;0;0;0;0;0;1;4;0;0;0;0;0;0;0;0;2;3;6;2;12;3;5;2;0;0;0;3;0;0;0;0;0;0;0;0;0;4;0;0;3;0;2;0;9;0;0;8;9;0;6;7;3;0;0;13;5;0;8;0;0;0;12;5;0;3;0;4;0;0;10;2;0;1;0;0;1;0;1;2;0;0;0;4;9;0;0;0;0;9;0;2;0;11;0;0;0;0;2;0;34;0;0;0;1;0;0;0;18;0;0;0;0;0;0;0;1;0;0;0;5;0;2;3;0;0;0;0;0;0;0;1;4;3;2;0;0;0;0;0;0;0;0;1;0;0;0;0;0;2;0;0;1;5;0;4;0;0;0;17;0;0;5;0;0;0;0;9;0;5;0;0;0;0;0;0;0;0;11;0;7;0;0;0;0;0;1;3;0;26;0;0;0;0;3;2;0;0;0;0;3;0;1;0;0;0;0;9;0;6;0;0;3;0;0;0;14;0;8;3;0;0;0;1;0;0;0;17;11;0;11;0;0;0;15;0;5;1;0;13;0;0;0;0;0;0;0;44;0;0;0;0;12;0;8;23;14;0;30;0;23;0;0;24;0;291;0;44;95;160;0;685;160;559;94;12;0;0;0;8;0;0;0;3;0;0;33;0;0;0;2;0;7;0;0;0;0;0;0;0;1;16;0;0;0;0;0;119;0;0;4;0;3;0;0;0;4;2;1;9;0;1;2;0;3;1;0;2;0;4;0;8;0;0;0;5;0;0;15;0;5;0;4;0;7;0;0;2;6;0;0;2;0;9;0;0;0;0;2;0;3;0;3;0;5;0;3;0;6;2;0;0;1;3;0;0;0;0;0;0;0;9;0
09565000;0;0;1;0;0;0;0;0;0;0;0;1;0;0;1;6;0;0;5;0;0;1;0;0;0;0;0;0;0;2;1;1;0;0;1;0;0;0;0;0;0;0;0;0;0;0;0;0;0;0;0;2;0;0;0;0;0;0;0;0;0;2;0;3;1;4;1;0;0;0;0;0;2;0;0;0;0;0;0;2;0;8;0;2;0;0;0;0;2;0;1;0;1;2;0;0;0;0;0;0;0;1;0;0;0;0;0;1;0;0;0;0;0;1;0;0;0;2;1;0;1;1;0;0;2;1;0;3;0;0;2;0;0;1;0;1;1;1;2;2;0;0;1;0;0;0;0;1;0;0;0;0;0;0;0;0;0;0;0;0;0;0;0;0;0;0;0;0;0;0;0;0;0;0;0;0;0;0;7;0;1;0;3;0;0;0;0;0;0;2;12;0;1;0;1;0;0;0;4;3;0;0;0;0;0;0;0;4;0;0;1;0;0;0;0;1;0;0;0;1;2;0;2;16;1;0;1;2;0;0;2;2;1;0;0;0;2;0;0;0;0;3;0;3;0;0;0;0;0;0;3;1;0;0;0;0;0;0;2;2;1;1;16;6;5;0;0;1;0;0;1;9;3;1;13;4;0;1;1;3;9;0;0;0;0;36;0;0;28;2;139;12;0;1;0;2;0;0;2;2;1;0;0;4;2;0;0;0;0;0;3;0;3;0;1;3;10;1;1;0;0;0;0;0;6;0;0;0;2;0;0;0;0;2;2;0;0;0;1;0;0;0;0;0;0;0;0;0;0;0;0;2;0;1;1;0;1;0;1;0;1;2;1;0;0;0;0;0;1;0;1;0;0;0;0;0;0;0;1;0;0;0;1;0;0;0;0;0;0;0;0;1;4;0;0;0;0;1;0;0
09571000;0;0;6;0;0;0;1;0;0;0;0;0;0;1;0;0;0;5;0;0;0;0;3;0;0;0;5;4;0;0;0;0;0;1;0;0;0;0;2;2;0;0;0;1;3;1;3;0;0;0;5;1;1;0;0;1;0;0;0;0;0;0;0;0;0;3;0;0;2;0;0;1;2;4;0;3;2;0;0;0;0;0;0;4;1;0;0;0;1;0;5;4;0;0;0;0;1;0;2;1;1;5;0;3;0;0;0;2;0;3;3;3;0;1;0;3;0;3;2;3;0;0;0;3;0;1;0;0;0;1;7;7;2;3;0;0;2;0;0;0;1;0;0;0;1;0;0;0;0;3;5;5;0;0;0;0;0;0;1;0;2;0;4;0;0;0;6;0;0;0;6;0;0;0;1;0;1;0;0;0;0;1;0;0;0;0;13;0;0;5;0;0;0;7;5;0;0;1;2;1;0;0;0;0;4;0;10;0;0;0;0;0;6;0;10;0;0;0;3;0;0;0;0;0;0;0;3;0;4;0;15;7;6;0;7;0;3;0;0;7;0;0;0;0;3;1;0;4;0;0;12;0;1;0;0;2;0;0;0;5;3;3;18;0;0;0;0;0;7;0;7;8;0;0;0;2;5;4;6;0;53;0;0;0;0;0;0;0;0;0;0;24;2;3;21;0;0;2;2;0;5;5;0;0;0;1;0;0;1;4;1;1;11;2;0;9;0;0;3;0;1;0;1;1;37;1;0;0;2;0;2;0;1;0;3;0;0;0;0;0;0;0;0;1;1;1;0;1;3;4;0;6;0;3;13;0;4;2;2;0;0;0;0;1;5;2;0;0;0;1;0;0;0;0;0;0;0;0;0;1;0;0;0;1;1;3;0;2;1;1;0;0;2;1;0;4;3;1;0;6
09572000;1;0;3;0;2;1;0;0;0;0;0;3;3;1;0;18;5;0;0;0;0;0;1;1;1;0;12;0;0;0;1;0;1;1;2;2;2;1;2;1;0;0;0;0;0;0;0;1;4;2;0;0;0;0;0;0;0;3;0;1;0;0;3;4;0;7;5;0;0;0;0;0;4;0;0;4;0;0;0;11;0;7;1;0;1;4;0;0;0;0;0;0;6;0;0;0;0;0;1;0;0;1;5;0;6;0;0;0;0;0;5;0;2;4;2;3;0;0;0;8;4;5;5;0;0;6;0;0;0;0;3;1;0;6;5;5;0;2;3;0;0;0;0;0;0;0;1;0;0;2;0;0;0;0;3;0;0;0;1;0;0;4;0;7;0;0;0;0;0;0;0;0;0;0;0;0;0;6;0;0;0;4;1;0;0;7;1;0;4;1;0;0;4;0;0;3;0;4;0;0;1;4;1;3;0;3;2;2;7;0;4;2;0;4;0;1;0;0;1;5;0;2;0;0;2;0;0;0;1;0;0;2;2;13;1;0;0;6;0;0;0;0;0;0;12;8;1;3;0;1;3;6;4;3;1;0;0;0;0;0;20;0;0;1;0;2;0;15;10;4;0;39;21;1;73;12;3;12;5;0;1;0;0;0;1;3;0;0;0;72;11;5;1;0;0;0;3;0;0;0;1;0;0;0;2;0;1;0;0;2;0;0;1;3;2;0;0;6;1;1;0;0;0;1;6;0;0;0;0;0;6;1;3;0;0;0;0;0;0;0;1;1;0;0;0;1;1;1;1;2;5;0;0;0;1;3;6;0;3;3;0;7;0;1;0;0;0;1;2;0;3;0;1;0;7;1;0;0;1;0;0;0;1;0;0;4;0;0;4;4;0;2;0;0;0;0;1;0;1;1
09573000;0;0;2;0;0;0;0;1;2;1;0;0;3;0;0;12;1;0;2;0;0;1;0;1;1;0;0;0;3;0;0;0;0;0;0;6;0;1;0;0;0;0;0;0;0;0;2;0;0;0;2;0;0;0;0;0;0;0;0;0;0;0;0;0;0;1;0;0;0;2;0;0;0;0;1;0;0;1;2;7;0;2;0;3;0;2;0;1;0;0;0;2;2;0;1;0;0;1;0;2;0;1;0;0;0;0;0;0;0;0;0;0;0;2;0;0;0;0;0;2;7;0;0;2;1;2;0;0;0;0;1;1;0;3;0;2;4;0;1;0;0;0;0;1;0;0;0;0;2;1;0;0;0;6;0;0;0;0;0;1;0;0;2;0;0;0;1;0;1;0;0;0;0;0;0;1;0;0;0;2;0;0;9;2;0;3;1;1;4;0;2;0;0;0;0;12;4;0;2;1;0;0;1;1;0;0;0;0;0;0;0;0;1;0;0;1;2;6;1;0;0;0;6;0;2;2;0;5;0;0;7;0;4;0;0;0;11;0;0;0;0;6;0;6;4;5;0;0;1;5;5;5;5;0;0;2;0;0;10;1;57;0;24;32;6;22;1;0;9;0;0;13;8;2;23;9;0;3;14;2;28;446;0;2096;29;143;6;0;51;156;42;46;0;0;11;12;5;5;4;11;0;0;6;11;9;1;7;0;0;0;3;0;0;1;0;1;0;0;0;1;0;3;0;0;0;0;1;0;2;7;0;0;0;0;0;0;0;0;0;0;1;3;0;0;1;6;2;1;0;2;0;5;2;0;1;0;0;3;0;4;0;0;4;0;1;0;0;1;0;1;0;0;4;1;0;1;0;4;5;0;0;0;0;0;0;0;0;0;2;8;0;4;0;0;0;2;0;1;0;2
09574000;0;4;0;0;0;0;0;0;0;0;0;0;2;0;0;3;7;1;0;2;5;1;7;0;0;0;13;0;0;1;0;1;0;0;4;0;0;1;0;1;0;3;0;0;1;0;3;0;0;0;0;0;4;0;7;0;0;0;0;2;0;0;0;9;0;0;4;9;0;0;0;3;1;1;0;0;4;2;3;2;0;1;0;0;0;0;0;0;0;0;1;0;0;0;0;0;2;1;0;0;0;1;0;0;0;2;2;0;4;0;0;7;0;2;0;3;1;0;6;5;0;1;0;0;0;0;2;1;0;0;0;0;1;2;1;0;0;0;1;0;0;0;0;0;0;2;1;0;0;5;3;1;0;1;1;0;0;1;0;0;0;0;0;0;1;0;0;0;0;1;0;1;0;0;4;0;0;0;6;0;8;0;0;0;0;0;0;0;0;1;6;0;7;0;3;0;0;0;1;0;3;4;1;1;0;0;0;0;0;0;5;0;0;8;0;0;3;0;0;0;3;4;2;0;1;0;3;0;0;7;0;0;0;0;0;0;0;2;0;4;0;3;0;10;0;9;0;2;0;0;0;3;16;0;3;0;4;15;0;0;84;0;118;15;0;8;0;0;11;0;3;0;23;4;4;9;1;20;0;0;3;0;0;0;0;17;16;0;0;10;0;4;0;1;11;2;3;12;3;9;0;0;0;1;1;1;0;1;0;0;0;7;0;0;11;3;6;5;0;1;3;0;0;0;0;2;1;0;1;2;2;2;1;1;6;0;0;0;3;0;1;0;0;0;0;9;1;0;1;1;14;6;0;3;0;1;4;0;6;0;0;0;1;1;0;0;2;0;2;0;0;1;0;0;8;3;0;0;0;0;5;2;0;2;4;3;4;0;4;2;0;1;3;0;0;0;6;6;0;0
09575000;2;0;1;0;0;0;1;4;0;0;0;0;1;0;0;13;2;0;0;0;3;1;1;0;1;0;0;6;0;0;0;0;7;7;0;0;0;2;0;0;1;0;0;1;0;0;1;0;0;0;0;0;0;2;0;4;0;0;0;0;1;0;0;0;0;9;4;0;0;2;0;0;0;5;4;0;0;0;3;0;0;0;1;0;0;0;0;0;0;0;1;8;3;1;10;0;0;0;2;0;0;1;0;0;1;1;0;0;6;2;0;1;0;0;5;0;0;8;0;7;0;0;0;2;0;1;3;0;0;1;3;0;1;7;2;0;0;3;2;0;0;0;0;2;0;0;2;0;0;0;2;0;4;1;0;2;0;0;0;3;1;0;0;2;0;0;0;0;1;1;0;0;0;0;0;2;4;0;2;0;0;0;0;2;0;10;0;8;12;0;0;1;1;0;3;0;5;0;0;0;0;0;0;10;2;0;11;0;0;2;4;1;3;0;2;0;2;0;6;0;0;2;0;7;3;0;0;3;4;0;3;0;0;0;0;1;0;1;0;0;0;0;1;0;0;0;3;0;0;1;5;0;1;0;0;3;1;0;3;0;0;3;9;2;0;1;0;0;1;0;0;0;0;3;0;3;0;0;2;2;11;8;0;0;0;18;0;0;0;0;0;0;0;2;7;7;2;0;1;0;0;5;0;0;3;0;0;0;3;8;0;0;0;0;1;3;0;0;2;1;0;0;0;2;21;1;0;0;0;1;2;0;0;0;0;0;0;0;1;1;0;0;2;0;0;7;0;0;0;0;0;0;2;1;5;0;0;2;2;0;1;0;0;0;0;0;0;0;0;0;0;0;0;1;1;1;0;1;0;0;0;0;0;0;0;0;0;0;0;1;8;2;4;0;2;0;0;0;0;0
09576000;0;1;3;0;2;0;0;0;1;0;0;0;0;0;0;0;1;0;0;4;0;0;0;0;0;0;3;0;0;0;0;0;1;0;0;0;1;1;0;3;0;2;0;0;0;0;3;0;2;0;3;2;2;1;0;1;0;0;3;0;0;7;0;2;0;1;0;0;0;6;0;0;0;4;0;0;0;0;0;11;0;0;0;0;0;0;0;0;0;0;0;2;0;0;0;0;0;4;0;0;0;0;0;0;1;0;0;0;1;0;0;0;0;5;3;3;1;3;5;1;5;0;0;0;0;1;3;2;0;0;5;0;0;0;0;1;0;0;5;1;0;0;4;0;1;0;1;0;4;0;0;0;0;1;4;1;0;2;0;0;2;0;0;0;0;0;1;0;0;0;0;0;0;0;0;0;0;0;8;4;0;1;0;0;3;0;0;1;8;0;3;0;2;0;0;0;0;0;5;2;0;0;0;0;1;0;0;1;0;0;0;1;0;0;0;1;0;0;0;0;6;2;0;0;3;1;0;0;0;0;0;0;0;0;0;2;0;0;0;0;0;3;3;1;0;0;0;0;8;1;0;0;2;1;0;8;0;0;0;6;13;3;108;0;5;0;1;9;0;0;0;10;0;0;10;5;0;1;0;0;0;3;0;0;0;42;0;0;1;13;0;60;0;0;0;4;0;0;11;0;0;0;0;0;0;5;3;2;3;1;3;4;6;5;1;7;9;0;0;0;0;0;0;0;0;2;0;0;0;4;0;0;0;0;0;0;0;0;0;1;0;0;0;3;0;2;0;0;2;2;1;2;0;7;4;7;0;0;8;0;0;4;0;1;0;1;0;0;0;0;2;0;0;4;0;0;0;0;3;1;3;0;0;0;0;1;2;1;0;0;3;0;0;1;1;0;1;7;0;0
09577000;0;1;1;1;0;0;2;1;1;0;2;0;0;0;0;2;1;0;0;0;0;0;0;2;4;0;0;0;2;0;0;0;0;0;4;1;0;1;0;1;0;0;0;0;2;5;0;1;2;0;1;0;1;1;0;0;0;0;0;1;0;0;0;4;0;0;0;0;0;0;0;0;0;0;0;1;1;0;0;1;0;5;2;0;0;0;3;1;1;0;1;0;0;4;3;0;0;0;0;0;0;2;3;1;0;0;0;0;4;0;0;0;0;2;4;6;0;1;2;0;1;0;0;0;0;1;0;0;0;0;0;0;0;0;0;0;0;0;2;3;0;0;2;0;0;2;0;0;1;7;0;1;0;0;0;0;0;0;1;1;0;0;0;0;0;0;0;0;0;0;0;0;0;0;1;0;1;0;3;0;0;5;1;1;0;0;1;8;0;0;0;0;3;0;0;6;0;2;0;3;0;0;0;0;1;0;0;1;0;0;0;0;0;0;1;1;0;6;7;4;11;3;29;0;0;0;6;0;0;0;0;0;4;0;0;0;0;0;0;1;0;2;0;3;0;2;5;0;0;0;0;0;3;1;0;4;2;3;0;2;0;0;0;0;0;10;1;0;4;0;0;0;1;6;4;4;3;0;0;0;9;0;0;0;0;0;0;0;0;10;0;0;3;0;2;2;0;2;0;4;0;0;0;0;0;2;0;1;0;0;0;0;0;6;0;6;0;2;3;0;0;1;3;1;0;0;1;0;0;1;0;0;0;0;9;0;0;0;0;0;0;1;0;0;2;0;0;4;0;1;0;1;2;0;3;0;2;0;0;0;0;0;1;0;0;0;0;0;0;0;0;0;0;0;1;1;0;4;0;0;1;0;1;1;0;0;7;0;6;1;0;6;0;0;0;0;0;0;0;0
09661000;0;0;1;0;0;0;3;0;1;0;0;0;0;2;1;5;3;1;0;0;0;0;1;0;0;0;0;1;0;0;0;0;1;0;1;0;0;0;0;0;0;0;1;0;0;0;0;0;0;0;0;0;0;0;1;1;0;2;0;0;0;0;4;13;1;0;0;0;0;0;1;0;3;0;0;1;0;0;10;8;5;4;0;5;1;1;3;4;3;0;1;0;1;0;0;0;0;1;0;1;0;4;0;1;0;6;1;1;0;2;0;0;0;0;1;0;9;14;0;0;0;0;0;2;11;1;0;0;2;0;3;3;0;0;1;0;4;0;1;1;7;1;2;1;0;0;0;3;0;2;0;0;1;0;1;0;0;1;0;0;0;0;0;0;0;0;0;0;1;6;0;0;0;0;0;0;0;0;24;6;0;0;8;2;2;0;3;0;12;0;7;0;0;3;2;1;0;0;1;0;0;7;1;5;0;3;9;4;0;0;6;4;0;1;3;0;0;3;1;10;1;1;0;20;0;0;1;0;3;2;3;2;0;0;0;0;2;0;0;1;0;2;0;0;0;0;0;0;0;0;2;2;2;0;0;0;1;0;0;0;0;0;0;0;0;0;0;0;0;0;0;0;3;0;0;4;0;0;3;1;0;0;1;0;5;0;0;1;5;0;0;0;0;0;0;147;5;0;0;0;0;0;0;12;5;0;1;1;0;2;0;0;0;2;0;0;3;0;4;0;0;0;0;0;0;0;0;0;0;6;0;2;0;0;2;0;0;2;0;0;1;2;0;0;0;3;0;0;1;1;0;0;0;0;2;0;0;0;1;0;1;4;0;0;1;3;2;0;0;0;0;1;0;0;0;1;1;0;0;0;0;0;0;1;0;0;0;1;0;1;0;1;0;0;0;0;0;0;0;1
09662000;0;0;0;0;0;3;3;1;0;0;0;0;0;0;1;17;0;0;0;0;0;0;1;0;6;0;9;0;0;0;1;1;1;1;0;0;0;0;0;0;1;0;0;0;0;0;0;0;1;0;0;0;3;0;0;1;0;2;0;0;0;9;0;4;0;0;0;1;7;0;2;3;0;2;0;10;0;0;0;0;0;8;0;5;0;0;2;0;1;0;0;4;0;0;7;0;0;0;1;1;0;1;0;0;0;0;8;2;0;0;0;0;0;0;3;0;0;7;1;0;0;0;0;0;5;0;0;0;0;0;2;0;0;0;4;0;0;0;2;4;1;0;0;0;0;1;2;0;0;8;0;0;2;0;0;0;0;1;0;1;6;1;2;0;0;0;0;0;4;0;0;0;1;0;0;0;3;0;9;0;0;0;6;1;0;9;3;0;0;0;8;0;0;2;0;0;5;0;0;0;1;2;2;0;0;0;0;0;2;0;0;2;6;2;3;0;1;1;0;4;0;0;5;13;2;0;9;0;0;0;0;0;4;0;0;0;4;1;7;1;0;0;0;0;0;0;0;0;0;2;1;1;3;0;0;0;0;0;1;0;0;0;3;1;4;0;0;3;7;0;1;20;0;0;0;0;0;0;0;2;0;11;0;16;0;0;1;2;0;0;1;0;4;0;0;0;0;0;0;3;0;11;0;0;0;1;5;0;1;0;0;0;0;0;0;1;4;0;0;0;0;0;0;0;0;0;0;0;2;3;2;0;0;1;0;0;0;0;2;0;0;0;0;0;0;0;0;1;3;0;0;3;2;0;0;0;1;2;0;1;0;0;0;0;0;7;0;0;1;1;0;3;0;0;0;2;0;0;4;2;2;0;0;0;0;0;7;0;0;0;0;0;0;0;1;2;0;1;0;0
09663000;0;5;2;3;2;0;4;0;0;3;1;12;0;0;0;78;0;2;0;3;0;0;0;0;1;0;0;0;0;0;1;2;0;0;3;0;1;1;0;0;1;0;2;0;1;0;3;0;1;4;6;0;3;3;0;2;0;0;0;0;2;3;1;12;2;0;0;0;1;1;0;0;2;0;7;3;0;0;6;35;6;0;3;10;0;0;2;0;3;0;0;9;0;2;4;4;0;2;0;0;0;3;4;0;0;1;0;0;5;3;1;0;0;0;0;0;5;80;0;13;7;7;1;0;0;4;0;0;0;7;2;1;1;0;0;5;0;0;0;1;7;0;7;2;4;0;5;0;0;0;0;1;0;0;0;1;0;1;0;0;2;0;0;1;0;0;2;0;0;2;0;2;0;1;3;7;0;0;10;4;7;0;0;0;0;0;0;6;2;0;0;1;2;4;0;0;0;0;1;0;0;0;0;5;0;0;2;0;0;0;5;5;9;0;0;4;0;0;9;5;2;0;0;74;0;2;3;13;6;0;0;1;0;0;3;0;6;0;0;0;0;0;8;4;0;3;0;0;0;0;4;0;0;0;0;0;2;0;4;1;0;8;0;0;0;3;0;12;0;2;0;0;4;0;0;0;0;0;0;0;0;0;14;30;4;0;2;0;0;0;0;0;1;3;0;0;0;0;0;76;0;0;0;593;0;0;0;3;3;0;7;0;9;8;0;2;0;0;0;0;0;0;2;0;114;1;2;0;0;4;0;0;3;1;3;0;0;0;2;0;2;0;0;0;2;1;1;3;1;0;3;7;0;0;7;8;6;0;0;0;0;27;1;0;1;0;0;0;0;1;0;2;0;2;0;1;0;0;12;6;0;1;2;0;0;0;0;0;0;0;3;0;0;0;0;0;3;4;1;0
09671000;0;2;1;2;0;0;10;2;1;3;1;4;1;0;5;14;1;0;0;1;1;0;0;0;8;0;10;3;3;0;0;2;3;0;2;3;0;0;1;6;1;5;1;1;0;0;0;0;1;1;4;1;4;3;0;5;0;0;2;2;0;9;1;4;0;0;0;0;0;2;1;0;0;2;17;0;0;1;0;13;2;8;1;0;1;0;0;5;0;0;0;0;7;3;5;0;2;0;1;4;0;5;1;3;5;0;0;4;3;7;0;1;0;0;1;13;0;0;0;8;6;0;0;0;0;0;0;0;0;3;0;4;7;9;14;6;0;4;2;1;2;0;3;0;2;0;10;0;1;3;4;1;2;0;5;0;0;0;0;10;1;1;7;1;0;2;4;0;3;0;2;4;0;0;0;0;0;0;9;0;9;0;0;4;2;0;2;0;7;0;7;0;1;10;0;2;1;4;0;2;3;3;6;4;4;2;4;0;5;0;4;0;2;3;0;0;7;0;0;0;0;1;5;0;1;2;0;0;0;1;0;0;0;1;0;0;1;0;0;1;0;6;0;0;0;0;0;0;1;0;3;5;6;0;1;0;1;0;0;0;0;0;6;4;2;0;0;0;0;5;0;0;0;0;0;0;0;0;16;1;0;7;1;15;0;4;1;0;0;0;0;0;0;16;31;0;6;8;3;0;131;83;0;41;2;0;0;0;0;0;0;2;0;2;0;0;2;0;0;0;2;0;0;0;5;0;4;0;0;0;0;0;5;0;3;1;1;0;3;0;0;0;0;1;1;0;0;5;1;4;8;10;2;5;5;0;0;5;8;0;2;0;1;1;0;0;0;1;0;0;4;3;0;1;0;0;0;0;4;0;4;0;1;3;0;0;0;1;1;0;0;0;4;1;0;1;0;0;1;0
09672000;6;4;7;0;3;0;0;0;0;1;2;1;3;1;5;15;0;9;0;2;0;0;0;0;1;0;0;0;0;0;0;0;0;4;0;0;0;8;0;0;0;0;0;0;0;0;3;1;0;0;0;2;0;0;0;0;0;0;3;1;1;0;0;4;0;1;3;1;0;0;0;0;0;0;0;0;0;0;0;8;0;0;0;0;0;0;0;0;1;2;0;4;0;1;0;0;0;1;0;2;2;2;9;0;8;1;0;0;3;0;2;0;0;1;0;0;0;0;0;4;0;0;0;0;0;0;0;0;0;0;0;0;0;0;1;3;0;1;0;0;3;3;1;4;0;3;0;0;0;0;0;9;0;0;1;0;0;0;0;0;0;0;0;0;1;2;2;0;0;0;0;1;0;0;2;2;3;4;10;5;0;2;0;1;2;1;0;0;0;1;2;0;6;0;0;5;9;0;6;0;1;0;0;2;4;1;0;1;2;3;4;0;3;0;0;4;0;2;0;0;2;0;0;5;0;2;0;3;3;0;4;4;0;0;0;0;0;0;9;0;1;0;0;0;0;2;2;4;0;0;1;2;0;6;0;1;0;0;0;0;0;0;4;0;0;2;2;0;0;5;1;0;0;5;0;2;0;0;0;0;0;4;5;0;0;0;0;0;0;0;3;0;0;61;15;0;0;37;2;0;0;0;0;0;2;2;0;0;0;0;0;1;1;2;0;6;6;2;0;1;1;0;2;0;0;0;0;0;0;0;0;0;0;0;0;1;2;0;0;0;1;0;2;2;0;0;0;0;8;0;0;0;0;0;0;0;7;2;1;0;0;6;1;0;0;2;0;4;1;4;5;0;0;0;0;3;1;0;7;0;0;0;3;0;0;3;3;2;0;0;2;1;3;2;0;1;0;1;0;1
09673000;0;0;0;1;0;5;2;0;0;0;2;0;4;0;1;12;0;0;1;0;1;3;1;0;0;0;4;0;0;0;0;0;0;0;1;1;5;3;1;0;0;0;0;0;0;3;0;0;0;0;0;0;0;0;0;0;2;0;0;1;0;1;0;6;2;8;0;0;1;1;0;1;0;0;6;0;0;0;1;0;0;0;0;1;0;0;1;4;2;0;0;0;0;0;0;0;0;2;0;0;0;7;1;0;9;0;0;0;10;0;0;0;0;0;0;5;1;5;1;2;3;0;0;1;0;0;0;1;0;1;0;0;0;2;0;1;10;0;3;1;1;0;0;0;2;0;0;0;2;0;0;1;0;0;1;0;0;0;0;1;0;0;0;0;0;0;1;0;0;1;0;0;0;1;0;0;0;0;0;3;1;0;3;2;0;0;0;6;0;1;0;0;2;0;0;0;0;0;0;1;2;0;0;0;3;3;1;0;1;0;0;2;6;0;0;0;0;1;2;0;0;0;0;0;0;0;0;0;0;0;0;0;0;2;0;1;0;0;0;0;2;0;0;13;0;0;0;1;0;1;0;5;0;2;0;4;0;0;3;0;0;0;0;1;0;1;0;5;3;1;7;0;7;0;0;1;1;0;0;0;2;13;0;10;3;0;4;0;0;4;3;0;3;38;25;0;0;0;0;4;0;0;0;4;7;0;3;0;0;0;0;0;3;0;1;1;1;0;0;0;6;0;0;0;0;1;0;0;1;0;0;0;1;0;0;0;2;0;0;0;0;0;1;0;0;2;0;5;0;0;0;0;0;5;0;4;0;0;1;0;0;15;1;0;2;6;0;1;0;0;0;0;0;0;0;0;1;0;0;0;0;3;0;0;0;0;3;0;19;0;1;5;2;0;0;0;0;0;0;5
09674000;0;2;1;0;0;0;1;0;0;0;0;0;0;0;0;8;0;0;0;0;2;0;0;0;0;4;2;0;3;3;0;1;0;0;1;1;2;0;0;0;0;0;0;0;1;0;0;2;3;0;2;0;0;0;0;3;0;2;1;0;0;0;0;0;0;0;0;0;0;0;0;1;0;0;1;0;0;0;0;5;0;0;1;0;1;0;0;0;1;0;0;1;1;0;0;0;0;0;0;0;0;0;0;0;0;0;0;2;7;0;1;0;0;0;0;0;4;0;0;0;0;0;2;0;0;3;0;0;0;0;6;0;1;1;0;0;4;2;1;0;2;0;0;1;0;0;0;0;1;5;1;0;0;1;0;0;0;1;0;0;0;0;2;0;2;0;0;0;1;1;0;0;0;0;0;0;0;0;0;0;0;0;0;0;2;0;1;0;3;1;3;0;0;0;1;1;1;1;2;0;0;1;0;0;0;0;2;0;0;1;0;0;1;0;1;0;0;0;1;0;0;0;5;9;0;0;0;0;2;0;1;0;0;5;7;1;0;0;0;2;1;3;0;4;0;3;0;2;0;4;2;1;4;0;0;1;0;0;8;0;1;1;0;0;2;1;0;0;5;11;1;0;4;10;16;3;0;6;0;2;4;9;0;16;0;0;3;0;0;0;0;3;1;33;18;0;0;20;0;0;5;0;0;9;2;0;0;2;0;0;0;3;0;0;0;2;2;0;2;0;0;0;1;0;0;0;1;0;1;0;0;1;1;0;0;0;2;1;0;0;1;1;1;0;0;0;0;1;0;0;1;1;0;0;4;0;0;2;8;0;0;2;0;0;0;0;0;0;3;7;0;0;0;1;0;2;0;1;0;3;4;1;0;4;0;0;3;0;0;0;0;0;0;2;0;0;2;0;1;1
09675000;0;0;0;1;0;0;0;0;2;0;0;0;0;0;0;7;3;3;1;0;0;1;0;1;0;1;0;0;0;3;1;0;0;1;2;3;0;1;0;0;2;1;0;1;0;0;0;0;0;0;0;0;0;0;2;3;0;2;0;0;0;4;1;2;3;0;0;0;1;0;0;0;0;0;4;0;0;3;0;4;4;0;2;0;0;8;0;2;11;0;5;0;0;0;4;4;0;1;1;0;0;2;5;0;0;0;2;0;0;1;0;0;1;2;4;2;0;0;2;5;4;0;0;0;0;0;1;5;2;0;0;0;0;4;7;1;11;3;0;0;2;0;0;1;0;2;1;0;0;0;2;0;2;0;0;0;0;0;0;0;1;1;0;0;0;0;0;0;1;0;0;0;0;0;0;0;0;0;0;0;0;2;0;0;3;2;0;0;0;0;0;2;0;0;0;0;0;0;0;0;2;3;0;0;0;0;1;0;1;1;5;1;0;1;0;0;0;1;0;5;3;0;0;4;0;0;3;0;0;0;0;0;11;8;0;0;1;0;0;3;0;3;2;4;0;0;0;3;2;0;4;0;0;0;4;0;0;0;0;0;0;2;0;2;0;0;2;0;8;1;0;0;1;11;7;5;0;3;0;1;0;0;10;30;0;2;8;0;0;31;2;0;1;0;0;6;29;0;3;0;3;1;0;0;0;0;0;0;1;0;2;0;0;4;0;3;1;0;0;0;0;1;0;0;0;0;2;1;0;2;0;0;0;0;0;0;0;0;6;0;2;0;3;0;1;2;0;0;0;1;0;0;1;10;5;2;4;0;5;0;0;12;0;0;2;0;7;0;2;0;0;0;0;1;0;4;1;0;0;2;0;1;0;0;2;6;0;0;0;0;0;0;0;0;0;0;0;0;0;1
09676000;2;0;0;2;5;0;0;5;0;1;5;0;0;0;0;15;0;0;0;3;0;0;1;0;0;0;0;2;0;5;0;2;0;0;0;0;0;0;2;0;0;0;0;6;1;0;0;2;0;1;2;0;0;0;0;0;3;2;0;0;1;3;1;1;0;6;0;0;0;2;0;0;0;1;0;3;0;0;5;6;0;0;0;0;0;0;1;1;1;0;3;5;0;0;0;4;0;1;3;1;7;0;0;0;0;8;0;2;0;0;1;0;1;0;0;0;15;0;0;4;4;0;0;0;0;0;0;0;0;5;0;0;0;1;0;0;0;3;2;2;1;0;0;5;0;0;0;0;0;1;0;0;0;0;3;0;0;0;0;0;4;4;0;0;2;0;0;0;0;4;1;2;0;0;0;6;0;0;0;0;0;0;0;0;0;6;0;0;71;6;0;0;3;0;0;1;14;38;0;0;0;0;4;2;4;1;3;0;0;3;16;0;0;0;1;0;0;0;0;2;0;2;0;0;0;0;1;0;0;3;0;0;8;0;2;0;0;4;0;0;0;1;0;1;3;0;9;0;0;3;0;2;5;0;0;0;0;0;0;0;0;1;0;0;0;6;0;0;0;2;1;0;0;0;0;0;0;0;0;0;0;9;0;0;0;0;0;4;3;0;1;0;16;6;11;0;4;11;0;0;0;13;0;0;0;1;0;1;0;0;0;0;0;0;0;0;0;5;6;0;0;0;0;0;1;0;0;0;0;1;0;0;2;4;1;0;2;0;1;0;0;2;1;0;0;1;0;1;0;2;1;0;0;4;4;0;0;0;8;0;3;0;0;1;0;0;4;0;0;0;0;0;0;0;0;0;0;0;0;1;0;0;1;0;0;2;1;0;1;4;0;0;1;0;0;3;0;0;0;0
09677000;0;3;3;0;1;1;3;2;4;1;2;0;0;0;0;3;1;1;1;0;0;2;0;1;0;0;0;1;0;0;0;0;1;0;1;0;1;0;0;0;4;0;0;0;0;0;0;0;0;0;2;0;0;1;0;2;0;0;1;1;0;0;9;14;4;1;0;0;0;0;0;2;0;1;10;0;1;0;3;1;0;0;0;0;2;0;0;2;0;0;1;0;0;0;0;0;0;0;0;0;0;0;1;0;0;8;0;0;2;0;0;0;2;0;0;0;0;28;1;0;0;0;0;3;0;0;0;0;0;0;1;0;0;3;0;8;3;0;2;2;0;0;2;0;2;1;0;2;0;4;3;0;0;0;3;1;0;0;0;1;1;0;0;4;0;0;0;1;0;2;0;0;0;0;2;0;0;0;0;3;0;0;0;0;0;0;5;0;21;0;0;1;0;4;0;3;1;20;0;1;1;0;0;3;0;1;0;2;4;0;0;0;0;7;0;0;2;0;3;0;3;0;0;14;2;0;0;6;0;1;2;0;0;0;1;0;0;0;0;3;0;3;0;0;0;1;0;0;2;0;0;2;0;2;0;0;0;4;0;0;3;0;3;3;0;2;0;0;0;4;2;10;4;0;3;0;1;0;0;0;2;0;2;22;2;0;0;3;0;0;1;3;15;0;20;0;44;3;6;0;0;0;0;0;0;0;1;1;0;3;0;1;0;0;0;0;1;6;0;0;1;0;0;0;12;1;0;0;0;0;2;1;1;0;0;0;0;0;1;0;0;4;0;0;0;0;2;2;0;0;0;4;0;3;5;0;6;0;5;1;2;0;0;0;1;0;6;0;0;1;3;1;1;4;0;0;0;1;0;0;0;0;2;0;0;0;3;1;0;0;0;0;0;0;0;0;0;1;2;1
09678000;1;0;3;1;0;4;1;0;3;3;1;0;0;1;1;0;0;0;3;5;0;0;0;0;0;0;0;0;0;1;0;0;0;0;0;2;0;0;0;0;0;0;0;1;0;0;0;0;2;1;0;3;2;1;4;0;1;0;0;0;0;3;0;0;0;1;0;0;0;0;1;0;0;0;0;1;2;0;4;6;0;0;0;1;0;5;0;1;5;1;2;4;0;0;0;0;0;1;1;5;0;0;0;0;0;2;2;0;0;0;0;0;0;0;0;0;0;3;0;12;0;0;4;0;8;4;1;5;1;2;0;0;0;0;0;0;16;0;0;1;0;0;0;7;0;0;0;0;0;2;2;0;0;0;0;0;2;1;2;0;3;0;0;0;0;0;0;0;0;0;1;0;0;1;0;0;0;0;2;4;0;1;0;3;6;0;0;7;0;0;0;1;2;1;0;6;13;0;0;0;3;1;2;0;0;0;0;0;2;0;0;0;7;0;0;4;3;0;0;13;1;6;3;0;2;3;2;0;11;4;6;8;23;5;0;8;5;9;0;0;0;11;4;5;0;2;6;8;11;1;1;26;13;1;11;10;3;8;3;15;5;19;5;4;15;14;7;4;2;40;6;2;58;20;31;48;19;5;106;17;17;29;13;56;33;37;127;0;39;43;24;13;87;35;91;285;245;216;249;40;403;287;0;281;0;0;0;0;0;2;3;0;0;14;2;8;14;6;0;1;0;2;0;0;14;2;0;0;0;0;1;0;2;0;0;0;0;2;0;0;0;0;0;0;0;0;8;0;0;1;0;0;7;0;2;4;0;0;0;0;0;0;0;0;0;0;1;0;0;0;0;0;4;6;0;1;0;0;4;1;0;4;0;1;1;0;9;0;10;0;0;4;2;0;0;0;0;4;0;0
09679000;0;2;0;0;1;0;5;3;0;3;0;1;0;0;0;7;0;4;0;2;0;0;0;0;2;0;0;0;0;2;0;0;0;0;0;3;0;0;0;2;2;1;1;0;0;0;0;0;0;1;0;0;0;1;0;0;0;0;1;0;1;1;1;6;0;4;0;0;0;0;0;0;0;2;0;2;0;0;4;8;0;6;2;2;0;0;0;0;13;2;9;0;0;1;7;3;0;0;3;0;5;3;0;2;0;2;2;11;1;0;1;0;0;2;0;2;0;0;0;7;1;0;0;7;1;0;0;17;0;6;1;2;0;2;0;6;0;2;3;4;0;0;0;0;1;0;0;1;12;3;0;0;0;4;0;0;5;0;1;0;0;4;3;0;3;0;0;0;0;0;0;0;0;0;3;0;5;0;0;0;4;10;0;1;0;1;3;0;109;0;3;1;0;0;0;0;0;11;0;0;0;2;0;4;1;2;6;2;1;3;1;8;0;6;0;0;1;0;0;2;0;0;3;10;0;1;5;0;1;0;0;1;0;0;7;0;0;0;0;3;0;4;0;6;4;0;0;0;0;0;0;7;0;0;2;0;3;0;0;1;0;3;7;4;0;4;5;0;0;5;2;3;5;8;4;7;0;0;2;0;0;0;10;0;0;17;7;0;0;19;9;1;0;11;0;0;30;0;0;109;9;139;0;0;7;0;5;0;3;0;0;0;6;4;1;0;0;7;9;0;0;0;0;0;0;1;9;0;4;4;1;2;2;1;0;0;0;0;0;1;0;3;1;4;0;0;3;0;2;1;0;0;0;0;0;4;7;3;1;0;2;0;1;0;1;1;0;0;2;1;3;0;5;5;1;0;2;1;0;0;6;0;2;0;0;0;1;2;0;0;5;0;1;0;0;0;0;0;3;0
09761000;0;2;7;2;0;2;0;1;0;4;1;2;0;2;0;28;5;0;0;1;0;0;0;0;0;0;0;0;0;0;0;3;1;4;4;5;1;2;0;0;8;0;5;0;2;0;0;5;0;1;1;2;9;2;0;0;0;0;0;1;0;0;6;8;1;0;0;1;0;3;0;0;14;0;0;9;0;2;0;36;0;0;2;0;4;4;0;1;3;0;0;0;10;0;7;1;0;10;0;0;2;0;0;3;0;2;0;3;0;0;0;3;2;5;2;0;0;36;5;5;0;2;0;0;0;6;0;17;0;6;0;0;0;6;0;0;0;0;0;2;0;4;0;3;1;0;1;0;12;2;4;0;2;4;0;0;0;0;2;0;2;0;0;0;0;1;2;0;0;0;0;0;4;3;0;0;0;0;5;8;0;0;0;0;0;2;0;7;4;0;0;0;0;0;0;0;0;0;10;11;0;0;0;0;3;7;5;0;0;0;4;0;2;8;0;0;0;0;0;0;0;0;16;0;0;0;0;0;0;0;0;14;0;0;0;0;0;47;0;0;0;0;0;0;0;0;0;0;26;0;2;4;11;3;12;0;0;0;0;0;0;5;0;7;0;0;3;0;0;5;3;0;3;0;0;13;9;1;5;0;1;0;16;12;0;0;0;0;0;0;11;9;0;3;3;0;0;0;0;1;3;5;1;0;0;11;21;24;882;1393;108;128;1634;124;0;175;293;153;13;0;6;1;3;0;36;4;0;3;6;1;1;0;5;0;0;0;0;2;0;1;1;0;0;0;0;3;6;0;0;0;0;0;2;0;0;0;0;1;0;0;3;0;0;0;0;2;0;0;2;2;1;0;1;0;0;0;0;1;0;3;0;0;0;1;3;0;0;1;0;0;0;0;0;3;0;2;0;0;1;0
09762000;0;2;1;0;0;0;0;0;0;2;0;0;0;1;0;6;0;0;0;0;0;0;0;0;0;0;3;0;0;0;0;4;0;0;0;2;0;0;0;0;0;0;1;0;0;0;1;1;0;0;0;0;0;0;0;0;0;0;0;0;0;9;0;1;0;0;0;0;0;6;0;0;0;2;0;1;0;0;1;0;0;2;0;2;0;0;0;1;1;0;0;1;0;0;0;0;0;1;3;2;0;0;3;0;3;0;0;0;0;0;1;4;1;2;0;1;0;1;0;2;1;0;0;0;0;0;0;0;2;0;0;1;0;0;2;0;0;0;0;0;0;0;0;0;1;0;0;0;0;0;0;0;2;0;0;0;0;0;0;0;0;1;0;4;0;0;0;0;1;0;1;0;0;0;0;1;0;0;0;1;0;0;0;5;0;3;0;5;0;7;5;0;0;0;0;0;2;2;3;1;0;0;0;6;0;0;1;0;0;0;0;2;0;0;0;0;4;1;5;7;0;1;9;0;0;0;0;0;0;0;0;6;2;0;1;0;1;3;0;0;0;0;0;5;0;1;0;0;0;2;7;0;0;0;2;0;4;0;0;1;2;1;0;1;2;5;0;0;3;0;0;0;1;0;1;0;1;3;0;2;3;0;2;6;0;0;1;0;0;1;0;0;1;0;1;0;0;0;0;0;0;0;3;0;0;0;0;0;0;0;5;0;0;2;44;13;4;0;7;0;0;0;0;0;5;0;2;0;0;0;0;0;0;0;0;0;3;0;1;0;0;0;0;2;0;1;0;1;0;0;0;3;1;1;0;1;0;0;0;0;2;2;0;0;0;0;0;0;0;0;0;0;2;1;0;0;0;0;0;3;0;0;0;0;0;5;0;1;1;0;0;1;0;0;1;0;0;0;0;0
09763000;0;1;0;0;0;0;4;1;0;0;0;0;0;1;0;0;2;2;0;0;0;0;0;0;0;0;2;0;0;2;0;1;0;0;2;0;0;0;0;0;1;0;0;1;0;5;1;0;0;0;1;1;2;0;1;1;0;0;0;0;0;3;0;3;1;0;5;9;2;0;0;0;1;0;0;0;2;4;0;2;0;2;1;2;0;1;0;7;1;0;2;0;2;0;3;0;0;2;4;0;0;0;1;0;0;1;4;0;2;2;4;0;0;0;0;0;0;1;0;6;0;0;1;0;0;2;0;0;0;0;0;2;0;1;2;0;0;0;3;0;0;0;0;2;0;1;0;1;0;0;0;0;4;0;3;1;0;0;0;0;0;0;4;2;1;1;11;0;0;1;0;0;0;1;0;0;1;1;0;0;0;0;1;5;4;0;0;0;0;0;0;1;0;3;6;6;0;0;0;1;0;0;0;1;6;0;1;1;0;0;0;2;0;0;0;0;3;6;0;12;3;0;4;10;6;0;1;0;0;0;1;1;2;4;0;0;0;4;0;1;0;0;0;2;0;0;0;7;0;0;0;0;3;0;0;0;2;0;0;2;4;0;0;0;0;0;1;0;0;0;1;3;0;0;0;0;0;0;2;0;0;0;0;13;0;5;0;0;0;1;0;0;0;0;2;0;0;0;1;0;0;0;2;0;0;10;0;23;0;1;3;14;0;18;19;58;9;167;0;0;1;7;1;0;0;1;0;0;0;0;0;3;0;0;0;0;4;1;0;2;0;0;0;2;0;0;0;2;0;2;2;0;2;0;1;4;7;2;1;0;0;6;0;0;1;3;0;0;0;0;0;0;0;1;1;0;2;0;0;1;2;3;0;0;1;1;0;0;2;0;0;0;0;0;0;0;0;0;0;0
09764000;0;0;0;0;0;0;1;0;0;0;0;0;0;0;2;0;0;0;0;0;0;0;0;0;0;0;0;0;0;0;0;0;0;0;0;1;0;0;0;0;1;0;0;0;0;0;0;0;1;0;0;1;0;0;0;0;0;2;0;0;0;0;0;0;2;0;0;2;1;9;0;0;1;0;0;0;0;1;0;0;0;2;0;3;2;2;2;0;0;0;0;0;0;0;0;1;1;0;0;0;0;0;0;4;1;2;0;0;0;0;0;1;3;1;0;0;1;1;0;0;2;0;0;0;0;0;0;3;0;0;0;5;0;2;0;1;0;0;0;0;1;0;0;0;0;0;2;0;0;0;0;0;0;3;0;0;0;0;0;4;0;0;0;0;1;0;3;0;0;0;0;0;0;0;0;0;0;0;0;0;1;1;0;1;2;0;1;0;2;0;2;0;0;0;0;5;0;2;4;0;0;0;0;3;1;0;0;1;2;3;6;0;1;2;3;0;0;7;0;0;0;0;0;0;1;0;0;3;0;0;0;0;0;0;0;0;2;0;0;2;2;1;5;0;0;5;0;3;0;0;1;0;0;1;1;0;4;1;1;0;0;2;1;0;0;3;0;0;2;0;0;2;0;0;0;0;0;0;0;0;3;0;0;0;0;1;0;0;0;0;0;0;0;0;0;0;0;0;0;2;0;0;0;0;0;9;0;0;0;0;0;0;0;3;0;0;2;0;0;1;0;0;0;0;0;0;0;0;0;1;1;2;0;0;2;0;1;0;0;0;0;0;0;0;0;0;1;0;0;0;0;0;1;0;2;2;0;0;1;1;1;10;0;0;0;0;0;1;0;0;1;1;0;0;0;0;0;0;0;1;0;0;0;0;0;0;1;0;0;0;0;0;0;0;0;0;0;0;0;0
09771000;0;1;0;0;2;0;0;0;2;0;3;1;2;0;1;6;1;0;1;1;0;0;2;1;0;0;0;0;0;0;0;0;0;3;2;0;0;0;8;0;2;0;2;0;1;0;0;0;0;1;4;0;9;4;1;4;3;0;0;0;0;0;0;0;1;4;2;0;0;1;0;0;0;1;0;0;0;2;1;0;0;0;0;0;0;6;0;3;0;1;3;2;1;0;3;0;0;0;0;0;0;3;0;0;1;0;0;0;0;0;0;1;0;0;2;2;0;4;4;0;0;0;2;0;0;0;0;0;2;0;0;2;0;1;0;0;6;11;0;0;1;2;1;3;2;0;0;0;0;0;0;0;5;0;0;0;2;0;0;0;0;0;1;1;0;0;0;0;0;2;0;0;4;0;2;0;0;1;6;0;1;0;0;0;0;0;0;1;0;11;2;1;0;0;0;0;0;0;0;0;2;0;1;3;0;1;3;1;3;0;0;0;1;0;0;5;9;0;7;0;5;2;5;0;9;0;0;0;0;0;5;0;0;0;0;15;0;0;0;136;14;7;0;0;5;0;0;2;0;0;16;2;8;2;0;4;2;0;0;0;0;6;1;6;0;0;10;2;1;1;0;5;0;0;0;0;1;0;0;0;6;0;3;18;0;0;0;0;3;0;0;10;2;0;0;8;3;4;6;0;0;1;0;0;0;13;7;50;0;120;76;55;0;43;6;38;142;62;3;0;3;0;0;0;0;0;8;0;1;0;2;0;4;0;1;0;0;0;0;2;0;5;0;0;0;0;0;2;0;0;2;1;2;1;5;0;0;1;4;1;0;5;5;2;6;0;0;0;0;0;4;0;0;5;2;0;0;0;2;0;0;0;0;1;0;1;0;4;0;0;0;0;0;0;1;1;0;1;0;0
09772000;0;0;4;0;2;0;0;0;0;0;0;0;0;0;0;9;0;8;4;0;1;0;0;0;8;0;3;0;1;1;0;0;0;0;8;5;0;1;1;0;3;5;4;0;0;0;1;0;6;0;0;0;0;0;1;9;1;0;1;0;1;0;0;0;0;0;0;0;0;0;0;0;3;13;0;2;0;0;0;0;1;0;0;0;2;0;0;0;0;0;6;4;0;0;9;2;0;0;0;3;0;4;4;0;0;0;1;0;0;0;3;4;1;0;2;2;1;1;0;0;2;0;0;3;0;4;1;0;0;1;0;4;1;4;1;4;1;0;0;1;1;0;0;2;0;1;1;0;0;0;0;5;0;0;0;1;0;1;0;0;1;4;8;1;0;4;0;0;0;2;0;5;0;4;2;0;0;1;0;0;0;0;3;0;3;1;0;0;3;9;0;0;0;9;1;4;3;7;0;0;2;1;0;1;0;8;0;2;3;0;9;7;0;0;6;1;19;9;15;0;0;0;1;0;7;7;2;4;0;0;9;0;0;0;0;0;2;2;0;0;0;5;0;2;8;11;0;14;0;8;1;4;0;10;0;3;0;4;12;1;0;5;10;1;0;5;2;0;13;0;8;1;3;5;3;3;4;4;2;0;3;3;4;0;0;0;0;1;0;0;0;3;0;1;13;0;8;2;2;1;2;0;0;1;0;10;0;10;0;0;83;126;0;11;5;13;53;0;4;1;2;2;0;1;2;2;0;1;0;1;0;0;0;0;1;3;1;0;2;0;0;0;0;0;0;0;0;6;6;0;0;0;3;6;9;3;0;2;7;2;1;11;3;4;1;1;3;0;0;1;0;0;0;1;0;1;0;2;1;4;1;0;2;1;0;0;1;0;2;1;0;0;2;1;0;0;0;0;0;0
09773000;0;0;0;0;0;0;0;0;0;0;1;0;0;0;0;1;2;0;0;0;0;0;0;0;0;0;0;0;2;1;0;0;1;0;0;2;0;0;0;0;0;0;0;2;0;1;0;0;0;0;4;0;0;0;1;0;0;0;0;0;0;0;0;5;0;15;0;2;0;0;0;2;0;0;0;1;2;0;6;0;0;0;0;0;0;0;0;6;0;0;0;2;0;0;0;0;1;0;0;0;2;0;1;3;0;0;0;0;3;9;0;0;0;0;1;0;2;7;0;5;0;0;4;0;2;0;1;0;1;0;1;0;0;0;0;0;1;0;0;1;0;0;0;0;0;0;0;0;1;2;2;0;2;0;3;0;0;0;4;0;0;0;2;0;2;3;0;0;0;0;0;0;0;5;0;0;0;0;4;0;0;0;0;0;0;1;3;4;3;0;0;0;2;0;0;0;0;0;5;5;0;2;0;2;0;0;0;0;0;0;6;0;2;0;0;5;10;0;0;6;0;3;8;0;2;0;0;0;2;3;10;5;2;0;0;4;0;0;0;0;0;3;0;7;1;0;8;0;0;0;3;1;0;2;3;1;2;1;2;0;0;0;1;0;1;0;1;0;2;0;0;1;0;0;0;0;0;0;1;0;0;2;0;7;0;0;2;0;5;2;0;7;4;1;0;2;0;2;0;0;1;4;0;1;0;0;0;1;0;0;0;0;0;2;10;4;79;0;0;0;0;0;0;0;14;4;1;0;1;0;0;2;0;0;0;0;0;1;0;3;0;0;1;0;0;1;0;0;3;6;0;0;0;0;0;3;6;0;6;0;0;0;1;0;2;7;1;0;0;0;0;0;0;0;0;7;0;5;3;0;0;0;1;0;0;0;1;1;0;0;0;0;0;3;0;2;0;4;0;0
09774000;0;0;0;3;0;2;0;0;0;0;0;1;2;5;0;9;1;0;0;1;0;0;1;0;0;0;2;0;0;0;0;4;0;1;0;4;0;1;0;0;8;0;0;1;1;1;1;7;2;0;2;0;2;0;0;0;4;0;2;0;4;0;1;0;1;0;0;0;0;0;2;0;0;0;3;0;0;0;0;0;0;1;2;1;3;1;1;0;1;0;0;1;1;4;1;3;5;1;0;0;0;2;0;0;2;1;1;0;1;1;0;0;0;2;5;6;3;5;0;5;0;0;0;0;0;0;0;3;2;0;3;0;2;3;0;0;0;6;0;1;0;1;3;0;4;1;3;0;3;0;0;0;2;0;0;0;0;0;0;3;0;5;0;0;0;0;1;0;0;0;0;2;0;1;0;0;1;1;0;0;0;2;0;4;4;0;0;0;10;62;0;0;1;0;1;1;4;0;0;9;0;1;0;2;1;2;9;0;0;5;5;1;3;0;0;0;2;0;0;2;6;5;6;0;0;1;0;0;0;1;0;1;0;0;0;2;0;0;0;0;0;0;0;4;1;2;2;0;0;0;0;1;0;2;0;1;4;0;0;0;6;0;0;3;7;2;1;2;0;1;4;2;0;1;1;0;0;0;0;0;1;1;0;12;0;0;0;2;0;0;0;7;2;2;3;0;0;0;0;2;0;0;2;2;0;0;0;16;0;0;27;0;0;3;0;0;0;7;0;1;0;2;0;2;0;0;0;0;0;0;3;0;0;0;0;0;0;0;0;0;0;1;0;3;1;4;0;3;0;0;0;4;0;5;0;4;0;2;0;1;0;0;0;0;1;0;0;0;0;1;2;0;2;0;4;2;1;3;0;0;0;0;0;0;2;2;0;0;0;0;0;0;0;7;2;1;0;0;0;0
09775000;2;8;0;0;2;0;6;0;1;0;0;3;0;0;0;11;0;1;0;3;0;0;0;1;2;0;0;0;6;0;1;0;0;3;6;0;0;0;0;0;5;2;0;0;1;0;2;3;1;0;0;1;0;0;1;4;0;0;4;1;0;0;1;0;9;0;0;0;0;0;1;2;0;0;2;0;0;0;0;0;5;0;0;0;0;0;0;0;4;0;1;0;0;0;8;0;0;4;2;1;0;0;3;0;0;0;4;0;0;7;5;0;0;0;1;3;0;5;0;5;4;0;0;0;0;0;4;5;0;0;0;4;0;2;1;0;0;0;0;2;0;0;5;0;0;0;4;2;2;0;0;0;0;0;0;0;0;0;0;0;0;4;3;0;0;0;0;0;0;0;1;0;2;0;3;1;0;1;9;0;5;0;0;5;0;0;0;1;9;26;0;1;10;0;3;7;7;4;2;6;0;3;6;6;2;0;6;0;0;1;0;7;0;0;0;6;0;0;0;0;0;12;1;15;0;4;5;5;0;0;4;0;0;0;1;0;2;1;1;0;0;3;10;9;6;0;9;0;0;3;0;0;0;0;0;6;22;0;0;1;0;0;0;1;0;1;0;0;3;3;0;0;1;0;0;0;0;2;0;0;1;0;0;18;0;0;0;2;14;1;0;1;1;0;0;5;0;0;2;2;0;4;5;0;0;5;14;78;81;191;57;89;0;35;70;210;115;89;0;0;2;0;0;0;20;0;0;0;1;4;0;0;0;5;1;0;1;0;6;5;0;2;0;2;0;2;8;0;4;0;2;7;1;4;0;0;0;1;0;6;2;2;0;3;1;0;0;0;0;0;1;0;0;0;3;0;0;0;0;3;0;0;2;0;0;1;5;1;4;0;0;0;0;0;0;0;0;0;0;0
09776000;1;1;2;0;0;0;0;0;0;2;1;0;0;0;5;2;1;0;0;1;2;1;0;0;0;3;4;0;2;1;0;0;0;0;1;0;0;0;2;0;4;0;0;0;0;0;4;2;1;3;0;0;0;1;2;0;1;0;0;0;0;4;0;0;2;0;0;2;0;1;1;4;2;6;4;0;2;0;2;0;0;2;0;0;2;1;0;0;0;0;0;0;0;5;0;1;3;2;0;1;1;0;0;8;0;0;0;0;0;0;1;0;0;0;0;0;0;0;0;0;0;0;1;0;0;2;1;8;0;0;0;1;1;2;0;6;4;0;0;0;7;0;1;0;0;4;0;0;0;1;0;0;2;0;1;0;0;0;0;0;0;0;0;1;0;0;1;0;0;1;2;2;1;2;0;0;0;0;0;0;0;0;0;2;0;0;1;0;1;7;0;0;0;0;1;6;2;0;4;0;3;0;0;7;10;0;0;0;0;2;5;5;1;0;1;2;9;0;0;0;138;4;8;0;0;1;1;0;0;0;1;0;0;0;3;0;0;3;0;0;2;2;0;1;0;2;1;0;3;0;0;2;0;0;4;1;1;0;5;0;0;0;2;0;0;0;0;4;6;0;2;0;0;0;0;0;0;0;0;1;3;10;4;3;3;0;0;0;1;6;0;0;0;1;0;0;0;2;1;0;1;2;0;0;0;0;0;0;0;0;0;0;0;0;15;4;0;0;0;0;3;0;1;0;0;1;0;0;15;0;0;4;0;0;0;2;0;0;6;2;2;2;6;1;0;2;0;0;0;1;0;0;2;6;0;2;1;2;6;0;2;8;0;0;0;0;2;0;0;1;0;0;0;1;0;0;0;0;0;3;0;0;0;0;0;0;0;0;0;0;0;1;2;0;0;1;0;0;0;0
09777000;4;3;0;0;0;0;3;2;1;0;0;0;1;4;0;0;1;0;0;2;3;2;2;0;0;0;0;0;0;0;0;0;0;1;2;0;3;0;0;1;0;2;0;0;0;1;0;0;5;4;3;1;5;0;0;2;0;0;1;0;0;7;0;3;0;5;0;4;0;0;6;0;0;0;0;0;0;2;1;0;0;0;0;1;0;1;0;1;0;0;15;1;0;0;6;0;0;0;1;0;1;0;0;0;2;0;0;0;0;3;6;0;0;1;2;2;0;4;1;0;0;0;0;1;0;2;0;0;0;0;0;0;0;0;0;1;7;2;0;0;0;0;3;0;6;0;0;0;3;0;1;2;0;0;0;0;0;0;0;1;0;0;0;1;0;0;0;0;1;7;2;0;0;0;0;0;0;2;0;0;0;4;0;0;0;0;0;0;2;0;0;1;3;3;4;4;0;0;0;4;0;0;3;5;3;0;3;1;5;0;13;4;10;3;0;0;0;14;0;0;0;2;8;0;0;0;0;0;0;0;8;0;0;0;5;0;0;1;0;0;0;10;0;0;29;3;3;0;0;0;0;6;2;3;0;0;0;2;9;0;0;0;4;5;0;0;0;0;4;2;0;0;0;1;2;0;0;7;1;0;0;5;0;16;0;3;0;1;0;0;0;6;1;0;8;1;0;0;2;1;0;1;0;0;36;0;0;8;0;0;0;6;0;0;0;94;0;0;0;0;0;0;2;0;10;3;2;1;0;0;0;0;1;0;0;0;0;0;0;0;0;0;4;0;1;8;5;5;0;3;0;0;0;6;0;0;0;3;0;0;5;12;4;0;0;1;0;1;3;1;2;0;0;2;0;11;0;0;0;0;2;0;0;0;0;0;0;0;0;0;0;0;0;0;0;5;0;1;2;0
09778000;0;0;0;0;0;2;0;0;0;4;0;7;0;0;0;0;0;0;4;0;0;0;0;0;2;1;0;0;0;2;0;3;0;4;0;0;0;2;0;0;0;0;0;0;1;0;0;0;1;0;0;2;0;0;2;1;0;1;0;0;4;0;1;2;0;5;0;1;0;0;0;0;0;0;0;1;1;0;0;6;0;0;3;0;0;1;0;1;2;0;0;0;2;0;1;8;3;0;0;0;0;0;0;0;0;4;3;3;0;0;0;0;0;0;0;2;0;6;0;0;1;0;0;3;0;0;0;0;0;2;0;0;0;0;0;0;0;0;0;0;3;4;2;0;1;0;0;0;0;4;4;0;0;0;0;3;0;0;0;0;0;0;0;0;0;1;0;2;2;0;0;0;0;1;0;0;0;0;12;0;0;0;0;0;0;0;0;0;2;0;0;0;7;3;0;0;1;0;0;2;0;0;0;0;0;0;7;0;0;0;0;0;4;6;0;4;13;22;18;2;7;0;14;0;4;0;0;0;0;0;2;0;0;0;0;0;0;0;0;0;0;0;0;0;2;0;1;2;0;0;5;0;6;2;2;20;5;0;0;1;2;1;3;1;2;10;0;6;10;1;1;0;1;0;5;0;7;0;0;2;0;1;1;8;0;0;0;0;0;0;0;0;0;0;0;0;0;0;0;0;2;0;0;5;0;0;0;72;0;0;0;42;0;0;0;0;0;0;0;5;2;0;0;1;0;0;0;0;0;1;1;0;1;0;0;0;2;0;0;0;0;0;0;0;0;0;1;0;0;0;0;0;10;0;0;0;3;1;0;4;0;0;1;0;0;1;0;0;0;0;0;0;0;2;0;0;0;0;2;6;1;0;0;0;0;0;0;2;3;3;1;0;3;0;0;0;3;0;6;4
09779000;1;0;1;5;0;1;1;0;0;1;0;2;0;4;2;0;0;1;2;0;2;0;0;0;1;0;6;0;0;0;0;1;0;7;0;1;0;0;4;0;0;6;0;0;0;0;0;1;1;0;0;1;0;0;0;0;0;1;0;2;0;0;1;5;0;5;0;0;0;1;0;0;0;1;0;0;0;0;1;1;6;0;6;0;1;0;0;3;0;0;1;0;0;0;0;1;0;0;0;0;0;5;0;1;0;1;4;0;4;3;0;0;0;2;1;0;3;4;1;3;0;0;0;0;0;0;1;5;0;0;0;4;0;0;2;0;0;1;0;1;6;0;0;0;3;1;0;0;5;1;0;0;0;0;2;1;1;2;4;0;0;5;0;0;0;0;2;0;0;0;0;1;1;0;0;0;2;0;4;0;0;0;0;0;0;2;1;0;2;14;0;0;4;0;2;2;2;0;0;2;0;1;5;3;1;1;2;0;1;1;0;0;0;4;5;0;5;0;8;2;6;1;0;0;2;3;0;2;12;0;1;0;0;0;4;0;0;0;0;3;0;2;0;3;0;0;5;0;5;0;0;0;4;0;0;0;3;3;0;0;0;1;0;1;6;3;2;3;4;0;4;0;9;1;5;0;0;7;0;0;0;0;5;10;0;9;2;10;0;7;0;15;0;0;5;0;0;0;0;0;1;0;0;0;0;0;0;0;0;0;0;7;0;1;4;0;0;1;3;0;0;0;4;0;6;0;0;0;0;2;0;0;0;0;0;0;2;0;1;0;0;0;0;1;0;1;0;0;0;2;0;0;10;3;0;1;5;0;0;0;0;2;1;2;0;2;1;0;0;0;1;2;2;1;0;1;0;0;1;0;1;0;0;1;0;0;4;0;1;1;0;1;2;2;0;0;1;0;0;0
09780000;0;0;0;0;2;0;0;4;0;0;0;4;0;0;4;0;0;2;0;0;2;0;0;0;0;0;2;1;0;0;0;3;8;5;3;0;0;1;1;0;3;3;1;0;4;0;0;0;2;1;0;0;0;4;0;2;0;0;0;1;0;0;0;0;2;0;4;0;0;1;0;0;0;0;0;0;7;0;4;0;2;0;2;4;0;4;2;0;0;0;5;0;0;4;1;0;0;0;4;0;0;12;6;4;3;0;0;0;0;0;0;0;2;8;0;0;0;0;1;5;5;0;0;0;0;0;3;0;0;0;0;0;0;5;1;1;2;0;0;1;1;0;0;0;0;0;1;1;0;0;0;0;0;1;10;0;0;3;0;0;2;0;0;0;1;0;0;0;0;4;0;0;1;2;0;0;0;3;0;0;0;0;0;0;0;0;0;6;3;0;0;0;4;0;0;0;0;0;0;0;0;0;0;9;4;0;13;0;4;3;5;0;0;2;0;0;0;0;0;0;63;0;0;0;0;2;0;1;0;3;0;2;0;0;8;9;0;1;8;0;4;0;0;0;5;0;0;0;2;0;2;3;2;5;0;2;3;0;0;0;1;2;0;0;4;0;0;0;0;0;1;6;3;0;0;0;1;0;1;6;0;0;0;0;0;5;0;2;0;6;1;0;2;9;2;2;0;1;2;7;0;0;0;0;0;10;0;6;0;13;6;0;0;6;127;46;0;0;0;2;1;0;4;5;2;0;1;0;0;5;0;1;1;6;0;1;1;1;0;0;3;0;2;2;2;0;0;0;2;2;1;0;12;0;10;10;0;0;5;1;1;0;2;2;1;0;2;8;3;0;2;0;0;3;0;0;3;2;1;1;1;0;0;0;1;0;0;0;3;0;0;0;0;0;1;0;1;3;4;4
10041000;0;2;0;0;0;2;1;0;0;0;0;0;0;2;4;33;0;8;0;0;0;2;1;8;0;0;27;7;3;2;2;1;0;0;0;0;0;7;0;0;1;0;0;0;0;0;0;0;4;1;0;0;2;3;1;0;0;0;7;0;4;15;0;14;0;0;0;8;2;0;0;1;3;7;1;5;0;1;8;50;3;5;6;7;0;0;0;1;5;0;3;0;0;0;4;3;8;7;16;0;0;1;0;0;8;7;8;3;1;5;5;5;1;0;0;0;0;58;0;14;0;5;0;0;0;0;4;5;0;0;0;6;0;4;1;0;0;0;0;0;0;0;0;8;0;2;3;0;0;0;3;0;0;10;30;19;0;3;10;0;10;0;40;0;4;7;0;0;2;0;0;6;0;0;4;10;14;8;15;0;0;0;0;7;0;10;0;1;0;0;8;0;0;0;0;16;40;5;6;1;0;0;0;2;0;1;0;0;1;0;9;8;0;0;10;6;0;0;2;11;0;3;5;0;2;0;0;1;3;0;4;3;0;0;6;0;0;0;12;0;2;0;2;4;1;2;0;1;2;2;0;0;5;0;0;1;6;0;2;1;0;0;1;0;6;0;0;0;4;0;1;0;0;0;0;0;2;6;5;0;0;2;2;0;0;0;0;2;2;0;3;0;0;0;2;2;2;1;0;4;0;4;1;0;0;0;5;1;0;0;0;5;6;5;1;6;0;4;0;0;197;0;152;2;39;0;0;1;7;7;0;0;0;1;0;0;0;0;5;0;1;2;0;0;0;0;3;3;0;11;0;0;1;0;1;0;8;0;0;3;0;0;0;0;1;1;0;0;0;0;0;4;3;0;3;1;0;1;3;1;0;6;0;0;1;0;0;0;2;0;0;0;1;0;0;2;0;0;1;0
10042000;0;0;1;0;0;1;2;1;0;1;0;1;1;0;2;0;3;0;0;0;0;2;0;0;2;0;10;1;0;0;0;0;0;2;0;0;0;0;1;1;0;0;0;2;0;0;0;0;0;0;1;0;0;2;0;4;0;5;0;1;0;0;0;1;8;0;4;3;0;1;0;0;5;0;0;0;2;0;0;16;0;5;0;0;2;0;0;0;0;0;0;1;0;0;5;0;1;4;1;2;0;0;0;0;1;3;0;7;0;0;0;0;1;2;3;0;0;9;0;3;0;3;0;0;1;6;0;0;0;6;0;1;0;2;0;0;0;1;0;0;0;0;1;0;3;0;0;0;0;0;0;0;0;6;5;11;0;21;0;0;14;0;0;0;0;0;1;1;0;2;1;0;4;0;0;0;0;0;1;0;3;0;0;0;0;5;0;0;0;0;0;1;8;3;0;0;0;0;0;3;0;0;1;3;2;2;2;0;0;1;0;0;0;0;0;2;0;2;0;0;2;1;0;0;1;0;0;0;0;0;0;0;0;1;1;2;0;1;0;0;0;0;1;1;0;0;2;2;0;1;1;0;0;0;0;0;1;0;0;0;0;0;0;0;0;3;2;0;1;0;1;1;0;0;0;0;0;1;0;0;0;0;0;0;0;0;0;0;0;0;0;1;0;1;0;0;0;1;0;0;0;1;0;1;0;0;0;0;0;0;0;0;0;0;0;0;5;0;40;0;0;0;0;0;2;0;0;4;0;0;0;0;0;0;2;0;0;1;0;0;1;0;0;0;0;1;0;1;0;0;0;1;1;0;0;0;0;0;3;0;1;0;0;0;0;0;0;0;0;0;3;0;0;0;0;1;0;0;0;2;1;0;0;0;0;0;0;0;0;0;4;0;2;0;0;0;0;0;0;0
10043000;0;0;1;0;0;2;0;2;0;1;0;0;0;0;1;0;0;0;0;0;0;0;0;0;0;0;10;1;1;0;0;0;0;1;5;1;0;0;0;0;0;0;3;0;0;0;0;2;0;0;1;1;0;0;6;0;0;0;0;0;0;0;0;0;0;0;3;0;4;1;1;2;0;1;0;9;5;2;0;0;0;6;2;4;1;1;0;1;0;1;0;6;3;0;1;2;5;0;4;0;0;5;3;0;1;0;11;0;0;1;0;0;6;0;0;0;0;0;0;0;2;0;0;0;4;0;0;9;0;4;2;0;0;3;0;0;0;0;1;1;0;0;0;0;0;0;15;1;1;0;7;0;0;10;1;0;2;9;0;0;13;16;7;1;11;1;0;3;2;0;0;0;0;0;0;3;0;0;0;0;0;0;0;0;0;0;0;2;0;0;0;0;0;0;0;2;0;0;0;0;0;0;2;0;0;6;0;2;3;3;8;0;0;0;0;0;1;0;2;0;0;1;1;0;0;0;0;0;0;0;0;0;6;0;0;0;2;0;0;0;0;0;0;1;0;1;0;0;1;0;1;0;0;0;0;0;0;0;0;1;0;0;0;0;0;0;0;0;1;0;0;0;0;0;1;0;0;0;0;0;0;1;0;3;0;0;2;0;0;0;0;0;3;0;1;0;0;0;0;0;0;0;1;8;0;1;0;0;0;0;4;0;0;0;1;0;1;0;0;24;0;0;0;0;0;0;0;1;0;0;0;0;0;0;0;0;0;2;0;0;0;0;0;0;0;4;0;0;0;0;0;0;0;0;0;0;0;0;0;0;0;0;0;3;0;7;2;0;0;0;0;0;1;1;0;3;0;0;1;0;0;0;1;0;0;0;0;0;0;0;0;0;4;2;1;0;0;0;0;0
10044000;0;3;0;0;0;0;1;0;0;0;5;0;0;0;0;0;0;0;0;0;0;6;1;3;0;0;0;0;1;1;0;1;0;0;0;0;0;0;0;0;2;0;2;0;0;0;1;3;11;0;3;4;5;0;0;2;1;0;1;0;4;0;2;0;3;0;3;0;0;0;0;0;0;0;4;8;4;4;9;10;4;0;6;1;0;0;3;0;0;0;0;2;0;0;7;5;0;0;4;2;0;0;0;0;0;0;3;4;3;0;0;6;0;3;6;0;3;0;4;4;0;8;0;0;0;0;0;6;5;2;5;4;0;2;0;0;2;0;0;0;0;1;3;1;2;0;0;0;5;3;1;2;4;28;15;2;0;0;1;12;3;0;17;0;1;0;0;13;0;0;1;2;0;0;1;0;5;7;9;0;5;1;1;0;0;2;0;0;0;0;7;0;1;1;0;0;11;0;5;0;4;0;0;0;0;1;3;0;7;1;0;3;0;6;0;0;2;0;0;0;0;0;3;0;0;1;1;1;0;0;0;0;0;0;0;0;1;0;0;0;0;0;1;0;0;1;0;0;0;0;0;1;1;0;0;0;0;1;0;0;0;1;3;0;0;0;0;1;0;0;0;0;0;0;0;3;0;1;1;0;0;1;1;9;0;0;3;0;1;0;1;0;2;1;1;0;0;0;0;0;2;1;0;0;0;0;0;1;0;0;1;0;2;3;2;3;7;3;808;239;356;0;452;413;8;1;0;0;0;0;0;0;0;6;0;0;0;0;0;2;0;3;0;1;2;2;2;0;0;0;0;0;1;4;0;0;0;0;3;0;1;0;1;1;0;2;0;0;0;0;1;0;0;0;0;5;0;0;0;0;2;1;0;0;1;3;0;1;0;3;0;1;0;0;0;1;1;2;11;0
10045000;0;0;0;0;0;0;0;1;0;1;2;0;1;0;0;5;1;0;0;0;0;1;0;1;0;0;1;0;0;2;0;0;1;0;4;0;0;1;1;0;0;0;0;0;0;0;0;0;1;0;0;0;0;0;0;0;0;0;0;0;0;0;0;3;0;2;3;0;0;0;0;0;0;0;2;0;2;0;5;0;0;3;0;10;0;0;0;0;12;0;3;0;0;0;0;1;0;10;2;0;1;9;4;1;2;5;4;0;3;2;2;0;2;0;1;6;0;10;4;0;0;0;0;0;0;0;6;0;0;0;0;2;4;5;1;0;0;0;4;2;6;0;7;0;0;0;0;0;0;3;0;0;2;2;11;8;0;0;3;19;4;0;18;0;0;4;0;12;3;1;0;0;0;0;3;0;4;0;0;0;0;0;0;0;1;0;0;0;0;3;7;0;0;1;0;0;0;2;0;0;0;0;2;10;1;0;0;0;4;3;0;3;4;0;3;2;0;0;2;0;0;0;2;18;3;4;0;8;0;0;0;0;0;1;0;0;1;2;0;0;1;0;2;0;0;0;0;0;0;1;0;0;0;0;1;1;0;3;4;0;0;1;0;0;0;0;2;0;0;0;0;1;0;0;0;0;0;0;0;0;0;0;0;2;1;0;0;0;6;2;2;0;3;0;0;1;0;4;0;1;0;0;1;1;0;1;0;0;0;2;1;0;5;0;0;1;0;0;0;13;149;0;0;4;6;0;3;0;0;0;0;0;0;0;2;0;1;0;0;0;0;1;0;8;0;3;0;3;0;0;0;0;2;5;2;0;2;0;0;0;0;0;0;0;0;0;0;0;0;2;0;1;0;0;0;1;1;0;3;0;3;3;0;0;0;0;0;0;3;2;0;1;0;0;0;0;1;4;1;0
10046000;9;1;0;0;0;0;2;0;1;0;0;0;1;0;0;0;1;0;1;0;0;0;0;1;1;0;0;0;0;0;1;0;0;0;1;0;0;0;1;0;1;0;0;0;0;0;0;2;2;0;0;0;0;0;0;0;0;0;0;0;0;0;1;0;0;0;0;0;6;0;3;1;6;1;1;0;1;0;1;0;0;7;1;0;0;0;1;1;1;0;1;7;0;1;0;0;1;0;0;1;0;3;1;1;1;3;0;0;0;1;0;0;0;0;0;5;3;0;0;0;0;0;4;3;0;3;0;0;6;0;6;0;0;0;0;0;7;1;0;0;0;0;1;0;0;0;36;3;1;0;2;0;0;1;0;0;0;15;0;0;0;0;28;0;0;0;0;0;2;10;0;0;4;1;3;0;3;0;3;0;0;2;0;0;0;0;0;0;0;1;0;0;0;0;0;1;0;1;0;0;0;0;2;0;0;0;4;1;8;0;0;0;0;0;1;0;2;0;1;0;0;0;0;1;0;0;0;0;0;0;0;0;0;0;0;0;1;0;3;0;0;1;0;0;1;0;0;0;3;0;0;0;1;0;1;0;0;0;0;0;0;2;1;0;0;0;0;0;0;0;0;0;0;0;0;0;0;0;1;0;0;0;0;5;0;0;0;0;0;0;0;0;0;1;2;2;0;0;1;0;2;0;0;0;1;0;1;0;0;0;3;0;2;1;0;0;2;0;0;22;2;0;0;0;0;0;1;0;0;0;0;0;0;0;10;0;0;0;0;3;0;1;0;0;0;2;0;0;0;2;0;0;0;0;1;0;1;0;0;0;3;0;0;0;0;2;0;0;0;2;0;0;0;0;0;0;0;0;1;1;2;0;2;0;0;0;0;0;0;0;0;3;0;0;0;4;0;0;0;0
11000000;44;0;38;5;75;37;89;64;1;44;48;71;0;27;0;0;0;23;0;0;0;0;0;20;17;0;0;39;0;0;13;15;0;23;21;34;91;0;5;12;18;25;6;0;9;0;12;0;17;1;15;1;14;8;7;15;12;0;2;0;21;0;22;0;56;0;0;1;13;37;9;0;1;0;0;0;0;0;0;0;21;0;0;0;0;13;0;0;0;2;10;0;0;4;21;0;0;0;0;15;41;40;30;0;0;0;15;10;7;0;0;0;11;0;2;0;0;0;0;0;2;0;0;0;19;0;1;0;0;0;0;0;0;0;0;0;0;9;35;0;32;4;0;0;0;0;0;0;0;0;6;0;0;0;30;0;4;0;5;0;0;0;0;8;0;0;1;0;3;0;0;0;0;8;8;0;0;1;0;0;0;0;0;0;0;0;1;0;0;0;0;7;0;13;0;0;0;0;0;0;3;0;11;0;14;36;0;0;0;0;32;10;9;0;0;0;0;0;0;12;0;0;0;0;0;4;44;0;0;0;0;0;10;0;20;1;0;0;0;0;0;9;0;14;13;0;0;0;0;6;5;14;23;11;0;0;5;0;0;0;0;0;0;0;0;0;5;0;0;0;0;0;0;0;0;1;2;0;0;3;0;0;8;0;0;0;0;2;7;0;1;23;27;5;0;0;25;7;9;22;0;0;0;7;0;0;14;0;7;0;0;8;0;29;0;1;0;0;0;0;8;0;0;4;0;226;19;97;458;2222;1991;46;1972;1772;2328;60;1114;307;1291;119;109;1883;362;7;68;340;134;262;91;348;146;0;32;0;9;7;0;49;122;29;30;0;16;11;11;0;0;31;11;48;27;57;109;0;0;58;141;154;0;25;0;16;0;0;0;0;0;21;0;0;0;17;0;14;7;12;8;5;0;0
12051000;1;0;0;0;4;0;1;0;6;0;0;0;0;2;1;18;3;2;0;0;6;0;0;0;0;13;0;0;0;0;0;0;0;3;0;0;0;0;0;1;2;0;0;4;0;0;2;1;0;0;0;0;0;0;0;0;0;10;3;1;2;2;5;3;0;0;1;0;2;0;0;1;0;0;0;0;0;0;1;0;0;0;0;0;0;2;0;3;0;0;1;0;0;0;0;2;1;0;1;0;0;6;0;0;1;3;0;1;0;5;5;1;0;1;1;3;0;3;4;0;1;0;0;6;0;0;0;0;0;0;0;0;0;0;0;2;0;7;0;0;0;0;0;1;1;4;0;0;0;0;0;0;0;1;0;0;0;0;0;0;0;0;0;0;0;0;0;0;0;0;0;0;0;0;0;0;2;0;1;3;0;0;0;0;0;0;0;2;1;0;0;0;0;1;0;0;0;4;0;0;0;0;0;0;2;0;2;0;0;0;0;1;4;0;2;1;0;0;0;0;0;0;0;0;0;0;0;0;0;0;0;0;1;4;1;0;0;2;1;0;0;0;5;0;2;0;0;0;0;0;0;1;0;0;0;1;0;0;0;0;0;0;0;0;0;0;2;0;1;0;0;0;0;0;0;1;0;0;0;0;0;0;0;0;3;0;0;0;0;0;0;0;0;1;0;0;1;0;0;0;0;0;0;0;0;0;0;0;0;0;0;0;0;0;0;0;1;0;0;0;0;0;0;0;0;0;4;0;0;0;0;0;0;0;0;0;0;0;0;0;0;0;0;0;5;0;2;3;0;0;0;0;0;4;1;0;0;0;0;12;0;1;0;0;0;0;0;4;0;4;0;0;3;0;0;0;1;10;7;2;0;0;0;0;0;0;1;3;0;0;0;1;0;0;0;1;1;1;0;1
12052000;0;5;0;0;1;6;0;4;0;0;0;1;2;0;0;13;0;1;6;0;0;0;0;0;0;0;5;0;0;0;0;0;0;1;2;0;1;0;0;0;0;0;0;0;0;0;2;5;3;10;0;0;0;1;1;0;0;4;0;0;1;13;2;6;6;21;1;2;3;2;0;0;0;3;5;0;2;4;0;4;0;4;1;0;1;1;0;0;3;1;4;4;3;4;16;6;0;6;0;0;0;0;0;2;0;0;4;0;5;1;4;0;0;0;1;0;2;9;1;0;0;0;2;0;0;0;0;7;0;0;0;0;0;5;0;10;0;0;8;0;2;0;4;0;0;0;0;0;1;0;0;0;0;0;2;0;0;0;2;0;0;2;0;1;0;0;0;0;0;0;0;0;0;0;0;0;0;0;9;0;0;0;2;0;2;0;0;1;2;0;0;1;2;2;2;1;11;0;3;0;0;0;1;6;0;0;0;0;0;0;0;0;0;2;0;0;2;0;1;0;3;0;10;0;0;1;1;0;0;0;0;1;2;8;1;0;0;0;0;1;0;0;2;0;1;0;2;0;0;0;0;2;0;1;1;0;0;2;1;0;2;0;0;0;0;1;1;0;1;0;6;1;0;0;0;0;0;0;0;0;0;1;2;15;1;0;0;0;0;0;0;0;4;3;0;0;0;2;0;0;0;0;0;0;0;0;0;0;0;3;0;0;0;3;0;0;0;0;3;0;0;0;0;0;0;0;0;1;0;2;5;0;0;0;0;0;0;0;0;0;91;0;0;0;0;0;3;0;1;0;3;1;0;0;3;6;22;0;17;0;5;38;1;0;0;0;7;0;0;0;7;0;0;0;3;0;2;0;7;0;5;0;4;2;0;0;2;0;0;1;0;0;0;0;0;0;0;1;0;6
12053000;0;6;6;0;4;0;1;0;0;0;1;0;0;0;1;2;0;2;0;0;0;0;0;0;0;0;8;0;0;0;0;2;0;1;0;2;6;5;2;0;0;6;0;0;0;1;0;1;0;0;2;0;0;2;0;0;0;1;2;0;0;0;0;1;0;0;0;4;1;0;0;2;0;0;0;0;0;0;1;0;1;3;0;0;1;0;0;0;0;2;0;1;0;1;2;1;1;1;0;0;0;0;0;1;4;4;1;0;1;0;10;2;0;0;1;3;0;4;0;5;0;3;0;0;1;0;0;5;0;3;0;0;1;0;0;2;0;0;0;0;1;0;0;0;0;0;0;0;1;0;0;2;0;0;0;0;0;0;0;0;0;0;7;0;0;1;0;0;0;0;0;0;0;0;0;1;3;0;7;2;1;0;0;0;3;0;0;0;1;0;2;0;0;2;0;0;1;0;6;0;0;0;0;3;0;0;3;0;0;0;0;0;0;2;0;2;0;0;0;0;0;0;2;0;0;0;0;0;1;0;0;2;1;0;0;0;0;0;0;0;0;0;0;0;0;1;0;0;1;0;0;0;0;0;1;0;1;10;2;0;0;2;0;0;0;0;0;0;1;0;0;0;0;0;0;0;0;0;0;0;0;1;0;0;0;0;0;1;0;0;1;2;1;1;0;0;3;0;0;0;0;0;0;1;0;4;0;0;1;0;1;0;1;0;0;0;0;0;0;0;0;2;0;0;0;7;0;0;21;0;0;178;7;0;0;5;0;38;36;35;17;911;45;7;0;0;2;0;1;0;0;0;0;0;0;1;25;0;2;3;0;0;2;5;0;0;1;0;0;0;0;9;0;0;0;4;1;0;0;0;0;0;1;0;0;0;0;0;1;1;0;0;0;0;0;0;0;0;1;3
12054000;7;3;9;1;4;0;0;5;2;0;11;2;0;0;5;0;0;0;0;0;0;0;0;4;0;0;0;0;0;14;5;0;3;6;6;0;0;5;0;8;3;0;1;0;0;2;0;0;1;0;3;2;2;0;0;0;6;0;2;0;1;0;0;5;4;0;2;3;0;0;1;0;0;1;5;5;0;3;0;0;2;1;1;4;0;0;9;0;0;0;0;10;5;0;4;0;0;8;2;0;3;6;5;3;0;0;0;2;0;1;2;4;4;1;0;0;0;0;0;0;3;0;2;0;0;0;0;0;1;0;5;2;0;2;2;0;0;0;7;3;0;0;0;0;1;0;0;6;0;0;0;2;2;0;0;0;1;2;0;0;2;0;0;0;0;1;0;0;1;0;1;0;0;0;3;0;0;0;0;0;0;0;0;0;0;0;4;0;1;0;0;0;4;0;0;0;4;0;1;0;0;0;2;6;0;1;0;0;0;0;4;0;2;0;0;2;1;0;4;9;6;0;2;2;0;2;6;0;1;0;1;2;1;0;1;0;3;0;0;0;0;7;0;2;1;10;2;0;0;3;0;0;0;0;2;1;0;0;8;1;0;1;0;0;0;0;0;6;0;0;1;0;0;0;0;0;0;0;0;1;0;4;0;2;0;0;1;0;0;0;0;0;2;0;3;4;1;0;0;0;5;1;0;0;0;2;0;0;0;3;0;7;0;0;1;0;1;4;0;1;4;4;2;1;0;72;6;0;0;28;5;0;80;0;0;0;0;29;707;11;0;102;0;9;2;14;6;11;0;5;8;0;0;0;0;0;0;0;15;0;9;14;6;0;5;0;0;6;0;3;1;5;7;0;6;1;7;27;5;0;0;0;2;3;0;0;8;0;0;5;0;1;4;0;0;0;0;1;0;0
12060000;2;0;6;1;0;9;1;0;5;1;13;3;0;5;0;10;0;0;0;7;10;0;3;0;0;7;0;3;0;2;0;0;0;5;3;6;0;6;0;6;0;0;0;1;0;0;8;0;3;0;0;2;0;0;4;0;2;6;0;2;0;0;11;0;0;0;1;0;0;0;0;3;0;0;0;1;0;0;0;5;1;0;0;1;0;0;1;0;1;1;5;0;0;2;1;0;6;5;0;0;3;2;3;0;0;5;0;0;0;1;4;0;0;0;0;3;0;0;0;0;0;6;0;0;0;0;0;0;0;4;0;4;0;0;0;0;0;0;0;0;1;0;0;0;0;2;0;0;0;0;0;2;1;4;0;0;1;2;1;1;0;0;2;0;0;1;1;0;0;0;0;0;0;0;0;3;2;2;0;0;0;0;0;0;2;0;0;0;1;0;0;0;0;5;1;0;0;0;3;0;1;1;0;3;2;4;1;1;0;0;0;0;3;0;9;0;1;0;1;3;5;1;0;0;0;0;3;1;0;0;5;0;0;0;0;1;1;0;0;0;3;0;0;1;0;2;0;0;1;0;0;0;2;0;0;0;1;0;1;0;0;0;0;1;0;1;0;0;0;3;0;0;0;0;0;0;0;0;0;3;0;0;2;0;0;1;0;0;0;0;0;0;0;0;0;10;0;4;0;0;0;1;3;0;0;4;3;0;4;0;0;0;0;0;0;0;0;0;0;1;0;1;0;0;0;1;0;30;0;0;14;0;19;34;0;13;30;14;20;16;3;0;81;7;4;26;7;8;2;60;19;0;0;0;1;2;3;0;8;7;0;0;2;1;0;0;9;0;0;6;8;3;8;1;0;3;3;0;0;0;0;0;0;1;0;1;0;6;0;1;1;0;1;2;1;1;3;4;4;0
12061000;0;0;5;0;7;0;3;0;7;0;2;6;0;0;2;7;0;3;0;0;0;0;1;0;2;0;0;3;0;0;0;5;0;0;0;0;1;0;1;0;0;8;1;0;0;1;0;1;1;3;0;6;9;0;0;0;0;0;0;1;3;5;3;0;0;0;0;4;0;3;0;0;0;0;0;1;0;0;2;0;3;3;0;0;0;0;0;3;0;0;0;0;2;2;0;5;1;0;0;0;5;1;1;4;0;0;0;0;1;3;1;9;0;6;0;0;0;0;3;0;0;0;5;0;1;0;0;0;2;0;0;1;1;0;2;3;0;1;0;0;2;5;2;0;0;1;1;0;0;0;1;1;0;0;0;0;0;4;0;0;0;0;0;0;0;0;1;0;0;0;0;0;0;2;0;2;0;0;0;0;0;0;13;0;0;0;0;0;0;0;0;4;1;0;2;0;3;1;1;2;0;0;1;1;0;0;2;2;0;0;0;0;0;0;0;0;0;2;0;1;0;0;0;0;0;0;0;3;1;0;0;6;0;1;0;2;0;0;0;2;0;2;0;2;0;0;0;1;0;1;0;0;5;0;1;0;0;0;0;0;2;0;0;0;0;0;2;0;2;0;0;0;0;0;2;2;2;0;0;1;0;4;0;0;0;0;0;0;0;0;2;1;0;0;0;1;1;0;0;0;0;0;0;0;0;0;1;0;0;2;0;0;2;1;0;0;3;1;3;0;1;0;1;0;0;5;0;8;0;0;0;12;24;0;0;6;9;0;0;0;37;0;8;1;5;0;0;30;2;32;5;0;0;14;0;0;6;23;5;5;0;0;0;0;0;2;0;0;3;0;0;17;14;6;0;12;1;17;0;4;0;0;0;0;0;0;0;1;0;6;0;0;0;2;2;2;0;0;0;0
12062000;3;1;0;0;7;0;0;0;1;0;2;0;10;1;2;74;7;0;1;22;4;1;0;0;0;0;8;0;9;8;0;0;0;0;0;0;0;0;0;0;0;3;0;0;0;0;0;0;3;0;1;3;1;1;5;0;0;4;2;0;1;8;5;17;28;3;13;1;1;0;0;0;0;3;20;40;13;17;0;3;8;13;5;0;1;0;3;0;4;9;6;7;5;0;15;7;9;0;7;6;0;0;0;1;8;2;1;4;1;30;14;33;0;0;1;10;0;1;0;5;11;17;9;0;25;3;0;13;7;0;11;1;7;3;4;0;8;0;22;4;0;0;4;0;0;0;8;0;6;5;0;0;19;0;0;4;0;0;0;1;1;3;5;0;0;0;0;0;0;0;0;3;1;0;0;0;6;0;1;0;4;26;10;1;0;0;1;4;3;16;1;0;0;0;0;0;0;0;2;0;0;7;0;0;0;15;25;2;6;3;0;12;8;0;0;5;1;0;5;0;0;0;1;43;0;1;0;17;2;0;2;0;1;0;2;0;1;0;0;18;0;0;0;0;1;4;0;0;4;0;9;3;6;0;2;16;0;0;1;5;0;0;12;1;0;24;0;6;0;0;4;0;8;0;2;1;0;0;0;9;1;0;0;30;11;0;0;8;0;0;11;1;0;10;1;9;1;0;0;0;8;0;1;0;16;0;0;0;0;0;0;21;31;0;0;0;9;0;5;0;0;1;6;0;0;11;36;0;14;21;0;0;52;128;32;79;0;27;102;8;67;56;49;8;1;9;20;2;2;8;1;11;8;14;2;15;14;0;17;0;9;22;0;17;3;16;26;6;0;6;0;13;2;3;4;6;5;16;0;6;7;0;0;2;0;1;12;5;0;13;0;5;5;0;0;5;0;1;0;1
12063000;0;0;4;0;0;0;1;9;0;0;6;0;2;1;1;0;0;0;1;0;0;2;5;0;0;0;0;0;0;0;0;3;4;5;2;6;0;0;0;4;1;2;0;2;1;0;0;0;1;1;1;0;0;1;1;0;0;0;0;1;1;0;4;4;0;3;2;0;0;3;0;0;0;0;0;1;3;0;5;1;1;4;2;2;0;0;0;0;3;0;1;3;0;1;2;0;6;0;0;1;0;1;8;0;3;0;0;1;1;3;4;0;1;0;0;0;3;6;0;0;0;1;0;6;0;1;7;3;0;0;0;1;0;0;0;6;0;1;1;2;4;1;2;1;1;0;0;0;0;0;0;1;0;0;0;2;0;0;0;1;0;2;0;3;0;0;0;0;0;0;0;0;0;1;0;1;0;0;0;0;0;1;2;1;1;1;0;0;0;0;0;0;0;0;1;0;0;2;0;0;0;0;0;0;1;1;6;1;0;2;2;0;0;6;1;1;6;0;2;0;0;0;0;0;0;0;1;5;0;3;2;0;0;0;0;1;1;0;0;0;0;1;0;1;0;1;0;1;1;1;0;1;0;0;1;0;1;0;0;1;4;1;0;0;0;0;0;5;0;1;0;0;0;0;0;0;2;2;1;0;0;0;0;6;0;0;0;3;0;5;0;0;0;0;0;0;1;0;0;2;0;0;0;0;0;0;0;0;0;0;0;6;2;0;0;0;0;0;1;0;0;3;2;2;0;53;10;0;0;0;0;0;0;0;0;1;0;0;13;0;0;0;8;6;5;22;0;18;3;27;0;0;3;0;1;0;8;5;11;0;5;1;0;0;13;11;30;0;7;6;0;8;25;0;8;2;41;3;5;2;0;0;3;0;0;1;0;0;2;0;1;0;2;0;0;6;0;7;0;0
12064000;3;4;8;0;2;0;5;0;10;5;0;2;2;2;0;0;0;4;0;0;2;1;4;3;0;0;4;0;2;7;0;2;0;4;2;2;0;0;1;12;0;0;4;0;0;0;0;3;1;0;0;0;1;1;0;0;0;0;1;0;0;0;0;0;0;0;0;2;0;0;0;1;8;3;3;1;0;0;11;0;0;0;0;3;1;0;0;1;0;0;0;0;1;0;3;3;1;0;1;0;0;1;0;0;0;0;0;0;0;0;9;2;0;0;1;5;0;4;0;2;0;0;0;0;5;0;0;5;0;0;6;0;0;0;0;15;0;2;0;1;0;3;3;0;1;3;0;0;4;1;0;3;0;0;0;0;0;1;0;0;0;1;3;0;0;0;3;0;0;0;0;3;0;0;3;0;0;0;0;0;0;0;0;0;0;1;0;2;0;0;0;0;0;1;4;3;4;0;0;0;0;0;0;1;0;0;1;0;1;0;0;0;0;3;4;1;0;0;0;0;0;3;0;0;0;0;0;5;0;0;2;1;0;0;0;0;3;0;2;0;0;3;0;0;0;3;0;0;0;0;4;0;0;0;1;0;4;0;1;0;0;0;1;1;0;0;0;1;0;0;1;0;0;2;0;0;0;2;0;3;0;0;1;0;0;2;1;8;0;1;0;0;0;0;0;1;1;0;0;0;0;0;2;0;1;1;0;1;0;0;1;0;0;0;0;0;3;0;0;2;1;0;1;0;0;12;24;19;0;0;8;0;1;0;0;3;21;16;0;6;12;0;8;28;0;13;15;15;8;24;15;0;8;6;0;0;5;0;22;14;0;0;2;0;7;0;9;4;6;3;0;0;3;0;0;6;9;1;1;2;0;0;5;0;0;0;1;8;0;0;0;0;0;1;0;0;5;0;0;0
12065000;3;0;6;0;1;2;5;2;0;0;1;2;0;5;1;2;4;5;7;0;2;1;0;1;0;0;18;0;9;0;0;0;0;0;5;6;1;0;0;3;2;0;2;3;0;0;0;0;0;0;6;0;0;0;0;3;1;0;2;2;0;2;5;0;0;2;2;0;0;0;0;0;0;1;0;0;2;0;0;0;0;0;0;9;0;2;6;5;0;1;1;3;0;0;0;0;1;0;0;1;0;1;0;1;1;6;7;0;3;0;7;5;3;0;1;2;0;7;2;0;1;0;0;0;3;0;0;0;0;5;4;6;0;3;4;1;0;2;0;1;1;4;0;2;0;0;0;0;0;0;0;0;0;0;0;0;0;4;1;2;0;0;1;5;0;0;1;0;0;2;0;0;0;0;0;2;1;0;0;0;0;0;0;3;1;0;2;0;0;0;1;0;3;5;0;2;2;0;0;0;0;0;0;0;5;5;0;3;6;0;0;0;3;2;0;0;0;1;0;7;0;4;5;0;1;0;8;1;6;0;0;0;1;0;0;1;0;1;0;0;1;0;0;1;0;1;0;4;0;0;0;0;2;0;0;0;0;1;1;0;0;1;1;0;0;0;3;1;8;3;0;1;1;2;0;3;0;0;0;1;0;0;0;0;0;0;2;3;0;0;0;0;0;0;0;0;0;0;1;1;0;1;3;5;2;0;2;0;0;0;3;1;0;4;0;1;2;0;0;0;1;1;0;0;0;8;41;8;16;39;21;0;82;27;0;0;0;113;18;28;2;0;40;11;1;77;23;41;5;35;23;0;0;0;0;2;0;0;19;0;11;0;2;7;0;0;8;1;0;0;0;0;0;0;2;0;20;7;0;3;2;0;0;0;0;1;0;2;0;0;0;0;0;0;0;0;0;1;0;0
12066000;0;0;3;0;0;3;0;0;2;4;0;0;0;0;0;0;0;0;0;0;0;0;0;0;0;3;0;0;0;0;0;0;0;4;0;0;0;2;0;1;5;0;3;1;0;0;0;0;0;0;0;1;2;0;0;0;3;0;0;0;0;0;1;12;17;2;0;0;0;1;0;0;5;0;5;0;0;0;0;0;0;3;0;0;0;0;0;0;0;0;0;0;4;1;2;0;3;2;1;0;0;0;1;1;0;0;0;0;0;0;0;2;0;2;1;0;0;0;0;0;0;0;1;0;0;0;0;0;0;0;0;2;1;0;1;3;0;0;0;0;5;0;3;0;1;0;1;0;2;1;0;3;0;0;0;0;0;0;0;0;1;0;0;1;0;0;0;0;1;0;0;0;0;0;0;0;0;0;0;0;0;0;0;1;0;0;0;1;0;1;1;0;0;0;0;0;1;1;0;0;0;0;3;0;0;0;3;0;0;0;1;0;1;0;0;0;0;1;1;0;0;0;0;0;0;4;0;0;2;0;0;0;0;0;0;1;0;1;0;1;0;0;0;0;0;0;0;0;1;0;0;0;0;2;1;0;1;1;2;0;0;3;1;1;0;1;2;0;0;1;1;0;1;0;0;0;0;0;0;0;0;0;2;0;0;1;0;5;5;1;0;4;0;0;0;0;0;0;3;0;0;0;0;0;0;0;1;0;2;0;0;0;0;0;0;3;0;0;2;1;0;0;1;1;0;0;86;0;2;0;0;0;0;0;4;0;0;0;0;0;41;0;0;0;0;4;0;4;0;0;7;2;0;0;0;0;0;7;13;0;0;26;7;5;1;0;0;1;3;0;0;0;0;1;1;0;0;0;1;0;1;0;0;1;0;0;0;2;0;0;1;1;0;0;0;0;3;0;8;1
12067000;0;0;11;0;2;0;9;0;3;0;0;0;0;0;4;0;0;0;0;0;0;0;2;0;2;0;7;2;0;0;5;1;0;6;2;1;1;0;0;5;0;0;3;0;0;1;1;0;1;0;3;2;1;0;0;3;1;0;1;0;1;0;6;0;3;0;0;2;0;0;0;0;0;0;0;0;4;0;0;0;0;2;2;0;0;0;0;2;0;0;0;3;4;2;0;0;3;0;0;0;0;0;1;3;4;5;0;1;2;2;0;0;0;0;0;0;0;0;0;0;0;3;0;0;0;0;0;0;0;0;1;0;1;0;1;0;0;0;1;0;0;0;3;0;5;4;2;0;2;1;0;0;1;0;0;0;0;0;1;0;1;0;0;0;0;0;1;0;2;0;0;0;0;0;0;0;0;0;0;0;0;0;0;0;0;0;1;0;1;0;0;0;0;0;0;4;1;0;1;0;0;1;0;0;0;1;0;1;3;2;0;5;0;0;0;0;0;0;1;5;0;0;0;0;0;0;0;0;0;0;1;0;0;0;0;2;2;1;0;1;0;3;0;2;0;1;1;1;2;0;0;1;1;0;0;0;0;5;3;0;0;0;0;5;0;0;0;1;0;1;0;0;0;1;1;0;0;0;1;0;0;0;0;0;0;5;0;0;0;0;0;2;0;1;0;0;0;0;0;0;0;0;0;2;1;0;0;0;0;0;0;0;0;0;0;0;0;0;4;0;2;2;0;0;0;12;26;959;15;0;0;979;40;0;7;32;0;67;32;31;90;1611;32;11;1;0;0;19;10;16;0;0;9;0;1;0;0;0;1;0;0;0;0;7;4;8;7;0;0;0;0;6;1;0;0;6;0;12;2;0;0;0;0;6;1;0;0;0;0;0;0;0;0;0;7;3;1;0;4;0
12068000;1;0;1;6;3;1;5;0;0;0;1;0;1;0;0;0;1;1;1;9;0;0;0;1;0;0;0;1;0;2;1;1;2;0;1;0;0;0;0;0;0;1;0;0;0;1;0;5;1;0;0;0;0;0;0;0;1;3;1;0;0;0;5;0;1;1;0;2;1;1;0;2;0;0;0;5;0;0;0;7;1;0;0;1;0;0;0;0;2;0;0;4;1;1;0;0;0;0;0;1;0;0;0;3;0;0;2;1;0;0;0;0;0;0;0;0;0;0;0;0;0;0;0;0;0;1;0;0;3;0;0;0;0;0;1;1;0;2;1;0;1;0;0;3;0;1;0;0;1;0;0;0;1;0;2;0;0;0;0;2;0;0;3;0;0;0;0;0;0;0;0;0;0;1;0;1;0;0;0;0;0;0;1;0;1;0;0;0;0;0;7;0;0;0;0;0;1;1;0;0;0;0;0;6;0;0;1;0;0;2;2;2;1;2;4;2;0;0;0;5;0;0;0;0;0;1;0;0;0;0;0;0;2;0;2;3;0;0;0;0;0;1;0;0;0;0;0;0;2;1;0;0;0;0;0;0;1;0;0;0;0;1;1;0;0;0;0;3;0;0;3;0;2;2;0;1;1;0;0;1;0;0;3;1;0;0;0;0;0;0;0;0;0;0;1;0;2;2;0;0;4;2;0;2;0;0;0;0;0;0;0;0;1;0;1;2;2;0;1;0;0;6;0;0;0;31;6;0;0;0;17;0;11;0;0;4;0;0;0;5;0;0;0;0;7;2;0;0;4;4;11;0;0;0;0;0;0;1;0;0;0;11;4;0;1;0;0;0;0;0;0;2;0;0;0;0;28;0;5;0;1;0;0;0;0;3;0;1;0;0;0;0;0;0;0;0;0;0;1;0
12069000;0;5;4;0;7;0;11;1;4;2;10;3;0;0;7;18;0;0;0;0;0;2;0;0;1;0;0;1;0;7;0;4;4;8;0;0;7;0;6;2;0;0;1;2;0;0;0;0;0;0;4;2;5;0;8;1;2;0;0;0;6;0;0;5;10;0;0;0;0;0;0;0;0;3;0;4;0;3;3;0;0;0;0;0;0;0;0;0;0;0;0;1;0;3;8;11;0;0;0;0;2;0;0;3;4;0;0;2;1;0;2;0;0;2;7;0;0;3;0;7;3;0;2;0;0;0;2;4;0;0;4;0;2;1;0;3;0;6;0;0;1;0;2;0;0;0;0;0;2;0;0;0;1;1;2;1;0;1;0;1;3;0;0;0;3;0;0;4;1;0;3;1;0;0;0;2;1;1;0;1;3;1;0;1;2;0;0;0;0;1;2;0;5;3;0;6;4;0;2;1;4;2;0;4;0;4;6;1;4;2;9;9;2;0;3;0;0;5;2;0;0;0;0;0;0;0;1;1;0;0;1;3;0;4;2;4;1;1;0;1;0;0;4;0;0;2;1;1;0;0;0;3;0;1;0;1;1;0;0;0;0;0;1;1;1;2;1;3;0;1;2;1;0;0;0;0;0;0;3;0;2;0;1;0;0;0;1;2;0;0;2;0;0;0;0;0;14;3;0;0;0;0;4;4;2;0;0;0;0;0;1;1;0;0;0;3;0;1;0;0;0;3;0;0;0;126;18;0;0;0;1;0;0;5;0;12;0;27;0;4;10;4;0;0;4;5;20;0;0;8;0;0;4;3;14;7;0;2;8;0;5;6;0;0;6;1;3;5;15;0;0;0;26;11;0;10;22;31;2;2;6;0;2;2;1;8;0;3;0;1;0;0;1;4;0;3;3;3;1;0
12070000;0;0;0;0;0;0;4;0;2;0;1;0;0;1;0;0;0;2;1;0;0;2;2;0;0;0;0;1;1;0;1;0;2;0;2;0;0;0;0;1;3;0;0;3;0;0;2;0;0;0;0;0;0;5;1;0;0;0;5;0;1;0;0;6;0;0;2;1;0;0;0;0;5;3;0;0;1;0;1;0;0;2;1;0;0;0;0;1;0;0;0;1;0;0;0;4;0;1;4;1;2;0;1;0;1;15;0;3;1;2;0;0;0;0;0;3;0;0;0;1;1;1;4;3;0;1;0;1;1;0;1;0;0;2;0;3;1;0;5;0;0;0;0;0;0;0;0;0;0;0;0;1;1;0;0;0;0;0;0;0;1;0;2;0;0;0;0;0;0;0;0;0;2;0;0;0;6;0;0;0;0;1;0;0;0;0;0;0;1;2;0;0;0;0;0;0;0;0;0;1;0;0;1;3;1;1;0;0;0;1;0;0;0;0;0;2;0;0;0;0;1;0;0;0;0;0;1;0;0;1;0;1;0;0;1;0;0;1;3;0;0;4;0;2;1;0;0;0;0;0;0;0;0;0;1;0;0;0;0;0;0;0;0;0;0;2;0;0;0;0;0;0;0;0;3;1;0;0;1;1;0;0;2;0;0;0;0;0;1;0;0;0;0;4;0;0;1;1;1;6;1;1;1;0;0;0;0;0;0;0;0;0;0;0;0;1;0;0;0;0;0;0;0;0;0;3;2;0;0;0;5;0;3;0;0;2;0;0;0;0;8;0;0;29;13;0;3;0;0;0;13;3;1;1;1;2;0;0;2;0;1;0;1;0;1;1;1;0;10;0;3;0;0;3;0;5;0;4;1;0;1;0;0;0;0;0;4;1;0;0;0;0;1;4;0;0;2;0;1;0
12071000;5;0;1;4;1;4;0;0;1;0;1;3;0;0;1;2;3;1;2;0;3;0;0;0;1;0;0;0;0;0;0;1;0;0;0;0;0;0;0;1;0;0;1;0;1;0;1;0;1;0;0;1;0;0;0;0;3;0;1;0;1;1;2;1;1;3;0;3;0;5;3;0;4;2;0;0;0;3;0;0;1;0;0;0;0;4;0;1;0;0;4;1;0;0;0;0;0;0;10;1;0;0;5;0;0;3;0;0;0;1;0;0;0;0;0;1;0;0;1;0;0;3;0;1;0;0;0;0;0;0;0;0;0;1;0;2;2;0;0;0;0;0;1;1;1;0;0;0;0;0;0;0;0;0;0;0;0;0;0;0;0;1;0;1;0;0;0;1;1;0;0;0;0;0;1;1;0;0;0;6;0;1;0;0;1;0;0;0;0;7;0;0;0;0;3;2;4;0;0;0;1;0;2;1;0;0;0;0;0;0;0;2;0;3;1;0;1;0;0;0;0;0;0;0;0;0;0;1;0;0;0;0;0;2;0;0;0;0;0;0;1;0;0;0;0;0;1;0;0;0;0;2;0;1;0;0;0;0;0;1;0;4;0;0;2;0;1;0;0;0;0;0;1;0;0;0;0;0;0;0;0;0;0;6;0;2;0;0;0;0;0;0;0;0;0;0;0;1;0;0;0;0;0;2;0;0;2;1;2;1;0;0;2;0;0;1;7;0;0;0;0;1;0;0;0;7;0;0;0;0;0;0;3;0;0;0;0;9;0;0;0;0;1;3;0;2;0;6;2;2;0;7;0;6;0;0;24;0;0;0;0;19;0;3;1;0;0;0;3;3;0;5;0;0;0;2;0;0;2;4;7;1;0;0;0;0;0;1;0;0;1;1;0;0;0;0;2;0;0;1
12072000;0;0;4;0;0;3;0;0;0;0;0;8;6;4;4;20;2;0;1;0;0;5;6;0;5;0;4;0;3;0;0;1;1;6;0;1;3;3;0;3;0;7;3;2;2;0;2;0;3;2;2;3;2;0;4;0;0;3;0;1;0;2;0;0;0;2;0;0;0;0;0;0;3;0;0;0;0;0;0;0;0;0;2;0;0;0;0;0;0;0;9;5;0;0;3;8;0;1;0;0;3;1;10;0;0;0;0;0;8;4;10;0;0;0;0;0;0;0;0;2;0;6;1;0;2;0;3;0;0;4;0;0;1;3;0;0;0;0;0;3;16;0;0;1;0;2;2;0;5;3;0;1;1;0;3;1;0;0;0;0;0;0;0;0;1;0;0;0;0;0;0;0;0;0;0;0;0;0;0;0;14;10;4;0;0;5;0;0;0;0;0;1;0;1;5;1;11;0;20;0;0;1;0;1;7;0;26;0;0;0;3;4;5;0;0;0;0;0;2;1;4;0;4;5;0;1;0;0;0;0;0;0;0;0;0;1;1;2;0;0;0;8;1;0;0;0;0;0;8;2;0;1;0;0;2;0;1;0;0;1;0;1;0;0;1;1;0;0;0;0;0;0;2;0;0;0;2;5;1;0;0;0;2;0;0;0;0;0;2;0;0;0;0;1;2;1;1;1;0;0;0;0;0;0;3;0;0;0;0;1;0;0;0;0;0;0;0;0;0;0;0;0;0;0;0;9;6;0;0;6;59;0;121;275;100;73;0;138;0;18;139;0;130;0;4;14;9;11;0;24;8;0;3;1;0;1;12;0;2;0;0;0;4;4;2;1;12;8;7;0;4;6;0;4;0;7;7;45;0;5;0;0;1;0;1;6;0;3;4;0;0;1;0;0;5;5;1;3;5;5
12073000;0;0;0;3;0;0;0;2;0;0;0;0;0;0;0;0;0;1;5;0;0;0;0;4;0;0;0;4;2;0;0;0;0;3;0;0;8;1;1;0;1;0;0;0;1;0;6;0;0;2;0;0;0;1;0;0;0;0;0;0;0;1;0;0;0;2;3;5;1;0;2;0;2;0;0;1;0;4;0;0;0;2;1;0;0;0;3;0;4;0;0;4;0;0;0;0;1;0;1;0;0;0;4;0;1;2;0;3;6;10;0;2;0;3;3;0;3;3;0;1;0;1;0;2;0;2;0;0;0;1;0;0;0;0;5;0;0;0;4;0;0;0;1;0;0;0;2;0;4;2;1;0;0;0;2;0;1;1;0;0;1;0;2;0;0;0;0;0;0;0;0;0;0;0;1;2;0;1;0;0;0;0;0;0;1;1;0;0;0;0;0;0;6;0;0;0;4;0;3;0;0;0;0;0;4;0;1;0;2;0;0;2;1;1;0;0;3;0;3;5;1;0;0;6;1;1;0;0;0;0;0;0;0;0;2;1;2;0;0;0;0;0;0;0;0;0;0;0;0;0;0;0;0;1;0;1;1;0;1;0;0;0;0;1;1;0;0;0;0;1;0;0;0;0;0;0;4;0;0;0;0;0;1;0;0;1;0;0;2;0;1;0;1;0;1;0;0;0;0;0;0;0;1;0;5;0;0;0;0;0;0;1;0;0;0;1;0;0;1;0;0;0;0;0;0;4;14;0;7;0;0;0;0;0;0;0;0;0;8;6;0;0;0;9;4;57;7;19;1;49;0;1;0;0;2;0;0;0;0;1;3;8;0;0;0;3;2;3;0;0;6;0;3;0;2;0;0;4;1;0;3;0;1;6;1;0;0;1;0;1;0;1;0;1;1;2;0;0;1;2
13003000;9;0;4;0;7;0;7;2;18;0;2;0;7;0;0;76;0;0;8;0;0;1;2;0;0;8;0;0;0;3;0;1;0;0;0;3;0;0;0;7;0;11;6;3;0;0;4;0;0;2;3;0;24;0;5;11;0;0;10;0;0;27;8;18;1;11;2;6;2;2;4;2;8;0;6;0;0;0;3;6;1;6;0;17;1;0;1;0;0;0;5;5;0;0;0;0;1;0;7;4;3;0;1;1;2;12;14;0;0;0;0;5;2;0;0;0;0;9;0;5;0;0;0;0;0;0;0;0;4;0;0;1;0;0;1;0;7;0;3;0;0;0;0;0;0;0;0;0;3;1;0;0;0;1;0;0;0;0;0;0;0;4;8;1;0;0;0;0;0;0;0;0;1;0;1;2;0;0;7;2;0;2;4;0;14;0;1;7;0;0;1;2;8;3;0;5;0;1;0;0;1;0;4;8;1;2;0;2;5;2;0;6;6;0;1;5;0;2;8;2;0;0;4;1;1;0;0;0;0;1;0;1;0;0;0;3;3;1;5;10;0;3;0;1;0;1;0;3;1;0;0;0;0;1;3;0;1;0;0;0;0;0;1;0;0;0;0;4;0;1;1;0;6;0;0;0;2;0;6;0;0;1;5;2;1;0;1;0;2;0;0;2;4;0;11;0;0;0;1;3;1;0;1;0;1;0;0;0;0;3;0;0;0;0;3;1;0;0;0;0;1;0;0;0;0;4;10;0;0;0;0;0;0;0;0;3;0;5;2;0;0;0;0;0;0;0;806;0;24;0;0;4;4;0;0;0;0;0;8;0;9;32;0;0;0;0;0;0;0;0;0;0;0;0;0;0;0;0;0;2;0;3;0;0;4;1;0;0;6;0;0;3;5;0;0;3;0;0;0;0
13004000;8;0;0;0;0;1;0;0;2;6;0;1;0;0;0;0;4;1;1;0;1;2;0;0;0;0;6;0;0;0;0;0;6;0;0;0;0;0;0;0;0;6;4;0;0;0;0;0;0;0;0;0;5;2;2;0;0;0;0;0;0;0;4;0;9;14;0;0;2;5;2;3;0;0;0;0;0;2;0;0;2;0;1;0;0;1;0;0;0;0;3;2;0;0;0;0;0;0;0;0;0;0;0;1;6;6;1;2;0;3;0;0;0;0;0;0;0;0;0;5;4;0;1;0;0;0;0;0;1;0;0;0;1;2;0;4;0;0;0;3;0;0;0;3;4;1;0;0;1;1;0;0;0;0;0;5;0;0;0;3;0;0;4;0;0;0;0;0;0;0;0;0;0;0;2;0;0;0;3;0;0;1;0;0;0;4;0;4;0;0;0;0;0;2;3;5;1;0;0;3;0;0;0;2;2;1;2;2;1;1;0;0;0;0;0;2;0;0;0;5;0;0;1;4;0;1;0;0;0;0;2;0;0;0;2;0;0;0;0;0;0;0;0;0;2;0;0;0;0;1;0;1;0;0;0;1;2;0;2;0;1;0;0;0;0;0;0;1;0;2;0;0;0;0;1;0;2;3;0;0;0;0;2;0;0;0;1;0;0;1;1;0;0;1;0;0;2;0;0;0;1;0;0;0;1;0;3;0;0;0;2;0;0;1;0;0;2;0;3;0;0;0;2;0;0;0;2;1;0;0;0;0;0;6;0;2;0;0;0;0;0;0;0;267;0;453;377;389;165;415;193;0;0;2;0;0;0;3;0;0;0;13;0;1;0;4;5;3;0;8;0;0;2;0;0;3;6;0;0;1;3;0;0;0;0;0;0;0;0;0;1;0;0;0;1;0;0;0;0;0
13071000;1;0;15;2;0;5;2;0;0;0;2;0;0;0;0;0;14;2;0;0;0;5;0;0;0;0;12;0;0;1;0;2;0;9;0;0;2;1;2;0;4;0;0;0;1;2;0;8;2;0;4;0;8;0;0;0;3;0;3;2;2;0;10;0;0;5;0;0;6;0;0;1;0;0;0;2;2;0;1;2;0;0;0;0;2;1;0;2;0;0;1;5;0;1;4;0;0;9;0;5;0;4;0;9;3;6;15;4;0;3;0;0;0;4;2;2;0;2;1;0;0;9;0;0;2;0;0;0;0;2;0;0;0;1;7;2;2;0;0;0;0;0;4;0;0;0;0;2;1;0;2;7;0;0;0;2;0;4;0;2;0;3;0;1;0;0;0;0;0;0;0;0;0;0;0;0;0;2;0;1;0;0;0;0;2;0;0;0;0;0;0;0;0;0;1;4;0;3;0;1;0;0;0;2;0;0;0;0;1;0;0;0;0;0;0;0;0;0;2;0;0;0;0;0;0;0;0;3;0;0;0;1;0;4;0;0;4;1;0;0;0;0;0;4;0;4;2;2;8;0;0;0;0;0;0;0;1;0;3;0;2;2;0;0;0;1;0;0;0;3;0;2;0;0;0;0;0;0;0;1;5;0;0;3;0;0;0;0;0;0;0;1;0;1;0;2;1;0;2;0;0;0;0;2;0;0;1;0;0;1;0;0;0;0;0;1;0;0;5;0;0;0;0;0;0;4;1;3;0;0;3;0;0;0;0;0;0;0;0;13;0;0;0;64;0;0;0;0;27;5;0;8;0;3;2;0;16;0;0;0;0;12;2;0;0;0;0;0;0;0;0;0;3;0;0;0;0;0;0;0;9;0;0;0;1;0;0;0;1;0;0;2;5;1;0;0;1;0;3;0
13072000;0;8;1;0;0;0;0;0;0;1;0;3;0;0;0;0;0;0;0;0;0;0;0;7;3;0;0;0;0;2;5;0;0;0;0;0;0;7;0;1;5;0;0;0;5;1;2;7;0;2;0;0;0;0;1;11;0;0;0;0;0;0;2;0;7;0;0;0;0;0;0;2;0;0;4;0;0;0;3;0;1;0;0;0;0;2;0;0;0;0;6;0;0;0;0;0;0;1;3;3;5;0;0;2;3;5;0;0;0;3;0;0;0;0;2;0;0;4;1;0;0;0;0;3;2;0;0;1;0;0;8;0;0;1;0;3;0;0;0;4;0;0;6;4;0;2;0;3;3;0;0;3;2;0;3;0;2;0;1;0;0;0;0;0;6;0;0;0;3;0;0;0;0;0;0;0;0;0;0;0;0;4;0;2;6;3;3;0;1;0;0;0;0;0;1;5;3;1;0;0;1;0;4;0;0;0;0;0;3;0;8;0;2;0;0;1;0;1;0;4;0;0;0;0;0;3;0;1;0;0;0;0;2;0;2;1;1;0;2;1;0;0;1;0;0;0;3;0;1;0;0;0;0;0;1;0;0;2;1;0;0;0;0;0;1;0;1;0;0;0;0;2;0;1;0;0;0;0;0;0;2;3;0;0;0;2;0;0;0;2;0;1;3;1;0;0;4;0;0;3;0;0;0;0;0;0;0;0;0;1;1;1;0;1;0;0;1;0;0;0;0;0;2;0;0;0;0;0;0;0;6;0;1;0;0;3;5;9;0;0;9;0;0;0;0;58;0;22;55;16;0;0;0;2;0;0;0;1;0;0;0;2;0;6;3;0;0;5;0;0;0;5;0;1;0;0;0;0;0;2;0;1;2;0;0;0;1;0;0;0;0;0;0;0;0;0;1;0;1;0
13073000;0;12;4;2;0;0;0;0;0;0;10;15;0;7;0;14;0;5;1;0;0;0;0;0;0;0;0;0;4;3;1;0;2;0;0;0;3;21;0;0;5;5;2;0;0;0;0;0;0;5;2;0;17;4;0;5;0;0;5;1;0;0;0;0;0;4;0;0;5;2;0;0;0;6;0;5;0;0;0;0;0;3;6;0;0;0;0;1;0;0;0;3;0;0;18;0;11;0;6;3;3;3;0;5;0;7;0;3;1;6;11;5;0;0;13;0;2;0;0;10;0;0;0;4;3;1;0;3;0;0;0;3;0;0;1;4;0;3;0;0;0;0;1;1;1;0;0;0;0;0;0;5;0;3;0;3;6;3;0;0;0;0;6;0;1;4;0;1;0;0;0;0;0;0;0;0;0;1;3;4;0;5;0;0;1;0;0;0;0;0;3;0;0;0;0;2;3;0;0;0;0;3;0;0;0;0;0;0;0;0;0;0;3;0;0;5;4;0;0;7;0;0;1;3;1;0;2;0;0;0;2;0;0;0;0;1;0;0;3;4;0;0;0;4;0;0;0;0;0;0;0;0;1;0;0;2;0;1;0;3;1;0;0;3;0;2;1;0;1;0;5;1;0;0;0;0;0;0;0;0;1;1;2;9;0;0;0;0;4;2;2;0;2;0;0;0;2;0;0;2;0;0;0;0;2;0;0;0;0;0;1;0;0;13;0;1;2;3;0;0;3;7;0;0;0;0;6;5;0;0;0;0;0;0;0;0;0;2;0;6;0;0;0;127;0;63;0;0;8;0;0;0;0;0;0;0;10;0;0;8;0;8;0;0;0;0;0;0;0;0;0;12;0;2;0;0;1;0;0;4;0;0;0;0;0;0;0;2;0;0;0;1;0;0;0;0;0;0;0;0
13074000;7;22;0;0;0;0;0;0;0;4;14;9;0;1;0;0;0;8;0;1;0;0;0;0;0;0;0;0;0;3;0;0;0;0;15;0;0;0;1;0;0;0;0;1;1;3;2;4;3;0;2;6;8;0;2;4;5;5;0;0;0;0;5;0;0;8;3;0;0;0;2;0;0;0;0;0;0;0;0;1;0;6;1;0;2;0;2;3;0;2;0;0;2;0;0;0;0;4;0;1;0;9;0;0;0;4;3;0;0;0;0;0;0;0;0;0;0;2;0;6;3;0;0;0;0;0;0;0;1;0;3;0;0;4;0;2;0;0;2;1;3;0;0;0;3;3;1;0;0;0;0;0;0;0;0;0;0;0;0;0;0;2;0;2;2;0;0;0;1;2;0;0;0;2;0;0;1;0;0;3;0;0;0;0;0;0;0;0;1;3;0;0;5;1;0;0;3;1;0;0;0;0;0;0;0;1;0;3;0;0;2;0;0;0;0;0;3;0;0;1;0;0;4;0;0;0;1;0;1;0;0;0;0;0;0;0;0;0;1;0;2;0;5;0;0;0;2;0;1;0;0;0;0;0;0;0;1;4;1;0;0;0;0;0;0;0;0;0;0;3;0;0;3;2;0;8;0;0;0;2;0;1;0;0;1;0;0;0;0;0;0;0;0;0;0;0;0;0;0;1;0;1;2;0;0;0;1;0;4;0;0;0;0;0;1;1;1;0;0;0;0;1;0;1;0;4;0;0;1;0;0;0;0;0;0;8;0;0;0;8;0;0;0;0;0;0;0;0;0;0;0;4;0;2;0;0;0;0;2;5;2;0;0;0;0;0;11;3;0;0;7;0;0;1;2;0;0;4;0;0;0;0;0;0;3;0;1;0;0;0;0;0;0;2;1;0;7;0;0;0
13075000;7;5;19;5;0;8;0;0;0;0;0;1;0;4;0;0;0;0;3;0;7;4;0;5;0;0;2;0;0;2;1;0;2;0;0;0;1;6;0;0;0;0;1;5;0;2;5;9;16;0;0;0;0;6;0;6;0;0;6;0;0;17;7;5;0;0;0;0;0;1;0;4;5;0;0;0;0;3;0;0;5;8;0;0;0;0;0;0;0;3;12;0;0;3;0;3;12;0;0;0;0;0;0;2;0;2;0;4;2;0;0;0;0;0;0;7;1;7;3;1;0;0;0;0;1;0;5;3;2;0;2;5;3;1;0;0;0;0;0;0;0;0;3;0;0;0;1;0;0;0;0;4;0;0;0;0;0;0;0;0;0;3;1;0;2;0;1;0;0;0;0;0;0;4;0;0;0;0;0;0;0;0;0;0;0;4;0;3;3;0;0;1;1;5;0;0;2;0;0;2;0;0;2;4;2;0;0;0;5;0;3;1;1;0;8;0;1;0;0;0;3;0;4;0;0;0;2;0;0;0;0;0;3;0;0;0;1;1;0;0;0;1;6;0;1;0;1;0;0;0;0;0;5;0;0;1;0;0;1;0;3;0;0;0;0;1;3;0;1;1;0;1;7;0;0;1;0;0;0;3;0;0;0;4;0;0;0;0;0;1;0;0;0;0;4;0;3;0;8;0;0;1;0;0;4;2;0;1;5;3;0;0;2;0;0;0;0;0;0;0;1;0;1;0;0;3;2;4;0;0;0;0;0;0;0;0;0;0;0;8;0;0;0;83;0;0;0;3;9;0;0;10;0;0;0;0;22;0;2;0;0;21;3;0;0;18;0;0;0;0;0;0;0;0;2;4;0;0;0;1;0;0;0;0;0;0;0;1;0;0;1;1;0;0;0;0;2;0;1;1
13076000;3;13;9;6;0;0;0;8;0;0;0;0;0;0;0;0;3;4;0;0;1;4;4;1;0;0;5;1;0;0;0;0;4;0;10;0;3;18;1;0;0;0;0;7;1;4;0;2;2;3;0;10;3;2;3;0;6;1;1;1;1;9;0;0;10;14;3;2;0;0;7;0;20;0;1;0;0;0;0;0;1;11;2;3;2;5;5;0;9;0;10;0;5;0;0;9;2;0;0;0;0;0;1;0;5;0;6;0;3;5;0;0;1;5;0;0;0;4;0;0;5;0;0;0;0;2;0;1;3;0;0;0;0;0;0;6;4;2;0;0;0;4;1;0;0;0;0;0;0;0;1;1;2;1;0;0;0;0;0;1;0;1;0;0;0;0;0;0;0;0;0;0;0;0;1;0;3;0;1;0;4;1;0;0;8;0;1;3;0;0;0;0;0;1;1;2;6;1;0;0;3;0;0;2;0;0;0;0;0;9;0;0;0;6;2;3;0;1;0;7;0;0;0;0;0;1;0;0;0;0;5;4;4;0;0;0;0;0;4;0;0;1;1;2;0;0;0;0;0;0;0;0;0;0;0;0;0;0;10;0;0;3;0;8;1;0;0;1;1;0;0;1;1;0;0;1;0;1;0;2;1;0;0;4;0;0;0;0;0;4;0;5;2;1;0;0;3;1;0;2;0;0;1;0;3;0;0;0;0;0;0;2;0;6;0;5;1;0;2;0;0;0;3;0;0;5;0;7;0;0;0;0;2;0;0;0;6;0;3;0;8;0;4;147;0;244;387;271;264;162;0;1;0;0;0;0;0;0;0;0;0;0;0;0;0;9;5;6;2;0;0;0;0;0;0;0;0;0;0;3;0;2;0;0;2;0;2;7;0;0;0;0;0;0;3;0;0;0;1;0
14511000;0;3;0;0;0;0;0;2;0;0;0;2;0;1;0;13;11;3;15;2;3;0;5;1;1;0;24;0;7;1;10;0;0;0;0;0;1;0;1;0;0;0;0;3;2;0;0;2;5;0;9;0;5;0;2;0;1;0;1;0;1;11;9;20;4;11;0;7;14;3;1;0;0;0;0;1;0;3;0;0;0;9;0;3;8;2;0;0;0;0;0;1;1;2;0;2;8;0;0;0;0;6;0;0;0;5;0;8;0;5;0;13;0;0;1;2;12;16;0;2;0;2;0;0;2;0;0;0;0;3;0;0;0;0;0;13;0;1;6;0;0;0;4;8;0;0;2;0;0;1;0;4;0;4;0;1;0;2;0;0;0;10;4;0;0;4;6;5;1;0;0;0;0;0;0;2;0;0;26;0;14;1;4;0;0;2;2;0;1;7;7;0;22;10;0;14;0;1;0;7;0;0;0;5;1;3;0;0;0;0;0;0;0;3;0;0;0;4;0;0;1;5;4;77;1;1;0;0;0;0;0;4;0;0;0;0;0;2;13;1;0;0;0;0;2;5;5;0;43;0;0;0;0;4;0;0;1;0;17;0;0;0;0;7;8;0;6;30;0;0;0;0;2;0;3;0;0;1;1;0;0;0;0;21;0;0;3;0;0;0;0;0;2;0;0;0;1;1;0;1;0;0;8;0;17;0;0;2;0;2;1;0;0;2;1;6;0;0;1;0;0;2;2;1;47;5;0;9;12;1;2;0;3;6;1;0;44;2;11;0;0;5;0;0;6;0;0;13;0;0;0;0;2268;148;56;256;58;55;40;79;118;0;46;79;0;13;31;0;1;7;1;0;3;2;0;0;3;0;20;0;0;27;1;0;0;0;0;3;5;2;2;0;0;0;0;6;2;0;0;26
14521000;1;3;4;1;0;0;0;2;4;1;1;0;0;0;1;7;0;6;0;1;0;0;0;2;2;0;0;0;1;1;0;3;1;0;1;0;0;0;0;0;0;0;0;0;0;0;0;2;4;0;0;0;0;2;0;0;0;2;1;3;0;3;3;5;0;0;3;2;4;4;2;4;18;4;0;7;0;4;0;4;0;5;0;0;0;0;4;2;0;0;1;1;4;0;6;0;6;0;0;5;1;0;0;0;0;4;0;0;3;0;0;1;0;0;2;0;0;0;7;0;0;4;3;0;3;0;0;0;0;0;0;0;0;0;0;2;4;0;0;2;3;0;1;0;3;0;0;2;1;0;0;4;0;0;0;0;0;1;1;0;0;1;5;0;0;1;0;0;1;0;2;0;2;5;0;0;1;0;0;0;0;0;0;0;10;7;0;1;0;0;0;0;5;0;0;0;5;0;1;2;0;0;0;3;0;2;0;0;0;0;0;0;0;0;0;0;0;0;0;4;2;0;0;0;2;0;0;0;0;0;0;0;0;0;0;1;0;0;0;0;3;0;0;0;0;3;4;2;0;0;0;4;0;1;0;2;0;4;0;3;2;0;0;3;0;1;0;2;4;0;3;0;1;0;0;0;2;0;3;4;0;1;0;0;0;3;1;0;0;0;2;0;0;0;4;0;4;2;3;0;1;2;0;0;0;0;0;0;0;0;0;2;0;0;2;0;0;0;0;0;0;0;0;1;0;1;0;5;13;4;3;0;0;0;0;3;0;0;0;0;5;0;1;0;2;3;11;10;4;22;1;0;0;51;306;311;36;219;159;137;110;0;100;0;1;14;0;0;0;0;4;0;0;3;0;0;0;5;0;3;14;1;13;0;0;6;0;0;0;6;5;0;2;0;0;0;2;0;0;2
14522000;7;3;0;0;3;0;0;4;1;1;0;3;0;3;2;9;14;0;3;3;0;1;0;0;2;0;0;0;2;0;0;1;2;0;4;0;1;0;0;0;0;13;2;3;0;0;0;0;2;0;1;0;1;0;0;0;0;0;13;8;0;6;3;0;0;16;3;4;0;1;0;0;0;3;0;9;0;2;4;12;0;0;3;0;0;2;0;0;0;0;0;0;0;0;0;6;0;1;3;0;0;0;10;5;13;0;1;1;0;1;0;0;0;0;0;0;0;0;7;0;0;0;6;0;0;4;0;0;0;0;0;4;0;0;0;2;0;0;3;0;1;0;8;3;0;0;3;0;2;3;0;0;4;5;0;0;0;2;0;1;1;2;9;1;0;1;2;0;3;0;0;2;3;0;0;1;1;0;3;0;0;0;5;0;0;1;0;2;6;5;0;4;0;3;3;0;0;1;0;1;0;0;2;5;0;0;0;0;4;0;0;1;0;0;1;1;0;0;0;0;0;0;3;18;0;0;1;0;0;0;2;0;0;0;0;0;0;6;0;1;2;0;0;0;1;0;1;1;1;0;0;3;0;0;1;0;0;18;3;1;3;0;1;1;2;5;1;1;0;6;5;2;4;0;0;2;1;5;0;0;0;2;0;10;0;0;3;1;0;0;0;2;1;0;1;0;2;0;2;0;0;0;2;5;4;0;1;0;0;0;5;0;0;0;0;8;0;0;6;0;0;0;0;0;0;0;5;0;4;1;0;0;0;0;0;3;11;4;0;0;0;0;4;15;0;0;0;5;0;5;2;0;0;0;0;0;0;0;0;0;0;0;0;0;0;23;0;0;1;6;0;0;7;0;2;3;2;7;1;13;4;0;1;4;2;9;0;1;7;0;0;1;0;4;0;4;0;0;0;3
14523000;4;0;0;0;0;0;0;0;3;5;7;0;1;1;0;16;4;2;0;2;0;0;2;6;0;0;1;0;0;0;5;0;0;0;0;0;0;0;0;0;0;0;0;2;1;1;0;5;5;0;0;4;0;1;0;1;1;2;0;0;2;0;0;0;8;5;1;0;0;0;2;5;5;3;0;0;2;0;0;2;0;0;1;0;0;1;0;6;0;0;0;0;0;0;3;2;0;0;0;0;0;2;6;1;0;2;1;3;0;6;2;0;1;0;2;0;0;1;1;0;2;0;0;1;0;0;0;0;1;0;3;0;1;0;1;0;0;0;3;2;0;1;0;0;2;0;0;0;0;0;0;0;0;0;0;0;1;2;0;0;0;0;0;0;0;0;0;0;0;0;0;3;1;0;1;0;0;0;0;4;0;0;3;0;0;2;0;0;0;0;2;0;0;0;0;2;1;1;0;0;0;0;0;0;0;0;1;0;3;0;8;3;3;0;0;0;0;0;0;0;0;2;1;0;0;0;0;0;0;0;1;3;0;1;0;0;0;0;0;0;0;0;0;0;0;0;0;0;2;0;4;0;0;0;0;1;0;0;0;0;0;0;0;8;0;1;0;8;3;0;0;5;0;0;0;0;0;1;0;4;0;0;0;0;0;0;0;0;4;0;0;0;0;1;0;0;4;0;0;0;0;0;0;5;10;0;0;0;0;0;1;5;1;4;1;0;2;0;0;0;1;1;0;0;0;0;0;1;0;0;0;0;0;1;5;1;0;1;0;0;1;4;0;5;1;0;7;1;0;0;3;0;0;7;0;0;0;0;0;0;11;0;15;0;0;6;1;0;0;0;0;0;0;0;0;0;1;0;4;3;22;0;10;2;4;4;5;5;0;0;1;0;0;0;0;0;1;0;0;5
14524000;6;0;0;0;0;0;6;0;0;0;8;6;0;0;3;40;4;2;18;1;2;6;0;0;4;0;21;3;0;5;0;5;3;0;0;0;0;4;1;1;0;4;0;0;9;0;0;0;0;2;0;0;0;4;1;9;0;1;5;0;3;8;1;14;0;2;2;0;2;7;4;6;25;0;3;3;0;0;7;5;0;1;4;3;1;0;8;0;0;0;6;0;1;0;0;0;3;1;0;0;0;0;1;5;0;1;2;0;0;0;0;0;2;7;0;0;0;5;1;4;0;0;0;2;4;6;1;11;0;0;6;1;0;1;0;0;1;0;0;1;3;1;1;0;0;5;5;1;0;0;1;0;0;0;3;0;0;4;0;0;0;10;0;0;0;3;1;0;0;0;1;0;1;1;0;0;0;0;0;0;0;0;0;0;0;3;0;1;0;4;0;1;1;0;0;2;1;0;0;0;0;0;5;0;3;2;0;0;0;0;2;5;2;0;0;0;2;0;1;0;4;0;30;20;0;1;3;0;0;0;9;8;0;0;1;0;0;1;0;0;0;0;0;1;0;4;1;1;0;0;0;0;5;2;3;0;0;0;0;1;3;2;0;3;3;0;0;0;0;0;0;0;0;0;1;0;0;0;9;0;0;0;0;0;1;5;0;5;0;1;0;3;0;0;0;4;2;0;0;0;3;0;0;0;3;0;0;0;2;0;0;0;5;0;0;1;0;0;1;1;2;1;1;0;0;1;0;0;7;0;2;0;5;4;0;7;5;1;0;0;5;0;6;8;6;5;5;15;0;27;1;0;0;9;45;0;0;7;2;2;3;0;0;0;4;40;4;1;3;0;0;0;0;0;0;0;8;9;8;10;5;0;6;0;5;14;2;2;5;0;0;4;0;4;0;5;1;0;17;0
14612000;0;13;13;11;3;0;10;0;8;10;0;0;0;0;0;102;21;0;0;0;0;0;0;0;0;0;38;0;0;9;0;0;0;0;8;17;0;0;7;5;10;2;0;4;2;10;12;5;0;0;8;1;0;10;0;2;5;11;4;0;2;33;0;25;20;20;0;10;3;0;2;3;5;0;6;9;0;1;9;28;9;0;5;4;0;0;0;15;8;0;0;23;0;0;0;0;0;5;0;0;0;0;16;0;0;0;0;1;4;3;0;0;0;8;0;0;0;43;0;0;0;0;3;6;9;4;0;0;2;0;6;0;3;0;0;0;9;5;0;4;0;3;0;0;0;0;5;0;0;0;0;3;1;16;0;0;4;0;1;14;6;0;0;0;0;4;0;0;2;0;0;0;7;0;6;0;2;3;29;8;12;0;12;0;0;5;5;5;0;5;0;4;0;0;0;33;18;2;0;6;2;0;1;7;0;2;8;3;3;0;0;0;0;14;4;1;0;1;6;18;0;0;13;184;9;0;1;0;0;0;1;0;0;10;0;0;0;3;5;0;0;2;10;0;0;0;0;0;16;0;0;0;4;0;0;0;2;0;14;1;0;0;4;1;0;0;0;22;15;2;13;4;0;0;0;5;0;0;7;0;0;0;4;40;0;0;0;14;0;3;0;0;11;0;0;5;0;4;5;0;2;0;11;0;22;2;0;0;4;10;0;1;1;0;8;0;0;4;0;0;1;3;0;0;263;9;0;0;10;0;0;0;0;0;14;25;88;3;14;3;0;0;0;7;3;0;10;0;13;0;13;0;0;252;108;11;0;942;102;820;1519;32;362;225;0;0;13;7;0;0;0;0;5;0;0;0;1;0;11;0;0;105;0;5;0;0;0;0;0;0;0;0;4;0;4;0;0;0;0;0
14625000;4;2;0;0;0;0;4;2;0;1;3;0;0;1;0;7;0;0;3;0;2;1;1;2;0;0;9;1;0;0;0;0;2;1;4;0;0;3;1;0;10;0;1;6;0;0;0;6;0;0;0;3;1;1;0;0;1;6;1;2;0;0;6;0;8;5;0;0;0;1;0;4;13;2;0;1;1;0;1;0;1;0;1;0;0;1;3;0;6;0;0;3;1;0;5;0;4;0;0;0;3;0;0;1;5;3;5;0;1;2;6;0;1;1;1;0;0;0;0;4;0;1;0;0;0;0;0;0;0;3;3;0;3;1;1;0;0;0;0;1;1;0;4;0;0;0;1;0;2;0;0;0;0;0;2;2;6;2;0;0;0;6;2;0;0;0;1;0;1;0;0;0;4;0;0;0;0;0;0;0;0;0;0;0;0;0;0;6;1;0;0;0;5;0;0;0;6;0;0;0;0;4;0;0;7;0;2;0;0;0;0;0;1;0;6;0;2;0;0;1;1;0;0;3;0;0;1;0;0;0;1;0;0;0;2;2;1;0;0;0;5;0;1;0;0;1;0;0;1;0;0;3;9;0;0;7;0;3;1;0;0;0;2;0;0;3;0;0;3;0;0;1;0;0;0;0;0;0;0;2;0;3;1;0;0;0;3;0;2;0;1;0;0;0;4;0;0;1;0;1;3;0;0;0;0;1;0;0;0;0;0;0;0;0;0;0;1;1;0;1;0;0;0;0;0;2;22;3;13;0;0;10;0;2;1;0;8;0;0;1;18;3;2;8;0;3;0;0;5;7;1;0;0;1;0;0;0;0;89;3;0;0;0;0;0;0;3;0;0;0;0;10;3;8;2;8;0;11;10;11;5;1;0;0;3;3;3;0;0;7;0;0;2;0;0;0;0;0;0;8
14626000;0;2;9;1;0;0;0;0;0;0;6;4;0;0;1;26;0;5;0;3;0;4;2;0;1;0;0;4;0;0;0;1;0;0;5;0;1;0;0;0;9;1;0;0;0;0;1;0;1;0;4;0;0;0;0;0;0;0;0;2;0;0;5;2;7;3;0;0;1;2;5;0;6;0;0;0;0;0;0;0;0;0;4;0;0;0;3;0;2;0;7;0;0;1;5;0;0;0;0;0;0;0;4;0;2;7;0;0;0;0;0;0;0;1;0;10;7;0;0;0;0;1;0;0;5;0;0;0;0;0;2;0;0;0;0;0;0;1;0;1;0;1;2;1;0;0;0;0;2;0;0;0;0;1;0;5;0;1;2;4;0;0;0;0;0;1;0;4;0;4;3;0;2;0;0;2;0;0;0;0;0;0;0;3;0;4;0;3;0;0;0;0;0;0;0;0;0;0;0;0;2;0;0;0;0;0;0;0;0;0;0;0;3;0;1;0;1;5;0;0;0;0;0;0;4;3;2;0;0;0;0;0;0;0;0;0;1;1;0;0;0;0;0;4;0;0;0;0;0;0;0;0;0;0;1;0;0;0;0;1;0;2;0;0;2;6;1;0;3;0;2;0;0;0;2;0;0;0;0;0;2;4;0;6;0;0;0;1;0;0;0;0;0;0;1;0;0;0;0;0;0;0;1;0;2;0;0;0;0;0;0;0;1;0;3;2;8;0;11;0;3;0;3;6;0;5;0;0;0;0;0;0;0;0;0;0;0;0;0;0;10;0;0;0;1;8;3;1;0;0;4;0;0;14;9;0;0;0;0;22;0;52;12;0;0;0;12;4;2;3;0;0;3;0;6;1;0;0;13;0;0;0;0;0;1;0;0;0;2;0;2;3;1;4;0;6;3;0;0;0
14627000;1;4;0;0;1;6;4;4;0;0;3;0;0;5;0;0;7;0;3;6;2;1;0;0;0;0;0;1;0;3;0;0;0;0;0;0;0;6;0;1;3;0;8;3;0;0;1;0;0;0;2;0;1;0;0;1;0;0;3;0;2;6;0;0;0;1;0;1;0;1;0;0;1;0;0;2;0;0;0;0;1;0;0;0;3;3;2;0;1;0;19;0;0;0;0;0;0;7;0;2;0;1;0;0;2;4;0;1;0;0;2;0;5;1;1;3;0;0;0;0;5;2;2;0;0;0;0;0;0;0;1;3;0;0;0;0;3;0;0;0;0;0;1;0;2;0;3;0;3;1;0;0;1;5;2;0;0;0;0;0;0;6;2;0;0;1;2;0;4;2;0;0;0;0;0;0;0;0;0;0;0;0;0;0;0;0;0;0;0;0;6;4;2;0;0;0;2;0;0;0;1;0;0;6;0;0;1;1;0;2;0;0;0;0;0;1;0;0;0;0;0;0;0;0;0;0;2;0;0;0;3;0;0;0;0;0;0;0;0;0;0;3;0;0;0;2;0;1;1;0;4;0;0;2;0;4;0;1;0;0;9;0;0;0;0;3;3;0;0;0;1;5;2;2;0;4;2;2;2;0;0;1;0;0;0;1;0;0;2;0;1;7;0;0;0;0;1;0;4;1;1;0;0;2;0;1;0;0;0;0;0;0;0;1;1;0;2;0;0;1;0;4;2;0;0;0;12;0;1;0;0;16;4;0;4;37;3;2;6;0;15;3;0;2;4;20;5;0;0;7;5;0;0;93;16;0;0;0;0;0;6;43;0;0;1;17;0;0;13;0;2;0;0;5;6;4;0;0;5;1;8;1;6;3;0;1;1;0;0;2;0;0;4;0;1;3;0;7;0;0
14628000;0;9;5;0;0;0;3;4;2;2;1;9;0;0;0;13;2;0;0;1;0;1;2;0;3;0;0;2;1;0;1;0;0;5;1;0;4;0;0;4;0;0;1;0;3;1;0;0;0;0;0;1;2;1;0;0;0;0;0;0;0;1;3;0;0;3;1;1;0;0;4;0;0;0;0;0;1;0;0;12;0;8;0;0;5;0;0;0;12;1;11;1;2;0;0;2;0;0;0;0;3;0;0;3;0;4;3;1;1;0;4;0;0;4;6;2;0;4;0;0;0;0;3;0;0;2;1;0;2;0;0;3;0;0;0;0;0;2;0;0;0;2;0;0;0;0;1;1;0;2;1;0;2;1;0;1;1;0;0;0;0;0;2;1;1;0;3;0;0;0;0;0;0;2;0;0;1;0;0;0;1;0;0;0;0;0;0;1;5;0;0;1;0;0;0;3;0;0;0;0;1;0;2;3;0;0;0;0;0;2;0;5;4;2;2;0;0;0;0;3;0;2;0;0;0;0;0;0;0;0;0;9;5;2;0;0;0;0;0;0;4;0;5;0;0;1;0;3;0;0;1;0;0;1;0;0;0;0;0;1;1;0;0;0;0;0;0;4;1;2;0;0;0;1;0;2;2;0;0;0;0;0;0;6;0;2;0;1;2;0;1;2;0;1;2;0;1;1;2;0;0;0;0;0;0;0;1;0;7;0;1;2;0;0;0;1;1;0;0;0;2;0;0;0;0;5;0;2;0;5;0;0;0;2;0;13;5;3;0;0;3;6;0;0;6;2;2;4;0;7;0;0;0;129;0;0;0;45;6;0;0;0;20;0;3;4;0;0;0;7;2;8;0;3;0;0;0;0;0;5;8;0;0;4;2;0;0;2;0;0;1;2;2;0;1;0;0;3;0;0
14713000;3;0;0;0;0;0;1;0;0;12;0;0;0;0;1;82;0;1;0;0;0;0;0;0;2;0;34;5;0;0;0;1;0;4;0;11;10;0;0;12;7;0;0;0;0;0;0;13;2;7;2;0;0;4;0;0;0;40;7;2;4;6;10;16;18;0;2;4;13;4;5;0;33;4;5;19;9;8;0;0;0;0;0;4;9;0;7;4;0;0;4;0;0;6;0;11;1;8;0;6;0;6;7;0;0;0;0;5;3;14;1;0;0;0;25;0;0;0;7;0;7;7;0;0;0;0;3;0;0;5;0;0;1;0;0;2;0;0;0;12;0;0;0;0;0;21;0;0;10;3;2;6;0;12;0;2;6;2;0;0;0;0;0;1;0;6;0;0;7;4;3;0;6;0;0;4;13;0;0;0;0;0;0;0;0;0;0;0;0;0;0;0;0;5;0;0;4;0;27;0;0;0;0;0;8;0;0;0;0;0;0;3;9;15;0;0;3;0;0;0;0;4;0;0;0;0;3;0;0;0;1;0;0;0;0;6;0;0;0;11;0;0;0;0;7;0;14;7;42;3;0;8;21;0;0;4;1;0;40;0;0;3;0;0;0;3;0;14;0;0;0;0;13;0;0;0;0;0;0;2;0;0;0;0;0;11;0;10;7;4;0;1;0;4;0;0;0;0;0;0;7;5;0;1;5;0;0;0;0;0;1;2;0;0;0;1;0;5;13;1;4;2;0;13;48;0;0;7;0;3;20;0;0;15;4;0;70;0;0;4;0;5;0;0;0;0;0;0;14;0;5;584;130;292;41;369;0;27;0;0;99;0;1608;2594;0;0;0;1;153;0;143;0;0;16;211;0;0;59;0;0;0;103;0;0;0;2;0;0;12;0;0;10;0;0;5;3;0;0;3;64
14729000;0;3;3;0;0;4;0;0;0;3;6;1;0;1;0;16;0;0;0;0;0;3;1;0;0;0;0;2;4;5;4;0;0;2;0;0;0;0;1;0;0;0;0;7;1;0;0;0;0;0;0;6;0;5;1;1;0;0;0;0;1;0;3;5;16;0;2;0;0;0;2;0;0;3;0;3;0;1;0;9;0;1;0;0;0;3;0;0;2;0;2;0;2;0;2;0;1;0;5;3;0;0;0;1;3;1;2;0;1;1;0;0;0;0;2;2;0;0;0;4;0;9;1;1;0;4;1;0;2;0;0;0;5;7;2;0;0;0;0;0;0;0;0;0;0;1;0;0;2;2;0;0;0;1;2;0;0;0;0;0;0;0;2;0;0;0;2;0;0;0;0;1;2;0;0;1;0;0;0;3;2;0;0;0;3;1;0;0;0;0;0;0;7;0;4;6;0;0;0;0;0;0;2;0;0;1;0;4;0;0;6;0;0;0;0;0;1;0;0;0;0;0;2;0;0;1;2;1;2;0;5;0;0;0;0;0;0;1;0;0;0;2;0;8;0;0;1;0;0;0;0;2;0;1;0;0;5;0;1;0;1;0;1;0;0;0;0;0;4;0;1;0;1;0;0;0;1;0;1;3;0;0;0;10;0;4;5;0;0;0;1;0;2;2;0;0;0;0;1;2;0;6;1;0;2;0;0;0;0;0;0;2;1;0;0;0;0;0;4;3;5;0;0;2;0;1;0;0;0;0;7;12;10;0;0;0;11;0;5;0;4;0;5;7;0;0;7;9;1;0;5;0;0;27;0;18;0;0;0;30;0;0;0;0;0;2;0;8;12;1;44;3;1;0;22;0;0;0;3;0;1;0;0;2;0;1;0;0;5;10;0;0;4;8;0;0;10;2;0;25
14730000;0;1;1;0;1;0;0;0;2;0;1;2;1;1;0;0;9;2;2;0;0;4;5;4;0;0;0;0;6;2;0;0;0;3;0;0;1;0;0;0;0;0;0;0;0;1;0;1;0;0;0;1;3;1;0;0;0;3;0;1;0;2;0;0;2;0;2;2;0;0;0;0;2;0;0;1;2;0;0;2;0;0;2;0;0;1;0;0;0;1;8;0;1;2;0;1;3;1;0;0;3;0;1;0;0;0;0;5;0;4;2;0;0;0;0;4;0;11;0;5;0;0;0;4;0;0;0;5;0;0;0;1;2;2;1;0;1;0;0;0;2;1;0;0;0;0;0;1;0;0;0;0;3;0;0;0;1;0;0;0;0;4;1;1;0;0;0;3;0;2;0;0;0;0;0;0;3;8;0;0;0;1;0;0;1;2;0;1;1;1;0;2;0;0;0;6;0;0;2;2;0;0;0;0;0;5;0;1;1;1;0;0;7;0;1;0;0;2;0;0;1;0;0;0;2;2;5;3;0;0;0;0;0;4;4;0;1;0;1;0;1;0;0;0;0;0;3;0;0;1;0;2;7;0;0;0;0;0;0;0;1;0;0;0;0;2;0;1;0;0;1;0;0;0;3;0;1;0;0;2;0;1;0;2;0;0;0;3;0;5;0;2;0;0;2;0;4;0;0;0;0;4;1;0;0;0;2;0;0;0;3;4;0;0;2;1;0;0;1;3;0;0;0;0;0;5;1;0;11;0;0;0;2;13;0;0;0;12;2;0;0;0;9;9;0;8;0;4;0;1;2;0;34;176;72;122;0;129;117;163;119;0;19;0;0;29;15;2;35;0;0;0;0;7;1;0;4;8;0;0;2;3;0;5;3;4;0;1;4;6;0;3;7;0;0;3;1;0;3;0
15001000;1;0;0;0;0;0;0;3;6;0;0;7;0;0;0;12;0;0;1;0;1;0;1;0;0;0;0;1;0;0;1;0;0;0;0;0;4;1;0;2;6;1;0;0;1;0;1;2;0;1;0;1;13;1;3;0;0;0;2;0;1;0;0;7;0;3;0;2;0;1;0;0;1;0;0;5;0;0;4;0;1;0;0;2;1;2;0;0;0;0;0;1;1;1;5;0;0;0;0;0;0;4;0;0;2;0;0;0;0;0;0;6;0;3;0;0;1;6;1;0;1;0;1;0;0;4;1;0;0;0;1;2;3;1;0;2;0;0;0;1;1;0;0;0;0;0;0;0;0;3;0;0;0;0;0;0;0;0;1;0;0;0;6;0;0;0;0;0;0;0;0;2;0;0;1;0;1;0;1;0;0;0;0;0;3;0;0;0;0;0;0;0;3;2;0;2;0;0;0;0;2;0;0;1;0;7;1;0;0;0;1;1;1;4;0;0;0;0;1;0;1;0;0;18;0;2;6;0;4;0;0;0;0;2;0;0;0;0;1;1;0;0;0;0;0;5;2;0;0;0;1;0;1;0;0;0;0;1;0;1;1;2;0;0;1;0;0;0;2;1;3;0;0;0;0;1;0;0;1;0;2;0;0;0;0;0;0;0;0;0;0;0;0;0;0;0;0;0;0;0;0;0;0;0;3;0;0;0;0;0;0;0;0;1;1;1;0;0;0;0;0;1;2;0;0;3;4;0;0;0;2;0;0;0;4;0;0;0;0;0;0;0;1;8;0;1;0;0;0;5;3;9;0;1;0;0;9;4;1;0;0;16;2;7;0;4;15;0;28;3;0;0;0;0;9;0;7;0;10;0;0;3;0;2;0;1;2;0;1;0;6;0;1;2;0;0;2;0;0;4
15002000;8;8;15;0;0;0;0;0;8;0;0;0;3;0;5;94;24;6;1;2;0;3;0;18;0;0;35;0;0;17;0;8;2;9;0;0;0;0;0;2;0;8;7;0;0;0;3;0;1;0;2;6;2;0;0;0;3;0;5;0;0;18;6;11;30;18;1;4;3;0;0;0;0;3;2;2;0;9;0;7;0;32;3;4;0;0;5;0;1;0;15;14;6;0;31;0;4;1;1;5;0;7;1;3;12;41;10;8;15;3;0;4;0;0;0;8;0;25;8;15;0;3;0;0;7;0;0;0;0;5;10;1;0;0;0;19;1;0;1;0;0;3;3;2;0;2;2;0;0;1;0;1;0;16;0;1;0;0;3;3;0;14;8;6;0;0;2;0;0;0;0;0;2;5;0;0;0;0;0;1;0;0;0;7;0;0;0;3;0;4;2;0;0;6;0;0;0;0;0;0;0;0;0;14;0;0;0;0;0;1;7;2;2;8;11;2;0;3;0;0;0;1;1;23;0;0;0;0;1;0;0;0;9;0;0;7;4;3;0;0;0;3;5;2;7;0;0;0;0;0;3;0;0;1;0;0;0;0;12;0;3;1;2;0;2;4;0;1;5;3;0;0;2;0;3;0;2;0;5;1;1;1;5;0;0;0;4;1;8;0;0;1;0;0;8;9;0;0;1;1;1;1;2;0;0;1;0;0;3;0;0;6;1;0;0;0;0;5;0;1;0;0;0;0;18;18;0;5;6;1;0;0;0;0;3;5;0;1;0;0;1;0;0;20;0;3;4;15;1;0;0;0;0;0;0;0;9;10;6;0;0;173;0;0;0;0;0;0;0;0;56;0;2;0;408;0;0;0;7;9;0;0;0;4;0;0;0;4;0;11;0;4;6;0;0;5;0;2;12;8
15003000;0;0;0;0;12;0;0;0;0;0;19;0;6;3;0;89;34;0;8;0;0;34;0;16;0;0;52;1;0;13;2;0;0;2;0;0;6;0;2;4;0;0;0;3;0;0;3;7;0;2;0;6;0;0;4;0;0;0;1;0;0;3;1;17;0;18;0;7;1;0;0;1;1;0;0;0;0;9;23;28;2;0;5;0;0;0;0;1;1;0;3;10;0;0;3;3;1;7;2;0;0;0;12;0;35;26;2;6;0;6;0;0;0;0;2;0;23;29;5;8;0;3;12;0;0;0;2;6;3;3;5;0;1;0;4;8;12;0;0;0;6;0;5;0;0;7;3;2;0;0;0;2;1;0;0;0;0;1;6;0;0;3;7;0;0;0;0;1;0;0;0;3;2;0;0;2;0;0;24;3;2;5;0;3;14;0;0;1;0;2;8;3;1;1;5;8;22;0;6;0;1;0;0;10;5;0;0;2;0;2;0;0;4;0;2;0;9;3;0;7;1;0;6;53;5;2;7;0;0;0;0;0;0;0;0;0;0;2;5;1;0;5;1;0;0;2;0;0;1;0;0;0;0;0;1;0;0;3;2;0;1;0;0;0;3;1;0;0;1;0;0;4;1;0;5;0;0;0;5;3;1;16;6;27;1;5;2;3;0;2;3;1;0;0;2;2;1;0;1;0;0;0;0;1;16;2;3;1;2;0;0;0;4;0;2;6;0;0;4;1;0;0;0;1;180;1;0;0;11;0;5;0;0;0;0;1;0;4;0;0;2;0;0;22;0;7;12;9;0;8;0;0;0;4;0;0;0;0;0;1;3;34;5;0;0;26;0;0;0;527;6;5742;167;0;0;242;0;0;6;0;0;0;0;0;0;0;0;0;6;3;0;0;0;0;0;4;3;0;0;0
15081000;0;5;0;0;0;3;0;0;0;0;5;1;0;0;0;13;8;1;22;0;0;0;0;3;0;0;0;1;0;0;4;0;0;0;6;0;25;0;0;0;4;0;0;0;0;1;5;0;1;1;0;3;0;0;0;0;0;7;4;0;0;0;1;1;3;0;0;3;1;0;0;0;0;5;0;0;0;0;0;2;5;0;0;4;0;2;3;0;0;1;2;2;0;0;0;0;0;0;0;0;0;0;10;1;0;0;0;0;0;0;0;4;0;1;2;3;0;0;0;3;0;1;2;5;0;0;0;1;0;0;2;0;0;3;0;4;0;0;0;1;0;2;1;0;1;0;0;0;3;0;0;0;0;0;0;0;0;0;0;0;0;1;0;0;0;0;0;1;0;0;0;0;0;0;0;1;0;0;1;0;0;0;0;0;0;0;0;0;0;0;0;0;0;3;0;2;0;0;1;1;0;0;0;0;0;1;1;0;0;0;0;0;0;0;0;0;0;0;0;0;0;0;0;6;0;0;1;0;0;0;0;0;0;0;0;0;0;0;0;0;0;0;0;0;0;0;0;0;0;0;0;0;0;4;0;1;0;0;3;0;0;0;1;0;0;2;0;0;0;0;0;0;0;2;0;0;0;0;0;1;1;1;1;5;0;3;0;0;0;0;3;3;0;0;0;0;0;0;0;0;1;0;1;0;0;0;0;0;0;0;0;0;2;1;0;0;4;0;3;0;0;0;0;0;0;0;1;1;0;4;3;0;1;0;0;0;6;1;0;5;2;0;0;8;0;2;0;0;0;1;0;2;4;5;0;0;0;0;0;4;1;0;0;0;2;13;46;0;3;25;0;0;8;3;2;3;0;5;4;1;0;0;3;0;0;1;1;0;0;2;0;0;1;0;1;0;0;1;0;0
15082000;2;0;2;0;3;0;0;0;11;4;0;4;0;1;0;0;19;0;0;0;3;0;0;0;0;0;2;0;0;0;1;0;0;1;4;13;0;0;0;7;4;0;0;0;0;0;1;2;0;0;2;0;5;0;1;0;0;0;1;1;0;5;0;9;0;9;1;1;3;0;0;0;2;0;3;1;0;0;3;0;0;14;0;2;0;0;1;1;2;0;0;0;0;0;0;0;0;0;6;0;0;1;0;0;7;1;2;2;2;0;0;2;0;1;0;0;8;2;1;9;0;3;0;0;4;0;0;6;0;0;0;2;2;4;0;0;0;0;0;0;0;1;0;1;0;0;1;0;5;0;1;0;2;3;2;0;0;0;0;0;0;0;3;0;0;0;0;2;3;0;0;0;0;0;0;2;0;2;0;1;0;5;0;4;0;1;1;1;0;0;1;1;1;0;0;0;0;1;0;0;0;0;0;1;0;0;0;0;9;0;5;0;3;1;0;0;0;0;0;0;1;3;1;0;1;0;0;0;0;1;1;0;0;0;0;0;0;0;0;0;0;1;1;0;0;2;2;0;2;0;0;0;0;1;0;0;0;0;0;0;0;0;0;0;1;3;0;0;3;0;0;2;0;0;0;4;5;0;0;0;0;4;0;0;0;3;0;0;0;2;6;1;2;0;0;2;0;0;0;0;0;0;3;0;0;0;6;0;1;0;0;2;0;2;0;4;0;0;2;1;1;0;1;0;0;1;7;6;5;2;0;2;0;0;3;0;1;0;0;0;0;0;1;0;0;1;3;0;3;6;0;0;0;0;2;0;7;4;0;0;1;0;0;0;0;153;37;0;0;2;5;0;6;0;0;0;0;0;1;7;1;2;0;2;0;6;0;0;4;0;1;0;5;1;1;0;0;3;12;0
15083000;0;4;1;2;0;1;0;4;3;2;4;1;0;0;1;10;0;0;21;0;5;0;1;0;0;0;0;2;0;0;1;1;2;0;0;0;3;1;0;7;0;0;0;0;0;0;1;1;4;0;1;1;0;0;1;4;1;0;1;1;1;5;1;10;4;3;0;1;3;1;6;3;0;0;0;1;1;0;0;0;0;3;0;0;0;1;0;5;0;0;1;2;0;0;0;4;0;7;0;0;0;0;0;0;0;1;7;1;0;5;0;0;0;0;2;4;3;0;6;0;0;0;0;6;0;4;1;0;0;1;0;0;0;0;0;2;0;0;0;0;0;0;0;0;0;0;0;0;1;0;0;0;14;0;1;0;0;0;0;1;0;0;1;0;0;0;0;1;1;0;0;0;0;0;0;0;0;0;1;0;0;0;0;0;2;1;3;0;0;0;0;0;2;2;0;1;0;0;0;1;0;0;0;0;0;0;0;0;0;0;0;0;0;0;0;0;2;0;0;0;0;1;3;0;0;0;2;0;0;0;0;0;3;0;0;0;1;0;0;0;1;0;0;0;0;0;0;0;0;5;0;0;0;0;3;0;0;0;0;1;0;0;2;0;4;0;0;0;0;0;0;2;1;0;0;0;0;0;0;1;0;1;0;1;0;0;0;0;1;0;2;0;0;0;0;1;0;0;0;1;0;0;0;0;0;0;3;2;0;0;0;0;1;0;0;1;0;0;2;0;0;0;0;0;0;0;4;1;0;0;2;0;0;0;7;0;4;1;0;1;0;2;1;6;0;7;2;2;3;0;8;0;1;0;3;1;1;0;0;10;0;7;0;0;0;15;0;0;0;0;7;0;0;0;4;26;0;2;0;0;0;0;2;1;0;0;0;0;0;0;0;2;4;5;0;2;1;0;0;0
15084000;0;3;8;1;0;0;3;0;4;3;4;5;0;0;2;14;2;3;0;0;0;4;0;0;0;0;0;6;3;0;0;0;2;5;5;0;1;2;0;0;2;0;0;1;0;0;1;2;3;6;0;6;0;1;0;0;0;0;0;0;1;1;7;6;0;0;7;0;2;0;1;0;2;0;0;0;5;0;0;0;0;6;1;0;0;0;0;4;4;0;0;2;0;2;11;1;1;3;4;2;2;2;2;14;0;4;2;8;4;0;3;0;0;2;0;2;0;0;0;0;0;3;0;0;0;0;0;2;3;0;0;0;0;0;0;0;2;1;0;2;8;0;3;0;0;1;1;2;2;0;0;0;0;0;3;0;0;0;0;0;0;0;0;0;0;0;2;0;0;0;0;0;0;2;0;0;0;1;0;0;0;3;0;0;1;1;6;1;4;1;0;0;2;0;0;0;0;1;0;0;2;0;0;2;0;2;1;0;0;0;0;0;0;0;2;0;0;1;2;2;0;0;6;0;0;6;0;0;0;3;0;0;0;1;0;0;0;2;0;3;2;0;0;2;0;0;1;0;0;0;0;0;0;0;0;0;2;0;3;0;0;2;0;3;0;1;0;5;0;0;0;0;0;0;3;5;0;0;0;0;4;1;2;0;0;7;0;3;5;2;0;2;1;1;0;0;0;1;1;1;0;0;0;0;0;0;0;0;0;1;0;0;0;0;0;0;0;0;3;0;0;0;0;0;0;2;0;0;0;0;4;5;0;3;5;1;0;8;0;0;1;0;0;4;3;3;11;8;0;8;5;0;0;8;1;16;10;7;1;0;0;0;0;13;25;0;0;6;0;0;0;0;1;21;0;0;10;0;14;20;8;0;0;75;1;0;3;26;8;3;0;0;0;0;3;6;12;4;0;4
15085000;0;0;0;0;0;3;5;0;0;0;0;7;0;1;0;12;51;4;11;0;19;0;0;0;0;15;0;0;3;1;0;0;0;0;5;0;0;3;0;0;0;8;0;0;0;0;2;0;4;1;0;0;0;1;2;0;1;1;0;0;3;0;0;12;0;0;1;0;3;0;10;1;1;0;0;0;0;0;0;4;5;0;1;3;0;0;4;0;0;0;0;0;0;0;0;0;0;0;0;3;2;0;0;4;3;3;3;0;0;7;5;0;0;0;0;2;0;0;0;0;0;3;0;0;7;0;3;4;2;3;0;0;3;3;0;7;0;0;0;0;3;0;0;0;0;2;0;0;0;3;2;0;0;0;0;0;0;0;0;1;0;0;0;1;1;0;1;0;0;0;1;0;0;0;0;0;1;0;1;0;0;0;4;0;0;0;0;2;0;1;1;0;2;4;5;0;0;0;0;0;0;0;0;3;0;2;2;0;0;1;2;10;1;0;3;0;0;0;0;1;0;3;0;17;3;2;0;0;0;0;0;0;0;0;0;0;0;0;0;0;4;0;0;0;0;1;0;1;0;0;0;1;0;0;2;0;0;0;1;2;1;2;0;0;0;2;1;0;2;1;0;0;1;0;0;0;1;0;0;2;1;0;8;29;0;0;1;0;0;1;0;0;0;0;0;0;0;0;1;0;1;0;1;2;2;0;3;0;0;3;0;0;2;1;0;6;0;1;0;1;0;2;0;0;0;4;4;0;0;0;0;0;0;7;3;3;0;0;1;0;0;0;0;14;3;8;0;0;8;13;2;6;3;1;2;6;19;0;3;9;0;67;0;5;161;411;0;251;263;358;422;0;216;288;365;847;269;333;4;12;0;0;2;0;0;0;0;4;0;0;0;0;7;1;0;0;0;4;0;0
15086000;0;0;4;0;0;1;0;0;0;0;1;0;0;0;0;3;0;12;3;11;4;0;0;4;0;4;7;0;0;6;0;0;0;0;1;0;7;0;0;0;0;0;0;0;7;0;0;5;0;0;0;0;1;1;1;2;0;0;4;0;0;7;0;0;0;0;2;0;1;0;0;0;2;0;0;0;0;0;0;0;0;2;0;0;0;0;5;0;0;0;0;0;0;2;0;0;2;0;0;0;0;0;1;0;6;0;0;0;0;0;1;0;2;0;1;2;0;3;0;0;0;0;0;2;0;0;0;0;0;0;0;0;0;0;0;4;0;0;3;0;0;2;0;1;0;0;0;0;0;0;0;0;0;0;0;0;2;1;0;0;0;0;0;0;0;0;0;2;0;0;0;1;0;4;0;0;0;0;0;0;0;0;1;1;1;0;0;0;0;0;0;1;1;0;0;1;0;0;0;0;0;0;0;1;0;0;2;0;0;0;0;4;2;1;0;0;1;0;1;5;0;0;0;0;0;0;0;0;0;2;1;1;0;5;2;0;0;0;0;0;0;0;0;1;0;0;0;3;0;0;0;0;0;0;0;0;4;0;1;0;0;0;0;0;1;0;0;4;0;1;0;2;0;0;0;0;0;0;0;0;0;1;0;0;0;0;0;0;3;0;1;2;0;2;0;0;0;1;2;0;1;0;0;0;0;0;0;0;0;2;0;0;0;3;0;1;0;1;0;0;0;0;0;1;0;0;3;0;0;0;0;0;0;0;1;0;0;2;0;5;0;10;0;2;0;0;5;6;6;2;0;0;1;0;3;8;0;0;0;6;1;0;0;2;10;0;0;0;0;5;0;0;0;0;0;0;0;0;7;0;0;0;0;0;0;0;0;3;1;0;0;0;2;0;0;0;1;0;0;0
15087000;0;0;4;0;1;0;0;2;0;0;0;1;2;1;1;4;0;11;0;0;0;0;6;1;1;0;15;0;1;0;0;0;0;8;0;0;0;0;0;3;2;0;0;0;0;2;0;4;3;0;0;2;1;0;1;1;0;0;0;0;1;5;0;0;5;0;0;2;0;2;0;1;0;0;0;0;0;0;3;7;0;13;0;5;0;2;0;0;0;1;13;0;1;0;0;0;1;1;5;0;0;3;0;1;1;0;0;0;0;0;0;3;0;0;0;0;0;0;1;0;0;1;2;3;0;0;1;4;0;0;5;1;0;0;0;8;3;0;0;1;0;6;4;0;0;0;0;0;1;3;2;0;0;0;0;1;0;0;0;0;0;2;0;0;0;0;0;0;0;0;0;1;0;0;0;0;0;0;0;0;0;0;0;0;0;0;0;0;0;0;0;0;0;4;1;0;2;0;0;0;0;0;1;0;1;1;3;0;1;0;0;0;0;0;0;0;0;0;2;4;0;0;1;12;0;1;0;0;1;0;0;0;1;0;0;0;0;0;1;0;0;0;5;0;0;0;0;0;0;0;0;0;1;0;0;4;0;0;0;0;0;2;2;0;0;0;0;0;0;3;0;0;0;0;0;0;0;0;1;0;0;0;0;0;0;0;0;0;1;0;0;0;0;2;0;0;0;3;0;0;1;0;0;0;1;0;0;0;0;0;1;0;7;0;0;0;0;0;0;2;0;1;0;0;0;0;0;0;5;0;0;0;4;4;0;0;0;1;0;0;1;0;3;4;1;5;0;0;0;1;8;0;0;4;4;6;9;0;3;0;0;0;8;0;8;66;22;0;3;0;0;0;17;0;0;26;0;0;0;3;0;0;12;0;32;0;0;0;1;0;0;0;0;0;0;0;2;1;1;0
15088000;1;0;0;0;0;0;1;1;0;0;0;1;4;0;0;4;0;1;6;0;3;0;6;1;3;0;0;4;4;0;0;10;4;0;0;0;0;0;2;1;4;0;0;0;0;1;0;0;0;0;0;0;8;3;0;1;2;2;0;0;0;9;0;0;5;11;0;8;1;3;0;0;9;0;0;0;0;0;0;2;0;2;0;0;3;3;0;2;0;0;0;2;2;2;0;3;3;1;0;1;1;0;0;2;0;17;0;0;6;8;2;5;0;0;0;0;0;5;10;0;2;0;8;0;0;0;1;0;0;1;0;1;0;0;0;0;0;2;0;0;0;0;1;0;1;0;1;0;1;0;1;3;0;1;2;0;2;0;0;0;0;2;0;0;0;0;0;0;0;1;3;1;0;1;0;0;0;0;0;0;0;3;0;0;0;0;1;0;1;0;0;0;0;1;0;0;0;0;0;1;0;1;2;0;5;0;5;0;0;1;0;0;3;1;0;0;0;0;0;6;2;0;1;0;0;1;0;0;0;0;0;2;0;0;0;0;0;0;0;0;2;0;2;1;0;1;0;0;0;1;0;0;3;1;0;0;0;0;0;0;0;0;0;1;0;0;0;0;0;0;0;0;0;4;0;0;1;0;0;0;0;3;0;0;0;0;0;0;0;0;0;0;0;4;0;1;1;1;0;3;1;1;2;0;1;0;0;0;0;0;0;0;0;0;0;2;0;1;0;0;0;1;1;0;8;0;0;0;0;0;11;0;0;2;0;0;4;2;5;1;2;0;0;0;8;2;4;9;0;0;7;4;2;0;5;0;16;0;0;0;10;0;0;0;0;0;29;0;55;0;21;0;4;47;0;0;1;0;1;16;0;0;0;0;0;5;0;39;2;0;4;1;0;0;1;0;0;4;1;5
15089000;0;0;0;1;1;0;4;2;1;0;0;0;4;0;0;25;10;6;1;3;0;4;0;2;5;0;8;2;0;0;2;0;0;11;1;0;4;0;2;0;0;10;3;0;1;0;0;1;0;0;2;0;3;2;6;1;0;0;0;0;1;0;0;5;3;8;3;0;0;1;1;6;6;2;4;3;0;1;0;3;0;0;3;2;1;3;0;0;0;1;1;0;3;0;0;0;0;2;8;3;1;0;1;0;0;23;7;1;0;0;5;3;0;0;5;4;0;0;0;4;0;2;1;0;4;0;0;0;0;0;0;0;0;2;0;6;0;0;1;0;0;1;3;0;0;1;0;0;1;0;0;0;0;1;1;0;4;0;0;0;0;0;4;8;0;1;0;0;1;0;0;0;0;4;1;0;0;0;2;3;2;4;0;0;3;0;0;0;5;1;2;1;1;0;0;0;0;1;0;1;4;0;0;0;0;0;9;0;0;0;2;2;0;1;1;0;6;0;0;1;0;0;0;7;0;1;0;0;0;0;1;0;0;0;1;1;0;0;0;0;0;0;1;1;3;0;0;1;1;0;0;2;2;0;2;0;4;0;1;0;0;0;0;0;0;0;0;2;0;1;0;0;0;1;0;6;0;1;0;0;0;0;0;0;0;1;0;0;0;0;2;0;0;0;0;2;0;4;0;0;0;0;0;2;2;0;0;0;2;0;0;0;0;1;0;2;0;0;0;0;0;0;0;0;0;4;5;0;0;0;0;0;0;0;1;0;0;3;0;0;0;0;4;5;0;4;3;0;1;0;11;2;0;0;5;13;13;0;0;0;6;15;14;5;26;19;0;0;106;0;80;0;4;0;10;0;33;24;0;0;3;3;2;0;0;0;3;1;0;0;2;0;3;0;0;0;0;0;0;0
15090000;0;5;0;0;0;0;0;1;0;4;0;3;0;3;0;0;13;2;0;1;5;5;0;2;0;0;0;3;3;0;4;1;0;2;0;0;5;0;0;1;1;0;4;0;0;0;1;6;4;0;0;0;3;0;0;0;0;0;0;1;1;14;1;0;0;0;0;2;0;0;0;0;0;0;0;2;3;0;0;0;0;4;0;1;5;0;2;0;0;0;2;1;1;0;5;0;0;0;0;1;0;3;7;0;0;4;2;0;0;1;1;2;0;0;0;6;0;0;0;0;0;0;0;2;3;1;0;1;6;0;0;0;1;0;3;0;0;0;2;0;2;0;0;0;0;0;0;0;0;0;1;1;0;0;0;0;0;2;0;0;0;1;0;0;0;1;0;0;1;0;0;2;1;0;2;0;0;0;5;0;0;0;0;0;1;0;0;2;0;0;1;0;1;4;0;0;2;1;0;0;0;0;3;0;0;2;8;1;5;1;0;1;0;0;0;0;0;0;1;2;0;1;3;0;1;1;0;0;0;0;0;1;0;0;0;1;0;0;1;0;0;2;0;3;1;1;1;0;0;0;0;0;0;0;0;0;0;0;1;0;0;0;1;1;0;0;0;0;0;2;1;0;0;0;0;1;0;0;0;0;0;0;0;4;0;0;0;1;0;0;0;0;0;0;4;0;0;0;0;0;0;0;0;0;1;0;0;1;0;1;0;0;1;1;0;0;3;0;0;0;0;0;0;0;0;0;0;0;0;0;0;0;0;0;0;0;0;0;0;33;1;0;5;18;0;3;7;0;9;0;0;0;1;0;0;0;0;1;4;2;0;3;4;0;0;16;90;1;1;12;0;0;30;2;0;0;0;7;0;1;4;0;0;0;0;7;0;2;2;0;0;0;2;0;0;0;1;1;0;0
15091000;2;0;2;1;0;0;0;0;2;0;0;3;4;2;2;0;0;1;1;1;2;0;0;0;3;0;0;2;0;5;1;0;3;0;0;1;0;0;0;1;0;0;0;0;0;0;4;4;0;0;0;1;1;0;0;0;4;0;1;1;0;0;3;1;0;4;6;0;1;3;0;1;4;0;0;2;0;2;2;0;1;0;0;2;0;0;0;0;0;0;0;1;2;0;8;4;0;6;0;1;2;0;0;2;5;2;8;0;4;0;0;1;0;1;1;1;0;0;4;0;0;0;0;0;0;0;4;0;1;7;0;1;1;1;0;5;0;0;2;0;3;1;1;1;0;0;1;2;0;2;0;4;2;0;0;0;0;0;0;0;1;2;0;1;0;0;1;0;0;0;0;0;0;1;0;1;3;1;0;0;0;0;0;0;0;0;0;0;0;0;0;0;0;0;0;0;0;1;0;0;0;0;1;2;3;0;1;1;0;0;8;2;0;0;0;0;0;0;0;3;0;0;0;0;0;0;0;0;0;0;0;0;1;0;0;0;0;1;4;1;1;3;0;0;0;0;2;1;1;0;0;0;0;0;0;0;1;0;0;1;0;0;0;0;0;0;0;0;0;0;0;0;1;0;0;0;0;1;1;0;1;3;0;0;2;1;4;0;0;0;0;0;0;0;0;0;0;2;0;1;1;0;0;0;0;0;1;1;1;0;0;0;2;0;0;6;1;0;0;0;0;1;1;0;0;0;2;0;0;2;0;0;0;0;0;1;0;0;0;0;2;0;0;7;7;6;6;1;0;3;4;2;0;0;5;0;8;0;0;8;0;0;10;0;33;22;14;0;2;0;1;0;1;7;6;0;0;0;0;6;0;0;0;0;2;0;1;7;0;0;2;0;8;2;0;0;0;2;2;3
16051000;4;0;12;0;0;0;1;2;13;0;0;4;5;0;3;71;0;0;3;1;0;0;0;0;2;0;38;0;0;6;0;0;0;0;1;0;4;9;0;0;0;0;6;0;0;1;8;10;2;4;0;1;0;5;0;0;0;0;6;0;0;13;0;21;9;10;4;1;0;1;5;5;2;2;7;8;6;7;0;28;9;0;0;10;2;0;5;0;4;0;20;6;0;0;3;9;4;11;0;0;3;0;8;8;19;19;7;5;4;3;3;0;0;1;0;3;0;14;0;0;7;0;3;0;0;0;0;3;0;0;5;7;0;3;0;0;0;2;10;1;1;4;0;4;0;0;0;0;3;3;4;6;1;0;0;0;0;1;0;4;0;2;0;1;1;0;8;1;0;4;2;0;1;0;0;5;3;2;9;0;0;0;0;0;4;0;0;6;2;1;0;2;0;0;6;0;0;0;3;1;0;6;0;0;5;7;0;0;0;0;2;6;0;7;6;0;2;0;0;0;0;1;0;0;3;0;5;0;0;6;2;1;0;0;0;0;2;6;1;2;0;2;0;2;0;2;0;2;0;0;0;0;2;0;0;0;2;0;7;0;1;0;0;1;4;1;0;2;0;0;7;0;0;3;1;0;0;0;11;4;0;0;8;29;0;1;0;0;1;3;0;0;2;0;0;0;0;1;1;0;4;2;0;1;8;2;2;3;0;0;0;1;0;7;0;0;0;0;0;3;0;2;0;0;15;0;0;4;0;1;1;4;0;0;2;0;0;0;0;0;0;0;0;2;1;3;15;10;0;0;1;0;4;0;0;0;0;0;0;0;3;149;0;4;0;0;0;0;0;4;0;0;0;14;0;7;0;0;0;19;0;0;15;0;0;0;97;0;0;126;175;0;125;83;3;0;0;15;2;0
16052000;4;0;3;0;0;4;0;1;0;0;0;5;2;2;0;6;3;0;4;3;0;0;0;2;2;0;0;0;0;0;0;0;2;0;0;0;0;0;0;0;2;0;0;0;0;0;8;3;8;0;0;0;2;0;6;0;0;0;0;0;0;9;0;0;1;15;1;1;1;2;0;2;0;0;2;8;0;0;0;0;0;5;10;0;0;1;0;4;1;0;26;0;0;1;8;0;6;1;0;0;4;0;1;2;5;21;0;2;10;0;0;4;0;2;0;0;0;0;0;0;0;0;0;0;3;3;0;0;0;1;0;0;1;3;0;4;0;0;0;0;0;0;1;0;0;0;0;0;1;0;1;1;0;0;0;2;0;0;0;8;0;0;0;0;5;0;0;0;0;0;0;0;0;0;0;0;0;0;4;0;0;1;2;0;1;4;0;1;0;1;0;0;0;9;0;2;0;0;0;0;0;0;0;2;0;1;1;1;2;9;0;0;0;0;2;4;0;2;0;0;0;2;2;0;0;1;0;0;0;2;0;0;0;0;0;0;0;0;5;3;1;2;2;0;0;0;1;5;0;1;0;0;3;0;0;0;0;2;1;1;0;2;1;5;0;1;0;0;1;0;24;0;1;0;0;1;0;4;2;2;0;0;0;0;1;0;2;0;5;1;0;0;1;0;0;2;5;9;0;0;0;0;0;1;0;0;0;0;2;0;0;1;0;0;1;0;0;0;0;0;0;1;0;0;0;0;2;4;7;0;0;0;0;0;0;2;3;0;0;1;0;0;0;0;0;0;0;0;6;0;0;0;0;0;0;0;2;0;4;0;0;36;13;0;0;0;9;0;0;2;0;0;0;0;0;4;0;0;0;0;0;0;4;0;0;0;0;0;0;0;0;0;0;0;0;0;0;0;0;0
16053000;7;0;0;2;0;0;0;1;0;4;0;0;4;0;0;68;0;0;9;1;1;1;0;0;0;5;0;0;3;2;1;3;0;0;0;3;1;4;0;2;3;0;0;3;0;0;7;0;0;1;0;0;0;1;0;0;5;0;1;0;0;4;0;16;3;4;4;10;1;3;0;1;0;2;0;0;4;0;11;20;0;26;6;7;0;0;0;7;0;0;0;3;2;2;19;0;1;5;0;0;0;2;0;5;7;0;9;3;0;6;0;0;0;2;0;4;1;48;8;10;0;7;7;0;0;0;1;0;1;0;5;2;5;0;0;0;4;0;1;1;0;13;2;0;2;0;1;0;0;1;1;1;0;3;2;1;0;0;0;4;0;0;3;0;1;4;0;1;2;0;0;0;0;0;0;0;8;1;4;0;9;0;0;2;3;10;1;0;0;0;5;0;1;5;0;9;8;1;3;0;0;0;0;0;0;0;0;1;1;3;1;0;0;0;0;0;0;0;10;0;0;0;0;47;1;0;5;8;0;6;1;5;4;0;0;1;5;0;12;0;0;2;0;5;1;3;2;2;0;0;1;2;1;0;0;0;0;0;3;0;2;2;1;1;1;0;0;4;0;1;7;0;0;5;0;0;0;0;0;0;1;4;1;12;0;0;3;2;0;1;0;0;0;0;15;0;2;2;0;1;5;2;0;0;16;3;0;0;1;0;1;1;0;1;0;0;0;0;4;0;0;0;0;0;101;5;0;3;2;7;8;0;5;6;0;0;5;0;0;0;0;2;0;9;0;0;0;11;13;10;2;0;0;0;0;0;0;0;3;0;0;207;0;0;4;14;11;1;0;1;0;2;4;0;5;0;0;3;88;73;0;0;0;0;0;0;0;0;0;3;0;0;0;115;0;30;224;8;18;0
16054000;0;0;0;0;0;0;4;0;2;0;0;0;0;1;1;0;1;0;0;0;1;0;0;0;0;0;6;0;0;0;0;0;0;0;0;0;0;1;0;0;0;3;0;3;0;0;0;0;0;0;2;1;0;0;0;0;0;0;0;0;0;0;0;0;0;0;1;0;0;5;0;1;0;0;6;0;2;0;1;0;0;6;0;2;0;1;0;0;0;0;1;0;0;0;0;2;0;7;0;0;1;2;1;0;1;2;0;0;9;0;1;0;0;0;11;3;2;1;2;0;2;0;0;0;0;1;0;0;0;3;0;0;0;1;0;6;2;1;0;0;0;3;1;2;0;0;2;0;0;4;0;0;0;3;0;0;0;1;0;0;0;0;0;0;0;0;0;0;0;1;0;0;0;0;0;0;0;0;6;1;0;0;0;0;1;0;0;1;0;0;0;0;0;1;0;9;2;1;2;0;0;1;2;1;0;0;1;0;0;1;1;1;0;2;0;0;0;0;0;0;0;1;0;0;1;0;3;0;0;0;4;0;0;0;1;1;0;1;0;0;1;2;0;0;0;0;1;0;28;0;0;0;0;0;0;0;0;0;2;0;0;0;0;0;0;0;0;1;2;2;1;0;0;0;3;0;0;0;4;0;0;4;0;0;4;4;0;1;0;1;0;0;0;5;0;4;0;0;0;0;1;2;0;2;1;0;0;0;0;0;1;0;1;1;0;3;0;1;0;0;1;0;0;2;0;0;0;0;0;0;4;0;0;2;1;0;2;0;0;0;0;0;0;0;3;0;0;0;0;0;0;0;0;0;2;5;0;0;2;0;0;0;3;0;0;0;14;1;0;1;2;3;0;1;0;0;0;0;203;319;210;0;80;252;224;347;371;250;278;256;186;167;233;214;101;438;88;151;162;228
16055000;0;0;3;5;0;3;0;0;6;4;0;0;0;0;0;26;9;1;0;1;4;0;0;0;0;7;16;0;1;1;1;1;2;0;0;0;3;0;1;0;0;4;2;0;0;4;4;2;0;0;0;0;0;1;0;0;3;4;0;0;0;10;0;9;2;5;0;0;0;1;1;0;4;5;4;0;0;3;0;7;1;6;0;0;0;0;0;2;0;1;3;0;0;1;0;0;0;0;0;0;0;0;0;4;4;3;5;1;0;0;0;0;0;0;1;0;8;4;4;0;0;4;0;0;0;1;0;2;0;0;0;6;0;2;0;0;0;0;2;4;0;0;4;2;0;2;0;0;0;0;0;0;0;4;1;0;0;1;0;0;0;2;0;0;0;1;0;3;0;1;0;1;0;0;0;0;3;0;12;3;0;0;8;1;0;2;3;1;0;1;0;3;5;2;0;0;4;0;6;3;2;0;1;0;0;0;0;0;5;0;0;1;0;0;0;0;0;0;3;1;8;3;0;19;0;1;0;2;1;0;0;0;0;1;0;0;0;0;0;0;0;0;0;0;0;0;1;1;0;0;0;0;1;0;0;0;1;1;0;0;0;0;3;0;0;6;1;0;1;0;5;1;0;0;0;0;0;0;6;2;0;5;0;11;0;0;0;1;0;1;1;0;0;0;0;0;0;0;1;2;0;0;2;0;9;0;3;0;0;0;0;1;0;0;2;1;2;0;0;0;0;0;0;0;51;0;0;0;0;5;1;2;0;0;2;1;1;3;0;3;0;0;0;1;6;1;0;1;2;1;3;0;0;0;0;0;5;1;10;0;5;53;5;3;1;13;4;0;0;0;3;0;2;0;7;0;0;0;0;0;4;0;0;8;0;18;0;0;0;0;11;0;0;60;2;0;0;0;7;0
16061000;0;0;0;0;0;0;0;6;0;1;1;0;2;0;0;0;13;3;0;0;1;0;0;3;0;55;4;0;5;2;1;0;5;0;0;0;0;2;0;0;1;0;2;0;1;1;0;0;0;0;0;5;0;0;2;1;0;0;1;1;0;0;2;0;0;0;1;1;0;0;1;0;0;0;2;0;6;0;0;5;0;4;0;0;0;0;1;0;0;0;0;3;0;0;0;12;1;5;4;0;0;3;0;3;2;0;0;0;0;3;0;1;0;0;0;0;0;7;1;0;0;2;0;2;1;0;0;5;2;4;0;1;0;0;0;25;6;3;1;4;3;27;0;0;0;0;1;0;0;0;0;0;0;0;1;1;6;0;1;4;2;2;1;0;0;0;0;0;0;0;0;0;0;0;0;0;0;0;0;0;0;1;0;1;1;1;0;0;0;0;0;0;3;0;0;0;1;0;0;2;0;0;0;0;0;0;0;0;0;0;0;0;1;0;0;0;0;0;0;0;0;0;1;9;0;0;1;0;0;1;0;2;0;0;0;1;0;0;0;0;1;1;0;0;0;0;1;0;0;0;1;0;0;0;0;0;0;0;0;0;0;0;0;2;0;0;2;4;2;0;0;0;0;1;0;0;0;0;0;0;0;0;0;0;0;0;1;1;0;0;0;0;0;0;0;0;0;3;0;4;1;0;0;0;0;0;2;0;0;0;0;0;0;0;4;0;0;0;0;0;0;0;0;2;5;0;0;0;0;0;3;0;1;0;1;0;0;1;0;0;0;4;0;7;0;2;0;3;1;2;3;1;3;0;0;5;0;0;2;0;0;15;0;0;0;0;2;0;0;0;0;1;0;3;1;2;1;3;17;1;9;0;0;0;66;31;38;0;0;9;0;0;0;6;0;0;1;0;7;3
16062000;1;0;0;3;3;0;0;1;2;0;0;2;0;0;2;8;0;0;4;0;0;3;5;0;0;0;22;1;0;0;0;1;0;0;1;2;0;2;0;0;7;1;1;0;0;0;3;0;1;1;0;1;3;0;0;1;0;0;0;0;1;5;2;2;5;1;5;2;0;0;2;0;3;3;2;0;0;0;0;13;0;11;0;0;0;2;1;1;0;0;7;1;0;1;1;1;0;6;0;4;2;0;3;3;2;4;0;0;5;0;2;1;0;1;0;0;4;19;0;0;0;5;0;1;0;0;0;0;0;0;9;3;0;4;0;11;0;0;0;0;1;0;1;2;0;0;0;0;0;0;0;5;0;3;0;0;0;0;0;0;0;3;0;0;1;1;0;0;1;0;1;0;0;0;0;1;2;2;0;0;0;2;0;4;0;0;0;5;0;1;0;0;4;1;0;3;3;1;0;1;0;0;1;0;3;0;6;0;0;0;1;1;0;0;0;4;0;1;2;0;1;0;2;22;0;0;0;0;2;0;9;0;0;1;2;0;0;0;2;0;0;0;1;3;0;0;5;1;2;0;2;1;0;0;1;0;2;0;5;0;0;2;0;1;4;0;0;0;0;1;1;1;0;2;0;0;1;0;0;0;2;0;1;7;0;0;0;0;0;0;0;0;0;2;4;1;0;1;1;0;1;0;0;0;0;2;0;4;0;0;0;0;3;1;0;0;0;0;0;0;4;0;0;0;22;1;0;6;6;0;2;3;2;0;1;0;0;2;0;0;0;0;0;0;0;0;7;3;0;4;0;9;1;0;0;0;3;0;0;1;0;66;4;0;2;3;12;2;2;4;0;1;3;0;6;10;1;0;44;2;16;0;5;0;0;5;11;0;10;4;1;2;8;0;0;0;8;0;0;0
16063000;0;1;0;0;0;5;0;0;0;0;0;1;2;1;0;6;12;1;2;0;0;3;0;0;0;0;10;1;0;8;5;0;2;0;4;0;0;0;0;0;0;0;0;4;0;0;0;5;3;0;0;0;0;0;0;0;2;3;0;0;1;4;0;6;3;11;2;3;0;0;0;2;0;0;0;1;0;0;0;2;0;1;0;1;0;1;1;0;4;1;13;1;4;0;2;1;5;0;5;2;3;4;0;10;15;15;0;0;0;2;0;0;1;0;0;6;5;8;0;3;0;0;0;0;3;4;0;0;0;0;8;0;0;0;7;29;0;0;0;0;0;40;2;0;0;4;0;0;0;0;1;0;5;0;0;0;0;0;2;0;0;5;8;1;1;1;0;0;0;1;0;0;0;0;0;0;1;1;7;0;3;0;0;0;5;3;0;10;2;0;0;0;5;0;1;3;6;0;0;4;0;0;0;0;0;3;0;4;0;0;0;1;0;0;0;0;1;0;0;0;0;0;0;3;2;0;6;1;0;0;0;1;0;0;2;0;0;1;0;0;1;0;2;0;0;2;3;0;1;0;2;0;0;0;0;0;0;0;0;1;0;0;0;1;0;0;0;0;2;5;0;0;3;0;0;0;0;0;0;2;0;1;2;0;4;0;0;0;0;0;0;0;2;3;11;0;0;2;1;0;0;1;2;4;1;0;0;0;0;6;1;0;0;1;0;0;3;0;5;0;0;0;9;0;8;1;0;0;1;0;9;0;0;2;0;1;0;0;0;2;1;0;1;0;4;5;4;7;1;5;0;11;0;0;0;0;13;0;4;0;1;0;0;0;0;7;3;0;0;2;1;4;0;0;0;0;0;1;62;6;25;0;0;0;0;0;61;0;0;8;1;6;33;1;0;13;0;2;0;0
16064000;2;3;3;0;0;0;1;0;0;0;0;0;0;0;5;9;0;0;4;0;2;0;6;0;0;0;0;1;1;0;0;0;0;0;0;1;0;2;0;0;8;0;0;0;0;0;0;0;0;0;1;0;0;0;1;6;1;2;0;0;0;3;0;0;0;9;0;3;0;0;0;3;0;0;0;0;1;0;0;1;0;0;3;0;2;0;1;0;0;1;10;2;0;0;1;0;0;1;7;0;2;8;0;3;0;0;0;0;0;2;0;0;2;2;0;3;3;9;2;0;4;0;0;0;0;0;0;7;0;0;0;0;2;6;3;3;21;3;12;0;0;12;1;0;0;1;0;0;0;0;0;4;1;1;0;1;0;0;0;0;0;0;0;0;0;0;4;0;0;0;0;0;1;0;0;1;0;0;0;0;0;0;5;0;0;0;0;0;0;0;0;0;0;0;0;0;0;1;0;0;0;0;0;0;0;0;1;0;0;0;0;1;0;0;0;0;2;4;0;2;0;1;0;0;0;0;0;0;0;0;0;2;0;5;2;0;0;0;0;0;4;0;0;0;0;0;0;0;3;0;0;2;0;0;0;0;1;0;2;0;0;0;0;0;0;0;0;1;2;2;0;1;0;0;0;0;1;0;0;0;0;0;1;0;0;0;0;0;0;0;0;0;0;0;0;1;0;0;0;1;0;0;0;0;2;1;3;0;0;0;0;3;0;0;1;2;0;1;0;0;0;0;2;0;8;0;0;0;0;0;0;0;2;0;3;0;0;0;4;0;0;0;0;3;2;1;0;3;0;1;0;0;1;2;0;0;11;0;1;0;0;24;1;2;0;6;10;0;1;3;0;7;1;10;4;0;1;0;0;9;6;0;15;0;0;0;0;0;0;0;0;0;0;2;0;0;4;0;0;0
16065000;1;0;0;0;0;0;1;0;1;0;0;0;0;0;0;12;5;5;0;5;0;0;0;1;3;1;0;2;0;2;1;0;1;1;0;0;0;0;0;2;0;2;3;3;0;0;0;0;0;1;2;1;1;0;1;0;0;0;6;0;0;1;0;5;4;0;0;8;0;3;0;2;0;0;0;0;0;0;0;2;0;1;0;0;1;0;5;1;3;0;1;1;0;1;1;0;2;2;0;0;0;1;2;0;0;0;0;2;0;3;0;7;0;0;0;3;0;0;5;2;0;0;0;3;0;0;0;0;2;0;1;0;0;0;0;2;1;2;0;6;0;0;0;0;4;1;0;0;0;0;0;1;0;0;0;1;2;0;0;0;1;0;0;0;1;0;0;0;0;0;0;0;0;0;0;1;2;0;0;0;4;0;0;1;0;0;0;0;1;0;0;0;1;0;0;2;1;0;0;1;0;1;3;0;0;0;0;0;0;0;1;2;0;0;1;0;0;0;0;1;0;0;0;0;0;3;0;0;0;0;0;0;0;0;0;4;0;0;0;0;2;0;3;0;0;0;0;1;0;0;0;0;0;0;1;2;0;0;0;0;1;0;0;0;0;1;0;0;0;0;0;0;0;0;0;0;0;0;0;1;0;0;0;2;3;0;0;1;2;0;0;0;0;0;1;0;0;1;1;0;2;0;0;0;0;0;2;0;0;0;0;0;0;0;0;0;0;0;3;0;0;0;0;0;0;0;1;4;4;0;0;0;1;0;0;0;0;0;0;0;0;0;0;3;5;6;4;0;0;0;0;0;1;0;0;0;20;2;0;2;0;7;5;0;2;0;1;0;3;1;0;0;0;11;0;0;0;0;5;24;16;0;3;14;13;7;17;0;8;0;0;2;9;0;0;3;0;0;0;0
16066000;3;4;5;0;3;1;2;5;0;0;3;1;0;0;0;11;7;10;1;0;0;0;0;0;1;9;0;2;0;2;0;0;1;0;1;1;0;0;0;0;0;0;0;0;0;0;0;0;0;1;0;0;0;0;0;0;0;1;1;0;1;2;0;3;9;5;3;2;0;0;2;2;0;3;0;0;1;0;0;3;0;1;0;5;1;1;1;0;5;0;1;0;3;1;2;0;0;6;0;0;0;1;0;2;4;5;5;1;5;2;0;0;2;5;2;5;2;4;0;0;3;0;0;0;0;0;0;0;0;0;0;2;0;3;0;4;0;0;0;0;0;3;0;0;0;0;0;0;0;0;0;0;1;0;0;1;0;0;1;0;1;1;5;0;0;2;0;0;0;1;0;1;0;0;2;0;0;2;2;1;0;0;0;0;0;0;0;2;0;0;0;0;0;0;1;4;7;0;0;0;1;0;0;3;1;0;0;0;1;0;5;2;1;0;3;0;3;3;1;2;0;0;0;0;0;0;1;2;0;2;1;0;4;0;0;0;3;1;4;1;2;0;0;0;1;1;0;0;2;0;1;1;0;0;1;0;1;1;2;1;0;0;2;0;0;4;0;5;3;11;0;1;0;14;1;0;0;0;5;1;0;0;4;6;0;0;0;0;0;1;1;0;2;3;7;0;0;0;0;6;0;1;0;8;2;0;0;0;0;0;0;0;0;1;1;0;0;0;0;0;0;0;0;2;15;1;3;0;0;5;5;3;0;1;2;0;1;1;0;0;1;0;1;0;3;0;3;1;3;2;1;0;0;0;3;0;14;2;0;5;0;0;0;0;0;12;0;0;0;0;0;5;0;0;0;2;0;4;36;23;9;0;12;10;0;3;12;0;0;0;0;0;16;0;0;14;2;0;3;0
16067000;1;3;0;0;5;0;0;0;0;3;2;0;0;1;0;9;0;0;2;0;2;0;2;3;0;0;14;1;1;0;0;1;0;2;0;3;2;0;0;0;0;6;0;0;0;0;1;3;0;1;0;5;0;0;0;0;0;2;3;0;0;10;0;0;6;4;0;8;0;0;0;0;5;3;3;0;0;0;1;2;0;0;0;1;0;0;2;1;1;1;0;1;0;0;2;7;5;3;0;2;2;0;3;0;0;13;0;0;0;0;1;0;0;0;0;2;0;8;0;0;0;0;0;0;4;2;0;0;4;0;0;0;0;6;6;2;1;4;0;2;0;0;4;1;2;2;1;3;5;0;0;0;3;4;0;0;1;6;0;0;0;0;7;0;1;0;2;0;0;1;0;3;0;0;1;0;0;0;0;3;3;1;0;1;1;0;0;0;5;1;0;0;1;0;0;0;0;0;0;0;2;0;3;0;0;2;0;0;0;1;0;0;0;0;0;0;0;2;4;0;0;0;1;0;0;2;0;0;1;0;4;1;0;0;1;0;1;2;0;2;0;0;0;0;0;3;1;0;0;0;0;0;1;0;6;0;0;0;0;0;1;3;1;1;7;0;0;1;4;2;0;3;0;0;0;0;0;0;3;0;5;1;0;0;0;0;0;0;0;0;3;0;0;0;8;4;1;3;0;0;0;0;2;0;1;0;0;0;0;0;0;0;1;0;4;0;0;1;7;0;1;0;0;0;8;3;0;0;0;0;0;0;0;0;0;0;2;0;0;2;1;2;0;9;0;14;9;9;7;8;1;0;0;6;5;1;2;0;2;0;0;38;0;0;1;0;0;0;1;3;0;1;1;4;15;9;0;1;0;18;0;0;13;0;0;0;68;6;5;0;38;3;30;0;6;0;4;3;30;0
16068000;0;1;1;0;1;0;0;0;0;0;3;0;0;0;0;0;1;0;1;0;0;0;0;0;0;0;0;0;1;0;2;0;0;1;0;0;1;0;0;1;0;0;2;0;0;0;0;1;0;0;0;0;2;0;1;0;3;0;0;0;0;0;0;1;0;0;0;1;0;0;0;0;4;0;0;0;0;0;1;3;1;2;0;0;0;0;0;0;0;0;0;0;0;1;1;0;1;1;4;0;0;0;4;0;9;0;2;0;0;1;0;0;1;0;0;1;1;0;0;0;0;1;0;0;0;0;0;0;1;0;0;0;0;4;0;6;0;0;2;0;0;6;0;0;0;0;2;0;1;1;0;0;1;0;0;0;0;0;0;0;0;1;1;2;0;0;1;0;3;0;0;0;0;0;0;0;0;0;0;1;0;1;0;0;1;0;0;2;1;0;0;0;0;0;2;0;1;0;0;1;2;0;0;2;0;1;0;0;0;2;0;0;1;0;0;0;1;0;0;0;0;0;0;0;0;0;0;0;0;1;2;0;0;0;0;0;0;0;1;2;1;0;0;0;0;1;0;0;3;0;2;1;2;0;0;0;0;0;1;0;0;1;0;0;0;1;0;0;5;0;0;1;0;0;0;0;0;0;2;0;0;0;0;0;1;0;0;0;0;0;0;0;3;0;0;0;0;0;0;0;0;0;0;0;5;0;0;0;0;3;0;0;1;0;0;0;0;1;3;0;0;0;0;0;2;1;0;1;0;0;1;0;0;4;3;0;0;2;1;0;0;1;0;2;0;0;0;5;1;0;4;0;0;5;0;1;11;2;0;2;0;19;1;7;0;0;7;0;0;5;10;0;1;9;0;0;1;0;0;3;18;0;0;10;0;0;15;28;5;0;0;6;0;0;0;0;0;0;4;1
16069000;1;0;0;3;0;1;0;0;0;0;0;0;1;0;0;0;0;1;0;2;1;0;3;0;0;0;1;0;0;1;1;0;0;0;0;3;0;0;0;0;2;0;0;0;0;1;1;0;0;0;2;0;3;1;0;5;1;3;0;0;0;2;0;0;1;0;0;0;0;0;0;0;0;0;0;0;0;0;0;4;0;0;0;0;1;1;0;0;0;0;0;0;1;0;0;0;0;1;0;0;0;0;0;2;0;5;0;2;1;0;0;3;0;2;0;0;2;2;0;2;0;0;0;0;2;0;5;3;0;2;3;0;4;1;0;5;0;1;0;0;0;0;0;0;1;0;0;0;0;1;2;1;0;0;0;0;0;0;0;0;0;0;1;0;0;0;1;0;0;0;0;0;0;0;0;0;0;0;1;0;0;0;0;1;1;0;0;2;0;1;3;0;4;2;0;0;0;2;0;1;0;0;1;0;0;0;5;0;0;0;2;0;0;0;0;2;0;0;0;2;0;0;5;1;0;0;0;0;1;0;0;0;0;0;0;0;0;0;0;0;0;2;0;0;0;0;0;0;0;1;0;1;0;0;0;0;0;0;0;0;0;0;1;0;2;1;0;0;1;13;0;7;0;40;0;1;6;0;0;0;0;1;0;15;0;4;0;0;0;0;0;0;0;2;4;1;0;0;8;3;2;1;0;1;1;0;0;0;0;0;0;0;0;0;0;0;0;0;1;0;0;0;0;0;0;0;0;1;0;0;1;0;1;2;0;0;0;1;0;0;0;0;0;0;0;0;0;0;3;0;2;5;1;0;0;0;1;0;0;0;0;0;3;0;0;0;1;1;4;0;3;2;0;3;0;6;0;4;16;10;3;0;5;3;0;0;1;0;62;0;0;0;17;2;0;4;1;3;0;1
16070000;0;3;2;0;0;1;0;0;0;0;2;0;2;0;0;7;5;0;7;1;0;0;0;1;1;0;0;1;7;1;0;0;0;1;5;0;0;3;0;0;0;0;0;1;0;0;0;0;0;2;0;1;0;1;1;0;1;1;1;0;1;0;0;6;5;0;0;4;3;0;0;2;5;0;2;0;0;3;1;3;0;7;1;1;2;0;3;3;0;0;14;0;0;0;6;0;0;2;2;0;0;2;3;6;2;13;0;0;1;0;0;6;0;1;0;0;0;6;0;9;0;6;2;1;4;0;0;0;1;0;5;2;0;0;4;6;6;0;2;4;5;11;6;0;1;1;2;0;0;0;0;0;0;0;1;0;0;0;1;2;0;2;0;2;0;0;0;0;0;0;0;0;1;0;0;0;4;2;1;7;0;1;10;0;1;3;0;4;0;1;10;1;3;0;0;3;4;0;0;0;0;1;1;3;6;1;0;0;0;4;6;0;0;5;8;3;1;0;2;1;0;0;6;22;1;1;5;0;2;0;0;0;1;0;0;2;1;0;11;0;0;0;1;0;0;2;0;1;0;0;1;0;3;0;0;0;1;0;2;0;0;0;2;0;3;2;2;5;3;7;1;3;0;5;0;1;1;1;0;2;0;5;0;12;0;0;0;3;0;0;1;2;1;3;2;0;0;0;2;1;0;2;0;0;1;0;0;0;1;0;2;0;2;0;0;0;0;2;0;0;0;2;0;2;41;1;1;2;0;0;7;0;0;1;5;0;2;2;0;0;0;0;0;0;3;0;0;1;0;11;0;0;0;4;3;10;0;0;0;0;0;30;0;0;0;0;7;0;0;0;2;0;0;3;4;0;0;0;0;20;16;0;3;4;0;0;5;0;0;0;0;0;0;17;0;21;5;0;0;5
16071000;0;0;1;0;1;1;1;3;2;0;0;0;0;1;0;2;0;0;0;1;0;0;1;0;0;0;2;0;0;0;0;0;0;2;0;0;1;0;0;0;0;0;0;0;0;0;0;4;0;4;0;2;0;2;0;0;0;1;0;0;0;0;0;2;0;2;0;5;0;0;0;2;9;0;0;6;0;3;0;5;0;0;4;6;0;1;0;2;0;0;12;0;0;0;0;0;0;4;1;0;1;0;2;3;2;0;7;0;5;2;0;2;0;0;0;0;0;7;4;1;3;0;0;0;0;0;0;0;0;0;0;1;6;0;1;0;5;0;0;0;0;2;0;1;0;0;0;0;0;2;0;0;1;1;1;1;1;0;0;1;0;1;0;0;0;0;0;0;0;0;0;0;0;2;1;0;1;0;0;0;1;0;3;5;0;0;0;1;0;0;0;0;0;0;0;1;3;0;0;0;0;0;0;0;0;0;0;0;3;0;0;6;0;0;0;1;0;0;0;3;1;2;0;0;0;0;0;0;0;0;0;0;1;0;0;0;0;0;0;0;0;1;0;0;1;0;0;0;0;0;0;0;3;0;0;1;1;0;2;0;0;0;0;2;0;0;1;1;2;3;1;0;0;0;3;0;0;0;1;0;4;2;0;5;0;0;0;4;3;5;0;0;1;0;0;0;0;1;0;0;0;1;0;0;0;0;2;0;0;0;0;0;0;0;0;0;0;1;0;0;0;1;1;0;0;2;0;2;1;0;0;0;1;0;0;2;3;2;0;0;1;7;0;0;1;0;1;0;0;0;0;1;3;0;0;0;0;3;0;0;3;26;0;3;0;3;3;1;0;0;38;0;0;0;2;6;0;0;0;5;0;0;0;0;7;0;0;2;2;20;39;0;0;0;2;5;0;8;6;5
16072000;0;0;0;0;0;0;0;0;5;0;2;0;0;0;3;2;0;0;0;0;1;2;0;0;0;0;0;0;0;0;0;1;0;0;0;1;0;0;1;0;0;0;0;0;0;0;0;0;3;0;0;3;1;2;0;0;0;0;0;0;0;1;0;4;1;0;0;1;0;0;0;0;1;1;0;0;0;1;0;14;0;2;0;2;0;0;1;0;0;0;0;0;0;0;0;1;0;0;0;0;0;0;0;1;0;0;0;0;0;0;1;0;0;0;0;0;0;0;1;1;0;0;0;0;1;0;0;0;2;0;0;0;0;0;0;0;0;1;0;0;1;0;0;0;0;0;0;0;0;0;0;0;0;0;4;5;0;0;0;0;0;2;0;0;0;0;0;0;1;0;0;0;0;0;1;0;0;0;6;0;0;0;0;0;0;0;0;2;0;0;0;0;1;1;0;0;0;0;0;0;0;0;0;1;0;0;0;0;0;0;0;0;0;1;1;7;0;0;0;0;0;0;0;0;0;0;0;4;0;0;2;0;0;0;0;2;0;1;0;0;0;0;0;2;1;0;0;4;1;0;0;0;0;0;2;4;0;0;0;0;0;1;0;0;2;0;1;3;6;27;1;0;0;46;0;0;25;5;0;1;2;0;0;15;0;0;4;3;3;0;0;1;0;0;0;0;2;3;0;1;0;2;1;2;1;0;0;0;0;1;0;0;1;0;1;0;0;0;2;0;0;3;0;0;0;1;0;1;0;0;0;0;3;3;1;1;0;1;1;1;1;0;0;0;0;2;0;1;0;0;0;0;1;3;0;4;0;2;6;0;0;0;0;1;0;0;1;0;0;3;0;0;0;1;0;1;3;1;0;12;1;0;0;0;5;0;7;3;18;0;0;8;9;0;0;42;2;4;0;1
16073000;1;0;1;0;0;0;0;1;2;0;3;0;0;0;0;13;3;1;1;0;1;1;4;0;0;0;4;0;0;1;0;0;1;0;5;0;0;0;0;0;0;0;1;0;0;2;0;0;5;0;0;0;1;0;0;0;1;0;0;0;0;9;3;7;0;1;0;3;0;1;0;2;0;0;0;1;0;3;0;5;0;0;3;4;0;0;0;2;2;0;2;1;2;0;1;0;0;0;0;0;1;1;0;0;1;4;1;0;3;0;3;0;0;0;0;0;0;0;1;3;1;0;0;0;0;1;1;0;0;0;5;6;0;4;0;1;3;0;0;9;0;4;3;0;0;0;0;0;0;0;1;0;0;0;1;0;0;0;0;0;2;0;1;0;0;0;0;0;0;0;2;0;1;0;0;0;1;4;0;0;2;2;1;0;0;0;0;0;0;0;0;0;0;0;0;1;0;1;0;2;0;1;2;0;1;1;2;0;0;0;3;0;0;0;1;0;1;2;2;0;1;0;0;8;6;0;2;2;0;0;0;0;2;0;7;0;1;0;0;0;0;2;1;0;0;0;0;0;0;0;0;0;0;0;0;0;0;1;0;0;0;0;0;4;0;0;0;0;4;6;4;0;0;0;0;8;4;1;3;0;1;0;0;12;0;0;9;0;2;1;0;0;0;0;0;0;0;2;0;4;0;3;0;1;0;0;2;0;0;1;0;0;0;0;0;0;0;0;0;0;0;0;1;0;0;0;1;0;0;0;0;0;0;0;1;2;0;0;0;3;0;0;0;0;0;0;4;0;3;5;3;0;0;0;2;0;9;0;0;0;5;0;5;0;1;0;0;0;1;0;0;1;0;1;3;1;3;1;35;24;0;0;2;3;4;0;2;0;0;5;14;0;0;0;0;0;0;0;14;0
16074000;0;0;0;0;0;0;0;0;0;0;1;3;2;0;1;0;0;0;0;0;8;0;3;0;0;0;0;4;1;5;1;0;0;1;0;0;0;0;1;0;0;0;1;1;0;0;4;0;0;0;0;0;0;0;0;1;0;1;0;0;1;0;0;0;0;1;0;1;0;0;0;3;1;0;0;0;0;0;0;1;0;0;2;5;0;0;1;0;0;0;2;3;0;1;1;0;0;0;0;0;1;12;0;0;0;0;0;0;0;0;0;2;3;0;2;3;0;2;0;0;1;2;2;0;0;0;0;0;1;0;0;0;0;0;0;3;0;4;0;2;0;4;0;3;0;0;0;0;1;1;0;0;1;0;0;0;0;2;0;2;1;0;0;0;0;0;0;0;0;0;1;0;0;1;0;0;0;0;0;0;2;0;0;0;1;0;4;2;1;0;4;0;0;5;0;0;1;0;5;0;0;1;0;0;0;0;0;1;0;2;0;2;0;0;3;0;2;1;0;0;0;1;0;0;0;0;0;0;2;0;0;0;0;0;0;0;0;0;2;0;1;0;0;0;1;0;0;1;0;1;0;1;0;0;1;0;0;0;2;1;0;2;0;1;0;0;0;0;0;0;2;0;6;0;0;0;0;2;2;0;0;0;0;0;0;0;0;0;0;0;0;0;0;0;0;0;3;0;0;2;0;0;0;1;1;0;0;0;4;0;4;2;0;0;0;0;0;0;3;1;0;0;0;0;0;0;2;0;4;0;2;2;1;0;1;0;0;1;0;0;0;0;0;3;4;0;0;4;0;0;1;0;0;2;0;0;12;5;0;5;1;19;0;0;0;6;0;0;0;0;0;6;0;0;11;3;0;1;20;64;0;0;16;0;0;1;0;1;0;0;3;0;0;20;0;8;0;0;56;0
16075000;0;5;0;0;0;0;4;0;0;0;0;0;0;1;0;1;3;0;0;0;0;0;3;0;2;0;3;0;0;2;0;0;0;0;0;0;0;0;0;0;0;0;1;0;0;1;0;0;0;0;0;0;0;0;1;0;0;0;1;1;0;0;0;0;1;0;0;1;1;0;0;0;2;0;2;1;0;3;5;0;0;0;6;4;0;0;1;1;0;0;0;0;0;0;0;6;0;0;3;0;0;6;2;1;0;9;0;1;5;0;0;0;0;4;1;0;2;4;1;3;1;0;3;0;6;0;0;0;5;1;0;1;0;0;0;0;0;2;2;4;3;4;1;0;0;0;0;0;1;0;0;1;1;0;0;0;0;0;0;1;0;0;1;0;0;0;0;0;0;1;4;1;0;1;0;0;2;0;0;0;0;0;0;0;0;0;0;0;1;1;0;0;1;2;0;0;0;0;1;0;0;0;0;0;0;0;0;0;0;0;0;0;1;0;0;0;0;0;0;0;0;1;3;0;0;1;2;0;0;0;2;0;0;1;0;0;0;0;0;0;0;0;0;0;0;0;0;1;0;0;3;0;1;2;0;0;0;0;2;0;2;6;1;0;1;0;0;2;6;0;9;0;0;2;0;6;0;0;5;0;0;0;4;3;0;0;2;0;0;1;0;1;0;0;0;0;0;1;1;0;0;0;0;1;6;0;0;1;0;0;0;1;0;2;0;1;1;0;0;1;0;0;0;0;0;0;0;0;0;0;2;0;0;1;0;0;0;1;0;0;0;0;0;1;0;1;2;6;0;1;1;3;8;4;74;0;1;3;3;0;0;14;0;0;1;0;1;0;0;0;0;0;2;0;0;0;0;0;0;118;0;0;13;0;2;0;1;2;2;0;4;0;23;0;0;0;7;0;8;1
16076000;0;0;0;0;0;0;0;0;1;0;0;0;2;0;0;0;1;0;0;0;0;0;1;1;0;0;1;1;0;1;0;1;0;0;0;1;0;0;0;3;0;0;0;0;0;0;1;0;0;1;0;0;0;0;0;0;0;0;1;0;0;4;1;1;0;0;1;3;0;2;0;0;0;7;2;0;0;0;1;0;0;0;0;1;0;3;0;0;0;0;0;1;0;1;0;0;0;2;0;1;0;0;0;6;0;1;0;1;1;0;2;0;0;0;0;0;0;0;0;0;0;0;0;0;1;0;0;0;0;6;0;0;0;3;0;0;0;0;5;0;0;0;0;0;2;0;0;0;0;0;0;0;1;1;2;0;0;0;1;0;0;1;0;1;0;0;0;0;0;0;0;0;0;0;0;1;2;0;0;0;2;0;0;0;0;1;1;1;0;0;0;0;0;0;0;2;6;1;0;0;0;0;0;0;0;0;2;0;0;0;0;0;1;1;1;0;0;0;0;0;5;0;2;0;0;0;2;0;0;0;1;0;4;0;0;0;0;0;3;0;0;0;0;0;0;0;0;5;1;0;0;0;2;0;0;0;4;0;1;1;0;2;0;0;0;0;0;0;1;0;0;0;0;1;0;6;0;0;0;0;0;0;2;0;1;0;0;1;0;2;0;2;1;1;0;0;0;1;0;0;3;0;3;0;0;0;1;0;1;0;2;1;5;1;0;0;1;0;0;2;0;0;0;0;2;0;0;0;0;0;0;2;1;0;1;0;0;0;0;0;0;0;0;1;0;0;0;3;0;0;0;19;7;6;14;0;14;0;4;1;1;0;7;0;4;0;0;0;0;3;5;2;4;0;0;0;0;0;0;69;0;0;0;0;1;3;0;0;0;0;0;0;14;0;1;0;0;0;0;7
16077000;0;0;0;1;0;0;2;0;1;0;0;0;1;0;0;1;0;0;0;3;5;1;2;3;0;0;11;0;1;0;0;0;2;1;1;2;0;0;0;0;2;0;1;0;0;0;1;0;0;3;1;0;0;0;0;3;0;3;0;0;0;0;0;0;1;0;0;0;0;2;0;1;2;2;0;1;2;0;0;1;0;2;0;2;0;0;0;0;2;0;0;0;1;0;0;0;0;0;0;0;2;0;1;0;3;0;0;0;0;3;1;0;0;0;1;0;0;1;1;0;0;1;0;0;0;0;1;0;0;0;1;0;0;2;0;6;0;0;0;2;0;0;0;0;0;1;1;0;0;0;0;1;0;0;0;0;0;0;0;0;0;1;0;0;0;0;0;0;3;0;0;0;0;1;0;0;2;0;0;4;0;1;1;0;0;2;1;0;0;0;1;0;0;0;1;0;0;0;3;0;0;1;2;0;1;0;0;0;0;4;0;0;0;0;0;0;1;0;0;0;0;0;6;0;0;0;0;0;0;1;0;0;0;0;0;1;0;0;4;0;1;1;0;0;1;0;1;1;0;1;0;7;0;0;3;1;0;0;0;3;0;0;2;0;0;1;2;1;0;3;5;0;2;2;0;9;0;0;0;0;0;0;2;9;0;0;0;0;0;2;3;1;0;0;0;1;0;0;0;0;0;0;2;0;0;0;1;1;3;1;0;0;1;1;1;0;1;0;0;1;0;0;0;0;9;0;0;0;1;0;2;0;3;6;0;0;1;0;0;1;0;0;0;5;0;3;0;1;1;0;0;0;0;0;0;101;4;0;0;2;1;0;0;0;0;0;3;0;2;4;0;2;4;1;0;0;2;0;4;18;7;0;1;0;1;3;2;1;6;3;0;0;0;0;0;3;1;0;0;0