metadatakeys;type;timeunit;time;﻿Metadaten(Kategorien);Inhalt;Bezugsraum;Zeitraum;Zeitraumbezogen;Geschlecht;;;;;;;;;;;;;;;;;;;;;;;;;;;;;;;;;;;;;;;;;;;;;;;;;;;;;;;;;;;;;;;;;;;;;;;;;;;;;;;;;;;;;;;;;;;;;;;;;;;;;;;;;;;;;;;;;;;;;;;;;;;;;;;;;;;;;;;;;;;;;;;;;;;;;;;;;;;;;;;;;;;;;;;;;;;;;;;;;;;;;;;;;;;;;;;;;;;;;;;;;;;;;;;;;;;;;;;;;;;;;;;;;;;;;;;;;;;;;;;;;;;;;;;;;;;;;;;;;;;;;;;;;;;;;;;;;;;;;;;;;;;;;;;;;;;;;;;;;;;;;;;;;;;;;;;;;;;;;;;;;;;;;;;;;;;;;;;;;;;;;;;;;;;;;;;;;;;;;;;;;;;;;;;;;;;;;;;;;;;;;;;;;;;;;;;
metadatavalues;movement;year;2023;Metadaten(Werte);Kreiswanderung;Landkreise;Jahr;2023;insgesamt;;;;;;;;;;;;;;;;;;;;;;;;;;;;;;;;;;;;;;;;;;;;;;;;;;;;;;;;;;;;;;;;;;;;;;;;;;;;;;;;;;;;;;;;;;;;;;;;;;;;;;;;;;;;;;;;;;;;;;;;;;;;;;;;;;;;;;;;;;;;;;;;;;;;;;;;;;;;;;;;;;;;;;;;;;;;;;;;;;;;;;;;;;;;;;;;;;;;;;;;;;;;;;;;;;;;;;;;;;;;;;;;;;;;;;;;;;;;;;;;;;;;;;;;;;;;;;;;;;;;;;;;;;;;;;;;;;;;;;;;;;;;;;;;;;;;;;;;;;;;;;;;;;;;;;;;;;;;;;;;;;;;;;;;;;;;;;;;;;;;;;;;;;;;;;;;;;;;;;;;;;;;;;;;;;;;;;;;;;;;;;;;;;;;;;;
Zeilenbeschriftungen;01001000;01002000;01003000;01004000;01051000;01053000;01054000;01055000;01056000;01057000;01058000;01059000;01060000;01061000;01062000;02000000;03101000;03102000;03103000;03151000;03153000;03154000;03155000;03157000;03158000;03159000;03241000;03251000;03252000;03254000;03255000;03256000;03257000;03351000;03352000;03353000;03354000;03355000;03356000;03357000;03358000;03359000;03360000;03361000;03401000;03402000;03403000;03404000;03405000;03451000;03452000;03453000;03454000;03455000;03456000;03457000;03458000;03459000;03460000;03461000;03462000;04011000;04012000;05111000;05112000;05113000;05114000;05116000;05117000;05119000;05120000;05122000;05124000;05154000;05158000;05162000;05166000;05170000;05314000;05315000;05316000;05334000;05358000;05362000;05366000;05370000;05374000;05378000;05382000;05512000;05513000;05515000;05554000;05558000;05562000;05566000;05570000;05711000;05754000;05758000;05762000;05766000;05770000;05774000;05911000;05913000;05914000;05915000;05916000;05954000;05958000;05962000;05966000;05970000;05974000;05978000;06411000;06412000;06413000;06414000;06431000;06432000;06433000;06434000;06435000;06436000;06437000;06438000;06439000;06440000;06531000;06532000;06533000;06534000;06535000;06611000;06631000;06632000;06633000;06634000;06635000;06636000;07111000;07131000;07132000;07133000;07134000;07135000;07137000;07138000;07140000;07141000;07143000;07211000;07231000;07232000;07233000;07235000;07311000;07312000;07313000;07314000;07315000;07316000;07317000;07318000;07319000;07320000;07331000;07332000;07333000;07334000;07335000;07336000;07337000;07338000;07339000;07340000;08111000;08115000;08116000;08117000;08118000;08119000;08121000;08125000;08126000;08127000;08128000;08135000;08136000;08211000;08212000;08215000;08216000;08221000;08222000;08225000;08226000;08231000;08235000;08236000;08237000;08311000;08315000;08316000;08317000;08325000;08326000;08327000;08335000;08336000;08337000;08415000;08416000;08417000;08421000;08425000;08426000;08435000;08436000;08437000;09161000;09162000;09163000;09171000;09172000;09173000;09174000;09175000;09176000;09177000;09178000;09179000;09180000;09181000;09182000;09183000;09184000;09185000;09186000;09187000;09188000;09189000;09190000;09261000;09262000;09263000;09271000;09272000;09273000;09274000;09275000;09276000;09277000;09278000;09279000;09361000;09362000;09363000;09371000;09372000;09373000;09374000;09375000;09376000;09377000;09461000;09462000;09463000;09464000;09471000;09472000;09473000;09474000;09475000;09476000;09477000;09478000;09479000;09561000;09562000;09563000;09564000;09565000;09571000;09572000;09573000;09574000;09575000;09576000;09577000;09661000;09662000;09663000;09671000;09672000;09673000;09674000;09675000;09676000;09677000;09678000;09679000;09761000;09762000;09763000;09764000;09771000;09772000;09773000;09774000;09775000;09776000;09777000;09778000;09779000;09780000;10041000;10042000;10043000;10044000;10045000;10046000;11000000;12051000;12052000;12053000;12054000;12060000;12061000;12062000;12063000;12064000;12065000;12066000;12067000;12068000;12069000;12070000;12071000;12072000;12073000;13003000;13004000;13071000;13072000;13073000;13074000;13075000;13076000;14511000;14521000;14522000;14523000;14524000;14612000;14625000;14626000;14627000;14628000;14713000;14729000;14730000;15001000;15002000;15003000;15081000;15082000;15083000;15084000;15085000;15086000;15087000;15088000;15089000;15090000;15091000;16051000;16052000;16053000;16054000;16055000;16061000;16062000;16063000;16064000;16065000;16066000;16067000;16068000;16069000;16070000;16071000;16072000;16073000;16074000;16075000;16076000;16077000
01001000;;62;0;0;0;0;0;0;0;0;0;183;0;0;7;80;0;2;0;0;0;0;0;0;3;0;7;6;1;6;1;0;0;4;0;0;0;0;0;0;2;0;0;0;3;0;2;0;0;0;0;6;0;1;0;0;1;14;4;1;0;0;10;0;1;10;0;0;1;0;0;2;0;0;4;0;0;0;3;7;0;5;0;0;6;0;4;0;0;;0;1;6;2;4;15;2;0;29;4;0;3;0;1;0;0;0;0;4;0;11;5;1;0;1;1;6;0;0;6;0;0;1;0;4;0;1;0;1;2;4;0;0;0;1;1;0;0;1;1;1;3;5;0;;0;1;0;0;2;7;1;0;1;0;;3;0;;0;0;2;0;;1;1;0;;0;0;2;1;;3;13;1;0;;0;0;0;0;1;2;0;0;1;3;2;0;0;0;0;6;0;0;0;2;0;;2;1;3;7;6;0;0;1;1;;0;8;1;2;1;0;3;;0;1;0;1;0;3;2;0;2;2;;1;0;0;0;3;;0;0;0;7;;0;0;1;0;1;0;0;1;1;;;0;;;;0;1;;3;;0;2;1;1;0;0;2;0;0;0;;0;;;0;1;1;0;3;0;3;0;1;3;;6;1;0;0;0;;0;1;0;0;2;0;1;;0;0;0;;0;3;;0;;0;0;0;0;0;;0;1;0;0;10;;;1;0;;0;1;1;;0;3;0;0;0;0;0;0;4;4;0;1;0;0;2;1;0;3;0;6;0;0;0;2;0;0;0;0;0;1;0;0;0;0;3;1;0;3;0;1;0;2;2;3;0;0;1;0;0;0;2;0;1;;0;0;0;0;1;1;0;0;1;;0;1;0;0;;;;2
01002000;0;;0;0;0;0;0;0;0;165;23;0;0;0;0;343;0;0;0;11;1;4;0;0;0;0;0;0;0;0;0;0;0;0;0;0;2;0;0;0;0;0;0;2;7;2;0;0;0;0;0;5;0;0;0;0;0;0;1;0;2;20;1;4;0;13;0;3;0;3;1;0;7;0;0;0;0;1;0;0;0;0;0;0;0;0;0;0;2;0;10;0;3;1;0;0;0;0;1;1;0;0;2;0;0;0;0;7;0;0;0;0;4;0;5;0;0;36;6;4;0;2;0;0;0;3;1;0;3;0;0;0;0;0;2;0;0;0;0;0;0;1;0;0;0;1;0;1;0;0;0;0;0;12;0;0;0;1;0;0;0;9;3;1;1;2;1;0;3;0;2;0;1;0;0;0;0;0;0;0;0;1;2;0;0;0;;0;0;0;0;0;5;0;1;0;0;0;6;2;0;0;0;2;0;1;4;0;0;0;0;0;1;0;0;0;0;0;0;0;0;0;0;6;5;0;2;0;6;0;4;3;1;3;0;3;0;2;0;0;;1;0;0;0;1;0;0;2;0;;0;0;0;4;0;;;0;0;0;0;;;0;0;4;0;7;0;0;0;0;0;0;0;;0;1;0;0;0;9;6;0;0;0;2;0;0;0;0;3;1;2;0;0;;0;0;0;0;0;0;3;2;0;0;3;3;0;0;0;2;0;3;0;6;6;0;0;4;4;0;12;0;0;0;5;0;0;0;3;0;0;0;0;11;0;0;3;1;0;0;0;0;0;0;0;0;0;0;0;0;0;0;0;0;0;1;0;0;2;4;0;0;7;0;0;0;3;0;0;5;0;0;0;2;0;2;0;0;0;3;0;2;0;1;0;0;0;0;0;3;1;0;0;0;0;0
01003000;6;9;;0;4;75;0;39;0;0;0;15;0;0;0;62;0;0;0;0;0;0;0;0;0;0;0;2;0;0;0;4;0;0;0;0;6;0;0;0;0;0;1;0;2;2;10;0;0;0;0;0;4;0;0;0;0;0;0;0;0;29;4;28;2;0;1;0;0;4;0;0;3;0;0;0;0;2;0;0;0;0;0;0;0;0;2;0;0;5;0;0;0;2;7;0;0;0;0;0;0;0;0;6;0;0;3;0;6;0;1;0;0;0;0;0;0;0;0;0;0;0;2;3;2;0;0;0;0;0;0;0;0;0;2;4;0;2;0;0;0;0;0;0;0;7;0;;0;0;1;0;0;4;0;;1;0;0;0;1;9;0;0;;;1;0;0;0;0;0;0;1;0;3;2;0;1;12;5;2;0;0;1;0;;0;0;0;4;;7;0;2;6;3;0;0;1;0;2;0;0;0;0;0;0;1;0;0;0;2;2;0;0;2;1;1;3;7;0;7;1;1;;0;0;0;0;2;0;0;2;0;0;3;2;0;1;0;0;0;0;0;0;2;1;3;;0;1;0;;0;0;;0;0;;;0;0;0;1;1;;0;0;0;0;0;;0;4;0;;1;0;0;0;0;3;0;1;0;0;0;0;0;;3;1;0;0;1;8;6;0;0;3;0;;2;0;;3;0;0;0;;2;1;0;1;0;2;2;1;0;1;1;2;;0;0;0;0;0;0;0;0;0;0;0;1;0;0;0;1;0;0;0;0;0;0;0;3;49;12;27;0;1;0;0;0;1;6;13;0;3;0;0;1;3;0;0;0;0;0;0;3;0;0;0;4;0;0;0;2;0;0;0;3;0;0;0;0;0;4;0;0;0;0;;2;1;1;0;
01004000;21;83;122;;9;20;306;58;95;0;48;47;1833;20;139;17;2;0;0;0;2;;0;7;0;0;0;4;0;0;0;1;0;0;1;3;0;0;0;0;0;0;1;2;;0;3;1;2;0;7;4;0;1;;3;0;0;1;;0;0;1;0;0;0;0;0;0;4;6;0;1;5;0;;0;2;0;0;0;1;0;2;0;0;0;0;0;2;3;3;0;;0;0;1;0;0;1;;0;1;0;3;1;0;0;0;0;4;3;;;0;0;2;8;4;0;6;2;6;0;0;2;;3;0;;2;0;;0;;0;;0;0;3;1;0;1;;;0;2;;1;3;0;0;0;4;;;0;;;4;;1;4;;;;0;;0;;;;;10;;;0;;5;0;1;;0;1;;2;0;;0;1;0;;1;1;3;1;13;0;0;0;0;2;;0;0;1;2;;0;;1;;0;0;3;;0;;;1;;;1;7;;1;;1;;0;0;2;0;4;;0;;0;0;;0;1;0;2;;1;4;;1;0;0;;;;;0;;0;1;;1;2;;;8;;;;;0;;;;;0;;1;1;5;;0;0;1;0;0;;;;0;;;;;;0;1;2;1;0;;;1;0;1;8;;1;;1;;0;;2;2;0;;;1;2;1;1;;;;0;0;0;4;3;0;0;;0;1;2;1;0;1;0;0;0;4;2;0;0;3;7;0;4;3;0;;2;0;;0;0;;;2;1;8;;0;1;6;6;0;0;0;;0;;;0;0;1;1;3;1;;3;;;2;;0;1;;1;;;;1;;0;;;;1
01051000;12;60;0;0;;3;0;0;0;12;0;0;0;6;0;0;9;3;0;2;0;;0;1;0;2;0;8;0;6;0;3;0;0;12;0;1;0;;0;5;0;0;0;;0;6;5;5;0;0;10;0;0;3;2;0;2;0;3;0;0;0;0;0;0;0;0;0;0;0;0;6;0;0;0;0;0;2;0;0;0;0;0;0;0;0;4;0;0;0;6;0;0;5;0;0;0;0;0;;0;0;0;0;0;0;0;0;2;2;0;1;0;0;0;0;0;0;4;0;0;0;0;0;0;0;0;0;0;0;0;2;0;0;5;0;0;2;;0;0;3;0;0;0;3;0;0;0;1;2;2;;0;1;0;;0;2;1;0;6;1;1;0;0;;0;0;1;0;0;3;1;0;0;;3;3;0;0;0;0;0;3;0;0;2;1;1;;0;0;0;0;0;2;4;;0;0;0;0;1;0;2;0;0;;0;4;0;1;0;3;2;0;2;4;5;1;1;0;;0;0;;0;0;0;;0;0;0;0;0;0;0;;3;2;3;0;0;;;1;0;;0;;0;0;0;;;0;3;;0;0;1;1;1;;;0;0;2;0;2;0;;1;0;0;0;;;2;1;;3;;4;;;0;;0;;3;;0;;0;1;;;;0;;0;0;;0;;3;0;;1;0;1;2;0;;0;3;2;;0;0;;0;6;0;;0;3;1;0;2;0;5;;0;3;0;0;;4;0;6;4;5;0;0;2;4;3;0;0;0;0;2;2;0;0;;;1;0;0;0;2;10;2;2;0;1;0;0;0;7;0;2;3;0;0;1;;1;0;1;;6;0;0;4;0;;;1;;3;1;1;0;
01053000;15;41;0;0;0;;0;32;0;2;0;0;0;0;0;0;0;0;8;0;8;0;0;0;10;0;4;4;3;20;0;0;0;4;4;23;4;47;0;20;14;1;18;9;6;0;0;0;0;2;3;0;4;5;;0;6;0;0;0;0;0;4;8;4;0;2;0;0;;2;0;1;0;1;0;0;5;5;3;1;0;0;0;1;0;0;0;5;;4;7;1;0;5;0;0;0;0;0;0;4;8;0;0;0;1;1;0;2;4;2;;0;1;1;2;0;4;2;0;0;4;0;0;0;;0;1;0;0;0;3;3;2;0;0;0;0;0;0;0;2;0;0;0;0;;0;0;0;0;2;4;0;0;0;0;;0;0;2;0;0;0;1;0;;;0;;1;1;1;1;1;0;1;2;4;0;0;0;0;0;0;0;1;0;1;0;;0;0;0;0;2;4;0;0;1;3;0;7;1;0;0;0;;2;0;10;0;0;7;0;4;1;;0;2;0;0;0;;;3;0;6;0;1;;2;0;0;0;;0;0;0;5;0;0;3;0;0;0;;0;;0;0;;;2;3;3;;0;0;2;;0;;0;0;0;0;0;0;3;0;;;;;;0;;;;5;2;5;0;0;;0;0;;;;0;;0;0;0;0;0;;2;;2;0;0;;0;0;0;1;;1;0;0;2;;4;2;3;3;1;1;1;2;0;0;0;0;1;0;0;;0;0;0;1;0;1;1;9;0;1;0;15;26;26;0;0;21;0;77;5;0;0;0;0;0;1;6;0;2;0;0;5;0;0;1;0;0;0;0;4;0;;1;0;0;0;4;0;0;;;0;0;0;0;0;0;0;;;0;0;;;0;;;0
01054000;123;251;112;0;283;136;;203;184;141;157;428;1;83;209;14;0;0;0;0;0;2;0;0;3;3;0;4;7;0;3;1;2;0;6;0;0;6;1;7;0;5;0;0;0;3;0;0;0;3;0;10;2;0;3;6;0;0;0;5;4;22;0;0;1;2;0;0;0;3;0;0;0;0;0;0;0;10;0;0;7;9;0;0;2;0;6;0;0;0;0;9;0;10;5;7;0;1;5;2;2;0;3;0;0;0;0;2;0;0;0;0;0;0;0;0;0;0;1;0;0;0;0;0;0;0;1;0;0;0;0;0;1;0;0;2;0;0;0;9;6;0;0;0;0;0;0;1;0;0;1;2;0;3;6;0;0;1;0;0;0;2;0;0;;1;;0;0;1;0;4;0;0;0;0;11;0;0;0;0;0;0;0;0;0;2;0;2;0;2;1;1;0;0;7;0;3;0;0;3;2;0;0;0;0;0;1;0;0;8;0;0;0;0;1;3;2;0;7;2;0;0;22;2;0;0;2;0;0;1;1;1;0;1;5;0;0;0;1;0;0;0;0;1;;0;0;1;2;3;3;0;3;6;2;;;0;;0;0;2;1;0;0;0;6;0;1;0;5;;0;0;3;;;0;0;0;5;0;4;;0;0;2;3;1;0;0;0;0;1;0;0;2;2;0;3;4;5;0;2;0;2;0;0;0;5;6;1;0;0;0;0;0;0;0;5;;0;;0;5;0;0;1;0;0;1;0;0;6;;0;3;0;0;0;0;2;0;1;1;9;0;0;20;0;0;0;0;0;0;6;0;8;0;4;0;1;0;1;0;29;1;0;;0;0;0;2;4;2;0;0;0;0;2;3;1;0;5;7;4;0;2;;;;3;0;3;2;0;0;1;1
01055000;3;84;0;0;18;0;0;;0;0;0;22;0;5;0;0;6;0;0;0;9;0;6;0;0;0;0;0;4;0;0;4;0;0;0;0;0;14;0;0;0;0;0;0;0;0;0;0;0;0;0;0;0;3;2;3;3;0;0;0;0;0;0;5;4;0;0;3;2;4;0;0;0;2;0;0;0;0;0;0;0;0;1;0;0;0;0;0;0;2;4;8;5;0;2;4;0;0;0;3;2;0;0;0;5;0;0;3;0;0;0;0;1;0;0;0;0;0;0;0;4;0;0;0;0;0;0;0;0;0;3;0;0;6;0;0;0;0;0;0;0;5;0;0;0;0;3;0;0;1;0;0;1;1;2;0;2;0;2;0;0;2;0;0;2;0;;2;0;2;0;0;3;0;0;;0;0;6;0;1;0;0;0;0;0;;0;0;1;0;0;0;0;0;0;1;0;0;0;0;0;5;3;0;0;6;2;0;0;0;0;2;0;0;0;0;2;0;0;4;0;1;0;;0;0;5;0;0;0;0;0;5;0;0;0;3;0;0;;10;0;0;0;0;0;0;0;;;2;0;0;0;3;5;1;0;;;2;1;;1;;1;0;0;0;0;0;0;3;1;1;0;0;;1;;0;0;3;;0;0;0;1;0;0;4;0;0;1;0;1;0;0;4;0;1;1;2;0;1;0;0;0;3;3;0;3;0;3;0;0;0;2;0;0;0;1;;0;0;3;1;0;0;0;0;0;0;0;1;0;3;1;3;0;0;0;37;4;1;10;0;24;8;6;0;9;3;0;0;0;0;2;0;0;0;0;3;0;0;1;2;0;0;3;4;0;0;0;2;0;0;0;0;7;;0;2;0;0;6;6;0;2;0;1;1;4;4;2;0;0;0;0
01056000;22;56;25;0;92;7;0;32;;46;0;53;0;294;29;0;0;0;3;0;0;5;2;0;2;0;1;0;4;0;10;0;0;0;3;29;0;35;1;8;20;53;21;13;1;2;15;0;0;8;0;10;0;0;3;0;6;0;0;1;0;0;6;2;0;13;6;2;1;3;1;1;0;3;11;0;0;4;0;0;1;3;0;0;0;4;0;0;0;1;0;0;0;1;0;7;4;1;3;0;4;15;1;0;0;0;0;0;4;0;3;0;0;3;0;5;0;6;4;0;0;0;5;0;0;0;3;0;0;0;2;14;0;0;1;0;0;0;0;5;0;0;0;1;1;0;6;0;3;0;;0;0;8;0;2;0;1;0;0;0;4;0;5;2;0;0;0;0;2;;0;0;;0;3;4;;0;0;0;4;3;0;0;2;0;3;;0;2;0;0;0;8;0;1;3;0;0;0;0;0;0;0;2;0;0;0;0;4;13;3;0;0;2;4;0;0;4;0;1;5;0;0;;4;1;0;0;1;0;3;0;0;2;0;0;1;4;0;0;0;2;0;0;0;2;0;0;0;0;4;0;0;1;3;0;3;0;0;10;1;0;3;0;3;0;0;0;3;2;5;1;0;1;0;0;;0;0;0;0;0;5;0;0;1;5;0;;0;0;0;0;2;0;0;;0;0;2;;0;0;0;5;0;0;5;0;0;0;0;0;0;0;0;6;0;1;3;1;;17;1;0;3;0;5;0;0;1;0;0;0;4;0;7;5;0;0;7;14;1;0;14;5;0;3;8;0;2;0;1;0;0;0;0;0;0;0;0;0;0;0;0;0;0;7;2;7;0;4;3;1;1;3;1;7;0;1;0;0;0;0;0;;;0;;0;;6;0;0;;0;0;0
01057000;2;0;14;12;0;0;0;43;0;;0;20;0;0;0;0;8;;0;0;13;0;0;0;4;0;0;0;0;0;0;0;5;0;0;0;1;1;0;5;0;0;0;1;3;0;0;3;0;0;7;0;7;0;2;0;0;1;2;0;;0;0;0;1;1;0;0;0;0;1;0;0;0;0;1;;5;0;0;0;0;3;0;0;0;0;3;0;;4;3;1;0;7;1;4;0;2;0;3;4;0;0;3;5;0;0;0;0;1;0;0;0;0;1;0;0;0;0;0;0;3;0;0;0;;0;0;1;4;0;0;0;;0;1;4;0;0;5;3;3;0;2;0;0;0;0;2;;0;0;0;0;;;;0;0;;;0;;;0;;1;0;0;2;0;0;;;0;2;1;1;0;0;2;0;0;1;0;;;0;;0;0;0;;0;0;7;;2;3;0;0;0;4;0;0;1;;1;;1;4;3;0;0;0;0;0;;0;0;;0;0;;0;0;1;0;4;1;0;0;0;0;0;0;0;3;;2;4;3;0;0;0;3;;;;;;;1;0;;1;;1;0;1;0;0;0;;;1;;0;;;;0;0;0;;;;2;;5;3;0;0;;0;2;0;0;;;0;0;;2;1;;0;;0;0;0;0;0;0;1;;;0;;0;;0;2;5;;1;1;3;0;1;1;1;;0;8;;0;0;3;0;2;0;0;0;0;0;0;0;1;1;0;0;0;2;0;0;0;13;0;0;4;0;1;0;0;1;0;2;0;2;3;;;;0;3;0;0;1;0;0;0;0;;1;0;0;0;0;0;;4;;0;;3;;1;;0;0;0;;1;0;0;;0;
01058000;86;0;131;0;129;128;0;163;160;143;;405;0;26;173;0;0;1;0;0;0;0;0;0;0;0;7;7;0;0;4;0;6;0;0;0;2;5;0;0;4;7;0;0;1;5;0;3;0;2;0;4;2;0;8;0;0;12;2;0;0;0;1;4;0;6;0;1;0;0;5;0;0;7;0;8;13;0;0;0;0;12;0;7;0;0;0;1;0;0;6;7;0;0;0;0;0;0;3;0;0;0;0;0;0;0;0;5;0;5;0;0;0;0;0;6;2;10;0;0;0;0;0;0;0;0;;3;0;0;3;2;0;0;1;0;0;0;1;1;0;2;1;0;0;0;0;4;0;3;2;0;0;0;0;;0;1;0;0;;5;3;5;1;;0;;0;0;1;4;0;0;1;0;0;6;0;0;0;0;1;5;1;0;5;0;1;1;0;0;2;11;0;0;0;5;3;5;0;2;1;0;0;0;6;;6;1;0;0;0;0;0;8;0;13;0;0;0;0;0;7;0;6;0;0;0;0;;1;0;0;0;5;0;0;0;1;3;0;0;1;1;1;0;;4;3;2;0;1;;0;0;;1;0;;1;1;0;;6;0;2;2;0;2;0;0;0;;1;0;0;0;;1;6;5;0;0;0;2;3;0;0;1;0;0;0;1;0;0;1;0;;0;0;2;2;1;2;0;0;;0;0;0;0;0;2;0;0;2;0;11;0;1;0;0;0;0;0;0;0;0;0;0;0;0;0;0;4;0;4;0;2;4;6;0;14;0;11;0;0;0;2;3;0;1;0;2;0;0;0;7;3;1;10;1;1;;0;6;0;0;0;0;0;4;0;0;0;5;0;0;2;3;0;0;2;3;0;0;0;0;0;;1;1;0;4;0;2;0;0;2
01059000;0;71;0;0;22;2;0;0;0;0;0;;0;0;1;0;10;0;0;0;0;0;3;3;1;0;0;2;8;0;4;1;0;0;1;2;10;0;0;0;0;0;0;0;4;0;0;0;0;6;0;0;8;0;;13;0;1;0;0;0;25;4;0;0;2;0;0;0;0;1;0;0;3;0;0;0;3;4;0;0;0;0;0;0;0;0;0;10;;0;5;0;0;0;0;0;0;0;0;0;8;11;0;3;1;0;0;0;0;0;0;0;0;0;0;0;3;4;0;0;0;0;1;0;0;;1;2;0;0;2;0;0;0;0;0;1;0;0;0;4;0;0;0;0;4;0;0;1;0;0;;9;0;0;0;0;;0;0;;0;0;;5;0;;2;1;0;1;0;;0;0;0;0;0;0;0;2;0;0;4;2;0;0;2;1;0;0;0;0;0;0;2;;0;0;0;0;0;0;0;0;0;0;0;0;9;2;8;0;7;1;2;3;1;0;0;1;1;0;;;0;3;0;0;3;0;0;0;0;0;;0;0;1;3;6;0;6;;1;0;0;;;1;6;2;;1;;0;;1;;0;1;1;3;0;3;0;0;1;0;4;2;;0;;2;0;0;;1;2;0;0;0;0;2;0;0;0;0;0;;0;0;1;0;3;0;0;0;1;;;0;0;1;0;;0;0;0;;7;0;0;5;0;0;0;2;0;0;0;0;0;0;0;3;0;2;3;0;0;0;0;0;0;3;3;;2;6;2;0;4;6;0;0;0;0;3;4;0;0;;2;0;1;2;4;3;0;0;0;0;3;0;0;0;0;1;1;3;0;0;0;0;;2;2;0;1;0;0;0;0;0;0;0;1;0;3;0;;1;0;0;1;0;2
01060000;109;392;302;0;243;373;0;345;522;244;321;407;;537;276;0;0;0;2;8;1;1;4;8;0;0;0;0;0;2;0;16;12;0;0;0;6;0;1;0;1;8;0;0;6;0;4;7;6;4;5;9;15;3;0;10;0;8;1;1;0;0;0;7;7;0;1;0;6;2;2;0;0;0;0;2;0;0;0;0;14;0;4;5;8;8;0;0;0;0;1;0;2;2;15;0;4;1;4;0;0;1;1;0;0;0;0;0;3;4;0;0;3;2;6;7;0;0;0;0;0;0;0;0;0;0;2;0;0;0;0;2;0;6;0;0;0;0;1;0;0;1;0;2;0;0;0;;0;2;0;0;0;2;3;0;0;2;0;0;0;0;1;;;0;0;0;0;0;;3;;0;0;0;7;0;0;0;0;3;0;0;0;0;0;1;3;;0;0;0;8;1;2;5;3;0;0;1;;4;5;7;0;4;2;0;1;5;11;0;0;0;0;0;0;0;10;0;3;0;9;2;0;0;0;0;0;1;0;0;0;2;0;3;1;0;;0;4;0;1;0;3;0;1;0;0;4;0;0;1;2;4;0;0;0;3;0;0;0;0;1;2;;0;0;0;2;0;0;0;0;;;0;2;2;1;0;2;0;;0;0;1;;0;0;1;0;1;0;0;1;;0;0;1;1;0;0;6;;0;;0;3;0;0;0;0;4;0;;4;0;0;1;1;0;;0;1;0;0;0;6;0;0;0;0;0;0;0;2;1;0;0;0;5;0;0;16;0;1;15;18;0;0;0;1;1;0;2;;2;0;2;3;0;0;0;0;0;3;1;0;0;3;0;0;0;3;0;0;0;0;0;0;0;3;0;0;3;0;1;0;;0;5;0;1;0;;2;0;0
01061000;21;8;43;0;0;0;0;0;0;15;0;12;0;;0;0;6;0;0;0;2;0;;0;0;0;3;1;1;0;0;1;0;0;8;3;3;0;0;5;0;0;0;0;;;0;3;1;0;0;0;0;0;0;3;0;6;0;0;0;0;12;0;0;0;3;0;0;0;0;1;0;0;0;0;0;0;0;4;1;0;4;0;1;0;4;0;0;0;0;0;7;0;7;0;0;0;2;3;1;1;1;0;0;0;1;3;1;0;0;0;0;0;2;1;0;0;0;0;1;0;1;0;0;1;;0;0;0;0;0;;3;;0;0;;0;9;0;0;0;0;;0;2;4;0;0;3;0;0;0;1;;2;;;0;;0;1;0;0;;;;0;0;1;0;;1;;1;0;;0;0;0;0;2;0;2;2;1;0;;;;;0;;2;0;0;;1;5;2;0;;0;0;;0;0;1;2;0;0;5;3;;0;0;9;1;2;4;1;;0;0;;0;0;;0;;;0;1;0;0;0;0;0;1;1;2;1;0;;;0;1;1;;;1;;;;7;0;;0;;3;1;;;;;;0;1;2;2;0;1;1;2;1;0;;;;;2;1;0;;;4;;1;0;0;1;;1;0;1;4;;;0;0;;;0;0;0;1;;;0;0;0;1;0;0;1;0;1;3;;;0;;0;0;2;0;;0;5;0;;4;1;0;0;2;0;0;1;1;0;0;0;5;10;0;0;0;1;0;0;0;2;2;0;4;4;2;3;10;0;2;1;1;0;4;3;0;0;0;3;0;3;0;0;0;;0;0;2;;;0;0;0;;0;0;1;0;2;1;;0;0;;1;;
01062000;0;42;62;0;11;218;0;92;0;10;0;0;0;17;;0;3;0;4;2;0;0;1;2;0;0;10;9;0;0;0;7;12;6;7;25;6;44;12;25;6;11;16;1;0;4;0;5;0;8;0;0;0;0;0;7;0;11;0;0;1;0;0;0;0;10;0;0;8;0;0;0;2;0;5;1;5;0;3;4;4;3;0;0;4;1;0;0;0;;1;20;0;0;7;0;7;0;0;0;3;0;0;0;0;6;1;0;1;0;0;0;;0;1;6;2;11;1;6;1;0;0;1;4;3;1;2;0;0;0;0;0;0;1;0;0;0;0;0;2;3;0;;0;3;0;1;1;0;2;0;0;0;0;;0;1;;0;;5;0;0;;;0;;1;0;4;4;;0;0;0;1;0;0;0;0;0;3;0;0;0;;0;0;0;7;0;5;0;0;0;0;2;4;0;5;0;0;8;1;1;8;2;0;1;0;2;2;0;3;0;0;0;2;0;4;2;2;0;1;0;1;6;2;3;1;0;2;0;0;4;0;0;3;0;;3;0;3;0;2;0;0;0;0;;0;0;0;;0;0;;0;0;0;1;1;0;2;;1;0;3;;2;0;0;0;1;0;1;0;0;4;4;2;0;0;0;0;0;1;2;;;0;1;;2;;0;0;0;;0;;0;2;1;0;;;;0;2;0;6;3;2;1;1;1;3;;0;0;0;1;0;;2;1;0;1;0;1;1;1;0;0;4;0;0;9;7;0;2;21;13;7;9;13;28;8;48;1;1;0;3;5;8;4;0;0;1;19;1;5;0;0;0;5;0;0;0;0;0;0;3;1;0;1;0;0;0;;1;0;0;3;0;0;0;0;2;;0;0;;0;4;1;1;
02000000;0;0;0;0;45;833;0;190;1671;22;18;38;1369;186;1411;;0;0;0;0;0;0;0;0;0;0;0;0;0;0;0;19;1;17;3;1596;51;310;21;103;74;570;91;0;0;0;0;0;0;0;0;0;0;0;0;0;0;0;0;0;3;0;0;0;0;0;0;0;0;1;0;10;0;0;6;0;0;0;0;0;2;0;0;0;0;0;0;14;0;0;13;0;0;0;0;0;0;0;0;0;4;0;0;0;0;0;0;0;0;0;0;0;0;0;0;0;0;0;0;0;0;0;12;0;0;0;0;0;0;0;0;3;0;0;0;0;0;4;0;0;0;0;0;19;0;8;0;0;0;4;2;0;0;0;0;0;6;1;1;0;15;0;0;0;0;0;0;8;5;2;0;0;0;0;1;0;0;0;0;0;0;0;0;0;0;0;0;0;0;4;0;0;0;0;0;0;0;0;0;0;0;0;0;7;0;0;0;0;0;0;0;0;25;0;0;0;0;0;0;0;0;0;0;12;3;4;17;0;0;0;0;0;0;0;13;0;0;0;12;0;0;14;20;9;0;0;0;0;0;0;4;1;0;10;0;0;0;0;0;6;5;0;3;0;0;2;3;0;0;0;0;1;2;0;0;0;3;0;0;0;0;0;0;0;0;0;3;2;0;6;2;0;8;0;0;6;3;1;0;0;0;0;11;0;0;0;0;0;0;1;0;0;5;0;0;0;0;28;0;0;0;0;0;0;111;0;0;0;17;0;10;0;10;0;3;0;4;0;8;9;7;23;0;0;70;36;16;0;31;0;270;0;0;0;0;0;0;1;8;0;0;0;0;7;0;0;0;0;0;0;0;30;7;0;0;0;3;0;0;3;0;10;0;0;0;0;0;0;0;0;0;0;0;0;0;0;3;0;0;0
03101000;1;12;9;0;0;0;2;0;24;0;7;0;6;0;0;158;;21;127;151;0;0;24;189;362;282;609;27;15;143;0;25;46;660;75;116;20;80;41;97;0;35;576;0;15;0;79;98;0;17;25;54;36;18;6;5;32;0;0;17;1;0;0;17;4;0;0;0;0;3;0;0;1;0;0;0;2;0;6;0;5;0;0;0;0;4;0;2;18;3;4;14;0;0;0;0;0;7;0;11;0;0;0;0;1;0;0;4;3;0;0;0;1;0;0;0;0;7;7;10;0;0;4;0;9;8;1;6;1;9;0;0;6;0;0;0;3;8;0;0;0;0;0;0;0;1;0;0;2;1;0;1;0;4;0;;;0;0;0;1;1;0;0;0;1;;0;0;0;;0;0;0;0;0;1;;15;11;0;0;0;8;1;0;1;2;2;0;6;5;13;11;0;0;0;3;0;1;5;0;0;0;3;3;0;3;0;0;0;5;0;11;9;0;8;0;0;5;0;0;0;58;2;2;7;10;0;4;1;2;7;2;0;1;4;;13;2;3;0;0;1;5;1;0;1;0;0;0;1;3;;0;;0;0;0;5;;1;0;0;0;2;;0;0;1;6;0;1;0;1;0;1;;;1;0;1;1;0;;0;0;0;0;;;0;2;3;0;0;0;0;;0;0;3;;1;0;;0;1;0;0;;0;0;0;;2;2;2;0;1;1;0;0;0;66;0;0;1;0;0;9;0;0;0;0;0;0;0;0;3;2;5;0;0;4;4;0;0;0;0;0;0;2;0;0;0;0;0;3;0;1;41;0;0;0;0;0;0;0;0;0;0;3;0;0;0;0;0;11;0;0;0;4;0;0;2;0;0;0;0;0;0;0;0;;0;1;;0;0
03102000;0;0;5;1;0;4;6;6;3;;0;0;1;1;4;5;0;;29;0;46;9;0;111;71;0;47;7;0;67;1;9;5;0;0;7;0;0;;0;0;5;0;0;0;3;0;0;3;0;0;2;4;3;3;3;5;0;3;0;0;4;1;6;3;0;1;15;0;;0;0;0;3;4;0;2;0;0;0;8;4;7;0;2;1;1;0;2;;2;4;0;3;9;0;1;2;2;1;3;3;7;0;0;0;3;4;2;3;0;5;;13;0;7;1;7;0;0;0;0;1;;4;0;0;0;0;0;0;0;0;0;6;6;0;1;0;0;1;1;;0;2;1;0;0;3;;;3;0;;1;;;1;;0;2;0;1;;1;;;;;0;1;0;0;1;;0;;4;0;;0;;0;0;0;6;;3;0;0;1;0;3;0;0;;4;1;2;0;4;0;;1;1;3;3;0;0;0;2;0;1;0;0;0;2;0;0;;0;;0;2;;0;;0;0;0;0;;2;;;;0;;0;1;0;1;0;1;0;0;2;;0;;;1;1;;2;0;;0;2;;;;;;1;1;1;0;;;1;1;;0;1;0;;1;;;;1;0;0;0;;1;0;0;;;1;0;0;0;;0;;;0;;1;0;1;7;;;1;2;0;;;0;3;;4;0;0;0;;0;;1;0;0;0;1;;0;2;4;0;0;1;2;2;4;;0;2;0;0;;0;0;1;4;2;0;4;0;0;0;1;1;0;7;0;0;6;0;2;0;0;0;0;0;0;0;14;0;0;0;0;1;0;1;1;6;0;0;;0;0;0;1;2;2;5;;2;;1;0;1;1;0;;0;
03103000;4;9;13;0;0;0;1;5;0;0;3;4;0;1;0;8;0;0;;0;0;13;0;0;0;0;13;0;0;0;3;1;0;0;0;0;1;0;0;0;0;2;0;3;2;0;0;0;5;7;0;0;0;2;0;2;0;0;1;;0;24;0;6;0;9;0;0;0;;;0;0;0;0;9;1;3;0;6;;0;0;1;3;0;4;0;1;0;0;0;;;2;0;1;3;0;0;0;13;0;2;0;1;0;4;0;4;1;1;0;0;3;0;0;0;2;10;0;;0;0;3;1;;2;0;0;0;0;0;1;1;0;0;0;1;2;1;1;0;0;;2;1;;0;0;0;2;3;4;0;1;;1;;0;1;0;0;0;0;1;2;0;;0;0;1;;;1;1;0;2;3;3;1;0;0;0;3;11;1;0;1;;0;;0;0;;0;6;;5;3;4;0;1;0;1;;4;1;0;0;0;4;7;0;0;1;1;0;0;4;0;4;8;0;1;;2;;3;1;0;0;0;2;0;;0;;3;2;0;0;1;1;1;0;0;;0;0;1;0;1;;1;;3;0;0;0;;0;0;;0;1;1;0;0;0;0;1;;0;;0;0;0;;0;;3;3;0;2;0;0;2;;0;0;1;2;0;0;0;1;1;;2;0;0;0;0;7;;0;;2;0;;0;1;1;0;0;;1;0;;;2;1;0;0;0;0;5;0;0;0;0;1;4;0;0;12;1;0;1;0;0;0;0;8;0;0;0;0;4;2;0;0;0;0;0;0;0;0;2;1;0;0;0;0;0;0;0;2;28;1;0;0;0;0;0;0;;8;0;0;0;;0;0;0;0;7;0;0;0;;0;0;;;;0;2;4
03151000;1;0;12;5;0;4;8;6;12;9;0;8;0;1;0;27;0;2;92;;14;16;0;0;0;0;0;19;0;0;0;2;0;0;2;0;0;9;1;0;0;0;0;2;5;5;0;0;0;3;1;0;5;0;0;5;0;0;0;5;0;11;1;3;0;0;5;0;0;1;0;1;0;2;3;0;3;2;0;10;2;0;0;1;1;0;0;3;1;0;10;0;0;2;12;0;2;7;2;0;0;0;0;0;3;0;0;0;0;0;0;0;0;0;1;0;1;3;1;5;1;0;0;0;0;3;1;0;3;0;0;1;0;0;3;0;1;0;0;0;3;0;1;0;4;1;0;;1;8;1;0;0;0;0;1;0;1;;0;2;1;0;;;0;3;;1;0;;;2;;3;1;0;0;2;2;0;2;5;0;3;2;1;4;;;0;0;5;1;0;4;1;0;0;2;0;0;0;3;0;0;2;1;4;1;14;1;0;0;2;0;1;0;1;4;4;1;0;0;;;3;0;3;0;4;0;0;0;0;0;0;0;0;2;4;3;0;2;1;0;3;;;1;4;1;2;0;;1;;;4;0;0;0;2;;1;;;0;;0;;1;;2;0;;;1;1;;;1;2;7;3;1;0;1;1;;0;;0;1;1;0;;;;;0;0;;4;0;0;;;;;0;;1;0;6;0;0;0;2;;;4;0;;6;0;;1;5;3;0;0;0;0;4;;0;0;0;0;0;0;;1;1;6;0;0;0;0;0;2;0;0;0;0;7;0;1;0;;5;5;0;0;1;0;14;0;6;0;14;0;0;0;0;0;4;5;1;0;;;0;0;0;0;2;;0;1;;1;;;4;0;1;0;0
03153000;3;0;0;0;9;0;3;0;8;0;6;1;0;0;6;46;164;0;11;0;;3;0;0;9;13;215;8;7;0;0;7;0;0;0;1;0;0;0;0;0;0;0;0;4;7;0;0;0;1;0;0;0;0;0;2;0;0;1;1;0;9;2;3;37;25;2;2;0;0;5;0;11;0;7;2;0;3;0;18;3;33;0;6;2;0;0;0;0;0;7;2;4;7;0;18;3;4;0;4;0;0;6;4;30;22;1;3;2;2;0;2;2;9;0;7;1;15;0;10;0;16;3;3;9;0;;9;0;8;35;0;0;6;0;6;18;0;2;7;2;0;1;0;0;0;0;1;6;;4;0;0;3;3;0;0;0;2;8;3;6;13;;;1;0;1;1;0;0;3;3;;1;2;6;;13;4;0;2;11;6;4;4;1;5;0;0;6;2;19;1;1;0;7;0;4;0;;0;1;6;0;;0;0;1;0;6;8;1;0;2;2;5;;0;0;5;0;27;46;7;;0;0;4;2;1;0;0;0;1;0;0;1;0;0;0;0;0;3;2;4;1;;6;0;0;0;0;0;0;;0;;5;2;3;1;1;1;0;4;;5;3;2;7;3;;0;0;;1;;0;;3;9;1;16;;0;1;2;0;0;;1;1;5;8;0;1;3;;4;0;0;;0;0;;4;0;0;0;0;0;0;0;1;;;6;19;0;3;2;3;;78;0;0;0;3;0;0;1;0;0;0;0;0;4;0;0;3;0;0;1;0;0;4;4;5;0;0;2;0;1;0;7;17;0;0;0;1;18;2;0;5;48;28;1;0;3;;0;0;0;6;10;1;0;0;0;6;2;0;0;4;0;1;0;1;0;0;1;0;0;5;0;0;2;6;1
03154000;3;0;0;;;0;0;1;0;0;4;3;0;3;1;16;22;0;0;0;0;;2;0;0;0;0;0;2;2;4;4;6;2;0;2;2;0;1;2;0;0;0;1;0;0;0;0;0;3;4;0;6;3;0;0;0;0;0;0;2;11;0;0;0;0;;3;0;0;0;0;0;0;;0;0;2;;2;2;2;0;1;0;1;0;2;5;0;2;0;1;1;;0;6;0;0;0;2;0;1;1;0;0;0;;12;0;0;1;0;4;0;0;4;2;1;1;0;;;1;0;0;;0;0;0;0;0;1;4;2;10;0;3;4;0;1;1;0;;;0;;0;;2;;3;0;1;0;;0;0;;0;0;0;2;;;0;0;;;;0;1;;;1;;3;;0;;0;1;0;0;2;0;;0;0;;0;0;4;5;0;0;0;1;1;0;0;0;1;2;0;;1;;;4;3;0;1;0;0;;;1;;;1;0;4;0;;1;1;;;;2;0;;;;0;0;;0;0;0;;;;1;1;0;;1;;5;1;1;0;;;4;;1;;0;;0;;;0;;1;;0;0;;;;0;;;;;0;0;0;;0;;0;;0;0;6;;;;;0;1;1;0;2;0;0;0;0;0;1;;;;;;3;3;;;1;0;0;1;3;0;0;;0;1;0;0;0;;1;1;0;0;2;2;0;1;0;1;1;2;;3;0;0;1;0;3;4;0;1;0;1;;0;;0;7;0;1;1;0;7;0;0;4;0;18;2;0;9;6;5;0;0;0;5;0;2;0;;0;;3;;0;1;0;1;2;0;;1;0;;0;4;0;;;0
03155000;5;3;6;1;0;5;4;0;0;7;5;0;0;;0;1;0;5;5;2;6;0;;0;1;0;0;14;0;0;2;0;0;0;5;0;3;0;0;3;0;2;0;0;;0;0;0;0;2;2;4;0;5;0;0;0;0;0;0;0;0;9;1;7;3;1;4;4;1;2;0;0;0;2;0;0;2;0;0;0;3;0;5;0;0;9;0;5;4;0;14;0;0;0;0;1;7;1;4;2;5;0;0;10;0;1;0;0;0;0;0;0;4;0;3;2;11;5;0;7;0;0;0;4;1;2;1;0;0;5;3;2;0;2;4;0;1;18;5;2;0;0;;2;0;0;1;0;2;1;2;5;0;3;4;;6;0;1;;4;0;0;;;0;1;0;2;1;0;0;3;0;0;0;0;0;0;0;0;0;0;0;1;3;0;2;0;2;1;1;0;1;0;6;2;10;1;5;1;0;0;0;0;7;0;0;1;0;10;0;4;0;0;1;2;;5;0;0;0;0;;;2;1;1;0;0;0;0;0;;0;0;0;0;1;0;0;0;2;0;;0;;3;;;0;;;0;;0;;0;;0;;;1;;;;0;0;0;3;1;2;0;4;1;;0;0;1;0;5;1;7;2;1;0;0;0;0;0;0;0;;0;5;0;0;1;;1;0;1;0;3;;;2;3;0;0;;0;;0;1;;3;;1;0;0;0;0;0;1;0;0;2;0;0;0;1;0;2;2;2;0;0;1;;;0;4;0;0;2;5;8;2;0;2;0;0;0;2;0;5;0;0;0;0;0;1;3;0;8;0;0;0;1;0;0;0;0;1;0;2;0;2;4;1;0;1;3;0;3;2;0;0;;2;0;0;;;;0;0;
03157000;1;3;2;0;0;0;3;13;3;2;1;0;0;0;0;35;0;0;32;4;21;9;1;;27;0;0;0;0;26;3;7;0;0;9;1;2;4;1;0;0;0;0;2;0;0;0;0;0;4;1;0;0;5;0;6;4;0;0;0;0;27;6;0;0;7;;;;0;3;8;0;0;0;1;0;3;2;6;0;0;2;3;1;5;0;0;7;0;0;0;0;0;7;0;1;0;9;0;0;1;0;1;0;0;0;0;9;5;0;1;1;;0;0;0;0;4;1;3;6;0;0;5;0;0;0;3;6;0;0;0;5;;2;2;0;0;1;0;0;0;;;;;;0;0;;3;2;0;;;;1;1;0;;2;5;;;1;0;1;2;;;1;;0;0;0;3;0;0;0;0;0;1;1;;0;;1;3;0;9;;0;2;0;0;1;0;0;3;;8;0;1;1;3;0;0;0;;0;3;1;0;0;0;;1;0;0;2;0;2;0;0;1;;0;;0;;0;3;3;;;;;1;0;0;3;;1;;1;0;;2;2;0;1;0;1;0;;;;1;;0;;0;;1;;1;3;;;1;;0;;;0;0;0;;1;1;1;;5;;;;2;0;;0;0;1;1;0;0;;;2;1;0;;1;0;4;;;;;2;;1;1;0;;0;0;2;0;0;;1;1;;0;0;;;0;0;1;4;2;1;0;1;0;5;0;2;;1;;4;0;0;4;0;1;0;1;16;1;0;;1;0;0;2;2;3;6;0;0;0;2;4;2;1;12;4;13;0;0;0;13;0;;4;5;2;1;0;1;3;4;0;5;;;;1;0;;;0;0;;;0
03158000;0;8;6;2;3;0;0;11;0;0;6;0;2;2;4;5;0;0;35;33;0;9;0;0;;0;50;0;19;2;8;3;0;0;0;0;0;1;0;0;0;8;0;0;0;0;0;0;0;5;0;10;0;0;2;1;3;0;0;0;0;25;0;0;0;0;0;0;0;0;0;1;0;0;2;3;0;0;0;4;;10;1;0;0;1;1;0;2;0;0;6;0;;0;0;0;6;2;0;2;6;3;0;0;0;0;0;0;0;0;0;;0;0;0;2;5;0;6;0;3;0;0;2;0;3;8;0;0;0;0;1;2;1;1;4;0;5;0;0;0;2;;1;0;;;0;0;0;0;0;2;0;;;;1;1;;1;0;;3;1;0;;0;;;1;;2;1;;2;;1;0;0;1;0;0;0;4;3;0;;;4;;4;0;0;0;3;3;3;3;1;0;1;0;0;0;0;;2;1;3;2;2;0;0;0;0;;;2;1;0;1;5;0;1;1;;3;;2;0;2;2;;;;;1;0;;1;2;1;3;2;;1;0;0;1;1;;;0;;;;3;1;1;1;3;;0;2;;3;2;;0;0;;;1;0;0;;0;0;0;5;1;0;;;;;0;;0;;;1;0;0;3;1;;;0;0;1;0;0;;0;;;0;0;1;0;;6;2;;;0;;0;2;1;;0;2;0;2;0;0;1;0;0;2;1;1;2;0;0;1;;5;0;5;3;0;0;2;0;1;0;0;0;0;;3;0;0;1;4;3;2;1;0;2;0;4;0;0;6;5;17;0;0;3;1;0;1;0;3;2;3;0;0;0;0;;0;0;0;1;;1;;;0;1;;0;1
03159000;16;35;64;3;0;14;0;18;29;13;13;0;27;0;29;353;0;22;100;48;0;4;141;52;58;;493;39;89;191;30;87;83;22;71;110;0;156;54;116;0;77;9;17;32;13;0;0;22;65;62;80;69;21;39;42;46;0;34;28;23;81;16;104;23;36;28;27;15;8;3;3;29;26;94;42;16;42;109;146;20;60;29;13;23;6;6;20;80;24;16;94;14;0;45;24;19;81;77;3;12;31;52;67;38;103;4;33;0;46;46;24;8;38;32;31;0;69;0;25;34;46;14;33;23;43;2;20;16;9;20;44;27;17;9;44;39;2;0;31;16;23;16;2;13;5;2;0;5;6;0;2;18;9;1;2;0;163;3;8;7;22;26;3;2;6;7;1;20;4;0;12;7;6;3;8;3;2;79;37;24;32;48;24;9;19;9;45;21;19;27;5;27;16;18;11;16;15;21;11;4;34;10;17;39;17;57;15;11;24;9;31;38;35;27;9;23;45;26;13;16;24;22;121;3;8;73;8;0;8;5;7;1;0;0;0;4;0;12;9;2;0;24;0;0;40;10;1;1;33;7;6;25;18;0;56;0;5;19;8;9;6;16;28;22;32;0;5;6;5;3;0;26;0;8;0;14;21;;2;6;10;11;82;;19;13;10;4;9;0;13;3;78;0;16;16;8;5;2;10;4;21;4;29;7;23;2;0;81;41;31;20;0;20;4;8;0;18;10;8;13;16;9;380;37;3;2;27;13;75;11;10;11;0;10;2;17;11;0;2;21;9;0;0;20;20;12;23;25;39;36;34;15;28;28;58;20;29;41;29;86;37;25;5;8;33;11;10;10;21;0;8;0;5;11;14;11;0;18;10;5;1;0;42;0;28;0;0;16;11;2;15;6;0;15;15;16;4;4
03241000;0;11;3;0;9;0;18;46;0;16;0;15;5;0;0;288;0;0;0;40;0;0;20;35;0;0;;0;65;358;0;87;484;315;0;68;1;37;2;0;0;0;0;0;4;2;0;0;0;10;0;6;0;0;0;0;0;0;1;2;0;57;0;42;26;0;0;5;0;0;0;0;0;1;6;0;0;0;0;109;2;0;7;3;12;7;0;15;10;0;18;21;0;0;0;7;0;0;3;0;0;0;0;0;0;0;0;0;6;0;0;0;4;7;0;7;9;30;8;8;0;0;5;0;0;0;1;1;0;12;0;1;0;10;0;0;0;0;0;0;0;0;2;4;0;0;0;0;4;0;0;1;13;0;1;0;0;1;0;0;6;0;36;6;3;0;0;2;0;0;1;0;0;0;6;8;0;2;30;0;8;0;20;0;2;4;0;1;5;0;15;0;0;15;14;0;0;0;0;8;12;6;1;22;11;0;10;3;0;38;17;12;0;8;7;5;11;0;0;13;8;0;10;77;8;0;16;5;13;4;3;0;16;0;2;1;10;0;0;4;0;5;0;0;5;0;3;4;16;0;0;3;2;0;0;3;6;0;0;1;0;2;2;3;5;1;0;0;0;0;0;0;1;0;6;0;1;2;;0;0;0;0;11;0;7;0;2;3;0;0;1;0;2;20;2;0;8;0;0;0;0;4;0;0;0;5;2;0;7;0;0;4;0;0;0;9;0;0;1;10;2;14;0;115;5;0;4;24;4;4;0;4;14;0;0;2;5;0;0;2;5;0;8;1;0;4;0;0;0;0;0;0;0;0;0;0;0;0;0;0;18;0;1;0;0;0;0;0;0;0;19;13;0;0;17;0;0;0;0;0;2;0;0;0;0;4;0;0;0;0;0;0;1;0;0;2;9;0;0
03251000;0;5;0;0;0;0;0;16;10;2;0;0;10;0;0;18;0;0;13;0;0;4;0;0;3;0;9;;15;8;1;28;0;0;0;0;0;1;0;0;0;0;0;0;0;0;0;0;0;0;10;13;6;11;5;0;63;0;0;13;12;0;3;3;0;1;0;0;0;3;0;0;0;0;0;0;0;5;0;0;0;5;0;0;3;0;0;0;0;2;10;0;8;0;0;2;0;2;0;18;4;19;17;0;7;0;0;5;5;0;0;0;0;0;0;0;0;1;1;0;0;0;0;0;0;0;0;0;0;0;0;0;1;8;0;3;0;0;0;3;0;2;2;0;0;5;1;1;0;0;0;0;0;1;0;;0;0;0;1;1;2;2;0;0;;1;0;1;;0;4;0;0;0;0;0;4;1;7;0;0;0;0;3;1;1;1;5;1;0;1;7;0;0;0;4;0;1;4;5;0;0;0;1;0;0;0;2;0;1;4;7;0;6;0;0;0;3;2;1;1;1;21;1;0;0;0;0;4;0;0;0;0;3;1;2;0;0;3;5;1;0;4;0;0;3;1;0;0;0;2;0;;;1;0;;0;;;2;7;1;0;0;0;0;0;0;0;3;0;;0;1;1;0;2;;0;3;1;0;;0;1;0;;0;0;;2;0;0;0;0;;1;0;2;0;0;0;7;;;1;0;0;0;0;2;;1;5;0;0;1;;1;0;0;;0;0;0;1;1;0;4;0;7;0;0;6;0;0;0;;0;0;0;0;7;3;0;2;0;0;0;6;0;5;0;0;5;0;0;0;7;0;0;1;0;0;3;;1;3;0;0;;0;4;5;0;0;0;1;4;;;0;0;1;2;5;1;0;0;0;0;0;0;0;0;3;1;
03252000;0;4;3;0;0;0;0;0;0;3;1;0;12;0;3;12;0;11;1;5;0;0;2;6;0;0;0;0;;23;30;14;2;0;1;12;1;0;1;0;0;13;0;2;3;7;0;0;0;0;0;4;0;0;0;0;6;0;32;0;2;11;0;4;3;0;1;4;5;0;2;0;0;1;4;0;0;3;0;12;4;11;0;2;0;0;0;0;0;1;0;18;6;0;0;0;0;30;1;0;0;0;17;30;0;0;0;0;0;1;0;2;0;0;0;0;0;0;3;17;0;0;0;3;6;0;;0;0;1;0;8;3;16;;4;7;0;0;0;0;0;6;6;0;0;;0;0;;1;2;1;3;0;;0;1;;2;;0;9;;1;0;2;0;;;;1;;0;;;0;;0;6;0;1;0;4;0;0;0;3;2;1;2;0;0;0;5;0;0;0;2;2;0;2;0;0;0;1;5;2;2;0;1;1;0;0;0;1;0;1;0;0;0;0;2;5;;0;0;1;0;0;0;0;0;0;0;0;0;3;0;0;1;0;0;3;0;0;1;;0;;1;;1;;2;;;2;0;0;;;0;1;1;0;;0;5;1;;1;0;;0;6;0;0;0;;;1;3;4;0;0;0;2;3;;;1;4;2;0;0;0;;0;0;1;1;2;0;1;;0;;0;0;;0;0;0;2;0;1;;0;;0;0;;;0;0;1;;0;1;1;4;0;1;0;0;0;0;0;2;0;1;1;2;1;0;0;2;0;0;1;0;1;0;1;0;0;1;0;0;0;3;0;0;;3;12;0;;0;0;0;2;0;1;0;;0;4;1;3;;0;5;2;1;0;;1;0;;0;0;0;;2;3;0;;0
03254000;0;9;7;7;0;0;3;26;11;8;7;0;0;1;4;58;0;0;13;5;59;0;25;0;0;0;0;0;0;;0;27;10;0;3;0;0;0;4;0;0;6;0;10;0;0;0;0;0;0;0;0;0;5;7;0;1;0;13;5;7;50;11;7;9;0;0;1;0;0;0;2;0;2;0;0;0;0;0;0;0;8;0;9;0;1;4;0;6;0;0;13;0;5;3;13;0;10;0;0;0;0;21;3;0;0;0;0;0;0;0;0;0;0;2;0;1;15;0;4;1;0;0;2;0;0;0;1;1;0;0;8;0;0;1;1;0;0;0;0;0;4;0;3;0;2;0;0;1;0;0;0;0;2;1;0;0;1;0;0;0;3;3;0;0;0;5;0;0;0;0;0;;0;0;0;1;;2;10;0;0;7;5;5;0;0;2;3;0;2;5;9;0;0;6;1;0;1;2;0;0;3;0;0;2;0;0;0;0;10;1;0;0;0;0;3;0;1;2;1;0;0;16;2;0;0;2;0;4;0;;2;0;0;1;0;6;0;;1;0;0;0;0;0;0;;0;;1;2;0;1;0;;3;0;0;1;0;1;2;0;0;0;0;0;2;0;;1;2;0;0;0;0;0;;1;0;0;3;7;0;0;3;0;0;0;0;0;;;0;0;;0;1;0;0;1;0;0;2;0;0;;0;1;3;0;0;1;0;0;0;0;0;4;0;1;0;;22;0;0;0;0;5;0;0;0;0;0;0;12;0;0;0;0;0;2;0;0;6;1;11;0;0;1;1;0;2;0;0;0;0;0;0;0;32;6;0;1;0;0;0;0;0;0;0;0;0;1;0;0;10;0;0;0;2;0;0;1;1;0;5;0;1;1;;1;0;;0;0;0;0;
03255000;0;5;1;1;4;1;0;0;0;3;0;0;5;2;1;12;2;0;0;1;14;0;0;0;0;0;13;0;0;1;;0;11;5;6;4;0;0;3;1;0;1;0;0;5;2;2;0;0;2;4;0;0;1;0;0;3;0;0;0;5;0;3;3;0;0;2;2;0;1;;0;0;0;0;0;0;4;0;8;0;7;1;0;2;2;0;0;0;;0;10;2;2;0;7;0;0;2;2;0;4;0;24;9;0;0;0;1;6;0;1;;11;0;3;0;0;2;0;2;0;0;0;0;0;;0;0;1;0;0;0;0;0;3;1;0;6;0;5;1;0;0;;1;;;0;;;3;1;0;;0;0;;0;;;0;0;;;;2;;0;1;1;;;1;0;;0;;1;1;0;0;1;0;2;0;1;;;1;0;1;3;0;2;0;5;;0;0;0;1;;0;5;0;0;;0;3;0;;0;1;0;;0;1;1;0;0;1;0;9;0;;;;;0;;;5;0;0;0;0;;0;1;;0;1;2;1;1;;;;;;;;;0;0;;4;2;;;0;0;;;0;;;1;1;;2;;0;;;;;;;0;1;;0;0;;1;;0;1;;0;;1;3;0;1;1;0;;1;;;0;1;4;;;0;0;;0;;;;0;;0;0;;;2;2;;0;3;6;0;2;;0;;;0;;2;;0;;3;;;;0;1;0;0;2;1;0;;0;1;0;2;;2;0;1;;;0;0;1;;1;0;1;0;0;0;3;0;0;1;4;0;0;0;0;0;;;3;0;0;;1;0;0;;;0;1;1;2;;;;
03256000;3;9;0;0;0;4;0;0;2;7;1;0;0;0;0;0;0;0;0;0;0;0;2;0;0;0;0;0;0;0;2;;0;0;8;5;0;17;0;0;0;2;0;0;0;0;0;0;2;0;0;3;0;0;0;7;0;0;0;4;0;52;4;0;11;0;0;0;0;0;1;3;2;0;4;0;4;0;2;6;0;3;0;5;0;2;0;0;0;;12;0;0;0;0;0;0;6;0;0;0;21;0;0;0;2;5;0;10;0;0;0;0;0;0;1;1;6;0;1;2;2;0;0;2;0;2;0;2;1;0;0;0;0;1;0;3;0;1;0;2;2;1;0;0;1;0;;0;0;;;2;0;4;;;;0;2;;5;1;;;;0;1;1;;;0;0;0;0;4;3;;0;1;0;0;2;0;1;0;;0;0;0;2;2;0;0;1;0;1;4;0;;6;0;0;2;0;2;0;;4;2;0;3;0;0;0;1;0;;;0;2;;2;0;1;;0;0;1;2;1;0;1;0;2;0;0;;0;0;0;0;;0;;;1;;;;;1;;;0;1;1;;0;1;;0;0;;4;1;0;1;1;;0;1;0;5;1;1;0;2;;;;0;0;0;;;1;;5;0;;;;0;0;;4;;;0;;0;;;2;0;1;;1;0;1;;0;;0;;0;;5;;0;;1;;0;0;0;0;0;3;0;0;2;;5;2;2;1;0;0;;0;0;0;0;4;3;0;2;2;0;0;2;1;2;0;0;0;0;1;1;2;0;2;0;2;0;0;2;5;1;5;0;0;0;0;3;0;1;1;1;;;0;0;;2;1;0;2;;2;0;3;0;;5;0;;
03257000;2;4;0;1;5;1;0;3;6;0;0;9;0;3;0;0;0;0;0;5;5;0;2;5;11;0;0;9;0;0;0;0;;0;0;0;3;0;0;0;0;2;0;2;8;4;0;0;4;1;9;0;0;0;1;8;10;0;0;2;2;5;0;0;0;3;5;2;3;0;2;1;0;0;0;0;0;0;1;0;2;0;0;0;0;2;6;0;0;0;2;0;0;0;0;3;0;0;0;0;0;0;0;0;1;8;0;0;7;0;0;0;3;2;5;8;0;12;6;0;0;0;2;0;0;0;0;0;0;4;3;0;0;0;2;3;0;0;0;7;0;0;0;1;1;0;0;;0;2;1;2;1;1;0;0;1;3;1;1;0;0;0;0;2;;2;0;0;0;;1;0;0;0;;4;;7;0;0;3;11;0;0;0;;2;5;;1;;1;1;0;0;1;5;1;0;;0;0;0;0;1;5;;0;2;0;4;7;2;0;1;0;1;0;0;0;3;2;0;2;;0;0;1;;0;0;0;2;1;0;2;0;0;0;0;0;0;0;1;;0;0;1;;0;2;;0;0;0;0;;0;;1;0;0;;1;0;;1;1;0;;0;0;0;0;1;0;;0;;0;0;5;0;0;0;0;;0;;;;0;0;1;0;0;1;;;0;0;1;0;1;0;0;;1;0;0;;1;4;0;2;7;0;3;0;0;5;2;0;0;0;0;0;2;4;0;0;0;0;0;0;1;0;0;2;1;8;0;0;3;3;7;1;1;1;3;0;2;3;0;0;1;0;0;0;2;7;3;0;0;0;6;0;1;0;0;11;1;0;0;5;5;6;0;0;0;;;0;2;1;2;4;1;0;0;;2;1;1;;0;;;0
03351000;0;9;0;0;0;0;1;15;2;1;5;6;15;0;0;0;0;42;26;42;18;0;3;21;18;0;0;19;13;57;0;13;7;;45;21;15;36;1;30;0;18;0;0;13;2;0;0;1;14;8;7;14;0;22;22;0;0;6;12;20;11;0;2;5;0;0;3;0;0;0;0;5;0;2;8;0;0;6;9;2;0;4;3;2;1;0;2;1;0;7;3;0;0;2;0;0;11;7;0;8;6;17;3;4;1;0;1;0;0;0;7;0;0;3;0;3;5;2;0;0;0;0;0;0;0;0;0;0;0;0;4;0;2;0;0;4;0;4;0;2;5;0;1;0;1;0;;0;2;5;1;2;0;0;0;7;2;;0;0;0;5;0;;1;0;2;0;0;0;;0;0;0;;0;;0;1;0;1;1;0;0;0;4;0;1;;0;2;1;0;0;0;4;0;0;0;1;0;0;0;1;0;0;;1;1;0;0;1;0;0;0;3;1;1;2;2;8;3;8;1;;0;2;1;0;1;0;0;1;;0;0;0;0;0;;2;0;0;3;0;0;0;0;;0;0;1;0;;0;1;0;0;1;1;0;;0;;;0;2;0;;4;0;1;;0;1;1;0;0;2;;0;0;0;;;2;1;0;0;1;0;0;0;1;1;0;;1;0;1;2;1;0;1;0;0;;;2;0;2;;;0;0;1;2;0;;1;;0;;0;4;0;1;4;0;4;;0;0;1;0;0;0;4;7;0;0;0;0;0;4;3;0;3;6;2;3;7;0;0;0;2;0;10;6;0;0;2;7;1;4;4;10;4;3;3;1;0;0;0;0;0;0;3;0;2;0;0;1;0;5;0;1;0;0;;;1;0;2;0;2;0;0;1
03352000;1;14;2;0;0;0;0;4;0;7;9;0;3;0;0;0;0;2;5;0;21;6;0;0;2;0;30;9;0;0;0;0;7;0;;0;6;2;0;26;0;0;0;15;0;0;2;0;7;20;3;2;0;0;5;2;0;0;0;25;2;0;0;0;2;0;0;0;0;0;0;0;0;0;0;0;0;0;3;0;4;0;0;0;0;0;2;0;0;0;3;8;0;0;0;0;6;0;0;0;0;0;0;0;0;0;0;6;0;0;0;0;0;2;4;0;0;7;1;0;0;0;0;0;0;0;;0;4;1;2;0;1;0;0;0;0;0;0;1;0;0;0;0;0;0;0;0;0;0;4;2;3;0;;0;0;;;1;0;0;1;0;;;1;;0;1;0;;0;2;0;0;0;;0;0;1;0;0;0;3;0;0;0;0;3;1;3;0;1;0;4;0;;0;0;0;0;0;0;0;0;4;1;1;0;0;0;2;0;0;0;0;0;0;0;1;0;2;0;1;0;1;3;6;;0;0;3;3;1;0;0;;0;0;0;0;0;0;;0;1;;1;;0;0;;0;0;0;0;;0;0;4;;0;4;0;0;0;1;1;;0;;0;6;0;;;;0;;0;0;;0;2;1;;0;0;0;0;0;;0;1;0;0;1;0;0;0;6;1;0;2;0;1;;0;0;0;;0;;0;7;3;3;0;;0;0;0;0;0;1;0;0;0;5;0;0;0;4;0;3;0;0;1;0;0;2;2;0;0;0;0;0;3;1;0;2;1;0;0;0;0;9;0;;0;0;1;1;0;0;0;7;1;4;5;3;1;0;0;0;0;0;0;0;0;;1;0;2;1;0;1;6;0;;;0;2;1;0;1;0;;
03353000;11;27;14;0;1;0;26;48;0;11;8;0;1;0;0;0;0;0;8;5;0;0;5;0;6;0;0;17;0;6;0;0;4;0;16;;0;100;10;139;0;61;0;5;1;0;0;0;1;1;0;13;0;0;9;8;16;0;0;1;4;11;0;0;0;9;0;1;0;0;2;0;8;1;10;0;0;2;0;0;0;1;0;0;2;0;0;1;0;0;0;2;4;2;0;6;2;6;0;1;0;3;0;2;1;0;0;0;0;3;0;0;1;0;1;0;0;0;0;0;3;5;0;2;0;0;2;1;3;0;6;0;0;5;0;1;0;6;0;7;0;0;1;4;;4;0;;0;0;0;0;0;1;0;5;2;0;0;0;0;2;7;;1;4;3;;0;2;;0;0;5;0;1;0;;2;0;0;0;0;2;0;0;0;2;;;3;0;0;4;0;0;0;1;0;0;0;0;0;6;0;1;0;0;3;0;7;0;0;0;8;0;5;0;6;0;0;0;3;0;1;;6;0;0;2;0;0;0;0;0;0;0;0;1;;1;1;2;;0;2;3;1;1;0;0;0;0;0;;;1;;4;1;0;5;4;;5;0;;0;2;1;1;1;1;;1;;0;0;0;1;0;0;;0;3;0;2;2;0;;0;0;;1;0;0;0;;;0;0;;0;5;5;;0;0;1;0;2;0;1;1;0;4;0;2;0;0;0;3;0;;0;0;0;4;0;2;2;0;0;0;0;0;0;1;1;17;0;9;7;0;0;3;3;26;0;11;33;0;0;0;;4;0;0;12;0;0;3;0;0;1;0;0;4;3;0;2;8;3;;0;9;4;0;1;0;2;0;1;4;0;0;;0;0;1;0;0;0;0;0;0;0;0;1;1
03354000;1;0;0;1;0;0;1;0;9;0;0;0;0;0;0;0;0;2;0;3;0;0;0;0;1;8;0;5;0;3;0;0;0;0;0;15;;0;0;0;0;0;24;10;0;1;0;0;0;0;0;1;0;5;;;0;0;8;1;1;6;;0;0;1;2;1;0;0;0;;1;0;0;0;3;0;0;0;2;2;0;0;0;0;0;0;1;;;2;;;2;0;2;1;0;0;0;4;0;0;0;0;;;;0;0;1;;2;;0;;2;1;0;0;0;;0;0;;1;2;0;0;3;1;;0;0;2;1;;0;;0;1;;;;;;;0;;;0;;;0;1;;1;;;;;0;;;0;0;1;2;1;;0;;;;1;;0;0;1;0;;0;0;;;1;2;;;2;;0;0;;0;2;2;0;;;0;;2;0;;0;0;0;1;0;;0;2;2;;;;;1;1;0;;0;;;;3;0;;;1;0;0;3;;;;0;0;2;1;;;;;;;;;0;;;;;;;;;;;;;1;;;;;1;;;1;;0;;;;1;;;0;;;0;1;;;;;0;;;0;;0;0;1;;;1;1;;;0;2;;1;;;;;1;;0;;;9;1;1;1;;;2;;0;0;0;1;0;1;0;2;0;0;0;0;2;0;1;2;1;5;3;6;0;0;1;1;0;2;0;0;;0;2;2;0;0;0;0;0;0;0;0;1;0;0;6;0;1;1;0;1;;;0;6;0;1;;2;;0;;;;2;0;1;0;;;1;;;0;;;;0
03355000;8;30;4;0;3;0;0;0;0;0;0;6;5;1;0;0;0;8;11;0;9;0;5;0;0;0;0;0;8;0;13;0;0;0;0;0;5;;5;0;0;0;136;0;5;11;0;0;0;2;0;0;0;2;0;0;0;0;3;12;2;28;0;7;0;0;0;0;1;0;1;0;0;0;0;3;0;5;1;13;0;1;0;0;2;0;3;0;0;0;0;4;0;0;0;0;12;3;9;2;0;0;0;0;11;0;2;0;4;0;2;1;0;2;0;0;5;0;1;0;0;1;12;0;1;1;1;4;0;12;0;0;0;2;0;0;4;1;4;2;9;1;3;0;0;2;;3;0;2;1;1;1;0;2;0;;0;0;1;0;0;0;3;2;1;1;;0;;0;0;;3;0;0;0;0;1;0;0;2;0;5;;0;0;3;1;;0;1;7;2;0;0;0;1;0;3;1;0;;3;0;0;0;0;0;0;0;0;0;0;4;0;0;0;3;1;0;1;0;26;2;2;0;0;1;2;0;1;4;5;0;0;0;0;0;1;0;0;0;2;1;0;1;1;0;0;2;1;0;;;3;0;2;0;;;0;0;0;;1;0;0;8;2;1;4;0;0;1;;0;0;;;;4;0;4;;2;0;0;0;1;;;0;;5;0;;0;0;0;;1;2;0;0;;1;0;0;0;;0;;0;4;0;0;0;0;4;0;2;0;1;0;0;0;1;0;5;0;0;0;0;0;0;3;0;0;0;0;9;0;10;13;3;5;0;0;0;0;4;;0;1;1;1;0;0;0;0;5;0;0;0;1;0;0;3;1;1;6;1;0;0;2;2;4;0;0;1;;0;4;0;8;0;1;0;0;1;;0;1;;;;;1;0
03356000;8;9;0;1;;4;0;3;0;3;2;1;0;3;0;0;0;;8;0;5;0;2;0;1;0;0;1;0;0;0;9;1;0;23;0;0;0;;22;0;0;0;83;0;2;0;0;7;3;0;2;0;2;0;16;0;0;0;29;0;0;0;9;;0;0;2;0;0;0;;1;6;0;0;1;0;5;6;;0;0;0;0;0;0;0;8;0;0;8;0;;4;4;0;5;0;12;2;0;2;1;2;2;1;0;2;0;0;0;;3;0;0;0;0;;0;2;0;;2;0;0;;;;0;4;;0;2;0;0;0;;0;0;0;;3;1;0;;0;1;;;1;2;;2;0;0;0;0;;0;3;1;2;;1;;;1;;0;;1;;;0;;;;1;0;1;0;3;0;0;0;;0;;1;2;2;0;1;;2;3;3;0;;0;;0;0;1;0;0;1;4;;0;0;;1;0;;6;1;0;0;;;5;2;;0;1;;0;;3;1;0;;;;;0;7;0;1;0;0;0;2;;0;;;;1;;0;;;;;0;3;;;;0;0;0;2;0;;2;0;2;;1;2;0;0;;;;;1;1;0;0;1;0;;;1;;3;1;0;;;;0;;1;0;;;0;0;1;;;;0;0;;2;1;0;;3;2;0;2;;;;2;;0;;1;0;0;0;0;0;1;0;0;1;;0;4;0;5;4;0;0;0;0;1;0;0;1;0;1;;1;1;0;4;1;1;1;0;0;3;;0;0;0;1;0;3;0;2;0;0;1;;1;0;1;0;2;;;2;2;;;2;0;;;;1;;;;;0;0;
03357000;2;5;10;4;3;0;0;0;0;0;13;4;2;0;0;0;0;3;0;10;3;0;0;2;0;0;76;35;11;6;0;25;1;0;0;0;7;29;0;;0;0;0;17;0;0;0;0;0;0;2;12;0;3;3;8;0;0;4;9;1;1;18;1;0;1;0;0;0;2;0;0;4;0;0;3;1;0;0;0;0;9;0;0;2;0;0;0;3;3;0;4;6;0;1;0;0;0;3;5;6;3;0;5;0;1;0;1;1;0;0;0;2;0;0;0;0;2;0;0;0;2;0;3;0;0;1;0;0;0;3;0;2;1;0;0;1;5;1;0;0;0;3;1;0;0;0;;0;0;4;0;0;0;0;1;1;5;;0;1;0;0;;0;0;0;1;3;0;0;;3;1;0;0;;;5;0;0;0;0;0;0;2;0;6;0;0;0;4;1;3;0;3;5;0;2;0;3;0;1;1;1;1;0;1;0;0;0;0;1;0;0;2;0;0;0;3;1;0;2;2;0;0;3;0;5;0;;0;2;0;0;0;1;;0;0;1;0;0;;2;;0;0;5;0;0;2;0;;0;2;0;0;0;;0;0;;0;4;1;;2;0;1;;0;0;2;;0;1;4;;;1;0;0;1;;2;0;0;0;2;;;1;4;0;2;5;0;0;6;0;;0;0;0;0;0;;0;0;;0;1;0;0;1;1;0;0;;0;0;0;;0;0;0;0;0;6;0;0;0;0;0;2;0;;1;;4;2;0;8;2;0;1;4;1;0;0;0;4;0;0;0;0;1;5;0;0;1;2;0;2;0;9;3;3;1;0;4;0;0;2;0;0;0;3;2;0;2;;1;0;4;1;1;;0;0;;0;2;0;2;0;0;;0
03358000;0;17;22;3;0;0;2;9;0;3;0;1;0;3;0;0;20;104;83;93;54;4;66;78;81;93;420;31;50;164;5;89;133;132;52;25;10;135;11;224;;67;82;25;21;8;131;49;25;99;70;41;71;61;9;36;67;38;9;34;24;12;13;0;0;0;0;1;0;4;;1;0;2;0;5;1;2;2;0;0;0;0;0;1;0;0;0;0;6;0;11;0;0;0;0;0;18;0;5;0;0;0;4;0;0;0;0;2;0;0;0;1;2;0;4;0;0;1;0;3;0;4;5;0;0;;0;0;0;7;6;0;4;1;1;1;1;0;0;2;0;0;0;2;0;0;0;0;0;0;0;0;3;0;0;0;;;0;0;1;0;;;1;1;1;;1;0;;1;0;2;0;1;;5;0;0;0;0;3;0;3;1;0;0;;4;3;2;8;6;0;3;2;0;3;0;0;1;;0;4;0;1;5;1;7;2;0;0;1;0;1;0;1;;0;2;1;0;0;0;1;;0;0;0;1;5;0;0;1;2;0;2;0;0;10;1;3;0;2;0;2;10;2;0;;1;1;1;0;0;0;0;1;0;1;1;;1;0;0;3;0;;;3;0;0;0;0;7;1;;0;1;0;;0;;3;0;4;0;1;0;0;1;;6;2;1;0;0;2;1;1;8;1;5;1;2;;2;1;;10;2;;7;8;2;4;0;;;0;;0;0;0;1;1;0;0;0;0;4;0;0;0;3;0;0;2;0;6;0;0;2;7;0;3;2;6;3;0;1;0;2;3;0;0;1;1;4;0;0;4;0;2;17;0;0;1;0;4;0;2;4;0;3;0;0;1;0;9;0;7;2;0;0;0;3;0;;;0;0;;0;1;2;0;0
03359000;7;27;7;3;11;0;0;20;0;12;0;10;0;7;0;0;0;0;0;2;0;12;0;3;0;0;11;0;0;0;0;0;0;0;75;0;4;17;3;46;0;;0;11;0;0;0;0;9;0;2;0;0;0;0;0;0;0;14;0;0;0;10;1;11;0;0;0;0;8;0;2;9;0;1;0;0;0;0;2;2;0;0;7;0;0;0;0;3;0;9;8;0;11;13;11;0;0;2;1;0;8;1;3;2;0;5;0;1;1;0;6;0;0;0;0;0;0;0;0;0;0;1;0;0;0;0;0;0;6;0;0;1;1;1;4;0;0;0;0;1;5;0;2;0;0;0;;;0;1;2;0;0;0;0;0;0;1;;;0;1;2;0;;6;1;1;0;0;1;0;;0;1;1;1;6;0;0;3;8;0;0;0;0;0;0;0;1;0;0;1;0;3;2;0;0;3;;0;0;0;1;0;2;1;0;0;3;2;0;3;1;1;3;0;0;0;0;0;0;0;1;2;0;0;0;0;;;0;0;0;0;;1;0;2;0;2;0;0;0;0;0;1;1;;;;0;0;0;1;0;0;0;0;0;1;3;0;0;;0;0;;0;;2;1;;0;0;0;;0;;;1;3;0;;;0;0;0;1;;0;1;0;1;1;0;0;;1;1;0;;7;0;1;4;;3;0;1;0;0;0;0;0;1;0;5;;0;0;0;0;0;;1;1;1;0;0;0;0;0;0;0;0;0;1;0;0;0;3;0;3;0;22;0;5;2;0;0;1;0;0;0;0;0;6;0;0;0;4;1;4;0;0;3;0;0;0;0;2;0;0;0;1;0;4;0;6;0;4;0;0;0;0;0;4;0;;;0;;;1;0;0;3;0
03360000;2;2;0;0;1;0;1;0;0;2;7;3;5;2;0;0;0;64;50;54;3;11;24;25;54;0;106;5;27;69;7;24;31;69;38;22;0;0;0;42;0;14;;4;17;0;9;0;0;13;27;4;0;0;7;35;12;0;4;22;22;4;0;0;7;4;0;3;;0;0;2;4;4;0;0;1;4;0;0;1;0;0;0;0;0;0;0;0;2;6;4;0;1;7;0;0;0;0;4;1;1;0;3;0;0;0;0;0;1;0;0;;0;0;0;1;0;0;0;0;;3;1;0;0;0;0;0;0;1;3;0;2;0;9;0;0;2;6;0;2;2;2;0;0;;0;2;0;;0;1;0;3;2;;;;0;;0;0;5;;;;;1;1;2;1;;;2;;0;;0;0;0;0;0;;4;0;;4;;;0;1;0;2;1;5;0;;6;1;0;0;3;0;3;;0;0;;0;2;0;0;0;0;1;0;;0;4;1;0;0;1;0;0;0;;2;0;0;3;;0;0;1;;0;0;;0;2;1;1;;;1;;;;;;0;;0;;;;0;;;0;;0;0;;2;0;;;;;0;;1;;1;;;0;;0;;0;;2;0;0;0;2;;0;;1;4;0;2;4;0;1;;1;;0;2;1;1;;1;0;1;0;0;0;4;1;;;0;;;;;;0;0;3;;0;0;2;;0;0;0;0;3;0;0;1;6;0;0;0;0;3;0;0;0;0;0;;0;0;0;0;3;0;0;;2;0;1;4;0;0;9;0;1;0;0;0;4;2;0;2;6;;0;0;1;;0;1;;0;;2;;0;;;;0;;0;2;1;1;
03361000;9;0;2;0;2;0;1;0;0;0;7;0;0;0;0;40;5;6;0;0;1;0;4;0;4;0;44;65;0;0;0;63;0;5;0;0;0;9;0;0;0;0;0;;1;0;0;0;0;16;0;3;1;0;5;5;0;0;9;0;0;0;16;0;0;6;0;0;0;0;0;1;0;0;2;1;0;0;0;0;2;0;0;0;0;;0;0;0;;0;6;4;1;0;0;7;0;7;0;6;0;0;0;0;0;0;2;0;0;3;1;0;1;3;1;0;0;0;7;0;0;0;0;0;0;2;1;0;0;2;1;0;3;1;0;0;0;0;0;0;0;0;0;5;0;;1;1;1;0;3;0;0;0;0;;2;;0;2;1;4;;;0;0;;0;;0;0;;0;0;0;1;0;0;0;5;0;0;0;1;0;;0;;;0;0;0;4;;8;1;1;5;2;0;;0;6;0;0;7;2;0;1;0;4;7;0;5;1;0;1;0;3;2;7;0;4;;;0;3;7;0;0;;0;;0;0;;;4;;3;1;;0;;0;;0;0;;;;;0;2;;0;;2;;;2;;;3;6;;;2;1;;1;;;;3;;;;;1;0;0;0;;0;0;1;;;;0;;;5;1;1;;1;0;0;2;;0;5;0;1;;0;0;;2;0;;2;0;;4;1;;;1;0;;0;;;1;1;6;0;;;6;0;1;0;0;0;;;0;0;1;0;0;0;0;2;0;5;0;2;0;3;;3;0;4;2;0;5;0;0;0;0;0;0;0;0;1;0;0;;0;0;;2;1;0;0;;2;1;0;0;;;0;;;;;0;;;1;1;;1
03401000;0;0;0;;;0;2;6;0;0;0;0;0;;1;16;0;2;0;0;0;2;;2;1;0;0;4;0;3;0;14;0;0;12;0;1;0;5;16;0;2;0;0;;0;0;0;5;20;0;14;0;0;0;9;221;0;1;3;0;0;0;0;0;1;0;0;;0;0;0;3;0;1;1;0;0;3;0;0;0;0;0;1;1;;4;1;;1;2;0;3;0;8;0;0;0;8;0;0;0;1;0;2;0;0;0;0;6;0;1;2;0;4;0;0;0;5;0;1;1;2;0;;1;3;0;1;0;1;1;0;3;;0;0;1;0;0;1;1;;1;0;;;5;;;0;3;0;;;1;0;0;0;1;0;3;;;;0;;;0;1;0;;;0;0;;;0;1;7;0;;0;0;0;;0;0;;0;1;0;0;0;;0;;7;1;0;1;0;2;0;3;0;;;;5;;5;0;0;;;;3;3;0;;;1;0;2;;1;;1;;;0;0;;;3;0;0;;;2;;;0;0;;;0;0;;0;2;;2;;;;0;0;;;;;1;1;;0;1;;;3;;;0;;;;;;0;;0;4;;;;;;;;;0;0;1;3;2;;;;0;4;;1;4;;0;;2;0;;;;0;1;0;;3;;0;;0;1;;0;1;0;2;0;0;0;0;0;2;1;;;1;0;0;;;;0;3;0;1;0;0;3;1;0;0;0;0;0;0;2;0;;0;1;0;;1;0;0;0;;0;;0;;2;;0;1;;1;1;0;;2;0;;2;1;0;0;;2;;2;;;;;;1;0
03402000;1;0;0;0;6;1;0;1;0;1;0;1;0;;0;22;5;0;4;0;0;20;3;11;5;0;0;2;0;0;0;2;0;0;2;2;0;0;0;8;0;0;2;3;5;;23;0;19;19;0;6;35;2;0;0;0;0;10;7;0;10;0;12;0;15;0;2;0;0;0;0;0;2;0;0;0;8;0;7;0;0;1;;;0;0;1;4;1;14;15;0;0;4;0;0;0;1;3;0;5;0;2;0;6;0;1;0;2;1;6;;12;0;0;0;0;2;1;1;0;2;10;0;1;0;;1;0;2;;2;0;0;0;1;0;1;2;0;0;0;0;;1;;0;1;1;0;;0;;0;0;1;0;2;0;1;0;2;1;;;;;1;0;;0;3;2;;0;;;9;2;0;4;0;1;3;0;0;0;;1;;0;1;1;3;1;1;;0;;1;0;;1;0;0;0;;1;8;1;0;0;2;0;0;;0;;0;0;1;;0;;;1;;;;0;;2;;;0;2;;4;0;0;0;2;;1;;0;;;;;;1;;;;4;;0;;;;;0;;1;0;;4;1;2;;;;;;;;;;;0;0;0;1;;0;;;;;0;1;;0;0;;0;;;2;2;;;;0;0;;2;;;0;3;;0;0;;0;;;;4;0;6;0;;0;0;0;0;;;;0;;0;0;0;3;0;;0;0;4;;7;;4;;2;3;0;0;0;0;1;6;1;0;0;;2;;0;;1;0;;0;3;0;0;;0;2;;1;;0;1;0;;1;;3;0;0;;0;0;;;0;;;;;3;;
03403000;0;1;0;0;0;6;14;1;0;11;8;8;0;1;5;63;0;79;24;36;45;12;45;12;32;59;192;89;26;79;0;57;71;22;0;83;21;111;42;75;0;62;0;31;76;0;;0;4;330;57;0;45;44;28;110;292;0;0;35;8;68;0;1;1;3;0;10;8;5;;0;0;1;7;0;4;2;0;4;5;11;1;7;0;0;0;0;0;0;1;7;0;0;0;0;4;18;0;0;1;0;3;11;2;0;0;0;1;4;4;0;2;0;0;0;4;11;3;17;0;0;0;7;4;3;0;6;0;0;0;0;3;7;1;2;0;0;2;1;6;0;6;0;0;;5;0;0;0;1;0;0;0;0;;;3;2;0;0;0;0;;;;0;;0;2;;0;0;;0;4;0;0;0;2;1;0;0;0;1;6;0;0;0;0;5;3;1;0;0;0;0;0;8;2;0;0;0;2;0;0;0;1;2;1;0;4;2;4;5;3;4;0;0;0;6;;0;21;1;0;0;0;0;4;;0;3;2;8;0;;0;0;2;;0;3;0;1;0;0;0;1;;;3;;0;0;0;2;;0;0;0;;;1;3;0;0;0;0;;0;0;0;0;0;0;4;0;;0;0;0;2;0;;1;3;;0;;;1;;1;4;1;0;3;2;;0;;0;0;1;0;4;0;0;;0;;0;0;2;0;0;1;3;2;1;0;;;0;0;2;0;14;0;0;1;1;0;0;2;0;0;0;0;0;1;1;0;3;0;0;0;4;0;0;0;;0;0;4;0;0;9;1;0;0;1;2;3;0;0;0;0;0;0;0;1;1;0;0;8;0;16;0;0;0;0;1;0;0;3;;3;4;;0;0;0;0;0;1;0;;0
03404000;7;0;3;0;0;7;1;1;1;0;0;2;0;0;0;76;0;63;42;60;25;1;41;16;40;20;330;82;53;158;0;52;70;45;53;160;17;106;30;127;0;58;14;17;62;190;45;;10;70;141;32;117;35;8;89;74;0;10;50;17;73;0;33;3;21;0;4;0;5;3;1;9;6;6;13;0;0;7;55;0;1;0;0;0;0;0;0;10;0;0;58;0;0;0;169;0;11;0;1;0;9;0;1;0;15;2;0;0;2;0;0;4;0;0;0;5;10;0;0;1;8;0;0;0;0;0;1;0;0;3;0;0;0;0;7;0;1;3;3;0;0;0;6;1;0;0;0;0;0;0;0;0;3;2;;1;0;1;0;0;2;14;1;6;5;0;0;4;0;0;2;0;2;0;6;4;0;20;0;0;4;2;5;0;0;0;0;2;0;1;0;0;0;0;0;4;0;1;3;0;1;1;15;2;1;0;4;0;0;1;0;0;3;7;0;9;3;0;1;1;0;2;12;2;0;0;0;1;2;2;;1;2;1;0;2;1;0;1;0;5;3;1;;;2;0;0;0;0;1;0;;0;;;0;1;0;0;1;2;;;1;0;0;3;0;1;0;;;6;;;0;1;1;;0;1;5;1;0;1;;0;0;;5;0;0;0;1;0;2;2;4;0;0;;3;5;;0;;0;2;0;0;4;0;0;1;2;0;0;1;1;0;0;0;80;0;2;0;15;0;0;0;0;3;0;;2;;0;0;0;1;3;3;0;6;2;0;0;0;0;0;0;0;0;0;0;0;2;3;0;12;0;0;0;0;4;3;0;0;1;2;;;1;0;0;0;0;1;6;;0;4;0;0;3;;0;0;3;;0;0;0;0;;0;;
03405000;2;11;3;0;0;9;12;1;5;8;5;6;0;0;4;57;6;0;0;3;2;2;1;0;8;0;12;1;0;6;4;0;0;0;0;0;3;7;0;3;0;0;4;5;0;0;0;0;;15;0;11;12;240;5;2;0;0;13;0;0;39;0;4;2;0;0;3;0;0;0;0;0;5;0;0;0;0;4;6;0;0;1;0;1;0;0;0;0;1;0;0;0;0;5;7;0;0;1;0;2;0;19;0;0;0;21;0;0;0;0;0;1;0;8;0;2;0;1;0;;0;7;0;0;0;1;3;0;0;2;0;0;0;0;0;0;0;1;2;0;0;1;5;2;;0;;4;5;3;0;0;2;0;0;;1;0;0;0;2;1;3;;0;0;;0;1;1;;0;;;3;0;0;0;1;9;0;0;2;0;1;;2;;3;0;0;0;0;;2;0;1;0;0;2;1;0;2;0;;6;;0;1;0;0;0;0;6;0;;0;3;1;0;0;1;0;0;1;;0;2;0;0;0;;2;1;0;;3;0;0;;0;0;1;0;0;0;0;2;;;0;0;0;;;0;;0;;;0;0;;;1;;0;2;0;;;1;1;2;0;0;0;1;1;1;1;0;5;;0;0;1;;3;2;;2;;0;0;1;1;;0;0;3;0;2;1;0;1;0;;0;;0;3;;2;2;;0;0;;0;0;1;1;0;0;1;;3;0;2;1;0;3;2;1;0;0;0;0;1;1;0;4;2;0;3;0;1;3;2;0;3;1;2;2;1;0;0;0;1;1;0;0;0;0;1;0;0;0;0;0;0;0;4;4;0;1;0;0;0;5;0;;0;1;1;;;0;0;;0;;;0;;;0;0
03451000;1;2;1;1;5;0;0;2;0;2;0;0;0;3;0;6;0;1;0;0;0;0;0;0;0;0;0;6;3;4;0;8;0;0;0;0;1;0;0;7;0;4;0;0;0;0;0;0;0;;0;65;0;19;0;40;0;0;0;9;0;0;0;2;0;0;1;0;0;0;2;0;0;7;0;0;3;0;5;0;0;8;0;0;0;2;0;0;0;;0;14;0;2;0;0;0;0;0;0;;0;0;0;0;0;0;0;1;0;5;0;0;0;6;0;1;0;;0;0;4;2;3;0;0;;4;0;0;0;0;;0;1;0;1;;2;0;0;3;0;0;0;1;;0;0;1;0;0;1;3;0;;;0;;0;1;4;2;;0;;0;1;;;1;1;0;0;0;0;0;0;0;2;0;0;0;0;0;0;;5;;0;0;;2;0;0;1;5;;0;2;;0;;0;1;8;0;1;2;0;2;0;0;7;0;2;0;2;0;3;1;;0;9;1;1;;5;0;1;0;0;0;1;0;0;0;;3;;0;1;0;1;0;;;;0;;2;0;0;;3;0;;1;0;1;;0;;;0;0;;;0;0;5;0;;;0;0;0;;;;;1;0;0;;2;;;;;;;1;4;3;3;0;0;;1;0;;9;;4;;;2;1;4;;2;0;2;1;;0;0;1;;0;;1;5;0;;0;0;4;0;0;0;0;0;3;1;5;0;0;1;1;5;0;7;0;0;0;3;0;0;0;1;0;0;0;0;3;0;0;0;0;10;1;0;3;6;9;0;3;1;0;1;1;0;0;0;0;0;2;0;2;1;0;0;0;1;6;;;;4;0;1;0;;;0;;;
03452000;3;4;5;0;6;0;1;1;1;0;3;18;0;2;7;36;0;5;3;0;0;0;0;0;0;0;37;0;2;13;0;4;0;0;0;5;1;8;3;0;0;0;0;9;2;98;0;0;18;58;;20;28;0;21;138;20;0;23;0;0;18;4;0;0;0;0;0;0;0;0;0;0;0;0;0;0;0;0;0;0;0;0;0;2;7;0;0;0;0;0;29;8;0;3;8;0;0;0;1;0;0;2;0;0;0;0;0;0;0;0;0;8;0;0;0;2;0;2;2;0;0;0;0;0;0;0;0;0;0;0;0;0;4;0;0;0;0;1;0;0;0;1;0;0;0;0;4;0;0;6;0;0;1;0;0;5;0;2;2;;7;0;0;;1;12;;0;0;0;1;0;4;0;;0;2;0;0;0;0;0;0;0;0;;0;0;0;2;2;0;0;0;0;0;0;0;0;0;1;2;0;0;;0;2;0;4;0;5;0;0;10;0;0;0;3;4;1;0;0;0;0;0;;1;1;0;0;0;0;0;3;0;0;2;0;0;0;4;0;1;0;1;0;;4;;2;;9;;0;;2;0;0;0;2;3;;1;1;;0;0;0;0;1;2;3;0;0;;1;1;;;;2;0;0;1;0;1;0;0;0;0;0;;;6;0;1;0;1;0;0;0;;;0;;1;0;0;0;1;1;0;4;2;0;0;0;0;0;;0;3;5;0;;4;;0;0;5;0;0;4;0;0;1;1;0;3;5;0;1;0;5;0;0;4;0;3;0;5;0;0;0;0;5;2;3;0;2;0;0;2;1;2;0;0;1;0;0;5;0;1;0;0;2;0;0;0;1;0;;4;0;0;5;1;0;0;1;;3;;;0;;1;0;1
03453000;0;0;3;0;0;3;0;1;0;2;0;0;0;1;4;48;0;0;19;0;2;1;0;0;0;0;0;0;0;11;0;0;2;0;0;0;0;2;0;0;0;2;0;0;0;0;80;0;0;0;0;;0;0;0;16;0;0;96;0;0;50;0;10;0;0;0;0;0;0;2;0;0;0;0;0;0;2;0;3;3;0;0;5;0;0;0;0;0;;8;31;3;1;0;0;0;0;0;3;0;1;9;3;2;3;1;5;0;0;3;0;0;0;3;0;0;0;3;0;6;2;3;0;0;4;0;3;0;2;0;7;0;3;2;5;0;2;0;1;2;0;2;0;0;0;4;0;0;0;0;;0;2;8;0;;4;0;0;;0;0;3;3;3;0;;0;0;0;0;0;1;1;1;0;0;0;2;0;;4;0;0;2;;0;1;;0;;3;3;7;0;5;0;5;0;0;0;0;;0;2;3;0;0;1;2;0;2;3;0;0;0;2;0;1;1;0;2;0;0;3;0;;0;0;;;4;2;0;0;4;1;0;;1;0;;;;0;0;;0;;2;;4;;0;;0;;1;0;;;0;;3;0;;;;2;0;3;;;;0;1;2;1;1;;0;;0;;2;3;2;2;;0;3;0;;;0;5;0;0;1;;0;2;1;1;3;;0;0;1;;1;2;0;0;0;1;0;0;1;0;0;;0;0;1;1;0;1;1;0;0;0;0;2;1;0;0;1;0;4;0;0;1;0;0;0;1;4;7;7;3;;0;5;0;0;0;0;0;0;0;0;3;1;3;4;2;0;0;7;3;0;1;0;5;0;0;0;0;0;0;0;0;0;4;1;0;1;0;0;0;;1;2;0;0;1;0;0
03454000;7;8;0;6;2;0;0;8;5;0;0;0;0;1;3;6;0;0;24;0;7;0;7;10;2;0;77;0;5;3;2;3;0;0;1;0;2;8;11;12;0;14;2;0;1;0;0;0;0;1;0;4;;5;33;0;0;0;0;5;0;44;1;14;4;0;8;12;0;5;0;0;3;0;0;0;0;0;10;48;3;15;0;0;0;0;0;8;0;0;0;72;0;0;0;0;14;18;0;1;0;0;0;6;29;0;18;3;0;0;10;1;0;0;0;0;0;0;2;0;0;1;0;0;3;0;0;0;0;0;0;0;0;3;2;1;0;16;1;5;0;0;1;0;0;0;1;0;0;1;4;3;0;0;0;0;10;0;0;0;4;0;8;0;0;2;0;;0;0;0;0;2;0;0;0;0;0;0;0;6;0;0;0;8;9;0;3;4;3;0;0;0;0;1;6;0;0;10;0;0;2;0;4;1;0;8;4;0;0;3;7;2;0;0;2;0;4;1;0;4;0;3;1;1;0;0;0;;0;0;0;0;0;0;8;1;0;5;0;0;1;0;0;2;0;0;0;0;0;0;0;2;4;1;0;0;1;0;;;;0;0;;0;2;0;0;0;2;0;1;2;3;0;;3;0;1;;0;;0;;;0;0;0;0;0;2;0;0;2;0;2;0;0;0;3;0;0;2;3;1;10;0;0;0;0;1;0;0;1;7;0;0;2;3;0;2;3;5;5;4;;5;2;0;8;0;0;0;5;0;0;2;0;0;0;0;3;0;7;7;3;0;19;0;2;0;0;2;0;4;0;0;1;0;0;0;0;1;2;0;7;0;0;0;0;0;1;0;0;2;0;2;0;7;0;1;0;0;6;1;0;3;0;0;0;;0;0;1;0;0;0;0;
03455000;0;9;2;0;3;0;8;0;7;2;10;2;0;3;2;12;0;0;0;4;4;0;0;0;2;0;6;0;4;0;0;6;4;1;1;3;0;0;0;0;0;0;0;11;8;0;0;0;0;0;10;4;0;;0;15;0;0;0;0;0;8;2;0;1;0;1;0;0;0;0;0;0;0;0;0;0;1;0;0;0;0;0;0;0;0;0;0;0;0;0;4;2;0;0;3;3;0;0;0;0;0;0;0;0;1;3;0;0;0;0;0;0;0;0;0;1;0;0;0;0;0;0;0;0;0;1;0;0;0;0;0;0;7;0;2;1;2;0;0;8;0;0;0;0;0;;1;0;0;0;0;0;1;0;0;0;0;5;1;0;0;2;;;;;;0;;;;;0;;0;4;;3;1;0;0;0;0;1;5;0;0;1;1;7;;;0;0;0;1;1;0;1;2;1;0;1;0;0;0;;0;0;1;;0;0;4;;;2;0;1;1;0;2;0;0;;6;;;0;;0;0;0;0;0;3;0;0;;;3;0;;;;2;;;0;0;0;0;2;;3;0;;;;;1;0;;0;3;;0;1;;;1;;0;0;;0;;4;;;0;0;3;0;2;0;;2;;;1;0;;0;2;0;1;;0;0;;0;0;2;0;0;;0;0;1;1;2;;0;1;0;0;2;0;;0;0;4;0;;0;1;0;0;0;1;0;0;3;1;0;2;1;1;0;0;;5;0;4;7;0;5;4;0;0;0;;0;;3;0;1;0;0;5;1;;;0;5;0;0;0;0;0;0;1;0;0;0;1;0;0;4;;;0;1;;;;1;0;;0;0;0;;;0;0;;0
03456000;0;6;4;;0;;0;0;0;0;0;;0;2;0;28;0;0;11;4;0;3;2;2;0;0;12;0;2;0;7;6;0;0;0;0;;1;1;0;0;3;0;0;5;6;0;0;0;13;0;1;0;11;;0;0;0;4;0;0;17;0;10;0;0;0;0;0;9;;0;0;0;1;0;0;0;0;8;0;12;1;0;2;0;4;10;0;0;7;22;0;0;0;26;0;18;0;3;0;5;4;0;2;0;0;0;0;0;2;4;2;0;0;0;0;3;;0;0;0;0;0;0;0;0;0;0;1;1;0;1;4;1;0;0;2;0;3;0;4;0;5;0;1;;;0;1;0;0;3;0;0;0;6;0;;0;1;1;5;;1;0;2;0;0;0;0;0;0;1;;1;0;;0;1;1;2;0;4;0;0;3;0;0;0;3;1;0;0;0;0;0;0;0;6;0;;;0;0;1;0;0;0;0;1;4;1;;3;0;3;0;0;0;0;0;0;12;2;0;1;0;2;;;0;0;0;0;1;;;0;;0;0;2;;;3;;;0;;0;0;6;0;2;3;;;0;;;;0;3;0;;;;0;0;;0;0;0;3;;6;;0;0;;0;0;1;;;;2;;0;1;;2;1;1;0;0;0;0;;0;;2;;3;;;1;0;;0;0;1;1;;0;;1;0;;;0;0;;0;0;1;3;1;0;;2;;3;0;;0;0;0;1;0;0;0;0;0;0;0;6;0;;;0;;0;0;0;0;1;3;1;7;0;0;2;;4;8;;0;0;2;;0;0;1;0;2;4;2;;1;;0;1;;0;;0;1;;1;;;;0;1;1;1;;
03457000;0;2;8;0;0;2;0;0;2;0;10;0;0;0;0;4;0;0;0;0;0;3;5;0;0;0;7;15;3;12;2;0;0;0;0;0;;0;0;0;0;5;0;0;0;12;0;0;0;0;0;0;25;0;3;;7;0;26;0;0;30;0;0;0;0;2;0;0;0;5;0;0;0;0;0;0;0;0;0;0;2;2;0;2;0;0;0;0;0;0;30;0;0;0;0;0;1;0;0;2;5;1;0;0;0;3;0;0;0;0;0;8;0;0;0;0;0;0;0;1;1;0;1;0;0;0;0;0;0;0;0;0;5;1;0;0;1;0;0;1;0;0;3;4;2;0;1;0;0;0;0;1;0;3;1;0;4;2;;0;1;4;;0;1;3;;0;0;0;0;0;;;1;0;;0;5;0;0;0;0;0;0;0;0;0;1;0;;0;0;0;3;0;0;0;0;0;2;0;3;0;0;2;;0;;0;4;0;0;0;6;3;0;0;0;0;0;0;0;0;0;0;0;0;0;0;0;0;0;0;0;0;0;1;2;1;0;;1;0;;2;1;9;1;;0;0;0;0;2;1;0;0;;1;0;;0;1;0;;0;;2;;0;0;;;0;0;1;0;;;0;0;0;0;0;0;0;;5;0;0;0;;1;1;1;0;0;1;1;1;0;0;4;;0;1;0;5;0;1;3;5;0;3;0;1;0;0;1;0;1;1;0;0;1;0;0;0;0;2;0;;0;;1;4;1;0;1;0;0;0;3;1;1;0;4;9;1;7;0;0;;3;0;0;0;1;0;6;1;0;;1;0;2;0;2;0;6;2;0;0;0;;4;5;0;0;0;0;2;0;0;1;1;0;0;1;1;1;0;;1;;0;0;3
03458000;0;8;6;1;1;0;2;0;0;6;8;0;1;2;4;4;0;0;5;1;14;1;4;0;0;0;39;0;0;0;0;10;0;11;0;0;0;1;10;1;0;11;0;0;0;0;0;0;5;83;0;71;0;4;7;0;;0;59;2;0;0;0;1;0;2;0;0;;0;3;;0;6;0;10;0;0;0;5;;1;0;0;0;0;0;0;0;;0;5;4;0;0;3;1;0;0;1;0;0;7;0;0;7;6;6;5;5;0;0;;0;5;0;0;2;3;3;0;2;0;0;2;0;0;0;0;0;0;0;0;4;4;0;0;0;2;0;1;0;0;1;2;0;2;;2;0;1;1;0;0;3;0;;;0;;;0;1;;;;1;;1;0;1;0;0;0;0;0;0;1;1;3;0;0;1;2;2;0;0;0;;;0;2;0;0;0;0;2;4;0;0;0;1;0;4;2;0;3;;0;;0;0;0;0;0;0;0;0;0;2;2;;0;0;1;;0;2;0;1;2;2;2;;;;;0;2;0;;1;;0;1;;;;0;1;2;1;5;;;;;;1;;0;0;;2;0;0;;0;1;0;;0;;;2;0;;;1;;;0;2;0;;0;2;;3;;;0;;;1;1;;;;;1;1;;0;0;;0;;1;0;1;0;0;3;1;0;0;;0;0;8;1;1;0;0;2;2;3;0;0;0;0;0;0;2;1;0;1;3;0;0;0;0;1;1;1;0;0;0;0;0;0;0;0;0;2;0;0;1;0;0;3;2;2;;0;0;3;0;0;0;2;;;2;0;0;0;;0;0;0;;2;0;;0;1;0;0;0;;1;0;;;;;;1
03459000;0;1;10;7;0;9;2;4;16;0;0;0;0;0;0;36;92;189;115;289;99;36;134;124;210;290;1438;235;108;320;13;106;293;203;319;522;38;449;146;307;0;224;72;39;216;56;335;331;72;186;379;287;505;179;218;218;203;;125;151;119;0;3;8;1;10;0;0;0;1;0;0;0;8;4;9;0;0;0;0;1;0;1;0;2;4;0;0;0;0;0;4;0;0;2;0;0;0;0;0;0;0;85;19;0;3;0;3;12;1;0;0;0;0;1;0;0;9;4;0;3;2;0;2;0;0;3;0;2;0;0;1;0;0;1;0;0;3;4;0;0;1;0;3;3;2;0;4;0;0;2;1;0;1;0;0;2;4;1;0;0;3;1;4;0;0;0;1;3;1;;0;1;0;1;0;0;;0;0;0;6;0;5;3;0;0;3;0;1;3;5;0;0;3;2;21;8;0;0;0;2;0;0;0;0;2;3;3;0;1;15;6;0;2;0;0;0;1;1;0;0;0;19;1;0;1;4;1;1;1;0;1;0;6;0;3;0;9;2;6;1;0;0;4;1;0;3;12;0;0;0;1;0;0;4;2;;1;1;0;2;2;0;0;1;;0;3;0;2;3;0;0;0;4;;;;2;0;0;0;0;1;4;0;4;0;0;0;2;0;1;0;0;0;4;2;0;2;5;2;0;11;;1;3;1;0;;0;2;0;0;0;0;2;0;0;2;3;0;;0;0;0;2;2;1;5;0;4;1;0;6;0;0;0;0;0;0;2;0;9;0;13;0;2;6;0;1;0;5;5;0;12;0;0;0;2;0;1;0;0;0;0;0;0;0;0;18;0;0;0;4;0;1;2;3;1;8;0;10;0;1;0;;2;0;5;;1;4;0;3;0;1;3;0
03460000;0;0;2;0;2;4;2;5;8;0;0;4;0;5;2;74;1;0;0;1;0;7;7;3;3;0;0;30;0;0;2;11;11;0;4;4;0;0;5;0;0;0;0;0;0;0;32;0;0;5;0;0;2;3;0;0;0;0;;8;1;0;5;4;0;0;0;0;1;1;0;0;3;0;9;0;0;5;9;5;1;7;0;7;0;0;2;0;0;3;7;9;1;6;0;0;3;0;0;0;1;1;0;0;2;0;7;0;0;0;0;4;0;0;0;2;0;3;3;1;0;0;0;0;4;2;;3;;0;0;;0;0;0;7;0;1;4;1;2;0;0;6;;0;5;2;6;0;0;6;1;0;0;;0;;0;0;;1;3;0;0;0;0;0;0;0;;0;0;;0;4;3;0;0;0;0;2;9;0;0;3;;0;3;1;;;2;0;2;0;10;;0;1;2;0;;0;0;;3;;;2;0;;2;0;1;0;;1;1;2;1;1;2;10;0;;1;;1;;0;2;1;2;;1;0;4;0;0;0;0;5;;;0;2;;0;;6;1;;;0;;3;;0;5;0;;2;0;4;0;0;0;0;0;;1;;0;;0;0;;0;;7;;;0;;3;;0;0;0;1;1;;0;9;0;0;0;0;;0;1;0;;1;;;;;2;1;0;0;;6;0;0;0;1;1;;0;1;;5;1;;2;0;1;0;;0;3;4;;;0;1;5;;0;;0;0;3;0;2;1;0;0;0;1;4;0;0;0;0;3;;1;2;0;0;0;1;4;0;0;0;0;3;0;0;;0;0;2;0;7;5;0;;0;1;0;;;;2;1;;0;;0;1;;6;2;0
03461000;0;4;4;;0;2;0;9;0;1;4;1;0;2;8;32;0;3;;0;0;1;0;5;2;0;0;0;4;0;2;0;0;0;0;0;0;0;0;0;0;16;0;14;0;0;0;0;10;0;11;8;0;7;4;9;0;0;0;;0;0;0;0;0;4;;1;0;;0;0;0;0;3;2;0;7;6;2;0;0;0;0;0;1;0;0;0;0;0;2;0;5;1;4;0;12;0;1;0;5;3;0;6;2;0;0;1;0;1;0;0;0;0;0;3;0;0;0;0;0;0;0;1;0;0;;;0;0;0;0;1;0;0;2;;1;0;0;0;0;;0;0;0;;0;3;;2;0;0;;;;;1;0;1;0;0;;;;4;;0;0;0;0;0;1;3;2;;0;3;1;3;0;0;0;0;1;0;;0;1;1;;0;0;2;3;0;2;0;1;1;0;0;0;0;1;7;0;0;0;0;2;1;;1;;0;0;0;0;0;0;;7;;;0;1;0;1;0;0;1;0;0;0;;1;0;4;0;0;0;0;;;;;0;;;0;2;;;;;1;0;;;;;;1;;;;;;;;;0;;;;;;;;2;;2;;;0;;;2;2;;;0;;0;0;0;1;;;3;;0;0;;;;;0;0;4;0;;0;;0;1;2;;0;;;;0;1;1;0;2;0;1;4;1;1;0;5;5;0;4;1;;1;0;0;0;0;0;3;0;0;2;0;2;1;2;6;0;0;0;1;;0;0;;;5;0;;2;;0;3;0;0;1;2;0;0;0;1;2;;0;6;0;0;;;2;1;0;;;0;1;2;;0;1;
03462000;0;0;0;2;0;4;0;0;0;;2;2;3;1;0;0;0;4;13;2;3;0;1;0;0;0;34;0;0;0;0;3;0;0;0;0;0;0;5;0;0;1;0;5;0;3;0;0;43;44;22;0;4;15;3;37;5;0;0;19;;0;2;0;0;0;0;0;0;0;0;0;0;0;0;0;0;0;4;0;0;0;0;0;0;0;0;0;0;0;1;0;0;2;0;0;0;0;0;0;0;0;0;5;3;1;1;0;0;0;0;0;0;4;0;1;0;3;0;0;0;0;0;0;0;0;0;0;;0;2;1;0;2;;3;3;2;0;0;0;1;4;0;0;0;0;;0;0;0;0;;;1;1;;;;0;;;0;;5;0;;;0;1;;0;0;0;;;0;;0;0;0;;0;0;;0;;0;;;1;1;0;0;;0;0;;7;0;;0;2;1;2;0;0;;0;;0;1;0;0;0;;0;0;2;0;0;;1;7;;0;0;1;;0;2;0;0;0;0;;;0;0;0;1;;0;;1;1;;;0;;;;;0;2;;1;;;;0;;0;;;1;;;;;;;5;;;0;;;0;;;2;0;0;1;0;;0;;;0;;0;1;0;1;0;;;0;0;;0;;1;0;;;;2;;1;0;2;1;0;;1;0;0;0;0;;1;5;;;0;1;1;;;0;0;0;;;0;0;2;;0;0;0;0;0;2;2;0;0;0;0;1;0;9;0;0;;0;;1;1;;0;;0;0;1;4;;;0;0;;;0;0;1;;;2;;;0;;6;;;0;0;;;0;;;0;;1;0;0
04011000;15;0;0;0;20;1;0;20;13;0;3;0;15;7;17;146;2;0;0;0;0;0;9;0;0;0;0;715;0;0;4;0;0;0;31;0;0;0;271;0;0;3;0;311;282;0;0;0;0;31;0;0;0;0;0;0;146;66;4;51;2;;327;46;2;18;0;8;0;2;0;0;0;0;0;1;6;0;0;10;0;0;0;0;2;3;0;0;0;5;0;0;0;0;0;0;6;3;0;1;4;0;0;0;0;0;0;6;11;2;0;0;0;0;0;2;0;25;0;0;3;0;5;0;10;4;4;0;4;0;0;0;3;0;0;0;0;0;0;0;0;0;5;0;0;0;0;0;0;0;0;0;0;0;0;0;1;0;0;0;0;0;0;0;0;2;0;0;0;5;0;0;4;0;2;0;0;0;0;0;11;0;0;0;1;0;4;3;3;0;0;0;3;17;4;0;9;0;8;0;8;0;0;20;6;0;0;0;2;0;5;0;0;7;0;0;5;1;0;16;3;0;7;63;0;0;0;17;0;0;2;0;3;0;0;0;0;1;14;0;7;0;0;8;0;1;0;14;1;0;0;0;8;0;0;2;0;1;5;0;0;0;0;2;1;0;;0;0;0;0;1;5;0;0;3;4;1;0;0;2;5;1;0;1;5;2;3;0;5;0;0;0;0;1;2;0;0;0;1;0;0;0;0;0;3;0;4;7;7;0;5;0;3;3;2;0;3;5;0;0;0;2;0;0;0;0;6;5;0;0;0;6;0;6;0;11;0;0;0;2;0;0;0;0;0;0;0;0;0;0;0;0;0;0;0;0;0;0;2;5;0;0;0;0;0;0;4;2;0;3;16;0;0;0;0;0;0;0;0;0;0;0;0;0;0;0;0;0;0;1;0;1;0;0;0;2;0;0;0
04012000;0;0;0;0;0;0;2;7;0;4;0;0;0;0;2;31;11;0;6;0;0;0;0;0;3;0;35;0;7;0;0;0;1;0;269;3;;4;0;0;0;0;2;0;2;1;25;9;1;16;0;0;0;0;1;4;4;0;0;13;0;0;;7;4;10;1;4;0;1;0;0;2;1;0;0;0;4;0;14;0;0;0;7;2;0;5;1;3;0;4;1;0;0;0;4;0;1;0;0;0;0;6;6;2;0;3;5;0;0;0;0;0;0;0;2;5;10;0;4;0;0;1;1;0;2;0;0;0;0;0;0;0;0;;0;5;0;3;4;0;0;0;0;3;0;5;4;0;0;0;6;0;0;4;1;;0;;0;0;1;0;;;0;1;;0;0;;0;0;0;0;1;0;;0;0;1;0;0;2;1;0;1;3;0;0;0;0;0;0;0;0;0;2;0;0;0;3;0;12;1;5;3;0;0;0;0;4;0;0;0;0;0;8;0;0;2;0;1;2;0;1;0;;0;2;1;1;0;;1;;1;0;5;0;2;0;0;2;1;1;0;;3;;0;1;1;;0;;;0;0;0;0;0;1;;2;0;;0;1;0;;;1;0;;;0;2;0;1;3;0;3;6;;1;0;2;1;0;0;0;1;2;0;0;3;3;;0;0;0;2;0;1;1;0;;2;4;;0;1;1;1;0;0;0;3;0;0;;0;;0;0;0;0;5;0;1;0;0;3;0;0;0;3;0;0;;3;2;0;0;0;1;6;0;0;0;0;0;6;1;2;0;3;4;0;1;0;1;0;1;0;0;1;0;1;0;12;0;0;3;0;0;0;0;0;0;;0;0;0;4;;;0;;1;;0;0;0;;0;0;;0
05111000;1;0;0;2;0;0;11;0;0;12;0;16;0;7;9;195;0;0;0;0;0;8;0;0;9;0;0;0;0;0;0;4;8;0;5;23;3;0;0;0;0;0;1;5;0;0;0;0;0;0;3;0;0;3;0;5;0;0;0;7;12;0;0;;250;0;96;78;43;0;0;99;0;0;1394;1119;239;0;0;0;0;0;0;0;0;26;0;0;0;0;0;0;0;1;0;0;0;0;0;2;0;0;0;0;0;0;0;0;0;0;0;0;0;0;0;0;0;0;0;0;0;0;0;8;0;34;0;0;1;0;0;0;1;0;2;0;0;0;0;0;0;0;0;8;0;0;0;4;0;0;0;0;0;0;0;0;9;0;0;0;3;0;0;0;2;3;0;5;0;0;0;0;1;0;0;0;0;0;0;0;0;0;5;0;0;0;0;0;1;0;0;0;0;0;8;0;0;4;0;0;0;0;0;4;1;9;1;0;0;0;0;0;14;0;0;4;11;0;0;2;5;0;10;137;0;0;15;6;0;4;1;0;0;3;10;3;6;3;14;1;9;0;4;13;0;8;0;0;0;1;3;0;0;0;0;0;1;5;0;0;0;0;0;0;0;2;0;0;0;1;0;0;3;0;3;4;0;6;1;0;2;0;0;0;0;0;1;0;0;1;7;2;14;0;0;2;0;0;1;5;0;0;2;3;0;0;0;0;2;10;1;0;11;7;0;1;0;0;0;0;2;0;0;0;37;1;0;0;5;0;0;0;4;0;0;1;0;0;13;0;0;10;0;0;7;3;0;4;2;0;1;0;0;0;0;1;0;6;1;0;0;0;0;1;0;0;0;0;0;0;4;0;1;3;3;0;7;1;0;0;0;3;0;0;0;2;0;0;0;6;0;0;0;1;0;0;0;0;0;0
05112000;0;6;0;5;4;0;0;0;7;0;6;13;0;3;4;2;0;0;4;0;0;4;0;3;4;0;0;4;0;0;8;0;0;0;0;2;5;1;;8;5;0;0;6;1;0;0;0;0;5;27;5;0;0;3;25;3;0;2;4;2;0;0;0;;112;17;0;66;180;0;20;0;125;0;0;3;584;0;0;7;1;0;0;0;0;2;0;0;44;32;15;38;0;78;0;6;0;14;0;0;0;0;0;0;4;29;0;20;0;1;0;0;0;0;0;9;16;0;0;0;0;0;0;8;0;4;0;0;0;0;0;0;0;4;0;6;0;2;4;0;15;0;2;0;0;0;1;9;9;1;3;0;0;0;7;0;1;0;0;3;0;0;0;1;2;2;0;5;2;0;0;5;2;0;3;6;0;0;0;0;0;0;8;1;9;0;6;3;0;3;2;1;12;2;0;3;5;10;0;0;6;1;0;8;6;0;0;6;0;2;15;0;0;0;0;4;0;0;6;0;0;0;2;0;4;0;0;2;6;1;0;12;4;0;0;0;0;3;2;4;0;0;0;0;0;0;0;0;4;0;0;0;0;4;2;0;0;0;0;2;0;0;0;8;1;;3;2;1;0;0;0;0;0;0;0;;1;0;0;3;0;0;;3;0;0;0;9;1;0;0;0;5;0;0;;0;7;2;0;2;3;0;0;0;3;0;0;0;0;2;6;2;2;0;0;0;0;6;0;4;3;0;4;0;0;4;0;4;0;0;0;0;0;3;0;9;0;1;0;0;0;2;0;11;0;1;0;2;0;0;0;0;0;0;0;0;0;1;0;0;0;0;0;0;0;0;0;0;6;1;0;0;0;0;3;0;0;0;0;0;0;0;0;4;0;6;0;0;2;4;0;1;0;;0;0;0
05113000;0;0;13;3;2;10;0;13;0;0;0;0;13;5;0;93;10;7;0;8;0;2;0;0;5;0;31;0;5;5;5;8;0;1;16;0;0;2;1;0;6;2;0;0;0;0;0;0;8;10;40;4;2;5;15;3;0;0;10;0;2;0;0;80;0;;0;0;507;69;0;21;236;1444;870;1088;207;370;75;105;13;8;218;0;180;32;18;0;82;181;189;343;200;38;1091;387;0;0;0;112;77;11;0;82;36;0;27;66;197;0;0;0;14;1;595;170;14;18;0;1;9;3;15;5;0;8;0;12;10;4;0;0;0;29;2;3;5;0;6;1;6;0;0;1;8;0;0;2;7;0;0;0;7;0;0;0;0;4;0;10;0;0;0;4;4;0;0;0;0;0;0;1;0;6;0;0;0;0;0;4;21;0;0;0;0;0;0;0;0;0;0;0;21;0;3;0;0;0;0;0;7;0;0;0;8;0;4;0;1;3;0;20;2;5;0;0;0;0;4;0;1;6;0;13;4;0;0;0;9;0;0;4;4;0;0;2;0;3;9;5;5;6;0;0;5;0;0;0;0;0;0;3;0;1;0;;0;4;2;3;0;0;0;0;0;0;0;0;7;0;0;0;3;0;0;0;0;0;;0;3;1;5;6;0;2;5;0;7;0;0;0;0;1;0;0;3;0;0;0;0;3;6;5;19;1;0;;0;3;0;0;0;6;0;0;0;0;0;4;0;0;0;2;0;0;0;0;0;9;4;0;0;0;5;2;0;0;5;0;3;2;9;0;0;0;4;0;4;0;0;0;0;0;0;0;9;0;0;0;7;0;2;0;0;0;0;0;0;0;0;0;0;0;10;0;1;1;0;0;0;0;5;1;0;0;0;0;0;0;0;;0;0;0;0;0;0;;0
05114000;1;2;0;2;1;0;1;1;0;3;2;4;0;0;3;32;3;0;1;0;0;;0;;2;0;19;2;0;6;0;2;0;7;5;0;0;3;0;5;2;2;1;1;6;2;0;2;3;0;13;2;0;0;2;0;0;12;0;;4;3;0;0;0;38;;0;0;0;0;2;0;53;0;0;155;88;6;12;8;0;0;0;0;29;0;8;0;5;13;33;0;0;0;0;0;4;0;0;0;4;3;0;0;26;3;0;0;0;0;0;0;4;0;0;0;8;0;0;0;1;0;13;0;5;0;3;0;1;0;0;5;0;7;0;0;3;5;3;0;1;0;0;1;2;;0;2;0;0;0;0;12;1;1;2;5;3;0;0;0;0;0;0;1;0;;0;6;1;5;3;0;2;0;0;0;14;0;0;0;6;5;0;3;0;0;;2;1;3;2;4;0;7;0;0;0;;2;0;0;0;3;1;0;;0;1;5;2;0;2;0;2;0;0;0;0;0;0;3;24;2;0;3;0;3;0;0;6;5;0;3;2;0;0;6;0;2;5;0;7;0;0;0;;0;;1;2;7;2;0;;5;;0;;1;0;;;0;0;1;0;3;3;0;0;2;0;;0;0;0;1;1;;1;0;2;;0;2;;0;6;0;0;1;;4;0;2;0;1;0;0;0;3;;7;1;2;0;3;0;2;1;0;2;0;2;0;0;7;1;2;0;0;0;0;2;0;0;0;0;0;0;1;4;4;0;1;1;5;0;4;0;0;0;0;0;5;5;0;0;2;0;0;1;2;0;0;2;0;5;0;1;0;0;;0;0;2;;1;0;3;;0;0;0;2;;0;0;0;;0;;1;0;0;1;2;1;1;0;0;;;0;4;;;2
05116000;0;0;1;0;5;7;3;0;0;0;0;6;16;2;3;30;1;0;4;4;0;0;0;;0;0;0;5;0;0;0;0;0;0;2;0;0;6;0;0;0;0;0;1;5;0;0;0;0;5;16;2;0;0;2;3;4;7;0;0;1;0;0;0;53;0;43;;332;2;1;0;351;1775;759;558;897;570;75;23;96;88;354;34;374;533;9;24;237;20;17;466;326;4;920;477;10;6;7;161;119;0;15;222;25;17;32;238;186;28;18;13;62;18;1005;386;0;0;0;3;0;3;0;9;7;8;0;13;0;0;0;0;2;0;3;0;3;2;4;0;5;2;0;0;5;1;0;5;4;0;0;2;0;0;0;0;0;0;;0;0;0;0;1;2;3;2;2;1;3;1;2;0;0;0;0;10;0;8;0;0;1;0;0;2;0;0;0;2;0;1;0;8;7;0;3;3;0;6;0;0;5;2;0;2;0;0;0;1;2;0;0;10;11;0;0;0;0;1;2;0;2;0;0;0;0;0;4;2;0;0;2;0;0;2;0;1;0;0;;1;0;1;6;0;0;0;0;0;3;;0;1;;0;0;0;3;3;;1;1;0;0;1;1;0;0;3;2;1;1;0;;2;;2;0;2;0;0;0;0;0;1;0;0;0;0;1;5;0;2;0;0;3;;0;0;2;0;;0;3;3;;0;1;1;0;0;2;0;4;0;1;0;0;0;0;0;0;0;3;0;7;0;0;0;0;0;2;1;0;0;4;0;0;0;;6;1;0;0;0;0;0;7;2;3;2;8;3;0;0;0;0;4;3;0;0;0;2;7;0;5;0;1;0;3;1;1;0;1;0;0;1;0;1;4;0;2;1;;1;;0;0;0;0;0;0;3;0;;;2;0;;1
05117000;0;3;4;1;5;4;6;0;0;6;0;2;0;0;0;22;1;0;3;4;0;2;0;;1;0;7;0;0;2;2;6;0;12;6;2;5;0;1;2;4;0;;3;;6;0;6;4;3;0;7;2;3;1;6;;0;0;3;3;7;1;0;0;0;22;0;;74;0;9;0;75;26;36;75;184;0;0;2;30;0;31;1;12;17;19;13;0;0;12;32;12;67;20;0;0;2;14;9;10;22;0;18;0;5;0;0;24;16;1;3;7;8;0;3;14;2;0;0;5;4;1;7;0;1;5;2;1;2;0;0;0;0;1;0;0;0;0;2;0;0;0;0;0;0;3;7;6;1;0;2;5;0;0;7;1;3;0;0;0;4;0;0;1;2;;0;;;2;;;2;0;0;0;3;1;6;0;6;2;2;0;0;0;1;0;1;0;1;0;5;6;3;3;7;1;1;0;1;0;2;5;1;;0;0;0;0;0;0;1;1;2;0;0;2;4;1;8;0;3;;1;1;;0;0;0;3;2;1;1;0;3;0;2;1;0;0;0;1;0;4;0;0;0;0;4;0;0;;0;2;;0;0;0;0;3;;0;;0;3;0;;2;;3;0;0;0;;;0;0;2;1;2;0;;0;9;2;1;2;;2;;2;1;1;0;;;0;0;0;;0;0;0;0;;1;0;;;2;9;;;0;1;0;0;0;0;0;0;13;;0;;0;0;0;3;3;0;2;2;1;0;0;;;;1;5;2;0;1;7;0;0;3;0;0;0;0;0;9;2;0;0;0;0;0;0;;0;5;0;0;0;0;2;0;2;1;0;0;0;0;0;0;0;0;0;0;0;1;;0;;1;;2;;;0;;;1;
05119000;1;0;0;0;3;;0;0;0;3;2;0;0;3;4;0;0;;;0;1;2;0;1;0;0;4;0;4;0;0;6;6;2;6;2;12;1;1;0;0;0;5;2;1;0;0;0;0;7;7;1;0;0;0;7;0;0;0;;1;0;0;3;0;0;2;0;0;;0;0;0;35;0;0;0;79;7;11;0;0;0;0;0;0;2;0;0;62;0;17;15;0;25;1;8;0;0;0;0;0;16;0;7;18;10;9;0;2;0;0;0;0;0;0;0;0;4;6;0;1;0;1;0;2;;0;1;1;0;0;0;0;1;0;0;;0;0;7;0;0;0;0;1;6;0;0;5;2;3;0;0;4;3;0;0;;0;0;4;1;;;;3;0;0;;0;0;0;0;0;0;0;0;0;5;0;1;0;0;7;3;0;1;3;;5;;6;0;0;1;0;0;0;1;0;0;1;2;0;0;0;;1;0;0;7;0;5;0;4;0;2;0;6;3;;1;6;0;0;0;3;;0;;1;1;3;2;;2;3;0;0;1;1;;;1;0;0;0;0;;0;1;0;0;0;1;;;0;1;0;0;0;0;0;0;0;0;0;;;2;0;;0;0;;0;0;0;;;0;2;0;4;2;0;0;1;1;0;0;0;0;0;0;0;;0;1;2;2;2;1;3;0;0;0;0;0;0;3;;2;2;;4;2;1;0;0;;;0;0;0;0;3;0;0;0;0;;0;0;3;;3;;0;0;2;0;1;0;2;2;3;4;3;0;;0;8;2;0;0;2;0;1;1;0;0;0;0;0;;;0;0;0;;0;0;0;0;0;0;0;0;0;0;;1;0;;;0;0;2;;2;;0;2;0;0;;0
05120000;0;0;1;0;0;0;2;2;0;0;0;0;0;2;1;2;0;3;;0;0;3;0;0;0;0;9;0;0;2;;0;0;7;8;0;1;0;2;2;;3;0;2;3;0;;0;1;0;9;0;2;3;;0;0;3;4;1;10;1;3;21;6;2;8;0;0;13;;10;0;0;0;0;0;2;2;0;0;14;0;15;0;7;0;0;0;2;11;0;0;0;0;0;3;0;3;0;0;0;4;4;14;0;0;0;13;11;0;14;0;7;0;0;2;4;0;8;1;0;0;0;0;1;0;7;6;0;0;0;0;0;;1;3;;0;7;0;2;1;2;9;1;4;2;0;0;1;0;0;0;1;3;;3;;2;;2;0;;;0;1;;3;0;2;;2;0;0;0;0;0;0;0;0;;0;1;3;3;0;0;1;0;1;1;6;1;0;4;7;0;0;0;5;;1;0;1;0;4;3;1;;0;0;0;2;0;;1;2;4;0;0;1;;11;0;;1;;0;0;1;0;0;;;;0;0;1;;1;7;0;6;1;0;0;;;1;0;0;5;0;3;;3;0;;0;2;;2;0;1;0;;0;0;0;1;;0;5;;;;0;;0;;1;0;0;0;0;;;;;2;;1;;0;1;;;0;;0;;4;;0;1;0;;;0;;0;0;1;4;;;0;0;;0;0;;;14;1;0;;2;0;1;;1;;;;;;3;0;;;;0;0;0;1;2;1;0;0;0;0;;0;0;0;0;0;2;;0;0;1;;0;0;;4;;3;0;;2;0;1;0;0;0;0;1;0;;0;;;0;0;0;1;;;1;0;;0;0;1;;
05122000;0;3;4;2;7;2;11;5;0;3;5;5;7;0;4;0;2;0;2;0;0;2;1;0;0;0;1;0;5;0;0;0;0;5;0;1;;1;;3;0;0;0;0;7;1;2;0;2;0;19;1;34;9;3;3;;1;0;4;4;2;2;0;0;0;0;27;0;3;0;;0;0;0;0;0;0;0;0;0;12;0;0;0;0;0;0;0;0;0;1;2;0;0;0;5;0;0;0;0;0;0;0;5;0;8;0;0;0;8;0;0;0;0;0;0;9;0;1;2;0;1;0;0;0;0;0;6;0;2;0;0;0;0;3;0;0;0;0;3;0;0;7;0;0;4;5;13;1;0;0;12;0;0;2;9;0;;0;1;0;5;;;;0;0;1;0;;;;1;3;0;0;0;0;0;3;2;0;0;3;1;;0;0;3;3;1;0;3;0;0;0;3;4;1;0;1;1;6;0;0;2;;1;;7;0;8;4;0;0;5;1;0;2;0;0;2;0;;0;;2;0;1;1;0;0;0;0;5;;;0;;2;0;0;0;0;0;0;0;4;;6;1;2;;0;0;0;;0;1;;;;;;1;;;1;;;;0;0;0;;;;0;;0;2;1;0;;1;0;;2;2;0;0;2;0;0;0;0;;;0;0;1;1;0;0;0;;0;;0;2;0;;1;0;1;0;0;0;1;3;0;1;0;0;1;3;0;6;0;1;0;;0;0;;4;1;0;;0;;1;0;1;0;3;0;4;1;0;0;5;0;2;0;0;2;1;0;1;0;4;0;0;0;0;4;0;2;0;0;0;1;3;0;;0;3;0;0;0;0;0;0;0;2;0;0;1;4;1;;;0;0;;;1;
05124000;10;0;0;0;0;0;5;10;1;7;12;6;3;6;0;17;0;0;2;1;0;7;1;0;0;0;24;7;1;3;3;0;0;0;12;0;0;6;0;0;0;0;0;5;0;5;16;0;1;5;19;8;0;16;5;10;5;9;0;0;3;12;0;73;24;0;24;0;25;34;83;54;;2;38;48;0;34;0;0;0;18;0;0;7;0;67;10;27;5;22;0;55;14;18;11;21;0;0;0;2;0;0;0;33;38;0;5;13;432;0;15;4;0;29;0;5;1;4;6;11;0;1;0;0;0;0;4;0;5;0;4;8;4;0;0;0;0;0;5;0;4;0;0;9;0;2;0;0;0;0;0;0;5;7;1;0;0;;0;0;2;7;0;0;0;0;;0;0;0;3;2;7;0;0;0;0;0;0;8;0;5;7;3;0;0;1;0;0;3;7;1;3;8;10;0;0;14;7;1;1;0;0;0;0;1;0;8;3;3;6;0;0;5;0;0;8;0;1;0;0;12;15;0;0;0;0;0;0;1;0;0;0;2;0;3;2;10;1;0;0;3;1;0;3;0;1;2;0;0;7;8;0;0;0;0;0;5;0;0;1;0;0;2;10;;0;0;0;0;1;0;2;0;0;0;0;0;0;0;0;0;0;1;0;7;0;1;0;1;0;5;0;2;1;0;0;;1;0;0;3;0;0;1;2;0;0;2;0;0;0;4;6;2;0;1;0;0;7;0;0;0;0;0;0;6;2;0;0;0;3;0;2;0;0;0;0;0;0;0;;0;2;3;5;0;0;10;2;3;2;3;0;0;0;2;0;1;2;0;0;0;8;0;0;0;0;3;0;0;0;2;3;5;0;0;0;0;0;0;0;;0;1;1;3;0;3;0;0;0;0;0;0;;0;0;1
05154000;1;4;0;0;0;1;2;0;0;2;0;0;2;0;0;8;3;0;3;0;6;3;0;4;5;0;0;1;0;0;12;0;3;3;3;0;4;1;0;1;0;5;0;1;0;0;0;0;0;0;18;2;21;5;1;5;0;0;9;0;4;12;0;33;0;0;0;0;0;0;7;2;0;;0;0;0;133;0;0;0;117;0;63;0;101;60;65;77;50;35;28;256;56;0;24;49;0;18;15;0;24;20;0;6;27;23;0;3;27;6;34;0;32;0;0;2;10;3;1;0;7;0;0;0;0;2;0;2;0;8;0;0;11;2;0;0;0;0;0;0;5;0;0;6;7;0;0;0;0;0;0;1;3;5;1;7;0;2;3;4;1;0;0;1;0;1;1;2;0;0;1;1;0;8;4;0;0;6;1;0;0;0;0;2;4;2;0;0;0;1;0;4;0;5;6;0;2;0;4;0;0;0;9;0;6;0;0;2;4;1;5;2;0;4;0;4;0;4;8;0;0;1;0;3;0;1;3;2;0;2;1;2;0;3;;0;0;3;2;0;5;1;0;1;0;0;0;0;2;1;0;6;1;0;0;2;;4;;0;;0;0;2;1;;1;0;0;0;4;;1;0;1;0;;;1;0;0;0;0;0;1;1;0;1;1;0;1;0;0;5;0;0;5;0;0;2;1;4;2;3;2;1;0;0;0;;2;0;3;1;0;2;5;2;5;0;1;0;;13;1;3;2;4;0;0;5;0;2;0;1;6;4;1;0;0;0;0;4;0;3;0;1;0;0;0;2;0;0;3;9;0;0;0;0;0;5;;2;0;3;0;0;10;0;0;1;;0;0;5;6;0;0;2;4;0;0;1;0;;0;2;0;0;;0;3;3;10;1;5;0;;
05158000;0;23;3;0;4;0;9;2;0;11;15;14;5;2;0;0;0;0;5;0;0;;0;5;0;0;0;11;0;0;5;0;1;0;14;0;7;2;0;2;17;0;4;0;0;8;0;0;6;8;41;2;29;7;0;14;2;0;0;0;15;8;1;0;40;0;96;0;0;23;25;354;0;13;;0;96;184;0;0;0;63;0;65;0;75;26;123;24;30;36;34;50;45;0;7;17;0;33;0;0;25;20;0;23;6;0;0;0;91;4;11;0;0;0;0;4;11;3;3;1;0;0;0;9;0;0;4;0;1;0;3;7;6;0;0;1;4;4;3;1;4;4;10;15;4;0;0;13;0;5;3;16;1;6;0;8;10;0;9;2;1;8;1;0;0;3;3;0;1;1;6;0;;1;0;2;;0;0;0;0;2;0;4;8;0;0;2;0;2;0;3;0;3;10;0;0;0;0;0;0;0;11;1;0;2;0;0;3;8;8;2;0;0;1;0;1;0;0;0;1;2;31;0;5;4;0;1;0;0;6;0;0;4;2;4;0;3;2;0;1;11;0;0;0;0;0;1;1;1;0;7;4;2;0;0;1;9;0;0;0;3;;3;5;0;6;0;0;0;0;;;0;0;3;2;1;;0;0;1;0;0;1;0;0;3;1;0;0;0;0;5;5;2;0;1;0;0;0;0;0;0;;0;1;0;1;0;0;1;0;9;0;14;16;0;0;3;0;0;0;0;0;8;0;6;8;0;0;8;5;0;1;1;1;2;3;0;1;1;2;0;4;7;0;8;9;0;3;4;0;0;0;2;4;1;0;3;0;6;0;0;0;0;0;2;0;0;0;0;3;0;0;0;0;0;2;0;0;2;3;1;2;4;3;0;3;1;1;4;4;0;0;3;0;;1
05162000;4;9;1;;5;3;5;11;12;0;0;8;0;1;0;79;2;1;0;2;0;3;5;0;0;0;12;8;1;1;3;0;11;0;19;10;0;0;3;0;0;17;1;0;0;2;6;0;7;9;9;4;15;4;8;27;0;0;5;0;7;0;0;0;27;0;125;0;0;15;6;42;0;100;55;;312;184;0;0;0;61;0;114;0;280;25;1;17;15;6;31;21;4;0;0;42;0;3;0;0;8;1;0;17;0;3;0;0;26;0;0;8;0;0;0;0;22;6;1;11;0;0;0;0;6;1;0;12;0;4;0;5;0;0;1;0;4;7;0;5;0;0;2;0;9;0;0;0;0;0;7;0;0;0;0;20;0;2;2;2;0;0;0;0;0;0;0;12;3;0;0;0;1;3;1;0;0;0;6;4;1;0;4;0;0;2;1;0;1;6;1;1;7;0;5;0;1;2;0;0;2;3;0;6;0;0;0;10;0;6;0;5;0;7;4;2;4;0;12;0;3;1;0;0;0;10;3;6;0;0;0;2;0;0;9;3;0;6;0;3;0;5;0;1;0;0;0;0;;5;3;6;0;1;0;0;0;0;5;;0;0;0;5;0;;0;0;1;0;0;;3;0;1;0;0;1;0;0;8;0;4;3;1;0;4;1;0;3;;0;0;6;0;0;9;0;2;6;0;;0;4;1;1;6;0;0;2;0;0;0;0;2;0;0;0;0;0;0;9;0;0;0;1;2;0;4;1;0;0;0;1;1;1;0;1;;9;0;5;8;0;3;5;7;0;12;0;3;3;0;11;2;0;2;4;3;0;8;1;0;0;0;3;0;0;3;1;3;0;0;0;0;0;3;0;2;0;;1;1;0;0;2;0;0;0;0;2;4;3;0;1;1;1;2;0
05166000;1;3;2;0;14;4;6;5;6;;0;9;0;4;0;24;0;0;0;0;2;1;0;0;3;0;11;1;1;1;1;0;3;1;9;1;0;0;0;0;0;3;0;2;3;4;0;11;13;0;9;4;11;7;12;14;1;3;0;2;3;0;1;0;0;0;0;0;0;0;22;3;8;97;0;0;;10;0;7;0;108;5;51;0;113;26;3;39;25;11;41;24;14;0;10;7;0;23;0;0;4;1;0;27;26;5;0;0;39;23;9;0;12;0;0;2;2;3;0;0;1;2;0;0;3;4;2;0;1;9;0;0;7;1;0;0;;1;2;2;4;0;0;0;0;1;4;6;0;0;0;0;0;8;0;4;5;1;4;0;1;0;0;0;0;1;0;0;1;;1;;0;0;0;2;0;0;6;0;;0;5;6;3;0;3;2;2;4;0;2;2;5;10;3;0;1;0;0;0;5;9;0;0;6;0;5;3;8;0;5;1;7;0;0;4;0;2;0;0;2;13;;;0;0;0;0;;0;2;4;1;0;0;0;1;0;0;2;0;5;0;0;0;2;2;;1;;0;;1;0;3;;3;;;;0;0;4;;;0;2;4;;2;1;2;0;2;1;2;0;;1;0;2;7;0;6;1;2;4;0;2;0;;0;1;0;1;0;7;0;;0;0;3;2;0;;2;0;0;0;1;0;2;0;;0;0;0;0;0;0;0;2;5;0;;;0;0;0;;;0;0;;5;;1;;1;0;0;0;1;0;0;4;7;3;4;0;0;0;2;0;2;1;3;2;3;0;0;0;3;0;0;0;0;0;0;3;;0;6;0;1;2;0;;3;;0;;;2;0;0;1;0;0;0;1;3;;1;;0;0;1
05170000;0;0;0;0;7;0;0;10;0;0;12;0;9;7;4;27;2;0;0;0;0;0;0;0;3;0;13;0;0;1;0;3;2;5;3;0;4;0;1;2;0;4;0;7;4;0;0;1;10;4;4;0;4;0;5;16;3;10;0;0;7;14;0;21;0;0;0;0;0;0;0;14;0;0;0;0;0;;0;0;0;30;0;29;0;24;10;0;0;3;4;38;82;24;0;0;16;0;0;0;0;13;0;0;5;12;2;0;0;0;0;3;0;4;0;0;1;0;2;5;0;0;0;3;0;0;;0;1;0;0;8;3;9;2;1;5;0;0;0;4;0;0;8;1;2;1;1;0;0;0;0;1;0;3;0;6;0;;0;0;0;0;0;3;;0;0;0;0;0;6;0;1;1;1;0;0;0;0;0;2;0;0;4;6;0;1;5;2;0;;9;0;0;6;6;0;2;0;2;2;1;0;0;0;0;3;5;3;10;5;9;0;0;6;4;0;0;0;4;0;0;12;2;1;1;0;0;0;6;0;0;0;0;2;0;8;3;0;1;0;4;6;2;1;0;1;4;0;0;2;0;7;1;;2;0;3;0;0;;0;5;1;3;1;0;0;2;4;1;;0;1;1;2;5;0;;4;0;3;1;0;1;1;0;0;0;1;;0;0;2;4;;;1;1;4;0;2;0;0;1;6;0;0;0;1;0;0;3;0;1;0;8;0;0;3;0;0;0;9;3;0;0;5;3;2;5;1;0;0;0;2;0;0;0;1;0;2;4;1;0;0;0;0;1;9;0;0;2;1;0;0;3;1;2;0;0;0;0;;0;0;2;0;0;0;0;1;4;0;0;0;1;0;0;0;0;0;0;1;2;2;0;0;3;5;;0;0;0;3;0;0;4;4
05314000;0;0;2;1;0;0;13;2;11;8;10;0;3;7;0;89;0;2;4;2;0;;0;0;8;0;4;6;2;2;1;0;0;0;0;0;6;0;0;3;0;7;1;2;0;4;6;0;0;0;12;1;0;1;8;1;1;0;0;0;0;4;2;149;5;0;0;0;18;0;0;24;38;37;57;65;29;56;;40;228;5;723;211;1833;55;65;62;2456;17;21;187;86;10;270;198;0;0;16;105;52;31;14;31;25;0;0;94;126;37;0;0;33;0;271;136;10;89;0;2;0;0;0;0;0;0;0;0;0;19;0;0;0;0;0;0;0;0;0;1;5;0;21;239;26;0;15;0;15;88;0;0;20;0;0;0;15;0;1;4;0;6;0;1;3;6;0;0;4;1;0;0;1;0;0;0;16;0;8;6;4;2;16;0;0;0;3;3;0;6;0;5;5;0;2;0;10;5;8;0;12;1;8;4;10;0;0;0;0;1;11;8;3;4;0;4;6;2;0;0;8;0;2;77;0;2;3;1;0;2;0;0;9;0;5;0;2;6;9;1;3;2;11;0;6;4;0;0;0;0;2;0;10;;0;1;6;;15;0;1;2;0;2;0;0;0;0;2;0;0;0;0;0;3;0;0;3;0;0;2;2;0;14;0;0;5;0;7;0;0;2;0;0;0;2;0;2;0;0;0;0;1;0;0;1;0;0;0;4;0;1;0;0;9;0;0;9;3;0;0;0;0;4;172;5;0;0;1;0;1;0;8;3;0;0;0;0;0;1;3;6;0;6;0;0;2;5;4;0;0;6;3;1;0;2;0;0;0;4;0;0;0;0;3;0;14;0;0;0;3;4;2;1;1;3;2;1;0;0;5;5;0;5;0;0;0;1;0;2;0;;1;0;2;0;0;0;1;1
05315000;0;5;30;1;6;0;10;14;1;4;7;20;6;0;0;136;5;2;0;0;0;0;3;0;0;0;0;3;0;2;0;0;6;0;16;3;6;0;0;0;18;0;0;2;6;0;0;0;0;13;36;0;0;2;0;31;0;9;0;0;20;0;0;152;18;0;0;0;24;0;3;92;103;15;226;293;0;30;0;;923;0;908;2676;1614;51;84;1070;971;2;0;7;0;0;330;129;0;0;0;29;29;0;0;0;0;0;0;78;95;29;0;0;0;0;184;6;0;22;0;0;0;3;0;18;0;0;5;7;12;0;0;0;0;0;2;0;0;9;15;0;0;0;0;43;23;0;6;12;0;2;0;0;0;0;4;9;45;4;0;0;0;0;0;7;5;0;0;0;0;0;0;0;4;5;13;0;0;0;0;0;0;0;0;0;0;0;0;0;5;0;0;0;0;0;0;0;0;0;0;3;15;0;0;0;0;0;0;3;0;0;0;23;15;0;0;0;0;0;0;0;0;0;0;44;7;0;12;6;2;0;0;0;10;0;9;3;16;6;0;4;4;5;10;8;2;2;0;0;2;8;0;3;7;0;5;0;0;0;0;0;0;0;0;0;0;2;0;0;5;2;0;0;0;0;0;0;0;2;0;2;0;0;2;0;1;0;0;2;0;0;0;0;0;0;0;0;0;0;3;0;0;0;0;0;6;5;4;0;2;0;0;0;4;6;16;0;0;5;0;0;0;0;0;5;191;0;5;0;21;6;6;0;8;0;5;0;0;9;0;1;0;0;8;0;0;4;0;0;0;0;0;0;0;5;0;0;0;3;23;0;3;4;0;0;0;0;0;2;0;0;6;13;0;0;0;6;5;3;0;0;0;3;0;0;1;0;0;1;0;0;0;0;0;0;0;0;3;0;3;2
05316000;3;2;3;0;4;0;0;1;0;2;3;3;0;0;0;0;0;0;;0;0;0;0;0;;0;0;3;0;0;2;2;0;0;0;5;0;1;;0;5;0;0;0;0;1;0;3;1;0;0;0;0;4;0;11;;0;0;2;7;7;2;4;0;0;0;0;0;13;49;81;40;17;162;60;15;11;0;0;;51;21;29;3;9;82;189;55;0;14;1;5;7;9;0;8;0;0;0;0;3;13;4;10;10;9;0;3;0;0;0;1;0;0;0;0;0;4;0;6;2;0;0;0;0;1;6;4;0;0;1;5;5;0;0;0;0;2;0;0;;2;5;10;5;1;1;3;8;4;4;8;0;0;1;0;2;0;0;0;3;2;;;1;1;;1;0;0;0;0;1;1;;0;0;2;4;3;0;0;0;0;1;1;1;0;4;0;4;0;1;4;1;0;;1;0;1;2;;7;0;1;5;0;1;2;5;18;0;0;1;0;0;5;0;0;4;0;2;0;1;3;0;0;4;1;1;;0;0;0;0;0;0;0;0;3;6;0;1;1;;1;;;;;7;4;;2;;0;2;1;;1;2;0;;1;;;0;1;;;;0;0;1;0;0;0;;;;0;0;0;;;0;1;0;2;;0;0;0;1;0;1;2;1;2;1;0;0;1;5;0;1;;3;0;;0;0;4;4;;0;0;0;;0;0;1;1;27;0;5;;2;;3;1;0;;0;3;0;0;2;0;4;0;2;0;;1;0;2;1;0;;1;0;0;3;0;6;0;6;2;2;0;0;0;1;0;0;;0;1;0;2;2;0;0;0;1;;0;0;3;;0;0;1;2;;;0;0;0;;0;;0;0;0;;;
05334000;0;10;17;0;0;4;0;2;0;8;0;7;10;8;0;120;8;0;6;7;0;0;0;7;0;0;10;0;0;0;0;0;0;0;8;0;0;0;1;0;4;8;2;5;3;5;0;0;3;0;7;1;0;1;0;0;0;0;0;5;2;3;12;250;0;0;0;0;0;18;0;0;0;0;0;0;0;0;0;329;0;;0;0;0;11;0;0;0;0;0;20;0;3;0;0;0;0;0;0;0;8;0;0;25;60;0;0;12;0;0;0;3;0;0;0;17;58;15;0;0;2;0;0;2;0;0;0;0;0;0;5;0;0;0;0;0;1;1;2;0;0;4;0;0;0;0;0;18;3;0;0;0;0;2;0;6;0;0;0;0;0;10;1;1;1;0;2;6;0;0;3;0;0;6;5;15;2;42;25;20;0;20;2;13;11;6;12;0;1;18;3;19;0;2;0;18;0;10;7;0;2;11;12;0;4;0;0;0;3;9;5;3;0;10;9;9;0;2;10;35;5;12;206;0;5;2;0;0;16;6;0;17;13;3;6;6;4;10;3;0;10;0;12;0;0;2;0;4;0;2;0;0;0;6;;9;1;9;0;0;0;0;3;0;2;0;3;12;3;0;5;0;0;0;3;;0;0;0;0;30;0;33;;0;0;0;0;0;3;0;0;7;7;0;0;3;0;4;0;2;0;0;20;1;0;2;0;0;0;3;20;3;0;3;1;13;0;3;3;0;0;0;179;0;5;2;0;0;0;0;0;0;0;2;2;0;0;3;2;0;0;0;2;3;0;0;0;0;1;0;5;0;0;0;0;0;0;0;0;9;6;6;0;0;0;0;0;0;0;6;4;0;3;1;1;0;6;3;0;0;0;0;0;0;0;6;0;0;1;1;0;0;2;0;0;0;0;
05358000;5;1;1;0;1;4;6;0;7;0;7;0;0;0;1;8;1;0;0;1;2;2;7;0;0;0;0;4;1;4;0;3;0;0;1;2;1;0;0;10;3;4;5;0;2;0;0;1;0;1;3;4;8;6;0;0;2;0;2;2;0;5;3;28;10;0;25;0;5;11;10;20;1;9;38;11;0;65;0;0;0;233;;0;0;9;31;42;130;12;0;0;30;35;0;15;20;0;16;0;0;23;12;0;14;10;34;0;30;14;12;0;0;30;0;0;12;16;0;2;3;0;0;0;2;0;2;5;4;0;0;0;2;0;0;1;0;4;0;1;0;0;6;0;1;6;5;8;0;0;0;0;6;0;0;17;0;0;;0;0;0;5;0;0;0;1;3;0;0;0;0;2;2;0;0;0;0;5;2;0;0;0;2;0;3;1;3;0;0;0;0;1;0;0;4;1;0;3;4;1;7;0;1;0;3;9;0;0;0;0;10;0;5;0;1;0;0;0;1;11;3;3;2;0;;2;0;;0;;3;3;0;0;4;1;1;1;1;1;0;0;5;0;0;;1;0;;5;0;1;;0;;;;0;0;0;1;0;0;2;12;;1;4;;0;0;0;;;;;;;4;1;6;2;4;0;1;;0;1;;0;;0;;0;0;2;0;0;0;4;0;0;2;14;2;2;0;3;3;;1;5;1;0;;2;2;7;0;0;0;3;;13;0;0;;3;0;1;0;4;2;0;0;0;1;3;0;1;;2;0;0;2;0;1;4;0;5;14;0;0;3;;0;5;0;0;0;0;0;0;0;0;0;2;7;1;0;0;0;0;0;7;1;0;0;0;0;1;0;1;5;0;0;;0;7;;;3;;;1;;0;5;1
05362000;9;7;1;0;5;4;1;7;4;2;0;5;0;3;1;52;20;1;0;0;0;0;0;0;0;0;0;4;0;0;0;0;1;0;19;15;4;8;1;0;3;0;2;2;0;;0;0;2;8;28;0;10;3;7;25;6;6;0;4;1;4;0;21;27;35;10;0;0;10;0;18;22;0;0;0;0;0;0;0;0;119;253;;0;29;34;0;0;0;28;0;0;6;0;0;0;0;0;0;0;0;1;0;3;9;4;0;0;8;15;0;0;0;0;0;4;6;12;0;0;0;0;2;0;0;1;0;22;0;0;0;0;0;1;0;0;0;0;0;0;0;0;36;6;0;1;3;27;0;13;2;0;0;6;8;46;0;1;0;0;2;0;0;0;0;0;0;6;0;0;1;0;0;0;0;1;0;0;0;0;1;0;0;0;0;0;6;0;0;0;0;0;0;0;2;0;8;0;0;0;0;0;0;11;0;10;0;0;0;3;1;3;4;0;0;0;0;3;0;0;1;1;37;3;2;0;0;5;4;4;0;1;9;0;1;5;0;13;0;0;1;0;0;0;5;0;0;0;0;0;5;0;2;0;3;1;1;3;5;2;0;0;0;3;0;;6;0;0;1;0;0;0;0;0;0;;0;0;0;3;0;9;2;3;5;0;0;1;5;0;3;0;2;0;0;0;4;1;6;1;0;3;3;0;6;0;0;4;;6;5;5;0;1;2;0;6;5;1;0;0;2;0;0;0;6;3;2;1;0;6;0;5;0;2;0;0;0;0;0;0;0;4;0;14;3;13;8;2;0;0;0;0;0;0;5;0;0;6;0;0;1;0;0;0;0;3;0;0;3;4;6;1;0;7;1;0;0;2;0;2;0;0;0;0;1;0;5;0;;0;1;0;2;;;0;0
05366000;0;4;2;0;3;0;0;6;4;0;1;5;0;0;0;18;1;0;0;0;0;0;11;0;1;0;0;0;2;2;0;0;6;0;8;0;4;0;1;0;0;2;2;3;0;;0;4;0;1;0;0;7;3;0;0;2;0;6;5;5;0;0;22;26;0;56;0;0;9;23;2;0;19;40;63;36;110;0;0;0;203;121;3;;0;90;87;0;55;51;20;61;57;0;31;29;0;57;24;0;39;53;5;19;24;26;0;7;44;32;38;15;36;10;0;1;3;0;0;0;1;0;1;0;0;3;0;0;0;0;9;1;3;;0;5;0;3;4;0;0;0;15;0;0;3;12;7;23;5;0;4;0;0;0;32;1;0;1;2;0;1;;0;0;0;1;1;1;0;1;1;0;2;0;2;2;0;6;0;1;6;0;4;5;0;3;0;1;0;0;4;0;0;0;0;0;0;0;0;1;;0;0;1;8;2;2;0;4;0;2;0;0;4;0;0;0;0;5;4;0;0;0;3;2;1;1;0;0;0;0;1;0;0;2;0;6;1;0;4;0;0;9;;0;;2;;2;0;0;1;0;2;;;1;;2;1;0;0;1;0;;1;0;1;0;;1;;0;0;;2;;;0;;3;1;1;4;;0;1;0;4;;3;4;0;0;;0;1;1;1;1;0;;0;;0;0;0;0;;0;1;0;5;1;2;4;10;1;;0;9;2;5;0;0;;;4;0;2;2;3;10;4;2;0;3;;0;0;2;0;0;0;0;2;1;1;0;2;0;3;3;5;0;1;1;3;1;0;0;0;0;6;0;0;1;;4;1;1;0;0;8;1;;0;0;0;;1;1;0;0;1;1;2;2;;2;1;1;0;0;1;;;1
05370000;1;2;3;1;3;2;10;1;0;1;4;3;0;0;0;37;0;0;5;3;7;0;3;0;0;0;0;1;3;0;0;0;0;0;5;1;1;3;1;3;0;1;1;;0;1;2;2;4;0;0;1;12;6;6;10;0;0;1;0;4;0;5;0;19;0;0;0;0;7;0;3;27;0;0;0;0;0;0;0;0;0;0;0;375;;26;0;58;0;8;0;4;2;0;0;8;0;6;0;0;1;2;0;5;29;12;0;18;8;0;7;0;0;0;0;0;4;0;4;0;0;0;0;1;1;2;0;4;0;5;0;1;3;3;7;0;0;0;0;0;0;0;1;1;0;0;3;1;0;2;0;1;0;0;6;6;3;0;3;3;3;0;0;0;0;1;0;0;0;;0;0;;2;1;0;0;0;0;0;0;2;0;0;0;0;0;;0;2;4;0;8;3;0;0;2;0;0;0;0;;5;5;2;0;6;1;0;0;9;0;5;0;2;4;0;0;2;0;0;0;0;0;0;5;0;1;3;0;0;0;1;0;0;2;0;0;0;0;2;0;0;0;0;2;;1;;1;2;5;4;2;1;2;;0;1;0;;0;0;1;2;0;1;1;2;1;2;1;0;2;0;0;;0;;;3;0;7;0;0;1;0;0;0;1;0;0;4;0;0;1;;0;2;0;0;1;0;0;0;2;0;0;3;0;3;3;0;0;4;0;0;0;0;0;0;0;0;0;0;0;0;3;;0;0;0;0;1;1;2;2;0;0;;2;1;2;0;3;0;0;11;0;5;3;;2;0;0;6;0;1;0;1;0;0;0;0;2;0;2;1;1;0;5;0;9;2;0;3;0;1;0;0;0;0;;0;0;0;;0;;;2;1;0;;;0;0;3;0
05374000;0;2;0;1;9;6;0;0;6;9;14;8;1;0;1;8;5;0;0;8;8;0;0;0;0;0;6;3;1;0;1;4;0;2;0;0;1;0;10;2;3;3;1;5;;1;6;6;7;1;18;0;14;6;0;5;3;2;0;0;5;13;0;8;0;0;3;0;0;0;6;0;0;0;0;0;0;0;0;0;0;32;0;0;0;0;;0;0;6;20;10;0;0;0;0;4;0;0;0;0;2;0;0;5;27;4;0;0;0;0;23;0;3;0;0;5;27;5;12;0;0;10;0;2;0;2;0;0;0;2;0;7;13;0;2;5;0;0;2;0;4;0;11;38;4;0;0;11;12;0;0;0;0;11;7;10;0;7;1;0;0;7;6;1;0;1;;5;0;0;1;4;1;0;1;3;0;9;0;0;0;2;0;1;3;2;3;2;0;0;1;1;0;5;2;7;4;0;6;0;;0;0;0;0;5;0;11;0;0;2;6;2;0;0;3;3;2;1;8;0;0;16;0;0;2;2;0;0;2;1;0;0;0;1;1;0;0;;2;1;1;0;6;1;0;1;1;1;;0;0;0;0;0;1;0;0;;0;4;;0;0;2;0;0;3;2;;1;0;0;0;0;0;;0;4;;0;2;13;1;0;5;0;2;3;3;2;4;0;0;0;2;0;;4;0;5;0;2;3;;0;1;;0;;2;0;1;2;1;1;3;9;1;1;0;0;;0;0;0;0;0;6;4;0;2;0;2;1;1;0;6;2;2;1;0;0;2;7;1;3;0;5;0;0;0;1;3;0;0;1;1;5;2;0;6;2;0;1;3;5;0;0;0;0;0;8;0;0;0;1;3;0;5;0;1;0;0;1;0;0;1;0;;;0;0;0;;0;0;;
05378000;2;3;12;1;0;3;3;15;11;0;0;14;7;3;4;0;0;0;1;0;0;0;6;0;0;0;0;7;1;2;2;2;2;0;9;0;2;4;0;5;3;12;3;3;0;0;9;3;4;3;26;1;0;5;0;15;0;7;5;2;16;5;0;10;7;26;0;0;0;3;27;48;0;0;0;0;0;6;0;0;0;26;0;4;0;12;250;;9;0;7;18;0;2;0;0;0;0;8;0;0;0;2;0;15;5;2;0;5;13;0;0;0;9;0;0;1;0;0;8;2;4;0;0;0;0;2;0;0;10;0;0;5;1;0;6;2;3;6;0;0;2;7;13;23;4;2;1;5;7;3;15;2;7;7;0;4;0;0;0;1;0;5;1;2;0;5;0;3;0;0;0;0;0;6;0;5;3;4;0;6;4;0;0;3;0;0;0;0;2;3;1;3;8;5;2;0;6;0;3;0;3;0;10;0;4;0;0;5;1;7;6;3;1;0;0;4;0;0;10;5;3;0;12;0;2;0;0;0;0;0;1;5;1;;4;0;;8;1;3;4;2;0;1;;2;1;0;;0;0;0;2;;1;0;;0;1;;0;2;;;0;1;0;3;0;0;;0;;0;2;;5;0;;2;0;0;0;1;;0;0;1;;;;0;2;0;2;;1;;0;0;0;;2;11;2;0;;2;0;1;;0;4;0;3;;3;0;0;0;9;3;0;0;4;0;1;1;0;3;0;0;5;0;2;0;0;0;0;;4;2;6;1;0;2;7;1;0;0;4;0;5;1;5;5;4;1;0;;2;1;0;2;0;0;;0;2;0;11;0;8;0;0;1;3;0;0;0;0;2;1;4;0;0;5;0;5;0;1;0;0;;1;1;1;4;0
05382000;7;0;7;1;9;0;11;10;5;8;13;0;1;5;9;43;0;0;0;0;0;0;0;0;0;0;0;4;2;0;2;5;17;0;26;4;0;3;0;0;0;0;6;4;0;0;11;0;5;1;30;11;13;23;8;12;0;2;3;13;9;23;0;44;14;0;27;0;0;3;35;25;0;0;0;0;0;55;0;0;0;85;0;122;36;0;240;0;;0;0;2;0;18;0;0;29;0;0;0;0;7;19;0;0;27;25;0;17;24;3;26;0;13;0;0;0;10;9;0;11;0;0;5;0;0;0;4;5;0;0;1;0;6;0;3;0;0;5;6;0;0;19;280;211;0;0;0;44;300;7;0;65;0;0;5;25;3;0;0;4;3;15;0;1;0;4;0;0;3;0;0;1;0;1;0;0;0;0;1;16;7;0;0;0;6;5;0;0;4;0;1;0;0;14;13;3;0;16;0;11;0;0;19;0;4;1;0;0;2;2;2;0;2;0;2;0;0;7;5;8;3;0;15;1;3;0;0;0;6;10;1;0;11;0;0;5;0;0;8;0;0;4;5;0;0;1;0;0;5;0;4;8;;1;3;1;;5;1;0;0;5;5;0;0;2;8;1;0;0;0;0;3;1;1;4;0;0;1;3;0;0;7;0;3;1;4;0;2;4;4;0;0;11;0;3;2;0;1;1;0;3;6;2;8;1;1;2;3;0;0;0;2;4;0;1;0;0;2;0;0;0;13;17;6;0;0;3;1;14;0;7;0;0;0;2;0;0;0;0;6;9;0;4;10;5;13;0;1;1;7;5;0;0;1;5;14;5;7;3;0;3;0;1;0;0;0;0;;0;0;9;5;0;0;7;0;0;0;0;;0;0;0;3;8;0;4;4;0;0;3;1;0;0;4;4;3;0
05512000;;2;0;0;1;;2;0;0;;3;;1;0;;10;0;;0;0;1;2;0;3;1;0;2;0;0;2;;;4;5;4;0;;3;0;0;0;3;0;;;0;0;1;0;;5;;3;1;6;10;;3;0;0;3;0;2;22;0;0;0;0;7;0;0;5;0;0;0;0;0;0;0;0;1;1;0;4;0;1;0;2;5;;0;0;18;0;0;0;0;0;5;0;0;0;0;0;22;0;8;0;0;0;4;0;0;0;0;0;1;0;0;5;0;;0;0;1;0;;4;;0;0;0;3;1;0;0;1;0;0;0;7;;0;1;;1;1;;0;0;0;;0;0;;;2;;;;1;2;5;;1;;;1;0;;0;2;;;0;0;0;2;0;2;1;;0;1;;0;0;0;0;0;1;;3;0;0;1;4;;1;0;2;0;2;0;;1;0;0;2;0;5;0;2;1;;1;0;;0;5;0;0;1;0;;;0;;1;0;1;0;2;;;0;;;4;1;1;0;;0;1;0;;;;;0;;;;;;;0;;;0;;;;;0;;0;1;0;;1;0;;;0;;;;0;;2;1;2;0;4;0;;1;;1;2;1;;1;;;;0;;;0;;;0;;;;0;3;;0;;;0;0;;;0;;;0;1;1;11;;;;1;;3;0;0;1;;;0;4;;;1;;5;1;2;0;0;0;1;0;;10;0;0;0;;0;;;0;0;0;1;2;;0;;;;1;1;;;1;2;0;;0;2;0;;;1;;;0;0;;0;;;;0;;0;0;;0;;
05513000;1;0;6;0;0;0;1;0;0;0;0;1;0;0;0;0;0;0;2;0;0;0;5;0;6;0;0;0;10;7;2;0;0;0;0;6;;0;0;3;5;0;0;5;0;0;0;3;1;10;9;0;21;6;0;6;3;5;0;8;0;1;0;4;0;0;0;0;5;19;0;21;0;0;0;0;0;0;0;0;0;15;4;0;0;0;0;0;12;16;;0;5;0;158;0;0;0;0;0;0;0;0;0;0;3;0;0;0;26;0;0;0;0;0;0;0;0;0;0;5;0;8;0;0;0;2;2;0;0;0;0;0;0;0;0;0;0;1;5;0;0;2;6;0;3;3;2;0;4;0;0;0;2;4;0;7;0;;0;1;0;0;1;0;0;3;;0;0;2;0;3;;1;0;0;0;0;1;0;0;0;0;7;0;0;0;0;0;0;1;0;1;0;0;0;0;0;0;8;0;0;0;1;0;0;2;0;1;2;3;2;0;0;0;1;0;0;0;0;4;0;0;0;2;0;0;0;0;2;0;1;0;0;;;1;3;4;0;0;0;0;;1;0;0;10;;0;1;0;;0;3;0;0;0;0;1;0;;0;0;0;;0;1;0;0;2;0;0;0;6;0;1;0;0;0;0;1;1;;0;3;0;2;3;;0;0;2;0;0;0;4;0;;0;0;3;1;0;0;0;;2;0;3;0;3;0;0;0;1;0;0;0;0;0;0;1;0;0;0;1;2;0;0;0;0;0;0;;0;1;0;1;0;3;0;0;0;0;0;0;0;1;0;1;0;0;0;11;0;0;0;0;0;0;0;0;0;0;0;0;0;0;0;0;1;0;5;0;4;1;0;0;0;5;0;0;0;0;0;1;1;0;0;0;2;0;2;2;0;0;;0
05515000;0;8;7;0;0;0;0;0;4;0;0;0;11;1;0;108;0;0;0;1;0;1;0;2;0;0;0;2;0;0;0;10;7;0;0;0;0;0;0;0;0;0;0;0;0;0;0;0;3;0;0;0;0;0;0;0;0;0;0;0;0;28;0;143;0;0;0;0;0;0;19;0;0;0;0;0;0;0;0;0;0;0;12;15;0;38;0;0;0;7;9;;0;315;85;524;234;0;0;0;0;3;30;0;19;23;5;0;0;34;0;0;0;0;0;0;11;39;0;13;0;6;0;7;3;0;0;0;0;0;0;0;1;0;0;0;1;1;0;0;0;0;3;0;6;0;2;0;0;0;0;5;6;0;2;2;0;0;0;0;0;6;9;0;1;0;0;0;0;0;0;0;0;0;2;0;0;0;0;0;0;1;0;0;0;1;0;0;1;0;0;0;3;0;0;7;0;0;0;2;1;0;0;15;0;2;0;0;0;1;10;2;0;6;3;0;0;0;0;1;0;0;5;87;4;0;0;0;0;0;0;0;0;1;2;1;0;2;10;0;0;8;3;0;0;0;0;0;0;;0;0;2;1;0;1;1;1;0;;0;0;0;0;0;1;;0;0;0;0;1;0;0;0;0;0;3;1;0;0;5;0;0;1;1;0;1;2;0;1;1;3;;8;3;0;0;1;0;0;2;0;0;11;;1;;0;4;2;0;0;5;1;0;;3;0;2;2;5;0;0;175;1;0;1;6;5;1;4;8;2;1;0;5;2;0;0;1;1;0;0;0;5;0;0;0;5;0;0;2;5;3;0;1;0;0;0;4;11;0;0;0;6;0;1;0;0;0;0;2;0;0;0;0;1;0;0;0;1;0;0;0;0;0;2;0;0;0;0;0;1;5;0;1;;0;
05554000;0;0;2;1;0;0;10;0;3;0;8;4;0;0;2;32;2;4;;0;0;0;4;0;4;0;0;0;0;5;0;1;7;0;4;0;;1;2;0;0;2;0;0;4;0;4;20;0;3;0;0;24;0;45;15;0;1;0;1;2;20;4;18;0;0;18;0;0;0;11;0;0;0;0;0;0;0;0;34;0;7;0;26;0;0;1;9;7;0;0;80;;52;0;0;25;0;26;0;0;31;4;0;21;49;28;0;20;21;17;18;0;11;0;0;0;2;0;2;0;0;0;0;5;0;0;3;0;2;0;1;4;17;1;4;3;1;8;0;2;6;2;0;0;0;0;0;1;0;5;0;8;1;1;0;5;0;;5;0;2;1;;0;0;0;0;2;0;0;0;0;2;0;0;0;;3;0;1;0;0;4;0;7;2;0;0;0;0;1;0;2;2;0;0;0;3;1;2;0;0;6;0;0;2;3;2;4;6;2;0;0;2;0;9;7;6;0;1;1;5;5;0;1;0;1;1;2;0;1;0;0;0;;6;;0;;0;0;;0;0;0;0;2;0;2;0;0;1;0;0;1;2;;0;0;0;0;0;0;1;2;2;1;0;1;0;0;0;0;0;0;;0;2;0;2;3;1;0;;10;0;;;0;2;0;0;;0;0;0;1;;0;0;2;0;0;0;2;2;0;0;0;1;2;0;0;0;2;0;2;0;2;0;1;1;5;28;1;0;0;3;0;0;0;2;0;0;0;0;3;0;0;0;0;1;0;0;0;10;6;8;3;0;0;0;0;0;0;0;0;0;0;0;0;5;3;;0;0;0;0;0;0;0;1;;;0;0;0;0;2;3;1;;6;1;0;0;1;;0;2;0;0;1;0;;;0;;0
05558000;0;0;0;;0;3;0;0;0;2;5;2;0;1;1;9;0;0;;0;0;0;0;0;;1;6;1;4;0;0;1;3;8;11;0;;2;;5;0;0;0;0;0;5;7;15;1;0;0;0;12;4;0;1;3;9;0;0;0;0;4;0;7;0;13;0;0;11;2;3;0;0;0;0;0;0;0;19;0;0;0;0;0;0;5;0;0;10;33;0;0;;0;0;15;0;0;0;0;0;2;0;10;49;0;0;0;0;8;10;0;0;0;0;0;1;0;0;2;0;4;0;4;0;0;0;;1;0;1;3;0;0;0;0;6;2;4;4;0;0;0;6;3;0;0;0;0;0;11;0;0;0;;0;0;3;2;0;4;0;1;1;;7;0;2;2;;3;0;;;3;0;0;3;0;0;;8;0;0;0;;2;;0;0;0;2;0;0;3;0;0;0;0;0;;1;2;0;0;0;1;0;0;8;6;3;;0;0;5;0;1;3;0;1;0;4;0;0;0;1;0;0;;1;1;6;2;1;0;0;0;0;1;0;1;0;1;1;1;0;2;;2;2;0;;0;;;;0;0;;0;0;1;2;0;;1;0;;;0;1;3;;2;;0;0;;;1;2;0;2;6;1;;0;;2;0;;1;0;1;;0;;2;0;;0;2;0;2;0;1;;0;2;0;1;0;0;0;0;5;0;0;0;0;2;1;9;0;0;3;0;0;0;2;0;2;0;2;0;0;1;0;;0;;3;2;4;0;4;2;0;0;6;0;;0;1;6;1;1;2;0;4;3;0;;0;0;1;0;0;0;0;0;0;;0;2;0;3;3;0;0;3;1;0;0;0;;0;0;0;;0;;3;4;2;0;0;0
05562000;0;14;0;4;0;0;0;0;4;0;9;6;0;0;0;21;12;0;0;0;3;;9;0;1;0;14;1;2;0;0;6;7;0;22;2;0;8;0;0;6;0;0;6;7;0;9;6;0;2;0;27;19;13;11;2;7;0;1;0;8;23;4;59;0;0;61;0;0;0;24;46;0;402;122;240;304;667;0;0;0;233;307;192;122;248;187;138;339;96;0;0;1032;619;;431;290;0;283;22;86;132;184;65;0;0;67;0;0;111;96;116;79;169;204;0;3;13;0;11;0;0;2;0;0;8;0;0;5;0;0;0;2;0;0;0;0;0;9;1;0;1;0;0;2;2;0;0;5;0;0;0;0;4;0;0;2;0;0;0;4;4;7;3;0;0;0;0;0;0;0;6;0;0;7;0;2;3;0;0;0;7;0;5;0;0;1;0;3;1;0;1;0;5;11;0;0;2;6;4;5;0;0;3;0;6;5;0;1;3;0;0;0;0;0;0;0;0;0;8;9;0;0;0;0;0;5;4;3;0;0;0;0;0;1;;0;0;0;1;3;3;2;0;0;0;0;2;0;;0;2;0;;0;;0;1;0;0;4;0;0;4;0;0;0;3;0;;0;1;1;0;0;0;0;0;0;;0;0;0;7;2;0;0;1;0;7;0;4;3;0;5;4;0;0;0;3;0;0;0;10;5;0;0;1;11;8;0;1;0;0;0;14;0;1;7;7;0;4;0;0;0;0;1;0;0;1;1;0;0;4;2;0;1;0;0;1;0;0;7;0;0;0;4;0;6;1;0;0;0;1;0;0;0;2;3;0;0;0;0;0;5;0;0;0;0;0;1;0;0;0;0;10;0;0;0;0;0;5;;2;0;0;0;0;6;6;0;0;1;1;0;0;1;2;7;1
05566000;0;10;2;2;11;1;0;0;0;0;11;4;7;4;10;15;9;6;7;8;0;1;1;1;2;0;0;0;22;0;0;11;0;1;5;0;1;7;0;1;2;0;1;0;0;12;16;0;0;2;0;31;127;0;0;21;0;137;22;0;13;27;0;39;7;0;35;0;0;0;8;10;0;0;0;27;0;112;0;0;4;55;0;56;0;34;21;25;41;16;65;0;109;28;0;;90;0;79;0;0;34;32;0;15;0;8;0;0;15;21;19;0;11;0;0;3;17;0;0;5;0;0;0;13;6;0;0;0;4;11;0;7;0;9;7;2;0;6;0;0;0;0;0;0;2;0;3;0;0;0;7;0;0;0;;0;0;1;0;0;0;0;5;3;0;0;1;0;0;0;0;0;0;3;0;0;3;5;5;0;0;0;5;7;0;0;0;0;0;4;0;1;0;0;0;0;0;0;1;2;0;2;5;0;3;4;5;1;0;8;3;0;0;4;4;0;0;0;8;7;2;5;0;1;;0;1;0;0;0;2;0;4;5;0;3;1;2;;7;5;5;0;0;4;6;0;0;0;0;0;9;;0;0;3;0;3;0;0;0;1;1;1;0;;1;4;0;2;6;2;3;;5;0;0;3;0;;6;0;18;;3;2;0;0;0;0;1;0;0;2;0;0;0;;2;2;0;10;1;11;4;0;;0;2;;;3;2;3;0;1;0;19;3;0;0;0;0;0;4;0;3;3;3;0;0;0;3;0;0;0;0;0;0;1;1;0;0;0;0;0;0;0;1;0;0;0;1;0;9;0;0;6;0;0;0;0;3;0;3;1;4;0;1;0;5;1;3;0;9;0;1;0;0;1;2;0;0;2;0;1;0;0;0;0;2;;;2;0;2;;0;1
05570000;0;3;6;0;6;2;1;7;0;0;3;7;0;0;0;17;6;0;0;0;0;0;0;0;0;0;1;4;3;3;3;7;3;3;0;0;0;0;12;0;2;3;6;0;3;2;0;4;0;7;2;2;0;0;9;3;0;9;0;6;5;0;0;18;0;12;3;0;0;0;0;0;0;0;0;0;0;0;5;28;0;1;0;2;0;0;0;6;0;0;37;0;0;0;0;0;;45;100;0;0;0;9;0;35;25;19;0;0;0;0;0;0;0;0;0;1;0;4;1;0;0;0;0;0;0;0;0;3;9;0;0;0;8;0;3;5;0;5;0;0;4;0;0;0;3;0;0;0;2;0;0;4;0;0;0;0;0;2;0;0;0;0;1;0;;2;;0;0;;2;1;3;0;3;1;0;0;0;0;3;1;0;10;0;3;1;2;1;0;0;3;1;1;2;0;0;6;0;3;0;2;4;0;0;3;;1;0;0;7;0;3;6;0;1;0;0;3;3;2;5;21;0;3;1;0;3;0;0;0;0;3;0;6;4;0;5;;0;2;0;0;0;2;2;3;0;0;0;8;0;;3;0;;2;5;0;0;0;;1;6;3;1;0;5;0;0;2;;0;0;;;;1;0;0;0;0;0;;1;1;;0;2;0;;3;0;0;0;1;;1;0;0;0;;0;0;3;1;0;1;0;1;1;0;0;0;2;1;2;2;0;5;1;0;0;0;;0;;2;1;2;0;0;;0;3;0;2;2;4;0;0;0;0;0;3;5;0;2;7;0;0;0;1;;0;0;2;0;0;1;0;0;0;0;0;8;0;4;1;0;2;0;;0;0;;2;5;2;3;;0;0;;8;1;;1;;0;0;;;1;0;1;;0;0
05711000;14;1;11;1;1;0;0;9;0;7;12;4;0;4;1;33;0;0;0;0;0;3;0;2;0;0;37;0;0;0;8;0;14;0;4;0;0;0;0;3;0;8;0;3;4;0;0;0;4;4;4;8;0;6;0;0;15;28;4;0;2;0;0;57;30;43;0;0;25;2;6;9;30;55;77;66;0;51;54;16;87;15;78;10;94;14;6;19;60;21;13;320;325;25;934;704;0;;291;1446;1374;94;0;1280;4;8;10;115;221;36;1;1;82;8;718;282;0;5;4;0;0;1;0;4;1;3;2;0;0;7;5;0;5;0;4;0;0;0;0;0;0;0;0;0;5;3;2;0;0;0;0;0;0;0;5;0;0;1;4;0;0;0;1;;0;1;3;;0;2;0;0;0;;0;0;3;2;13;1;3;0;6;0;0;0;0;1;3;0;0;1;0;0;3;3;2;0;0;3;0;0;0;10;4;0;0;0;7;3;7;1;0;6;0;0;0;1;0;2;3;2;3;21;1;5;5;0;;5;0;0;0;4;1;0;0;3;10;0;0;6;3;0;0;0;0;;0;1;;3;0;3;2;1;0;0;4;0;2;;1;1;0;0;;0;0;;5;2;0;1;2;1;0;0;1;;1;0;2;15;;1;0;0;0;0;0;0;0;0;4;0;0;0;0;0;5;0;0;0;7;1;0;;0;3;1;0;0;1;0;0;0;1;2;0;0;12;1;4;33;0;6;0;11;5;0;0;2;1;2;0;0;0;0;;;0;2;9;1;0;1;0;0;4;3;0;0;2;0;0;3;0;0;1;0;0;0;5;0;0;0;3;0;0;0;0;1;0;0;2;1;0;10;0;0;0;0;0;5;0;0;4;0;2;0;0;2;0;0;0;1;;0;1
05754000;0;0;3;0;2;6;0;4;0;0;0;3;0;0;10;10;3;0;0;0;4;0;0;0;0;0;0;17;0;2;0;2;16;0;14;5;1;0;0;0;12;0;7;0;0;0;9;5;0;13;4;8;3;1;6;6;6;65;2;11;12;19;3;42;0;3;13;0;0;5;0;1;3;0;0;0;0;7;0;8;3;6;0;7;0;0;6;0;1;0;3;11;0;14;0;0;0;0;;0;0;41;49;0;7;65;8;0;0;0;8;8;0;0;0;0;4;6;1;8;1;0;0;0;0;4;2;1;0;0;0;0;0;0;4;0;0;6;12;6;0;0;1;0;0;7;0;0;0;0;1;0;3;0;5;3;4;4;3;2;0;0;1;0;0;0;0;0;4;1;0;2;3;1;0;0;0;4;0;2;4;0;1;0;0;11;0;6;0;1;0;0;0;0;0;0;14;1;0;0;0;1;0;4;2;1;0;0;3;6;1;6;5;0;7;3;2;0;0;0;0;0;0;0;0;0;0;0;2;0;1;1;1;3;0;1;0;0;0;;0;5;0;4;2;2;0;0;0;1;0;0;2;;1;0;;3;9;5;2;3;0;1;0;5;2;1;0;0;2;0;;0;2;0;1;3;0;3;0;1;0;2;;11;3;0;0;0;0;1;0;0;0;0;2;0;2;2;0;0;0;5;1;2;0;1;0;2;1;0;0;5;0;0;0;6;0;2;6;0;0;;0;3;1;0;0;0;0;0;1;0;3;0;0;5;3;0;0;0;1;3;0;4;2;0;6;0;0;2;1;3;0;0;10;4;0;0;2;4;2;0;0;0;0;1;4;6;0;7;0;0;0;8;8;1;0;0;0;0;0;8;0;1;0;0;0;5;;0;2;0;2;0;0;0;2;0
05758000;0;0;11;0;1;6;0;0;3;8;8;4;0;0;3;26;0;0;3;4;0;7;0;11;0;0;38;0;6;6;0;1;7;0;7;0;2;0;0;0;0;0;0;3;0;0;0;0;4;2;0;0;0;8;0;1;0;43;24;0;0;0;13;0;12;0;11;0;0;0;3;0;5;0;36;16;35;53;0;0;15;19;12;35;0;8;19;42;23;43;47;33;22;19;0;54;33;0;143;;96;42;133;76;22;14;8;0;8;40;117;26;7;25;28;0;3;17;3;0;4;0;5;0;0;1;;0;1;0;6;7;0;16;0;6;0;0;0;5;0;1;0;4;8;0;0;0;3;5;0;0;;0;0;0;1;2;0;0;;4;0;;;0;;;0;0;0;;0;0;1;1;4;0;0;0;1;1;0;11;2;0;3;0;2;0;0;0;8;0;0;6;0;3;5;0;2;1;4;2;0;0;0;5;10;1;0;9;7;0;0;0;1;1;0;0;4;1;4;0;2;;0;0;1;0;0;1;0;0;1;0;;1;2;0;5;0;1;1;;3;3;2;3;2;0;1;4;;0;;;;4;0;;;0;;0;0;0;2;2;;2;2;0;;6;0;0;0;0;1;0;1;;7;1;1;;0;1;;1;0;1;;2;0;1;0;0;0;;2;1;0;0;;1;1;;0;0;2;0;0;0;0;1;0;0;0;0;0;1;1;3;1;0;0;1;8;3;0;1;1;0;;2;0;0;2;2;0;0;0;;0;0;0;0;8;0;3;4;2;1;0;3;0;;2;0;2;17;0;0;0;0;0;0;0;0;0;0;;0;0;1;4;6;0;5;1;6;0;7;1;1;0;4;0;;1;2;0;0;;1;0;0;0
05762000;7;1;3;;;2;0;0;0;0;7;4;3;0;0;0;10;0;3;2;8;0;0;1;0;0;18;0;5;7;8;1;3;0;5;3;1;14;0;0;0;3;0;0;5;15;0;10;0;;6;1;2;5;0;0;2;2;0;2;3;0;2;3;16;0;21;0;0;6;2;25;0;25;63;41;39;87;0;0;0;45;23;59;7;30;51;33;66;27;31;31;49;48;0;21;37;0;57;0;;71;45;19;4;22;16;17;0;41;31;39;0;13;0;0;0;2;3;2;4;0;0;0;0;0;0;0;0;0;8;0;0;0;0;14;6;2;0;0;0;1;3;2;5;0;1;0;;0;3;0;4;0;3;0;1;0;;0;;0;0;;0;;;;0;0;0;0;4;0;0;0;1;0;0;2;2;;0;0;2;4;2;0;3;0;0;1;7;2;0;4;2;;0;0;;0;0;2;4;;4;0;0;;4;1;1;1;2;0;5;;0;0;0;0;0;0;1;0;;;0;;1;1;0;1;0;0;;3;2;;0;0;2;0;0;1;1;;;1;;;0;;2;;;;1;2;;;;1;1;0;;1;0;;0;0;;;0;0;;1;;0;;0;0;0;;;0;1;;0;;0;0;0;0;;;0;;;;1;1;0;0;6;1;;0;0;;0;0;3;1;1;0;5;0;0;1;0;4;;0;0;0;4;9;0;0;0;0;0;0;0;0;;1;;;1;0;0;0;6;0;1;0;0;;2;0;0;1;1;0;;2;;;0;1;1;0;0;0;0;0;0;2;2;0;0;6;0;0;4;0;;0;1;0;1;1;2;1;;2;0;1;0;0;1;1;;1;1;0;0
05766000;0;0;8;1;4;0;9;17;0;0;0;0;0;0;0;10;4;0;0;4;8;1;0;0;0;0;19;0;41;7;0;0;3;0;0;0;0;11;4;0;2;0;0;2;2;0;1;0;7;4;10;0;5;3;0;0;6;18;0;0;6;1;4;11;2;0;0;6;0;7;0;7;4;0;0;0;0;0;0;16;0;0;0;0;0;0;0;3;0;0;8;0;0;10;0;0;0;0;0;0;0;;12;0;19;2;7;0;2;0;6;22;0;0;0;0;1;0;5;3;0;0;0;3;0;12;2;0;0;0;4;0;0;2;1;0;4;0;10;0;0;3;1;0;1;0;0;3;2;4;0;0;0;0;1;7;3;0;0;0;3;3;9;;;1;2;;0;2;0;0;0;1;2;0;6;2;0;0;0;0;0;1;0;0;1;0;0;0;4;0;4;0;0;11;0;0;0;0;0;0;4;0;0;0;3;1;0;4;1;0;2;0;1;0;0;2;2;0;4;3;1;7;5;;0;0;0;0;0;0;4;3;2;1;0;0;3;0;0;3;0;0;3;0;0;;0;3;0;1;3;0;5;;3;0;0;0;2;0;0;2;;2;0;0;0;0;1;0;1;0;0;3;1;;1;;1;3;0;0;5;0;2;0;0;1;;0;0;0;6;2;0;0;0;0;7;0;0;8;5;0;0;1;0;2;0;1;0;1;0;0;0;0;8;0;1;0;3;0;37;4;0;;0;3;0;0;2;0;1;1;1;2;5;3;1;0;3;5;13;8;3;8;8;0;0;0;0;0;0;5;4;0;5;0;0;0;0;0;0;0;0;1;0;1;0;11;2;2;0;7;0;0;1;0;0;;3;0;2;0;0;2;4;2;0;7;1;0;;0;4;0;0;0
05770000;8;0;6;0;5;0;0;14;0;4;8;0;0;0;6;34;0;0;3;8;0;0;1;1;0;0;108;0;0;0;5;57;5;0;2;3;4;10;0;0;10;0;3;10;0;2;0;13;0;4;0;0;0;4;0;0;0;0;12;0;8;16;0;2;40;12;0;0;0;0;0;4;9;0;0;0;0;3;0;4;0;7;0;0;0;0;23;0;0;2;26;0;0;0;0;0;0;102;0;0;0;0;;0;0;0;0;0;14;0;0;0;0;0;0;0;1;0;0;0;0;0;0;2;1;0;0;5;4;0;9;0;0;11;0;3;0;0;2;0;0;9;1;0;0;8;3;2;2;5;2;;0;4;0;0;;3;;2;1;0;6;;1;;2;;0;0;2;0;0;1;2;0;0;3;6;3;0;0;0;0;4;0;3;0;0;0;0;0;0;1;0;1;1;0;0;0;0;0;0;1;7;2;5;2;0;3;0;0;7;5;1;3;7;0;0;5;0;0;11;27;0;0;2;4;7;1;0;0;4;0;2;0;0;1;6;0;0;1;0;0;0;0;0;3;0;0;1;0;0;1;0;;0;0;1;0;0;0;;1;0;0;;0;0;2;;0;0;;0;;0;0;1;2;2;1;1;0;;0;5;2;0;0;0;4;0;0;5;0;0;0;3;2;0;0;1;;0;1;0;1;0;0;0;2;0;3;0;0;0;0;0;0;0;1;1;0;2;0;0;1;4;1;0;1;1;0;0;0;0;1;0;1;1;0;0;13;0;5;0;14;2;10;0;0;0;1;0;0;5;0;0;1;1;0;0;10;3;7;6;0;4;0;0;0;0;0;0;0;0;0;0;0;0;0;1;0;0;0;0;0;0;0;2;0;0;0;0;1;0;6;0;1
05774000;0;7;0;0;0;2;9;2;8;1;4;8;2;5;3;40;15;2;0;1;0;0;0;0;9;0;38;13;0;0;0;5;11;0;0;0;3;14;0;0;0;0;0;6;0;0;0;0;9;3;5;0;0;1;4;2;2;0;0;1;0;1;0;60;22;0;25;0;1;1;0;11;2;13;47;43;29;59;0;37;0;71;35;55;0;14;22;39;52;12;17;44;62;30;0;29;15;0;107;0;0;19;33;;44;92;35;0;0;43;0;0;0;17;0;0;4;30;0;3;3;0;0;0;4;4;0;5;3;15;0;4;7;0;0;0;0;0;0;0;11;3;1;3;0;1;0;0;0;0;0;0;2;3;0;0;8;2;1;0;0;0;5;0;2;;0;;3;;0;0;1;0;0;;4;;3;0;8;6;0;3;2;8;1;0;0;1;6;0;10;1;2;3;16;1;11;0;2;0;2;4;4;0;0;0;0;0;0;1;7;0;0;1;4;3;0;4;4;5;0;54;4;4;5;0;4;0;1;;1;4;2;6;;2;16;;2;1;1;0;0;0;3;0;0;;1;7;1;;0;0;2;0;2;0;1;0;;2;0;0;;5;0;4;2;5;2;;1;0;1;0;;1;2;0;2;0;;0;1;0;7;0;0;4;7;;2;0;3;2;;0;4;3;1;0;0;;1;2;3;0;0;0;0;1;0;2;1;3;0;0;0;0;4;;51;9;1;0;5;6;0;0;0;1;0;0;0;0;5;8;6;2;1;0;0;0;0;4;2;11;0;0;0;1;7;4;19;0;9;0;2;9;4;2;1;0;1;7;0;3;0;5;0;0;5;4;0;;8;0;0;;1;0;4;0;0;0;1;0;0;;6;2;1;;3;0;0;0
05911000;15;9;16;0;2;1;7;0;1;0;3;0;2;2;0;93;0;3;3;0;0;1;0;0;3;0;0;0;1;5;0;17;0;0;4;0;2;0;0;0;1;0;5;3;3;1;0;9;1;4;20;0;0;1;0;7;0;10;0;0;0;3;0;94;27;0;7;0;0;0;0;0;0;0;0;0;0;0;0;63;0;0;0;0;0;0;0;0;2;0;34;0;0;0;134;0;0;0;0;0;0;0;16;0;;0;0;0;141;0;0;0;0;0;0;10;2;0;0;7;0;8;0;5;1;1;4;0;0;0;0;0;4;0;0;0;6;0;0;0;6;0;0;0;0;3;0;1;0;6;0;1;0;4;0;0;0;5;1;0;1;0;0;0;0;1;1;;6;0;;0;2;0;0;0;0;1;5;3;1;9;1;0;0;0;3;0;0;0;3;0;0;5;0;0;3;0;0;7;2;0;0;6;2;1;0;0;0;1;11;10;6;0;3;0;2;3;0;1;0;0;2;12;0;0;5;0;0;2;2;0;4;0;1;5;0;0;2;0;1;0;0;2;0;1;0;8;0;;0;0;0;1;1;1;0;3;0;0;1;0;0;;2;;0;9;8;0;0;0;0;1;0;0;2;1;0;0;0;4;1;9;0;0;1;1;0;2;0;;6;3;0;0;2;0;0;0;0;3;0;0;6;2;4;;0;0;0;4;4;6;0;0;2;0;0;0;1;0;0;0;53;0;0;1;0;0;1;;0;4;0;1;0;5;1;0;3;9;2;0;0;0;1;0;0;7;0;1;2;0;2;8;0;1;0;0;1;0;0;0;0;0;0;;0;0;0;1;1;0;0;0;9;1;0;0;0;;0;3;0;0;0;0;0;0;;;0;0;0;;0;0;0;6
05913000;3;13;9;0;0;8;9;20;12;0;5;0;1;1;0;55;21;0;0;16;0;3;1;3;11;0;39;1;2;6;2;0;0;0;13;5;0;6;0;0;0;1;1;1;0;0;15;0;7;1;5;0;9;0;21;15;0;0;11;0;0;5;0;96;0;3;0;0;12;0;4;21;0;0;0;8;0;0;0;88;0;0;0;0;0;0;0;0;0;13;0;0;0;0;210;1;0;0;0;0;0;0;6;0;127;;0;0;19;0;0;0;0;0;0;746;15;31;2;19;8;2;0;4;0;0;3;0;9;0;0;0;0;0;0;0;0;0;0;0;0;6;0;0;0;0;0;0;3;7;0;0;0;0;0;0;0;5;1;0;0;0;0;0;0;0;0;0;0;5;0;1;3;2;0;5;0;0;0;12;0;0;0;8;2;3;2;5;4;0;4;0;66;0;0;0;0;0;13;14;7;7;0;0;0;0;10;6;3;2;9;14;0;15;0;0;9;0;0;0;2;0;6;61;0;0;0;4;1;5;7;6;7;1;0;0;0;0;4;1;0;8;7;8;3;0;0;0;1;0;0;0;0;0;3;0;1;0;0;0;0;4;2;0;4;5;1;5;3;0;0;0;1;0;3;0;2;4;2;1;0;16;0;0;0;2;0;2;0;1;0;0;0;0;1;2;1;2;4;14;0;1;0;0;8;0;4;1;0;0;6;7;0;1;0;2;2;0;0;0;1;1;0;13;26;0;0;1;9;0;6;0;0;0;2;4;0;7;0;0;5;4;1;4;0;0;16;1;1;0;4;0;0;0;0;0;5;0;0;0;1;0;1;1;1;0;0;0;0;0;0;0;0;1;0;0;0;0;0;0;0;;0;0;0;0;2;0;0;0;0;0;0;0;0;0;6;;0;1
05914000;5;1;0;4;0;0;2;4;5;1;6;0;5;0;0;16;2;0;2;0;0;0;0;4;1;0;11;11;5;4;1;0;0;5;6;5;;0;0;2;9;0;1;2;5;2;1;0;0;5;7;0;0;0;3;0;0;10;0;0;0;12;0;35;0;0;0;0;0;0;42;0;10;0;3;0;0;0;0;4;0;8;0;0;0;0;0;0;0;0;8;0;0;2;0;0;0;0;0;0;0;0;6;0;64;14;;0;0;88;0;78;0;0;0;74;2;5;4;0;0;7;0;0;0;5;1;0;0;0;0;0;1;2;1;0;0;0;0;0;0;0;0;0;3;2;0;6;0;0;1;0;0;7;1;1;0;0;0;0;;0;0;4;0;;2;1;0;1;2;1;4;2;;0;1;;0;0;2;8;1;4;13;0;1;0;0;1;0;;0;4;1;0;0;0;4;0;;;0;0;;3;6;10;;6;0;4;0;0;4;0;2;0;0;0;0;1;1;0;1;2;0;0;1;0;0;2;0;3;0;0;1;0;2;2;0;5;2;4;3;1;0;;1;;1;1;1;0;0;0;2;0;0;0;1;2;;0;0;1;;0;0;1;4;0;1;1;0;0;;;;1;1;1;2;0;2;11;0;0;1;;;1;0;3;3;0;2;1;;;0;0;2;0;0;;2;;0;0;0;0;0;;0;1;0;2;0;;0;0;1;8;0;1;0;;5;0;0;2;1;1;1;;;0;2;;0;0;0;3;0;0;0;0;0;1;0;0;0;0;0;0;0;0;8;;0;0;0;1;;0;0;2;1;0;2;1;0;0;0;0;1;0;0;0;2;;0;0;0;0;0;3;;0;0;;0;0;0;1;0;;2;0
05915000;2;0;1;1;3;0;0;0;5;4;0;1;0;0;0;1;0;0;0;1;0;;1;5;3;0;26;0;0;0;7;3;0;0;0;3;;4;3;0;1;3;5;0;3;0;2;1;4;2;13;0;0;2;1;5;0;0;1;8;5;0;0;20;17;0;22;0;15;0;11;5;0;21;10;38;13;36;0;0;1;21;16;28;6;18;10;13;33;37;14;90;40;56;3;29;114;0;27;0;0;47;3;19;43;86;35;;0;17;75;12;27;58;74;0;2;5;8;0;0;0;0;2;5;3;0;3;3;0;4;0;2;0;1;0;0;4;0;6;10;4;5;3;6;0;;4;2;0;5;;0;0;0;0;1;0;0;;2;0;8;;;;1;0;0;2;0;0;;1;1;0;3;;6;4;0;2;1;3;5;0;0;1;0;0;0;0;0;0;3;0;0;2;0;1;0;1;0;0;0;3;0;4;7;1;3;3;2;1;2;0;0;0;0;0;1;;1;4;1;0;7;0;2;0;0;0;2;3;;0;3;0;0;;4;1;2;3;0;0;4;;0;;;2;0;1;0;0;0;;1;0;1;0;0;;5;0;0;1;1;5;0;2;0;3;0;1;;1;0;0;1;0;2;0;;0;2;;0;0;1;2;0;0;0;0;0;0;2;2;1;3;;1;0;;1;;0;0;0;0;0;1;2;0;0;0;0;0;;1;3;0;16;2;1;0;0;0;0;0;3;0;0;1;;1;0;0;1;0;1;0;0;0;2;4;0;5;0;0;0;4;0;0;0;0;4;1;0;0;2;0;0;0;0;4;0;0;4;5;;3;2;3;0;0;0;0;;0;0;0;0;0;0;0;1;;0;0;;;2;0;3;;1;0
05916000;0;6;0;0;1;1;6;4;0;5;3;2;0;0;0;8;0;0;3;1;0;0;3;0;0;1;0;0;4;5;0;0;0;0;3;1;;0;0;0;0;0;4;3;1;1;0;8;14;0;6;1;20;5;1;7;0;0;2;0;3;0;4;8;0;0;10;0;10;18;0;12;0;0;29;3;20;30;0;0;0;0;0;2;0;0;1;0;0;2;26;1;0;20;108;2;11;0;8;0;9;0;0;5;0;0;11;13;;26;0;24;3;19;0;0;0;1;0;3;1;6;0;0;0;0;0;1;0;0;4;2;0;3;1;0;2;0;0;14;0;2;0;0;0;0;0;1;0;0;0;1;0;2;0;;0;1;;0;0;1;5;1;;;3;;0;0;;1;0;1;0;;0;;0;0;0;0;0;2;3;2;;;1;0;0;;0;2;2;0;0;2;0;0;5;0;0;1;0;0;1;4;1;0;3;5;0;0;0;1;;2;3;0;2;0;0;5;1;0;0;0;1;0;1;0;0;1;;1;0;;0;0;2;0;2;3;0;1;2;;2;2;;0;0;0;4;;;1;0;1;1;0;0;;2;1;0;0;2;2;0;;5;;0;1;;;0;;;0;;1;;0;2;2;1;0;9;;1;;0;4;0;0;0;;;1;1;2;0;0;1;2;0;4;0;0;0;;2;3;3;0;0;;1;0;1;0;3;0;0;;1;2;;3;3;0;0;;0;1;0;2;;0;1;0;0;1;0;1;2;0;0;0;0;;0;1;0;0;1;2;;0;0;0;0;0;0;0;0;2;0;0;0;6;0;0;0;2;0;0;0;;;6;0;1;1;0;0;0;;3;0;0;1;0;0;0;0;
05954000;1;2;1;1;0;0;1;15;2;2;0;11;0;2;5;43;1;0;0;2;0;1;1;0;2;0;5;4;0;0;0;2;6;7;13;0;2;9;0;1;2;0;0;0;1;0;0;0;8;7;15;4;9;7;3;25;0;0;5;2;13;0;5;32;24;3;5;0;0;0;0;4;0;0;0;0;0;18;0;0;6;10;0;0;0;0;26;0;0;16;0;0;0;25;0;0;5;0;9;0;0;10;34;0;124;2;0;0;0;;2;12;0;0;0;0;0;5;0;0;0;0;0;0;0;0;2;0;0;0;4;0;3;0;3;0;0;1;0;0;9;0;0;5;1;0;0;0;0;10;2;2;0;6;2;0;0;0;1;0;0;3;0;;0;8;0;;0;0;0;1;;0;3;1;2;0;0;1;11;2;2;0;0;0;0;0;5;0;3;0;0;0;4;0;0;0;6;3;6;2;0;9;0;1;8;1;5;7;17;15;4;0;3;0;0;0;0;15;0;0;0;1;;;1;0;0;0;0;2;0;3;0;2;1;1;0;5;0;7;0;0;0;0;3;;0;;0;1;3;;;;2;;4;0;3;0;1;;7;;0;0;0;0;0;0;;;4;;;;;0;1;0;0;3;1;2;0;0;1;0;2;;0;;0;0;1;4;;3;0;0;0;5;1;1;1;1;0;0;0;1;0;0;7;0;2;12;0;2;0;1;0;0;45;0;2;0;0;1;5;0;0;0;0;0;0;1;0;3;;0;0;0;1;0;0;1;0;4;0;2;1;0;7;0;0;2;12;0;0;0;0;0;;12;2;3;6;3;0;0;;1;1;0;0;2;0;0;0;;0;0;;2;0;3;0;3;2;;0;;0;1;;;;0
05958000;0;2;0;0;0;0;2;9;0;0;5;7;1;1;1;9;6;6;0;1;3;1;2;2;2;0;9;2;1;16;0;3;5;0;5;1;3;0;1;0;0;9;4;0;0;0;0;14;4;0;18;0;0;3;0;3;2;9;6;0;3;11;0;19;0;10;8;0;0;13;2;0;17;0;0;8;0;6;0;18;5;26;0;0;0;6;6;3;0;0;20;18;0;0;0;0;7;0;0;0;0;0;1;61;44;128;22;0;20;0;;0;0;0;0;0;6;18;1;5;0;3;1;1;0;0;1;5;0;5;0;2;1;17;0;12;1;0;0;0;80;0;0;11;3;0;0;1;7;5;1;1;1;0;0;0;2;0;1;;0;1;0;0;0;0;0;;0;0;0;0;0;;0;0;6;1;0;10;0;0;3;0;3;0;1;;;0;2;0;0;0;0;4;1;0;3;14;0;8;2;0;0;2;0;0;7;0;2;4;0;1;1;1;1;1;4;1;2;0;1;13;0;1;3;3;0;0;2;1;0;4;2;1;4;;0;5;1;4;2;0;0;0;1;;1;4;1;0;1;4;0;0;1;0;4;0;0;1;;4;0;;2;1;0;1;0;0;0;1;0;3;1;2;0;;;6;0;7;0;5;0;0;0;;1;6;;0;3;0;0;7;0;0;0;3;8;3;0;1;1;0;3;4;1;0;0;2;1;2;1;0;0;0;0;0;0;2;0;4;0;1;3;0;;0;5;0;1;1;1;0;;;;1;2;1;0;0;0;0;0;14;0;3;0;0;0;0;0;1;0;0;0;0;0;1;1;0;2;0;0;1;0;0;0;4;1;1;;2;0;1;0;0;0;7;2;0;0;2;0;0;1;;1;0;;2;0;;0;2
05962000;0;6;6;0;13;0;8;14;1;1;7;11;0;5;8;33;2;0;0;2;0;0;2;0;4;0;29;9;0;4;0;1;4;0;23;13;0;0;1;3;2;0;0;0;2;0;11;4;3;8;11;0;0;17;0;20;1;13;0;7;1;15;4;66;12;34;10;0;0;1;0;15;0;0;0;3;0;0;6;75;3;49;26;22;0;0;0;4;0;10;54;69;0;0;0;0;13;0;0;0;0;0;13;16;78;145;0;0;0;0;13;;0;0;0;0;3;27;11;6;0;2;3;6;1;0;3;0;6;0;0;0;0;13;8;1;0;0;0;0;1;0;2;2;0;1;0;5;8;22;0;3;0;3;3;2;0;0;0;1;4;10;0;0;0;3;0;;0;1;0;0;0;3;2;3;0;2;3;0;0;0;0;0;0;4;1;0;3;0;1;0;8;7;3;0;3;0;5;0;2;0;0;5;11;0;0;0;0;0;2;7;10;6;4;1;0;0;0;3;6;4;0;1;7;5;2;1;0;0;0;1;3;1;5;3;0;0;7;0;1;6;0;0;0;0;0;;1;;2;0;;0;0;4;3;1;2;2;0;1;1;0;2;1;0;1;3;0;1;0;0;0;0;5;2;0;2;0;0;6;9;2;0;0;1;4;2;1;0;1;5;3;0;0;0;1;0;1;0;3;0;0;4;0;6;5;3;8;0;0;0;0;0;0;0;0;1;4;0;0;3;0;29;0;3;3;3;0;5;;0;3;3;2;0;4;0;4;1;2;1;6;5;0;0;3;8;1;3;0;0;2;0;0;10;4;0;10;9;17;0;0;4;2;4;2;4;4;0;6;0;2;0;2;1;7;0;0;0;0;0;1;;3;1;1;2;0;0;;0;0;1;0;0;0;0;0
05966000;0;0;1;;0;;3;0;1;4;4;0;0;1;;13;0;;5;0;0;1;0;0;;0;0;6;4;0;;1;0;2;0;0;;6;;0;0;7;;0;0;;0;0;0;2;0;0;4;4;0;0;;2;0;4;5;7;1;4;0;0;0;0;0;1;5;7;0;5;0;0;9;17;0;8;0;0;2;39;0;16;50;18;11;15;36;12;30;8;0;4;24;0;19;0;3;13;22;5;28;33;42;0;0;25;57;104;;234;0;0;3;7;0;0;4;0;0;0;2;0;4;3;0;0;0;5;5;0;2;8;0;1;0;5;0;1;5;0;1;0;1;0;0;7;0;0;4;0;7;0;;;;;0;0;0;;1;;0;;;;1;0;0;;;2;2;0;0;2;1;1;5;1;0;0;1;;3;;0;3;0;4;;0;0;0;2;0;0;0;;1;1;0;2;;;0;2;0;0;7;1;1;;8;1;7;5;0;0;5;0;1;1;0;0;6;2;1;0;0;0;;1;;2;;1;0;1;0;;;;1;0;1;0;4;0;1;1;;0;0;0;1;;;1;1;;0;0;0;0;;0;0;;1;;;;;;;1;3;0;0;;0;2;;1;;;;3;;2;;0;;1;0;0;1;;;1;;;;0;0;0;;1;0;0;;;1;3;;0;0;1;;0;;;;1;0;3;;0;0;0;;0;1;1;;0;;;3;;1;1;3;3;;2;0;0;0;1;0;3;1;0;0;;0;;1;;0;0;;0;1;2;0;0;1;2;2;1;0;0;0;;;1;0;;;0;0;0;;;;0;;;;0;;;
05970000;2;0;4;;4;4;16;0;0;2;8;7;0;4;1;41;5;0;2;1;0;0;0;;6;0;0;0;4;3;0;0;0;2;0;3;0;0;0;3;0;1;3;0;0;0;4;8;10;1;14;6;4;4;1;3;3;5;5;4;0;4;0;67;13;0;0;0;0;7;0;9;19;0;20;4;0;0;17;224;1;8;0;17;0;9;0;0;0;6;18;27;0;8;0;0;1;0;6;0;0;8;7;0;21;37;13;0;0;6;2;9;0;;0;0;0;22;14;5;0;2;10;8;2;0;0;3;2;9;4;0;0;38;5;2;10;0;13;4;0;0;3;11;162;6;0;5;15;12;0;0;70;2;3;9;0;1;4;0;0;0;7;1;1;;0;0;0;2;;7;0;;0;6;3;2;7;11;6;0;4;0;1;0;1;4;0;1;2;2;0;0;1;2;0;0;5;0;2;0;0;10;7;5;0;0;6;0;9;7;1;20;0;3;0;2;4;0;0;2;5;48;1;1;6;0;3;0;5;0;0;1;0;5;1;7;0;0;2;6;0;7;1;0;0;4;0;0;0;;0;1;0;2;0;0;3;0;0;1;0;0;1;0;;1;3;1;0;1;0;2;1;0;0;;1;;0;6;2;11;1;3;0;;0;3;2;1;1;0;8;0;0;0;1;1;0;2;3;0;0;1;2;1;0;0;0;;2;0;0;2;3;3;11;6;0;0;0;;1;0;0;5;0;0;2;0;6;0;0;1;1;0;4;1;2;0;;6;7;3;1;0;3;8;0;8;0;2;0;0;8;7;4;0;6;5;0;0;0;4;17;0;2;1;1;5;1;3;;0;0;0;0;1;0;0;1;0;1;5;0;1;0;2;0;2;0;;0;;;0;;0
05974000;0;0;6;1;11;0;5;14;6;4;5;6;0;0;0;20;2;0;0;0;8;1;5;5;3;0;10;2;3;0;15;2;0;0;0;0;;7;2;0;5;15;5;0;4;3;2;8;0;0;25;0;13;3;2;0;0;0;12;0;3;2;1;44;63;0;30;0;0;11;34;26;0;23;99;69;61;132;0;0;6;73;60;116;0;33;61;67;83;55;111;74;35;98;0;92;114;0;260;0;74;97;72;49;85;40;117;0;15;170;319;77;96;81;;0;0;28;0;1;0;3;0;7;0;2;11;0;0;6;0;0;2;0;0;0;2;0;8;0;0;9;1;4;6;9;0;1;0;2;0;5;0;1;2;0;1;1;0;0;1;0;0;0;0;;1;1;0;0;0;0;0;;0;1;0;1;13;7;0;1;0;3;2;0;0;0;2;2;0;0;1;0;0;2;0;0;0;2;0;3;0;2;1;0;0;3;2;2;7;4;4;4;8;6;0;0;0;0;4;1;1;0;0;1;0;0;5;1;3;1;0;2;3;0;0;2;0;0;2;4;2;0;1;0;3;1;0;0;3;0;0;0;;0;0;0;0;2;;0;8;1;1;;;1;1;2;0;0;1;;0;0;0;;0;0;1;0;2;0;;2;4;;0;0;;0;0;0;0;2;0;1;1;0;0;;0;0;0;0;0;;0;7;0;1;0;0;0;0;0;4;3;3;0;1;0;0;10;0;0;;0;1;0;0;0;0;0;;0;0;0;0;9;1;0;0;2;2;12;0;13;2;0;0;0;0;7;3;3;5;9;0;3;0;1;3;0;12;5;0;1;1;0;0;0;0;0;2;0;1;0;0;0;;0;1;2;0;0;3;4;0;0;0;2;3;;;0;;;0
05978000;0;1;0;0;8;0;8;8;0;0;0;4;0;0;0;21;3;0;2;3;0;1;0;2;1;0;0;10;4;0;0;0;0;7;18;0;2;9;4;15;0;4;4;0;0;1;9;3;1;7;15;1;28;26;7;11;5;13;0;2;0;0;0;24;46;0;37;0;18;11;28;34;4;121;173;200;72;171;0;0;72;65;136;52;126;66;39;52;137;18;19;247;159;131;511;446;121;0;40;205;144;79;33;235;0;0;0;788;233;67;167;121;584;64;3009;;0;0;11;3;0;5;0;0;0;0;;6;0;0;0;9;1;0;0;0;9;2;0;2;0;3;0;0;0;8;0;6;0;0;0;4;5;0;2;4;0;0;0;0;1;0;7;0;0;;4;0;0;0;2;0;4;1;0;0;0;2;6;0;4;5;0;14;0;2;0;0;3;0;7;0;1;1;1;8;5;3;0;0;0;4;0;8;1;0;0;1;4;2;0;0;3;0;2;4;0;1;1;0;2;0;3;12;0;;5;0;3;2;0;0;0;0;0;5;0;1;0;0;0;0;2;3;0;0;1;6;1;1;0;0;0;0;3;1;2;;6;9;1;1;0;1;0;4;;2;1;0;0;0;0;1;1;4;;0;0;0;3;0;0;0;0;0;0;0;1;2;9;0;0;;0;0;0;0;0;2;;;1;1;1;4;;;2;0;;3;3;4;;0;0;3;0;2;0;0;2;2;0;1;0;0;0;;2;0;0;0;0;5;0;;0;0;4;0;0;2;1;5;5;1;5;0;0;0;0;0;0;5;0;2;1;0;0;0;0;1;6;0;0;0;1;0;0;3;1;0;0;0;2;0;0;1;1;1;5;0;0;2;2;0;3;2;;;1;1;0;0;1;4;1;0
06411000;0;0;11;0;1;0;12;0;3;2;0;8;0;6;0;112;6;0;1;0;0;0;0;1;0;39;0;1;0;0;1;0;2;0;4;4;;0;3;2;5;1;0;8;5;0;0;0;0;0;0;3;6;0;1;2;3;0;3;0;4;20;0;11;0;0;1;1;0;2;0;3;0;0;0;3;0;0;0;18;1;0;0;0;0;2;0;0;1;0;3;0;5;3;0;0;0;0;0;0;1;0;0;0;0;0;0;0;0;7;0;0;0;10;6;2;;136;37;200;236;499;255;150;236;100;15;303;72;0;0;126;56;0;30;0;55;3;0;95;0;56;0;2;0;0;0;0;0;2;0;0;0;0;0;0;0;1;0;0;0;0;23;0;0;3;0;0;0;12;4;24;1;0;0;0;0;1;20;2;0;1;3;3;9;1;1;0;0;2;11;0;4;12;6;0;0;0;0;7;1;3;8;15;4;1;0;0;3;3;8;12;0;19;0;0;0;0;5;1;0;0;7;112;2;1;2;3;0;2;0;0;0;8;1;0;4;2;6;1;0;5;2;4;0;1;0;5;0;1;0;0;2;0;0;;0;;4;0;0;3;0;0;0;3;0;0;6;0;8;2;0;0;0;5;;1;4;2;0;8;7;22;;0;0;0;0;0;2;2;0;1;10;0;0;0;0;0;8;10;4;1;6;0;2;;1;1;0;0;0;0;4;0;0;2;0;0;6;0;4;0;76;3;0;1;5;1;4;0;4;1;3;0;0;1;2;;0;0;0;0;2;0;0;2;0;0;0;0;2;0;0;0;0;10;0;0;2;0;3;0;0;0;0;;0;0;0;3;2;0;0;0;0;1;0;0;0;0;0;1;0;0;3;0;0;0;;0;0;0;0;0;11;;2;1
06412000;2;0;1;0;3;12;1;13;0;0;0;0;4;10;0;130;0;0;10;0;0;0;0;7;0;0;0;0;11;0;6;0;0;0;0;11;0;2;8;0;0;15;1;0;3;6;0;0;6;2;13;1;9;6;0;1;0;0;0;1;0;0;0;31;0;0;0;4;0;3;0;0;0;0;0;0;0;20;0;0;8;0;0;0;0;0;0;7;0;2;13;0;0;0;0;0;11;0;0;0;0;3;7;0;4;0;0;0;0;0;0;0;0;0;0;4;0;;447;65;0;112;136;1416;956;864;0;805;76;594;0;60;56;0;62;0;0;0;0;0;0;5;0;0;0;5;16;0;8;2;8;1;0;0;6;0;0;0;1;0;0;0;0;4;0;0;0;0;16;0;0;0;6;0;0;0;29;4;0;0;0;0;0;1;0;0;0;0;0;0;0;0;0;0;7;0;0;0;0;0;0;0;0;0;0;5;0;6;0;4;0;21;0;0;0;0;0;0;0;5;0;0;0;137;0;0;0;0;0;0;5;0;0;7;0;2;19;5;9;5;0;0;0;0;0;0;0;0;1;0;4;1;0;0;0;0;0;0;1;0;0;3;0;0;1;7;0;0;0;2;0;2;0;0;0;2;0;0;0;0;1;0;0;0;0;0;2;0;0;0;0;2;0;0;0;29;12;12;0;7;18;8;0;8;0;0;7;0;0;0;0;1;0;0;4;4;0;4;0;0;8;1;0;0;152;9;0;1;0;9;0;4;7;1;15;0;2;0;0;0;0;3;2;0;0;0;6;0;13;1;0;0;0;0;2;0;0;0;0;7;0;0;0;0;2;0;0;0;0;0;2;0;0;9;6;0;0;0;0;0;0;0;6;4;0;0;13;0;1;2;1;0;0;0;1;0;1;0;0;0
06413000;11;0;0;0;1;0;0;10;0;0;0;0;1;0;0;9;0;4;0;0;0;0;0;0;1;1;0;0;0;1;0;5;0;0;0;0;0;0;;3;0;5;2;0;1;0;0;3;0;;0;0;0;2;;1;0;0;0;1;6;3;0;2;4;2;3;3;0;0;7;3;0;0;0;0;0;0;13;5;0;0;2;0;1;0;0;3;0;0;1;3;3;0;3;7;0;0;0;0;0;0;0;3;4;0;0;0;0;2;0;0;2;0;1;0;0;0;;24;0;0;0;17;307;19;0;371;14;29;0;3;0;0;15;0;0;0;0;4;0;1;0;0;0;0;0;1;3;0;0;5;7;0;0;0;0;3;0;0;2;0;1;3;0;1;3;0;0;0;0;0;6;0;2;1;0;1;0;1;3;0;0;0;0;0;0;0;2;0;2;0;0;1;0;0;0;0;3;3;3;1;2;0;5;0;4;0;6;1;0;7;1;0;0;0;1;0;0;0;0;0;0;0;4;0;0;;0;0;0;0;0;0;3;;4;0;0;1;6;0;1;0;0;;0;0;0;0;0;7;0;;0;6;6;1;0;5;;2;0;;2;0;0;1;0;0;0;0;1;0;1;0;0;0;0;0;0;0;0;0;1;0;2;1;0;2;;0;0;0;0;30;0;2;2;0;17;0;2;0;0;;0;;0;2;;0;0;;0;0;0;0;0;0;3;0;0;3;0;4;0;1;0;1;0;0;0;0;0;;1;;0;;;1;;0;0;0;1;0;0;0;0;1;;1;2;0;0;2;1;1;;0;2;0;0;0;0;0;0;2;0;2;;2;4;0;0;0;6;0;0;0;0;0;0;0;0;0;0;0;;0;0;0;1;0;0;0;;
06414000;0;0;5;1;0;0;9;4;5;10;5;5;1;7;0;53;0;0;0;0;0;0;5;0;0;0;0;4;0;0;0;0;1;4;0;2;1;5;3;2;0;12;1;0;0;0;0;3;2;1;0;0;1;3;7;3;0;4;0;2;2;5;0;15;10;0;2;0;0;0;0;0;0;0;0;0;2;0;0;37;12;5;0;10;6;0;0;0;3;0;12;0;0;2;0;13;0;11;0;0;0;0;11;0;0;0;5;2;0;0;0;0;4;0;0;0;0;0;0;;0;0;8;0;0;0;0;0;318;0;0;4;51;0;0;0;13;0;0;0;0;9;0;0;0;1;0;0;2;0;0;102;13;0;18;0;0;0;2;0;4;0;0;1;0;5;0;0;45;0;7;0;0;4;0;12;135;0;0;0;1;4;1;0;0;3;0;0;0;0;1;9;0;0;0;0;0;0;0;0;11;2;2;2;0;5;0;0;0;0;5;13;0;3;0;0;0;4;0;0;0;5;0;5;0;0;0;0;3;0;1;0;0;2;2;6;4;0;0;0;6;0;13;0;0;4;0;0;1;0;0;2;0;;3;1;0;0;5;0;4;1;0;4;2;0;;0;0;2;4;7;0;0;0;0;4;;4;1;0;0;3;10;4;4;1;5;5;0;;0;13;0;0;0;0;0;0;0;0;0;0;0;0;0;0;0;0;6;0;0;0;0;1;0;0;11;0;1;0;0;8;0;106;0;0;1;0;6;0;0;0;0;0;0;3;0;1;;;1;0;0;0;0;0;0;6;1;0;0;1;4;0;3;2;4;2;0;0;10;3;6;1;0;0;1;0;0;0;2;0;4;8;0;0;2;0;0;0;1;4;;5;0;0;1;0;0;0;0;0;0;0;0;2;2;0;0
06431000;3;4;7;0;2;3;8;0;6;3;5;4;2;0;0;10;1;1;1;0;2;1;0;0;4;0;14;4;0;0;0;0;1;0;5;0;0;7;0;3;0;5;3;0;1;0;4;0;;3;12;0;0;3;1;0;2;0;6;2;2;0;3;8;4;0;2;3;1;3;0;0;0;1;0;0;0;1;2;4;0;3;0;10;5;2;0;0;0;1;0;3;2;0;3;0;4;5;0;0;0;2;3;0;8;0;0;5;0;7;1;2;0;1;1;2;0;19;14;10;;0;0;0;7;0;0;0;2;0;0;0;0;0;0;0;0;0;0;8;0;8;0;0;0;3;8;1;0;4;0;0;0;0;5;0;0;0;0;4;3;0;19;11;0;15;5;0;24;21;0;11;4;1;8;0;22;8;0;0;0;2;0;0;0;0;0;0;0;3;0;4;0;34;9;0;0;0;0;0;0;0;0;5;2;6;16;2;8;0;7;3;8;0;0;0;0;0;0;0;0;0;1;27;0;1;0;0;0;0;0;0;0;0;4;4;0;0;11;0;0;2;0;2;0;3;0;;0;0;;1;10;;0;0;0;1;0;0;0;0;0;0;3;2;0;1;0;5;0;0;1;0;1;2;1;0;;1;0;0;0;8;;5;0;2;0;1;0;0;0;0;2;0;5;0;5;0;5;5;2;0;0;0;0;1;0;0;3;0;3;0;4;0;0;1;15;1;1;7;0;5;24;;;2;1;0;1;0;0;1;;0;1;;0;;5;0;0;0;0;0;0;7;3;7;3;19;0;0;0;0;0;2;3;7;4;0;0;0;2;1;3;;0;0;0;;2;;1;2;0;;0;1;5;1;4;0;1;0;1;;0;0;;1;0;0;0;0;1;2;0;1
06432000;4;0;3;0;1;3;14;0;6;15;2;12;8;0;2;10;0;6;;1;0;;0;0;0;0;10;0;5;4;1;0;3;5;2;0;2;0;0;0;2;10;;1;0;0;0;0;2;0;10;0;0;6;0;0;0;0;1;0;5;6;0;7;2;0;0;0;0;0;9;3;7;0;9;4;0;1;10;0;0;0;7;12;0;0;7;0;3;;4;0;5;3;2;3;9;0;1;5;5;7;3;0;0;0;0;5;0;5;0;0;2;0;0;0;0;0;10;44;106;;49;0;44;24;107;0;0;0;0;13;0;0;0;0;10;0;0;0;0;6;2;0;2;0;4;0;0;15;7;10;4;0;0;0;4;2;1;0;8;0;55;5;0;0;9;1;35;1;7;0;0;9;0;13;0;3;0;7;0;2;10;0;0;0;8;1;4;3;11;5;18;3;0;25;18;14;8;0;0;5;2;21;1;0;4;0;0;1;0;2;6;0;6;4;0;4;0;13;4;4;3;28;2;0;11;0;0;0;3;1;0;0;0;4;0;2;2;0;0;4;7;0;2;1;1;;0;0;0;5;0;0;1;2;1;0;3;0;1;4;0;0;0;0;3;0;8;4;0;0;;3;0;1;4;1;3;;0;8;1;7;0;1;0;0;2;7;2;5;22;0;2;72;12;1;0;2;28;0;2;6;8;1;0;0;0;2;1;0;0;0;4;6;3;2;1;0;7;0;3;0;12;3;0;0;1;0;9;2;0;;0;5;6;1;0;3;0;0;2;4;1;4;;5;0;7;3;0;2;6;3;5;5;;2;5;2;7;6;0;;1;0;3;0;0;0;2;0;2;0;1;0;7;0;4;4;;0;0;0;3;3;;0;3;3;;0;4;;1;1;0;0;1
06433000;0;1;0;0;6;0;3;2;0;0;1;4;7;0;3;0;0;0;2;1;0;;4;2;2;0;0;1;6;1;0;2;0;1;4;5;;0;;2;0;0;0;7;0;0;1;3;0;0;3;0;0;1;1;1;2;0;1;1;6;0;0;7;7;0;3;3;0;14;2;0;0;13;1;11;0;4;1;6;0;11;1;1;4;3;0;3;14;4;0;3;4;0;0;0;9;3;4;0;4;3;4;1;4;5;0;0;0;3;0;0;5;0;2;9;0;0;19;0;39;0;;43;41;8;25;108;6;0;0;7;39;0;0;0;0;19;0;0;0;2;0;0;9;1;5;0;5;1;9;39;16;3;0;3;0;4;0;0;0;0;14;0;3;4;12;3;63;0;8;9;0;4;10;10;96;3;0;0;4;0;5;7;4;2;6;0;3;2;5;0;6;6;0;0;1;0;3;0;0;7;3;2;2;4;0;0;0;0;6;20;10;2;1;0;3;9;0;6;4;6;1;22;0;1;6;4;0;0;0;5;3;0;1;3;0;0;0;0;0;0;2;2;2;0;0;1;0;0;9;0;8;0;1;2;1;;0;0;7;4;0;0;4;;0;0;3;0;3;1;1;2;0;;0;0;2;;2;0;0;0;0;1;6;4;3;0;0;3;12;4;3;25;6;1;0;1;0;10;0;7;0;2;3;0;1;0;0;2;0;3;5;0;3;0;8;0;1;6;2;2;7;2;0;0;1;0;5;;2;0;0;0;0;0;6;;0;0;;7;0;0;3;0;5;0;0;5;1;0;4;2;0;3;2;2;0;0;5;0;1;0;0;;0;0;0;0;;0;5;5;0;0;0;1;1;1;0;0;0;0;0;6;0;5;4;0;4;0;2;;1;1;;6
06434000;5;5;0;2;10;1;6;10;0;5;11;0;3;0;0;26;4;;5;6;0;0;0;1;3;0;6;6;0;0;10;1;1;9;1;0;1;1;0;0;0;6;0;0;0;0;0;2;6;0;10;0;10;4;1;0;10;0;1;2;7;8;0;0;7;0;0;0;0;0;2;6;0;1;2;2;0;0;2;0;1;9;4;0;0;3;2;10;0;5;2;0;0;2;6;2;7;0;6;8;6;0;0;1;0;0;0;0;1;3;0;0;2;0;0;1;0;0;0;31;21;18;0;;49;0;0;0;36;0;0;28;91;0;0;0;2;0;0;2;0;4;5;10;2;2;0;0;0;0;8;5;2;0;0;0;0;0;0;0;6;0;18;4;0;0;5;1;6;0;3;1;1;0;3;0;10;7;0;0;1;0;0;12;0;2;5;0;4;2;0;2;4;0;4;7;18;4;0;3;6;0;2;15;0;5;12;1;0;0;0;11;2;4;11;5;1;0;0;8;0;0;5;75;0;0;7;2;0;1;0;0;15;2;3;5;0;2;4;0;2;12;10;0;2;0;0;0;0;1;0;4;2;3;0;;0;;1;;1;3;3;2;6;1;0;0;0;0;0;2;0;4;1;0;;0;1;0;0;2;1;0;0;0;2;0;0;2;0;0;4;0;0;15;9;1;0;5;0;0;0;0;0;4;0;1;;0;;5;0;0;2;3;0;2;0;0;2;0;1;7;18;0;2;0;0;0;0;1;0;0;2;0;1;2;0;0;0;0;2;0;1;3;2;1;0;2;3;0;0;0;1;0;0;2;0;;;7;0;0;;3;6;;0;0;0;0;;2;2;0;0;3;0;0;0;1;6;;0;3;5;0;0;3;6;;0;0;0;4;0;0;0;0
06435000;0;3;0;0;4;1;14;10;0;3;6;18;4;7;0;27;0;0;0;3;0;1;0;0;0;0;1;1;0;13;3;0;0;6;1;1;0;0;7;7;1;12;4;2;3;0;0;1;3;1;2;5;0;10;1;6;0;2;0;0;7;0;10;1;0;13;16;0;0;6;2;0;11;2;0;4;8;4;1;17;8;0;0;12;2;0;0;2;1;0;5;0;0;0;8;0;0;0;4;12;3;3;0;0;0;3;0;0;0;8;6;0;0;0;8;17;0;0;0;7;0;0;0;0;;0;3;0;0;0;0;0;9;0;11;0;38;0;0;12;0;0;3;4;1;0;4;2;6;0;0;11;0;5;0;0;0;0;1;0;4;0;7;0;0;7;1;2;0;5;0;0;4;0;0;0;0;2;0;0;2;0;0;4;8;4;0;0;12;0;0;8;1;11;0;0;21;0;0;4;6;7;0;5;0;6;0;0;0;0;1;6;20;0;2;0;0;0;5;0;0;0;0;22;0;1;3;0;;5;4;0;0;0;0;0;0;1;3;0;0;0;1;8;3;;0;1;0;1;7;0;3;5;7;0;5;0;5;;0;0;11;1;0;0;1;2;0;0;2;1;0;2;2;2;0;0;3;1;1;0;0;17;2;0;0;1;0;2;0;5;7;0;19;112;17;15;0;4;38;24;4;5;0;0;0;2;2;8;0;2;0;0;2;0;0;8;12;3;2;0;0;;0;0;0;3;0;8;0;0;1;0;;0;3;0;7;3;0;0;6;9;0;16;9;6;5;0;5;3;2;9;6;0;0;1;1;4;1;16;0;0;0;0;0;5;0;4;7;0;1;3;2;0;14;0;6;0;5;0;0;0;0;17;0;10;6;0;3;4;1;0;0;0;3;0;1;
06436000;3;0;3;0;0;9;31;3;6;8;3;6;2;0;0;17;0;5;0;0;4;1;0;2;3;0;1;0;1;5;2;3;0;4;0;8;;0;0;12;4;9;2;0;;0;0;2;5;3;4;0;7;1;2;1;0;6;0;4;2;0;0;0;4;0;0;0;3;0;0;1;6;2;0;0;0;5;3;4;2;1;4;1;3;0;0;4;5;0;4;9;15;1;0;0;1;0;0;0;3;0;2;0;0;2;0;0;2;2;1;3;3;7;0;1;0;0;0;148;33;0;0;276;77;;0;35;131;0;0;3;98;0;15;0;20;0;0;12;0;14;0;0;11;0;5;0;12;15;14;51;10;3;4;2;0;6;1;0;7;0;47;2;3;5;0;1;12;1;0;5;0;0;5;0;25;4;0;0;3;5;9;8;9;0;0;1;2;0;0;0;12;1;1;22;5;3;0;0;2;2;1;6;3;5;0;4;0;0;7;0;20;4;0;0;2;3;0;4;3;3;0;34;5;0;1;0;4;0;0;0;4;1;2;1;2;3;10;1;1;8;3;0;2;0;0;0;2;0;7;1;4;0;0;0;0;0;0;0;1;3;0;2;0;4;;2;5;2;0;0;0;4;1;1;3;;0;0;0;0;1;0;1;17;2;0;1;0;0;2;9;1;0;16;10;5;1;1;0;0;4;8;5;0;2;0;0;0;;0;0;3;0;2;2;3;0;2;0;0;0;6;19;2;;2;0;0;4;0;0;2;1;3;0;2;0;0;2;6;0;0;3;0;3;4;4;0;9;3;0;0;2;4;1;0;0;3;1;13;2;0;0;7;0;0;2;1;0;1;0;;2;4;0;5;5;0;3;0;2;4;3;0;0;4;0;;4;0;0;7;1;2;0;0;;2
06437000;0;0;2;;0;;0;3;0;;;;0;;0;2;0;1;;0;;;0;6;0;0;0;2;;1;;0;0;0;;0;0;0;;0;;6;1;0;0;1;0;1;0;;0;2;0;0;0;2;2;0;;4;1;0;1;4;0;0;2;1;0;;4;3;2;0;4;0;0;;0;0;0;5;0;0;0;0;0;0;0;;0;4;1;1;0;0;3;0;0;;1;0;8;1;0;0;0;0;2;0;0;0;0;1;0;;0;4;7;3;9;0;0;5;0;1;;0;0;11;9;2;0;0;0;0;2;0;0;0;0;0;3;0;0;0;;0;1;4;4;0;0;1;3;;0;4;3;0;2;5;0;1;;1;0;;0;2;0;2;1;8;0;4;8;0;6;0;0;6;0;0;2;0;0;0;0;;0;0;5;9;3;13;0;16;18;0;5;0;0;0;3;0;0;1;0;;3;0;4;0;3;0;1;6;3;3;3;0;5;0;1;2;5;0;4;0;;;1;0;;0;1;1;8;2;;2;;0;;;2;;0;;1;1;2;;0;;;;0;2;0;;2;0;0;;;0;0;1;1;2;3;0;0;;4;;3;0;;0;0;0;;0;1;1;;0;2;0;6;0;14;7;2;0;;4;0;5;0;0;0;0;1;;1;0;0;0;1;0;3;0;;7;2;;7;1;0;0;5;1;;;0;0;1;0;3;0;0;;0;0;0;0;;2;;0;;0;;1;;0;;2;;3;;0;0;0;4;0;1;0;;0;0;1;0;0;;1;0;2;;2;;0;;0;0;;1;;0;;;0;5;2;0;0;;1;0;;1;0;0;;;
06438000;2;2;0;0;8;5;1;13;13;3;0;0;1;4;0;36;0;2;0;4;0;0;0;2;0;0;0;0;1;0;2;3;8;0;6;0;0;0;;4;2;6;1;0;0;;0;0;0;0;7;0;1;12;0;10;1;0;0;;3;6;0;13;9;0;0;0;0;4;0;1;0;1;0;12;0;2;2;0;0;3;0;1;0;5;7;21;0;0;0;3;0;5;4;0;5;1;0;1;8;2;0;0;4;7;9;0;0;2;0;3;0;0;6;0;0;0;0;12;25;107;0;26;258;0;41;;21;0;0;35;12;0;0;0;12;16;0;1;0;2;0;3;7;11;9;2;0;0;8;2;8;0;8;0;0;4;0;0;4;5;0;8;3;3;0;0;7;0;4;1;0;1;0;0;0;0;13;0;0;5;0;6;0;14;0;0;0;0;0;1;7;4;2;5;0;4;0;0;4;0;0;19;0;4;0;3;0;0;9;8;12;0;6;2;0;6;3;6;4;0;3;18;2;2;7;2;6;6;0;1;0;3;6;0;0;7;0;3;1;3;3;7;5;4;1;3;3;2;0;2;7;0;0;1;2;0;3;5;3;0;0;0;0;0;0;0;2;3;0;0;2;4;3;0;1;0;0;0;;0;2;0;;0;0;0;0;0;4;5;19;0;3;104;20;0;0;3;36;6;0;0;0;5;0;;0;0;1;1;0;6;6;4;0;1;0;1;2;12;0;6;0;0;0;0;4;8;0;0;7;9;0;2;0;0;0;;2;0;0;4;0;6;1;6;3;7;0;0;0;1;10;0;0;6;0;0;2;0;0;0;0;0;2;2;0;2;1;0;1;2;9;3;1;3;0;0;0;2;3;1;0;3;4;4;0;0;0;3;0;0;2;0;1;0;0;0
06439000;0;0;9;0;1;0;0;11;7;4;1;0;3;3;9;22;0;0;1;0;1;1;3;0;0;0;5;5;3;0;2;0;0;9;0;0;3;7;;4;3;1;1;4;1;0;1;4;1;8;1;0;2;3;4;2;0;0;;;;0;1;0;5;0;3;8;0;0;0;0;2;0;5;0;3;0;5;0;0;3;0;0;1;0;4;3;0;;11;7;2;;0;7;0;1;2;0;1;1;0;0;5;0;5;0;2;2;3;0;0;0;6;4;0;0;0;0;0;0;0;0;46;0;1;0;;0;0;2;57;0;5;0;0;0;0;7;0;0;7;2;7;33;7;1;10;8;12;182;30;1;0;2;0;0;0;2;0;0;2;11;1;0;0;0;5;0;0;5;3;9;1;1;23;0;6;1;2;0;9;0;3;4;2;0;0;0;0;3;4;4;0;2;0;0;8;1;4;0;0;13;1;3;7;2;2;0;14;0;2;0;0;0;2;0;0;0;7;0;1;30;0;1;4;1;0;0;1;0;0;0;2;2;2;0;0;0;5;4;2;2;1;2;0;0;0;0;0;3;0;;0;;2;;0;;0;3;1;0;;2;3;2;1;0;1;0;2;0;;2;3;0;;0;1;0;1;0;2;0;1;0;0;1;4;3;10;0;0;0;1;0;1;2;8;0;0;0;3;2;0;;0;1;0;1;0;1;0;;1;1;5;0;0;0;0;1;0;0;0;0;8;0;0;0;1;2;0;;3;1;1;1;1;1;0;3;0;4;2;4;0;12;2;6;0;0;0;0;0;0;5;0;0;9;5;0;;0;0;1;0;2;0;4;;0;5;3;1;1;0;4;1;1;2;4;0;0;1;0;0;3;;;0;0;;1;;0;1;0
06440000;0;12;6;;6;1;5;9;10;0;11;1;5;3;0;21;0;1;2;0;0;8;1;0;3;0;0;0;0;8;0;0;0;0;0;5;2;0;0;3;0;0;0;8;0;2;4;6;0;3;1;0;10;3;0;14;1;7;2;7;8;7;2;7;9;0;0;3;0;0;1;6;0;0;0;4;0;4;0;12;12;2;0;6;1;6;1;0;20;3;23;14;0;0;7;0;0;0;1;4;3;1;1;0;10;5;5;1;2;6;0;6;1;0;0;6;224;0;0;401;443;457;294;261;1091;251;0;469;263;;0;622;347;67;172;3;405;11;77;336;186;107;0;0;5;7;4;0;5;7;10;3;0;3;1;5;2;0;0;1;7;0;0;0;5;2;0;;14;0;3;4;0;0;0;2;11;3;0;4;0;4;0;0;0;0;6;0;5;0;3;2;1;0;0;4;8;1;14;3;0;10;0;6;7;2;9;0;6;0;16;11;8;13;0;0;0;3;0;0;7;4;5;22;0;5;0;0;0;2;5;2;0;0;0;7;0;1;6;3;0;6;3;0;2;0;0;0;2;1;0;3;12;;2;3;1;1;0;0;0;0;2;0;8;12;1;2;2;9;1;3;1;1;0;0;0;2;0;1;1;0;5;13;0;1;3;3;1;3;1;0;10;0;12;0;4;10;0;0;0;0;0;0;2;;2;0;0;12;0;0;0;3;2;4;4;1;4;1;2;2;0;5;4;2;0;1;0;0;5;4;0;3;2;3;2;3;5;0;;1;0;0;0;0;2;0;6;3;1;0;3;5;4;6;3;1;7;3;0;0;3;1;1;5;0;1;0;5;0;4;0;0;2;5;2;2;9;2;0;0;2;4;0;9;2;;0;0;0;1;0;0;0;0;5;2;3;1
06531000;0;3;7;0;2;6;2;0;0;0;0;3;1;6;0;66;7;5;7;10;0;2;0;1;2;0;3;12;2;4;1;13;0;2;0;0;0;8;0;0;0;0;0;0;0;0;2;0;0;7;1;7;8;7;0;5;7;13;4;0;0;13;4;23;21;1;8;3;0;3;1;0;2;0;7;0;0;3;14;10;4;2;1;4;3;0;0;5;6;1;2;13;6;2;0;0;7;0;3;0;0;0;0;6;6;3;4;0;0;0;3;1;13;0;1;1;3223;1047;45;207;133;203;129;127;225;92;0;157;96;7948;;353;107;3499;36;531;49;0;1726;135;1808;69;5;2;0;0;7;0;0;0;1;0;0;0;0;5;0;0;0;0;2;9;23;0;6;0;5;0;0;0;2;0;0;0;0;0;0;3;8;0;1;0;0;2;3;2;5;1;0;0;6;3;0;19;8;0;9;3;18;9;7;8;0;17;0;0;0;0;4;0;7;1;0;0;0;3;9;3;0;0;1;0;0;22;0;0;0;8;0;0;0;0;0;0;4;0;1;2;0;5;0;0;0;1;0;5;0;0;1;0;3;2;0;0;1;3;0;0;0;1;0;0;0;0;6;3;0;2;0;0;0;1;9;0;0;0;0;;0;1;5;3;0;5;0;0;3;0;0;1;0;0;2;0;0;0;2;0;0;4;1;0;1;0;10;1;0;0;3;0;2;0;0;3;0;0;0;0;0;0;4;0;1;0;54;0;0;0;9;0;2;1;2;0;0;0;0;0;0;1;1;0;0;1;0;0;0;3;0;6;0;6;0;0;0;0;27;0;0;0;0;8;0;0;6;0;12;3;10;19;12;12;2;7;11;6;8;3;5;0;0;1;0;0;0;0;1;0;1;0;0;6;0;2;;2;1;0;0;0
06532000;1;2;7;0;0;0;0;10;0;0;0;0;0;0;2;0;1;3;0;0;1;3;0;0;0;0;0;1;0;0;4;0;3;0;8;5;0;3;;3;0;7;0;0;0;;4;10;3;2;12;0;2;10;0;1;2;0;;5;0;4;8;7;2;0;2;9;2;6;0;1;0;7;0;10;2;0;11;24;0;0;2;15;0;8;12;4;0;0;0;17;0;0;3;3;10;6;7;0;5;0;0;0;4;4;6;1;0;6;0;7;0;62;1;0;0;0;0;0;16;0;0;0;4;0;0;0;0;0;0;;0;0;0;0;0;3;0;4;0;5;0;0;0;3;0;0;0;3;0;0;27;0;0;0;5;7;0;5;2;3;14;2;0;0;0;0;1;1;0;0;0;0;3;0;0;2;14;0;0;0;0;0;2;0;0;0;0;0;0;0;4;0;1;0;0;0;0;0;6;1;0;0;10;0;2;3;1;1;4;4;1;0;1;0;1;1;10;0;10;1;0;8;3;3;2;0;0;2;;2;0;0;1;0;0;3;0;0;0;0;1;6;1;0;;;;1;0;0;1;0;2;1;2;;2;2;;4;1;0;1;0;;3;0;1;1;1;0;0;2;0;;0;1;0;;2;0;10;0;2;0;0;1;2;0;;0;0;3;6;0;4;0;0;7;0;0;2;4;0;3;0;3;0;0;0;0;1;4;1;;1;0;1;1;3;0;7;3;;2;0;3;0;3;0;1;5;0;;3;1;;0;1;2;;0;0;1;2;1;8;7;3;0;1;5;4;0;3;2;0;0;0;0;0;1;;2;0;;0;4;;0;1;0;;1;3;1;3;0;0;;1;1;4;0;0;0;1;2;0;0;1;;;2;;0;0;4
06533000;2;2;2;;0;0;0;0;8;1;3;4;3;;1;9;0;0;4;1;0;0;0;1;0;0;6;0;0;1;2;5;0;0;0;3;;0;5;0;0;0;2;1;0;0;0;2;1;;9;3;2;1;0;8;1;1;0;2;5;0;2;0;6;10;0;0;2;5;5;0;0;4;0;0;4;0;2;11;0;10;0;0;0;0;0;0;6;0;7;0;0;0;0;0;1;0;0;0;1;3;2;0;0;3;0;0;16;0;0;1;0;2;0;0;0;0;3;0;11;2;0;0;0;0;9;0;0;0;0;41;;0;0;0;0;7;0;0;0;0;10;0;0;0;2;0;3;0;0;82;97;0;8;0;0;6;;0;0;4;6;1;1;0;1;0;0;0;1;7;4;0;0;0;0;2;10;0;2;0;0;0;0;0;3;0;0;1;0;0;7;0;2;6;0;2;0;0;0;0;;0;1;1;0;1;0;0;0;3;0;0;3;2;0;0;1;3;0;0;6;1;;2;0;0;0;;0;1;0;5;0;0;0;;0;0;0;7;0;1;0;5;2;2;2;;0;2;3;0;0;1;2;;0;;2;8;0;1;0;1;0;0;3;1;1;2;0;0;0;;0;;0;2;0;0;3;0;5;8;0;0;0;0;;0;9;2;0;5;1;0;6;;0;0;4;8;0;;;;0;0;1;0;0;0;0;0;0;0;2;0;0;0;1;0;0;;;0;0;0;0;0;0;1;0;1;;1;4;2;0;0;1;0;0;2;0;2;1;2;6;0;0;0;0;0;0;5;0;0;0;1;0;;0;2;5;;0;;3;2;0;2;0;0;3;0;2;0;0;0;0;1;;0;1;2;0;0;;0;0;0;0;6;0;0;0;5
06534000;8;8;5;0;3;0;1;0;3;1;6;16;0;0;7;9;9;1;0;4;0;0;8;0;0;0;0;0;0;4;0;0;5;0;5;0;2;0;0;0;0;0;0;0;2;0;0;0;2;2;0;0;0;0;0;0;0;9;0;0;0;9;3;33;11;0;6;5;2;2;1;8;0;0;0;7;0;0;33;55;0;11;9;0;0;0;0;0;0;0;11;3;0;0;6;0;0;5;2;0;11;0;0;6;8;6;0;7;0;13;0;0;0;0;7;2;163;257;23;246;209;195;202;154;323;165;1;193;118;0;0;292;87;;43;0;230;11;45;188;18;53;3;0;0;7;1;0;0;2;0;0;0;0;0;3;0;0;0;0;4;11;18;1;0;0;0;3;7;9;0;2;7;5;0;0;0;1;23;0;2;0;3;0;0;0;2;0;0;6;5;6;35;0;0;0;7;4;13;0;3;0;0;21;0;1;10;0;0;3;1;4;9;0;8;1;4;0;6;3;1;0;0;28;6;2;2;0;2;0;0;0;8;3;0;1;0;0;7;0;1;4;0;0;0;1;0;7;0;3;0;3;2;;1;0;0;1;0;0;2;1;1;0;0;0;;0;0;1;1;3;1;1;0;0;;3;0;1;0;9;4;10;;4;0;1;0;1;0;2;0;0;10;0;0;4;0;2;0;1;0;4;12;0;5;0;0;6;0;1;0;1;1;2;0;5;2;0;3;4;1;0;76;0;0;0;0;6;2;0;2;1;0;0;0;0;8;0;0;0;4;1;1;5;0;0;3;7;0;0;0;4;0;0;0;2;0;0;7;14;4;0;0;0;12;0;0;0;0;3;0;0;0;0;0;2;0;7;0;2;3;0;0;0;0;0;0;0;0;1;2;1;0;4;0;;1;0
06535000;0;0;0;;3;0;2;5;0;;0;4;1;;0;0;1;0;0;0;2;0;0;;0;0;9;2;;0;1;0;0;1;0;0;2;3;1;0;0;0;0;0;0;4;0;2;1;0;2;0;0;1;0;0;0;0;2;2;;9;;0;0;0;0;0;2;0;;1;1;0;0;6;0;0;3;0;2;1;1;0;;0;3;0;12;1;0;2;0;2;0;0;1;0;0;1;6;0;6;9;1;1;0;0;0;0;0;0;0;0;6;1;0;0;0;13;0;13;48;2;0;0;2;6;0;0;0;4;19;0;;18;0;11;0;56;0;0;1;0;0;0;0;1;0;4;0;0;9;1;;1;0;0;1;;5;0;7;0;0;;1;4;0;0;0;1;0;;;0;2;;1;7;0;0;0;4;0;2;1;1;;;4;;1;4;2;1;0;2;0;0;0;0;0;0;0;0;9;;0;;0;1;;0;4;0;1;3;3;4;5;0;0;4;1;1;0;0;1;1;0;0;1;5;0;1;;1;0;;0;;1;0;;0;0;;1;;1;0;0;0;0;1;2;;0;;;1;;;0;4;1;0;1;;0;0;1;0;;;1;0;0;4;;;0;4;;;;0;0;0;0;0;0;3;10;4;8;2;0;3;6;0;0;0;3;;;;0;0;2;;0;;1;1;;1;7;0;4;0;2;;0;0;0;;0;0;0;0;2;0;;2;;0;4;1;;9;0;0;1;;5;1;0;0;0;1;0;1;1;0;3;0;3;0;0;0;6;2;2;0;;0;1;1;0;;0;4;2;;2;0;5;2;0;0;1;2;0;0;5;2;7;4;0;4;0;1;0;0;0;;;
06611000;0;16;0;0;0;8;0;10;18;1;8;9;4;2;5;70;10;0;10;6;0;0;0;0;0;0;58;0;0;0;0;0;0;5;5;0;0;9;1;7;0;0;0;0;;0;0;0;5;0;3;0;0;0;0;0;2;2;0;2;0;27;3;19;1;0;5;0;0;3;0;0;10;0;8;0;3;0;10;22;7;5;0;0;0;0;0;0;0;5;0;9;0;1;5;0;0;16;0;0;0;1;0;1;14;1;5;0;0;6;0;0;0;0;14;9;19;36;31;55;9;16;18;7;49;15;0;22;9;0;0;29;36;13;0;;26;0;818;36;0;0;0;0;0;6;0;3;4;1;0;3;2;0;3;0;0;0;0;0;0;11;3;3;2;1;0;2;1;0;0;2;0;0;0;0;0;0;0;9;1;7;0;1;4;4;;0;2;1;17;3;2;0;0;8;1;0;5;7;2;3;4;0;3;2;0;0;0;0;6;10;4;1;0;3;2;3;0;5;3;0;4;32;5;1;0;0;2;3;2;0;0;0;0;0;0;0;0;0;;0;2;7;0;1;0;0;0;1;0;0;0;0;0;0;0;;6;3;1;0;0;0;0;0;1;4;0;0;1;0;0;0;9;5;0;0;;0;0;0;1;17;;0;0;5;0;3;0;;0;2;3;0;0;0;0;0;0;0;0;0;4;0;0;1;0;1;0;1;9;0;2;2;1;3;0;3;0;3;0;2;83;0;1;1;0;0;3;1;0;0;0;2;0;;5;0;1;3;0;9;7;0;1;0;1;3;0;1;0;0;0;0;0;0;4;0;0;34;0;4;2;0;0;3;0;0;0;0;0;4;1;3;0;4;13;1;0;0;0;0;0;3;0;0;3;0;0;0;0;0;0;5;0;0;0;0
06631000;2;5;0;;5;2;3;3;3;0;5;3;2;1;0;23;0;0;0;0;0;0;8;0;0;0;9;4;0;1;0;0;3;0;3;5;0;0;1;0;0;3;0;1;1;0;6;3;0;0;2;0;6;0;1;0;1;4;2;0;0;11;0;35;0;0;1;0;4;1;0;1;3;3;0;1;6;0;19;4;4;4;0;8;0;1;0;0;0;0;11;0;0;4;6;0;0;6;2;5;0;0;2;7;0;4;2;3;0;3;0;3;1;0;0;0;0;41;9;0;15;0;8;0;0;0;0;0;5;0;0;2;4;0;88;0;;1;0;0;0;0;0;0;0;1;0;2;0;0;2;2;0;2;0;0;0;4;4;11;4;0;0;0;0;0;0;0;2;0;2;0;0;;3;0;0;0;4;1;5;9;1;0;6;0;0;0;0;0;0;0;14;0;3;1;2;3;0;0;4;0;0;2;5;0;0;0;0;0;8;4;4;0;0;1;0;6;0;6;4;5;9;13;2;2;1;0;0;1;0;0;4;3;3;1;0;1;3;0;1;2;2;0;2;2;0;0;0;;0;0;0;;0;0;;0;0;7;0;;1;1;5;0;;0;0;7;0;0;0;0;1;0;1;0;5;2;0;3;0;13;0;3;0;5;0;0;0;0;13;0;0;0;7;0;0;0;0;0;0;5;0;1;0;0;;2;3;0;3;5;0;2;2;0;0;1;0;7;1;;0;2;0;;6;0;0;0;0;0;0;7;1;3;0;4;1;3;0;1;3;1;0;0;0;3;0;9;0;3;0;0;9;3;2;5;0;0;3;1;2;0;0;0;3;0;0;2;0;1;0;0;2;0;0;1;0;1;0;3;1;6;12;2;0;9;1;1;6;2;4;0;2;0;;0
06632000;2;2;0;1;5;2;1;1;1;0;0;0;1;;1;0;0;0;2;4;0;0;0;0;2;0;0;1;0;2;1;2;0;0;2;0;;0;;0;0;0;1;0;1;0;3;0;3;;6;0;0;0;0;0;0;0;0;;0;8;2;6;3;1;0;0;1;;;2;1;0;0;0;;1;4;0;3;0;0;0;1;0;2;0;1;6;0;0;0;0;10;0;1;3;0;0;0;11;1;5;0;6;1;0;1;0;2;6;0;5;1;0;0;16;7;0;9;1;0;5;6;2;1;0;3;0;0;0;0;0;0;44;0;;0;13;0;52;1;0;0;0;0;0;0;0;1;0;4;0;0;0;0;;0;0;2;0;4;;0;;0;1;0;2;;1;3;2;1;1;0;;0;1;0;0;0;0;0;8;2;0;1;;2;;0;0;1;10;0;0;1;0;2;1;0;1;3;0;2;2;;0;1;4;1;0;0;;;2;;0;0;2;0;20;0;1;0;1;0;0;0;3;0;;0;;0;;4;;0;1;3;1;0;1;2;0;;;3;0;0;0;1;;1;0;1;4;4;0;1;;2;3;;3;;;3;0;0;2;;0;0;0;1;;0;4;0;0;;1;0;0;0;0;0;;0;0;5;0;0;5;;0;0;0;0;4;1;0;1;;1;1;1;0;0;0;2;3;3;1;1;;0;2;4;0;0;2;;0;0;0;0;3;0;1;2;;2;;0;0;;1;0;1;1;0;1;0;0;0;0;0;1;0;1;1;0;2;;0;0;9;0;3;;6;2;;1;0;0;0;;1;2;1;0;;4;6;3;;0;0;3;0;0;0;8;0;3;14;0;1;0;0;0;0;1;
06633000;0;12;8;3;0;4;1;2;9;5;0;5;0;5;8;12;5;6;0;5;0;0;0;1;0;10;18;0;9;8;0;0;0;0;0;9;2;0;2;0;8;1;0;5;0;0;0;0;0;0;0;4;0;1;7;4;0;0;0;0;3;14;0;8;0;0;0;0;5;6;4;0;0;0;0;0;0;6;9;0;0;0;2;1;0;4;0;0;0;3;0;11;0;0;0;0;0;8;0;1;31;0;0;3;11;4;2;11;6;3;7;4;2;0;0;1;4;12;0;45;87;87;24;64;98;43;1;63;59;0;0;68;71;0;15;0;98;1;;345;28;120;0;0;0;0;;1;3;2;0;0;6;0;2;;0;0;0;4;1;0;1;1;0;0;0;1;2;1;;1;0;;;;0;0;13;0;0;4;7;0;1;0;0;0;0;0;2;0;0;0;1;0;10;0;9;3;1;1;2;0;2;0;3;2;3;2;0;0;0;0;2;0;2;0;7;0;0;0;0;2;0;4;3;0;1;1;;0;0;2;0;0;0;0;4;3;;0;0;0;2;0;;0;1;;0;0;2;;0;;;3;2;0;;0;0;;1;3;0;0;0;1;1;0;3;0;0;0;0;1;;0;1;3;0;0;;0;0;0;0;0;;;2;;2;0;2;1;3;2;0;1;7;3;0;;1;;5;3;;1;4;0;12;2;0;4;5;2;;1;4;0;0;1;1;0;11;0;0;;0;1;0;0;0;4;3;1;;6;1;3;0;6;1;7;2;0;0;2;6;0;4;0;0;1;4;0;0;0;7;0;3;0;0;0;3;0;0;0;0;0;1;0;1;0;1;0;5;0;5;0;3;0;8;0;6;0;0;2;0;1;0;0;0;0;0;1
06634000;0;0;1;0;;3;0;6;0;2;0;1;1;0;1;5;9;2;0;5;0;4;0;0;1;0;19;0;3;18;3;1;0;2;0;0;;0;6;3;1;5;0;2;2;0;0;0;0;0;15;0;0;5;0;0;0;3;0;2;1;6;0;0;0;0;0;3;3;4;0;0;0;5;0;3;0;0;0;14;2;0;0;5;0;1;0;6;0;1;0;8;1;0;0;15;6;1;0;0;1;2;0;8;1;10;1;0;0;0;5;4;0;0;2;0;0;1;0;7;0;3;4;0;0;0;0;0;0;0;0;0;4;0;0;0;1;0;0;;0;8;0;1;0;0;3;1;0;5;0;3;0;2;0;5;0;;1;3;0;1;0;1;0;0;0;;0;2;1;0;0;0;0;;2;;0;0;0;0;0;0;5;0;0;0;2;11;0;0;4;0;0;5;0;0;0;0;9;0;;0;0;2;3;1;0;0;11;1;5;0;6;5;0;3;0;0;3;4;0;0;;;2;3;0;0;0;0;0;0;5;3;;1;6;2;1;5;0;0;;;2;1;2;;3;0;0;0;;0;0;0;0;;1;;2;1;0;0;;2;0;2;;3;2;;0;;;0;1;0;;0;1;0;;1;2;0;0;1;1;;0;3;7;8;0;7;4;3;0;0;3;0;3;;0;;1;2;1;0;0;2;0;1;;1;1;0;;2;1;0;0;0;1;0;3;0;0;0;0;0;2;;0;0;1;0;3;0;;0;1;0;3;2;5;4;5;3;0;4;0;1;3;0;0;0;2;0;3;0;0;1;0;0;4;0;0;4;1;0;1;1;0;0;4;2;4;1;0;2;0;1;2;0;0;1;0;0;1;0;0;2;1;2;;1
06635000;0;4;4;0;2;0;0;1;1;0;3;1;2;4;0;7;7;0;0;0;0;0;0;1;4;0;25;4;1;8;0;0;13;0;0;1;0;0;1;6;0;0;2;0;4;5;0;0;2;0;10;0;3;0;0;0;0;3;0;0;1;3;0;8;2;0;5;0;0;0;0;0;6;1;0;0;0;0;0;22;1;1;0;5;1;0;1;5;2;0;9;3;0;0;1;0;3;15;0;1;1;0;5;0;0;2;2;0;5;0;0;0;3;6;6;1;4;43;1;87;92;119;57;55;192;71;1;70;34;0;0;128;86;0;15;128;86;10;0;102;;32;1;0;0;2;0;;0;2;1;2;4;0;0;0;2;8;0;0;0;3;12;1;;0;2;;0;0;0;0;3;0;2;0;3;0;0;0;0;0;0;2;0;0;0;0;0;1;1;;5;0;3;7;3;2;0;;2;;;3;0;0;10;2;1;1;2;2;0;4;5;1;;1;;1;6;0;1;8;0;0;0;1;0;1;0;0;0;0;0;1;1;;1;0;2;0;1;0;0;0;0;2;;0;0;3;2;0;;;1;;0;;1;1;0;0;;0;;0;1;7;1;2;2;;;1;0;;;0;1;7;;6;1;6;0;0;0;;0;0;0;1;6;0;3;0;1;0;0;0;1;2;3;1;;0;0;0;;0;;0;0;0;2;0;8;0;2;4;0;0;12;0;0;1;0;0;2;0;0;;3;0;2;3;10;;;5;1;3;;4;0;6;2;8;0;0;1;2;2;0;0;1;0;1;1;0;0;0;2;13;4;0;6;0;0;2;0;0;6;3;1;0;4;;3;0;0;0;6;0;9;0;0;0;1;1;0;0;;2;2;1;0;0
06636000;0;0;1;3;2;2;4;0;1;0;0;0;0;0;0;18;8;0;0;4;5;0;9;2;2;0;16;0;4;0;0;0;0;0;4;3;0;0;;1;2;0;0;1;0;1;2;2;1;0;0;2;1;2;0;0;1;0;1;1;0;3;7;8;0;2;0;0;0;2;0;3;0;0;0;1;0;13;4;9;;17;0;3;0;0;0;0;1;;1;2;0;1;0;0;0;2;9;0;0;0;0;0;1;0;1;0;0;2;1;0;0;7;0;0;0;0;0;0;0;0;0;0;10;0;0;0;0;0;0;0;1;0;0;19;14;0;0;0;0;;1;0;2;2;3;0;0;0;0;7;1;1;0;0;2;0;;4;1;0;5;1;4;1;2;0;0;1;;0;;;6;0;;;9;0;3;0;0;2;2;0;0;0;2;2;0;0;2;1;1;1;0;3;0;4;0;0;0;2;3;0;0;0;3;;6;4;3;1;1;0;0;;0;5;1;1;0;0;1;;1;0;1;0;0;0;1;0;1;;1;0;0;4;0;0;0;0;0;;0;;0;0;;;0;;0;;;;1;;;0;;;11;;;1;0;;;0;0;0;0;;2;;4;;1;1;0;0;0;1;0;2;;1;0;2;0;2;4;4;0;0;2;0;0;4;0;0;3;;0;;;5;;1;;0;5;;2;3;1;2;3;0;0;0;0;;0;3;4;0;0;;1;4;0;;;1;0;1;0;4;1;2;0;0;0;0;0;0;0;0;1;;2;3;0;0;0;0;0;0;0;0;1;0;1;0;0;0;0;0;3;8;;0;;;7;5;0;2;4;0;5;0;0;0;0;0;;0;6;0;;1;0;0;0;1
07111000;0;5;1;0;0;0;7;0;2;0;0;7;1;0;1;23;4;;0;0;0;1;0;1;0;0;0;0;0;2;0;0;0;1;0;0;;0;0;0;0;5;0;1;0;2;0;0;0;2;0;0;0;5;2;2;0;5;2;1;0;0;4;38;2;7;0;11;5;0;0;0;5;3;0;7;0;4;0;50;0;0;0;11;17;5;8;0;0;0;0;0;0;1;2;0;0;4;0;4;0;0;0;0;0;12;1;0;3;0;3;0;0;0;0;10;12;16;3;35;7;0;9;0;0;4;0;6;0;2;0;9;0;0;0;3;1;0;0;0;0;0;;0;0;0;0;0;520;30;0;200;0;0;0;0;0;0;0;0;2;4;37;4;1;0;4;0;4;0;0;0;8;0;0;0;0;0;16;4;2;0;7;2;0;5;1;0;0;4;0;3;1;5;5;3;18;0;5;4;2;0;4;9;4;0;4;;0;0;5;9;0;1;0;2;0;0;2;0;2;0;11;29;0;1;0;2;1;1;0;0;;3;4;0;0;0;2;2;2;3;0;4;1;2;0;0;7;0;;0;3;;0;2;0;0;0;0;1;0;;1;0;1;0;0;0;0;2;0;1;1;1;1;0;0;1;;1;7;0;1;;1;1;0;0;;0;;0;0;2;6;0;0;;1;0;0;0;3;0;0;0;0;2;0;0;0;4;0;0;1;0;0;0;0;0;5;0;0;11;5;4;0;0;0;0;0;2;0;0;0;0;0;0;0;1;3;0;4;2;0;3;0;0;0;0;0;5;1;1;0;7;1;1;0;0;2;0;0;1;1;0;;2;0;4;2;;0;0;0;;0;0;0;0;1;0;;0;0;0;1;1;0;0;1;0;;1;0;4;1;;
07131000;2;2;1;;0;5;2;4;0;1;0;1;0;3;;0;4;7;1;1;1;;;;;0;0;1;0;0;2;3;0;0;1;0;;2;0;0;2;0;0;0;;2;1;0;0;1;0;1;0;6;0;0;0;0;0;;3;7;9;0;0;0;1;7;5;0;0;0;2;5;0;0;3;0;0;0;0;11;0;0;0;0;0;0;0;0;0;10;4;2;8;1;2;0;5;0;0;6;2;0;7;6;4;0;0;0;0;0;1;0;0;1;0;15;1;4;7;1;6;0;0;2;2;0;0;3;0;2;2;8;4;4;2;1;0;0;2;0;22;;5;3;0;9;0;0;5;19;9;0;0;2;36;6;0;0;3;0;16;2;0;0;3;;3;0;1;2;5;0;2;1;0;0;1;0;0;0;0;0;1;0;0;0;0;0;0;2;4;0;1;6;0;0;3;0;0;0;1;2;0;3;1;1;0;0;3;2;0;0;0;0;2;0;0;3;2;2;0;0;;0;0;1;0;;1;;0;0;0;0;0;2;2;0;4;1;0;0;0;1;0;;6;0;1;1;4;;3;1;1;;0;0;1;0;2;1;1;0;1;0;1;;;0;0;;1;1;;1;;1;;2;0;0;;0;4;;;1;0;0;0;;2;3;1;1;2;;0;1;;3;0;;;0;1;4;;;;1;;1;;2;0;0;2;0;0;1;0;0;;;0;0;1;0;0;0;0;1;0;;;1;0;2;3;0;;0;3;0;0;2;4;0;2;0;;0;0;0;0;1;0;0;0;0;0;0;0;;0;0;1;;0;;0;2;5;;0;0;0;;0;0;;3;2;0;3;0;0;1;0;1;2;3;0;0;;
07132000;;2;1;;4;4;2;4;0;0;2;3;0;;3;3;7;0;;0;4;;0;;0;0;9;0;3;0;;2;0;6;0;;;2;0;2;0;2;8;0;0;;2;0;0;1;5;4;2;3;11;0;0;0;;2;2;1;0;2;2;0;0;0;0;7;0;0;0;0;0;8;1;0;0;0;0;2;0;0;0;0;0;0;0;;8;0;11;0;0;6;0;0;1;0;0;0;3;2;12;1;0;0;2;0;0;3;0;0;0;7;5;3;5;9;6;0;0;0;0;0;1;0;0;0;8;12;7;16;2;2;4;6;0;5;1;0;10;0;;0;1;4;0;0;0;0;139;0;4;0;0;0;;0;5;5;18;1;;0;4;5;0;2;1;2;0;0;6;4;0;0;0;0;0;0;0;0;0;0;1;0;1;;1;0;0;0;0;4;5;2;3;0;0;0;1;0;4;;2;1;0;0;4;6;4;0;4;2;0;3;4;1;;;;8;2;1;0;1;0;0;;1;3;7;2;0;0;0;1;;0;;;0;1;0;3;1;;;;;3;;;;1;0;5;;;;0;;0;0;2;;3;;;0;0;1;0;;0;;;;;0;0;0;;0;1;1;7;0;5;;;;1;0;0;;;0;2;0;0;0;3;0;;;0;1;;;0;3;1;2;1;0;5;0;3;0;1;;0;2;0;1;1;0;;;0;4;0;;2;;;;;0;0;2;;0;6;2;0;0;0;0;5;2;0;0;0;2;;0;;1;0;1;4;0;0;;;1;;0;;0;3;;;1;0;;;;1;;1;1;;5;2;0;0;0;0;;1;;0;;0;2
07133000;1;0;0;0;2;5;5;3;2;1;13;1;0;1;0;0;0;0;0;0;2;0;0;;2;0;1;0;14;0;0;0;10;0;2;0;;0;;3;0;8;0;4;4;0;;2;;0;3;3;2;2;0;0;1;0;0;1;1;0;3;9;0;2;0;0;1;0;0;0;15;0;0;0;1;0;2;14;0;7;0;0;1;0;0;0;5;0;0;1;3;0;0;0;0;0;0;4;0;0;0;0;0;11;0;4;1;3;7;0;2;0;0;0;12;0;3;0;0;1;0;0;0;6;1;0;0;0;5;0;3;0;1;0;0;5;2;0;0;0;12;0;1;;23;0;0;0;33;14;0;0;6;0;1;0;5;0;13;1;0;7;3;0;0;1;0;0;0;0;0;0;0;0;0;0;1;0;0;3;2;0;6;0;0;3;1;2;0;;7;0;0;0;0;2;0;0;0;0;0;0;0;0;0;0;0;0;0;0;1;0;0;0;0;2;0;0;8;0;0;12;;;5;0;0;0;1;0;0;0;1;1;0;0;4;3;0;0;0;0;2;0;0;1;;0;1;0;3;1;3;0;3;0;0;1;0;;;0;1;0;;3;0;;;0;3;2;0;0;0;3;;;;0;2;0;0;0;3;4;0;2;7;;6;1;2;6;0;2;1;3;1;6;0;0;3;2;1;3;0;3;0;;3;4;0;0;;0;0;0;0;6;0;3;8;3;0;;0;0;0;0;2;0;1;0;0;0;;0;1;;0;2;;;0;1;1;2;0;0;11;4;4;3;3;1;0;0;0;0;0;4;1;0;0;0;3;0;;0;;3;0;0;;;0;2;;0;1;2;0;1;0;0;0;0;0;0;;;;2;2;;;1
07134000;0;1;1;0;0;1;0;0;0;2;2;0;1;0;0;27;1;1;0;1;0;;2;;;0;5;0;;2;;1;1;2;1;0;;;1;4;2;2;;;;;0;1;2;;1;0;0;;;3;0;0;0;7;2;5;0;5;0;0;;1;1;0;0;0;0;3;0;3;0;0;0;0;0;0;0;0;0;2;0;0;3;0;0;0;1;1;0;4;2;0;2;1;0;0;0;8;7;2;0;;4;4;0;0;0;4;0;2;1;0;3;0;0;0;0;11;0;0;;0;0;0;0;11;0;0;6;3;2;1;;0;0;0;5;1;0;0;;0;0;6;0;0;0;16;3;0;0;0;0;12;1;16;0;4;3;0;11;5;10;0;5;4;0;0;0;0;0;9;0;0;0;0;0;4;;6;0;4;3;0;0;0;0;11;0;8;0;0;1;0;1;0;0;0;0;;13;;5;4;2;0;3;3;3;0;1;1;0;4;0;0;1;0;1;0;;0;;0;;;1;0;3;0;;1;2;0;3;1;0;1;;0;0;0;2;0;;1;0;;0;;;1;3;0;2;4;3;1;0;4;;1;0;;0;0;;1;;;3;;0;;1;2;;0;0;0;0;;0;0;1;2;0;0;2;1;2;;;;0;0;0;0;4;;;1;;0;;3;0;1;3;;1;2;19;4;5;0;5;0;0;2;4;;0;1;1;0;;;1;;2;0;;4;0;1;;0;0;1;2;;0;;;0;0;;0;0;2;2;0;;0;3;0;1;1;0;1;1;;2;;0;;;2;3;0;1;;;0;;0;;;0;1;;1;0;;;0;;0;1;;;;0
07135000;2;0;;;2;;0;0;3;2;0;3;;0;0;3;0;3;;;0;1;0;;;2;6;0;4;1;;;;;3;;;0;0;;2;;1;0;;0;2;1;;1;0;1;0;0;;0;;0;0;;;2;0;0;0;0;6;0;0;5;0;0;1;15;1;4;0;0;2;0;0;10;0;0;0;0;3;0;5;;0;0;1;0;0;0;2;1;0;0;2;0;0;3;0;2;0;0;0;2;0;0;3;0;0;0;2;5;0;3;0;0;2;0;0;7;1;0;0;1;1;2;0;0;0;0;0;2;0;0;;1;8;0;0;6;14;;0;20;52;20;4;0;71;0;0;0;;0;4;0;21;;0;0;0;5;9;4;0;3;0;0;3;3;0;0;0;0;0;;0;0;0;0;;;2;;0;;1;0;4;6;1;0;0;0;;;5;2;0;0;0;0;5;;2;0;1;0;0;2;0;0;2;;0;0;2;10;;1;;;;2;;1;4;0;0;;0;;0;;0;1;;0;1;;;;;;;0;;0;;0;;;1;;;;;;0;0;2;;;;;;;;2;0;;0;;;0;1;;3;;0;2;0;0;0;;;;0;1;0;;0;0;3;;;0;2;0;;0;;;0;;0;0;;1;1;1;2;0;1;3;0;0;4;0;0;;;2;;0;0;0;0;;0;0;0;1;;0;0;0;0;;;0;0;;0;;1;0;1;1;;0;2;0;;0;0;0;0;1;0;0;0;;;;1;;0;;4;;0;0;0;;1;;;1;;0;0;0;;;0;;;;0;0;;;
07137000;1;6;5;0;0;4;2;0;0;7;5;1;4;3;0;10;0;0;3;0;0;;3;2;1;0;0;4;0;0;3;3;3;7;5;5;1;0;;1;1;;0;0;0;0;1;1;0;1;1;1;2;4;2;3;0;0;0;3;1;8;1;20;0;0;0;0;0;6;2;0;1;0;0;0;0;2;0;15;0;0;9;0;0;0;0;0;0;0;3;5;0;3;0;3;1;6;1;0;;0;0;1;0;0;6;0;0;5;0;0;3;0;1;4;5;0;0;0;9;0;0;7;0;0;0;5;0;0;5;2;0;0;0;0;0;4;0;2;2;4;0;37;12;9;3;57;;70;0;0;34;0;0;0;0;0;0;0;0;0;26;0;0;0;0;6;0;0;0;0;2;0;11;0;0;0;0;0;2;4;1;4;0;1;0;3;0;0;3;0;2;3;0;1;0;0;0;3;1;0;2;0;0;0;0;0;7;3;3;6;0;5;0;0;4;2;0;0;0;0;0;7;0;0;2;2;1;1;2;5;3;0;0;0;0;5;0;3;0;0;0;3;0;0;0;;0;0;3;3;0;0;5;;3;;3;1;2;2;0;0;0;1;1;0;3;1;1;0;0;1;0;0;;2;;1;3;3;1;9;;0;0;0;6;0;0;;0;0;0;0;;0;1;0;;0;2;2;0;2;1;;0;0;6;2;0;0;0;0;3;3;2;4;0;2;0;1;30;0;1;;1;3;0;0;0;0;2;0;2;;3;4;0;0;0;0;4;1;0;1;4;4;0;0;0;0;0;0;0;0;0;0;;0;0;0;1;0;0;0;2;0;0;1;0;0;1;2;0;5;3;1;0;;0;0;0;8;0;0;1;0;0;0;0;2;0;0;1;1;0;0
07138000;0;1;0;0;1;14;5;0;0;0;0;0;0;2;1;0;0;;3;0;;0;0;1;0;0;9;6;;2;;2;0;0;7;0;;0;;1;6;6;5;0;;0;1;1;0;0;5;6;0;6;0;1;3;0;1;0;0;2;1;8;0;8;6;12;0;0;10;0;6;7;6;3;5;0;0;0;0;0;1;5;0;1;0;0;0;3;0;0;2;11;4;3;0;0;7;0;2;0;0;1;0;0;6;6;2;0;0;0;0;0;0;3;0;0;2;5;0;0;0;6;6;0;0;1;0;0;5;0;5;0;0;0;2;7;0;0;0;1;0;55;120;12;0;0;0;;0;0;104;0;10;0;0;0;0;0;0;16;25;11;0;0;12;2;0;5;1;1;0;0;5;8;0;0;0;0;7;0;0;2;2;0;0;0;3;3;0;1;8;2;4;0;0;0;0;0;0;1;0;7;1;1;7;;12;1;3;11;0;0;0;0;;1;0;4;1;0;0;15;;1;3;0;0;0;;1;0;0;2;1;1;0;0;2;0;0;0;0;3;0;3;0;0;;3;2;3;;0;3;3;;0;1;0;;1;2;1;0;;1;0;;1;1;0;0;0;;;1;;0;0;4;0;0;;1;0;1;0;0;0;2;0;0;0;;0;;0;1;0;0;0;0;1;0;0;;0;6;;1;0;3;1;1;;2;3;0;2;5;6;0;0;;1;0;0;0;0;0;2;5;0;;0;0;1;;3;5;;0;2;0;0;1;;0;0;0;0;1;2;1;5;0;11;0;1;3;0;;;0;0;;1;3;0;0;1;0;0;1;;4;0;0;0;;2;2;;1;0;;6;0;;;2;;;0;;;1;
07140000;0;3;0;2;0;0;0;0;;;0;2;0;0;0;0;1;;1;0;0;;0;;1;3;2;2;0;1;;;0;0;0;1;;0;0;0;3;0;;2;;1;0;1;0;2;0;2;0;4;3;3;0;0;0;;1;3;1;7;0;1;1;1;0;0;0;3;4;1;0;4;3;1;8;15;0;0;1;0;0;0;3;0;0;0;7;1;0;2;3;0;0;3;0;0;0;1;0;5;0;11;0;0;6;0;0;4;3;0;1;2;0;0;3;3;4;0;0;0;9;0;0;0;0;0;0;3;5;5;2;0;0;0;2;3;0;2;16;0;24;0;41;0;48;49;;43;65;0;55;0;6;0;14;29;28;212;66;24;8;0;9;12;94;83;8;54;35;0;9;156;0;111;13;0;0;0;0;3;0;0;1;0;;;0;2;11;0;0;4;0;2;5;0;1;1;0;4;4;1;1;4;0;;4;8;0;4;0;0;0;;3;3;0;3;0;13;;0;;0;0;1;0;0;2;;1;;0;1;0;;0;0;1;;;;2;;2;;;0;0;0;3;;5;;3;2;;;0;;;;;0;0;;0;2;0;0;1;1;;1;1;0;;0;3;0;1;2;4;0;2;;0;;0;;3;0;;;0;2;1;0;0;0;0;5;;0;;;1;2;0;4;0;0;0;1;6;0;0;0;0;2;0;;;;2;;0;;0;0;2;;1;;;1;;0;0;1;;0;0;0;0;2;0;10;;5;;0;2;1;2;0;0;3;;0;9;0;;1;;;;0;0;0;;3;0;0;4;0;2;2;;0;2;2;1;0;2;3;;0;1;;;4;0;1;;
07141000;0;0;1;5;0;3;0;7;0;4;2;2;0;1;0;16;0;0;0;3;1;0;0;0;0;0;0;1;0;3;0;;0;0;0;3;1;0;0;6;1;0;2;0;1;;1;1;0;1;3;;0;4;0;2;0;0;0;0;0;3;0;4;0;6;3;0;3;0;1;1;11;1;0;0;2;0;6;6;0;2;13;0;3;3;7;0;6;;4;0;2;0;5;0;0;1;3;1;2;0;;1;0;0;7;;0;0;0;0;2;9;0;0;8;0;0;0;2;0;0;0;0;0;2;0;0;0;15;10;0;3;5;0;0;1;4;0;0;0;0;0;3;0;7;0;9;8;0;;8;0;0;0;0;0;0;0;0;0;27;0;1;0;4;16;0;0;0;0;0;0;4;0;0;0;0;0;2;0;2;3;3;0;2;1;;2;0;0;0;2;0;0;13;1;0;2;5;4;0;0;0;2;0;0;1;1;4;0;2;5;0;1;;0;0;1;8;2;0;0;1;;0;0;0;;1;0;0;2;1;0;0;;8;1;3;3;1;1;;1;0;1;;0;0;0;5;0;2;0;2;0;0;;1;1;0;5;0;0;;1;1;;;1;0;;;1;;1;0;1;0;0;0;0;;0;2;0;;;;;1;;2;0;0;;;;3;3;1;0;0;1;2;;;0;1;1;0;;0;0;0;0;0;4;4;0;2;2;0;0;0;1;2;0;2;8;1;1;2;;0;2;2;1;2;0;0;1;0;0;0;0;1;0;0;0;2;4;2;4;3;3;5;2;0;1;0;;;1;0;;2;;0;6;0;;0;1;;1;0;0;2;1;;1;0;0;1;0;5;0;;;0;0;;;;;0;1
07143000;1;12;9;0;0;0;2;0;1;1;6;;3;1;0;7;4;0;0;10;4;1;0;0;1;0;0;0;0;5;0;0;0;0;0;0;;0;;2;3;5;0;0;0;1;5;6;6;0;9;3;2;4;0;0;1;11;0;7;;2;0;0;3;0;2;7;0;13;0;0;11;0;0;1;1;0;0;26;0;5;0;4;0;0;10;0;0;1;0;0;0;2;6;2;0;9;0;;0;4;0;0;1;3;4;1;1;2;0;10;0;0;3;0;4;10;0;0;8;0;0;0;4;0;1;0;0;6;12;0;0;22;0;0;1;0;0;7;0;0;41;0;0;10;1;0;0;0;0;0;;0;6;0;3;0;0;6;3;0;38;0;4;0;2;0;0;0;0;0;10;0;8;4;0;0;0;2;0;0;0;0;5;0;3;3;0;0;0;0;0;7;10;5;0;2;0;0;5;0;2;0;3;3;1;1;0;0;5;3;0;1;0;0;0;0;0;8;0;1;0;0;;0;0;1;;0;0;1;0;0;0;2;0;4;4;0;0;0;4;8;1;1;0;1;1;;2;5;3;;1;;2;;0;;;1;1;1;2;0;;0;0;;1;0;1;0;0;0;1;0;0;0;0;4;0;6;;0;1;0;0;4;;;2;0;0;0;1;0;1;0;4;1;0;0;4;;2;;6;0;1;0;1;1;5;0;2;2;7;0;0;0;0;0;0;2;;0;4;2;;0;0;0;1;1;0;0;0;;2;4;1;3;;3;1;0;0;2;0;1;0;0;5;2;0;2;0;1;0;0;0;0;;7;1;;3;0;4;0;0;0;4;;1;;2;0;3;0;0;;0;0;0;4;2;4;0;0;0;2;1;0;2;1;3;1
07211000;0;0;0;0;;0;0;0;0;4;7;0;0;2;1;22;0;;0;4;0;0;1;1;0;0;5;0;0;0;0;2;0;3;2;0;;1;0;3;0;0;1;0;1;;5;0;0;0;0;0;0;0;1;3;2;0;0;0;;3;3;34;3;17;0;9;0;4;8;4;0;0;0;7;0;0;9;55;2;33;5;9;1;1;8;0;0;1;0;9;0;0;0;4;0;2;4;1;0;2;0;0;0;4;0;0;0;0;2;0;0;0;0;11;5;23;4;8;6;3;0;0;0;0;0;9;0;0;8;2;4;2;0;9;0;3;1;0;2;0;64;11;26;41;0;0;65;41;637;23;50;;8;2815;0;3922;11;1;32;21;63;9;6;9;11;14;17;28;5;42;18;1748;17;12;29;25;2;4;2;0;1;0;0;0;0;4;2;0;0;0;0;3;6;3;11;0;0;9;3;0;0;1;7;2;0;1;0;1;14;3;0;1;2;0;9;3;0;0;0;0;2;10;2;2;6;0;1;0;1;5;0;4;2;0;2;;5;;0;0;0;2;0;;0;3;0;;0;2;;4;0;;0;1;3;;3;1;2;;3;0;;0;0;0;0;0;1;;0;0;;;1;;0;1;0;11;0;1;2;0;1;0;1;;3;0;0;0;0;0;;;0;0;2;0;0;;1;;0;0;0;1;1;2;0;2;1;0;27;0;2;0;0;0;7;1;1;0;0;0;2;;0;3;0;;0;0;0;;;0;0;0;0;0;2;2;0;3;3;0;1;0;0;0;0;0;0;0;0;10;0;0;1;1;0;;0;;0;2;0;0;0;0;0;;1;0;0;0;0;;0;0;1;1;0;;0;;0;0;;0;0;1;;
07231000;2;8;2;;1;1;0;0;1;2;2;0;0;0;2;15;0;0;2;2;0;1;0;;2;0;0;0;4;0;;0;2;2;;0;2;0;2;1;6;3;0;2;;1;2;0;1;0;1;0;1;3;0;0;0;0;1;;0;0;0;6;1;0;0;4;0;0;0;0;0;0;0;0;0;0;16;0;4;0;8;0;4;5;0;0;5;;0;0;0;1;10;3;3;0;0;1;0;0;3;7;2;1;0;0;0;0;10;0;0;0;0;0;7;0;2;0;0;0;0;7;2;0;0;0;3;0;0;1;0;6;;0;0;3;0;6;1;1;5;1;0;0;0;0;8;0;0;33;0;0;;0;3;0;4;0;0;12;0;2;0;0;9;23;0;0;1;0;0;0;5;60;0;0;0;0;0;0;1;0;2;0;0;0;0;0;0;0;1;6;;1;7;;0;4;0;0;1;15;0;4;0;0;0;0;0;2;7;2;0;0;0;2;0;4;2;0;0;3;;;0;0;1;0;0;2;0;0;0;3;0;;0;1;0;0;0;1;0;1;1;;0;;0;1;;1;0;;7;0;1;0;;;1;;0;0;;;0;;;;1;;;;;;;;;1;0;4;;4;0;0;0;0;0;;0;;0;0;;1;2;2;3;1;0;1;0;0;0;1;0;1;;;0;;1;1;0;0;0;11;0;10;0;1;0;;0;3;2;0;0;1;1;0;0;;1;;;;;0;;0;1;2;;0;1;0;6;3;0;2;0;4;0;2;0;3;2;11;2;1;2;0;3;;;;0;1;;2;0;0;1;0;0;0;;0;0;;;;;3;0;;0;;;0;;0;;3;0;
07232000;;2;;;0;1;5;2;0;;;0;0;;;5;;;0;0;1;;0;;;0;1;;;3;2;;3;1;4;0;0;1;1;0;1;1;0;2;;1;;;0;;13;4;2;1;0;0;1;2;;;0;8;0;0;0;5;0;1;1;0;0;0;0;0;0;4;0;5;9;0;0;20;0;0;4;0;0;4;0;;5;0;2;;6;;1;3;0;1;1;0;8;6;4;1;0;0;;0;7;0;2;0;0;0;0;0;0;5;1;1;0;1;5;0;;4;0;0;0;0;1;0;0;2;1;1;;0;3;1;133;0;128;92;81;59;131;158;78;99;201;0;68;;137;0;5;27;10;33;110;16;16;2;25;15;52;56;38;25;61;13;31;35;137;41;0;0;1;2;0;2;0;;0;;1;1;;0;0;0;2;4;5;0;0;;0;0;0;2;0;3;0;1;0;;2;2;1;0;4;;;1;0;3;3;0;;2;1;0;0;0;;0;0;0;3;;0;;;;0;;0;2;;;0;0;0;1;;;;2;0;;1;;0;;;;1;;1;0;0;;;;;;;;;;;1;;3;;;;;0;0;;0;0;;2;1;2;5;1;;0;0;;;0;0;1;0;;1;2;;2;2;;0;;4;1;;1;1;;3;9;0;6;0;4;0;14;;0;;;0;1;0;;0;0;;0;0;;;;;;1;0;1;3;1;1;1;0;2;;1;1;;3;0;0;;0;0;1;2;2;0;0;;;0;0;;;2;1;1;1;;;;1;0;0;;;;;;0;0;;;0;;1;;;;;0
07233000;0;2;0;3;3;1;1;0;0;;2;3;4;0;0;0;;;;1;1;2;;;;0;9;2;1;4;1;;0;0;0;0;;;1;0;0;1;;;0;0;;0;;;0;;0;4;0;2;;0;1;;;0;;0;1;6;0;2;0;4;;0;3;0;0;0;0;0;0;0;0;0;1;0;0;0;0;0;0;0;0;1;0;0;0;2;2;6;0;0;0;0;;0;5;4;1;0;1;1;0;0;;3;0;2;4;1;0;1;4;0;0;0;1;0;3;4;1;0;5;0;3;2;2;0;2;1;1;0;0;0;7;0;7;0;2;6;2;15;0;7;0;4;0;0;;0;1;0;1;11;4;0;;0;;2;2;0;;0;0;0;0;0;0;0;0;3;0;;0;;;0;;;;1;0;;1;0;;2;1;1;6;0;;1;;1;0;0;1;7;2;0;1;2;0;1;2;1;1;0;0;0;;;2;0;2;;0;0;;;;6;;0;0;1;0;;0;0;;1;;;0;0;;;0;;0;;;1;0;;1;;0;;0;;;;1;1;;;0;0;;0;;;;0;;0;;0;;3;;3;;;3;;4;;;;0;0;0;0;;0;1;;;2;0;;1;1;;1;;0;;2;;0;;0;;3;2;1;0;2;0;;0;0;;;;;;0;;1;;;1;;0;;;;0;1;;0;3;0;1;;0;0;;;0;1;0;5;;5;;0;1;;1;;4;;1;1;0;1;2;3;;;0;;0;0;0;;;0;;0;0;;;0;1;;2;3;;2;;0;1;0
07235000;1;0;2;;;3;0;1;0;;0;0;0;;0;0;0;0;0;0;1;0;0;0;;0;0;3;0;0;;;0;0;;3;0;0;3;0;;2;;0;1;1;0;5;0;1;4;0;0;0;2;0;;0;;;;8;2;7;0;0;0;8;0;0;0;0;0;9;0;0;0;1;14;0;0;16;1;7;0;0;6;4;0;;4;7;2;0;6;0;0;0;0;0;2;2;0;0;0;0;5;1;0;4;5;1;;0;0;3;0;20;0;1;3;0;0;0;6;0;0;0;6;2;2;0;0;4;2;0;0;;2;;0;2;157;0;195;231;92;89;339;290;246;175;305;0;182;49;57;;46;83;53;253;165;35;35;0;97;46;126;132;96;57;118;0;110;241;298;86;0;0;0;2;0;0;0;1;8;2;0;;0;;0;1;0;5;3;0;2;1;0;0;0;9;0;0;0;0;0;0;5;0;4;3;0;0;1;5;;2;0;1;0;23;0;;0;;1;1;0;;0;2;;;1;0;2;;1;1;6;0;0;;;;0;;0;0;2;0;0;1;;1;0;0;0;2;0;;3;2;;0;0;1;1;0;1;0;0;0;;;;0;;1;0;0;;3;1;1;0;;0;;1;1;7;0;2;;0;1;;2;0;0;5;;;0;0;1;;0;2;4;1;2;4;3;0;3;0;9;0;0;3;;0;;0;1;0;;0;;0;2;1;2;4;0;1;0;;0;2;0;1;0;5;0;1;1;0;0;0;0;0;1;3;;;0;0;1;;0;0;0;;0;;1;;1;1;3;1;2;1;1;0;;1;;0;0;0;;0;1;;;0;;;0;2;;2;1
07311000;;0;2;;0;;1;0;3;1;1;;1;;;0;4;;;;0;;0;0;0;0;1;1;;0;1;0;0;;;0;;1;;;;0;;;1;0;0;0;1;;0;1;3;0;;0;1;0;2;0;;6;;8;0;1;0;;0;;;;;0;2;0;0;;0;5;1;2;;0;1;4;0;1;4;;;1;;0;0;0;0;0;0;1;;2;;0;0;0;1;3;;0;0;8;;0;4;1;1;0;0;0;9;0;0;0;0;0;0;2;0;2;5;1;;0;0;1;0;1;1;0;3;;0;0;;0;4;;7;3;0;5;1;0;0;0;0;0;;3;0;0;3;4;0;0;15;2;1;58;20;8;4;0;0;0;0;0;0;0;3;;4;1;0;0;0;3;0;;0;;0;1;4;0;0;0;7;0;0;5;1;1;0;;6;;3;;0;2;0;2;0;1;0;;1;0;;0;0;0;;;1;1;;1;0;;;0;1;;0;0;1;4;2;1;2;0;;;0;1;0;1;;;3;1;;;1;1;;;0;0;;2;;0;;1;3;;1;1;1;;;;;;2;;;0;;0;;3;;;0;;;;0;0;0;0;2;;;;;;;1;2;;;;;2;;0;0;0;1;0;;0;0;0;1;1;6;;5;0;0;;4;;0;;;;;;;1;1;;;1;;0;;;1;1;1;;;1;;0;;5;3;;7;;1;1;;0;0;;1;6;;5;1;0;;;;;;0;0;0;0;;;;;4;0;;;0;;;1;;;;;;;1
07312000;1;8;3;0;0;3;0;2;2;2;4;0;4;1;4;21;7;3;5;5;0;3;0;2;0;0;18;0;0;0;;0;0;0;0;6;;0;1;3;2;;0;4;2;3;10;4;7;1;0;0;5;0;2;;;4;1;3;4;3;5;12;17;0;5;3;0;4;0;2;4;0;0;0;0;2;0;22;2;44;4;6;0;0;0;2;4;;3;3;0;0;3;0;3;1;0;1;0;2;0;6;9;10;2;;2;2;;0;;3;0;0;12;29;14;9;0;0;7;2;12;6;5;8;0;0;9;0;4;9;;4;0;2;0;0;2;0;6;3;0;8;0;12;7;11;0;10;0;0;5;0;1;0;0;;10;4;25;8;15;0;25;0;17;4;4;0;44;0;3;0;3;16;28;14;14;0;12;11;7;8;6;3;0;0;6;0;32;8;5;8;28;0;12;0;2;1;0;14;1;0;9;2;4;7;0;1;0;5;1;0;8;2;4;14;0;0;15;50;4;1;0;2;11;2;0;2;5;0;3;0;3;4;9;2;2;1;0;0;0;2;0;;0;;1;3;0;0;0;;0;2;4;0;0;1;;0;0;0;;1;0;3;0;2;;;0;4;0;0;;;0;3;0;10;0;2;0;0;2;3;3;1;6;1;0;0;4;2;4;0;8;0;0;9;5;;3;0;1;0;0;;4;0;0;0;0;5;44;7;14;8;3;17;80;1;0;1;0;1;;;;3;0;;4;1;0;1;;;2;1;;1;2;;7;0;0;3;0;0;2;0;0;0;0;1;0;5;1;;0;0;1;0;4;1;0;1;5;0;0;;0;;0;0;0;1;0;1;1;0;0;;;0;0;0;1;0;0;5;0;3;1;2
07313000;2;5;0;;0;0;1;0;2;;;1;2;;;0;0;0;0;0;0;1;;;;0;0;0;;1;;;3;2;0;0;;4;0;0;2;;;0;0;0;1;2;1;0;;;0;1;0;1;;1;;0;;3;2;0;0;4;4;1;3;2;;0;5;0;0;0;3;2;4;6;0;4;7;3;0;0;1;0;0;0;0;2;2;3;0;0;1;2;0;;;0;0;0;0;0;;0;7;7;0;0;1;0;0;0;4;4;0;0;0;0;1;0;0;0;0;0;0;0;0;0;2;0;0;3;0;0;0;2;2;0;0;0;0;0;0;0;3;0;0;1;0;0;5;0;0;0;7;0;;0;0;13;3;0;1;0;0;0;2;0;0;0;0;0;0;0;0;0;4;1;3;0;0;0;0;0;1;2;3;1;10;0;0;19;7;0;0;1;0;0;0;0;4;1;0;0;0;3;0;0;0;0;6;1;0;1;1;4;0;1;0;0;;;0;;;2;0;0;0;1;1;0;;;0;;;0;;0;;1;1;0;0;0;0;;;;;;;;0;;0;;;0;0;;0;0;0;0;;;0;2;0;;;;;0;;0;0;0;;0;0;;;;0;0;1;4;0;1;;;;;1;0;0;1;0;;;;0;0;1;0;0;1;0;0;0;2;0;7;0;3;2;4;0;;;;0;2;;;1;0;;0;;1;4;;;0;;0;0;;0;0;0;3;0;0;0;3;1;1;3;;1;;;0;0;;0;0;3;;2;1;;;4;;;;;;0;0;;;1;;;2;4;;1;;;;;;;;1;;;1
07314000;0;0;0;0;1;0;0;0;0;;0;;2;1;0;3;0;3;7;0;0;0;0;0;0;0;23;0;2;0;1;0;1;2;0;0;;0;0;5;0;0;1;0;0;6;5;0;0;0;0;0;2;2;0;0;1;0;0;0;;4;0;0;7;15;6;3;2;0;0;2;0;0;0;4;0;1;0;17;0;5;2;0;2;0;2;1;0;0;8;0;0;0;0;3;0;0;4;0;7;0;3;5;13;5;3;0;0;0;0;0;1;9;0;5;0;22;7;12;24;1;8;13;6;1;0;0;1;2;0;0;0;0;6;0;0;1;4;0;0;0;0;4;0;0;0;2;0;0;0;5;13;0;0;0;0;0;18;0;10;;20;52;0;0;43;0;11;210;6;2;0;0;15;330;0;8;4;0;3;0;0;0;0;4;0;0;0;2;0;5;0;34;0;6;0;0;30;0;0;3;0;0;0;0;0;0;2;8;0;16;0;0;0;1;1;0;0;3;9;0;1;0;0;7;2;0;0;3;2;3;1;3;0;;0;0;8;0;2;0;0;0;0;0;0;0;0;2;0;0;5;;;1;;1;3;0;4;1;;;0;0;1;0;0;3;0;3;0;2;;8;0;0;;2;;0;5;0;1;3;1;2;1;0;5;0;0;0;0;3;1;2;;3;4;4;0;0;0;;5;2;3;0;1;0;0;8;0;2;1;0;8;2;2;0;3;1;0;;0;;2;2;0;0;0;;1;0;2;;0;0;;0;;0;0;0;0;0;3;0;0;0;0;0;0;0;0;2;7;3;0;0;0;0;1;0;0;;3;;1;0;0;0;1;0;0;1;0;3;0;0;0;3;0;0;0;0;0;0;0;;;3;3;;0;;0;0
07315000;0;0;1;0;0;3;3;5;1;4;0;9;0;0;2;41;5;0;2;4;0;0;0;0;0;0;0;0;0;0;3;0;10;0;0;0;2;2;0;0;1;0;1;0;0;0;9;0;0;0;3;0;0;0;0;0;0;0;0;1;0;16;3;21;12;21;0;0;0;0;0;0;0;0;0;0;1;12;4;44;0;0;0;14;0;4;0;0;0;0;9;0;0;1;0;3;5;0;0;3;0;0;0;0;3;6;3;0;0;1;2;2;0;0;0;0;0;127;0;167;0;0;0;0;0;0;12;4;0;14;0;0;0;0;0;0;3;0;0;7;0;0;0;0;0;51;0;0;0;0;0;0;0;0;2;0;0;0;0;0;8;0;;0;0;0;0;0;138;0;0;0;0;0;0;4;514;0;1;0;1;0;0;1;0;0;1;0;0;0;3;0;0;5;4;0;0;0;18;0;3;0;0;23;5;2;0;0;0;0;0;0;0;0;0;10;0;1;0;0;4;0;1;61;0;7;2;5;2;0;0;2;2;0;4;8;2;0;0;0;1;0;0;12;0;4;2;2;0;2;1;0;0;0;0;;2;2;0;0;0;;0;0;0;0;1;0;3;2;0;0;0;0;0;0;0;0;;0;2;0;1;0;0;0;1;0;0;0;0;0;6;0;0;0;0;1;0;3;0;2;2;0;4;0;3;0;0;0;0;;0;7;0;0;0;0;0;0;0;0;0;0;69;2;5;0;5;0;6;1;0;2;0;3;3;1;2;2;0;2;1;1;0;4;1;0;0;7;2;0;0;0;0;7;6;0;0;1;3;11;2;0;2;0;0;4;0;0;;0;0;1;1;0;0;3;1;0;0;;0;0;0;0;8;;0;0;1;;0;0;1;0;0;5;1;
07316000;;0;2;;0;1;1;1;0;;0;0;;4;1;0;0;;1;;;;1;;;0;0;0;;3;;;1;0;2;;;0;;;;0;0;;;0;;0;0;;5;0;0;;;;;0;1;;;1;;0;1;0;1;0;0;;;;4;1;0;1;2;2;0;0;;0;1;5;;1;0;0;0;;0;0;;0;0;0;0;;2;;;;;1;1;1;0;;0;;1;3;;0;2;1;3;0;0;0;0;0;3;0;3;0;0;0;0;1;2;0;0;0;1;0;5;;0;0;0;0;0;0;0;0;0;;1;0;0;4;5;0;0;0;2;0;0;0;0;0;9;;0;0;11;0;7;26;6;0;0;0;89;0;1;0;0;0;0;0;0;0;0;0;1;3;;0;0;0;19;0;5;11;8;0;6;0;0;5;0;3;7;0;0;0;1;;0;4;0;2;7;0;0;0;0;4;1;0;0;0;1;;1;4;0;;;;0;0;;;;1;0;;1;1;0;0;;1;;;;;;;;;;;1;;;;;0;;;1;;;;0;;;;;2;;;;;;;;0;4;0;;4;0;;1;;;;0;;0;1;;;;0;1;;3;4;7;;;1;0;;2;1;;0;3;0;;2;6;1;3;4;0;0;9;;0;;0;;;;;;0;;0;;;3;;1;;0;;2;;;;3;;;;5;2;2;0;;;0;0;0;;;;0;0;;;1;0;0;;0;;2;2;;1;;0;;0;;1;;;;1;0;;1;;;;0;1;2;;
07317000;0;0;;;0;0;;0;0;;0;;;1;;1;2;0;0;;;;;;0;0;0;1;0;3;;;0;;;0;;0;0;1;;2;;;;;;0;;1;;0;2;;0;2;;1;1;;0;6;;0;0;0;1;0;2;;;;1;0;1;1;0;0;0;0;;0;0;5;0;0;0;0;0;0;2;0;0;0;4;0;3;1;0;;5;;0;0;6;1;4;;;0;1;1;0;0;0;2;0;2;1;7;1;3;0;1;2;0;;0;0;0;0;3;0;1;0;0;0;3;1;1;;0;0;1;;0;0;1;0;1;0;0;0;0;1;0;;0;2;0;0;8;6;7;;0;0;0;3;0;0;0;0;0;0;0;6;0;2;0;0;0;0;1;0;0;3;1;1;6;;3;4;0;0;1;7;0;5;0;3;0;2;3;0;1;4;0;0;2;0;5;1;1;2;0;2;0;1;0;0;0;0;8;;0;;0;0;0;0;1;0;0;1;;;0;0;3;1;0;0;1;;;1;;;;;0;0;;0;1;;;;;;;;;;;;;0;;;;;;;1;;;;;;1;;0;;;2;;0;0;;1;;1;0;;;0;;;0;;;0;4;;0;1;1;0;;1;1;;0;;2;;0;0;11;9;2;0;1;;0;;;1;;;1;0;;;;;;;;0;1;0;;;;0;;6;;;1;;;0;0;;0;;;0;1;1;;0;0;;;;0;;;;0;0;;0;1;0;0;;1;0;0;0;0;;0;;;;;;;1;;;;
07318000;0;0;;;2;0;0;2;9;2;;0;2;;;1;0;;0;0;0;1;;0;0;0;0;;2;0;;;;0;;0;1;0;;3;0;;;3;;;;0;0;;0;0;0;;2;0;;3;1;;2;0;1;0;0;4;0;0;0;;1;;3;1;1;3;1;;0;8;0;0;4;1;2;1;0;1;0;;0;2;0;;2;0;;0;0;3;;0;;;0;3;;;;0;0;0;;;;;0;6;0;0;0;1;0;2;0;0;0;0;2;0;4;1;6;2;;0;0;;1;0;0;0;4;0;24;77;13;11;42;16;340;26;41;0;41;0;9;338;108;43;84;133;214;56;43;;128;23;124;185;58;221;24;533;140;161;139;150;0;0;4;4;4;0;3;6;0;0;0;;2;10;0;0;0;0;0;0;0;1;0;0;0;2;0;0;0;0;0;;3;0;2;2;0;;0;1;0;0;0;2;1;0;0;5;;0;2;1;1;0;0;0;;1;2;;1;;;2;0;0;;1;2;;;0;0;0;;;3;1;;;;0;;;;;;;;1;0;;;;;0;;;;;;;0;0;;9;;0;;0;0;;0;0;;;0;1;1;0;1;1;0;3;;;0;;0;2;;0;;0;1;0;3;0;;1;3;0;0;0;0;0;0;1;0;0;4;1;;0;0;;0;;0;;1;;;;;;1;0;0;0;1;1;1;0;0;2;;2;0;1;1;0;;0;0;;0;4;1;;;;;;;;2;1;1;0;1;0;;;;2;0;1;;;;0;;;;;;;;;1;0
07319000;1;0;0;1;0;0;;;0;;2;1;6;;2;3;;;0;0;2;2;0;9;1;0;4;0;0;0;0;1;0;0;0;0;1;0;;2;0;0;;0;1;;1;0;2;1;0;0;1;;0;0;0;0;3;0;;2;0;2;0;3;8;0;0;0;0;4;0;0;0;0;0;1;3;4;0;2;0;0;5;0;0;0;0;;0;1;2;0;6;1;0;0;2;;;0;0;2;0;2;0;0;0;0;0;0;1;1;0;0;7;3;0;30;0;0;0;0;0;7;3;3;2;1;0;2;0;11;0;2;8;6;2;1;0;0;0;0;0;12;0;1;0;0;0;0;0;0;0;0;;0;0;0;0;0;24;0;0;0;;1;148;20;2;0;7;0;0;18;0;4;0;0;0;0;0;0;2;0;3;0;0;2;11;4;6;14;0;5;0;1;0;0;2;1;0;1;5;0;0;0;0;1;0;2;0;1;0;7;2;3;1;0;0;0;2;4;;0;0;0;;2;0;0;0;1;1;0;5;1;0;1;0;0;0;2;0;2;0;0;3;;0;;1;;0;0;0;0;0;0;0;0;0;;;2;;3;1;0;0;;;1;0;;0;;0;6;3;0;0;8;;0;0;;0;0;0;0;0;1;2;0;4;2;0;2;3;0;0;2;0;0;0;0;0;1;0;;0;;1;;;0;8;1;4;11;0;0;1;0;1;0;0;0;0;0;0;0;0;0;0;;1;0;;0;;1;;0;0;1;0;0;1;1;1;0;3;1;0;;0;;;0;;1;1;4;0;1;;3;2;0;;1;0;1;;0;0;4;1;;0;;;7;1;;;;;1;1;1;0;;0;1;;
07320000;;0;1;;;;0;0;2;0;;;3;;;0;1;;0;;0;;0;0;;0;0;2;0;0;;0;1;0;;;0;;0;0;0;0;;;;;;1;;0;;;;;3;;;0;2;;;1;;0;2;2;;0;;5;;1;;0;0;0;0;2;0;7;;0;0;4;0;9;;1;4;0;;2;2;0;1;0;;;6;;;;;;;2;0;3;;;;;;1;0;1;1;15;3;6;7;0;0;0;0;0;;3;1;;1;1;0;0;0;0;6;0;0;;;1;5;;0;0;0;0;0;0;0;0;2;0;0;0;0;0;0;26;1;11;7;2;5;0;0;;0;4;8;8;5;0;5;2;1;0;6;0;0;;1;0;;;1;;2;0;0;1;4;0;1;0;1;1;5;0;0;0;0;1;2;0;1;1;2;;1;0;;1;2;;0;;0;2;1;;0;10;;;;1;0;0;0;;1;0;;;;;0;;;;;;;1;;;0;;;;;1;;0;;;0;;;;;;;;;;4;;;;;1;1;;;;0;;;0;;0;;;;0;;;;;;0;0;1;0;0;;;;1;;;1;;;1;;0;;0;;0;2;;0;;0;0;9;0;13;0;12;;0;1;;1;1;;1;2;0;;;;;;;;0;;;0;;;0;0;0;;;;;;1;;0;;4;0;;;;;0;;;;;;;;;1;0;;0;;;;;;;0;;;;;;;0;;;;;;;
07331000;5;0;4;1;1;;0;3;0;1;0;0;1;1;0;0;0;;;0;0;;4;0;6;0;7;0;;1;3;0;1;0;0;3;0;2;;0;;0;0;1;;0;2;0;3;;8;4;1;4;1;3;0;0;0;4;7;0;1;9;0;2;1;0;0;0;0;0;3;0;4;0;2;1;0;0;0;0;3;0;0;0;0;0;10;1;9;2;0;0;7;1;1;0;0;0;1;12;12;0;0;1;2;1;0;3;1;4;;0;1;0;18;0;3;0;0;0;0;0;11;0;1;0;0;0;9;0;3;0;1;0;0;6;0;0;10;5;0;0;3;29;0;0;4;3;0;11;4;0;6;0;0;0;0;0;13;0;0;0;0;0;0;2;;0;94;0;9;0;3;0;0;5;9;0;0;0;0;0;5;6;0;0;4;0;1;0;0;0;1;0;0;1;3;3;0;0;0;4;5;0;1;1;0;3;8;0;0;0;4;0;2;2;1;0;0;2;0;0;;;1;0;;;0;;0;0;3;0;0;2;0;3;0;0;;0;1;0;5;1;2;1;;;3;1;;1;1;;0;;;0;5;;;1;;0;0;0;;;2;1;0;2;;0;;0;;2;0;0;;0;1;0;1;;0;;3;0;0;4;3;;;1;2;2;6;0;3;;0;0;;1;1;0;2;;0;0;1;0;4;3;7;0;0;0;7;;0;1;0;0;1;;0;0;0;;1;1;;;1;1;;1;;0;2;2;;3;3;0;0;;0;0;6;2;0;0;1;0;0;0;;0;2;;1;0;;;;0;1;2;0;0;0;3;2;;;1;;0;0;1;0;0;1;0;0;3;;;1;0;0;
07332000;4;1;3;;0;2;0;0;0;0;9;0;1;3;0;0;0;1;3;5;2;;0;;;0;10;;;6;0;;0;0;0;0;0;;1;0;0;1;0;;1;2;0;0;0;;1;2;3;;1;3;1;0;1;1;0;0;2;8;0;15;0;0;;;1;2;0;0;0;0;0;3;0;9;0;3;0;3;0;1;2;0;0;;1;0;0;0;0;0;1;0;0;0;4;0;3;;2;0;0;0;1;2;5;0;;0;0;6;0;5;4;10;0;0;11;2;0;0;0;0;14;1;1;0;1;0;1;9;0;0;0;0;3;0;4;1;0;15;6;0;2;0;0;6;4;0;6;0;3;0;0;0;12;0;15;0;3;0;0;0;8;;24;6;52;0;35;0;0;29;0;2;1;0;0;3;4;0;0;0;0;0;0;5;0;0;0;17;0;0;0;3;0;0;0;18;0;4;3;0;4;2;6;8;0;0;8;2;0;0;0;4;5;0;0;10;1;1;0;1;1;0;0;1;0;;2;2;0;3;0;1;0;0;1;4;0;0;0;;3;0;3;0;4;;0;2;3;0;0;1;;;0;;0;1;;0;3;1;0;0;;;;0;;0;0;0;1;1;2;0;0;2;0;0;4;;;1;0;1;2;0;0;;;0;2;0;2;1;4;1;0;3;2;0;;1;0;0;4;1;0;0;0;4;5;0;1;0;0;;1;1;2;0;3;3;5;;1;2;;1;0;0;;3;;0;1;6;;1;0;0;1;3;6;1;0;0;5;6;5;0;0;0;0;2;2;0;3;2;0;;0;0;;1;0;1;0;0;0;;0;;0;;1;0;;;;4;;;;2;2;0;;;0;1
07333000;0;0;1;;0;;2;2;;0;0;0;;0;0;0;;0;3;;1;0;0;;;2;0;0;;0;0;;;1;0;;;2;;2;1;3;0;3;0;;;1;0;0;2;3;3;;2;3;0;;;1;;1;;3;1;4;0;0;;1;0;;0;0;0;0;;5;1;4;3;0;2;4;3;;2;6;1;1;0;1;1;;11;1;;2;1;7;0;6;0;1;;0;0;3;;2;4;0;0;;3;0;0;1;1;0;0;0;0;0;1;2;0;0;0;0;0;2;0;1;0;3;0;;;0;6;;10;0;0;36;0;7;0;0;0;6;3;0;0;0;;0;0;0;0;0;14;0;4;0;0;0;0;0;;3;0;0;0;9;0;0;15;2;2;0;0;3;0;0;1;;2;2;1;0;0;10;1;1;8;1;10;1;0;0;0;1;0;0;3;0;0;;2;5;2;2;1;0;1;2;1;0;0;0;2;12;;;;;0;2;1;0;0;0;;1;1;1;0;;;0;0;;;;1;0;;1;1;0;0;;2;;0;;1;0;0;0;;1;0;;;0;;0;0;2;;0;0;1;0;;;0;0;;1;0;;3;0;0;;;;1;1;4;0;0;;;;0;4;;;0;3;;;;2;;0;1;1;0;;;1;0;8;1;0;0;9;0;6;;;;;3;;;;0;0;0;;;1;2;;0;;1;;1;0;1;0;2;0;;3;0;1;0;1;;2;;;2;;4;0;0;;0;4;;0;;0;;1;0;1;1;2;;;1;;;0;1;;;1;;;;;;0;;;2;;0
07334000;0;1;2;;2;0;0;1;0;0;0;0;0;4;0;0;6;1;0;;0;0;0;0;0;0;6;0;0;4;;1;0;;;3;2;0;0;;;0;0;1;1;1;3;0;;0;0;6;1;;1;1;0;3;4;1;1;8;1;3;4;0;0;0;0;2;;;0;0;0;2;0;0;1;6;2;0;0;0;0;0;0;2;2;0;1;0;4;0;0;0;0;1;0;;1;0;2;4;3;0;0;0;0;0;1;1;0;0;3;4;0;1;4;4;0;5;0;0;3;0;0;0;0;0;5;3;0;0;0;0;0;0;0;1;1;0;0;0;0;4;0;0;2;0;0;0;4;0;1;0;2;0;0;3;69;0;1;11;3;0;24;0;4;0;0;;2;0;105;0;9;22;2;0;0;0;0;1;6;0;0;3;1;5;0;0;0;0;0;0;35;1;1;0;0;0;2;0;4;2;1;0;10;3;11;2;0;0;9;11;0;2;1;0;0;8;0;5;0;0;0;1;0;0;0;;0;2;;0;0;0;3;0;;0;0;0;0;0;1;1;;;0;1;1;2;0;0;2;;0;;;0;;;1;2;3;0;0;1;0;3;2;1;0;0;;;0;0;0;0;3;0;;0;0;1;0;0;0;;0;0;0;0;0;;;1;0;0;0;0;1;0;1;;0;1;;0;0;0;;0;;0;0;0;3;3;2;0;3;2;;1;2;1;0;;2;1;3;;0;;0;;0;2;1;;1;0;5;4;;0;0;2;0;2;4;1;0;2;2;4;1;2;0;;;0;0;;;;1;1;;;0;0;;;0;0;0;3;1;1;0;1;;1;2;;;1;1;;0;;0;0;;
07335000;;0;2;;8;0;0;0;6;1;2;2;;;;5;3;5;;0;0;;1;;;0;0;1;;;;2;0;1;1;0;;;;0;0;1;;;;0;3;1;1;4;1;5;0;;1;3;2;0;0;3;1;0;0;0;0;9;0;2;;2;0;;0;0;0;1;;1;0;0;1;1;0;0;0;2;0;3;0;;0;0;0;1;1;0;0;0;0;1;0;7;1;0;0;0;0;;1;;0;4;3;4;5;0;0;0;0;6;0;5;13;0;0;4;0;3;0;1;1;0;0;0;2;4;2;0;7;0;0;;0;0;2;4;24;1;0;4;0;6;0;0;1;0;0;0;0;0;0;12;30;10;33;0;0;0;0;0;12;0;;0;8;0;0;65;0;5;0;;2;4;0;0;0;;0;4;2;;0;0;2;2;13;6;0;0;0;0;0;0;2;1;0;0;0;0;0;0;1;0;0;0;0;1;0;1;0;;1;2;0;;1;0;0;0;4;;3;1;2;;0;0;0;;;1;0;0;1;0;0;1;0;0;;1;;;0;2;1;3;0;1;0;0;1;0;1;0;1;0;2;1;;0;0;0;;;;0;;;0;0;0;5;;1;0;;1;0;0;0;0;5;0;5;1;1;4;0;;;2;0;0;2;0;3;0;;;0;0;;0;;0;5;35;0;32;0;30;10;0;;;;2;;;;1;1;0;1;1;0;0;1;0;0;;2;;1;;0;2;1;0;;1;0;0;1;0;;;;;3;;0;;0;;3;;;;0;4;0;1;1;;;0;0;0;;1;1;;2;0;;;0;;1;;0;0;;;1;0;
07336000;0;1;0;0;0;0;0;1;;;1;;1;0;0;2;0;0;;;;;0;2;0;0;2;0;1;2;0;4;0;2;0;0;;0;;0;0;;;2;;0;;0;;1;0;0;4;1;0;;2;1;;0;4;3;1;6;0;0;1;1;;2;1;0;0;0;;0;0;0;5;0;0;1;0;3;1;;0;3;1;;;2;0;;4;1;0;;0;1;0;0;0;0;1;0;0;0;0;1;;0;;;;0;5;5;2;0;0;0;0;1;2;7;0;0;0;4;0;0;1;0;;4;;0;;1;5;;60;3;75;117;71;25;156;103;35;75;105;0;31;0;43;26;35;151;24;89;118;62;51;0;60;22;87;82;73;73;64;;66;58;94;21;0;0;0;;1;0;0;0;0;2;3;0;1;;0;0;0;3;0;2;0;;;2;0;0;0;0;2;0;4;1;3;0;0;0;0;0;0;;0;0;2;;1;4;0;;0;;;;1;;1;;;2;;0;1;1;0;;0;;;0;;;;;;;;;2;1;;1;;;;0;0;1;2;;;;0;;;0;0;;;;;;0;0;;;0;0;;0;0;;;;1;5;1;;0;1;;;1;4;0;;3;0;3;;0;;0;1;1;;;;;0;;;11;1;0;2;0;50;0;;;1;;;1;;1;0;2;;;;2;;;;;1;;0;2;1;1;0;1;1;0;4;0;;0;1;0;;2;0;;;1;2;0;6;3;0;;2;0;;0;;0;;;;1;;;;;;;;0;;1;;;;;0;;0;1;1
07337000;0;1;2;;0;0;0;1;6;;0;3;0;;1;0;3;;0;0;0;0;1;1;0;0;0;1;;3;2;1;1;0;0;2;;6;1;1;0;0;0;0;0;;0;1;;4;8;0;2;;;;1;0;1;0;;0;1;7;3;0;0;1;0;3;5;0;1;0;0;0;2;0;2;0;0;0;0;5;0;0;1;0;0;1;0;0;3;;0;0;5;0;4;0;3;0;0;3;6;1;;0;1;0;1;0;;0;0;0;2;3;0;3;0;7;0;0;6;0;6;4;0;4;1;0;0;0;;1;0;0;;0;0;0;0;0;0;4;1;0;0;0;0;0;0;0;0;0;3;0;9;0;152;0;19;0;17;0;0;0;0;0;2;0;0;0;;0;3;82;0;0;4;1;0;0;1;0;0;0;0;0;0;0;0;0;0;0;0;7;0;0;0;0;0;26;5;0;3;2;2;0;7;0;3;0;3;0;2;0;0;1;3;1;2;7;2;1;1;0;2;1;2;0;0;1;0;2;0;0;4;0;0;2;0;0;0;;;;0;;0;;1;;0;0;;1;0;;;2;;;2;;;0;0;0;0;;;0;0;;;;;;1;3;0;0;0;1;;0;0;;0;2;1;1;0;0;0;0;;1;2;;;0;0;;0;1;1;1;;0;4;4;6;0;;0;0;0;4;0;3;1;6;;;;1;1;;;;3;1;;1;1;0;;;0;5;0;1;1;0;;4;1;;;2;3;;0;2;5;1;;;9;3;1;;0;2;;1;4;1;0;1;0;;5;;2;;1;0;1;0;1;4;0;0;0;0;0;0;2;1;;;;0;0;;
07338000;0;1;0;;5;0;3;;0;4;6;6;1;0;1;8;1;1;0;0;0;;1;1;;0;0;5;;4;;0;;;0;0;0;0;;3;0;0;;0;1;3;0;0;0;4;;0;1;0;0;0;2;4;0;0;;1;0;1;0;1;0;0;0;3;1;2;5;0;5;0;2;0;2;4;;0;0;6;5;0;0;3;11;2;4;1;0;0;2;1;0;1;2;0;1;2;0;;1;0;2;1;;0;3;0;0;0;0;1;1;6;0;0;15;0;0;5;3;0;0;5;0;0;7;2;0;5;2;3;5;0;;;4;6;10;0;0;2;10;0;0;0;0;1;0;0;0;0;3;0;17;2;35;0;0;40;6;0;0;0;18;128;0;31;11;0;15;;0;8;0;5;0;8;4;0;0;0;3;2;3;0;5;0;21;6;0;0;0;9;0;0;8;0;1;0;0;0;2;0;0;1;6;1;2;0;0;0;5;0;4;0;2;2;0;9;1;;1;0;0;3;0;4;1;0;0;;0;0;4;3;2;1;1;0;;1;0;;2;;;2;0;;5;1;1;;0;0;0;;2;1;0;0;1;1;1;;;2;0;;;;;1;;1;1;4;;1;;2;0;2;1;;0;0;2;;0;0;0;1;0;0;3;0;;0;0;0;2;;5;0;1;0;0;0;0;1;0;0;0;2;1;0;0;6;11;3;0;0;6;0;0;;4;0;1;0;0;;4;;2;2;6;;0;0;;3;0;9;;1;1;0;1;1;4;0;5;1;2;7;0;2;;1;8;;0;;0;2;;2;0;1;;0;3;;1;;1;1;1;;;0;0;0;;;2;;0;1;1;0;1;4
07339000;4;2;0;2;1;2;0;0;0;0;0;5;0;5;0;26;0;;0;6;0;0;2;0;0;0;5;3;0;0;2;0;0;4;1;10;;3;;;0;0;2;0;;;2;0;2;3;9;0;3;0;1;5;1;4;0;;1;7;3;4;0;6;5;0;1;1;0;1;2;5;0;2;0;10;0;3;1;0;5;0;0;4;0;0;12;2;6;4;2;2;0;0;0;0;9;0;0;0;6;0;5;2;0;0;3;0;0;1;0;0;5;5;28;0;2;0;0;7;0;0;1;0;0;2;0;0;5;2;11;14;0;1;6;3;3;0;0;;8;10;7;283;13;8;11;23;15;0;8;0;8;0;2;0;17;0;6;16;0;0;0;0;4;0;210;14;41;0;3;0;0;17;;6;0;2;0;0;0;0;0;4;1;0;4;0;7;2;0;1;3;7;3;0;6;0;1;0;0;0;8;3;5;5;8;7;1;1;3;0;2;3;0;1;0;10;1;1;;0;0;1;0;0;1;2;0;0;5;4;1;6;2;;8;4;0;0;1;4;0;1;3;;2;0;0;2;5;;0;1;0;;4;2;1;1;;1;3;;0;0;1;2;1;7;2;0;0;0;;;;;0;0;0;0;;4;3;1;6;0;1;1;4;0;4;6;1;0;;1;3;4;0;0;0;0;;;0;1;;0;0;1;9;0;0;5;2;0;0;0;0;0;23;0;1;0;3;4;3;0;0;0;0;1;0;1;0;;0;4;1;6;1;6;1;0;1;2;;5;3;0;1;2;0;;7;3;0;1;1;6;4;1;4;4;6;;;2;0;0;0;0;0;4;0;4;0;;0;8;0;2;0;3;2;5;0;0;0;3;0;0;;0;;2
07340000;;1;3;;;0;0;0;;0;0;1;2;;1;9;;0;0;1;;;0;0;;0;0;0;;;;;;;;;1;2;;;;0;;1;;;5;0;2;3;0;0;2;;;;0;;0;1;;4;;0;1;2;3;2;0;1;2;1;5;1;;1;1;5;10;4;1;0;0;1;0;1;0;0;0;0;2;2;;6;0;0;1;0;0;4;1;0;0;;0;2;;;;0;0;0;1;0;0;0;0;0;0;8;0;0;0;0;0;0;0;10;0;0;0;0;0;0;;1;3;;1;;1;;4;1;6;2;0;1;2;1;0;0;2;0;0;0;0;0;5;0;17;0;25;3;166;0;0;21;0;0;6;0;0;0;0;0;0;;0;0;0;0;0;0;2;0;0;;2;0;1;0;0;0;0;1;0;0;0;0;0;0;1;1;0;0;0;0;1;3;2;0;0;2;0;3;0;0;0;0;4;;0;7;;;0;1;0;;;0;0;;2;0;;;6;;;0;;;0;;;2;;2;1;;;;0;;;;;;0;0;0;;;;0;1;1;;0;0;0;1;0;0;;;1;;0;0;0;0;1;1;0;;0;;;;1;2;3;0;2;0;;1;2;4;1;1;0;1;0;0;0;0;0;0;0;0;4;0;4;0;0;0;0;0;30;0;1;;;;;;0;;;1;;6;;0;;;;;;;1;1;;2;2;;;2;4;0;0;;0;;0;;;3;;4;5;1;1;;;;;;;0;;5;0;0;0;;;;;;2;0;;;;1;0;;;0;;;;0;1;
08111000;4;25;0;0;0;0;4;0;10;0;11;9;6;3;5;214;0;2;0;0;0;1;0;2;0;0;0;0;11;0;0;3;0;0;9;0;3;0;0;0;0;0;5;0;5;0;1;0;1;0;4;0;6;0;8;2;0;7;7;0;2;20;3;9;5;3;0;0;0;3;3;0;3;0;12;19;8;13;0;102;0;0;0;25;2;2;0;0;20;3;4;79;0;0;22;0;3;0;8;3;3;8;0;0;0;3;18;0;2;5;9;0;0;0;0;0;0;110;9;12;17;6;7;16;9;9;0;0;0;6;0;0;0;0;0;6;0;3;0;11;1;0;0;0;2;0;5;8;14;1;0;4;12;0;0;8;2;3;1;0;30;0;0;0;0;0;2;0;0;6;0;0;9;14;0;8;0;4;;485;1088;66;1353;1058;0;65;7;0;25;0;0;0;0;0;10;0;0;2;0;0;18;80;0;0;23;6;0;0;0;0;80;10;0;0;0;0;0;0;0;53;0;0;1;321;2;0;1;0;9;8;0;7;12;27;30;7;5;3;34;0;0;14;37;2;0;0;0;10;0;3;1;0;2;1;0;3;0;3;0;0;0;5;3;0;1;2;0;4;0;2;0;11;0;14;3;0;0;0;0;0;0;5;0;0;0;0;6;0;0;4;2;0;0;0;0;0;12;0;0;2;7;0;3;2;22;5;5;0;5;24;3;20;23;3;6;11;4;3;0;0;0;0;11;4;272;0;0;0;10;6;0;0;1;3;0;0;3;0;0;0;0;5;2;3;1;3;0;0;0;1;5;0;0;0;0;0;0;0;0;0;2;66;10;3;0;0;0;0;0;8;10;1;2;0;0;7;0;0;0;0;0;7;0;0;0;0;1;0;0;0;0;3;0;1;2;0;0;0;3;0
08115000;1;6;0;0;0;0;4;7;8;5;8;8;12;1;2;15;0;;0;0;0;;0;1;2;0;2;0;0;0;0;0;4;0;3;2;0;4;0;0;8;3;2;2;0;0;0;3;0;0;0;0;12;0;0;0;0;5;10;0;6;3;5;2;6;0;6;7;0;0;1;5;1;0;10;0;0;9;0;27;0;0;0;1;0;1;3;8;0;0;0;1;1;1;11;0;0;0;0;2;0;4;0;0;0;0;3;0;3;0;0;0;0;0;0;2;0;23;0;4;9;0;3;0;12;5;2;6;0;0;2;1;6;4;0;0;0;0;7;6;3;1;0;4;2;3;1;1;6;3;1;9;0;0;5;4;0;0;3;0;6;1;8;5;0;3;2;3;6;0;0;1;0;1;7;0;0;0;0;;0;41;0;0;0;32;6;21;11;5;0;5;0;10;0;0;0;2;0;51;259;80;41;0;1;7;0;55;33;8;43;4;19;72;7;82;0;18;11;20;18;0;0;31;0;0;2;0;0;0;0;0;0;3;0;1;3;0;15;0;4;0;0;1;0;10;0;0;0;2;12;0;1;;1;0;0;2;4;0;0;4;5;6;8;0;0;6;0;0;2;5;2;0;0;0;0;0;0;2;1;0;0;0;3;10;1;4;6;0;1;5;0;0;8;12;0;9;4;0;0;0;2;0;11;4;0;3;0;13;0;0;12;7;16;3;14;28;2;3;0;6;12;2;24;;0;0;0;0;1;0;2;0;0;1;5;1;2;3;3;0;0;10;0;3;3;2;9;0;7;0;0;4;0;0;4;3;14;4;0;18;0;2;0;0;1;;1;1;2;3;;1;3;0;0;5;0;3;0;4;0;4;1;3;0;;0;2;;0;0;1;0;2;0;0;3;0
08116000;4;1;0;0;0;2;13;0;7;2;2;5;2;3;7;38;1;0;0;2;0;0;2;2;0;0;0;5;1;5;1;1;5;6;0;1;8;6;0;8;1;2;3;0;0;0;0;1;0;0;6;0;0;3;0;8;2;2;0;0;2;0;0;15;7;0;8;4;0;1;1;0;0;15;3;0;1;0;0;38;0;0;0;5;1;0;7;0;0;0;1;9;0;1;3;4;5;0;0;0;0;7;5;0;0;2;0;1;1;0;6;4;0;0;5;0;3;46;0;0;7;0;0;0;0;0;0;2;0;1;0;5;0;0;0;0;0;5;8;9;8;0;0;1;1;0;5;1;0;0;1;0;5;0;5;0;1;12;0;0;0;0;0;0;3;0;2;0;14;0;0;4;2;0;0;7;0;7;0;81;;382;0;170;0;51;19;23;14;0;0;0;0;0;13;0;27;0;0;1;17;21;18;0;32;5;18;6;0;0;61;7;0;146;28;62;0;76;22;86;39;0;0;83;0;2;10;2;7;1;0;0;11;4;0;1;0;4;30;3;0;21;1;8;1;5;0;7;0;8;13;0;11;6;1;0;2;0;4;0;0;1;2;1;0;3;3;3;0;6;0;0;0;6;0;0;5;5;;0;0;0;0;21;0;0;9;8;2;10;0;7;0;0;0;1;0;0;8;0;0;0;2;0;19;5;2;0;0;9;1;20;24;6;13;17;2;1;0;0;0;5;0;0;55;3;0;0;8;0;6;5;0;0;0;0;7;0;0;0;0;0;0;0;0;1;1;5;2;11;2;0;1;0;12;0;0;6;7;5;7;0;0;0;0;14;0;;3;3;5;3;0;0;0;2;2;2;2;0;0;0;8;0;0;7;0;4;0;9;1;0;2;0;0;0;4;3;1;0
08117000;2;0;0;;1;2;10;4;0;0;9;0;0;1;0;15;3;;3;0;0;0;1;1;0;0;6;1;0;0;3;2;0;0;10;3;;0;4;1;2;0;3;0;0;0;6;0;4;2;6;;1;10;0;4;2;0;0;12;;1;0;5;10;6;8;0;2;0;;0;0;1;5;0;;0;0;9;11;4;4;0;0;0;2;0;0;;0;0;3;;0;4;0;2;3;0;;2;3;0;0;11;0;0;1;0;2;3;0;7;0;0;0;12;4;0;0;0;3;7;2;0;0;0;1;0;1;9;2;6;1;0;0;22;0;4;0;1;1;2;1;0;6;;0;1;0;1;2;3;3;0;;0;;2;0;1;6;0;2;0;6;;1;17;3;1;;;0;0;3;1;0;0;0;;0;44;1;0;0;0;15;0;0;1;0;0;0;0;6;8;0;2;0;0;0;0;0;2;6;1;7;1;1;9;4;0;0;4;49;69;7;4;3;0;3;0;0;2;0;3;6;1;0;7;5;14;11;1;3;0;0;0;0;0;0;0;1;0;0;0;0;3;1;0;9;2;0;;0;3;3;0;;0;2;;0;0;0;0;0;0;0;3;1;3;0;0;0;1;0;2;3;0;0;2;3;3;0;1;0;1;0;1;0;0;3;0;2;;1;0;0;0;2;0;0;1;0;5;0;0;0;11;20;2;2;2;0;18;0;1;0;2;0;4;0;0;3;0;2;0;0;2;0;1;;1;1;0;0;0;;;2;0;;4;1;0;0;3;6;0;2;0;0;4;6;3;0;0;1;5;0;1;2;0;8;0;0;;1;0;;1;0;2;3;0;2;0;0;4;0;;0;0;;;3;1;;;0;0;0;;0;1;;0
08118000;0;0;2;1;2;4;12;14;0;0;0;15;1;0;0;28;1;4;7;0;0;7;3;0;1;0;0;4;14;0;0;0;0;0;2;4;4;6;0;1;5;0;2;2;;4;2;0;5;0;5;0;5;3;1;3;0;1;0;10;1;3;2;0;0;19;0;9;0;1;3;0;0;10;0;0;3;4;0;29;7;0;3;17;0;0;0;13;9;1;13;20;14;0;0;3;0;0;0;1;3;11;14;0;0;0;0;0;1;0;0;2;0;0;8;10;0;37;2;0;12;0;0;1;5;0;1;16;0;16;0;7;6;0;1;1;0;10;0;10;8;4;0;4;2;0;4;2;0;1;6;0;11;0;0;1;0;2;0;0;0;11;19;3;4;0;5;0;1;3;1;7;0;0;12;0;10;14;0;27;36;38;;154;103;420;9;5;12;0;0;6;0;0;10;0;14;24;0;37;37;114;9;0;26;0;18;28;0;6;70;21;6;22;0;0;14;0;0;10;26;0;0;49;0;2;9;0;0;0;0;0;2;14;2;0;0;0;0;4;7;17;0;6;15;5;1;0;20;1;4;1;9;2;0;7;0;0;0;6;3;7;0;5;0;1;2;0;0;1;0;1;0;3;0;2;1;0;1;7;2;0;5;13;0;23;10;0;0;0;1;0;1;0;0;0;2;0;0;4;0;12;5;17;13;0;8;3;8;0;0;7;14;18;11;15;0;18;0;0;1;0;3;1;18;0;0;0;3;0;6;0;0;5;1;4;6;;0;0;0;0;0;2;3;6;7;0;0;5;0;0;5;12;3;0;0;4;0;0;0;31;7;0;0;0;1;0;4;1;4;0;2;0;7;0;1;1;0;5;0;4;0;6;0;1;1;4;1;5;;0;0;2;1;4;1;2;1;2
08119000;0;0;4;0;4;1;6;6;0;4;0;1;1;3;3;27;0;1;4;4;0;0;2;0;8;0;23;6;0;0;2;0;2;2;7;0;1;0;4;2;0;3;;0;3;0;1;0;0;1;1;1;11;3;0;11;0;0;3;0;2;9;0;10;0;13;0;9;0;2;0;3;0;5;0;0;0;6;3;10;2;0;0;1;5;9;0;1;2;0;13;1;0;3;0;0;2;4;2;0;1;0;4;0;4;0;0;0;0;3;3;1;0;7;0;0;0;0;9;4;7;17;0;0;0;0;6;0;6;4;0;6;0;10;0;0;8;1;1;6;0;0;0;3;1;5;0;0;0;0;0;0;1;0;3;0;;3;0;0;7;1;0;1;0;3;0;1;3;0;0;0;0;3;1;0;11;4;0;12;0;0;0;;34;0;28;175;16;0;0;0;0;0;0;0;0;24;0;4;0;25;35;0;7;8;3;0;13;0;36;9;0;33;0;20;17;0;0;36;9;0;0;19;0;2;3;9;0;0;5;3;4;0;6;0;0;2;7;1;2;3;2;9;1;0;0;2;2;2;0;0;4;0;2;3;;1;3;2;0;0;0;5;2;0;1;11;4;2;0;4;10;0;0;1;;0;0;5;0;0;2;41;4;9;3;1;2;4;2;0;3;0;14;2;4;0;0;4;3;3;0;0;0;0;0;5;4;13;2;3;12;0;13;4;2;0;0;1;1;1;1;0;50;0;0;0;2;0;0;0;0;1;6;6;7;0;0;;7;2;2;0;0;10;2;4;9;0;0;11;5;0;1;0;0;0;18;0;10;12;1;0;1;3;7;1;0;;3;0;;5;0;0;0;0;3;0;0;2;1;;3;7;5;4;0;0;;0;0;2;2;0;3;2;0;0
08121000;1;0;0;;3;2;1;1;4;0;0;0;1;0;0;11;0;2;0;0;0;0;2;;1;0;0;0;3;0;0;0;5;0;0;0;;;1;0;4;1;0;0;1;0;0;0;2;1;2;3;0;0;1;0;0;0;0;0;;0;0;1;0;17;3;0;0;0;0;0;0;0;0;0;0;0;2;3;1;0;2;6;0;0;0;0;1;;0;4;7;6;12;0;0;1;2;0;0;1;0;0;0;0;0;0;0;3;0;4;1;0;0;2;0;25;6;5;10;0;0;9;0;0;0;7;0;3;0;0;2;5;4;0;0;1;0;0;3;0;2;0;2;0;;3;2;0;0;0;0;2;0;1;;1;3;0;2;3;0;0;0;0;0;;0;0;5;0;6;0;0;1;0;0;31;7;16;0;0;0;;71;23;0;0;0;0;2;0;0;0;0;8;54;4;1;0;0;18;0;0;4;0;9;0;0;34;0;5;6;0;9;0;0;0;7;0;0;0;46;0;0;0;0;0;2;0;0;0;0;0;;2;7;5;0;2;0;0;0;0;0;1;0;0;0;0;0;0;3;0;0;0;0;0;0;0;0;0;2;0;1;0;0;0;0;0;1;0;1;9;2;0;0;0;0;1;0;0;8;2;0;6;2;0;0;0;0;0;0;13;0;0;1;1;0;0;0;0;0;5;0;6;3;10;2;5;0;0;0;0;4;1;3;0;0;0;1;0;1;11;;0;1;1;0;1;0;0;4;0;0;0;1;2;;0;1;1;0;0;4;0;0;0;1;0;4;0;0;1;0;3;0;2;0;1;0;0;1;7;0;0;;;0;;0;;;0;0;;0;0;2;0;0;0;0;2;3;;1;0;0;0;0;0;;;;1;1;;1
08125000;7;5;0;0;0;3;5;3;0;2;0;0;8;0;6;19;3;0;0;0;0;1;0;3;0;0;0;0;3;0;4;1;1;0;3;7;;2;1;0;0;4;1;5;2;1;0;1;0;1;10;0;0;0;1;2;0;10;0;0;2;9;2;4;0;10;0;3;0;0;0;0;7;0;0;6;0;0;14;23;0;0;0;0;0;2;0;0;0;0;4;0;0;1;15;7;4;7;0;5;0;6;4;0;8;0;2;1;0;1;1;0;6;0;2;0;0;36;6;0;10;0;0;0;0;2;0;0;0;4;0;7;1;2;0;0;5;0;2;2;2;1;0;6;3;13;0;2;0;1;1;6;0;4;3;;1;0;5;0;2;0;11;3;1;0;7;;0;0;1;8;6;0;0;4;0;2;0;0;0;2;0;0;0;;116;74;25;0;0;0;0;0;0;0;20;134;0;6;0;0;0;0;13;0;5;8;14;8;10;5;27;0;0;2;4;0;0;3;3;0;5;43;0;0;17;2;8;5;6;0;0;1;9;0;8;1;0;0;0;0;0;5;0;0;0;5;0;2;0;0;9;;5;1;0;;0;2;1;2;1;2;5;1;0;0;0;0;3;0;3;0;3;8;0;0;0;2;6;0;4;0;0;0;0;0;0;0;6;0;1;0;17;1;1;0;0;0;5;0;2;0;11;0;9;5;0;0;2;3;7;1;0;0;0;2;3;0;0;2;0;3;13;0;1;3;3;2;;0;1;0;1;0;3;4;7;2;2;1;0;0;0;10;0;3;4;8;0;9;5;8;3;0;5;3;4;8;4;0;11;8;3;0;0;0;1;0;0;1;0;2;4;0;6;0;3;0;4;2;2;0;4;0;1;0;0;0;;3;14;0;3;0;7;6;0;0
08126000;0;;;2;3;1;0;;3;;0;0;0;0;;0;0;;0;0;0;;0;;0;0;3;0;3;1;0;;;0;4;0;0;4;;3;0;0;;;;7;0;0;;;;;0;2;0;3;0;1;;1;;0;0;3;4;0;0;1;0;1;1;;5;0;0;0;0;0;0;0;0;0;0;0;2;3;0;0;0;2;1;1;0;;0;1;0;0;3;0;0;0;0;0;0;0;0;1;;0;0;0;0;0;2;4;0;4;0;3;3;0;0;0;9;1;0;2;0;0;0;1;0;0;0;;3;0;10;2;5;1;0;2;0;2;2;;4;4;0;0;0;0;1;1;;0;1;0;1;1;0;0;0;0;0;0;5;4;0;2;12;2;3;0;0;1;0;0;0;4;0;0;0;0;;46;36;0;0;0;0;0;10;0;1;11;0;5;0;1;0;0;0;8;6;1;0;0;7;0;0;5;11;0;3;1;0;4;2;0;0;3;;1;4;0;1;0;0;1;1;3;;0;3;;0;0;1;0;0;1;1;1;0;;1;1;0;2;0;0;2;1;2;;2;;1;1;2;5;0;0;;1;2;0;0;0;2;0;4;1;0;0;;4;0;1;2;15;1;1;0;2;0;0;0;1;0;0;8;0;0;0;;0;0;0;8;0;6;0;0;0;0;0;2;0;0;3;0;2;2;4;3;0;3;0;0;0;17;;0;1;3;0;;0;;1;1;0;;0;1;3;1;1;1;1;2;;0;1;;0;4;2;4;0;0;0;3;0;;2;2;1;1;;0;4;0;0;3;0;0;2;;0;;0;;0;5;0;;;1;2;;0;1;;1;0;0;;1;0;0;0;5;0;2;0
08127000;0;3;0;;2;0;6;1;0;;0;1;0;3;3;0;0;0;3;0;0;1;0;0;0;0;0;0;0;0;;0;0;1;0;0;0;0;1;0;0;2;0;0;2;0;4;1;0;0;0;5;0;3;3;4;4;0;4;;2;0;0;12;0;5;5;6;1;0;1;3;0;6;3;0;0;0;0;1;0;0;0;0;0;1;0;5;0;0;0;3;3;0;6;5;0;0;0;0;0;0;6;2;1;0;4;0;;0;;4;;0;3;2;1;6;5;4;1;0;3;2;8;0;11;8;0;3;0;8;2;4;0;3;6;5;4;1;2;6;0;2;0;0;0;;0;0;0;0;0;0;1;;;0;0;0;4;4;7;0;0;1;4;;2;5;;0;;0;3;0;3;;19;0;0;1;0;0;5;0;0;;0;0;0;5;0;0;0;0;17;0;0;0;0;0;0;0;0;0;2;3;0;6;0;1;0;4;0;0;0;1;5;23;26;0;0;20;0;0;1;0;0;0;1;0;4;0;2;1;0;0;4;0;3;5;6;0;0;1;0;0;0;0;0;0;0;0;4;1;0;0;0;1;4;0;0;2;0;0;0;4;0;0;0;2;0;0;1;3;0;2;;0;0;2;0;17;0;14;0;0;0;0;0;4;0;3;19;0;0;2;0;0;0;4;0;1;5;0;3;0;1;0;4;0;9;0;6;0;0;0;4;0;0;0;0;;11;0;0;;4;1;0;0;0;0;0;0;0;0;2;0;;2;;0;4;0;0;0;4;0;0;0;1;4;2;0;0;1;0;0;3;0;2;0;1;7;4;0;6;1;2;21;0;0;0;0;0;4;0;1;0;;0;;0;0;0;;3;2;0;0;3;0;0;1;0;;7;1
08128000;0;6;0;3;0;2;0;0;;0;0;0;0;;3;8;0;5;0;;0;1;0;0;;0;0;0;0;0;;1;0;0;2;;;0;;0;0;2;;;1;;1;0;;;2;0;0;0;0;1;;4;0;1;;0;2;0;0;4;;0;0;0;0;2;4;0;0;2;0;0;5;0;0;5;1;2;1;;0;1;7;1;2;0;1;;0;1;0;0;0;0;0;1;1;3;2;0;1;4;0;0;;0;0;0;0;0;0;4;0;8;3;0;0;0;0;0;3;9;3;0;0;0;1;6;;0;1;0;1;0;2;0;5;6;0;0;0;0;7;0;;;2;0;2;0;;1;3;0;0;4;0;;0;5;3;0;0;1;0;0;1;0;11;0;0;0;0;0;0;0;0;0;29;0;0;13;;0;0;1;0;0;0;0;1;0;0;1;3;0;3;0;8;2;11;0;6;9;11;4;0;0;0;0;7;0;0;1;2;0;0;2;2;;1;0;0;0;1;4;0;0;1;1;0;0;3;0;0;0;0;0;2;5;3;;4;0;2;0;3;;0;;0;0;0;0;2;1;2;;0;1;1;0;0;0;0;0;0;0;5;2;;7;0;8;0;8;2;8;0;10;3;3;0;0;0;0;0;0;23;0;0;7;11;4;0;0;0;0;0;0;0;0;0;6;0;0;2;2;0;3;0;0;0;;1;0;0;;0;;2;;1;2;1;0;0;0;0;;5;1;2;0;;0;3;0;;0;0;0;1;0;2;0;0;0;6;0;3;2;0;1;2;4;0;0;4;0;0;;0;0;0;1;2;1;1;0;;0;2;;0;0;1;0;1;0;0;;1;3;;2;4;0;6;0;4;0;0;
08135000;1;0;0;0;0;0;2;0;5;;0;0;;;3;0;3;5;;;2;;1;0;;0;4;0;0;1;0;4;;;0;;;;0;3;;3;;;;0;1;0;0;4;4;;0;0;0;0;;0;0;0;;2;0;0;2;4;0;2;1;;0;0;1;1;3;0;0;0;0;6;0;0;0;4;0;1;5;0;0;15;1;3;5;0;0;2;0;4;0;5;0;4;1;0;1;4;0;2;10;2;0;1;;0;0;2;0;5;6;1;0;0;0;0;9;3;;0;1;2;2;6;0;0;;0;2;;1;0;0;0;0;2;;0;3;;3;0;;0;2;6;1;0;0;;;2;0;0;8;2;0;;0;1;2;1;0;0;0;1;0;3;0;1;68;0;126;53;75;56;21;52;16;41;23;;0;9;0;28;41;0;66;35;28;16;14;18;12;0;36;29;28;13;13;39;64;57;15;42;0;14;22;51;45;22;83;0;0;15;2;0;1;0;0;0;6;2;2;0;2;2;2;2;9;0;0;1;0;4;0;4;0;0;0;0;3;3;3;1;1;1;3;0;2;0;1;0;0;1;4;0;1;1;2;0;0;0;0;0;4;2;;;0;0;5;0;6;12;0;3;0;0;0;0;0;0;2;;0;3;2;0;;1;0;0;1;5;0;0;0;0;0;13;61;0;0;7;0;3;0;6;0;0;0;0;4;0;8;;0;;;1;1;0;0;0;1;0;0;1;1;0;2;5;0;1;0;0;5;3;3;;;0;4;0;4;0;6;7;5;0;0;0;2;2;0;0;0;;1;;2;1;0;;3;0;1;0;0;0;0;;1;0;0;;0;1;0;0;0;3;0;;2;1;0;0;0;4
08136000;1;3;0;2;0;5;0;2;0;1;0;0;4;;0;13;0;0;0;0;0;2;0;0;0;0;0;2;0;0;2;0;0;1;0;0;0;2;0;1;0;0;2;1;1;;0;0;0;4;0;6;0;0;0;8;3;0;;0;0;2;3;5;0;9;0;0;0;0;0;0;0;0;0;0;0;2;4;14;0;0;2;0;3;0;8;0;6;0;4;0;3;1;5;0;2;0;1;0;5;0;7;0;0;0;4;6;0;0;0;0;2;0;4;0;0;33;0;0;7;0;0;6;1;6;2;3;7;0;0;8;3;0;0;0;5;0;0;1;0;5;6;3;0;4;0;1;0;4;5;1;2;4;4;;0;0;1;0;0;4;0;2;;0;0;1;0;2;0;0;0;0;7;0;0;0;318;145;223;71;225;29;35;138;73;164;115;965;;35;96;74;115;0;82;70;155;58;38;79;21;0;52;38;100;13;39;93;137;106;53;112;146;51;155;103;84;46;101;185;0;10;0;0;3;6;0;0;3;0;0;3;0;1;0;0;0;2;0;0;0;2;1;8;2;3;0;0;0;0;4;4;0;;0;0;6;0;0;0;0;7;4;0;;0;0;2;0;5;0;0;0;0;0;1;0;1;10;0;4;0;3;0;0;3;4;0;4;2;0;0;0;2;3;7;0;4;0;0;0;3;34;2;2;4;0;3;10;0;10;0;8;5;51;0;0;2;1;0;5;0;26;;0;2;7;2;0;4;7;;0;0;0;;2;;3;1;0;2;0;4;0;1;0;6;0;0;2;0;0;6;8;0;0;0;0;0;7;5;0;0;0;0;0;0;0;1;1;8;0;2;0;3;0;0;0;0;0;;4;3;;0;5;2;;0;0;0;1;0;0;3;0;4
08211000;3;2;;;;;0;2;0;0;2;0;1;;1;6;0;0;;4;0;1;0;;;0;0;0;1;0;0;0;;0;0;5;;0;0;0;0;0;0;0;0;2;0;1;0;;0;;2;;0;;0;0;;;0;0;2;4;0;1;0;1;2;;0;0;0;3;1;0;1;;0;1;0;0;6;0;0;0;0;0;0;;0;1;0;5;0;2;2;0;1;2;0;0;0;1;2;2;;0;;2;3;1;0;0;1;1;0;13;0;0;0;0;1;0;0;0;0;0;0;0;0;3;2;0;;0;3;;0;4;;1;0;0;1;;0;;0;0;0;1;0;6;1;3;;;;0;0;0;4;6;0;0;0;0;0;0;6;10;;;0;1;0;8;12;0;7;0;0;0;0;5;1;0;0;0;0;;0;0;29;0;0;0;0;8;14;3;0;0;1;3;3;0;0;5;9;0;5;0;0;0;0;1;0;2;0;0;0;11;;1;2;1;0;;0;0;6;0;0;1;1;;2;;1;2;0;0;1;2;2;;0;0;3;5;;;0;2;;;0;2;;0;0;;0;0;0;;1;;;1;0;1;;;2;1;;;1;0;0;0;;1;1;;0;0;;0;0;0;0;5;;;;1;;;;0;0;;1;0;0;0;;1;0;2;0;;0;0;3;1;0;0;0;;5;;;0;8;0;;;;;;;0;2;1;;;1;;0;;0;;2;0;0;;0;;0;1;0;3;1;0;1;0;0;;0;;1;;0;;0;;0;0;;0;0;;0;2;1;0;;0;;1;2;;;1;;;;1;;1;5;;;;0
08212000;7;0;0;0;2;1;0;0;5;3;0;2;0;2;0;54;0;0;2;0;0;0;0;0;0;0;4;0;1;0;0;0;0;0;1;3;4;0;0;0;0;5;3;4;0;0;0;1;4;0;3;0;4;;0;4;0;1;0;1;2;0;3;2;0;0;0;0;0;0;0;3;0;0;0;0;0;0;0;37;4;0;0;1;0;0;0;0;2;0;5;0;0;0;1;0;0;4;1;0;0;0;0;0;3;0;3;1;2;2;2;0;2;4;0;0;0;53;11;5;2;0;0;0;0;0;0;0;0;0;4;0;0;0;0;0;0;2;0;0;0;0;0;0;1;0;5;0;0;0;0;1;1;3;0;0;0;2;0;0;0;3;13;0;0;13;0;0;4;7;1;145;0;19;27;0;1;15;90;63;187;58;80;128;24;51;39;64;4;15;0;17;;902;119;0;68;37;0;0;0;0;12;0;49;51;13;37;58;25;74;50;57;105;1;30;43;79;78;65;95;0;0;217;0;2;3;1;6;0;0;1;10;0;10;0;0;0;19;0;1;6;5;3;1;0;0;0;1;0;0;0;2;1;0;0;2;0;0;4;0;0;0;0;0;0;0;3;0;0;0;0;2;2;1;2;1;0;0;6;0;19;0;5;2;1;1;2;2;0;0;0;6;0;16;3;0;2;;0;10;0;4;6;9;0;0;2;0;10;1;0;0;7;0;3;0;0;0;4;0;1;6;1;121;3;2;0;10;3;2;0;1;0;0;1;0;1;0;0;1;0;0;1;0;11;0;1;3;13;0;0;4;0;0;0;0;0;0;2;0;0;1;0;1;0;0;0;0;2;4;0;2;0;0;4;0;0;0;0;0;1;0;0;0;4;4;2;6;1;2;0;0;0;0;0;1;0;2;
08215000;0;2;9;0;6;7;8;0;1;;0;6;0;;2;15;0;18;5;0;0;0;2;0;3;0;0;4;8;0;1;4;0;4;0;0;0;0;0;0;0;0;0;0;7;0;7;0;2;3;3;0;5;7;3;2;4;0;1;0;1;0;4;11;0;1;0;0;0;5;0;0;0;3;0;0;0;0;4;12;0;0;1;7;2;0;5;0;8;2;0;8;0;4;0;9;0;7;2;4;0;3;0;0;0;3;0;7;0;1;3;0;0;4;4;0;0;43;0;6;0;0;0;6;0;0;0;0;0;6;0;10;1;2;0;8;7;10;5;1;2;0;0;3;5;0;0;0;0;0;3;0;0;0;0;4;1;0;0;0;24;0;0;2;7;4;0;6;4;11;0;147;0;2;49;0;0;17;53;0;40;8;72;77;12;54;22;50;31;0;0;30;0;;149;0;47;26;0;1;69;41;10;0;19;11;20;55;43;49;61;75;32;58;0;11;33;12;60;37;46;0;0;57;0;0;0;0;3;5;1;0;0;0;0;0;0;3;9;1;0;4;9;0;0;1;0;6;0;0;0;0;1;0;0;1;1;2;2;0;0;3;0;0;3;7;1;2;0;0;0;5;9;0;0;1;0;1;3;2;1;2;0;0;;1;2;0;3;0;3;0;0;0;4;7;10;6;1;0;0;2;0;0;1;1;19;6;1;12;2;2;7;10;6;4;7;4;0;0;3;7;0;0;0;3;2;1;0;0;3;0;0;0;10;0;0;0;4;0;1;6;0;2;2;3;6;3;6;0;0;5;0;3;0;5;0;0;0;0;6;0;1;0;3;0;0;;7;0;0;3;0;0;8;6;0;0;0;4;0;3;1;0;0;1;10;0;0;4;0;0;11;4;6;1;1;0;4;1
08216000;2;0;0;0;3;3;0;7;0;1;2;4;0;0;4;8;8;2;;3;0;0;0;2;5;0;0;1;0;2;0;0;1;2;0;0;;1;;3;0;1;0;;2;0;7;1;;3;2;0;0;2;0;3;2;0;0;0;;0;12;0;0;0;0;1;0;2;1;1;0;0;0;1;0;6;0;30;0;0;0;4;0;0;0;0;0;3;2;4;0;1;0;4;0;0;4;1;7;4;5;0;1;2;0;0;0;0;0;0;;0;2;0;0;0;9;7;0;2;5;0;3;0;0;0;1;8;0;0;0;5;0;7;0;0;0;2;0;0;0;0;0;4;0;0;7;0;0;1;0;0;;0;;3;0;0;0;5;0;0;8;2;2;0;0;4;0;0;0;0;24;2;0;6;0;5;0;12;0;0;3;4;0;11;1;0;0;0;0;0;;0;1;0;0;0;38;8;42;0;0;13;136;27;8;1;11;13;0;0;0;0;6;13;0;0;7;0;0;17;6;2;2;0;0;0;0;0;4;0;0;0;2;0;0;1;0;0;0;0;0;0;3;0;0;0;1;0;6;0;0;3;0;1;0;0;;1;2;0;6;0;0;0;4;5;0;0;1;;4;0;0;0;;1;;0;0;10;0;0;0;4;0;1;0;0;0;1;0;10;1;0;0;0;1;0;0;0;0;1;4;1;1;1;0;0;0;0;3;0;2;4;11;0;0;2;0;2;2;8;;;6;2;2;0;1;;0;1;1;1;2;;1;4;2;0;;2;1;0;0;0;3;0;0;0;5;1;6;4;2;1;1;0;6;2;;0;0;3;2;4;5;1;0;5;0;0;;4;4;0;0;0;2;4;0;0;1;0;;1;;0;0;0;0;5;1;0;0;
08221000;2;2;0;0;1;2;0;6;1;0;0;0;0;2;4;65;4;;3;0;0;1;4;4;4;0;34;0;1;0;1;5;6;2;0;1;7;2;0;0;1;0;0;0;;0;4;6;0;0;2;1;0;1;1;0;1;0;2;0;3;1;0;0;0;10;0;0;0;0;0;0;0;0;0;0;0;0;3;20;0;3;0;0;4;3;0;0;0;0;3;0;1;0;1;7;0;0;5;0;0;0;0;0;9;22;0;0;1;1;0;3;7;0;0;0;22;106;8;12;8;0;3;0;4;0;0;0;0;0;5;0;0;0;0;0;0;0;1;0;0;0;0;0;0;6;0;0;0;1;0;0;0;0;0;0;0;0;0;0;0;0;35;0;0;14;0;0;2;0;0;0;0;0;6;7;0;0;820;497;416;251;578;364;55;381;118;188;115;404;190;62;643;1762;209;;510;113;3530;117;131;220;144;249;182;75;300;93;228;82;295;143;175;266;934;157;98;234;171;141;144;967;5;141;8;0;2;0;3;0;0;1;5;1;0;0;3;0;0;0;0;0;0;0;1;2;6;1;0;0;0;0;5;0;0;1;0;1;2;0;0;0;1;0;0;2;0;0;0;6;5;0;0;0;0;3;1;0;1;1;2;0;4;0;1;0;0;0;0;3;3;4;11;0;0;2;0;1;0;0;2;0;4;2;0;0;0;0;0;0;2;0;0;0;0;3;0;0;0;6;0;0;0;0;56;1;0;0;0;1;1;0;4;0;0;1;0;2;0;0;0;1;0;0;0;0;0;2;0;0;0;0;0;0;7;0;3;0;0;0;1;68;0;0;0;0;0;0;0;0;0;7;2;0;0;6;;3;9;0;1;0;3;0;1;0;0;;1;0;0;1;0;2;;0;0;2;1;
08222000;4;11;0;0;5;0;6;0;0;0;1;0;0;3;7;2;10;0;0;0;0;3;0;0;0;0;15;0;2;0;0;0;0;0;1;2;0;4;0;0;0;0;1;0;5;0;9;0;1;0;1;0;4;0;2;2;0;0;0;2;2;0;14;62;0;5;9;0;0;2;0;1;9;1;11;3;0;0;0;46;2;0;0;0;4;0;0;14;0;0;4;6;14;5;2;5;10;0;0;2;0;0;0;0;0;2;1;5;14;2;0;0;3;3;3;0;23;155;22;6;162;0;0;0;0;0;4;11;4;0;0;3;3;0;0;0;0;5;0;0;0;2;0;4;0;9;3;0;3;7;1;0;4;0;0;0;0;0;5;0;0;248;25;0;0;15;23;0;6;122;0;0;0;0;21;140;0;15;7;0;0;0;0;15;0;0;0;0;0;0;0;3;0;0;0;0;;0;130;0;7;0;0;0;16;0;0;0;0;0;17;5;0;0;0;0;11;0;0;0;0;0;6;94;0;2;1;0;9;8;0;1;2;5;0;0;0;3;13;3;7;6;5;1;0;0;4;0;0;3;0;6;0;;0;0;3;3;0;0;3;0;0;1;6;0;1;1;0;0;0;6;0;0;0;0;0;1;0;0;0;0;0;5;1;0;0;9;0;0;6;0;1;0;0;12;0;0;3;0;0;0;0;7;10;0;7;0;0;0;0;4;12;7;7;0;5;6;5;0;0;8;0;0;95;0;0;3;0;2;4;3;10;2;5;0;1;1;0;0;0;0;2;0;0;1;4;0;0;0;0;0;0;0;1;6;0;0;0;0;0;27;0;0;0;2;0;1;8;3;1;5;1;0;0;3;0;2;0;0;0;0;0;0;0;2;2;0;0;0;2;0;0;0;0;0;1;0;0;2
08225000;0;1;6;3;0;0;0;1;0;;0;;0;;0;14;0;0;;0;3;0;0;0;0;0;3;8;5;2;;0;0;1;;0;0;0;0;1;0;0;;0;;;2;1;0;;3;0;1;0;0;4;0;0;;0;;1;0;0;0;0;5;1;0;0;3;0;1;0;8;0;0;2;0;10;;7;0;0;2;0;0;0;0;;1;1;1;4;0;2;2;6;0;0;;1;1;0;2;0;2;0;0;1;0;1;1;4;4;0;0;12;0;5;8;0;7;0;8;0;0;0;1;0;0;1;0;0;0;1;0;0;2;0;0;0;2;2;0;0;2;1;0;2;0;0;0;1;;0;0;4;3;1;0;1;0;6;4;2;0;0;0;2;0;0;0;0;0;0;4;4;0;0;15;0;0;0;0;0;0;6;19;0;0;0;0;0;10;0;34;;0;7;0;22;0;0;2;0;0;3;4;0;8;17;9;3;0;1;0;6;0;4;0;0;2;0;2;1;1;0;3;0;4;1;1;4;5;0;;;7;1;0;3;0;5;2;0;2;0;0;0;0;4;3;2;0;1;0;0;0;2;1;1;0;1;0;0;;3;1;4;0;2;0;2;2;0;1;1;2;3;1;0;0;1;;0;0;4;3;2;0;0;9;0;12;1;9;0;0;0;12;0;8;4;0;;0;2;1;0;3;0;3;1;0;0;2;0;5;2;1;2;0;0;0;0;;0;0;0;;0;;0;0;1;0;0;1;;0;0;;2;1;1;;1;;1;0;3;3;2;0;0;0;1;3;0;0;0;0;3;;0;0;;4;;0;;;3;2;4;0;;3;2;0;;0;0;;0;0;1;0;;;0;;2;1;;;;0;0
08226000;6;0;0;3;0;3;2;7;6;0;0;7;15;0;0;35;1;0;0;0;0;0;0;0;0;0;16;0;0;0;0;3;0;3;9;12;1;2;0;0;0;3;0;0;0;0;0;0;0;3;8;0;0;1;1;4;3;0;4;8;0;0;4;1;0;3;10;0;0;7;0;0;0;2;21;0;0;0;0;7;0;0;0;2;4;0;1;1;0;0;0;4;0;10;0;8;0;1;4;0;2;3;9;0;8;0;0;21;4;0;0;0;0;0;2;0;10;38;0;31;10;0;0;8;17;13;0;1;0;0;0;9;1;0;2;0;8;0;0;10;2;7;0;0;0;8;0;1;5;6;0;1;3;1;11;2;0;0;0;0;19;0;0;0;0;92;15;0;0;78;0;0;8;9;20;106;0;1;54;46;211;94;53;78;0;105;45;87;51;0;0;39;35;257;90;0;0;131;;75;56;66;31;0;90;81;79;66;139;61;93;97;40;107;0;20;42;52;74;91;86;0;2;27;7;0;11;4;5;0;0;0;0;9;0;6;0;0;2;10;2;0;1;3;0;0;0;0;0;2;2;2;3;1;1;0;2;0;3;0;1;0;2;3;8;0;2;0;2;0;0;0;4;3;0;3;0;0;0;10;0;0;2;0;1;7;3;0;4;8;0;1;11;1;8;5;0;0;2;7;6;3;0;5;0;1;0;0;0;0;0;2;7;0;2;0;0;0;0;1;10;1;7;0;27;3;0;1;3;0;0;0;3;1;6;1;0;1;4;3;0;0;0;2;0;10;0;2;1;0;2;0;6;10;1;0;0;0;1;4;0;22;0;0;1;0;0;1;0;0;0;2;;2;2;5;9;4;15;1;0;0;1;0;2;0;0;4;0;4;2;2;0;0;0;0;1;7;0;0
08231000;;0;0;2;;5;11;1;5;0;0;1;4;0;0;7;0;6;0;0;5;1;0;0;0;0;0;0;0;0;0;;2;2;7;1;;0;;3;0;0;0;0;0;;0;0;1;0;5;0;2;0;0;0;0;4;0;0;1;1;0;23;5;8;;10;0;0;2;0;0;0;7;1;2;3;5;0;0;0;0;3;6;2;0;0;5;1;1;0;0;4;0;0;1;0;1;2;2;2;12;2;0;0;1;0;2;0;0;0;5;8;0;1;0;17;0;5;3;10;0;0;0;1;3;3;0;0;0;0;4;1;0;0;4;1;0;2;;0;0;2;2;5;1;1;0;1;7;0;6;0;0;;0;0;2;9;0;1;3;1;13;0;4;0;0;0;0;4;0;;11;11;2;1;43;0;0;0;0;0;0;0;0;7;0;0;0;0;2;0;24;0;6;0;0;;90;133;6;0;0;0;11;0;1;0;9;0;0;2;0;0;0;4;0;9;11;0;3;6;;0;3;0;0;3;1;0;5;5;0;2;0;0;0;6;1;3;0;0;0;3;4;0;3;0;0;2;2;0;;1;0;1;0;3;;1;1;1;0;;;0;0;2;0;0;0;0;1;0;;0;0;;1;0;0;16;1;0;0;0;2;3;3;2;2;2;2;0;1;0;1;;0;2;2;3;0;1;0;1;3;8;;1;0;4;0;3;0;0;1;1;0;0;0;0;16;0;;1;0;;0;;;0;1;3;0;1;1;1;0;1;0;0;3;0;3;0;0;6;0;0;0;2;0;0;0;0;0;0;2;3;4;4;0;0;0;1;0;0;0;3;;0;0;0;1;;0;0;0;0;0;3;0;0;0;0;0;1;0;2;0;;0;;0;;0;0
08235000;0;3;2;2;3;0;0;1;4;1;8;1;0;0;0;14;0;0;0;2;;2;0;;0;0;0;0;2;0;4;0;;0;7;0;;0;1;0;2;;2;1;1;0;1;1;0;;3;0;4;0;3;4;6;5;0;0;;0;1;0;2;0;0;6;0;2;0;0;0;2;0;3;5;0;0;0;0;11;0;4;2;10;2;6;0;0;0;0;0;3;0;0;0;4;4;0;;3;8;0;0;0;;5;0;0;0;0;0;0;2;4;0;11;0;0;0;0;7;0;0;0;0;0;0;4;0;0;3;0;5;0;0;0;0;0;0;2;0;7;1;9;0;;0;2;0;0;0;0;3;0;;5;6;0;1;0;0;0;0;8;0;3;8;5;0;10;0;;17;0;0;0;0;0;0;10;0;0;1;7;10;10;0;0;0;0;15;0;0;0;0;4;0;0;;0;30;0;5;13;25;2;0;5;15;11;20;18;0;13;1;8;0;0;0;0;0;10;0;;2;4;6;0;2;1;8;0;0;3;0;8;0;0;9;0;0;0;0;0;2;0;0;1;2;0;0;2;0;2;0;;1;2;2;0;2;;1;1;1;4;0;0;1;0;0;0;;0;3;2;;0;0;0;0;0;1;2;0;9;3;0;0;2;0;0;2;0;0;0;;2;0;0;4;0;4;0;0;4;3;1;0;2;0;0;3;2;0;4;8;3;1;0;0;0;0;0;0;;0;0;0;;6;7;0;2;;0;2;0;;0;0;0;;3;1;2;0;0;0;0;2;1;0;0;0;6;0;2;6;0;0;0;0;2;0;1;0;0;0;0;0;0;4;0;0;0;0;0;1;0;0;2;2;7;0;;3;1;2;0;0;0;1;;;3;0;1
08236000;0;7;0;0;0;0;0;2;1;1;0;5;;2;1;20;2;3;2;3;1;0;0;0;2;0;0;4;0;2;0;1;0;0;6;2;3;0;;3;1;1;1;;0;0;1;0;0;3;0;1;0;0;;0;0;0;1;1;3;3;0;0;0;4;1;0;1;0;;0;0;7;2;0;2;0;0;6;0;0;0;11;0;1;;0;1;3;1;0;1;;1;0;4;0;0;0;1;0;9;1;0;0;;0;2;0;0;1;1;1;0;0;0;3;0;0;9;0;0;7;0;0;7;5;1;0;0;0;3;1;3;0;5;0;0;0;;3;2;0;3;1;1;;1;0;0;0;3;7;4;0;0;2;0;0;2;0;11;0;3;2;0;2;1;3;0;7;3;0;1;2;0;1;0;0;0;4;0;0;14;12;0;3;8;0;0;0;0;0;0;0;7;0;0;0;82;;0;0;1;0;0;2;2;11;1;0;8;16;13;0;0;2;0;8;16;0;0;26;0;0;2;1;4;0;0;0;0;0;0;0;3;0;0;0;0;0;0;0;2;0;0;0;0;3;0;0;3;1;1;1;0;;4;;;3;0;;0;3;;4;0;3;1;0;1;14;;0;;;1;1;0;0;0;0;0;9;3;0;;2;0;2;1;;0;0;3;;0;0;3;1;2;0;0;0;0;0;1;0;0;1;5;0;6;2;0;3;2;2;0;0;4;0;8;2;0;;1;0;1;0;2;0;4;0;0;;3;0;0;3;1;1;;3;3;3;1;4;;0;1;5;4;0;0;9;4;0;0;1;6;0;3;1;3;;0;3;2;0;0;0;4;0;2;0;0;0;0;;0;;;7;;0;3;;3;0;0;;3;6;0;;3;0
08237000;0;3;2;;2;0;1;0;3;0;0;1;0;;3;8;4;;0;0;0;0;11;3;0;0;0;0;8;0;;1;3;1;4;2;;;1;0;0;2;0;0;1;;0;0;3;;0;3;9;0;;7;1;0;;0;0;11;3;5;0;7;0;0;0;0;0;0;6;2;5;0;0;0;0;0;;0;2;2;;;0;3;5;0;4;3;6;0;4;0;0;2;2;0;1;0;1;0;0;7;3;1;3;0;0;3;;2;5;5;0;12;0;0;4;0;0;0;1;0;1;2;4;5;6;0;;1;0;0;2;1;0;;;2;0;0;0;1;0;0;0;1;2;3;0;1;0;1;;1;0;2;6;2;10;1;0;5;1;1;0;7;1;0;1;1;0;0;3;0;7;0;0;5;0;0;0;15;0;8;0;0;0;20;0;0;0;0;14;2;0;0;0;4;;0;16;12;44;6;0;0;37;0;8;19;0;16;4;2;0;3;0;0;0;23;5;1;1;0;0;2;0;1;4;8;0;0;0;;0;0;0;3;2;2;0;;1;0;0;7;0;0;0;0;;;2;;6;0;;3;0;1;3;1;;2;2;2;3;0;0;;0;;0;;;0;0;2;0;1;;1;0;0;0;0;1;0;1;1;4;1;1;;4;0;;0;0;0;8;0;2;;0;0;1;0;9;0;0;0;5;4;0;3;1;2;0;0;0;0;0;;0;1;1;1;0;1;0;5;;;0;;0;1;1;2;2;1;0;0;3;5;1;3;0;0;0;0;0;2;0;7;0;16;0;2;0;0;2;;2;;2;0;;0;0;0;;1;5;;1;0;0;;;0;0;1;1;1;4;1;0;0;;4;1;;1;1
08311000;0;0;5;2;2;0;2;0;8;0;2;2;0;1;0;0;1;0;2;0;0;0;0;0;0;0;0;6;0;2;9;0;5;0;2;0;0;0;1;0;;3;0;0;0;0;0;0;0;3;4;;0;0;6;0;0;11;0;1;0;0;0;0;1;17;0;5;5;0;0;0;10;0;0;4;0;8;0;43;0;0;0;0;3;0;0;0;0;0;4;0;0;0;0;0;0;0;0;0;0;1;0;0;0;11;4;5;0;0;2;0;0;0;0;0;0;39;4;0;0;0;0;0;0;0;0;0;0;0;0;4;0;0;2;3;0;0;0;5;0;0;0;0;0;0;4;0;4;0;0;5;2;0;0;0;0;0;0;0;2;11;0;0;0;0;0;0;0;0;0;0;1;3;0;3;1;0;219;105;187;90;308;186;34;182;36;52;60;129;115;29;18;80;131;0;174;113;288;43;67;70;45;;1379;619;382;83;103;63;74;239;67;57;3;74;59;83;94;75;125;706;0;0;2;0;3;0;0;0;0;0;0;0;5;0;0;0;0;1;2;1;0;0;0;0;0;0;4;2;0;0;6;0;0;2;0;1;17;0;3;0;1;0;1;0;;0;0;0;0;0;0;3;0;0;1;1;0;0;0;8;0;0;0;1;0;1;0;3;4;1;0;0;1;1;0;0;0;1;2;1;3;0;0;1;1;0;0;0;0;2;7;0;2;0;2;0;0;0;0;0;0;0;0;0;2;;0;0;1;0;0;0;0;1;0;0;0;0;0;6;3;0;0;0;0;3;2;1;2;0;4;3;0;0;0;0;0;3;0;15;3;0;0;7;0;1;0;0;2;0;1;0;0;1;1;3;0;0;4;;0;0;0;1;1;;0;2;;0;0;1;0;7;2;;;
08315000;0;8;1;0;0;0;0;1;7;3;14;1;0;1;0;20;0;0;0;0;5;2;5;0;0;0;0;0;4;0;0;2;3;0;6;2;0;2;0;0;3;0;0;3;2;1;1;0;10;0;1;20;0;7;1;4;0;1;1;1;0;0;0;0;0;0;0;0;0;1;0;0;0;3;0;0;9;3;0;14;8;4;0;0;6;0;6;3;1;;0;1;2;0;14;3;3;0;0;2;0;5;0;0;0;18;;0;0;2;4;0;0;0;0;0;0;3;0;7;0;0;0;2;2;0;0;3;0;0;0;0;0;4;4;0;0;0;0;7;1;0;0;4;0;5;0;1;1;0;0;0;0;0;0;2;1;1;2;0;0;12;0;0;6;3;0;0;0;3;2;0;0;0;0;6;0;1;0;0;0;1;0;0;4;0;3;3;0;0;0;0;0;0;4;0;0;0;0;3;0;0;0;0;;103;52;0;17;20;3;173;51;0;0;0;1;0;1;8;0;0;1;12;0;1;0;0;2;6;0;4;14;1;2;2;0;1;0;2;0;4;2;0;0;0;0;0;0;0;0;0;3;4;10;1;0;3;4;0;5;;0;0;0;0;0;1;0;0;1;0;0;1;0;1;1;;1;2;5;11;1;6;0;0;1;1;0;1;0;1;0;0;0;0;0;0;0;0;2;2;0;0;1;0;0;2;0;3;7;0;0;0;0;0;0;0;0;3;0;0;0;0;0;0;0;;2;0;0;0;0;9;0;6;0;1;1;2;3;0;3;0;0;0;5;3;0;0;6;0;1;0;;0;0;0;10;0;4;1;0;6;;0;0;1;0;2;8;2;0;2;0;0;0;1;0;10;0;0;0;0;1;0;2;2;0;6;0;0;1;0;1;3;0;0;1;2
08316000;1;0;4;0;5;2;0;0;0;1;0;0;1;;0;10;0;0;;5;;;2;0;1;0;6;3;0;0;2;0;0;0;10;0;;2;1;0;0;3;;1;0;1;0;0;;0;;0;1;1;0;1;2;5;;0;2;3;0;0;0;3;0;1;0;0;1;3;2;0;4;4;0;2;1;6;0;0;0;2;0;0;3;0;0;0;0;0;3;3;0;0;2;7;0;2;;1;0;0;0;4;0;0;1;0;0;0;1;0;0;6;0;0;4;0;0;0;0;0;0;0;0;0;0;0;1;1;0;0;1;0;1;3;0;0;1;1;6;0;;0;;1;2;0;0;0;0;0;0;0;2;1;;0;0;8;0;1;0;1;3;0;2;0;4;0;0;5;1;5;0;0;0;0;0;0;2;0;0;1;0;2;0;0;0;0;0;0;0;0;5;0;0;6;0;0;0;0;0;;223;3;1;0;1;0;0;0;0;0;0;0;0;0;2;0;0;0;0;0;0;1;0;5;;;0;1;6;0;0;3;0;;0;0;0;0;3;2;3;0;1;;1;1;5;;0;0;1;0;0;1;;;0;6;1;1;0;2;1;;;0;4;;0;1;;;2;1;;1;0;0;;4;;0;0;0;;;;1;4;0;0;0;0;0;0;0;;0;0;0;0;0;14;2;0;0;1;0;3;1;0;2;7;1;4;5;0;0;23;;3;0;0;0;3;;1;0;0;0;1;2;0;0;1;0;0;1;0;2;0;2;1;0;0;1;1;6;0;0;7;8;6;0;2;2;0;1;1;4;0;0;0;1;2;5;;;0;3;2;;0;2;0;;3;0;0;2;0;;;;1;;0;1;;;0;;0;1
08317000;4;0;6;0;0;7;5;0;3;0;0;12;0;3;0;5;4;0;0;0;2;0;0;0;0;0;0;7;0;0;2;5;0;1;0;1;1;7;1;4;6;0;0;0;4;2;8;8;0;1;2;0;0;0;4;0;0;0;0;0;1;3;0;0;6;0;8;3;0;3;0;0;0;5;0;4;0;5;12;22;0;10;0;0;0;7;0;2;0;1;3;6;0;1;0;0;0;6;14;17;0;0;0;6;3;0;0;0;0;0;4;2;0;4;7;3;2;9;0;8;0;0;0;0;1;0;1;0;0;0;13;0;4;0;0;15;1;0;0;0;0;7;0;0;0;3;0;0;5;0;0;1;0;5;1;0;0;4;0;0;15;2;15;0;0;4;10;0;0;0;0;0;1;0;0;0;0;3;17;8;0;0;0;0;10;0;0;0;0;0;0;0;0;0;0;0;6;1;0;0;0;6;0;0;0;0;;0;0;0;12;61;0;0;0;0;0;0;0;0;22;0;4;39;2;0;0;0;5;0;7;2;0;0;0;0;0;0;0;0;6;0;0;0;0;3;0;8;0;1;4;2;4;0;2;9;0;0;0;3;4;0;0;;7;0;;0;3;0;4;0;0;0;0;0;0;0;4;7;0;10;4;0;;0;0;4;0;1;0;0;3;3;2;0;0;0;0;2;0;0;2;0;0;0;7;2;0;0;1;0;0;0;2;0;2;0;0;0;0;12;0;3;0;;0;1;0;0;1;0;0;0;0;6;0;0;0;0;0;0;1;0;0;0;1;0;0;2;0;0;5;0;7;0;10;0;1;0;1;1;0;0;0;0;15;1;0;0;4;2;2;1;0;0;1;5;3;1;0;0;0;0;0;0;0;1;0;1;0;3;0;0;1;0;0;1;0;2
08325000;0;1;1;;0;3;0;0;0;;;5;0;3;0;5;0;5;0;0;1;;3;0;;0;0;2;0;2;;;;;0;1;3;1;0;0;0;0;2;0;;;0;0;;0;0;2;0;;3;;;0;;3;;1;1;1;6;12;;2;;;0;;14;2;1;1;2;0;6;0;1;1;2;8;0;0;0;3;1;1;0;5;0;0;1;0;;0;2;0;1;0;0;2;6;0;0;0;0;0;3;3;;0;0;0;0;0;1;2;0;1;6;0;3;0;0;0;0;2;3;0;0;1;;1;1;0;0;0;0;0;;0;0;0;;2;0;;0;7;0;0;0;0;0;7;;0;3;2;7;2;0;0;2;0;0;0;1;4;0;4;0;6;0;1;18;0;0;0;0;6;0;0;0;0;1;0;0;6;0;0;0;0;13;0;0;5;0;0;0;0;17;0;27;;106;0;57;2;0;0;0;0;0;3;0;12;13;0;0;20;2;;2;0;;0;1;0;3;;;0;0;1;0;4;1;0;0;0;5;0;0;;1;;0;1;10;;1;0;;;6;;;0;0;;;0;0;1;1;;0;0;0;0;0;1;;;0;1;1;1;1;3;0;;1;1;0;0;2;0;0;;0;;0;;0;0;4;1;0;0;2;1;0;1;0;0;0;2;1;0;0;0;4;0;0;;0;3;0;1;4;;0;;4;1;0;1;2;;0;;2;;0;;4;;;2;;4;7;0;;2;0;2;3;0;1;2;5;0;8;2;0;6;1;1;;0;1;0;;;0;1;1;;0;2;1;2;0;2;0;1;;;;1;3;;4;0;;;0;0;;2;;2;;0
08326000;0;8;0;0;0;;4;8;4;0;0;1;0;0;2;7;10;2;0;0;0;;1;1;0;0;7;0;0;1;2;0;4;0;0;0;3;2;0;0;0;5;;3;;0;0;1;1;0;3;0;6;1;1;1;2;0;;1;1;0;3;6;0;0;0;0;1;0;0;0;0;0;6;0;0;0;2;8;0;9;1;2;0;0;0;0;6;0;11;3;0;0;0;0;0;0;0;0;1;2;1;1;0;0;;0;0;0;0;2;;0;0;0;0;11;0;7;0;1;4;13;9;0;1;3;0;0;0;0;5;5;2;2;7;;0;4;0;0;2;3;1;3;0;0;0;0;1;0;2;2;2;4;0;3;0;0;1;0;2;0;0;0;2;0;0;0;0;0;6;0;0;0;0;0;7;0;4;0;12;0;8;0;5;5;0;0;0;1;0;0;0;0;6;0;0;0;8;0;8;0;0;0;27;0;;0;0;6;0;0;0;5;20;11;0;0;0;0;3;44;1;4;0;0;0;0;1;2;1;1;4;0;0;3;0;3;6;0;5;2;6;1;0;1;0;3;2;1;0;;0;0;0;;4;;6;0;0;0;7;0;0;1;0;0;0;0;6;;3;;1;3;0;0;0;0;7;12;0;0;5;0;0;6;0;0;5;0;0;0;0;2;;0;6;2;2;7;3;0;4;3;0;4;3;0;0;0;0;3;0;0;0;1;1;0;0;1;0;1;0;2;4;0;0;0;5;2;3;2;0;0;0;1;5;0;0;2;2;1;1;0;0;2;0;0;0;7;0;2;0;6;1;3;1;0;2;2;3;1;0;0;1;1;0;2;0;1;0;0;;;4;1;0;0;0;;0;1;0;0;0;0;;0;0;;;;0;0;0;
08327000;;0;0;;;0;1;4;2;;0;2;0;0;0;8;0;2;2;0;3;0;0;;0;0;0;1;3;4;0;0;0;0;3;0;0;0;;4;0;0;1;0;;0;0;1;0;2;0;0;0;0;2;;;4;0;1;;10;1;0;1;0;0;0;0;1;;;0;0;0;0;0;0;0;4;0;0;4;1;4;1;12;0;0;1;0;0;0;0;0;2;5;0;0;0;;0;0;4;0;0;0;0;2;0;5;4;4;4;0;0;0;0;0;3;1;0;4;3;2;1;;4;0;0;3;0;8;0;;1;3;1;0;0;0;;0;2;1;2;0;;0;0;;0;1;0;1;;1;1;;0;0;0;1;;0;;0;;0;0;;0;0;0;0;0;0;0;4;0;5;0;0;10;8;0;5;0;0;0;0;0;0;0;0;0;6;0;0;10;0;0;5;0;0;13;7;10;68;;0;20;0;4;11;0;0;0;9;33;0;0;0;39;1;0;1;0;1;2;1;0;0;0;0;0;;;0;5;0;0;2;4;0;0;2;1;2;;3;1;2;0;0;1;1;1;5;;2;0;;1;0;;1;;0;1;0;0;;0;;1;0;0;1;1;2;0;0;6;1;0;0;0;5;;;;0;0;0;1;0;1;;1;0;;0;0;0;0;1;0;1;0;0;1;0;1;4;0;3;0;1;0;2;0;0;3;24;;;0;0;1;;;0;0;0;;0;;0;0;0;;;0;;0;0;0;0;1;7;0;0;1;0;6;0;0;0;0;3;4;2;1;;0;0;3;3;;0;1;;1;0;0;0;0;4;5;0;0;0;;;0;2;1;0;0;;0;0;0;;4;;0;2;0
08335000;4;0;7;0;7;9;0;8;0;0;4;0;0;0;0;6;10;0;5;0;0;0;4;2;0;0;0;0;0;0;1;5;0;5;1;0;1;1;0;0;0;0;0;3;0;0;0;0;0;0;0;0;0;0;0;1;1;0;1;8;3;0;1;6;0;18;0;8;1;0;2;0;0;0;0;0;0;0;0;16;0;0;2;0;0;2;0;0;0;0;0;0;0;0;7;0;1;0;0;1;0;0;9;2;0;0;2;0;0;0;0;0;0;0;0;4;0;41;8;0;0;0;0;12;0;0;0;0;0;0;0;0;3;0;6;0;0;0;0;0;0;0;0;0;0;5;0;0;0;0;0;0;0;0;0;0;0;0;3;4;2;6;19;2;0;0;0;0;0;0;0;0;4;0;0;0;0;0;0;0;0;0;0;0;0;0;0;4;0;0;0;0;0;0;0;0;0;0;0;0;0;0;0;0;0;0;0;0;1;13;;0;0;0;0;0;7;0;0;0;0;0;0;66;2;0;0;0;7;2;0;0;1;0;5;0;0;0;0;0;0;2;0;0;1;0;0;0;3;0;0;0;0;9;6;0;0;0;5;;3;1;0;2;0;0;0;0;0;4;3;0;0;0;0;0;0;0;0;0;0;5;10;0;1;0;0;0;0;3;0;0;0;2;0;0;5;2;0;1;0;0;0;8;3;2;0;3;0;0;0;0;16;0;0;0;0;14;1;0;0;4;0;0;27;0;2;0;0;0;4;0;0;0;1;2;0;3;0;5;0;0;6;4;1;6;2;0;0;0;2;6;1;0;0;0;0;2;0;2;0;7;0;0;2;0;0;0;0;0;0;1;4;5;2;1;2;0;0;;0;1;0;0;0;0;0;1;0;0;3;0;0;0;0;0;0;0;;0
08336000;0;6;3;;0;0;10;1;0;0;3;0;0;2;0;8;0;1;0;0;0;2;0;0;0;0;0;0;0;0;;0;0;4;6;0;;6;1;0;0;0;0;0;;6;0;3;1;4;0;0;0;;0;0;2;0;;0;0;1;0;1;0;0;0;0;3;0;0;2;0;0;0;7;1;0;0;0;0;0;0;0;1;0;0;0;0;1;0;0;0;0;0;0;0;0;0;0;0;0;12;0;0;0;0;0;0;0;0;0;0;0;0;2;0;0;0;0;0;0;0;0;0;2;1;0;1;0;0;0;0;0;0;0;0;0;5;0;0;0;0;0;0;4;4;3;0;0;0;1;0;0;0;0;0;3;0;0;0;0;12;0;0;0;0;1;8;0;0;0;1;2;1;0;0;2;0;0;0;0;0;0;2;0;10;0;0;0;0;0;0;0;0;0;0;0;0;6;0;0;2;0;0;19;0;0;0;0;13;;35;0;0;0;3;0;0;1;13;0;0;0;0;0;0;0;0;0;0;0;0;0;0;0;0;1;0;;2;1;0;0;0;0;4;2;0;0;0;4;2;1;0;0;0;0;0;1;0;0;0;;0;0;;0;0;3;0;0;0;2;0;0;0;0;0;0;;0;0;0;1;5;0;0;0;3;0;1;1;0;2;0;0;0;1;0;;2;0;0;0;0;0;0;0;0;0;1;5;0;0;0;0;0;0;0;0;0;0;4;0;0;0;0;0;0;0;0;0;0;0;5;0;0;1;1;1;0;1;0;0;3;0;0;2;0;2;0;0;0;0;14;5;0;1;0;0;0;0;0;1;0;1;9;0;0;0;0;3;0;1;2;0;;3;;1;0;1;0;;0;0;1;0;2;0;0;1;0;;3;0;0;5;0
08337000;0;0;0;2;4;3;2;0;0;0;4;0;0;0;0;0;0;0;0;0;0;0;1;0;0;0;8;0;1;3;0;1;0;0;0;0;0;0;;0;1;6;0;0;0;1;0;10;3;2;1;0;0;0;0;1;3;0;0;0;4;0;6;0;6;0;1;0;1;3;0;0;0;0;0;0;0;0;0;0;7;0;1;0;0;0;0;0;0;0;0;3;8;0;2;1;1;8;0;0;0;0;0;0;0;0;7;0;1;0;1;0;0;0;0;0;0;6;0;8;0;0;0;0;0;0;0;0;0;0;2;0;1;0;;0;0;0;1;0;2;0;0;2;0;0;0;0;1;0;0;0;7;2;0;0;3;0;0;1;1;8;10;0;0;0;2;;0;1;0;3;0;0;0;0;0;3;24;0;1;0;0;2;0;0;3;5;3;0;0;0;0;0;3;0;6;0;0;3;0;0;0;0;0;14;17;4;4;6;12;0;;0;0;0;0;0;0;0;0;0;0;0;7;2;2;2;0;0;4;1;0;0;0;0;0;0;0;0;;10;0;4;0;0;0;2;0;;1;0;0;0;0;1;1;;0;1;0;0;0;0;0;1;0;2;0;3;0;0;0;0;0;0;;0;0;;;0;3;0;0;0;0;0;0;1;0;0;0;0;0;0;0;0;0;0;0;0;0;0;5;0;2;1;4;0;0;0;7;0;0;0;0;0;0;0;2;0;1;0;0;0;;;3;1;0;0;0;2;0;3;0;0;0;0;0;0;0;1;;2;0;0;1;0;0;0;1;9;2;5;2;0;1;6;0;0;0;0;2;0;;0;;;0;4;0;2;2;2;;2;2;4;3;1;1;1;2;0;0;1;0;0;0;0;0;0;;1;1;1;0;0
08415000;0;2;0;1;0;5;1;7;2;1;1;7;9;0;4;19;0;2;0;1;1;0;0;4;1;0;0;0;0;3;0;1;0;2;1;3;0;2;0;0;1;0;2;14;1;0;0;0;1;0;5;0;5;1;;3;0;7;2;;3;0;3;1;10;0;0;0;0;0;0;0;5;5;4;1;0;10;0;14;2;2;0;0;0;0;0;0;0;0;4;0;5;;14;1;0;0;1;2;0;0;0;1;7;0;1;0;7;4;0;0;0;0;0;0;0;10;0;0;4;4;0;0;4;0;0;1;4;0;3;3;1;3;2;0;7;1;2;9;0;0;0;1;3;0;0;0;0;1;0;0;0;0;0;1;0;0;0;0;13;14;12;0;0;0;0;0;0;3;0;1;8;4;1;1;5;0;34;0;0;9;0;0;0;22;0;0;4;0;0;5;0;0;3;0;5;0;0;0;0;0;0;0;18;2;1;10;22;0;67;7;1;;0;93;10;20;23;14;0;0;8;40;0;2;0;0;3;2;1;0;0;0;3;0;0;1;0;3;0;0;4;1;0;2;0;;0;0;0;0;7;3;0;1;1;1;0;0;0;0;0;;0;0;4;0;0;4;0;1;0;0;2;1;;4;3;3;3;0;0;17;1;1;0;0;0;0;0;;0;0;3;0;0;1;0;0;0;2;0;0;14;0;5;2;3;0;1;0;0;2;0;0;1;0;0;3;3;7;2;0;0;0;0;0;2;0;4;1;0;0;1;0;0;0;8;;0;;0;0;0;0;0;0;4;0;0;0;2;0;3;0;4;0;4;0;0;8;7;3;1;5;3;0;0;2;1;2;2;3;0;7;2;0;2;0;0;0;1;;0;11;0;0;0;0;2;;0;3;2;0;3;0;1;
08416000;0;9;6;0;3;0;3;4;3;3;4;0;5;;0;31;0;6;2;0;0;3;1;1;2;0;0;0;9;2;1;6;0;9;9;0;0;0;3;1;0;0;0;0;1;1;0;0;0;0;0;2;0;0;0;0;2;0;0;0;1;5;0;9;5;6;7;4;0;4;2;0;0;0;1;0;0;2;5;5;0;0;1;10;1;3;0;4;5;;0;0;0;6;2;0;0;8;0;1;0;0;0;2;0;14;0;0;1;0;0;0;0;0;0;0;4;38;1;13;4;0;0;0;0;1;0;0;1;1;1;0;0;0;0;6;0;3;0;0;0;0;5;2;0;3;0;0;3;1;2;0;4;0;2;0;0;0;2;0;0;7;25;0;0;0;0;0;0;0;0;0;1;1;0;5;0;6;185;0;0;23;111;65;29;63;0;11;27;2;0;8;0;32;17;0;35;9;18;42;32;0;11;0;77;19;23;37;19;0;63;20;31;138;;177;24;30;46;30;4;0;0;68;8;2;5;0;1;0;1;3;0;0;0;0;0;2;4;0;0;0;1;0;1;4;0;0;0;;0;1;0;0;0;0;1;0;0;2;0;4;3;0;0;0;0;0;0;0;1;1;0;2;0;0;;0;0;1;0;1;3;0;0;0;0;6;8;0;0;1;0;0;13;0;1;0;1;5;0;0;3;0;5;1;0;0;0;1;6;3;0;7;0;1;0;0;0;0;0;0;0;0;55;0;0;0;6;1;0;1;0;0;1;1;0;0;5;1;0;0;0;0;1;0;0;6;0;6;0;3;0;0;0;0;9;5;0;0;0;39;1;3;0;6;0;0;0;0;0;1;1;0;0;0;1;0;4;0;0;1;3;0;0;1;0;6;2;0;;1;0;1;1;0;1;1;1;0
08417000;1;2;0;;0;1;0;6;0;4;0;0;1;1;1;21;1;3;0;0;0;;0;1;0;0;0;4;0;0;;0;0;0;0;2;;3;;0;0;0;0;0;;1;0;0;2;0;4;5;0;;1;0;2;0;2;;;3;1;0;0;3;0;2;0;0;;1;3;1;0;0;1;0;0;9;0;0;0;6;0;0;1;8;0;0;4;1;6;3;3;0;8;0;0;1;0;0;0;0;3;6;8;6;0;4;0;0;0;0;0;0;2;12;0;1;1;0;1;0;3;2;0;0;2;6;0;0;0;0;4;0;0;;0;0;0;4;0;2;0;1;2;0;1;0;1;0;3;7;1;;0;4;0;4;0;0;0;1;0;;0;;1;0;1;0;1;1;9;9;0;0;4;0;0;0;1;0;0;0;3;1;2;0;0;8;0;0;6;0;10;0;0;3;0;9;0;0;3;7;11;38;0;57;44;22;7;0;0;;0;23;23;10;0;44;2;10;3;4;2;0;0;2;1;0;12;0;0;0;1;1;0;1;1;0;0;1;1;0;4;;0;1;;8;0;6;0;0;3;;1;;6;;1;;0;0;;1;1;0;0;1;2;0;0;0;3;3;0;1;0;3;6;7;0;3;;0;3;0;3;0;0;0;0;0;0;0;2;2;;0;2;0;1;;8;0;0;0;1;5;14;5;0;2;0;4;0;0;0;0;0;2;0;;3;0;1;3;1;0;3;0;;1;;12;0;0;;0;0;2;1;0;;0;1;0;0;3;;6;7;0;0;0;;3;;0;0;0;3;0;1;;1;;;0;3;2;;0;0;0;0;0;1;0;1;0;1;0;0;0;0;2;0;1;4;;0;;1;0;1;0
08421000;0;8;0;1;0;0;0;3;0;1;1;0;5;2;2;26;0;0;0;0;0;;0;;2;0;0;1;4;0;1;1;4;0;1;0;;1;0;2;0;0;1;0;;;0;0;;8;4;1;1;;0;0;0;0;;1;3;0;0;0;0;0;4;3;0;3;0;0;5;0;4;0;2;0;0;12;4;0;2;1;1;0;0;0;3;0;0;11;0;0;11;3;0;3;0;0;0;1;0;0;0;0;0;3;;1;0;1;;0;0;2;1;17;0;2;4;0;0;0;2;0;0;2;0;6;0;0;4;0;0;0;9;;0;0;;1;2;0;1;0;0;2;0;;1;;2;0;1;;0;0;0;0;3;0;5;1;0;0;0;0;0;0;0;0;1;1;0;0;0;2;1;1;9;0;0;0;5;0;0;2;0;0;0;3;0;0;0;0;0;2;0;4;0;4;0;0;0;3;8;8;0;0;0;0;2;0;0;2;;110;0;0;0;0;7;53;0;0;0;0;0;2;0;0;0;0;4;0;0;0;7;5;2;8;4;0;0;3;1;0;0;0;0;0;2;1;0;0;1;;6;1;0;0;0;0;0;0;;0;0;0;0;0;0;0;1;;1;1;1;0;0;0;2;2;1;1;1;0;0;0;0;5;0;0;3;1;1;2;0;7;0;0;1;0;12;0;10;0;5;12;0;0;430;0;0;1;0;24;3;2;1;0;0;0;8;0;0;;0;0;1;;;0;0;0;1;;0;;;1;0;0;;0;0;0;0;0;0;5;;0;0;0;0;1;0;0;0;17;0;1;0;0;0;1;0;0;11;0;0;;2;0;0;0;0;;0;0;3;0;;5;0;;0;4;0;1;1;;1;0;;4;1;0
08425000;;2;0;;4;0;0;0;2;0;0;0;0;0;1;6;0;0;2;0;;0;0;0;;0;1;1;0;0;0;;0;0;5;0;;2;0;1;2;4;;0;;3;4;0;2;0;2;0;0;0;0;0;1;0;0;3;7;0;0;12;1;3;16;0;2;0;0;0;0;0;0;0;0;1;0;0;0;8;0;4;2;0;0;6;0;;1;6;0;0;2;0;4;0;1;0;;0;3;0;0;6;4;4;0;2;0;5;0;0;0;0;0;2;3;0;1;0;0;4;0;0;0;0;0;0;0;0;0;14;0;0;0;0;2;0;0;;3;2;0;0;0;1;0;0;;2;6;0;0;0;1;0;;0;0;3;0;1;0;0;0;;0;2;0;0;0;;1;3;0;4;3;0;0;0;0;6;3;9;0;0;13;0;0;0;0;0;0;0;18;0;0;0;0;0;0;0;2;11;10;0;0;8;9;11;36;0;0;0;0;;47;17;25;0;0;10;3;2;0;0;0;2;7;0;0;0;0;0;0;0;0;3;0;0;0;2;0;7;6;3;0;7;2;;0;1;2;1;0;4;0;1;0;4;;0;2;1;;0;0;;0;;;0;1;2;;2;0;0;1;0;1;10;0;0;7;0;0;0;0;1;1;;5;0;1;2;2;7;0;1;;0;6;4;0;6;9;0;7;0;31;7;0;18;8;0;9;1;3;0;0;0;19;2;1;0;0;0;0;2;0;3;0;0;;0;1;;5;0;2;1;0;2;2;1;0;1;4;1;4;6;0;1;0;1;2;2;1;0;0;2;1;0;0;;;7;0;0;1;8;0;1;1;;0;0;0;;0;0;;2;;;;0;0;0;0;0;0;;0;0;;0
08426000;1;1;0;;0;;8;4;0;;2;0;3;0;0;10;0;0;2;0;1;;;1;;0;1;0;2;0;0;;5;0;2;0;;0;4;3;0;1;0;3;0;;2;1;0;0;0;0;0;1;2;0;0;0;0;2;0;1;1;1;1;0;1;0;0;5;0;4;3;0;5;5;1;2;2;3;3;0;0;0;0;3;0;2;0;1;2;0;0;0;0;1;0;7;1;2;1;0;5;2;0;9;5;2;0;7;0;3;0;0;3;0;0;9;7;7;1;1;0;0;0;2;0;0;4;3;1;0;0;0;0;0;10;;0;0;;2;0;1;0;4;8;0;4;2;0;0;5;2;1;3;0;;0;0;0;18;7;0;0;1;0;3;0;1;0;0;2;2;0;0;17;1;3;0;0;0;8;0;3;11;6;0;1;0;0;6;0;0;1;0;1;7;0;3;10;9;1;0;0;11;7;5;9;0;12;2;14;0;0;0;36;0;;10;7;0;0;0;0;0;3;0;0;0;2;0;3;0;0;0;1;0;2;0;0;0;0;1;0;0;0;0;0;6;6;1;3;1;1;0;0;0;2;0;2;2;0;1;0;3;;2;0;2;0;0;0;1;;1;0;;2;5;0;0;0;1;;0;0;0;0;0;1;0;;0;0;1;;0;0;0;0;4;1;0;7;10;0;0;0;0;0;0;57;17;0;0;4;0;5;0;0;0;0;0;8;0;0;1;1;1;0;1;0;0;0;0;0;0;0;;1;2;0;5;2;6;1;1;;5;1;2;0;8;2;0;0;0;2;2;2;0;5;0;1;1;0;;0;;4;6;;3;2;0;1;0;0;0;0;;0;;;3;;1;0;0;0;1;0;;0;0;2;0;5;0
08435000;0;3;0;0;0;0;0;1;0;0;1;5;0;0;9;16;0;;0;0;2;;0;2;0;0;0;0;2;0;2;2;1;0;2;8;0;0;0;0;;0;0;0;0;5;5;0;0;0;0;0;1;0;1;2;0;0;0;5;0;0;0;0;0;4;3;0;0;0;1;0;0;0;0;0;0;9;1;6;1;0;0;2;0;0;0;0;0;0;3;0;3;0;0;0;0;0;0;3;2;8;0;0;0;0;0;3;5;0;0;0;0;11;1;4;0;0;2;7;9;0;0;0;8;0;0;0;0;6;8;1;0;0;0;0;0;6;1;1;0;0;7;0;0;4;0;;6;0;0;0;0;3;0;0;6;0;0;0;0;0;0;0;1;2;3;0;2;0;0;2;0;3;0;1;0;3;0;0;0;0;0;0;0;0;0;0;0;0;0;0;0;0;4;0;9;0;0;0;6;0;0;0;0;10;1;0;12;0;83;0;12;0;0;0;1;0;0;;196;0;0;19;2;2;0;7;0;0;0;0;0;0;0;0;0;7;0;0;0;7;0;2;6;2;0;0;0;3;0;0;0;1;0;0;0;0;3;0;1;4;1;0;6;0;1;0;3;0;0;0;;;0;8;0;0;0;2;0;0;0;0;0;0;0;0;0;3;2;0;4;0;4;1;4;0;1;0;0;4;0;5;0;3;8;0;1;0;4;0;2;0;10;0;0;4;0;0;0;0;0;0;0;0;1;1;5;0;2;0;0;0;1;3;0;1;0;8;3;0;5;0;0;3;0;0;0;0;0;0;1;6;8;0;0;0;0;0;0;9;3;0;0;2;0;;0;0;1;0;0;0;;2;0;3;0;0;0;0;0;0;0;0;;0;2;3;1;0;0;1;0;;0;0;1;1
08436000;1;1;0;;0;0;0;0;8;1;3;3;2;0;0;24;3;4;6;0;0;0;0;0;0;0;0;0;4;0;1;0;0;0;0;1;0;0;;0;1;6;0;0;1;0;0;0;1;0;0;0;0;0;3;2;0;1;0;1;3;0;0;0;7;0;2;4;0;0;1;2;3;0;8;2;8;0;0;13;0;0;0;7;0;1;0;0;0;1;9;7;0;0;0;0;0;0;3;0;3;0;4;0;2;0;0;0;0;1;0;0;0;0;0;0;12;0;0;6;14;0;0;6;3;0;0;0;0;0;0;0;4;0;0;0;0;0;0;0;0;0;0;0;;0;10;3;4;0;5;0;2;2;0;0;;3;;1;4;0;0;0;3;0;7;0;3;0;1;8;2;0;0;0;0;0;7;0;0;0;0;0;1;0;0;0;0;0;0;5;0;0;0;0;21;9;0;0;15;0;4;0;3;0;0;0;4;11;35;0;4;38;0;85;35;0;0;0;;0;0;39;2;0;0;0;0;3;8;2;0;0;1;0;0;0;0;13;3;9;0;0;0;1;0;4;0;2;1;0;2;2;0;2;4;1;15;3;0;0;0;0;0;0;3;0;8;2;0;0;0;0;0;9;0;3;0;2;0;0;1;0;0;9;0;0;0;0;5;0;0;1;13;1;0;0;1;1;0;0;3;0;2;0;0;0;0;7;0;0;24;0;15;15;4;0;0;2;2;0;0;0;0;0;0;;0;0;0;2;0;2;2;3;8;0;0;2;2;1;;0;2;0;0;0;0;2;0;0;3;0;0;1;9;0;1;0;0;13;0;;0;1;2;0;0;0;2;0;0;0;0;0;5;4;8;4;0;;0;11;1;0;;4;2;0;1;0;0;1;1;0;1;0;1;2
08437000;0;1;1;;0;4;1;0;0;;0;0;0;0;0;1;0;;0;0;4;1;1;1;0;0;1;0;3;1;0;;0;0;0;0;1;0;;4;0;3;1;0;;0;;2;4;;1;3;1;2;0;4;;2;0;0;;0;2;0;0;0;2;0;0;;0;3;2;0;0;0;2;1;0;9;1;0;0;0;0;2;0;0;0;1;0;0;0;0;4;0;0;0;2;0;2;0;2;0;1;1;0;;0;0;1;0;4;0;0;0;1;7;1;0;7;0;0;4;7;0;0;3;0;0;1;0;3;2;1;4;0;0;1;0;2;0;2;0;;2;8;1;4;3;0;0;0;5;3;1;;0;1;6;0;6;7;0;0;0;2;;0;1;1;0;;;0;0;0;;507;291;390;166;368;292;92;211;82;201;65;56;0;46;57;146;215;0;171;102;167;89;87;179;87;0;187;138;236;113;173;118;289;175;143;257;309;0;122;175;224;142;327;;1;7;0;2;2;0;0;0;2;4;2;0;0;2;1;0;2;;6;1;0;0;0;0;2;0;1;1;2;2;;0;0;1;2;0;0;;1;;0;0;0;1;2;1;2;;;0;4;;0;;;;4;1;;0;0;0;;7;0;0;2;;2;0;3;0;4;0;;1;0;1;1;0;1;0;9;0;4;0;7;3;0;0;0;0;0;0;0;5;7;1;0;0;1;0;14;;0;;;0;8;0;1;2;1;0;0;0;0;2;0;;2;0;2;1;5;1;0;1;1;0;0;1;0;0;0;2;6;1;;5;0;;1;0;0;;0;1;0;2;4;0;0;;;0;0;0;0;1;0;1;;1;;0;;0;;3;0;0;0;;0;0;;0
09161000;0;1;0;0;0;2;4;0;0;1;3;0;4;;0;15;6;0;0;4;0;0;1;0;0;0;0;0;0;3;2;0;0;0;0;0;;3;0;0;0;1;1;4;;;1;0;0;2;1;0;0;0;1;4;3;2;0;;0;0;0;0;11;4;0;3;0;0;;0;0;0;0;0;0;2;0;24;0;0;0;0;3;1;0;2;4;0;0;0;0;1;1;0;0;0;0;0;2;0;0;7;0;0;0;0;2;3;0;4;1;0;0;0;0;11;0;4;0;0;0;0;10;2;0;0;0;0;0;1;0;3;4;0;0;1;4;0;0;2;0;2;;1;0;0;4;1;1;1;1;0;0;;0;3;1;0;0;0;0;5;1;0;0;1;1;1;0;4;0;0;0;3;;1;0;8;13;0;5;1;5;0;3;0;8;1;8;5;3;2;7;0;0;0;0;0;3;6;4;0;0;5;0;3;0;0;9;11;1;0;5;0;0;0;10;8;2;0;;0;4;53;5;0;6;58;543;92;77;12;0;129;148;25;219;413;0;98;8;56;120;2;4;0;0;9;40;0;30;0;0;11;7;0;21;5;6;16;34;1;0;5;4;0;5;0;0;3;9;0;15;13;0;4;22;2;1;0;0;46;3;11;16;5;0;12;24;21;3;0;0;4;16;0;7;9;12;5;0;4;30;2;4;0;1;3;4;0;0;4;0;0;0;7;0;0;0;0;1;0;7;0;0;1;7;3;0;0;1;0;4;1;1;;5;0;4;2;;0;1;2;0;0;0;0;0;0;12;0;0;2;12;0;0;4;0;0;0;0;0;0;0;2;0;4;;0;;0;0;0;0;0;0;0;0;;0;3;0;0;2;1;0;0;;;0;1;1;1;0;4;0;
09162000;0;0;0;0;10;17;0;14;7;1;0;10;0;5;3;0;0;0;6;2;0;2;5;6;0;0;0;0;0;0;0;3;10;0;8;12;5;0;0;0;7;0;0;0;0;3;0;0;9;0;2;6;0;1;0;11;1;0;0;0;0;0;0;0;0;0;0;2;15;0;0;6;0;0;0;6;0;0;0;0;12;0;0;0;3;3;0;0;0;9;17;0;0;0;6;19;0;0;2;1;5;0;0;0;0;0;5;0;0;0;0;0;0;0;2;0;0;0;25;0;0;0;0;0;0;0;2;0;0;0;0;0;0;0;0;0;0;0;0;0;0;5;0;23;0;0;4;0;0;0;0;1;13;0;0;0;0;0;3;0;2;3;0;2;0;2;0;0;7;0;0;0;0;0;0;0;4;0;0;0;0;10;0;0;0;0;0;0;0;0;0;0;0;0;0;0;0;10;0;0;0;0;0;13;0;6;0;0;0;0;0;25;53;0;0;0;0;0;20;0;0;0;1236;;79;80;180;314;770;877;0;358;581;3546;1487;407;170;1843;2729;80;1305;461;961;94;379;60;0;11;47;43;44;99;63;26;1;45;53;0;0;0;15;33;0;18;8;33;7;4;0;0;0;0;0;0;0;7;0;0;10;25;0;0;0;12;12;0;0;50;6;0;0;18;0;0;0;0;0;3;0;0;0;14;59;0;275;52;9;20;233;172;17;0;14;0;87;53;6;0;0;2;2;2;0;0;0;8;0;0;0;0;9;0;20;15;0;7;0;0;7;0;10;8;0;0;0;6;1;8;28;0;0;6;2;0;19;4;0;0;14;12;0;29;21;0;10;0;0;0;0;0;0;0;5;4;15;0;9;9;0;14;0;0;0;0;0;0;4;0;0;1;4;1;0;0;4;0;3;0;0;3
09163000;0;0;0;;;;0;;9;;1;;0;1;0;0;0;;0;;0;;;1;1;0;0;0;;0;2;0;0;0;0;0;;0;;0;2;0;7;;0;;0;0;2;0;2;1;0;1;0;4;0;0;1;;;15;1;3;0;0;0;0;0;3;1;;0;0;2;3;;0;2;0;0;3;3;0;1;2;0;1;0;;1;0;3;0;1;0;0;0;1;0;0;0;3;0;2;6;0;0;0;;2;0;1;0;0;1;0;2;0;1;0;0;0;0;2;0;0;0;1;0;1;0;;0;0;0;0;1;1;;3;0;2;;0;;0;;2;;;0;;0;;0;0;4;;0;;2;2;0;;1;;;;0;;3;2;1;0;0;4;;0;4;0;1;3;2;2;0;;0;0;0;4;;3;2;0;0;1;0;0;;5;1;0;0;6;0;0;0;0;0;0;1;0;2;0;0;3;0;2;0;0;1;0;0;;0;0;0;3;0;2;1;0;0;0;0;0;0;0;0;0;167;0;5;5;7;0;2;6;13;0;2;0;0;0;0;1;1;0;5;0;2;5;1;0;3;0;0;0;1;0;0;0;0;0;0;2;3;1;0;0;0;8;0;2;3;0;0;4;0;0;0;0;0;0;0;0;0;;0;0;0;0;2;9;2;0;9;0;2;1;0;0;1;0;0;0;2;2;0;;;2;;0;0;0;;0;0;0;;;;0;;3;0;0;;;0;;0;2;1;1;0;0;;4;0;0;0;1;3;0;0;4;0;0;0;0;0;4;1;0;0;;;0;3;0;;2;;;0;1;0;0;0;2;;0;0;0;2;;1;;0;1;;;0;0;0;0;
09171000;0;0;;0;0;;2;0;;3;0;;5;;1;0;0;7;;;;0;;0;0;0;11;2;2;2;;;;;3;;;0;1;0;2;0;4;;0;;0;4;0;0;4;0;0;;1;1;;0;;;3;1;0;1;0;3;1;1;;0;;0;4;1;0;2;;0;0;1;0;0;;0;0;0;1;0;0;;0;2;0;6;4;;0;0;6;;1;;0;0;2;2;0;0;1;;0;0;0;0;0;;0;2;8;6;0;1;0;2;0;0;0;0;0;0;1;0;0;0;0;0;0;0;0;;0;;0;2;0;;1;0;1;0;0;;2;0;;1;;;;0;;0;0;;2;0;1;;;0;;0;;;0;;0;;4;0;0;0;0;0;0;1;0;2;;1;0;0;0;1;0;1;0;0;2;0;;1;0;0;0;1;2;;0;0;5;12;0;0;0;0;3;0;1;0;3;0;0;0;0;;0;0;0;0;0;0;0;0;0;0;0;0;0;0;0;0;1;0;1;24;5;2;0;7;8;0;4;7;108;0;3;0;8;;0;0;3;0;0;0;;0;2;1;0;0;0;0;;4;;;0;0;4;0;1;4;0;0;0;1;2;0;0;;;1;2;;0;0;;0;1;0;0;0;0;1;1;0;5;3;2;0;0;1;0;0;1;2;0;;6;;0;;0;;0;;0;1;0;1;2;0;0;2;1;;;1;;1;0;0;;2;;0;0;4;0;2;0;2;0;1;0;4;2;2;0;0;1;;;0;0;;0;;0;0;;0;0;0;0;0;1;2;0;0;0;;0;;1;;0;0;;;;0;;;0;1;0;
09172000;0;0;9;;0;0;3;2;0;0;2;6;3;0;0;0;0;;0;0;2;0;0;;0;0;0;2;4;0;;5;1;4;0;0;;1;0;0;0;0;3;2;;0;1;2;;;;3;0;0;0;0;3;0;0;4;2;0;1;0;3;3;0;2;0;3;0;;1;0;0;0;2;0;0;0;0;0;0;2;0;0;0;2;0;0;1;8;0;4;0;4;0;0;1;1;;1;0;0;0;3;0;0;6;0;0;0;0;0;0;0;0;4;1;3;1;0;0;0;0;0;0;0;0;1;1;0;1;0;2;2;0;1;0;0;0;0;2;0;1;0;;;0;0;;0;2;0;1;2;0;3;0;2;1;0;0;0;;;1;;0;0;;1;0;1;0;0;1;1;0;0;0;2;0;0;0;0;0;0;0;0;0;0;0;9;0;0;0;0;0;0;0;0;0;0;2;1;2;0;2;0;2;4;0;0;0;0;0;3;0;2;2;0;0;0;6;77;;0;0;0;2;0;0;0;0;1;0;0;0;12;0;15;0;22;2;0;2;0;0;2;0;0;0;9;5;0;0;0;2;0;0;0;4;2;0;0;0;0;2;0;3;0;0;2;3;7;0;2;0;0;3;2;0;0;0;0;0;0;4;1;0;5;0;1;0;0;0;1;1;0;3;2;3;0;0;;2;3;7;2;0;0;3;4;0;0;5;2;0;;1;0;0;0;0;1;3;1;1;;;0;0;0;;;0;0;0;;1;0;0;3;1;0;0;0;1;1;1;2;0;4;0;4;0;0;4;1;0;0;0;3;;0;0;;0;5;0;6;0;1;0;6;;1;0;0;0;0;1;1;0;2;0;;2;5;1;;0;;0;0;0;3;0;0
09173000;0;1;0;0;;1;0;0;0;0;3;0;1;0;0;14;0;9;;2;2;;0;1;;0;0;1;0;0;;0;0;0;0;2;0;1;;1;;2;;0;0;;2;3;1;0;0;;5;;0;2;0;0;;0;0;0;;0;0;1;3;0;0;0;;0;6;0;2;0;2;5;0;0;2;0;4;2;0;3;0;2;3;;4;1;0;0;0;0;1;6;1;1;;2;0;0;0;0;8;0;1;2;0;0;0;3;1;1;0;5;;2;4;0;0;0;2;1;3;0;0;3;0;2;1;4;2;6;0;0;5;0;0;2;0;0;0;8;3;;0;7;0;0;0;1;1;1;0;;0;0;;7;0;0;2;2;1;0;4;0;;0;1;;1;2;1;0;3;4;0;0;2;0;2;0;4;4;0;1;0;0;0;5;1;1;12;0;0;5;0;0;0;9;6;0;15;0;2;0;13;3;0;1;3;5;3;2;7;0;7;0;8;0;21;4;7;;0;0;1;4;0;0;0;2;0;0;0;0;0;37;0;19;2;18;0;0;0;19;0;2;20;0;10;0;6;0;12;0;6;0;3;0;4;11;6;0;2;0;1;4;0;0;1;0;4;0;5;1;1;0;0;6;3;5;1;0;1;5;2;3;2;0;5;2;0;0;0;;0;0;7;0;2;2;10;1;10;3;0;3;3;0;25;20;9;0;0;0;;0;0;0;0;1;;0;0;0;;2;0;1;1;4;3;;0;0;0;1;;1;0;0;0;3;3;0;7;0;3;1;8;0;0;;2;5;2;0;1;1;0;0;0;;0;0;1;2;0;1;1;0;;1;0;0;3;2;;3;2;;1;;7;2;0;;0;6;0;;;;;
09174000;;0;0;;2;0;1;1;3;10;0;0;2;;0;0;1;1;0;0;0;;0;;0;5;0;9;4;1;;0;0;0;0;0;1;0;3;0;1;0;0;0;;;5;0;0;0;0;0;;;0;1;5;0;0;3;;2;3;2;0;0;0;0;;;0;2;0;0;0;0;1;3;6;0;0;0;;0;0;0;8;6;0;0;2;1;0;4;0;0;0;;0;0;2;0;0;0;0;0;0;0;0;3;8;14;1;0;0;0;0;2;2;0;2;1;1;3;;0;0;0;1;6;1;2;0;0;0;0;2;0;0;5;0;0;0;0;0;0;;;0;3;6;2;;0;0;;;0;;0;;3;0;1;8;0;;4;;0;0;0;0;;0;6;0;1;0;11;0;0;7;0;15;0;0;2;3;0;5;2;0;0;3;0;0;0;0;1;0;0;0;1;0;2;0;;1;0;0;1;2;0;0;4;3;1;3;5;3;0;0;0;0;5;3;11;;19;22;20;0;0;1;19;0;0;0;45;83;21;0;16;25;10;1;1;0;2;11;11;25;1;14;14;0;0;19;0;1;10;0;3;0;9;5;2;3;0;2;0;6;0;3;7;4;0;1;0;2;3;0;0;1;0;4;0;0;1;0;10;0;0;6;5;3;1;0;6;0;0;5;0;42;8;0;0;63;31;7;17;0;3;15;0;16;6;2;;;6;0;;0;;0;1;0;4;0;1;0;0;8;4;2;0;2;;0;;;0;0;4;;2;1;5;4;0;0;6;3;0;0;15;5;0;5;0;2;3;;0;0;0;0;;0;;;3;9;;0;0;0;2;0;;1;5;0;0;;1;5;0;3;3;;0;3;1;2;;0;
09175000;0;6;0;0;2;1;4;2;3;0;4;6;3;1;0;7;0;0;0;2;0;;0;3;;0;0;0;1;0;1;0;;4;;0;;0;;5;0;1;3;3;0;;0;0;1;0;4;1;0;2;;1;0;0;;0;1;5;0;0;0;6;1;1;2;1;3;0;1;5;2;1;9;1;0;2;0;0;0;0;3;0;3;0;0;1;2;1;0;0;0;2;3;0;1;3;;2;0;6;0;0;0;1;1;1;1;2;0;1;0;0;0;6;2;6;7;6;2;0;0;3;2;0;3;0;3;0;;5;0;0;0;4;0;3;0;0;0;;4;5;0;0;0;2;0;;3;2;4;1;;0;0;0;0;0;5;;1;0;0;2;;1;0;0;2;;0;0;0;;0;1;0;0;3;2;0;0;0;3;0;3;7;;2;0;0;2;0;7;8;0;2;0;0;2;0;0;5;3;4;0;0;7;13;0;3;0;0;0;1;10;0;2;0;0;23;36;11;29;0;;7;223;17;0;0;8;13;0;0;2;0;78;12;34;11;18;5;0;6;20;2;23;12;3;26;9;11;1;16;5;1;6;5;3;5;3;4;2;0;0;1;2;1;2;0;7;2;2;1;2;5;0;0;0;0;5;1;0;4;4;1;11;0;0;10;5;7;2;0;5;0;0;6;3;14;5;12;1;0;2;0;0;4;1;10;2;0;3;1;1;0;0;0;0;0;;0;;0;7;6;0;2;2;;0;0;1;0;;1;0;0;3;0;1;6;0;0;0;4;0;0;4;8;5;6;4;5;0;2;19;7;0;2;0;4;;3;3;11;0;0;7;2;0;;0;0;3;0;;0;;0;0;;3;2;;4;0;0;2;2;1;0;2;0;5
09176000;2;0;0;1;0;0;0;3;0;0;;0;0;;0;17;0;2;11;0;0;0;4;;0;0;0;5;1;0;;0;1;0;0;6;;1;0;;1;;1;3;;0;;0;1;1;1;;5;;;0;0;0;1;3;0;0;0;0;0;9;3;1;1;;0;0;0;0;3;2;;0;4;13;0;0;;0;3;2;0;1;0;0;0;0;1;;0;0;7;0;0;0;0;0;3;0;0;0;2;1;0;1;0;5;0;0;0;2;3;0;3;0;0;0;1;4;0;4;;2;0;0;8;;3;0;3;0;1;3;;3;3;1;0;0;;0;;;0;;1;0;1;0;4;1;;3;1;1;1;0;1;;1;0;1;4;1;4;0;0;0;0;0;0;0;;0;5;2;4;3;0;0;0;2;0;0;0;0;1;6;0;4;7;3;0;10;0;0;1;1;4;1;;0;0;0;0;1;0;0;0;0;0;2;0;0;3;0;0;0;10;0;0;0;0;0;0;;0;0;0;0;0;2;0;0;94;0;9;0;0;1;8;0;0;0;0;0;0;5;0;0;4;0;0;13;3;3;0;58;0;0;0;0;7;11;1;0;0;0;0;7;2;0;0;1;0;0;4;0;26;1;0;0;4;0;0;45;27;0;1;10;0;0;5;0;4;0;6;8;0;0;0;0;0;7;13;0;2;0;0;2;7;3;0;0;0;3;2;6;;5;1;0;;0;;1;0;0;1;1;4;;0;4;0;2;4;;7;1;1;0;0;0;0;4;3;0;0;0;7;0;0;1;0;0;8;7;0;0;7;0;1;0;0;0;4;1;0;3;0;0;0;0;0;2;;0;;;2;0;0;0;0;0;0;0;0;1;3;;1;0;0
09177000;0;0;2;0;;;0;1;13;1;0;2;1;;2;3;0;;1;0;1;1;2;3;5;0;4;6;4;;;1;3;0;4;2;0;0;0;3;0;;0;;;;1;;0;2;2;;1;1;2;1;0;3;0;1;1;6;0;1;9;0;0;0;0;0;4;0;2;0;0;0;2;4;0;4;;4;0;1;0;4;0;0;0;1;5;2;0;0;0;0;2;3;0;0;0;2;1;;5;0;0;1;1;0;0;0;0;1;0;1;0;1;3;2;0;0;0;5;0;1;;0;0;0;1;0;0;5;1;2;1;0;0;2;1;0;0;;0;8;;0;0;0;1;0;0;0;0;1;0;;;0;1;0;0;;0;1;1;;;0;2;;;;0;0;1;1;0;0;6;0;2;0;1;1;0;4;0;0;9;0;0;8;2;0;0;0;6;1;0;3;0;4;0;;0;0;0;2;5;4;0;5;0;1;1;2;3;2;0;0;0;0;0;16;1;0;0;0;18;;0;0;0;10;16;55;0;2;0;4;0;6;5;26;10;0;1;25;19;115;34;7;22;16;18;1;6;0;0;12;0;5;8;0;1;0;4;0;0;0;1;5;2;0;1;8;0;5;2;0;0;13;0;0;3;0;0;3;0;0;4;0;0;0;3;1;0;0;0;2;5;2;11;0;1;3;13;3;2;0;1;0;0;15;5;1;0;;0;0;;2;0;1;;;0;0;0;5;0;0;0;0;0;0;0;1;0;2;;2;;1;0;4;1;0;0;0;15;0;3;1;0;0;3;2;5;4;3;2;;3;2;3;1;0;0;;0;;1;2;;1;0;0;1;0;;0;0;2;0;;0;;;0;0;0;;4;0;0;4;0
09178000;3;0;1;2;4;0;0;3;0;2;3;5;5;1;0;0;0;0;1;2;0;;1;0;0;0;0;3;3;0;0;0;1;3;0;6;1;0;0;0;0;2;;0;3;0;0;0;;4;0;0;4;2;3;6;0;0;0;0;3;0;2;3;0;0;0;8;0;0;0;4;1;0;0;0;0;1;0;0;1;0;0;0;6;5;1;0;6;0;0;0;6;0;5;2;0;1;0;0;0;0;0;0;0;0;3;0;4;1;0;0;0;3;3;0;1;12;0;0;8;5;0;0;4;0;0;4;1;1;0;0;1;0;0;0;0;1;1;0;2;0;;3;0;5;0;0;0;2;0;0;3;1;1;0;;2;;0;1;0;0;1;3;1;3;0;6;4;1;3;0;0;1;0;0;2;0;9;0;0;0;0;3;1;0;0;3;0;11;0;0;9;0;0;0;0;14;0;0;3;0;11;0;1;3;0;0;1;0;7;11;9;7;0;1;3;0;6;2;0;0;0;10;1;4;14;7;0;19;55;;0;0;5;0;0;0;28;0;22;18;12;16;86;1;0;17;28;86;204;28;11;0;16;16;0;19;0;3;10;0;1;16;11;7;0;0;0;12;12;3;2;2;14;10;0;3;0;0;3;0;0;0;13;0;0;0;0;3;7;0;0;24;0;0;7;0;0;0;0;0;6;31;1;11;0;0;21;1;13;0;0;0;0;0;7;0;2;4;1;5;;0;3;1;0;12;0;5;1;0;1;0;1;0;2;7;;0;3;0;0;1;0;2;0;6;7;4;0;0;9;1;0;2;0;4;1;0;3;4;0;3;6;0;5;0;2;2;0;;;6;1;;1;0;0;0;0;0;0;0;0;0;3;0;4;2;4;0;0;1;4;0;0;0;0
09179000;0;0;0;0;0;0;2;0;14;5;6;2;4;0;1;21;0;;0;2;1;;0;0;0;9;24;5;3;9;2;1;0;0;0;1;0;0;;0;1;2;2;;4;;0;0;0;0;0;0;1;3;8;11;;6;0;7;1;4;;0;0;1;4;3;0;0;;1;2;1;1;0;0;2;2;18;2;0;3;0;0;0;1;0;0;;8;0;0;0;13;0;0;0;0;3;0;0;4;0;6;0;0;0;0;0;0;0;2;0;0;3;0;0;6;0;3;5;1;0;14;0;1;0;2;9;10;1;0;0;0;2;0;;0;1;2;6;0;0;0;5;0;0;2;0;;0;1;0;2;;1;0;2;1;0;0;2;9;5;0;0;0;1;;1;0;0;;0;2;0;;0;0;0;0;0;2;2;0;0;1;1;2;0;1;0;4;4;0;0;0;0;0;3;4;0;0;0;0;6;;0;1;5;0;0;0;3;6;9;7;6;9;1;4;0;0;71;137;57;148;411;109;23;57;160;;36;164;232;24;17;17;43;84;0;206;209;8;9;3;0;20;10;0;28;30;34;5;10;4;10;0;10;0;2;2;0;0;0;0;3;5;4;2;2;2;4;1;4;1;0;4;3;3;0;0;0;1;9;0;0;0;1;3;0;0;0;4;0;4;0;2;6;0;0;0;83;15;7;0;44;74;4;0;11;0;27;14;19;0;2;0;;8;0;0;0;;0;0;4;1;0;0;0;;3;5;0;2;0;2;2;2;1;0;1;0;2;0;3;0;4;1;0;2;13;6;0;0;0;8;1;8;4;1;3;4;0;1;;0;3;0;0;2;;1;5;0;0;0;0;;2;1;0;0;3;;5;2;0;2;1;;0;2;0;4;0;0
09180000;;9;0;;4;3;0;3;1;3;4;3;0;3;0;0;2;;2;2;0;;;;;1;0;0;0;4;1;0;0;;0;0;0;8;;1;2;0;1;0;;;0;0;0;0;0;0;4;2;1;2;;0;;1;1;6;0;0;8;0;0;0;0;0;;4;0;0;0;0;0;0;0;0;0;0;1;2;0;1;1;;1;;0;0;0;0;0;0;3;0;3;0;1;0;0;0;0;1;4;;;0;0;0;1;0;0;0;0;0;0;0;0;2;0;0;2;0;;0;0;1;0;0;1;1;0;0;0;1;0;0;4;0;0;2;0;0;0;1;0;0;0;0;2;0;1;1;2;;0;0;0;8;0;;0;;0;;0;0;;;0;;10;0;0;0;0;4;8;0;0;0;0;0;;0;0;0;2;3;0;8;2;6;3;0;0;3;5;1;0;0;0;0;0;;0;3;0;11;3;0;2;3;0;5;0;5;0;6;6;0;10;12;38;192;0;61;12;10;57;0;;79;158;0;9;0;0;122;113;108;236;3;3;0;3;0;4;0;8;0;2;0;5;0;7;0;3;1;2;7;0;0;0;0;0;1;0;0;0;2;0;0;1;0;1;2;;3;0;6;;10;0;6;3;2;0;0;0;3;3;5;1;;0;0;4;0;2;0;15;1;4;0;0;5;4;4;0;0;20;10;0;0;0;0;0;0;0;0;0;1;0;0;0;;4;0;1;0;;2;0;5;3;;;0;1;3;0;0;1;0;0;4;1;2;3;0;8;0;5;;1;1;2;0;0;2;;2;0;2;3;6;0;2;0;3;0;6;2;;3;0;2;;1;5;;;2;;1;0;;4;0;0;1;0;2;0;4;2
09181000;0;0;2;1;1;0;0;7;0;1;0;7;4;1;0;10;0;;;3;0;6;1;;;1;0;0;1;0;1;2;1;4;0;0;;5;;3;0;1;0;2;;1;1;2;0;3;0;4;0;0;0;4;;0;0;5;;2;;0;3;0;0;1;0;;;0;2;;0;0;0;0;1;0;0;0;0;0;5;2;0;0;1;2;;0;;0;;3;0;2;0;4;1;0;7;0;0;0;0;2;0;0;0;0;;0;0;0;2;0;;0;0;0;0;0;4;0;1;1;0;0;2;0;2;0;0;0;0;;4;0;0;;1;1;0;0;0;;1;0;;1;0;1;0;;0;;;1;1;;0;;;0;0;;0;0;0;1;;0;0;;0;4;0;0;0;0;0;3;;1;0;0;0;0;0;0;5;8;2;4;0;1;0;0;0;3;0;3;0;4;1;2;4;1;7;5;2;7;3;0;4;5;3;1;4;0;0;0;5;0;0;0;0;0;2;0;0;0;0;;0;0;0;0;0;14;0;0;7;0;8;6;0;0;3;6;14;7;4;2;0;1;1;1;6;1;0;3;5;0;8;0;6;2;2;0;1;0;0;1;0;4;3;1;0;0;0;10;2;5;0;0;0;0;0;0;2;3;2;2;1;1;0;0;0;1;2;0;49;32;0;2;0;50;5;16;7;0;61;64;0;12;0;0;;2;0;;0;1;0;;0;1;1;0;0;4;0;1;2;2;0;;0;;;0;0;;0;0;0;1;7;0;4;6;7;1;0;1;1;8;0;0;;3;0;0;0;;0;;1;0;;0;0;1;2;;0;;0;;1;1;;1;1;1;0;;;1;0;0;;;;2;1;
09182000;5;1;0;;2;;0;3;2;0;2;;0;0;3;6;0;3;1;3;1;1;1;;;0;0;0;2;4;2;1;0;0;3;2;;1;;0;0;;;;0;0;;0;;1;2;0;0;0;;1;;0;1;;;4;0;0;7;2;2;0;2;0;3;;0;2;0;0;12;4;0;0;0;0;0;0;0;0;0;3;0;;;1;0;4;2;0;0;5;1;;;0;0;;3;9;0;0;0;0;0;1;0;0;5;2;0;0;0;0;5;5;1;9;3;0;0;1;0;3;0;0;5;1;;2;5;4;4;;0;0;0;3;1;5;;0;2;0;0;2;0;0;4;;4;0;0;0;;1;0;;;0;0;;0;3;0;1;5;;7;1;0;;0;0;3;0;0;0;0;0;0;1;1;0;1;0;2;0;0;0;1;;4;3;0;0;2;4;10;1;1;3;3;;8;3;0;1;1;0;4;1;0;5;2;0;0;0;52;11;19;5;0;0;0;0;9;0;0;0;;0;0;7;0;191;0;18;20;0;0;0;0;15;5;0;8;1;23;3;2;1;0;0;0;2;4;0;1;0;0;2;0;2;0;0;5;6;2;3;0;2;0;2;0;4;0;6;0;4;0;4;0;0;0;0;2;;9;0;0;0;0;0;0;0;0;0;15;;0;3;3;0;0;0;0;8;0;10;3;2;0;0;0;1;0;0;0;;2;0;0;;4;1;0;0;0;3;;0;0;;8;0;;0;;0;;4;;2;0;6;10;;0;5;0;3;4;0;0;0;3;4;1;2;1;;;;2;1;2;;0;0;0;;0;1;0;0;;;0;0;;2;1;0;;2;2;4;0;1;1;4;;
09183000;1;0;0;1;4;8;2;0;4;1;0;3;0;2;6;17;;;;3;0;;1;;;6;8;1;0;0;;;0;3;;4;;1;2;;5;0;3;;1;;1;0;0;;0;0;2;1;;1;0;4;0;0;2;0;3;0;0;0;6;0;0;0;1;;0;2;0;20;4;0;0;0;0;0;0;2;4;0;2;;1;;0;0;;1;7;0;2;0;0;0;0;3;0;0;2;1;3;1;;0;;3;;0;0;0;0;0;4;1;0;0;0;0;0;0;0;0;0;0;0;0;;1;0;1;0;;3;0;;2;1;0;2;1;0;;0;1;0;;0;;;;;4;1;0;;3;5;0;0;;0;;0;0;0;1;0;2;3;0;;;0;2;0;4;3;0;0;0;;5;1;0;5;;0;0;0;2;0;;2;1;0;14;;4;0;0;4;0;0;;1;0;1;0;0;0;2;4;5;0;2;5;0;0;104;284;93;14;10;7;9;0;107;0;6;41;35;;0;0;0;106;0;167;4;3;7;0;0;1;2;3;0;0;61;0;0;0;10;0;0;9;0;0;0;2;0;0;3;0;1;4;5;0;1;1;0;2;3;0;1;0;1;13;;0;0;0;1;0;0;1;0;0;0;0;0;0;0;0;0;1;0;0;5;2;2;0;5;4;8;1;4;0;0;0;3;0;0;1;;0;0;;11;1;0;;;;1;;;0;;;;;0;0;;0;0;;0;4;;0;3;3;0;3;0;0;1;6;0;2;2;3;0;1;1;4;0;2;0;;0;2;0;1;;;0;0;0;3;0;4;0;0;;;2;0;;0;2;0;0;;;;0;0;;0;1;5
09184000;0;9;1;0;7;1;2;9;0;0;9;4;3;5;0;0;0;5;0;5;2;7;2;0;0;0;0;2;1;7;0;4;4;11;1;0;0;5;0;3;0;5;0;0;0;0;4;1;5;0;2;1;0;6;0;0;0;0;1;4;1;0;0;0;0;0;0;0;3;1;0;1;0;0;0;0;0;0;0;10;0;0;0;0;0;3;3;0;0;0;0;0;2;1;1;0;0;0;4;0;0;0;0;0;0;0;0;0;6;4;6;0;0;1;5;2;0;0;1;4;0;0;3;0;0;0;0;10;4;0;5;2;4;0;2;6;0;0;0;0;0;4;0;0;0;0;0;0;3;4;1;0;0;0;4;2;2;0;0;0;3;0;3;2;3;0;3;0;0;6;1;0;2;0;0;0;0;0;0;0;0;0;12;0;0;8;8;0;0;0;8;0;0;0;12;18;0;0;0;1;1;3;3;14;7;1;13;11;1;0;16;6;10;7;0;0;0;0;0;20;8;0;0;0;9;35;9;83;127;204;11;208;156;0;0;48;111;15;;14;25;132;118;31;62;9;0;9;3;11;27;30;33;14;33;16;29;1;26;0;6;0;7;0;21;8;5;0;0;0;1;0;0;9;7;0;2;4;4;2;0;0;15;22;13;0;0;4;0;0;7;8;0;0;0;10;3;0;2;0;0;0;0;0;49;16;2;1;35;41;18;8;0;0;7;15;0;3;4;0;1;0;6;1;0;0;3;0;4;6;0;1;0;3;1;0;0;0;0;2;11;5;0;0;2;1;2;0;8;12;8;0;4;1;5;1;8;11;7;5;0;5;0;1;2;0;0;0;0;2;0;7;10;10;0;0;0;0;0;0;7;0;0;0;0;0;9;2;0;0;1;0;2;0;0;0;0;5;0;2
09185000;;1;0;;;0;0;0;0;;0;0;;0;1;6;0;0;0;0;1;3;0;1;1;0;0;0;1;;0;3;1;2;1;;3;0;3;0;0;0;;;;1;0;0;0;;0;;3;;;0;3;0;0;0;1;0;1;0;0;0;1;;0;1;;;0;0;0;0;1;1;0;0;2;0;0;2;0;0;;0;0;0;0;2;;0;0;;;0;;4;;2;0;;5;0;0;;1;0;0;5;;0;2;3;0;0;0;0;6;1;1;5;0;0;0;0;1;0;0;4;1;2;;2;0;;0;0;3;0;0;1;;0;1;;0;0;;0;0;;0;;1;;0;0;;4;3;;0;;0;;0;0;;2;;0;1;0;0;;7;3;0;4;0;0;7;1;1;4;0;1;0;;3;0;0;0;0;0;0;0;6;1;1;0;0;;7;0;0;0;0;;2;0;3;0;0;0;3;0;0;;0;0;1;0;0;0;0;0;0;0;0;0;1;2;0;4;0;;0;5;0;0;6;6;3;1;0;1;28;3;0;3;5;0;0;2;24;0;0;0;0;0;8;1;4;0;3;0;0;11;0;0;2;6;1;4;0;0;2;0;1;8;1;0;0;4;4;0;5;12;0;6;3;0;2;;0;1;0;1;4;4;8;7;0;1;0;0;2;0;0;0;1;0;31;5;1;;0;1;3;0;10;0;0;0;0;3;0;0;0;0;;1;5;0;0;0;2;;;4;1;2;4;3;0;3;7;4;0;4;0;0;0;3;1;1;5;2;0;3;2;1;0;0;0;0;0;;;0;2;0;0;;0;1;0;;0;0;3;;0;;1;;;0;;0;;1;;0;;1
09186000;4;;8;4;0;0;3;;0;0;0;0;4;0;;8;0;0;2;0;0;8;0;1;;0;5;0;0;0;;1;3;;2;0;0;0;0;0;1;1;3;0;;1;;1;;2;5;0;0;;1;0;;0;3;1;0;0;0;0;0;0;0;0;0;0;0;0;2;1;1;0;0;0;0;0;0;1;0;1;2;3;0;0;0;0;0;0;3;0;0;0;1;1;1;0;2;3;2;0;0;1;1;0;0;4;0;0;0;0;0;1;1;6;0;0;0;0;2;0;3;0;;0;0;1;3;1;0;0;0;;0;3;;0;0;0;0;0;0;4;0;2;1;0;1;0;3;2;3;1;;0;0;0;;0;0;0;0;;1;;0;3;;;;1;2;0;4;;1;0;5;6;0;0;0;1;0;0;1;0;1;0;0;3;0;5;0;1;0;0;0;1;2;0;0;0;0;0;0;0;4;0;;0;1;0;0;4;0;6;0;0;1454;0;0;36;22;53;0;36;102;45;41;0;14;38;86;0;0;132;;100;7;17;3;0;2;0;4;2;31;21;10;0;0;1;12;0;2;0;0;16;17;0;4;24;2;5;0;;0;0;8;0;2;10;0;1;0;9;0;0;9;32;2;0;2;7;5;0;15;2;2;0;1;1;5;0;0;0;3;0;41;0;31;1;0;0;3;0;2;8;0;0;0;7;1;0;0;;1;4;;0;5;;4;1;0;4;6;6;0;0;3;2;0;0;0;0;0;0;0;0;0;1;;0;;6;0;1;1;6;2;0;4;0;0;0;;0;;6;1;2;2;1;0;0;0;;1;0;0;0;0;2;0;0;0;0;1;;;0;;0;1;;0;;2;0;2;0;2;1;2;
09187000;6;0;5;0;0;3;0;0;4;0;2;0;0;0;0;0;0;0;0;0;0;;11;0;0;10;0;0;2;1;3;0;0;0;4;0;0;3;0;2;0;0;0;0;0;2;2;0;1;0;0;2;0;0;1;2;0;0;0;1;;3;0;3;3;0;0;0;1;0;0;1;6;0;0;4;0;0;0;0;0;0;2;0;0;0;0;0;16;2;8;0;0;3;0;0;0;0;0;1;0;0;0;0;0;0;0;0;0;0;0;0;2;0;0;2;0;11;0;2;0;0;0;0;1;0;0;0;0;0;6;4;0;0;;0;0;0;1;0;2;4;0;0;;1;0;0;1;0;5;0;1;0;0;0;0;0;0;0;2;1;1;0;2;0;6;;2;3;0;0;0;;0;0;3;2;0;3;0;1;0;0;0;5;5;0;0;0;0;0;0;0;1;8;0;0;0;0;3;4;0;0;0;0;5;3;2;1;0;0;0;4;1;0;0;3;3;0;0;0;0;0;0;72;0;0;0;0;0;0;0;0;0;0;0;0;0;0;0;;4;138;0;0;0;10;9;26;6;0;33;13;10;1;15;0;3;0;7;6;2;2;11;0;0;0;0;0;5;0;0;10;0;4;0;6;3;4;0;0;6;0;0;4;3;1;0;0;3;3;0;0;0;0;0;0;1;2;0;0;3;0;5;0;3;0;0;0;3;5;0;5;0;10;22;0;8;0;2;1;0;0;0;2;7;0;0;3;1;1;0;0;0;0;0;0;4;0;;0;0;3;0;0;6;5;0;0;0;0;8;0;0;5;4;5;2;6;0;4;5;0;0;3;3;1;;0;4;0;0;0;5;0;0;;3;0;0;;8;;;1;0;0;0;0;0;1;2;;1;0;0;4;1;0
09188000;0;1;0;2;0;4;11;3;0;0;0;3;3;0;1;0;5;1;0;2;0;;2;;0;0;3;1;1;4;0;;1;1;2;0;;5;4;0;0;4;0;;;0;0;0;1;1;1;;2;1;0;;;0;0;3;2;4;1;0;0;3;2;0;2;;0;1;0;0;0;0;0;0;0;0;2;3;1;5;1;1;0;0;0;;0;0;;0;0;0;0;0;3;0;0;2;1;0;1;0;0;0;0;4;0;3;0;0;0;0;0;1;0;0;0;0;0;0;0;0;;0;0;0;4;0;3;2;0;0;0;0;3;2;0;0;3;2;;2;0;;3;2;0;0;0;0;3;;;0;0;2;;0;1;1;3;1;0;;;0;0;2;1;1;2;0;0;;0;3;0;5;3;0;3;18;3;0;0;0;4;1;0;0;3;0;0;1;0;2;4;1;0;3;0;0;1;0;0;0;3;4;4;0;0;25;0;1;3;0;1;4;0;0;7;0;7;76;5;0;2;13;0;45;0;200;12;4;0;5;0;0;;0;78;2;6;0;0;3;7;5;24;3;10;8;1;0;20;5;0;0;3;1;7;2;0;0;0;9;0;0;12;3;0;0;2;0;7;0;2;0;0;3;0;8;0;2;2;1;6;0;0;2;0;0;4;0;0;0;0;0;0;0;18;4;0;0;6;21;1;9;0;8;20;11;3;0;0;2;1;4;2;0;1;2;0;;3;3;0;1;5;0;7;0;0;0;0;0;2;0;;0;0;5;1;0;5;0;1;5;1;10;2;0;0;1;0;0;8;6;3;0;1;0;0;0;5;0;1;4;0;2;0;;0;1;0;2;0;;2;0;3;;;;2;;;;0;0;0;;0;0;1;1
09189000;3;1;1;0;2;0;0;2;0;2;0;0;0;2;0;0;0;0;0;0;0;;0;0;0;1;0;0;0;0;0;1;1;1;5;;;0;1;;0;3;0;1;;;1;0;0;0;0;;2;;;0;2;2;;3;;0;0;0;8;0;0;0;0;;0;2;0;3;0;4;0;0;0;0;0;0;0;3;0;0;1;0;0;0;9;4;0;2;8;0;0;3;0;0;1;3;1;1;0;0;0;0;0;5;1;0;0;0;0;0;0;5;2;0;0;8;0;3;0;1;1;0;0;0;0;0;0;5;2;0;5;0;0;1;0;5;0;0;1;3;0;3;0;1;;0;0;0;0;;;1;5;0;0;1;0;0;0;1;0;;2;0;;3;0;;1;0;0;;0;0;0;1;0;0;1;0;0;2;2;0;0;0;0;3;4;3;0;0;0;0;1;2;0;8;0;3;0;4;0;0;2;2;0;0;3;0;0;0;0;0;2;0;0;0;0;165;0;0;0;0;4;0;0;0;0;0;0;0;0;4;0;0;2;;2;2;12;4;6;7;10;0;18;0;28;4;2;1;7;0;2;5;0;0;0;0;0;0;6;0;0;0;4;0;0;1;0;3;0;0;2;1;0;0;0;0;0;0;5;0;9;1;0;0;0;0;0;0;1;0;0;1;0;0;9;0;0;0;1;0;0;0;0;2;7;0;2;2;4;0;3;4;0;;0;2;2;;0;3;0;0;3;0;;2;0;0;1;;0;0;0;1;2;5;0;3;0;2;0;5;0;5;0;0;0;0;3;0;2;5;0;0;0;0;0;0;2;0;0;3;0;;0;3;;;1;3;1;;1;1;0;0;1;3;0;1;2;0;0;0;0;1;0;0;3;0
09190000;0;5;3;;4;5;0;3;6;2;0;;1;;1;1;0;0;0;0;0;0;0;;0;3;0;1;5;3;0;;0;0;;0;;0;0;0;6;5;;;1;0;0;;14;1;0;;0;;;1;0;0;;;0;0;0;5;4;0;1;4;0;0;0;1;0;0;1;0;2;0;0;0;0;3;2;2;0;5;0;0;2;0;;1;0;0;1;1;1;2;0;;4;0;0;1;1;0;0;2;1;2;2;4;;0;0;0;1;8;2;5;6;0;0;0;0;0;;0;0;0;5;0;3;1;;2;0;3;0;;0;3;0;1;0;0;;0;3;0;;;0;0;0;1;0;1;;1;;1;3;;;;4;;0;2;;6;0;;4;;2;1;2;3;0;0;0;0;4;0;0;2;0;2;0;0;0;4;2;0;1;0;4;1;2;0;2;5;1;0;2;0;0;3;0;2;0;0;0;0;2;4;6;0;5;0;0;0;0;0;0;0;0;0;0;0;0;0;0;0;0;0;0;0;0;20;0;0;;2;0;2;2;10;0;2;9;0;12;0;0;0;10;0;0;0;1;0;0;4;2;1;0;1;0;0;7;2;0;4;9;0;1;12;1;0;0;11;1;3;4;1;5;0;1;0;2;0;0;5;0;0;1;3;0;0;0;5;0;0;3;1;0;12;4;9;0;0;78;21;5;0;0;1;0;;0;0;7;;2;;0;;0;0;0;7;0;0;0;0;;3;0;0;1;0;;0;0;0;0;6;2;9;5;0;3;0;0;2;0;8;0;0;1;1;3;0;0;1;2;0;0;2;1;1;0;0;0;;0;1;0;;0;;0;1;0;;0;4;1;0;0;1;;0;2;;;
09261000;4;0;1;0;;1;;1;2;1;0;0;0;;0;8;0;0;1;0;0;0;;0;0;0;3;7;1;2;0;;;0;1;0;;2;;;0;4;;1;4;;2;;0;;0;2;2;;0;;;0;1;;0;0;0;0;9;2;4;1;1;1;2;1;0;3;2;0;5;0;0;0;;1;1;0;;0;0;;1;0;0;2;9;0;2;0;0;0;0;0;0;1;0;1;0;2;0;0;0;1;1;3;;0;2;1;0;0;;0;0;0;1;0;;1;;0;0;1;0;6;0;0;0;0;0;0;1;;1;;0;0;0;0;1;;4;1;;0;0;;0;1;3;;;0;0;2;0;0;;0;0;0;1;2;;1;1;0;;0;0;;4;0;0;5;0;9;3;1;0;0;0;0;0;0;1;0;1;0;2;0;1;0;1;1;;4;3;0;0;0;0;3;0;1;1;0;0;0;0;0;4;0;0;2;0;0;0;0;6;0;0;0;0;0;0;0;0;11;5;0;0;0;7;3;0;0;0;;0;38;0;0;3;221;5;8;0;2;0;0;4;12;0;0;0;0;21;12;0;43;0;0;3;40;0;0;0;1;3;0;2;2;0;0;0;2;0;1;8;3;7;;0;0;1;0;0;4;2;3;1;1;0;0;0;0;8;0;0;3;4;2;0;0;0;0;0;0;2;4;1;0;;1;0;0;0;2;0;1;2;1;1;0;;4;0;0;4;1;;0;;0;0;0;0;;0;2;5;0;;4;0;3;3;4;4;0;0;0;0;4;0;;;0;0;0;;0;0;1;;0;;1;0;1;0;0;0;0;2;1;0;0;;1;0;1;;1;0;;0;;0;;0;0
09262000;5;0;0;0;;2;1;1;0;0;0;2;1;2;1;34;1;0;2;0;0;1;2;1;;0;0;0;0;1;;0;1;1;0;0;;0;1;0;1;1;0;;;1;0;0;1;;2;0;0;0;;0;;0;0;;;6;0;3;0;8;3;2;0;1;1;0;3;1;6;5;0;1;7;1;0;0;;9;0;0;5;0;0;;2;9;1;0;2;0;0;2;1;0;0;1;3;0;1;3;1;0;0;0;0;0;;3;0;0;1;16;0;2;1;0;2;0;2;1;0;0;3;7;0;;0;1;1;3;3;0;;0;1;0;3;3;0;0;1;;0;0;0;2;0;1;0;3;;;1;2;0;2;0;;0;0;4;;0;0;0;0;1;;;2;0;;4;5;5;4;0;1;0;0;2;0;0;0;0;0;8;3;0;0;0;0;3;0;0;1;0;12;0;0;0;1;2;0;2;0;2;5;2;0;0;0;2;4;1;0;0;37;9;0;0;4;0;0;0;0;0;0;0;0;0;0;12;0;0;0;0;0;0;0;;2;0;0;0;0;0;0;0;0;0;0;10;0;4;0;2;0;7;1;0;2;7;0;0;0;3;;2;3;;0;0;5;0;0;1;17;0;7;4;0;0;0;0;0;0;1;3;4;0;0;;1;0;0;0;2;0;1;0;0;0;5;0;0;4;4;0;2;0;0;0;0;;2;0;;22;0;;0;0;2;;;2;0;2;;0;;1;0;;0;;0;;2;0;0;0;0;0;1;0;3;0;2;4;2;1;0;2;6;1;0;0;0;1;;0;;;;0;;0;;;0;0;0;0;;1;;;0;1;;0;0;;;0;0;0;1;;;1;1
09263000;0;0;0;;0;;0;1;0;;;0;0;0;0;2;0;;;;;;;;0;0;0;0;;;;;3;3;;0;;0;;2;0;0;;1;;;1;1;1;;;;1;;;0;;0;;;;0;;2;1;2;;1;2;1;;0;0;7;1;0;0;0;1;0;;5;0;6;;;0;0;4;;2;2;0;2;0;4;0;;0;0;;;0;0;0;0;;;;;;;0;0;0;0;0;8;1;0;;;0;1;0;5;;0;1;3;2;;0;0;;5;0;0;1;0;0;;0;;0;0;1;;;1;;0;0;0;;0;;;0;;1;1;0;;;;1;;0;;1;0;0;;;;;0;0;2;0;1;9;0;3;0;;1;;4;0;;0;0;1;0;2;4;3;0;0;1;1;2;0;2;0;;0;0;2;0;0;;2;;0;0;0;1;0;4;3;0;0;0;1;1;0;4;2;5;2;0;2;0;0;2;0;0;5;0;3;0;0;0;0;;0;9;2;0;0;9;0;0;0;0;11;0;0;0;0;3;24;0;0;8;2;0;0;0;;0;;0;1;2;0;3;1;0;4;0;;0;0;2;0;0;0;2;0;1;0;0;;;;3;0;0;1;0;0;6;0;0;3;0;0;0;0;1;5;0;0;0;2;;0;;0;0;1;0;0;1;;0;0;0;;1;;3;;;1;;0;0;0;5;;3;0;;2;0;;0;;0;;0;0;;1;;1;1;;0;;0;0;;3;;0;0;0;;;3;;3;2;;0;;1;;0;;;;;;;1;0;;1;;;;;
09271000;0;0;0;0;1;2;0;1;0;;0;;0;0;2;17;2;2;0;;0;0;0;0;3;0;0;1;1;2;;;0;0;0;0;;2;;0;0;0;;6;3;;0;2;0;0;0;1;0;;1;0;1;0;0;1;1;0;0;6;6;0;1;0;1;1;;0;0;3;0;3;0;0;0;0;;0;3;3;0;0;0;0;1;;0;1;1;0;1;0;0;2;4;0;;1;0;4;0;0;0;1;0;1;0;0;5;0;2;0;1;0;1;0;1;2;5;5;1;0;1;0;4;0;0;;0;1;0;3;3;;0;0;;0;0;0;;;0;;1;4;0;;0;2;3;;0;2;0;1;1;1;0;;;;0;1;0;0;;;0;;0;0;0;;10;6;2;1;0;0;2;0;0;1;0;2;2;0;0;3;0;3;4;1;1;0;1;3;3;0;1;0;1;0;0;0;0;2;3;3;1;3;1;0;7;0;2;0;12;0;0;2;7;3;8;0;1;0;0;0;0;3;3;3;0;1;0;0;5;0;0;129;61;123;;191;443;281;553;59;398;294;612;6;100;3;6;39;0;3;5;11;10;0;6;13;3;0;5;3;7;0;2;0;1;13;0;15;3;8;0;0;0;0;0;6;0;1;2;0;7;3;0;2;5;2;0;2;0;5;0;0;0;1;0;8;2;7;9;5;0;6;0;1;1;;2;1;0;;5;;1;;0;;;0;0;1;3;;0;0;0;;0;0;;0;1;0;;1;0;4;0;0;0;0;1;0;0;2;0;1;0;2;1;0;;0;0;;2;1;0;0;;1;0;2;;0;0;0;1;0;1;;;1;0;;0;2;1;0;0;1;1;1;;0;0;0
09272000;;1;;3;;;0;;1;;0;;3;;2;11;0;;1;0;1;;;0;0;0;2;9;;;;;;;;1;;1;;0;0;;;;1;;;3;;;;;1;2;;0;0;3;;;;8;;0;0;2;;0;3;;0;;2;0;0;;;2;0;0;;1;;0;;;0;;0;;;;0;;;2;1;0;0;0;0;0;1;;;0;;;0;;0;;0;1;1;0;0;1;1;0;2;0;2;0;0;4;;0;2;0;2;0;;0;;0;;;;;0;3;2;1;;1;1;;1;;;1;;;;;;;0;;1;0;0;;;2;;;0;1;0;;1;;;;2;0;0;0;0;0;0;0;0;0;0;5;1;1;0;1;0;3;1;1;0;4;0;1;0;0;0;0;0;;0;;0;;1;1;;0;;0;3;0;0;0;0;0;0;0;0;0;0;0;0;0;2;0;0;0;0;2;0;0;0;0;0;0;0;0;0;0;114;0;0;;3;0;40;20;0;0;2;0;30;;0;0;0;;1;1;0;4;0;3;1;11;5;0;2;4;;0;4;6;0;15;1;61;;0;0;0;0;0;4;0;1;;0;0;0;2;0;0;0;5;1;0;0;0;0;1;0;1;0;0;0;0;0;0;0;0;;;0;;;0;2;1;1;;0;0;1;;1;;;1;;;;;;1;;0;;0;;1;;;;1;;1;2;0;0;;2;0;0;2;1;1;;0;;0;0;;9;;;2;1;1;;;2;;0;;0;;;2;3;0;;;0;;;;;;;;0;
09273000;;;0;1;1;2;0;;3;;0;0;0;;;0;1;;0;0;1;0;;0;0;0;6;2;0;0;;;2;7;2;0;2;0;0;2;5;;;;;;;1;;0;0;0;2;2;1;;0;1;0;;;1;0;0;0;4;0;;2;2;0;0;2;0;0;0;0;1;0;4;;0;0;0;0;0;;2;1;2;1;7;3;0;2;1;0;;1;5;;4;0;0;3;1;0;;;3;0;0;0;2;0;1;3;0;0;1;;0;0;0;0;0;0;1;2;7;0;0;2;0;0;1;2;0;1;0;1;;;0;;0;;;0;0;;1;0;1;0;;0;1;;0;1;1;0;;;1;3;;;0;0;1;;;1;;3;0;0;0;0;0;0;14;2;3;2;0;0;0;2;0;5;4;0;0;1;1;0;1;0;1;0;1;0;0;0;1;0;0;1;7;0;5;2;;1;0;0;7;0;0;0;0;7;0;8;0;0;0;0;0;0;0;0;0;0;0;0;0;0;0;0;0;4;0;1;0;0;0;;62;10;5;11;0;1;1;113;2;0;8;17;9;23;29;0;0;0;0;4;3;11;1;4;0;2;;8;0;0;2;4;11;0;1;5;1;15;4;4;8;7;3;0;0;2;0;0;0;0;2;0;7;0;0;0;0;2;0;0;1;0;1;0;0;0;0;0;1;0;0;;4;0;0;2;1;2;;0;2;0;;0;1;1;1;0;;0;1;1;0;0;1;0;0;2;0;1;0;5;2;;12;11;0;4;0;2;1;4;0;;0;3;;0;0;0;2;;4;0;0;;0;0;;;;0;;0;1;;;0;2;0;0;4;;0;;0;;1;5
09274000;1;4;0;;;1;0;0;6;;1;0;4;0;0;0;0;0;3;0;0;0;4;0;0;0;0;0;;0;;0;0;0;2;2;;0;;0;;;;;0;;0;0;3;0;;;5;2;0;5;0;3;0;1;;1;0;3;7;0;0;4;0;0;4;0;0;1;5;0;;0;6;0;0;3;2;0;1;0;1;4;0;;0;1;0;0;0;1;0;0;2;0;;0;0;0;1;3;0;0;1;0;3;1;0;;0;0;0;0;0;0;0;0;2;0;5;0;0;0;0;0;0;0;0;0;2;1;2;7;4;0;0;;1;0;;0;0;1;0;0;4;1;0;0;0;0;;0;;0;;0;1;;1;0;;;;0;2;0;0;;;0;0;;1;2;2;11;0;1;1;1;0;4;2;0;1;0;0;1;1;1;0;0;0;0;1;0;0;2;5;0;0;0;0;0;3;0;4;0;0;0;0;;0;7;4;0;0;0;0;0;4;0;0;0;8;0;0;2;4;0;2;0;0;0;0;5;0;3;0;0;5;29;0;5;0;;7;9;6;0;52;0;20;0;2;16;10;3;34;9;0;0;0;;0;2;3;0;2;0;4;3;11;0;6;0;5;9;3;0;7;6;6;0;5;1;2;2;1;0;1;1;;0;3;0;0;5;27;0;2;4;9;5;5;10;9;0;0;0;0;5;1;;0;0;0;0;5;1;0;2;3;0;3;;0;6;;1;;2;1;0;0;1;;0;0;0;;3;0;0;0;0;0;10;6;0;2;4;0;3;0;10;4;0;0;4;6;1;0;0;1;0;4;1;1;0;;0;3;11;1;1;3;4;1;0;1;4;0;1;0;1;0;;2;;0;5;;0
09275000;;0;0;;2;;0;8;0;;0;0;0;;1;6;0;0;0;0;0;0;;0;;0;0;2;0;4;;;;0;;4;;1;1;4;0;0;1;;0;0;;3;1;0;0;0;0;0;0;1;0;0;;0;;0;0;9;6;0;0;0;1;7;0;0;0;0;0;0;2;5;0;0;0;3;0;7;5;0;0;0;0;;5;0;0;2;8;0;0;2;0;0;1;0;1;0;8;4;0;1;4;0;0;;3;6;0;1;0;2;6;1;0;0;0;0;0;0;0;0;2;0;2;0;0;0;0;5;1;0;0;2;0;1;0;0;0;0;7;;1;0;0;0;0;;;4;;0;0;1;;0;1;;0;;0;;0;0;2;0;;;0;0;0;;0;0;0;0;0;0;1;0;0;4;0;0;0;;0;0;0;0;0;0;0;0;0;0;1;0;0;0;0;0;1;0;1;0;4;0;2;5;0;0;0;1;0;;0;0;2;0;5;0;0;0;0;0;0;0;0;0;0;1;0;3;0;0;0;0;0;0;170;6;0;0;0;0;;0;18;0;0;0;21;0;0;3;5;0;1;0;0;0;5;0;4;5;3;0;0;0;0;0;0;0;0;0;4;54;2;0;0;2;0;1;5;5;4;20;0;2;4;2;0;2;4;0;0;0;13;6;7;0;6;0;0;0;0;0;5;0;0;0;0;2;0;;0;;16;;;;1;;;;;0;3;0;0;0;1;0;0;1;1;0;;0;0;0;0;0;0;0;0;0;0;0;0;0;0;0;0;0;2;3;1;0;2;0;0;0;0;0;;0;2;0;0;3;0;0;;3;0;4;;;1;;0;0;;0;0;0;7;0;0;;1;2
09276000;;2;;;3;;0;4;1;0;;;0;;0;0;;;;3;1;3;;0;;0;1;;;0;;;0;1;4;4;;;;;0;1;;1;;;4;;4;;;;0;0;1;2;;1;;;3;2;;0;1;0;0;;2;2;2;;4;0;0;3;;0;;0;;2;;0;0;0;3;0;;;;0;0;;;;;0;;;;4;0;;0;3;1;0;1;;0;3;0;0;4;1;1;1;;;;0;1;0;0;1;;1;;;4;0;1;;1;1;;3;;2;1;;;;;0;;1;1;;2;1;;0;0;;0;1;0;1;;;2;;;;;0;0;;;0;;;;;;;0;;0;0;0;0;0;;6;4;;0;0;;0;2;1;0;;0;0;1;0;0;0;0;0;;2;;;1;0;0;2;0;1;0;0;0;0;0;0;3;3;0;0;0;0;2;0;0;4;0;0;0;3;0;0;1;0;0;4;0;0;7;1;0;16;0;0;0;0;0;10;;12;28;0;0;40;0;0;10;2;2;9;0;0;0;0;0;3;0;0;0;0;0;5;3;;0;0;2;4;8;;0;0;4;0;0;0;2;2;10;1;1;0;1;0;1;0;3;0;0;0;;;0;0;0;0;0;0;0;0;1;0;6;1;0;1;1;0;;0;2;;;;;;0;;0;;;;;0;4;;1;;0;;;4;0;;;0;1;3;0;0;1;1;2;;1;0;0;;0;;1;0;;1;;;;;1;0;1;0;;;;0;0;;;;2;0;;1;;;0;2;;0;0;;;;
09277000;;0;1;;2;0;0;1;1;1;0;0;0;;;6;0;0;0;;1;;2;1;0;1;6;;0;2;2;1;0;;3;;;;;1;0;1;0;0;0;;1;3;;0;1;1;0;;0;2;;2;0;;0;5;1;4;0;6;2;1;;2;0;1;2;2;0;0;0;0;1;0;0;0;2;11;1;0;6;;0;;0;0;2;2;11;6;0;0;0;1;0;0;1;0;0;0;1;2;0;;0;1;0;0;;0;0;2;2;0;0;0;0;1;0;3;1;4;0;0;0;0;1;0;2;0;2;0;0;;;4;0;0;;0;5;;0;4;0;0;0;1;3;0;2;2;;4;;;1;;0;0;0;;;1;0;1;3;0;1;0;1;1;3;0;0;0;0;0;3;0;0;0;1;0;4;2;2;0;1;2;3;0;0;;1;0;;0;0;4;0;0;3;5;0;3;5;1;0;5;0;0;0;3;1;2;1;0;6;0;0;0;0;0;0;0;9;0;0;0;0;0;0;0;0;0;0;0;0;14;9;3;0;2;0;0;0;0;;0;0;0;21;2;0;0;2;0;5;1;0;0;0;1;0;8;;;0;11;;0;0;0;0;0;0;13;;0;1;0;8;0;0;1;5;2;1;3;0;4;4;1;0;0;0;0;13;1;0;0;0;7;0;2;6;0;0;0;0;0;2;0;0;0;1;;5;2;2;;;0;;;0;1;2;2;0;;;;0;;;0;;0;;;;0;0;5;0;1;0;1;0;0;0;0;1;8;0;0;0;2;3;;0;0;;0;;;3;0;1;;3;0;0;;0;;0;1;0;;7;0;1;11;1;0;3;1;;;0;0
09278000;0;3;1;1;;0;0;0;0;;1;;0;0;5;2;;0;;0;;;;;;0;0;0;;;2;0;6;1;4;;;0;;0;2;0;;;;;2;;;2;;;1;0;0;0;;0;;;;0;;1;0;;;0;1;0;;1;0;0;0;0;2;;0;7;;;;0;0;0;1;0;0;;0;0;0;;;2;0;0;3;;;;;1;0;3;2;1;;;1;0;;0;3;0;;3;0;0;0;0;0;;1;3;;0;;0;0;0;0;1;0;2;0;;;3;;;0;0;;2;;1;;0;;1;;;;;;0;;;;0;;;0;0;0;0;0;0;;1;0;0;4;0;0;;0;1;1;;0;0;0;0;0;0;;0;;0;0;0;0;0;4;0;1;0;0;0;;0;0;0;0;0;5;0;1;2;0;0;2;2;3;0;1;4;0;0;0;0;0;2;6;0;0;0;0;0;0;0;1;0;0;3;0;2;0;0;0;0;2;0;1;124;0;10;4;16;19;0;17;;0;0;15;0;0;0;1;0;0;1;3;1;1;;3;0;0;0;0;9;8;2;0;1;4;0;5;34;2;0;0;0;3;0;0;0;0;0;0;5;2;0;;2;1;1;0;0;4;1;;;0;3;0;0;0;2;2;0;0;0;0;;0;0;;;14;;1;0;0;2;;0;;0;;1;2;;0;;;;;;0;0;0;;0;1;0;1;0;3;3;2;0;2;2;1;0;3;0;1;0;3;0;;;;0;0;1;0;0;;;0;1;1;;;;1;;0;;2;;1;1;2;0;;0;1;;;0;
09279000;0;;;;;0;;0;0;0;;1;1;1;1;5;3;;0;;2;0;2;;;0;0;0;;0;;0;0;0;1;0;;1;;1;1;1;;1;;0;0;;0;;0;0;0;0;;0;;0;0;;0;0;;0;1;2;0;1;0;;0;1;1;0;0;0;0;0;0;1;0;0;;0;;0;0;0;0;;3;0;0;;5;0;;1;;;;0;0;0;1;0;0;0;;0;0;0;1;1;0;0;4;5;0;4;1;0;0;3;0;0;;0;0;0;0;0;0;5;0;0;;0;;2;0;;1;0;0;0;;;0;0;0;0;0;5;0;1;0;;0;3;;;0;0;;;0;;0;0;1;0;0;;;0;3;;1;0;0;2;0;;0;2;0;3;3;0;5;;0;0;2;1;0;0;0;3;2;0;0;3;1;0;1;;6;0;3;9;0;0;0;0;0;2;4;1;0;0;0;0;0;0;0;0;0;0;4;0;0;0;0;2;0;5;0;1;0;0;0;0;2;15;12;28;0;0;0;0;30;9;40;14;;2;21;0;4;10;3;0;9;0;0;0;2;;0;0;;5;0;0;5;1;0;4;0;0;7;0;0;0;2;2;0;2;0;0;7;0;1;1;0;0;0;0;4;3;0;2;3;0;4;0;0;8;0;1;0;;0;0;0;0;0;1;;;;;3;;;3;0;;1;;1;;;1;0;;1;;3;0;;;1;0;0;2;;0;1;0;1;0;0;0;4;0;2;0;1;9;;1;;0;0;0;0;0;0;1;;;1;2;;0;0;;;;0;;1;0;0;;0;0;;;0;0;;1;;0;;0
09361000;;;2;1;2;;;0;1;;0;;3;;;0;1;1;1;;;;;;;0;9;;0;2;0;;;1;;;;0;0;1;1;1;;;;;;0;;0;1;;0;;;2;;;;0;;0;1;0;6;0;;0;;;0;;2;;0;1;;0;;0;0;0;;0;;;1;;;1;4;0;;;0;1;0;1;0;;;0;7;0;0;2;0;;0;;2;0;0;1;0;;;6;0;3;0;0;;;0;0;;1;;0;0;;;0;;;1;0;0;0;;;1;;1;1;0;;;;;4;;0;1;;;0;0;0;;0;0;;;;2;;;0;;;0;0;0;;;;0;0;0;0;3;0;1;;;5;0;1;2;;5;0;0;0;0;2;1;0;;;;0;0;5;2;;;0;5;1;;0;1;;;0;1;3;0;2;0;16;0;0;0;3;1;0;1;0;2;0;4;0;0;1;0;0;3;4;1;0;1;2;1;13;0;0;0;2;4;1;0;3;0;;0;0;0;0;0;0;0;0;0;0;0;0;0;0;0;2;1;0;2;0;2;0;1;0;0;0;0;0;0;2;0;0;3;0;1;0;0;0;2;1;5;0;1;0;1;0;7;2;3;;1;1;0;0;1;;0;0;3;1;0;1;0;0;0;;0;;1;0;0;;;3;0;;1;;0;;;;1;;1;;;2;;0;0;1;;0;1;1;0;0;0;;0;0;0;0;;0;1;0;0;;0;0;;1;0;;2;0;1;;0;3;;;0;2;2;0;;;0;0;;1;0;1;;;0;0;;
09362000;0;3;5;0;0;1;1;2;0;0;0;0;1;1;3;14;2;0;2;0;0;0;1;0;0;0;12;1;2;2;0;3;2;2;2;0;;1;0;2;1;1;0;0;1;2;8;0;0;0;3;0;0;;1;3;0;0;1;1;;0;2;1;7;0;4;0;6;2;;3;0;0;0;0;0;0;0;11;0;0;2;0;0;0;3;3;0;;3;9;4;4;5;0;0;0;0;0;0;2;0;0;4;2;4;0;2;0;0;0;0;0;8;0;0;0;0;0;1;0;3;0;0;7;5;0;0;3;6;0;2;3;1;0;6;0;0;3;0;0;7;1;0;2;0;0;0;0;0;1;1;0;0;;1;4;;0;0;0;2;;;;1;1;1;2;0;1;0;;0;0;0;;6;0;0;0;4;0;3;2;0;2;1;0;0;0;7;0;0;0;8;1;0;1;0;0;0;0;0;2;0;0;0;0;0;6;2;2;7;0;0;2;0;0;0;0;0;19;5;0;0;0;0;0;0;0;0;0;0;0;2;0;0;0;0;0;0;0;0;0;0;0;0;0;0;0;0;0;0;0;0;50;;88;374;445;451;412;1537;909;182;10;0;0;0;0;0;2;0;10;6;1;0;0;0;0;0;81;0;11;6;0;12;1;1;0;2;0;0;6;4;0;0;0;0;0;0;8;25;2;1;8;6;0;3;0;8;0;0;4;0;0;0;0;1;0;0;;27;3;0;0;1;0;0;0;1;3;0;0;0;3;5;0;;0;;0;0;0;2;1;0;0;3;0;0;1;0;0;1;0;0;0;4;2;4;3;;0;0;;0;1;2;0;;0;2;0;2;0;2;0;0;0;0;0;0;2;0;0;0;0;1;0;0;;4;0;0;2;0;2
09363000;;3;;;;1;;;2;1;;;0;;1;0;0;;1;3;0;;;;0;0;0;;2;0;;0;;0;3;0;;;;;0;1;;;1;;2;3;;0;1;1;;;;;;0;0;;;6;2;6;3;0;;;1;0;4;0;2;;1;0;;4;3;1;;3;1;0;;0;;0;0;;3;;1;1;1;1;0;1;0;0;0;1;0;1;2;2;1;0;0;1;1;0;0;4;0;0;1;4;0;5;7;1;0;;;1;0;0;;0;0;0;;4;;0;0;0;1;;;;2;1;;0;1;;0;0;0;;;;0;;;4;;5;;1;2;;;2;2;;;0;1;;0;;;1;0;;0;1;2;1;0;0;3;0;;0;0;1;0;0;0;1;1;0;1;0;2;0;0;;2;2;1;0;0;;;;;0;0;8;0;;0;0;0;2;0;;0;3;0;;1;2;3;0;0;3;0;7;0;0;0;5;7;3;3;0;0;1;1;0;4;1;0;;0;2;0;2;0;3;2;4;0;;20;2;0;0;10;0;0;0;6;3;6;0;0;0;0;0;0;0;0;0;0;1;4;17;;0;4;0;6;0;1;2;;2;0;0;0;1;3;0;1;0;0;2;0;0;0;2;0;0;;0;0;;3;5;2;;0;;0;0;3;;10;1;1;;0;2;1;;1;;2;;1;;0;2;;0;;;;0;0;1;;0;1;0;3;;3;2;4;1;2;0;0;0;0;0;;0;0;0;;0;;1;1;;0;1;;;3;0;2;2;;;0;0;1;1;;0;;0;;;0;1;;;1;0
09371000;1;0;;0;1;0;0;;1;0;0;0;5;0;2;0;;;;1;0;0;0;5;0;0;0;;;11;;;0;0;0;2;;;;2;1;4;;;;;0;0;;;0;;;;;0;1;3;1;;2;0;1;1;0;2;0;0;1;1;0;;0;1;2;;;2;0;1;0;8;1;0;0;2;1;;0;1;0;7;1;;0;2;2;0;0;;;0;4;0;0;1;0;0;0;0;0;4;;1;;0;1;0;;0;0;0;0;0;0;0;1;0;1;0;2;;0;0;;0;0;0;;0;0;;0;0;;0;0;;0;1;;0;;0;;0;1;1;0;4;1;0;1;;;;0;;;;0;;2;;;1;0;1;9;0;2;;0;2;3;0;0;0;0;0;2;;1;4;;0;0;0;0;;0;;;0;0;;0;;0;0;0;0;1;0;2;0;1;1;0;0;4;0;0;0;5;4;2;0;0;0;0;3;0;0;0;0;1;0;0;4;1;0;1;0;3;3;0;3;0;0;6;0;2;2;1;1;0;16;0;0;;1;4;39;0;0;0;3;0;6;5;9;0;2;0;0;2;0;1;11;0;0;0;0;2;8;6;0;0;0;0;0;3;9;2;2;0;0;0;1;0;0;0;0;7;;1;0;0;0;0;0;1;2;0;2;7;0;1;1;;0;5;;1;0;0;;1;;0;0;;;0;0;0;;0;1;2;;0;0;5;0;;;0;1;1;0;3;2;5;0;1;1;0;1;1;0;;2;;;2;;0;;0;0;;0;0;;0;0;5;1;0;;1;1;1;0;4;;2;2;;;1;;0;0;2;7;1;
09372000;0;2;5;0;2;;0;0;0;1;0;0;1;0;0;6;0;;3;0;0;;;;0;0;0;0;;0;1;1;2;1;;0;;0;;1;0;0;4;0;;;;0;0;1;0;;;0;;3;1;0;;;;3;1;0;4;1;0;0;1;2;;;0;;1;2;;;0;7;0;2;0;4;0;;0;1;0;;3;1;1;1;7;1;3;;0;;;1;0;3;1;0;0;0;2;1;0;0;;0;3;0;0;0;0;0;2;0;0;0;0;0;;7;0;3;0;0;0;0;0;4;;0;1;;0;1;6;0;;;0;;0;;;0;0;0;;;;0;1;0;;0;;1;;;0;;1;;1;1;0;4;0;;0;1;0;0;0;3;0;1;1;0;0;8;0;2;0;2;0;0;0;3;2;0;3;0;1;0;0;6;;;0;0;6;0;0;2;8;1;0;;8;0;0;0;2;;0;0;0;2;5;0;0;0;0;0;0;11;0;0;0;0;0;5;0;0;6;0;1;4;9;8;0;23;0;0;0;0;5;9;0;8;0;0;0;;0;0;36;0;3;0;4;3;3;4;0;0;0;0;0;0;0;0;1;1;8;47;0;0;3;4;5;0;0;0;5;13;0;0;1;0;2;0;2;2;0;2;13;0;0;1;3;0;0;0;0;2;0;0;1;3;1;;0;0;;0;16;;0;0;0;2;2;2;;0;2;1;0;;2;;0;1;0;1;;0;0;5;6;0;0;0;0;2;2;0;0;1;0;0;0;5;0;1;;2;;;1;0;0;6;0;0;0;0;;;0;4;1;;;;0;0;0;;0;1;0;0;1;;;0;2;6;0;1
09373000;0;;1;;0;4;0;0;0;0;5;0;1;;0;0;0;;0;0;0;4;;0;0;0;0;0;1;0;1;3;2;;1;0;;1;3;;0;0;;;;;;0;5;;;2;5;1;3;;;0;0;;1;3;0;1;6;5;;1;0;2;0;;1;1;0;0;0;0;3;1;1;2;5;2;4;1;;0;0;;;0;2;1;1;0;;0;12;0;;0;;;0;0;;2;3;0;;0;0;1;0;3;2;7;3;3;3;7;3;0;0;1;0;1;0;0;5;0;1;0;;0;0;0;0;0;2;;;0;0;;0;;1;0;1;1;0;0;0;0;;0;;;;;3;;;;0;;0;4;;;0;1;;0;;1;0;0;0;0;4;0;0;0;0;4;0;3;0;3;3;0;0;0;1;4;0;0;0;0;0;0;2;2;0;0;4;;6;2;0;4;0;0;1;;0;0;2;2;0;19;0;0;0;0;0;0;0;1;4;0;0;7;0;0;0;6;0;0;0;0;0;3;0;0;3;3;0;0;0;0;0;0;0;19;0;8;0;1;;0;0;0;0;2;4;4;0;5;7;2;0;5;3;2;0;3;0;0;0;0;0;0;24;0;0;4;0;0;0;4;1;0;0;2;0;0;0;0;0;0;0;0;1;1;1;0;0;0;3;0;0;0;0;0;0;0;0;0;0;0;0;;0;;2;0;;;0;1;1;5;0;0;1;;;0;;;0;1;0;0;;0;0;0;3;4;3;9;10;0;0;3;2;7;0;;0;4;;0;0;2;1;0;;0;1;;;0;2;0;2;;2;;1;4;;;3;0;1;0;1;1;3;1;;0;0;2
09374000;0;;1;;0;;0;;0;2;;0;0;;0;1;0;;;;0;;0;;;0;0;0;0;3;;;;4;0;;0;1;3;5;;2;5;;;0;0;;;;0;;1;;0;1;0;2;2;;;0;;1;3;1;;1;;4;0;;1;0;;3;1;0;0;0;;0;2;3;2;1;0;;0;;6;0;6;0;0;0;0;0;0;;0;0;0;0;;3;6;;;;0;0;0;1;0;0;3;6;;0;0;0;5;0;0;0;1;0;1;0;3;1;0;2;;1;0;;;0;2;;0;0;;0;0;;1;0;;0;0;;;1;;;0;0;0;;4;;;;;;;;0;;3;0;;0;0;;2;0;0;;0;0;0;0;0;0;;0;0;;1;2;2;2;0;0;0;0;;;0;0;1;0;;;10;0;0;;1;;1;;0;2;0;0;0;3;0;0;0;1;0;4;0;0;0;0;0;0;0;0;4;3;2;1;3;0;0;0;1;2;14;0;0;;0;0;10;0;1;0;0;7;0;77;0;2;18;;0;0;52;2;3;0;5;8;0;0;0;2;3;0;5;6;2;9;5;31;0;0;0;3;0;2;0;0;1;0;0;0;0;2;1;1;1;;2;0;0;1;0;;0;0;0;1;0;;1;3;5;0;0;3;2;3;0;2;3;2;0;;0;0;;;0;;0;0;;;0;;;0;0;0;;;;0;;0;2;0;5;;0;0;2;0;0;1;0;4;0;0;;5;2;;0;0;0;0;;0;2;0;;0;1;0;0;;0;;;0;1;;;0;1;0;;1;4;2;1;1;2;0
09375000;1;3;0;0;0;1;3;0;0;;0;5;0;;0;8;2;0;2;0;4;;;0;2;0;0;1;0;4;;0;0;;3;0;;;0;0;0;5;0;0;0;;0;;;1;0;0;;2;4;0;6;0;0;0;;0;0;5;0;12;0;0;2;2;0;;0;0;0;0;0;0;4;6;0;5;0;0;0;0;0;;4;;6;2;0;0;2;0;0;2;2;3;0;;1;3;0;0;2;0;0;0;2;0;;0;0;3;2;0;0;0;0;0;0;0;1;6;3;8;;0;0;0;0;1;1;6;0;0;0;0;;0;1;0;2;0;0;2;2;0;;1;0;0;1;2;0;0;;0;1;3;7;0;;;;;;1;0;0;0;0;0;4;0;;0;0;6;3;1;0;3;0;0;2;1;0;0;5;3;0;0;0;0;5;0;0;0;0;0;0;5;0;0;;0;1;3;0;2;2;2;0;2;0;2;0;4;4;1;0;3;8;0;0;0;0;5;0;0;6;5;0;0;2;0;0;0;0;0;2;5;0;0;0;0;0;0;0;0;0;0;2;0;12;0;0;8;0;20;4;;0;26;1;7;1;5;0;3;0;0;12;0;0;0;2;0;0;1;3;0;0;0;0;2;0;0;0;2;2;0;0;1;0;2;0;2;0;7;0;5;1;0;1;0;0;0;5;3;7;1;0;0;0;0;1;0;0;1;0;0;0;5;;3;1;0;0;0;1;0;1;0;0;0;;2;1;;0;1;0;0;0;0;1;;1;1;0;0;3;0;2;0;2;2;0;0;0;0;2;0;2;1;0;2;0;0;0;0;0;2;2;0;0;1;;0;0;;0;0;1;0;2;4;0;2;;0;2;0;0;4;0
09376000;1;4;0;;;1;0;;5;;6;0;0;;;0;0;0;0;;0;1;;;0;0;0;13;1;2;0;0;2;;0;3;;0;0;0;0;;;0;0;0;1;0;0;2;;1;5;0;;1;2;0;1;;0;7;1;0;0;9;7;0;;1;0;0;0;0;0;0;;0;1;0;;0;0;3;0;0;0;1;2;4;4;0;0;0;1;3;0;3;0;2;2;0;1;4;;0;0;1;0;;;0;2;1;;0;0;0;1;1;0;3;;0;8;0;;2;0;0;0;1;0;2;0;0;0;0;0;0;1;;0;1;1;0;0;1;0;2;;1;3;1;2;;0;0;1;2;;3;0;;;;0;;0;0;;0;1;;;0;;;0;0;0;2;0;2;0;0;1;2;0;8;3;2;2;0;2;0;2;1;3;;0;0;0;1;2;0;0;1;10;;6;1;0;5;4;2;1;0;0;3;7;0;0;0;0;3;1;0;0;0;6;2;0;1;3;3;2;0;0;0;0;4;0;0;0;0;0;1;0;0;0;0;13;1;0;0;2;38;0;4;153;192;183;11;106;;67;0;1;;0;0;0;0;0;0;1;2;0;8;2;4;4;29;4;0;2;0;3;1;0;5;4;4;4;1;0;1;4;2;6;2;0;0;2;0;0;2;0;2;1;0;0;2;0;2;2;0;5;1;;8;2;;21;;;2;;1;2;0;2;1;0;;1;;4;0;1;1;0;0;;;1;1;0;3;;4;0;0;2;9;0;0;0;1;;0;0;0;3;4;2;0;1;0;0;1;;0;;0;5;0;0;3;0;3;;1;;0;2;1;1;5;0;0;0;1;0;1;0;0;;0
09377000;0;0;;;;2;1;0;0;0;0;0;;;0;0;;0;0;;;;;0;;3;1;3;;1;;1;;1;1;;;0;0;;0;2;0;;;1;1;1;;;0;;0;;;;;;3;;;;;2;;0;0;1;1;7;;;;;2;;;0;1;1;;4;;;;2;1;0;0;;;;0;;5;;0;;0;4;;0;;;0;0;;1;5;3;0;1;2;;;;2;1;0;;2;0;0;1;0;;;6;0;0;1;;1;;0;0;;;4;;;;1;0;0;;;0;0;;;;;;;;;;;;0;0;0;;;;;;;;;0;0;;;0;1;1;1;2;0;1;0;0;1;0;;1;0;0;;1;0;0;2;2;0;;0;;0;;;;0;0;;3;7;0;1;;0;0;2;;;;;0;0;0;0;0;0;;1;0;0;0;0;0;0;0;0;0;0;0;0;0;0;6;3;2;0;0;0;2;0;2;5;0;3;1;3;0;0;10;0;34;13;0;7;0;0;0;;0;0;2;14;5;0;8;0;0;0;0;0;49;;1;1;2;1;0;0;0;0;0;0;0;0;0;10;1;2;0;0;0;0;3;2;1;0;0;0;;0;0;0;1;;1;3;0;0;0;1;;;0;0;1;0;;;1;1;1;;;;2;0;0;0;0;0;0;;1;;;;0;;4;0;0;;0;0;0;7;0;0;0;0;;1;3;2;2;0;0;1;;;;;0;;;;;;;3;0;3;;;;2;;;;0;2;;;2;;;;1;6;;1
09461000;0;5;4;;2;3;0;4;0;;0;3;7;1;5;11;2;2;2;1;0;0;1;0;0;0;0;2;2;2;;0;0;0;0;1;;1;;0;0;4;1;;1;;0;1;3;;1;;2;1;;7;2;1;0;;;7;0;9;0;0;3;0;0;2;1;;11;0;0;1;4;3;9;8;3;0;0;0;0;0;0;2;0;4;0;11;0;0;0;0;1;7;0;0;0;0;1;0;0;0;1;0;0;0;0;0;0;0;0;0;0;19;0;2;0;5;2;2;0;0;1;12;0;0;0;0;0;1;0;0;6;0;1;0;2;0;0;2;;0;0;;0;0;0;0;1;3;;;;3;0;0;2;1;1;;;0;0;;1;1;0;3;1;;0;0;1;0;0;0;0;1;6;0;4;1;0;0;3;0;0;;0;0;3;9;0;0;1;1;0;0;0;6;0;0;2;0;0;;10;8;0;2;1;0;2;0;0;7;5;0;0;0;2;6;2;2;0;0;0;4;8;41;44;12;0;9;4;1;0;10;5;3;0;0;0;0;6;0;0;1;0;4;5;0;0;9;0;1;0;0;0;0;0;0;11;;113;124;41;1044;428;648;702;613;332;623;585;254;3;5;23;101;8;0;0;0;0;9;4;2;2;0;22;6;0;0;0;0;2;0;0;0;3;0;0;0;3;11;4;0;4;0;0;0;1;0;1;1;0;2;0;1;15;1;3;;0;0;4;0;;0;;2;0;0;0;;;0;0;0;0;1;3;2;0;3;1;4;0;0;0;4;20;0;0;1;0;23;2;0;1;0;3;;0;0;;0;0;1;1;0;0;;2;1;0;0;0;0;0;0;1;;0;0;2;0;0;2;0;0;2;0;0;
09462000;0;0;2;;0;1;3;1;0;1;0;0;0;0;0;21;5;;1;;0;;3;;0;0;4;0;0;0;0;0;0;0;0;0;0;0;0;0;2;;;0;0;0;2;0;0;3;2;;0;0;1;;0;0;1;;;1;0;13;0;0;0;0;7;0;1;0;8;2;0;4;0;6;0;0;0;0;0;8;0;0;0;0;0;0;0;3;2;3;6;0;0;2;9;0;2;2;0;2;0;0;2;0;0;2;3;0;1;0;0;0;0;29;6;8;2;0;0;9;6;0;0;0;0;0;3;4;0;10;0;1;3;;2;12;0;1;1;0;0;3;0;;0;0;0;0;5;0;4;;3;0;0;3;0;3;0;2;0;0;0;0;1;0;;1;0;1;4;0;0;0;3;6;12;1;6;0;6;3;0;2;2;0;7;0;6;4;0;8;3;0;0;4;4;3;0;2;1;0;0;0;1;3;5;2;1;7;1;0;1;0;2;0;0;0;0;66;2;0;0;0;0;3;0;0;12;0;0;0;6;0;14;0;0;10;0;0;8;0;0;0;0;5;1;3;0;0;1;0;0;27;9;0;11;0;0;0;0;0;7;0;;5;0;13;0;6;0;0;0;0;0;0;5;9;8;16;2;0;11;4;0;0;4;0;0;0;4;0;5;6;0;7;0;0;0;7;0;0;0;1;3;0;0;0;2;0;8;2;5;0;3;1;3;3;0;0;29;1;0;0;0;2;0;0;0;1;0;0;0;1;0;;0;0;0;0;0;0;0;0;0;2;;0;0;0;1;0;2;0;5;0;0;23;0;0;1;4;0;0;0;0;0;2;0;0;0;;1;0;4;1;6;1;2;;0;0;0;2;0;0;;0;1;0;2;0;0;5;0;0
09463000;1;1;5;1;0;2;0;2;1;;0;1;1;0;;10;0;;0;1;0;1;2;;;0;1;1;0;0;0;;1;;;0;;0;5;0;;1;;0;;0;;0;0;1;0;0;1;;1;0;1;0;1;;;3;0;0;0;1;0;0;;;2;;3;1;0;0;0;0;4;0;;0;;4;0;0;0;1;1;0;0;3;0;;;1;1;;1;;;1;0;0;5;7;0;0;0;0;0;1;;0;0;1;1;0;1;0;0;0;0;0;18;0;0;0;1;0;2;0;0;0;;1;0;;0;0;0;;2;;;;;;0;;;;;2;;;1;0;;0;0;0;0;;;;1;;1;0;1;0;0;;1;;0;;0;11;0;1;0;0;3;5;0;0;4;2;0;;3;5;0;0;3;0;2;0;1;0;0;3;2;;0;;0;0;0;0;0;0;1;1;1;;0;2;0;;5;9;0;0;2;0;2;0;0;1;3;0;0;0;0;1;4;1;;0;0;0;0;0;0;2;0;0;2;;0;1;0;;;3;4;0;0;0;0;2;0;;0;0;0;;0;1;0;64;0;0;0;0;0;0;0;0;0;37;3;0;8;0;0;0;1;0;1;0;10;2;1;2;0;0;0;0;0;0;0;0;0;;0;1;0;1;2;1;3;0;0;0;4;1;;0;;;4;1;;;3;2;;;0;2;0;;2;0;;;0;0;;3;;3;0;1;;0;;3;1;3;1;0;9;;0;0;0;8;0;;;1;0;0;0;;;0;1;;;;;1;0;0;0;5;2;;0;0;0;;0;0;0;0;4;0;0;0;0;2;0;0
09464000;;4;1;;0;0;1;1;0;;6;0;0;0;0;21;0;0;2;;0;3;0;0;1;0;5;1;;;;6;;0;3;0;;0;0;;;;;;;0;4;0;;0;0;6;0;;;;;0;;;;7;;9;1;13;2;0;0;;0;;2;4;5;5;;0;2;6;;5;0;0;0;0;;3;0;;6;0;1;;0;0;2;0;0;0;1;0;;0;3;1;0;0;1;0;1;0;1;2;5;3;0;9;1;0;6;5;0;3;0;3;0;2;0;0;3;0;0;0;2;0;3;0;0;;0;;0;;;;1;;0;0;0;;0;1;;;;0;0;0;;12;0;;;;1;;;0;1;6;;;2;;0;1;30;0;20;5;16;4;9;0;2;5;0;6;0;;1;1;2;0;5;0;6;2;0;0;0;7;0;;0;0;7;1;0;1;1;2;0;3;0;1;6;3;0;;3;19;1;3;0;0;0;0;0;4;0;0;0;0;0;0;0;1;9;0;0;2;0;0;4;2;0;0;0;1;0;0;4;0;1;2;3;0;0;0;0;0;0;0;0;0;20;0;;0;0;0;0;0;11;0;0;0;0;0;0;14;6;3;3;0;1;0;0;0;1;6;10;3;0;;2;0;0;0;0;0;0;0;3;1;0;0;0;3;1;2;0;2;0;0;1;;;1;0;;2;0;0;4;1;0;3;0;0;0;0;1;0;0;5;0;;;1;0;;0;;0;0;0;0;15;1;0;0;0;10;3;1;3;0;13;0;1;;0;0;3;0;1;0;0;;0;0;;0;0;6;3;4;;1;;1;3;1;2;0;0;0;;0;0;1;0;0;0;0;0
09471000;1;3;1;;0;4;0;0;0;;7;0;2;2;4;0;1;0;0;0;0;;0;;3;1;6;0;0;0;0;0;0;0;;0;0;0;;4;0;0;;0;0;;0;1;;1;0;0;0;0;2;1;4;0;0;;;0;;8;3;2;2;0;;0;;;0;0;1;0;0;0;7;5;;0;0;1;;0;0;;2;0;0;0;0;1;0;0;0;0;0;0;1;0;2;0;2;1;1;0;;3;5;0;1;0;1;0;0;0;2;0;0;1;0;0;0;3;0;4;1;0;0;0;0;0;2;4;6;0;0;0;0;1;3;2;2;3;1;;0;0;0;0;4;1;;;3;1;0;0;;0;3;;;;;;;1;0;0;3;1;;0;0;4;0;0;0;0;0;0;0;2;2;0;3;2;0;0;1;0;1;0;0;0;0;0;0;0;2;0;2;3;5;1;2;0;5;2;3;0;0;0;1;;1;4;1;1;0;28;2;2;8;0;2;0;0;0;0;0;5;1;5;0;2;0;6;4;0;11;1;0;1;4;2;0;0;0;0;2;0;4;3;0;4;3;0;0;0;0;1;7;0;0;0;0;4;;0;0;0;5;9;3;72;4;0;0;0;0;0;10;4;0;0;15;0;0;10;0;8;2;9;0;67;4;1;0;9;22;8;0;5;1;1;0;2;0;0;1;0;0;17;4;3;1;1;;;;0;0;;3;1;0;;;0;0;0;0;;1;1;;0;3;;1;0;0;0;3;0;0;0;0;1;2;2;1;8;0;0;0;0;3;12;1;0;1;0;;;0;0;1;;0;0;0;0;0;0;0;0;0;1;1;;8;0;1;0;0;;0;3;0;0;0;0;0;0;1
09472000;;1;;;1;;;2;0;1;2;;2;0;1;0;0;;;;;;0;1;;0;0;2;1;0;;1;6;0;1;0;;3;0;3;1;0;2;;;;3;;0;;0;;0;;1;0;;1;;;0;0;0;0;1;0;0;2;0;2;2;2;2;;;;0;;0;5;2;1;1;0;0;0;1;0;5;2;1;2;1;0;0;0;;3;;1;;0;1;0;1;0;0;0;0;;1;0;;4;0;2;0;9;0;0;0;;0;2;1;0;0;0;0;0;0;0;0;0;0;1;2;1;0;0;0;2;0;0;3;0;;;1;3;2;1;0;0;0;;;0;0;;0;1;0;;;;;;0;;;0;1;0;;1;0;2;5;0;1;0;4;0;0;0;0;1;3;1;8;1;0;0;0;3;3;0;0;1;2;0;1;3;0;0;6;1;0;;6;0;3;0;1;0;2;;1;;5;0;0;10;1;4;1;10;0;0;4;0;0;0;0;0;0;0;0;3;0;4;0;0;0;3;0;;0;0;0;0;0;3;;2;;5;9;0;2;1;0;34;0;2;26;0;117;7;15;47;;6;0;12;4;0;0;31;1;8;0;0;0;0;0;0;0;0;0;0;2;5;7;0;0;0;0;0;0;0;0;0;0;1;0;0;0;0;1;2;0;1;;0;0;2;1;0;;2;;;9;;1;;1;2;1;0;0;0;2;0;;;0;0;1;1;3;;1;5;0;1;0;0;0;16;7;0;8;0;3;3;0;0;0;3;0;0;1;0;;;0;0;1;;1;;3;;;0;4;1;4;1;6;0;2;0;1;3;0;0;;0;0;1;1;1;0;9;0;0
09473000;;3;0;;;;2;0;0;2;;2;2;0;0;11;2;2;0;0;1;;2;;;3;3;;;3;3;0;1;;0;;0;1;0;0;2;;;;;;5;;0;;2;;0;0;0;;;1;2;2;;2;1;6;3;0;0;;1;;0;1;0;0;;0;0;1;1;9;5;0;;0;;1;3;;0;;8;2;1;0;2;0;1;0;0;;;1;;;0;0;0;0;;;0;2;0;0;;0;0;3;6;1;0;0;0;0;0;0;2;0;0;0;1;0;0;0;0;4;1;0;9;;;1;0;;0;0;0;;0;2;0;;0;;;;;1;;;0;0;0;0;;0;0;0;0;;1;0;4;;1;;2;0;0;0;0;0;0;5;0;1;0;2;2;0;3;0;0;3;;1;0;0;0;5;0;0;;0;0;;7;1;;2;0;0;2;1;0;2;1;0;0;;2;;4;4;2;1;0;4;1;0;2;0;0;0;0;3;0;0;0;1;3;0;0;0;0;1;;1;0;0;0;0;1;1;;0;0;0;0;2;0;1;0;2;6;1;0;0;0;0;0;1;0;;0;0;0;13;25;6;1;12;8;33;0;10;7;0;0;0;4;0;7;13;13;0;0;10;0;0;0;0;0;0;3;3;1;1;1;1;1;1;1;1;6;0;1;0;0;0;0;;;;3;;0;;3;1;;1;4;;1;0;;0;;0;0;0;;6;;7;2;0;;3;0;0;0;;0;4;6;;2;0;4;6;0;0;0;1;4;;0;0;0;;0;;0;;1;0;6;0;1;0;0;1;0;0;5;;0;0;0;0;0;0;0;0;3;0;1;
09474000;3;0;0;1;0;;4;0;3;0;0;;5;0;0;1;0;0;;5;1;1;0;;0;0;0;0;0;1;;0;1;1;0;0;;0;2;;1;2;0;;2;;0;0;0;1;1;;0;1;0;;0;4;;;;1;;0;1;4;;0;0;1;;1;2;1;0;4;0;0;0;2;0;7;;0;0;0;2;1;0;;1;6;2;;2;;4;0;0;0;1;5;1;0;0;0;0;2;2;0;1;3;;0;0;0;1;1;0;3;0;1;2;0;0;0;3;0;;2;3;0;4;0;;0;0;;3;0;;0;0;0;1;2;;0;1;1;0;;2;1;;;;1;;1;1;;0;;;;0;0;0;;1;4;;;1;;2;1;0;1;0;0;4;0;0;0;0;0;0;0;2;;0;6;0;4;5;0;1;0;;;6;3;1;1;0;2;0;;2;1;0;0;3;2;0;0;;3;6;5;0;24;0;;0;0;0;0;0;0;0;0;2;3;0;0;0;0;0;1;3;4;1;1;0;;0;0;0;0;6;1;11;1;2;0;5;0;9;0;4;2;1;2;1;0;6;4;1;99;14;3;;8;10;9;0;9;3;0;0;0;7;7;0;0;11;0;19;0;0;4;0;0;3;0;13;5;0;0;1;0;5;;3;0;1;0;2;0;0;1;0;2;1;0;0;0;;;;;0;;1;;2;;6;;;0;1;1;4;2;0;;1;2;;2;;3;2;2;0;0;0;0;0;5;0;0;2;4;0;0;6;5;;0;0;0;0;0;;;0;0;;;0;;;0;3;1;5;0;0;1;1;0;;0;2;1;1;1;2;0;6;4;0;2;0;0
09475000;0;0;3;;2;;0;0;0;;2;0;;0;0;0;0;1;4;;;;0;1;2;1;0;0;0;1;;0;0;0;;;;;1;1;5;1;;0;;;1;;2;2;;1;1;;;3;3;0;1;;1;0;;0;0;2;2;;6;3;;;1;0;3;0;0;0;1;1;4;0;;2;1;0;0;0;0;2;0;1;2;0;1;0;;0;4;0;1;0;;0;5;1;2;0;0;;0;0;;1;1;0;0;0;1;2;0;0;;2;0;0;;3;0;10;0;0;;0;;0;6;0;1;;0;;0;0;;1;;1;1;;0;0;0;1;;0;1;1;;0;;0;4;;0;;;;0;3;0;2;;;;;3;1;12;2;4;6;0;0;0;0;0;0;0;0;0;;0;0;0;0;1;0;0;0;0;3;;4;0;0;2;0;;0;0;1;5;0;1;2;;0;0;0;0;;0;0;1;0;0;4;0;0;0;9;0;0;1;0;0;0;4;0;0;0;1;0;0;0;0;0;2;0;4;7;0;4;0;0;1;1;0;7;3;6;0;0;0;2;4;0;27;1;133;0;0;6;0;;0;14;7;0;0;0;13;7;0;0;0;0;0;4;3;4;3;0;6;0;3;4;1;0;0;0;3;0;0;4;4;2;0;2;2;0;0;0;0;4;4;0;0;;;1;0;;7;1;;;3;3;5;0;0;0;0;1;;0;0;;0;0;;0;1;0;4;3;0;3;0;5;0;0;49;9;2;1;0;0;3;1;5;2;1;4;5;;;0;7;2;5;1;2;0;1;;0;0;0;;3;;;1;1;0;0;5;2;0;0;0;3;2;0;0;9;4
09476000;0;;;0;1;;;1;1;;1;1;;1;0;0;0;;0;;0;;;2;3;0;0;0;2;0;;1;4;0;;2;;0;;0;0;1;0;;;;0;;2;1;0;0;;2;0;1;;;0;;;0;1;2;4;1;1;0;;;;;1;1;0;0;0;0;1;0;1;;;0;;5;1;;0;;1;0;;;1;0;;0;0;1;;0;0;0;0;0;;;;;0;0;;0;0;;;0;2;0;0;0;0;;5;0;0;0;0;1;0;;2;;0;1;0;2;5;;2;0;1;;1;2;0;;;;;;0;;;;;;;1;;1;0;;;;2;;;;2;;;;;;;;3;2;0;0;0;;2;0;1;2;;;9;0;0;1;2;0;0;0;1;;0;;1;0;0;;1;;0;0;4;1;;;;0;0;;2;3;1;;0;12;0;;3;0;0;0;2;0;0;0;0;0;0;0;0;0;0;1;0;1;0;0;;0;0;;0;0;2;0;;0;0;0;0;2;0;3;0;0;10;0;1;0;28;19;0;0;0;47;0;12;;2;34;2;0;0;0;2;1;6;4;0;0;0;0;2;0;0;5;2;0;0;6;2;0;4;3;3;0;;0;;4;0;1;0;0;1;2;0;7;0;0;;;1;0;;0;1;1;2;5;0;;0;1;0;1;;0;1;0;0;;9;;;;0;;3;0;0;2;0;0;0;0;0;0;0;3;0;0;18;0;0;1;3;1;1;;;0;0;;0;1;;0;;2;1;0;0;1;2;0;0;0;;1;1;1;7;0;0;13;0;1;0;;
09477000;6;1;0;0;3;1;;2;2;;1;2;1;;1;12;;0;5;0;;;0;3;;0;0;0;5;3;;0;;1;;5;0;1;;0;0;;;;;;1;1;1;;0;0;0;;;0;;;;;;0;0;0;;1;5;0;;1;1;;3;;0;1;0;0;0;0;2;2;;;0;;;0;0;;0;0;2;3;6;2;;2;0;0;0;;4;1;0;0;;0;;;0;4;;;;1;0;0;6;;2;0;1;2;0;;;3;1;0;;1;;0;2;0;0;1;0;2;;;2;0;;0;;0;0;0;0;0;1;;;0;1;;;1;;0;2;;;;;;3;1;;;1;;;0;;;2;0;0;0;1;0;0;0;2;0;0;;0;0;0;0;1;0;0;0;2;1;0;;;0;;;5;;0;1;1;1;3;0;1;0;0;0;;0;0;;0;19;0;;0;1;0;0;2;0;1;0;1;0;0;0;0;0;0;0;3;0;1;1;2;0;1;4;;0;0;0;1;0;0;4;0;2;0;2;0;8;3;0;3;0;46;3;5;0;16;0;0;0;0;;0;4;2;11;7;0;1;1;0;0;5;8;0;0;2;1;0;0;0;3;0;0;4;;0;0;9;2;3;0;2;0;2;0;7;;4;0;3;2;8;;;0;0;;0;;;;0;;;;0;;1;1;1;;1;;;0;0;;;;6;2;2;0;;0;0;5;0;0;0;0;2;;1;11;1;1;2;1;10;;1;0;0;1;0;0;2;0;;;2;0;0;3;0;;;0;;0;;;;0;3;;0;8;2;5;4;0
09478000;0;0;1;0;;;3;;;0;;;0;;6;3;;;;0;1;;2;;2;;;0;1;;;;1;1;1;1;;;;;;3;;;;;;0;0;;;0;1;0;0;1;0;;1;;1;2;1;0;0;;0;0;2;0;;2;2;;0;0;2;0;2;5;;9;;3;;5;4;0;2;;1;0;0;0;4;0;0;0;4;3;;0;0;;2;0;;4;5;;2;0;;0;1;2;0;1;1;0;;0;0;0;0;2;0;0;;1;8;0;1;1;2;;0;0;;0;;0;0;;;;1;;;;0;0;14;0;;;;;0;;;;;;;;1;2;;0;;1;;1;;;;0;2;1;;0;0;2;1;8;;;1;4;3;;5;0;;0;2;0;2;0;;0;;2;0;0;0;2;1;0;3;1;0;0;0;1;0;1;0;4;2;0;0;0;0;2;2;0;0;0;0;5;0;1;0;0;2;0;0;0;2;0;0;2;0;0;0;1;0;0;0;0;0;;4;0;2;0;3;0;0;1;1;0;2;2;2;0;9;61;7;0;2;0;13;0;0;6;;1;3;8;8;11;1;4;0;0;0;0;0;0;1;1;2;5;2;8;2;0;1;0;0;1;0;1;0;1;0;0;0;0;0;0;1;0;0;2;1;;;1;;0;9;;0;;0;0;0;;;0;;0;;0;;;;1;;3;;0;;1;;0;1;2;2;2;0;1;0;0;1;0;0;0;0;2;;2;0;;1;1;0;0;;1;;1;;2;;0;0;0;0;;;3;3;0;0;4;1;2;0;2;0;5;0;0;0;5
09479000;2;6;2;;;;0;0;1;;0;0;0;;0;2;0;;0;;;1;0;0;1;0;1;;;0;;;;0;;0;;;;;0;;1;;;;3;0;0;;;0;0;;1;;;0;;;;5;0;2;2;2;0;1;1;8;1;;3;0;;2;;;2;0;;0;0;4;;;0;;0;1;3;5;2;;;0;2;;0;0;2;;0;0;4;0;0;3;;2;;4;;;0;2;0;0;0;0;0;;;0;0;1;1;9;6;0;0;1;0;0;0;1;0;;1;1;1;;;0;;;;;0;0;1;0;0;;;;1;1;;;2;0;2;;;;0;;7;2;3;1;;1;;0;;;6;0;2;0;0;0;1;0;0;2;0;1;0;;0;0;0;0;3;0;0;;1;0;0;5;0;0;0;0;1;0;0;1;;0;0;0;2;2;0;0;0;0;0;0;0;2;0;0;1;0;3;0;3;0;0;0;0;0;0;0;0;0;1;1;0;0;0;0;0;0;1;1;7;2;0;0;0;4;1;27;0;3;0;0;0;0;0;0;30;7;51;0;0;0;0;23;0;0;0;;0;0;5;10;;2;0;0;11;2;0;2;6;1;3;0;0;3;0;1;2;;0;0;3;;0;3;0;0;4;0;1;;0;0;0;4;0;;;0;;;4;0;2;1;0;0;2;;0;;;0;0;;1;;0;0;;0;0;2;;1;1;;1;1;0;2;22;0;0;0;0;1;0;6;0;0;;3;0;0;0;;0;0;;;0;0;0;0;0;0;1;0;0;1;;1;0;0;0;0;0;;0;;0;0;0;0;0;
09561000;0;1;0;1;0;;4;;1;0;0;0;0;;0;10;0;;;;0;1;1;0;1;0;3;1;;2;0;;2;;2;1;1;;0;0;0;;;0;1;;2;;0;;;;;;;;;1;0;;;0;0;0;1;0;;1;0;;;4;4;1;0;1;0;0;0;3;;1;0;3;3;;;0;0;;2;0;0;;3;;1;0;1;1;;0;0;0;0;1;0;0;;0;;3;0;1;0;0;4;0;1;4;5;3;0;1;0;0;;;0;0;0;;4;0;;1;1;5;0;;0;0;0;;;;0;1;0;1;;1;1;0;;;;;;2;;;0;;;1;0;;;0;1;1;3;;0;0;0;1;5;0;3;0;0;1;0;0;6;16;0;0;0;0;0;0;;0;0;0;3;0;0;0;0;1;0;;0;0;2;0;1;;;0;3;0;1;0;0;0;1;;0;4;1;0;0;0;0;0;6;0;4;0;;2;5;0;8;0;1;1;0;0;0;0;3;0;2;2;0;0;2;5;1;0;4;0;1;3;0;0;2;0;0;0;;0;0;4;1;5;0;0;0;5;0;0;0;2;;0;20;0;0;13;0;0;0;0;0;5;0;2;15;0;0;0;4;0;0;0;0;0;0;0;1;0;1;5;0;0;0;0;0;1;0;0;3;;;;1;;11;;0;1;;0;0;;0;;;;0;2;0;;0;0;;1;1;0;0;1;0;0;1;0;0;0;3;4;6;0;0;;0;4;1;2;;0;1;0;0;;;1;;0;0;;;0;2;0;0;;4;;;0;0;;1;0;;;0;;;;;;0;
09562000;3;0;3;1;0;0;0;3;9;0;0;0;1;0;0;54;0;0;0;0;0;3;0;0;0;0;9;0;0;3;0;3;1;5;2;0;;0;0;0;2;0;2;0;;2;1;5;0;0;0;0;4;0;0;1;2;2;;0;0;0;5;15;0;0;0;6;0;;0;0;3;0;2;0;1;0;0;26;6;0;0;0;;0;1;2;0;0;0;0;0;0;3;0;2;5;0;0;0;0;0;8;0;0;0;0;0;3;0;0;0;0;10;3;0;17;2;6;2;0;6;0;8;6;1;0;4;3;0;0;6;0;;1;0;0;0;2;0;0;0;0;1;9;0;0;0;0;0;1;0;0;0;;0;0;6;0;0;11;0;0;0;3;3;0;0;0;;1;1;;0;0;6;1;0;13;6;1;15;5;2;3;0;0;0;3;10;2;0;0;5;10;8;1;1;1;0;3;0;0;0;0;0;0;3;2;0;14;1;7;0;0;6;1;0;0;1;0;1;87;2;3;0;0;0;5;0;15;0;0;0;5;0;2;5;0;1;2;0;0;2;0;8;6;0;0;0;12;10;0;3;3;27;15;3;0;4;0;15;0;6;0;0;0;0;12;3;22;0;0;48;2;5;0;0;7;32;;85;343;11;167;199;0;98;35;70;58;0;0;9;0;6;8;0;7;0;3;0;0;18;2;3;7;2;11;1;3;3;2;6;0;0;2;4;;1;;2;0;51;0;1;1;0;;2;0;0;0;0;0;2;1;3;;3;3;0;0;0;0;0;2;0;3;0;0;6;1;10;0;0;0;0;0;0;14;0;0;0;3;0;;0;0;0;0;;;0;0;0;0;5;6;0;0;0;;0;0;;0;3;2;0;0;0;1;0;4;3;3;0;0
09563000;0;0;0;0;;0;4;3;4;1;2;3;0;0;1;8;0;0;0;0;0;;0;;0;0;2;0;0;0;;0;0;8;;;;2;1;1;;0;;1;0;3;0;0;2;2;0;;;2;0;1;0;2;;;1;0;0;11;7;0;3;1;0;4;1;0;3;0;0;5;0;0;3;0;4;5;0;8;0;4;0;2;0;0;0;0;0;0;0;5;10;0;1;;2;1;0;0;0;3;0;0;;2;2;0;2;0;0;0;0;4;2;0;2;0;3;0;2;0;2;0;0;0;4;2;0;0;2;0;2;2;0;0;;0;3;1;0;0;;;0;2;0;5;3;2;1;0;;1;;1;3;0;0;0;;;1;;2;0;0;0;1;1;2;;1;1;13;10;3;2;0;0;3;0;0;2;0;0;0;1;0;4;2;0;1;1;0;6;2;1;3;1;0;0;0;0;0;0;0;6;0;4;0;0;0;0;2;4;0;4;12;0;0;0;2;6;2;2;0;5;5;2;3;2;0;0;0;0;0;0;1;2;4;4;0;0;0;0;0;0;0;0;2;0;0;9;9;0;7;0;0;0;0;0;0;0;0;2;1;7;9;0;10;0;3;0;0;0;0;0;;0;34;50;0;231;80;60;62;18;4;0;3;8;3;6;9;6;0;3;2;0;4;0;1;6;1;0;0;0;0;0;2;0;0;3;0;;;;0;;9;0;0;0;0;2;0;1;0;0;;0;0;;1;;;2;;0;4;2;0;13;0;1;;0;2;0;2;0;0;0;8;0;0;13;0;;0;0;0;;5;1;2;1;;0;2;0;3;0;0;0;1;;1;;3;0;0;4;4;;0;0;0;;1;1;3;1;6;
09564000;0;0;0;1;0;0;0;0;4;2;7;0;6;1;1;75;2;3;2;0;0;1;0;0;4;0;0;7;0;0;0;7;0;10;8;13;2;0;3;0;5;1;2;10;0;1;1;0;0;0;6;1;7;0;0;3;1;0;0;0;0;9;0;33;5;0;0;5;1;0;2;1;0;5;6;0;0;0;0;10;0;0;0;0;0;0;0;8;0;0;0;5;0;0;0;0;8;0;0;0;7;2;3;0;0;6;0;2;0;0;0;0;5;0;1;6;0;9;11;0;0;0;13;10;0;1;1;7;2;0;0;0;0;0;0;0;0;4;6;5;0;5;0;6;3;1;0;0;0;5;1;9;0;0;0;0;0;5;0;0;0;7;18;1;1;0;0;3;1;2;0;2;0;0;1;0;0;2;4;6;0;0;0;0;0;5;0;0;0;0;5;1;0;2;0;12;0;0;5;0;1;1;0;0;0;22;5;0;0;0;2;12;6;0;2;0;0;0;0;0;1;0;0;0;0;0;13;0;2;4;0;0;8;15;0;0;0;0;0;0;0;10;0;13;0;0;0;17;0;0;0;0;0;0;0;0;31;2;0;0;3;0;64;0;0;0;0;0;0;0;0;7;43;0;17;0;0;4;0;0;105;0;474;;301;387;451;0;1020;319;1113;146;0;0;0;4;0;0;0;0;0;0;0;0;6;0;0;0;0;0;0;0;0;2;0;0;0;0;0;0;0;1;0;0;31;0;0;0;0;0;2;0;0;0;0;0;0;6;0;0;0;4;1;1;0;0;2;5;4;0;4;0;15;0;0;0;0;9;0;0;1;0;2;7;0;0;0;0;0;0;5;0;0;13;1;1;5;0;0;0;0;0;0;2;0;0;0;0;8;0;9;0;0;0;1;3;2;0;2;1
09565000;;1;0;1;;1;;;0;;2;1;;;2;0;;1;0;0;;;0;;;;0;;1;2;1;;1;;0;0;0;;0;;;;;;;0;;0;;;0;;;1;;1;;0;;;0;0;;0;;1;;0;;1;1;;0;1;2;0;2;1;1;0;;;1;0;0;1;0;0;2;1;;0;;0;0;;;;;0;;0;;;5;6;0;;;0;1;0;;0;;3;;9;0;0;;2;1;1;0;0;;;0;2;1;1;0;;;;2;;;;0;1;;;;1;1;;;;0;;;2;;;;;;1;;0;0;;;;;;;1;;;;;1;;;0;2;0;1;0;0;0;0;0;0;1;3;2;0;;0;;0;0;0;;0;0;0;1;;1;1;;;1;0;0;0;0;3;0;2;0;0;0;;4;3;;0;0;0;1;6;0;0;0;0;0;2;1;;0;2;;0;0;0;3;0;1;0;1;0;;0;;0;0;0;;;0;1;0;2;;0;1;6;3;0;0;0;0;0;0;0;2;7;0;0;7;0;0;0;;2;0;0;0;;7;11;2;0;0;0;17;0;5;0;1;4;;0;1;1;;0;0;1;0;;0;0;0;0;0;0;1;0;1;3;1;;;;;0;;1;;;;0;1;1;;;0;;1;2;1;0;;;;;;;;;0;2;0;;2;;;4;0;1;;0;;2;0;0;0;;3;6;;1;0;0;;;;;2;;0;1;0;0;;;;0;;0;;;;1;0;;;1;0;;;0;1
09571000;0;2;3;;0;1;0;0;6;4;0;0;1;;6;9;3;;4;0;2;1;0;;;0;0;1;1;2;;;3;;0;2;;0;1;0;0;;0;0;;;0;2;5;0;1;0;;0;;1;0;0;0;;2;0;0;1;0;0;2;1;1;0;1;0;0;0;0;0;0;0;3;2;;4;0;0;0;4;0;;0;0;0;0;0;0;1;0;0;0;0;0;;6;1;2;3;0;0;0;9;0;0;4;1;0;0;2;1;11;1;0;0;0;0;0;0;0;9;1;4;0;1;0;0;0;;3;0;0;1;0;0;0;0;1;1;1;1;0;4;0;0;2;5;0;0;5;;0;0;0;1;0;1;0;;1;2;;0;0;0;0;0;3;0;0;0;0;2;0;0;0;0;0;8;23;0;0;0;0;13;0;0;0;1;1;7;0;0;5;0;0;0;0;4;0;1;;1;8;7;0;0;0;0;0;0;1;9;5;0;0;0;5;0;4;1;0;2;0;2;4;0;0;0;0;0;6;2;10;2;0;0;11;0;0;0;1;5;9;0;0;0;0;1;1;4;6;0;0;0;2;5;0;0;3;4;1;8;0;0;0;4;0;0;3;0;0;0;0;0;0;0;0;0;;0;0;0;0;0;0;3;0;51;0;6;6;9;0;4;0;4;0;0;1;5;0;1;1;0;0;3;2;0;0;0;0;2;4;0;2;0;0;25;0;;0;2;2;0;2;3;0;2;1;0;0;0;0;4;1;0;3;;0;0;0;;0;2;5;0;6;3;0;2;0;10;0;2;0;7;0;0;7;0;0;8;;0;0;0;1;3;2;1;2;3;0;0;0;1;1;1;0;;0;0;0;;1;0;0;0;0;0;4;2;4
09572000;0;1;2;;;;0;1;0;0;0;4;1;0;3;0;3;0;0;4;0;;0;;;0;8;0;1;0;0;0;0;0;;0;;2;;4;1;1;0;2;;0;0;0;0;;0;0;7;1;;2;0;1;;1;;0;0;0;3;0;0;1;0;0;;3;0;0;1;2;0;0;0;2;6;0;;0;;0;0;3;0;1;0;3;1;0;1;0;0;0;0;;1;0;0;0;0;0;5;0;0;0;1;0;0;5;0;3;4;0;0;0;1;0;0;0;0;0;0;9;0;0;0;0;1;6;;0;4;1;0;0;3;1;0;0;0;0;1;0;1;1;0;0;0;0;1;1;0;0;;2;1;0;0;1;0;;2;;0;2;2;1;2;1;;2;0;0;0;0;0;2;0;0;0;0;0;3;0;1;8;0;0;0;4;0;4;0;0;3;1;0;1;2;0;;0;0;0;2;0;12;9;4;7;;0;0;0;5;0;3;0;5;10;0;5;0;0;0;2;0;5;0;12;0;3;0;1;0;0;0;4;5;0;0;0;2;0;0;0;0;0;1;0;0;0;2;0;0;0;0;0;3;4;0;6;13;0;0;0;0;11;0;83;0;0;9;5;5;2;0;6;0;0;8;;0;0;22;17;10;5;5;0;0;0;0;0;19;3;0;0;0;0;;1;0;1;8;;0;0;4;8;0;7;3;2;;;0;1;;0;0;3;;0;0;0;0;5;;0;0;1;0;0;;0;1;;0;2;;0;1;;0;3;0;0;4;2;5;2;5;2;0;0;3;0;;1;0;0;2;0;;0;1;3;0;0;0;;0;0;0;0;0;0;;0;2;3;0;2;;1;0;0;0;2;0;4;1;1;0
09573000;2;0;1;;;0;0;4;0;1;4;0;0;;0;0;4;1;0;0;0;9;3;0;;0;0;2;0;0;;;;0;3;0;;0;;0;0;4;1;0;;;;;0;;0;0;0;;0;2;;0;2;;2;0;0;1;2;4;;2;0;2;;;1;5;5;0;0;1;0;0;0;4;0;1;1;0;7;0;0;;0;0;;;0;0;;0;1;4;0;0;0;0;0;0;1;;0;3;0;0;;;;6;1;4;0;0;0;1;0;1;0;6;0;4;1;0;2;1;5;0;1;0;0;1;4;2;0;0;0;;0;0;;2;11;0;1;3;2;6;2;;;0;;0;;0;1;;;2;;1;0;4;1;0;;;1;0;0;;2;0;0;0;7;0;0;0;0;0;0;2;0;;0;1;0;2;0;0;3;0;0;3;0;0;0;2;0;0;1;1;1;5;4;4;0;0;1;1;2;4;0;0;0;0;1;0;1;0;1;1;0;1;5;1;0;8;0;3;0;0;0;0;0;5;0;0;1;0;2;2;0;0;0;0;1;2;0;0;16;3;6;0;44;0;4;11;2;12;0;1;4;17;3;6;16;0;2;3;12;7;25;1129;0;2764;0;126;73;;53;109;72;14;4;2;11;1;2;0;11;9;0;3;2;0;4;1;0;;4;0;0;0;5;;3;0;0;5;4;;0;4;1;;0;;1;0;;0;4;1;;5;1;3;0;0;1;;1;2;;0;;2;3;2;0;;2;0;;1;4;1;1;3;0;0;2;0;0;0;;0;0;;;0;1;2;;3;1;2;;;0;1;0;0;0;;0;1;0;;0;3;;1;0;1;0;2;0;3;;
09574000;0;4;4;1;1;0;0;0;0;2;2;4;;0;0;1;1;1;;0;0;1;2;2;2;0;0;;0;0;1;0;0;5;0;0;;1;0;0;2;2;0;;;;0;3;;;4;0;2;0;;;0;0;1;;;2;0;3;8;0;0;2;0;2;;0;0;0;0;0;0;5;0;6;1;1;0;3;0;3;0;0;9;0;0;0;;1;7;0;5;1;0;0;;0;3;0;1;0;0;1;0;0;0;0;0;5;0;0;4;11;0;0;3;0;0;4;2;0;;0;2;0;3;0;1;0;1;6;3;3;2;3;0;;1;;0;2;1;0;0;0;0;;0;0;0;0;0;4;1;0;;0;1;0;0;1;0;;0;0;;1;0;;1;0;0;0;5;0;0;1;4;0;0;5;0;9;1;3;0;1;0;0;1;1;7;0;0;0;0;;0;2;2;3;2;2;2;0;4;4;0;0;0;0;2;4;1;6;5;0;2;0;0;0;0;0;2;0;5;6;1;2;0;1;1;0;5;0;0;1;0;0;0;0;2;5;7;1;0;0;2;0;0;0;2;13;0;0;43;0;140;9;0;0;1;1;30;10;0;17;18;3;0;21;1;0;4;0;8;0;0;0;13;13;1;0;;9;28;6;0;0;0;0;3;2;6;3;0;1;0;1;0;0;0;0;0;0;3;3;3;2;2;0;5;5;0;0;2;0;3;;2;0;0;;2;3;0;;1;0;1;1;2;;0;0;0;4;0;2;;0;1;3;0;0;2;0;15;8;10;0;8;0;0;6;0;6;0;0;6;8;0;0;0;;0;0;;3;0;7;;0;1;1;1;0;0;1;1;3;1;1;0;1;;0;0;4;4;0;0;0;0;
09575000;1;1;1;;;;0;0;2;;0;2;2;0;;0;;;0;;1;0;4;;;0;2;0;;0;0;1;;5;0;;1;0;;0;0;0;0;;;;;1;0;;0;;1;;1;0;;3;1;0;;0;4;0;0;5;0;0;0;0;;0;5;0;0;0;0;1;1;7;0;0;;0;1;3;0;;0;;0;1;0;;0;0;0;1;3;;0;0;1;1;0;0;;1;5;0;;0;;0;2;0;2;11;0;0;0;0;3;0;0;0;4;1;0;0;0;0;1;0;2;0;2;0;2;0;;0;;0;1;0;0;4;1;2;;;0;0;1;0;;;;0;;1;0;;3;;0;;;;;1;1;;;;1;;0;2;0;0;0;0;0;4;13;0;6;0;2;1;2;2;0;0;0;0;0;0;3;0;0;0;0;0;0;1;0;;0;0;0;0;0;0;4;10;4;0;6;;0;16;1;1;0;0;0;0;4;0;3;7;0;0;0;1;1;3;4;0;0;3;3;;2;0;0;2;0;4;0;11;1;4;0;2;0;4;2;0;0;0;5;0;3;0;3;0;0;0;8;4;10;0;2;0;0;0;4;0;0;0;10;47;0;0;0;;19;2;0;5;14;0;0;2;9;0;1;0;0;0;1;;0;0;1;0;2;0;0;0;0;1;0;0;0;;;0;0;;1;2;1;1;3;;0;0;1;1;1;1;;1;;;;;1;0;;0;0;3;0;0;2;0;3;2;0;0;0;0;1;2;0;1;0;0;0;3;;;2;0;0;6;1;;0;2;0;;0;2;1;1;;;2;0;0;;0;3;0;1;;;1;4;5;0;0;0
09576000;;1;;;2;;0;1;;;3;1;1;3;;0;;;1;1;;;2;4;1;0;0;1;;0;;;;0;1;2;;;0;;0;;;;;;;;0;;6;0;1;;0;2;;2;0;0;1;3;1;0;0;1;2;0;;0;0;0;0;2;9;0;0;0;1;0;;0;2;0;0;0;0;;0;0;;0;0;0;0;1;2;0;2;0;;;1;2;1;0;;0;0;0;0;3;;0;;0;0;2;;;3;0;2;1;0;0;0;0;0;0;0;3;;0;4;0;3;1;;0;0;0;0;2;0;0;0;;4;1;1;;;0;3;0;;0;;0;0;0;3;;;2;4;;1;;;1;1;0;1;3;0;;0;0;6;3;0;0;4;0;3;2;0;0;0;;7;0;2;0;0;1;1;0;0;2;0;0;1;;1;0;0;;5;1;1;2;1;0;2;1;0;0;0;0;0;31;3;5;1;0;0;0;0;3;0;0;2;2;2;2;0;0;0;0;0;0;0;6;1;1;4;0;0;0;0;3;0;0;1;0;0;0;9;0;54;3;7;7;10;0;0;0;1;3;5;0;0;0;2;11;0;6;0;0;0;0;4;54;0;0;0;0;;49;0;1;0;0;0;2;0;0;0;3;0;0;0;;0;0;2;0;0;0;2;0;1;2;0;0;0;;;0;1;2;4;;0;0;0;2;0;0;;0;4;0;0;3;0;;2;2;;0;;0;0;0;0;0;;0;0;0;2;0;4;0;0;0;1;8;2;5;3;0;2;;;;2;0;;4;1;2;0;2;1;3;1;0;1;;;0;0;0;0;;;4;;;1;;0;0;3;0
09577000;0;0;0;;;;0;0;1;1;1;;0;0;3;0;0;0;0;;0;;2;1;;0;0;;0;1;1;;;4;2;3;;;0;;2;2;3;3;;2;0;0;;;0;0;0;0;;3;1;0;0;;;2;1;0;8;3;1;0;0;1;;1;4;0;0;;1;;0;4;1;1;;2;;1;0;;0;0;1;0;0;1;0;0;;4;0;1;3;4;0;0;;4;0;0;;;0;0;;0;1;5;0;0;1;0;2;0;0;0;0;0;3;0;0;3;3;;1;0;2;;0;;;;3;0;;1;;;0;;;0;;;;;;0;;;;0;1;1;0;;0;1;1;;;0;0;;3;0;0;1;0;;4;0;0;0;0;0;2;5;0;0;5;1;0;1;5;0;0;0;3;1;0;0;0;0;1;0;0;;1;0;0;;5;0;3;;0;2;0;0;1;6;0;0;0;0;3;;0;0;0;0;0;0;0;0;0;1;1;0;0;0;0;0;3;0;3;2;2;0;0;4;0;0;0;0;0;1;0;1;7;0;5;4;2;9;2;0;0;0;2;0;4;4;4;2;3;0;0;9;1;0;0;0;0;0;0;111;0;0;0;0;0;;0;10;11;0;0;0;0;3;2;0;0;4;0;4;0;3;0;8;2;0;1;3;0;1;2;3;6;1;;;;;8;0;;;1;;;2;0;2;0;;1;;;;;0;0;0;;1;3;3;0;0;;4;0;6;3;3;0;0;2;1;1;0;1;4;1;1;0;0;;1;1;1;2;0;0;0;0;;0;;4;2;1;;0;;1;0;0;1;;0;1;;2;3;1;2;3;1
09661000;0;0;0;;0;0;1;1;5;1;3;1;1;;0;0;0;1;0;6;0;;1;0;;0;0;0;0;;;;3;2;;;2;0;2;0;0;0;;;1;0;;0;0;0;;1;1;0;0;1;;2;;;1;1;0;0;1;1;0;0;;2;0;0;0;1;9;3;;0;5;12;2;4;2;0;0;1;0;1;8;0;1;0;3;;0;5;0;0;8;0;1;2;1;0;0;0;2;1;0;2;;0;0;0;1;0;6;30;2;0;5;0;0;0;0;0;0;0;0;0;0;4;0;5;1;2;0;0;0;1;0;5;5;3;;0;4;;1;1;2;0;0;0;0;0;2;0;0;0;0;5;0;1;;;4;;0;1;0;1;1;0;0;0;0;0;3;15;10;2;0;0;2;0;4;5;1;0;0;0;0;0;0;0;0;0;0;0;0;0;0;2;0;;0;0;0;0;4;0;2;0;1;0;1;0;;0;0;0;0;18;0;;2;0;1;5;1;0;5;0;1;0;0;1;7;1;0;5;1;0;0;0;1;1;0;0;0;0;0;0;0;1;0;0;0;;0;0;1;0;0;0;0;0;2;0;0;0;0;0;1;0;0;0;0;0;1;2;0;6;1;0;0;0;2;1;0;1;;0;0;0;0;7;0;0;16;0;0;1;1;0;1;1;4;2;3;0;2;0;0;0;0;0;8;2;0;3;0;0;4;;4;1;;;0;;0;5;0;0;0;1;0;0;;0;1;0;;1;0;;;4;0;1;0;0;0;;0;2;5;1;;0;1;0;0;0;0;;0;;2;0;;;;0;;0;2;;2;1;0;0;;0;0;1;0;;0;;0;;;0;1;1;;
09662000;3;0;2;;;;0;0;2;;0;1;0;0;;9;0;1;0;0;0;;;0;0;0;0;0;0;;0;1;2;0;3;0;;;;0;;2;0;;2;;0;1;;0;;;2;;0;;;0;2;2;0;0;0;6;7;0;;2;0;3;;1;0;0;2;7;1;0;4;1;1;0;;1;0;0;2;0;8;;0;;;0;1;1;4;3;1;;3;1;0;;0;3;0;2;;;0;0;;0;1;;0;14;2;4;1;1;0;7;0;0;1;1;3;0;1;0;0;0;0;0;9;3;;0;0;0;1;;;0;0;1;2;1;;;3;1;;;2;0;2;0;0;7;0;;0;;0;1;0;0;0;1;0;;0;;3;0;17;5;0;0;0;2;0;1;0;0;7;;1;0;4;2;0;0;5;5;0;0;4;;0;3;2;0;0;;3;2;0;2;2;2;6;0;2;;0;5;0;0;5;5;3;0;0;0;2;3;0;2;6;5;0;0;;1;13;0;1;4;0;1;3;0;0;0;2;;0;0;0;0;0;0;0;2;2;0;0;0;0;1;0;0;0;12;0;5;0;3;0;0;0;0;0;0;0;0;0;8;3;35;0;1;0;0;2;0;0;0;10;;51;0;0;0;0;0;20;0;0;0;1;0;1;;0;6;1;0;1;0;1;0;0;0;0;;1;0;;;0;;0;0;0;;;0;;;1;0;3;;1;2;;0;1;;0;;0;0;0;0;1;0;0;0;0;0;0;;0;;;6;0;2;;0;2;;;0;0;2;;;0;0;0;;0;5;0;0;0;;0;3;;0;4;2;0;;0;2;2;2;0;2;0;0
09663000;3;0;7;1;1;2;0;0;2;0;1;0;1;1;0;53;6;1;6;0;0;0;2;3;2;3;0;0;5;1;0;0;0;0;0;3;1;0;;0;0;0;0;0;0;0;0;5;2;0;0;;0;1;0;0;0;0;0;;2;0;3;23;0;5;0;0;0;3;4;0;0;0;0;0;0;0;12;17;0;0;4;0;6;5;2;7;0;0;3;0;1;2;0;0;1;0;0;0;3;0;0;0;2;0;0;2;2;2;0;6;0;0;6;1;0;64;5;7;0;0;0;10;0;1;0;0;3;0;3;0;0;0;0;0;1;0;0;0;0;0;0;0;0;0;0;0;2;1;0;0;6;6;0;0;0;0;0;4;6;0;11;0;0;2;0;1;1;0;1;3;5;0;3;1;0;0;11;0;4;0;21;0;0;0;0;0;0;5;15;3;0;0;3;22;10;0;0;0;0;0;0;0;16;0;0;2;4;1;11;0;1;0;0;1;0;0;2;0;0;0;4;93;11;0;6;0;0;0;0;1;0;7;0;0;0;7;6;0;0;14;1;3;5;3;0;0;0;0;1;0;0;0;0;1;0;6;12;1;0;3;0;4;4;0;0;0;0;0;0;0;0;0;2;0;0;6;0;0;0;0;0;51;1;0;12;0;4;0;4;0;3;0;;0;0;0;0;34;0;0;0;440;23;0;2;0;3;7;0;0;9;0;5;0;0;0;0;0;1;4;3;;69;;0;0;3;4;5;0;3;0;4;0;0;3;1;1;0;0;;2;1;2;2;0;0;2;2;7;0;1;2;0;23;;3;0;0;40;3;2;0;0;1;1;0;0;1;0;1;2;1;2;1;0;0;3;0;0;0;0;0;0;1;0;0;1;2;0;0;0;0;0;0;0;1;
09671000;0;3;0;0;;1;2;4;0;0;2;4;4;0;;0;4;;2;3;0;0;0;1;1;0;0;3;0;2;1;;0;0;1;0;0;0;;0;0;0;2;0;0;1;0;0;3;0;2;1;4;0;0;0;0;7;1;2;0;0;1;0;8;8;3;0;0;1;0;3;0;0;0;1;4;0;0;11;1;1;0;7;1;0;4;0;11;;0;0;7;0;0;0;4;1;1;1;;0;4;0;6;0;1;2;0;1;13;1;;1;0;1;0;0;0;5;2;0;0;0;0;0;0;0;7;12;3;0;0;4;0;5;0;2;3;0;2;0;0;0;0;0;0;0;0;;2;4;0;1;3;3;3;5;0;8;0;0;2;0;;0;1;0;0;2;1;5;0;0;1;1;0;1;9;0;0;11;1;0;2;0;2;2;14;0;0;0;0;0;0;0;0;0;0;0;3;2;0;0;5;1;8;;1;0;3;4;3;2;5;0;0;0;0;0;0;3;0;14;1;;7;0;0;0;1;10;2;0;0;0;3;1;0;3;0;9;3;3;0;0;0;6;0;1;3;4;0;0;0;0;0;0;0;0;0;1;0;0;1;0;0;0;2;0;0;0;0;5;0;7;0;3;0;1;3;3;0;0;0;1;2;0;1;5;1;3;109;4;40;;0;0;0;1;123;2;0;0;0;0;0;;0;0;0;0;1;0;5;0;0;0;0;2;2;0;;2;17;;;0;0;1;2;1;1;4;0;;;0;4;;0;0;;;1;0;0;0;0;5;5;3;0;;1;1;8;1;0;0;;2;0;6;0;0;6;;0;1;0;1;;2;;1;;0;4;1;0;0;;0;0;5;0;;3;7;1;0;2;;0;0;0;0;0;1
09672000;2;2;0;0;1;3;4;0;0;;0;0;0;0;3;0;3;0;0;;0;0;4;;0;0;5;3;1;;0;0;1;4;3;0;0;;1;0;0;6;0;0;0;;4;2;0;1;0;0;0;1;1;0;;1;1;1;1;0;0;1;0;0;0;;0;1;;3;5;2;0;6;0;;9;8;0;0;0;3;;0;0;;0;;0;0;1;;5;0;0;0;0;0;;1;1;0;0;0;0;1;9;0;0;3;1;2;4;1;3;0;4;0;0;0;0;0;0;0;0;0;0;0;0;3;0;5;0;3;0;3;0;7;0;3;2;0;1;2;0;;;1;;1;0;1;;;;0;0;0;;0;3;;;0;0;1;0;1;;5;0;;1;0;0;0;0;1;2;0;0;0;2;0;2;0;1;0;0;;0;0;0;0;5;0;0;0;1;0;0;0;4;2;1;1;5;1;0;0;3;2;0;2;0;0;;0;1;;0;7;0;2;3;8;0;0;5;0;0;2;0;0;0;7;0;0;0;1;0;1;0;0;4;;0;0;0;0;0;2;0;0;0;0;0;1;3;0;0;2;0;2;0;5;0;0;2;0;3;6;0;0;0;4;0;1;1;0;0;6;0;0;2;0;0;6;0;2;2;41;2;0;;0;8;0;6;0;0;3;5;;1;0;1;0;0;0;0;0;0;0;4;0;0;;2;0;0;1;0;0;4;1;0;1;0;0;3;;0;3;0;1;3;0;1;0;;4;0;5;1;4;1;0;0;5;0;0;0;0;11;0;0;0;3;3;;0;;0;0;2;;0;0;0;3;0;0;2;;1;4;3;1;3;0;1;1;2;0;0;0;0;4;5;0;0;0;0;0;0;;1
09673000;0;;0;0;0;1;0;1;2;0;5;0;;;1;0;4;;0;;0;0;2;;0;0;0;;;1;0;;0;;0;;;2;;1;1;0;0;;;3;0;0;0;0;1;1;0;0;2;3;;0;2;1;;1;0;2;;0;5;1;;1;;;4;0;1;0;4;;0;7;0;0;1;0;0;;1;0;0;;0;0;0;1;2;2;;1;0;1;1;1;4;0;4;0;0;1;9;0;0;0;;0;0;1;4;0;0;6;0;0;0;0;0;0;0;6;2;0;0;0;1;0;0;4;4;0;0;0;1;1;0;0;;0;;1;1;;;;0;0;0;;1;;;0;;0;0;;1;1;0;1;;;;;0;;1;0;2;1;1;0;0;;0;0;0;8;1;0;0;1;0;;0;0;1;0;3;3;1;1;8;;;8;2;0;3;;0;0;0;4;1;0;1;2;0;0;0;0;4;0;7;0;3;2;0;1;0;0;0;0;0;0;;0;0;0;0;;1;6;2;0;1;0;0;;0;0;3;0;0;0;0;0;0;0;1;0;1;0;0;0;1;0;2;0;0;0;;8;2;0;1;0;1;0;0;0;4;0;0;12;;0;3;0;0;0;0;1;0;22;25;4;67;;7;3;6;0;0;0;14;1;0;;0;1;0;1;0;0;0;2;0;3;0;;1;0;2;;0;0;;;;0;;;;;6;;;3;0;;;;;1;;0;4;2;;0;;0;4;0;0;0;0;0;2;0;5;0;2;0;0;0;2;;;0;0;0;1;1;0;0;;;0;0;4;0;1;;0;2;0;;0;0;0;0;0;4;2;;0;1;0;0
09674000;;0;2;1;;1;0;1;;;;1;1;;1;6;;;;;;0;0;0;;0;0;0;4;0;0;;;0;1;;;2;0;0;3;;1;0;;;0;0;;;0;1;1;;0;2;;0;0;0;;0;;0;3;2;0;1;;;0;;;1;0;5;0;0;1;0;0;0;1;0;0;3;;;1;2;1;0;;;6;;0;1;0;1;;0;0;;5;0;;0;1;;2;2;0;0;0;1;4;7;0;1;0;2;0;0;5;0;;1;0;0;2;2;0;0;2;4;1;;0;0;0;0;;0;;0;;1;0;0;1;;0;;0;1;0;0;;0;;;1;;;0;1;;;;;;0;0;;0;;;4;0;0;0;2;2;0;0;;1;0;;0;;;0;2;3;0;1;0;0;;0;0;2;4;2;0;2;;;1;0;1;0;0;0;3;0;0;0;0;1;0;6;;;0;2;1;0;7;0;9;0;3;1;0;7;0;1;1;0;1;0;0;0;;;0;3;1;;2;0;0;;0;0;2;0;2;0;6;0;0;0;3;37;11;19;0;0;12;6;0;0;0;5;0;7;0;10;0;19;3;0;5;0;0;0;0;7;6;49;24;4;0;0;;0;1;0;0;0;8;3;0;0;0;4;4;3;;0;4;2;0;0;3;;;1;1;;2;;;;0;;1;;;;0;0;1;;;;0;;0;0;0;;0;;;0;0;0;1;0;1;0;9;0;;0;0;4;1;;;3;;;0;1;0;1;0;0;3;1;7;0;6;4;0;0;2;;3;0;0;;4;0;2;0;2;0;2;0;0;2;1;
09675000;3;0;1;;;;1;0;1;1;0;3;1;1;;6;0;2;0;;0;1;;0;;0;10;1;0;4;;4;;2;2;2;0;1;3;0;0;0;0;0;;;;0;1;0;7;0;2;1;;0;;1;;;1;0;1;0;0;3;8;0;1;0;;5;0;1;1;0;1;0;0;6;0;0;2;0;0;0;0;6;0;;;3;3;0;0;0;1;5;0;1;;5;0;2;4;0;;0;;0;0;0;0;0;3;0;0;0;2;5;3;0;0;0;0;0;0;0;0;2;0;0;;0;0;0;0;5;0;0;0;2;0;;0;0;;0;0;0;0;;0;;0;3;;0;;2;;0;0;1;;0;0;;0;2;1;0;0;0;0;0;0;0;0;2;4;0;0;0;4;10;1;6;0;0;0;0;4;0;0;6;5;0;0;;0;0;1;0;4;0;0;1;5;0;0;1;0;0;0;0;0;0;1;1;0;0;0;15;0;1;2;;0;0;0;4;6;0;1;1;2;4;2;0;6;0;1;1;0;0;0;0;0;2;7;2;0;0;0;0;3;4;5;4;0;1;1;0;2;0;1;2;0;2;2;0;4;3;0;1;0;1;0;0;3;0;0;12;0;3;0;0;0;21;3;0;6;7;0;0;4;0;21;;7;0;0;0;3;;0;;0;2;0;0;1;0;3;0;0;2;0;;;;1;;12;;;3;0;;0;0;5;0;0;0;0;1;0;;;1;0;4;;0;;0;;0;;1;0;1;0;1;0;1;3;7;0;11;0;2;1;1;0;;0;1;0;2;;2;0;2;4;;0;0;1;0;0;;0;0;;2;0;0;1;0;0;;1;3;0;;0;
09676000;0;0;0;;;0;0;1;0;2;3;0;0;0;3;9;1;;1;1;2;0;0;1;1;0;6;0;0;0;0;;3;0;1;1;0;;;1;0;0;;1;1;0;0;1;4;0;2;;0;1;1;0;0;0;1;;4;0;0;8;0;1;5;0;0;0;2;0;0;0;8;0;;0;6;2;0;3;0;0;0;3;1;3;0;;0;3;2;3;7;0;3;0;0;;;0;1;0;4;2;7;0;;1;1;3;1;1;3;;0;0;0;7;0;0;0;0;0;4;5;0;0;9;0;0;5;6;0;1;0;4;0;3;1;1;4;6;0;0;0;;;1;0;0;0;0;0;0;;;;0;0;0;4;0;1;2;0;;0;0;0;0;;1;0;0;0;0;0;1;4;0;3;0;9;0;5;3;62;1;3;;0;2;0;0;1;0;0;2;1;0;;0;0;0;2;0;0;4;1;;1;4;3;;2;3;2;4;0;0;0;16;4;0;0;2;3;3;7;0;2;0;0;2;1;2;0;0;0;1;1;1;0;0;2;1;0;1;1;0;0;1;1;0;0;0;8;0;0;0;2;0;0;0;1;0;4;2;6;0;0;2;5;0;3;0;0;0;1;6;3;9;0;0;0;1;2;0;5;0;0;0;11;0;0;0;0;0;;10;0;17;0;0;1;0;0;7;1;3;2;3;0;0;0;0;3;;9;3;0;1;0;0;;;0;2;;0;;1;1;;;2;0;1;0;0;0;0;1;2;;0;2;;0;1;2;;5;3;0;;1;0;;15;3;2;;0;0;;0;2;1;1;0;;1;2;1;1;0;0;0;0;0;0;2;0;0;1;0;0;;0;2;;0;;1;1;;
09677000;7;3;1;0;1;;0;0;0;5;0;;0;;;10;0;0;1;1;4;0;2;;5;0;4;1;0;0;;0;0;0;0;;;0;;;0;7;0;0;0;0;;0;0;;3;1;1;;;0;0;0;0;0;;3;0;10;0;0;4;;1;0;;0;2;0;16;7;1;0;0;4;1;0;2;0;0;1;0;1;1;0;2;0;0;;2;2;0;2;1;0;0;1;1;0;0;0;4;0;0;0;0;0;0;0;;;0;0;5;0;0;2;0;0;0;1;0;0;8;2;0;0;0;0;3;4;3;0;0;1;9;0;2;0;1;0;1;;1;2;1;0;0;0;0;0;0;0;;0;0;0;0;;;0;1;0;0;1;;1;;;;2;0;0;5;1;2;0;0;0;1;2;3;0;8;0;1;;6;0;4;2;6;7;0;0;1;0;0;0;0;6;0;0;0;;0;0;3;0;3;3;0;0;0;0;1;2;0;0;2;1;0;4;1;1;0;0;0;1;3;0;3;0;5;0;0;2;2;0;2;2;0;0;0;0;0;4;1;0;5;0;0;0;1;0;2;0;0;;0;0;0;8;4;1;2;4;3;0;1;11;0;;3;;1;0;0;5;;12;3;0;0;9;0;6;4;19;43;0;52;13;3;2;0;;0;0;4;1;5;0;0;0;5;0;3;3;0;2;0;0;4;0;0;0;8;0;0;0;;;3;3;;;0;0;0;;0;1;;;3;1;0;0;1;0;;1;1;0;0;0;;4;;0;0;2;6;2;0;4;;0;5;0;1;;3;1;0;5;;0;0;2;0;0;2;0;2;0;0;0;4;1;0;;6;4;;0;0;;0;0;;0;1;1
09678000;;3;;1;;0;0;0;;1;0;;4;;2;0;;1;1;;;2;0;0;0;0;0;1;0;0;;;0;0;0;0;;0;1;1;0;;;;;;1;;3;0;;0;4;2;0;3;;0;0;;2;7;0;0;0;0;0;0;;0;0;0;0;0;6;;0;0;0;7;2;3;1;6;3;0;1;;0;;0;1;3;1;1;0;;3;1;0;0;4;0;0;0;2;0;;0;2;0;0;;0;2;0;0;2;0;6;0;0;1;0;0;0;0;0;0;1;0;0;0;0;0;0;1;1;0;0;0;3;1;;1;1;1;2;0;0;2;0;1;0;0;;2;1;;0;1;0;0;0;;;0;;0;0;;1;0;0;;;4;0;0;0;0;0;0;2;5;0;0;12;10;0;6;;0;2;1;0;3;0;1;0;0;0;1;0;1;;0;1;0;5;10;1;4;2;0;0;0;;0;3;0;0;0;0;0;11;0;0;0;0;0;0;6;2;0;0;6;0;6;0;0;0;17;10;2;6;1;0;5;0;8;15;1;1;3;4;2;0;6;8;6;4;6;0;0;7;0;3;4;8;1;0;1;3;0;0;0;5;4;17;4;13;0;20;2;0;4;0;9;3;2;2;175;88;285;516;387;205;720;308;929;865;;793;0;1;0;2;0;2;1;0;0;1;5;0;0;3;0;;2;1;;1;10;0;;0;0;0;4;0;;0;2;0;0;2;1;0;;0;;2;1;3;0;0;;0;0;0;2;0;0;1;2;;2;;1;3;0;0;0;0;0;2;0;0;1;0;0;0;0;0;;1;3;1;1;0;0;;1;2;1;0;0;2;1;1;0;;0;0;3;0;0;1
09679000;7;5;0;0;0;2;4;0;3;6;0;1;1;1;0;4;0;0;1;0;2;4;3;2;3;0;0;3;1;2;1;;1;2;3;0;2;4;4;2;0;0;4;2;0;;5;0;0;;;0;0;2;;1;1;7;;0;;2;1;0;0;0;;0;1;0;;2;1;0;0;1;0;3;9;14;0;3;0;0;;0;0;0;0;;0;6;1;0;0;0;1;3;0;0;3;0;;2;6;0;0;0;0;0;0;1;;2;0;0;0;0;4;5;5;0;0;2;0;0;0;4;0;7;8;0;0;0;0;2;0;0;0;0;0;2;0;0;1;6;3;0;0;5;1;2;3;0;0;0;;3;0;0;0;1;5;0;0;;0;;1;0;4;0;2;1;0;3;0;0;0;0;8;1;0;8;0;6;4;0;115;0;0;0;0;2;1;0;0;0;0;0;0;7;1;0;2;5;6;1;0;2;0;2;0;3;0;5;6;0;3;0;4;3;0;29;0;5;2;2;3;0;3;0;0;2;2;1;4;2;18;0;1;0;3;9;0;3;0;2;0;5;0;0;1;0;1;0;0;2;0;0;0;0;11;5;1;2;0;8;0;4;2;0;9;8;0;4;0;5;0;0;8;0;3;13;3;19;6;0;0;30;5;0;0;17;0;22;0;7;1;152;0;92;0;;0;0;0;0;4;3;1;2;2;5;2;2;1;11;8;1;0;0;0;1;1;0;;;0;0;2;2;0;;5;1;2;4;0;0;2;0;1;0;0;5;0;0;0;0;;0;0;0;0;1;0;0;0;0;3;0;1;3;0;0;4;;0;;2;0;;0;0;2;1;0;0;0;0;0;4;2;0;0;4;2;12;1;3;1;0;0;1;;1;0;1;
09761000;0;0;0;0;7;5;0;2;5;2;0;0;0;1;0;42;0;0;0;0;0;0;0;0;1;0;0;0;0;0;0;0;0;0;0;0;0;7;0;2;0;10;0;0;0;;0;0;0;0;3;0;0;0;0;0;3;0;0;2;0;5;0;1;9;0;0;0;1;0;1;0;5;0;1;0;0;3;5;0;0;0;0;0;4;1;0;0;0;0;6;0;3;5;0;0;0;0;0;0;5;0;9;9;0;0;12;8;4;0;1;0;0;5;2;0;0;16;4;3;2;0;1;2;4;0;1;3;0;0;0;0;1;0;0;0;1;0;4;0;0;0;0;0;0;0;0;0;2;0;1;0;0;1;2;0;0;0;0;0;0;6;0;0;0;0;1;0;0;0;0;0;2;0;3;2;3;2;0;0;0;5;0;4;0;0;0;0;3;9;0;2;0;0;3;1;0;1;16;0;0;9;0;6;0;13;2;0;0;4;0;5;0;0;0;0;0;0;0;9;0;0;0;0;0;1;19;0;0;0;2;0;0;0;0;0;0;0;0;0;0;0;0;0;3;0;0;2;0;2;3;0;0;5;0;0;0;0;0;0;0;0;2;2;0;0;1;0;4;0;2;0;0;0;0;8;0;0;2;0;4;0;0;0;0;6;4;0;2;0;8;5;0;0;0;0;0;0;0;0;3;0;10;1;;24;139;67;1163;1326;178;1162;1763;172;160;218;236;220;3;0;2;0;0;0;3;0;9;0;2;2;4;0;0;0;0;0;0;0;1;0;4;0;0;0;3;0;0;0;0;1;0;1;5;0;0;0;0;6;7;1;1;1;3;1;1;0;0;0;0;0;0;0;;0;0;0;0;0;7;0;0;7;4;0;0;0;;0;0;3;0;0;0;0;0;0;0;;0;0
09762000;;0;;;;;1;0;1;0;1;0;;3;2;7;;;;0;;;;;;0;0;;;2;0;1;1;3;1;;;;;3;0;0;0;0;;1;3;;6;;;0;0;6;;;;;;;2;0;0;3;7;0;0;;1;0;0;2;0;0;;0;0;0;0;0;0;0;0;2;;1;;0;0;;8;;0;0;1;0;0;0;0;;0;2;0;;0;0;;;1;0;0;1;;0;2;0;1;2;;2;2;0;0;0;3;1;1;0;0;;0;1;;3;;4;0;6;;;0;;0;;1;0;;;0;1;0;0;;;1;;0;;;;;;0;;;;1;;;0;;1;0;;;2;1;0;0;0;0;0;5;3;1;2;0;0;1;2;0;;0;0;0;2;0;;0;0;9;1;1;0;1;2;1;0;3;0;0;1;2;4;0;;4;0;0;0;10;1;0;0;0;0;;0;0;0;1;7;0;0;0;0;;0;0;0;0;9;0;1;3;1;0;0;0;1;1;3;0;;0;0;1;0;0;0;;0;2;0;0;3;1;0;6;3;0;3;0;0;;0;;0;0;;0;0;4;2;1;0;;0;4;;;0;3;3;6;0;;0;0;;2;0;0;0;0;;0;7;0;0;10;0;0;0;0;0;0;0;2;0;;0;0;;0;;0;;0;2;0;0;;;;;;;;;5;1;1;0;0;0;1;0;0;2;;1;1;0;0;0;0;2;0;0;1;3;;;;;0;;;;0;;;;;0;;;0;0;;0;;;;;0;;;1;4;0;;;;1;0;;0;
09763000;1;2;0;0;1;1;0;1;0;;4;5;1;0;;7;3;;1;;0;;;;0;0;0;;1;3;;0;2;4;0;4;0;0;;4;0;0;0;0;1;1;0;0;0;;0;;0;3;;0;4;0;;;;2;0;3;0;5;0;5;4;1;0;;0;0;4;0;;0;0;0;0;1;0;0;1;0;7;0;0;;2;0;0;1;1;1;0;2;3;0;0;3;0;0;0;0;0;0;0;0;0;0;;0;0;;0;0;1;0;0;3;0;2;3;0;0;3;1;0;1;0;;0;;1;0;0;0;1;;1;1;;;0;;1;0;1;;0;0;0;3;0;;;;0;;0;0;;0;0;1;;3;0;;0;0;1;1;0;;2;0;1;0;2;0;3;0;0;0;0;2;5;0;0;3;0;0;4;0;2;4;8;5;0;0;0;2;5;0;1;0;0;0;6;0;0;0;0;0;3;18;0;17;0;0;0;0;0;0;0;2;0;1;0;0;0;0;5;0;0;0;1;1;0;8;2;0;10;1;0;0;1;1;0;0;;0;;0;0;0;1;0;2;0;3;2;0;2;1;2;2;0;0;13;0;0;0;1;0;0;2;0;0;0;6;;0;0;3;1;1;1;0;0;0;0;1;0;4;5;2;0;0;1;3;0;6;;0;0;0;5;0;0;7;0;1;0;72;0;1;0;3;5;;0;0;0;0;1;0;0;2;0;1;1;1;0;;6;;0;;0;0;0;0;0;0;0;1;0;0;0;0;0;0;4;;2;0;0;0;1;;1;2;0;;;0;2;0;;3;0;1;;0;4;0;0;;;;;0;;;3;6;;;0;;;;;1;2;0
09764000;;2;1;;;1;2;0;0;;;;;;;4;0;0;;;1;;0;;;0;0;0;;;;;;;;1;;1;;;;;;;;;1;;1;0;1;2;1;;0;0;;0;;;;0;;5;0;;0;0;;1;;0;4;0;0;0;0;1;4;0;;0;0;2;0;6;0;;0;;;;1;0;0;;2;;0;0;;0;0;0;;0;;;0;0;3;0;;0;;;;0;;6;0;0;2;0;0;0;;;;0;2;0;;1;;0;3;;;;1;;0;1;;0;0;;;;1;;;;0;0;0;1;;6;;0;3;0;0;0;2;0;1;0;;;0;;0;;;1;5;0;0;0;0;0;0;0;0;0;2;1;0;3;0;0;0;4;3;0;4;0;0;5;;1;0;0;0;0;0;3;0;4;0;0;6;2;6;0;46;5;53;2;3;0;0;0;0;0;2;0;0;0;0;2;1;0;0;0;0;0;1;5;2;1;0;0;0;3;0;0;2;0;1;3;0;;3;;0;0;7;0;0;;0;0;;1;0;;0;0;0;0;1;0;;1;0;0;1;0;0;2;2;4;2;;2;1;1;0;0;;0;;1;;3;;3;1;0;3;0;0;12;;0;0;0;0;0;3;0;0;1;0;0;;0;6;0;;4;;;;;2;;3;;0;;1;1;;;;;;;0;;;;0;;0;;3;;1;3;3;1;;;2;1;2;;;;;1;;0;;;;1;;;;;;1;0;;;0;1;;0;;;1;;;0;0;0;;1;;;;0
09771000;6;0;2;0;0;3;1;0;1;2;7;1;2;;;15;0;0;0;;0;;0;;;4;0;1;0;2;1;0;0;;2;0;;2;0;3;0;0;0;1;0;0;1;1;;0;1;0;3;1;2;0;0;0;;;;0;0;0;4;2;0;0;0;8;;;2;4;2;8;6;2;1;0;0;2;0;4;3;1;;0;0;2;0;4;0;;0;6;0;1;1;;4;8;0;0;1;3;0;1;1;0;0;0;0;4;1;0;0;2;0;2;1;2;0;;0;4;0;1;0;3;0;0;0;0;1;4;;0;0;0;5;;0;0;0;1;;;0;0;;;0;2;1;;;1;;0;1;0;6;1;0;;0;;;0;0;0;0;4;0;0;1;0;0;4;5;5;0;0;0;0;1;0;2;2;8;1;0;0;0;3;0;0;2;0;0;0;0;1;3;0;0;3;1;0;1;1;0;0;1;1;0;0;0;0;5;0;0;0;8;0;0;0;0;6;0;0;19;0;7;16;0;0;0;107;0;1;0;0;0;0;2;0;3;11;0;0;0;1;5;6;4;0;0;1;0;0;0;3;2;9;2;0;0;6;0;0;6;0;0;4;0;0;9;1;0;0;0;7;0;0;0;0;6;0;0;18;0;5;0;4;0;1;1;2;2;4;5;0;0;23;50;17;;55;87;49;0;21;13;89;73;100;0;;;1;0;;0;;0;0;0;2;2;;;1;0;1;;;0;0;2;1;;1;;0;0;0;2;0;0;0;2;0;0;1;2;0;5;0;0;0;;;2;0;0;;1;;;0;;2;3;1;;7;4;2;1;;;;2;0;3;;0;;;;0;0;1;4;;3;1;3
09772000;3;0;0;;0;0;8;0;0;;0;9;0;6;0;0;1;1;3;;6;;4;0;1;0;0;0;0;0;1;2;1;0;2;2;;0;0;1;0;0;1;2;0;;;0;7;0;3;0;0;1;;0;0;2;0;6;0;0;0;0;0;0;1;7;1;1;0;6;0;6;0;1;0;3;0;5;1;3;0;0;1;0;7;6;0;0;10;0;1;12;0;0;0;0;0;0;0;0;10;4;10;1;4;1;0;1;0;0;1;6;0;5;0;0;0;0;3;0;6;0;0;1;2;2;0;0;0;3;1;0;3;0;0;0;0;0;2;0;5;0;0;0;1;2;0;0;;5;2;3;0;2;2;0;0;0;1;2;6;;3;0;0;1;0;1;;0;;0;0;0;0;1;0;0;0;8;1;0;0;6;1;4;0;0;0;1;0;0;0;5;1;1;6;0;0;3;2;4;0;0;2;5;0;1;5;1;6;3;0;0;0;4;12;6;0;0;0;0;0;0;0;0;0;0;0;0;0;0;0;0;3;0;0;2;11;25;0;0;0;0;0;13;0;0;2;0;1;1;0;0;0;0;1;3;0;3;1;2;14;0;3;0;18;0;0;5;1;0;8;0;4;4;1;4;0;0;0;26;1;0;0;1;5;8;11;0;0;0;0;2;6;0;0;0;0;2;0;0;0;10;1;5;0;;88;42;0;3;14;61;78;22;0;0;3;0;0;7;0;1;0;;0;2;0;0;0;0;0;3;0;;0;0;2;5;4;2;2;1;0;2;5;0;1;0;0;1;4;3;0;6;5;6;2;0;1;0;;1;4;3;0;1;2;3;2;0;0;0;0;5;0;8;0;0;0;;0;0;3;0;11;1;;4;0;0;0;3;;0;;1
09773000;1;1;;1;;;0;0;2;0;2;4;2;0;0;7;;;;0;2;0;1;;1;0;1;1;;0;;0;1;0;5;0;;;;;;0;0;;;;1;3;;;0;;1;0;0;1;0;;0;0;;1;;0;6;3;0;2;;1;;0;1;;1;0;1;0;2;4;;3;;;;4;;0;6;;0;0;0;0;0;;0;0;0;2;;0;1;0;2;0;2;0;1;0;0;0;1;0;1;;2;3;;0;0;0;0;;0;;0;0;1;1;0;1;0;1;0;1;0;0;;0;;;2;;;6;;;0;;0;0;0;2;;;;;;3;0;0;6;0;;;4;;0;;1;;;0;;0;;1;0;4;0;4;9;0;0;0;0;0;1;0;0;;0;0;1;0;8;0;1;;2;4;0;0;0;4;0;6;0;2;0;5;2;0;0;0;0;0;5;0;4;3;0;0;0;0;1;0;0;0;7;0;0;0;0;0;4;0;0;0;0;0;0;2;0;0;2;0;0;1;1;0;0;0;2;4;0;1;0;;5;7;4;0;8;0;3;0;1;0;2;0;0;0;0;0;0;0;0;0;8;0;2;13;1;6;;1;0;0;1;0;0;0;8;0;1;1;0;3;0;0;0;0;0;0;0;2;0;0;;0;0;3;8;8;0;2;1;;1;0;0;;18;1;0;;;0;1;;;2;;;0;;1;8;8;0;;0;;0;1;0;;1;1;2;0;7;0;0;2;8;3;0;0;0;2;;3;6;0;1;2;2;11;;;3;0;1;;;0;;;;;0;0;0;0;;0;0;;0;;0;;;;0;0;0
09774000;2;0;0;;0;0;0;4;3;;1;;2;4;0;0;1;;1;;1;0;;0;0;0;10;0;13;6;1;;;0;;4;0;1;0;4;0;1;1;0;;0;;4;1;0;0;0;0;0;0;0;1;1;1;0;0;0;2;2;6;2;0;0;;0;0;1;2;0;2;3;0;0;0;0;0;0;0;0;2;0;0;;2;2;8;4;0;1;0;;0;8;6;0;1;0;0;1;0;0;1;0;0;0;0;0;;;0;0;2;0;1;1;0;2;0;0;0;1;1;0;0;4;0;2;1;0;;0;0;0;0;1;0;0;3;;;;0;1;0;0;0;0;3;0;;0;0;1;3;;2;1;;0;0;1;;1;2;0;0;0;4;;0;2;1;1;0;8;0;0;0;0;0;0;0;1;5;39;2;0;1;0;1;8;0;1;0;0;0;0;0;0;8;3;8;0;1;0;4;0;6;4;0;0;10;1;16;4;12;6;2;14;0;4;5;0;0;11;0;5;0;3;0;0;2;0;0;7;0;0;0;2;0;4;3;4;0;1;0;0;0;2;0;3;0;1;12;1;0;4;0;0;0;8;0;3;6;0;0;1;0;0;2;22;5;1;1;3;7;0;2;19;1;0;4;1;0;1;1;12;3;4;7;4;3;0;0;2;0;5;3;0;0;13;20;23;0;0;100;;175;27;45;27;18;11;4;;2;;3;2;0;;0;0;0;0;1;0;;0;1;4;0;;1;0;;1;;0;;4;0;;0;3;2;0;0;6;2;0;0;0;0;1;1;5;1;5;;8;0;1;0;0;2;1;1;2;4;;;0;0;0;0;0;;;0;3;4;;0;0;0;;0;2;0;;3;0;0;
09775000;0;3;0;0;4;5;0;0;1;0;0;0;2;0;0;0;0;5;0;0;0;;1;0;0;0;0;0;1;1;;2;0;;0;0;;;0;0;0;2;1;0;;0;3;0;0;1;0;0;5;0;0;0;2;0;4;1;1;5;0;0;0;1;0;0;0;0;1;;0;0;0;1;0;2;0;0;0;0;0;0;0;0;2;4;1;;0;8;3;0;3;0;0;1;3;2;10;2;0;2;0;2;2;3;11;6;2;14;0;0;1;0;0;9;0;5;0;2;2;4;3;3;0;4;8;2;4;2;2;2;1;0;0;0;0;0;;;0;;5;0;0;0;1;0;0;2;0;0;1;0;;0;0;0;1;4;1;;0;0;1;;0;1;0;0;2;;0;2;2;4;0;0;0;0;0;0;1;0;3;0;0;18;0;0;22;0;3;2;0;0;0;3;5;0;0;0;14;0;3;0;2;1;0;0;0;8;2;0;0;0;0;0;0;10;3;0;0;0;0;0;3;0;1;0;6;0;2;0;1;0;6;4;2;0;8;6;0;1;0;3;0;4;1;0;4;2;0;1;0;0;0;4;0;0;0;5;0;4;;0;0;0;0;3;2;0;1;2;0;0;1;0;3;0;3;16;1;0;1;0;0;8;0;0;0;0;0;0;2;0;;0;0;0;4;0;0;40;31;41;111;265;64;0;;71;194;369;147;108;2;;3;;0;0;0;;3;;1;0;0;0;0;3;0;1;;1;4;0;4;1;0;2;;2;2;0;3;0;1;3;;2;2;7;4;4;1;3;0;6;2;2;0;1;7;0;0;;0;0;;1;0;;0;5;1;0;1;0;0;;0;0;;;0;0;0;;0;0;;0;;;0;
09776000;;0;2;0;0;4;2;1;0;0;0;4;1;3;0;1;0;0;0;1;0;;;3;;5;2;;0;0;;;0;;;0;2;5;1;1;;0;3;;1;;1;1;;0;0;1;1;;0;0;0;2;;;0;0;0;0;0;0;0;0;0;;0;0;0;0;5;0;0;0;7;0;0;0;0;0;1;0;0;0;0;;5;0;1;8;0;0;0;0;0;2;0;0;0;0;0;0;;0;;1;0;2;1;6;1;0;6;11;;0;6;5;0;0;5;0;3;0;0;0;0;0;3;0;;0;0;2;1;0;1;9;2;0;0;0;0;;2;0;0;;0;0;;;2;0;1;0;0;0;0;1;;4;;1;;0;0;2;;;0;1;0;3;0;0;0;0;0;3;1;0;0;0;0;0;4;0;0;0;0;1;0;0;3;0;2;3;1;14;2;3;2;1;8;0;21;9;8;0;0;0;13;0;0;48;59;2;0;15;0;0;0;7;0;0;3;0;12;0;3;3;0;1;6;0;2;0;0;0;0;1;0;0;0;4;0;5;6;0;4;0;;;3;;0;0;2;;0;0;0;2;1;0;0;0;0;0;0;2;0;;0;;1;0;4;0;0;0;0;;0;6;0;0;6;0;6;0;1;1;3;2;0;0;0;0;0;8;0;0;0;0;0;0;0;;14;0;6;0;0;0;;0;0;;0;;1;;;1;1;1;0;4;0;2;0;;0;0;;0;;1;0;1;5;1;0;0;;2;11;0;1;5;0;0;0;0;;0;3;0;;1;2;0;2;;1;0;;0;0;0;;;2;0;0;1;1;;3;0;0;;0;0;1;;4;;1;;;1;2;
09777000;2;0;0;3;0;0;4;0;1;0;4;4;0;1;0;12;;;1;0;0;0;1;;0;0;3;0;0;0;;0;3;0;9;0;;0;;8;0;2;0;0;0;1;0;0;0;0;0;0;0;0;;6;0;1;0;2;0;0;0;1;0;0;1;0;;0;0;3;0;0;0;2;0;2;0;0;0;2;2;2;0;1;0;4;0;4;7;0;1;0;0;0;0;0;3;1;0;0;3;7;0;5;4;0;0;0;0;0;1;4;0;;0;0;0;0;0;0;0;0;0;3;0;0;3;0;8;0;0;0;0;0;2;0;0;0;3;0;13;;0;3;0;0;2;0;1;4;0;5;0;0;;0;0;0;1;2;0;0;3;0;0;0;0;0;;;1;;0;1;0;0;0;0;0;0;0;0;0;0;0;0;1;4;0;2;5;0;0;2;0;4;0;0;0;0;1;0;4;0;0;2;0;0;5;3;6;12;13;0;2;4;9;0;0;0;4;0;2;1;9;0;0;0;0;0;5;0;0;0;8;10;0;0;5;0;0;0;0;9;5;0;3;18;1;0;0;6;2;0;1;2;0;0;3;2;4;0;0;5;0;6;0;0;3;3;;0;0;2;0;0;0;4;0;0;0;18;2;5;0;0;0;0;0;0;1;0;0;0;5;2;0;0;3;0;0;0;0;70;27;1;0;0;0;0;0;0;;94;5;0;4;;0;0;0;1;0;;0;;0;0;1;;3;;0;0;0;;5;;;0;1;0;0;2;0;6;;4;0;0;4;0;0;3;6;3;11;2;1;3;0;;0;0;0;2;3;;13;1;5;1;0;0;;2;5;0;5;;0;0;;6;;;0;0;;1;0;;1;;0;;2;0
09778000;0;0;0;;1;;5;6;2;;3;0;4;0;0;6;0;0;1;3;;1;0;1;0;0;6;0;0;0;1;;0;2;0;0;;3;0;0;0;1;0;2;1;1;1;0;0;;0;1;0;0;3;0;2;0;1;;0;0;1;0;0;2;0;0;;0;;0;0;0;1;0;;0;1;4;;0;;0;0;0;0;0;4;0;8;1;0;0;0;3;0;6;2;1;0;1;2;0;0;0;0;2;0;0;0;3;;0;1;4;1;0;0;6;4;0;6;0;3;0;2;0;;0;0;0;0;0;0;0;0;0;0;0;2;;0;0;0;0;;0;2;0;2;1;6;0;0;0;3;0;1;1;1;0;4;1;;1;;;7;0;;1;;1;1;0;0;2;0;0;0;0;0;0;0;6;0;5;0;0;0;;0;0;1;0;5;0;0;0;0;0;4;2;5;0;8;3;0;0;15;1;9;0;0;0;0;0;48;6;0;3;0;0;4;8;4;0;0;0;0;0;4;0;0;0;0;1;0;2;0;0;0;0;0;2;0;2;0;4;0;1;7;0;2;3;0;0;0;0;0;0;1;0;2;0;1;1;0;1;0;0;3;1;0;0;2;4;1;10;0;0;4;2;0;3;2;0;2;0;0;0;3;19;7;1;2;0;0;4;3;0;0;0;0;16;0;51;0;0;0;0;0;9;0;;0;0;0;0;;0;0;0;0;2;;;0;;2;;5;1;;;1;0;;0;1;3;1;0;1;;0;1;0;0;0;0;0;0;5;0;6;0;0;0;0;0;;;;3;2;;0;0;0;0;1;4;0;2;3;0;0;1;0;6;0;1;;0;2;0;2;;0;1;0;;3;0;1;;0;1
09779000;0;1;0;;;0;5;0;4;0;0;1;;1;0;2;0;2;;5;;4;;1;;0;0;8;0;1;;1;0;0;0;1;0;1;0;0;0;0;;;;;2;0;;1;1;0;1;1;;1;0;0;1;0;;1;1;0;3;2;1;3;0;;;0;1;0;0;2;0;0;7;2;4;0;0;0;0;2;0;;0;;0;;4;0;2;0;0;0;10;0;3;0;3;0;0;0;0;0;0;0;0;0;;0;5;1;1;13;0;4;4;0;0;4;3;0;;2;0;0;2;;0;4;;0;0;0;5;;0;0;0;;0;;0;0;0;;1;0;0;0;1;;;0;;1;1;0;4;;0;;;2;0;1;0;;0;;;0;1;0;0;0;0;17;1;0;0;0;0;3;0;8;0;1;4;0;0;1;0;0;2;2;0;0;0;0;3;1;0;0;1;0;5;2;2;0;0;3;14;0;0;2;0;4;19;0;4;0;0;0;0;0;0;0;4;0;0;5;0;0;12;0;0;0;0;0;0;0;4;2;1;1;0;2;6;2;4;0;0;0;1;0;0;0;1;0;5;0;3;0;0;1;2;0;1;0;0;0;0;0;2;2;7;12;9;37;0;35;0;4;0;2;5;0;2;1;16;4;0;4;2;2;2;1;5;0;0;4;3;0;0;0;51;0;0;0;0;9;;0;2;0;;0;1;0;14;2;2;0;1;0;3;2;1;0;;1;0;;2;;;;;0;0;0;1;0;0;0;;1;1;1;3;4;6;0;2;1;1;0;;1;;0;0;;;;0;0;;0;0;;0;0;0;8;7;;;1;;0;1;;0;0;1;0;1;;1;2;0;0;0;1
09780000;1;0;0;0;0;0;0;3;4;0;0;4;0;0;0;0;0;4;0;4;0;0;0;0;;1;3;4;;4;2;;4;0;0;0;0;3;1;3;0;0;;0;0;1;0;0;2;2;2;1;0;0;0;0;;0;4;0;0;0;1;5;2;5;2;5;0;0;1;0;0;0;0;3;0;0;0;0;6;0;0;2;0;1;0;0;7;;5;0;0;0;0;1;0;0;0;0;0;3;3;0;3;1;0;11;2;0;2;1;0;0;0;0;0;0;2;0;0;0;0;0;0;0;0;0;0;0;6;0;4;0;0;0;2;0;0;0;2;0;1;0;0;0;0;0;0;0;0;0;0;0;5;0;0;0;1;0;0;3;0;0;;0;2;;1;1;0;0;0;;1;0;0;2;0;0;0;0;0;5;0;0;0;1;1;0;5;0;13;0;0;1;0;0;3;0;0;0;0;8;11;0;0;2;1;5;0;3;8;0;8;0;0;3;4;0;46;0;0;16;0;0;0;6;0;0;4;0;0;6;3;0;0;7;0;0;3;4;4;0;6;0;14;1;0;5;5;0;2;0;3;1;1;0;2;;1;0;2;1;0;3;0;2;1;0;2;0;0;1;1;1;1;0;0;0;3;0;0;12;0;5;0;0;0;4;2;0;0;3;9;1;3;0;0;0;2;2;0;0;0;8;0;2;0;0;0;0;0;46;42;67;4;;5;0;0;1;0;0;5;1;4;1;0;1;1;2;0;5;1;0;2;0;0;5;1;3;1;0;3;4;1;0;0;0;0;4;1;6;3;;0;5;0;1;1;3;0;6;2;5;4;0;0;0;0;2;;4;10;0;3;0;0;0;0;0;1;;;0;0;;0;3;1;;0;0;2;3;0;3;;1
10041000;0;0;0;0;0;0;1;0;0;0;0;5;1;0;0;16;5;2;4;0;0;0;;4;2;0;20;0;6;4;0;0;0;17;4;0;0;6;0;0;0;0;1;0;;;0;7;0;0;0;0;0;0;2;5;0;8;0;0;1;0;0;39;8;5;0;16;5;0;2;3;5;0;5;0;9;1;0;34;5;13;0;0;0;10;0;11;18;1;30;10;2;1;0;0;0;0;2;7;0;0;13;6;15;16;3;12;9;7;1;0;0;0;0;6;20;65;2;12;0;0;0;6;0;3;0;2;0;0;9;1;0;0;0;3;8;0;0;0;0;0;4;3;0;15;0;9;0;0;0;0;0;0;13;0;0;3;5;0;11;0;30;0;12;0;0;9;0;3;0;6;0;0;6;6;0;4;31;0;2;2;5;17;6;0;0;0;1;0;4;0;17;1;0;12;0;0;2;0;0;0;2;7;5;0;0;1;2;0;0;9;6;12;0;0;0;0;0;13;3;0;3;26;0;2;2;4;0;0;6;2;11;0;1;6;1;4;0;0;3;0;3;0;2;0;3;0;0;;4;0;2;0;0;0;3;1;7;2;0;0;0;3;1;0;0;0;0;0;0;0;0;2;3;1;1;0;0;2;0;0;5;10;;0;0;0;2;4;0;0;0;0;5;1;3;1;0;2;0;0;1;0;0;0;7;1;4;3;0;0;0;5;0;1;0;0;;0;73;0;0;0;48;6;0;0;2;2;0;0;2;4;2;0;6;0;2;0;;6;0;1;3;0;0;0;0;0;3;0;2;4;0;0;2;0;0;0;1;0;0;0;0;0;0;;0;0;16;0;0;3;0;1;0;2;0;1;0;2;0;0;0;2;0;1;0;0;2;0;0;0;;0;;0;0;0
10042000;;3;1;0;0;0;0;2;1;2;1;0;0;;;10;0;;;;0;1;0;0;;0;0;;;0;;;5;;;1;0;0;;;;;;;2;;0;0;;;3;0;0;2;;2;0;0;0;;0;6;1;6;6;0;0;3;1;0;;0;1;0;6;2;5;2;9;19;;0;0;0;0;4;0;1;0;;4;0;0;1;0;0;2;2;0;1;1;5;1;4;0;0;;0;;0;1;0;;0;0;0;2;11;1;0;0;1;0;1;0;0;;0;5;0;2;0;6;3;4;0;0;;0;1;0;0;8;1;0;6;0;0;0;2;1;0;0;6;0;6;0;0;1;0;0;0;20;0;3;1;0;2;0;0;0;2;2;0;1;0;2;8;0;0;3;0;1;0;0;2;1;0;;0;0;0;0;0;0;0;4;0;0;0;0;0;0;3;0;0;10;;0;1;2;4;0;0;2;1;0;0;1;1;0;0;1;0;1;;;0;;0;0;;0;0;2;2;2;0;2;;;1;0;0;0;1;1;;;;0;;0;1;1;;0;0;1;;0;;1;0;0;0;;0;0;0;;0;1;1;2;;;;;;;;;5;;0;;;1;;;0;0;;1;0;;;;;;1;;0;3;0;0;;;2;;;;1;;2;0;1;101;;7;0;0;0;2;;1;;0;0;;0;;1;0;2;1;;2;;;;0;2;;1;1;1;0;2;0;1;1;;4;1;0;;0;0;0;0;3;1;;0;0;;;;0;;2;9;0;0;0;;1;2;;0;0;;0;0;;;;;0;;0;;;;0;;;
10043000;;1;0;0;;0;0;1;0;0;0;1;0;;1;6;0;1;;;0;1;1;;1;0;0;0;1;0;;0;0;0;3;2;;2;;4;;4;;;;;0;0;1;6;;3;1;;;0;0;0;;0;1;1;0;0;0;2;0;2;1;0;1;0;0;0;0;1;1;0;9;5;0;0;0;0;;2;0;6;5;;1;0;1;1;9;1;0;0;0;0;0;0;3;0;0;0;3;;0;0;2;4;0;1;5;0;0;0;0;0;0;0;0;0;0;3;0;0;2;0;0;0;0;0;0;1;3;2;;;0;0;4;0;0;9;0;0;5;0;1;0;1;0;0;0;0;6;0;0;6;0;11;0;0;0;0;0;0;0;2;0;0;8;0;0;9;9;7;7;3;1;0;0;1;5;0;1;0;0;0;1;3;0;1;3;3;0;0;1;0;5;0;3;5;0;0;2;0;0;1;2;0;0;2;4;0;0;1;4;0;1;1;0;;0;0;;;2;0;2;0;;4;;1;;0;4;0;0;0;0;1;;;2;0;0;2;0;2;0;3;5;;1;0;2;;2;2;0;2;;;1;0;;;0;;3;;;;;;;;0;;1;;0;;1;0;;;;0;0;0;0;0;0;;;0;0;0;1;0;;3;0;;0;0;0;0;;3;;;0;0;0;;0;40;15;0;0;0;0;0;;1;0;2;0;1;;5;0;0;;;;;3;0;0;1;0;1;2;0;3;;2;0;0;0;0;0;0;;0;3;0;;0;7;1;0;;0;1;;;;0;;0;2;1;1;0;0;;0;0;;0;;0;;;;1;0;;0;0;0;0
10044000;0;0;0;;0;0;;4;0;0;0;1;0;1;2;12;3;;0;0;0;;1;0;0;0;0;1;5;0;0;;0;;1;0;;0;;1;0;5;;0;1;0;0;5;5;;4;1;0;1;1;1;0;0;1;;3;1;;6;1;8;4;2;1;0;3;1;7;0;2;2;1;2;1;19;2;7;4;4;1;2;0;0;2;0;1;0;0;1;0;0;0;0;1;1;3;0;0;1;16;0;1;0;6;0;3;0;1;1;0;2;3;0;0;4;0;1;0;0;2;3;0;0;2;0;6;0;7;0;0;0;0;0;0;0;0;4;0;4;3;0;4;0;0;0;7;7;1;21;0;3;0;0;0;0;0;1;8;0;0;1;0;4;6;1;0;0;12;0;1;7;0;5;7;0;0;0;3;0;0;0;1;0;0;0;1;0;0;0;0;4;0;0;0;4;1;3;0;2;0;0;0;0;2;4;0;4;4;0;4;2;0;5;1;1;4;4;0;0;;;3;1;0;0;0;0;0;0;1;0;0;9;0;0;0;0;0;0;;0;0;;0;;0;5;;0;0;3;;2;2;1;1;1;1;0;1;0;1;0;0;1;0;;0;;;0;0;3;0;6;;;;0;;0;2;0;0;1;1;;0;2;0;0;7;1;0;;0;1;0;0;4;1;0;0;0;3;1;;;1;1;3;1;0;957;296;367;;434;340;8;2;0;;1;0;0;;2;0;4;;0;1;;4;2;1;;3;0;0;0;0;1;0;0;0;;0;0;1;0;0;0;1;0;0;4;0;0;3;2;;;3;;;;4;0;;;0;0;;0;;0;;1;0;;;0;0;;;0;0;1;1;3;;0;0
10045000;3;0;0;;2;0;0;0;0;0;1;8;1;;2;3;2;0;0;0;0;2;1;0;0;0;0;0;;1;0;0;0;1;0;2;0;0;0;0;;1;;5;0;0;;2;0;0;0;;0;3;1;0;0;3;0;;;0;2;13;0;2;4;1;0;;;0;9;1;2;0;0;6;1;12;0;2;0;0;0;1;5;0;2;0;16;3;0;0;0;3;2;0;2;0;0;0;0;0;7;4;0;0;0;0;0;0;0;4;1;0;0;12;7;0;10;0;0;0;11;0;8;2;8;6;0;1;0;0;0;0;0;0;0;0;5;1;5;1;0;3;0;0;1;0;2;0;0;15;9;0;0;8;0;0;0;0;7;3;0;1;2;0;4;0;0;0;0;24;0;2;5;0;0;0;8;3;0;0;4;4;4;3;0;0;0;4;0;2;1;0;1;1;0;6;1;0;2;14;9;2;6;0;1;2;6;4;0;0;3;3;1;3;4;2;3;0;0;0;0;2;1;3;2;2;0;;0;1;0;1;0;1;0;0;;0;0;1;3;2;0;0;4;;;1;1;1;0;;;1;5;0;0;;2;3;0;0;1;0;0;;1;;;;;0;0;1;;;0;0;1;13;1;0;0;0;0;1;0;;1;;0;;1;0;0;0;0;0;;3;6;0;0;1;1;6;1;0;3;0;0;1;0;0;53;10;0;0;;0;7;0;0;;1;0;0;0;0;0;0;;0;3;0;2;;;;4;;2;0;2;0;0;1;0;0;;0;;0;;1;2;4;4;0;1;;0;4;0;;;0;0;;2;;0;;;0;0;0;0;;;;0;;2;0;;;0;;;0;0;;;0;
10046000;;2;;;;0;;;;;1;1;;1;0;4;2;0;1;;;0;1;;;0;7;;;;;;2;;0;;;0;;;0;3;;;;0;;1;0;0;0;1;0;0;;0;1;;;;0;2;;5;0;0;6;0;1;;;3;1;;3;3;0;4;0;0;0;8;;0;0;1;;4;0;0;0;2;0;0;3;1;1;0;;0;;1;1;;7;0;0;1;1;0;0;1;;;1;0;4;23;0;3;0;0;0;0;;0;1;0;0;0;2;0;0;2;;0;;0;1;3;1;1;0;0;;0;31;0;0;0;0;0;8;18;0;4;;4;;0;0;0;8;1;0;1;0;2;0;1;3;5;0;0;0;0;0;2;0;0;4;0;0;0;0;0;1;;;1;1;;0;6;0;6;2;0;9;0;0;9;0;4;2;1;0;0;0;0;1;0;1;2;6;0;2;2;0;2;3;3;0;3;;;0;1;;0;;0;;1;0;;2;;0;2;1;2;4;;0;2;;1;;0;0;1;;;;;;;;;;1;1;0;2;;0;0;1;;;;;;;;;;2;;;1;;1;;1;;;;;0;;1;;;0;0;;;;0;2;0;0;1;;;;;0;;0;1;;0;0;1;1;54;45;0;0;2;;2;;;;;1;;0;;0;;;1;;;;;2;;0;0;4;0;0;2;;1;0;;1;0;0;0;0;;;;1;0;1;;0;;1;;1;;1;;0;;1;0;0;1;1;0;;0;1;;0;;;1;;;;;;1;;1;2;;
11000000;45;0;122;8;36;56;49;102;0;39;73;74;38;7;5;0;0;15;27;0;0;8;0;20;19;0;0;13;26;0;1;30;2;24;27;7;49;19;25;36;33;19;18;23;12;3;20;0;2;12;25;23;0;8;3;45;12;9;0;18;0;2;17;0;55;25;1;25;0;17;0;5;14;0;16;23;0;0;0;0;0;0;0;1;0;4;11;17;0;0;28;0;0;0;9;29;4;0;9;0;9;0;0;0;0;0;47;0;0;0;2;0;7;0;0;25;0;0;12;0;0;0;0;0;16;0;0;46;28;0;0;0;9;0;23;0;6;5;26;31;0;31;0;4;19;0;6;2;0;2;3;15;10;0;2;0;0;0;0;0;13;23;0;0;0;13;0;0;0;0;0;0;12;8;0;0;0;0;0;0;0;5;0;0;0;0;0;0;1;0;0;0;0;27;0;0;0;9;0;0;4;0;0;74;34;0;31;0;27;0;0;88;64;1;0;4;0;0;0;15;2;0;0;149;12;12;24;11;20;6;0;5;14;10;41;24;15;0;24;0;0;14;0;31;0;14;0;0;0;0;1;0;0;3;0;0;0;0;0;0;0;0;0;0;4;0;1;0;0;0;0;26;0;0;2;0;19;12;0;0;0;0;0;0;0;0;6;7;0;0;0;0;0;39;0;0;1;4;0;0;5;9;0;0;0;1;10;0;21;2;0;10;13;7;5;8;0;0;0;0;0;0;0;0;;214;0;98;573;2184;2024;30;1562;2076;2159;39;1045;272;1581;113;85;2330;386;101;42;366;172;291;70;257;87;12;29;0;0;0;0;15;124;31;0;60;48;0;0;0;19;29;0;11;0;67;55;33;0;9;104;183;0;0;0;2;0;0;0;9;8;4;0;0;0;0;0;17;0;7;3;17;2;0
12051000;0;1;3;1;0;0;0;3;0;0;1;0;0;0;;9;0;2;12;1;0;2;0;2;0;0;0;0;3;0;0;3;0;0;0;0;1;2;;0;0;;1;;0;;3;3;1;;;0;0;;0;4;0;1;0;0;;0;1;0;0;1;0;0;;1;0;0;2;0;0;1;1;0;0;2;1;0;1;1;1;2;1;0;0;;2;0;0;2;4;0;;3;0;0;3;0;2;0;6;7;0;0;6;1;0;1;;0;3;0;0;0;0;2;;0;0;7;5;0;0;2;2;0;1;;;1;1;0;0;0;0;1;1;;0;0;0;0;0;2;1;;;1;0;0;;;1;;1;0;;;0;;;0;1;;;;;0;;;;0;2;;5;;0;0;0;2;;1;;1;;;;;0;0;0;0;0;0;0;4;0;0;1;3;1;;;;0;;2;2;1;3;0;;1;0;4;0;1;;0;0;0;;0;0;;;0;0;0;;0;0;;0;1;1;;0;0;0;;0;1;1;;0;0;0;;0;0;;;;0;0;1;;;0;2;;;0;0;0;0;0;;;;0;0;;;4;;1;2;1;;2;1;;2;0;;6;;;;;0;1;;;4;0;2;0;3;;1;;;0;0;;;;;0;0;0;0;;1;0;1;;0;;0;0;0;0;0;0;0;0;0;0;0;0;0;0;0;0;0;12;0;0;0;1;7;0;0;3;0;0;0;0;0;0;0;0;1;16;0;0;0;12;19;1;2;7;0;6;10;0;;0;5;3;0;2;0;;0;0;0;0;0;2;0;2;3;;0;1;;0;2;0;0;0
12052000;0;5;4;1;4;3;1;0;8;;2;5;0;0;0;23;1;0;0;;1;10;5;;1;0;10;0;0;2;0;1;0;0;7;1;1;5;0;1;0;0;0;;1;1;0;0;0;0;0;0;;0;0;0;0;1;;0;;6;4;3;19;10;2;2;5;1;1;0;8;0;0;0;;0;9;0;0;0;3;4;5;2;0;1;8;;2;0;1;1;0;1;0;0;0;2;1;4;5;0;2;8;3;0;5;0;3;0;;0;1;7;2;3;2;4;;0;2;0;3;;;0;0;1;4;0;;0;3;0;1;;0;0;0;1;0;;2;1;0;;0;0;;1;;0;0;1;;0;0;4;;0;0;1;0;1;0;1;1;0;;;;;;1;0;;17;3;9;0;8;4;1;0;1;0;0;2;3;;0;0;;0;6;;2;;1;3;1;0;5;0;1;1;4;;0;3;;0;0;0;0;0;2;0;1;4;2;4;0;3;0;;0;0;3;;0;2;0;2;0;0;0;1;0;0;6;0;0;2;;1;0;0;0;1;;;0;0;;0;13;0;3;3;1;1;0;;;0;7;;1;;0;1;0;;0;;1;0;1;0;0;2;;;0;0;3;0;0;;0;1;2;;0;;;;;;;;0;3;1;;2;1;3;0;0;0;1;;0;0;3;0;1;1;3;;21;2;;0;2;0;0;0;0;0;0;0;0;0;0;0;0;0;0;9;4;1;14;6;3;1;0;0;3;4;0;1;92;14;0;13;5;23;12;0;0;2;0;0;6;8;1;1;0;2;1;2;0;0;19;3;4;;4;0;0;0;0;2;0;3;0;;0;0;;0;0;0;1;0
12053000;;0;1;0;;2;1;0;0;1;3;0;0;;0;14;0;;0;0;8;;6;;0;0;0;0;;1;2;1;3;0;0;0;0;0;4;1;0;0;;0;0;1;1;0;;2;;1;0;0;0;1;0;0;0;2;0;0;2;10;0;11;1;2;;1;;1;0;0;2;0;;3;3;5;;0;;0;;2;0;0;1;;0;0;0;0;1;0;;4;1;2;0;;0;4;0;0;;1;;2;0;0;;0;;1;0;0;0;0;0;2;0;1;0;0;;1;3;0;1;4;1;0;;0;;1;2;2;0;0;3;;0;;;;;3;;0;1;1;0;;;;;0;;;0;;;1;1;0;0;0;;0;;0;;1;0;;2;2;1;0;2;0;0;0;0;;;;0;2;1;0;;2;0;0;0;0;;;;;;0;0;;0;1;1;2;;2;1;1;;1;0;0;;;0;3;;;0;1;0;;;;1;0;2;;1;;1;1;0;1;;;;0;1;0;;;0;0;;;;0;0;1;6;;;4;;;;0;0;;2;;0;0;;;;;0;;;0;0;0;1;3;;1;;3;;0;1;;0;1;0;1;0;;;0;;;8;;8;;1;;2;;;1;;;;;1;0;1;;2;;;;0;5;28;;51;9;83;44;40;0;35;4;0;94;81;36;29;2470;56;9;0;0;4;3;5;0;0;0;2;0;0;0;21;0;0;3;0;2;0;0;1;0;3;1;0;;1;0;0;0;0;1;1;0;1;;1;;0;0;0;;1;;3;1;;0;0;0;0;;;;0;1
12054000;5;0;7;0;2;0;0;5;6;6;0;6;5;3;4;0;0;0;9;0;0;0;0;2;2;0;0;0;1;5;0;4;0;0;4;4;0;5;2;5;0;0;4;0;2;0;0;0;0;0;8;0;0;0;0;1;7;0;2;0;0;0;0;0;0;0;1;1;1;0;0;0;0;0;0;1;2;0;0;0;0;5;0;0;;0;2;0;0;0;0;0;0;3;0;0;0;0;3;0;0;0;0;0;1;0;0;1;0;2;0;0;0;5;0;0;0;21;1;10;0;0;0;1;1;3;1;0;0;0;0;0;3;1;0;0;0;3;0;0;9;0;2;0;0;2;4;0;0;1;0;0;0;4;0;;;0;0;2;2;0;0;1;;0;1;;3;0;;0;0;;0;0;0;;0;0;0;0;0;0;0;0;0;0;0;;0;0;0;4;0;1;7;0;0;4;3;0;2;6;0;0;1;0;0;0;8;8;0;0;0;0;8;0;0;0;0;;0;19;2;1;0;1;2;0;1;0;0;0;1;1;6;;0;0;1;5;0;2;10;0;1;;2;2;0;0;0;;;1;0;1;0;0;0;0;0;1;0;;0;1;6;0;0;0;0;0;0;0;0;1;2;1;;6;4;2;0;0;4;;0;0;6;0;;2;0;2;0;;3;1;1;0;1;2;0;1;0;;2;3;;1;0;;1;0;0;9;0;4;1;0;0;;0;59;0;0;;0;0;0;46;0;0;0;0;0;529;0;1;19;0;19;6;2;3;7;4;0;9;0;0;0;0;0;16;0;5;5;0;14;0;6;0;13;14;0;5;0;3;0;14;0;3;0;4;0;0;3;0;0;0;0;0;0;2;0;0;1;0;;0;0;;0;0;0;1;0
12060000;0;1;7;0;0;0;4;3;0;0;10;0;0;0;0;5;10;0;4;0;4;0;1;2;1;0;0;0;0;0;;0;0;0;0;0;0;0;5;0;0;0;0;0;1;1;1;2;2;0;1;0;0;1;5;4;4;0;0;5;0;2;3;8;0;0;4;1;4;0;1;0;13;0;0;0;1;0;2;0;;12;2;0;0;;0;2;0;;2;0;0;0;0;0;0;0;1;0;1;0;0;0;7;2;17;0;0;0;2;0;2;4;0;;0;0;0;0;3;0;1;0;0;1;0;0;5;2;4;1;0;0;1;0;1;7;2;2;1;5;4;3;1;0;0;;0;0;;0;0;0;0;3;;0;;0;0;0;0;;0;0;1;0;4;1;0;0;;;0;0;0;;0;0;2;2;0;1;2;0;1;0;0;0;0;0;0;7;0;0;0;0;3;;3;2;0;6;0;2;0;0;2;0;1;2;0;1;0;0;0;1;0;6;0;0;0;3;3;0;;5;0;0;;1;0;0;;0;;;0;0;0;0;0;0;;0;0;1;;1;;2;;;1;0;;;2;0;;0;1;1;0;0;0;1;0;0;2;1;0;0;;0;4;;2;6;2;;0;7;0;0;1;6;0;;0;;;;0;0;0;0;;;0;0;2;0;0;0;1;0;0;0;1;2;1;0;1;;0;0;0;3;;1;2;0;0;2;1;0;28;;4;0;0;22;0;2;0;2;0;3;6;0;122;0;5;14;9;41;0;24;0;2;6;0;4;0;19;0;0;1;0;6;2;0;0;8;0;0;5;3;2;1;4;0;0;0;6;0;0;0;0;1;0;0;1;4;1;0;3;0;0;0;1;5;3;5;;0;5;0
12061000;4;1;3;5;0;2;5;4;2;0;1;0;0;10;4;0;0;0;4;2;0;8;6;0;0;0;0;0;0;1;1;1;2;0;1;0;0;3;2;1;8;1;0;2;0;;1;4;0;1;0;1;0;2;;4;2;0;2;0;;4;0;1;0;0;2;0;2;1;0;0;3;1;3;0;3;0;0;0;0;0;0;0;1;5;0;0;0;0;2;0;4;4;0;3;0;7;4;0;1;3;3;1;0;0;1;1;;0;;0;0;0;7;0;0;4;3;3;0;0;0;1;0;0;0;5;1;0;0;0;1;0;0;0;1;3;4;4;0;1;1;0;;2;0;1;1;2;3;0;;0;1;0;;0;2;;;2;0;;;;1;0;0;0;;0;;0;;4;0;2;2;0;0;5;0;2;0;;;0;0;0;0;;0;0;0;0;0;;4;6;1;0;0;0;4;0;0;1;2;;0;1;1;0;2;0;0;1;3;0;0;0;1;0;1;0;;;0;0;0;0;0;2;0;0;0;0;1;2;0;0;3;0;0;0;;1;;0;1;0;;;;;0;;3;0;2;0;;;6;0;;0;1;;0;;0;;0;0;;;1;0;1;0;0;0;0;0;0;0;6;0;2;;2;;0;0;0;;0;3;;;0;0;0;0;4;;0;7;0;0;2;0;0;0;0;0;2;;0;0;2;;0;19;131;0;14;0;;18;11;0;15;80;0;0;25;0;60;0;0;3;1;8;0;0;6;36;3;0;7;19;0;9;22;11;7;0;0;12;0;0;1;0;0;4;5;5;6;5;0;3;7;0;1;8;2;0;3;0;0;0;0;0;2;0;4;;3;;0;0;2;2;5;1;0;0
12062000;6;6;2;;7;;0;15;1;0;0;7;5;;0;27;3;0;0;4;0;1;0;0;2;0;20;19;0;7;;8;1;;0;2;0;2;2;22;0;1;;;1;;0;2;0;6;16;21;7;0;0;0;0;10;;0;;14;4;8;26;2;8;0;0;3;;1;4;0;14;13;;0;4;18;0;10;3;10;0;0;9;4;13;21;1;0;3;0;16;3;28;5;6;14;1;3;0;12;;16;0;5;0;7;9;;;1;29;5;4;0;2;10;0;0;;0;12;10;1;1;5;0;0;1;3;1;1;0;0;0;;5;7;;4;1;;3;1;1;0;17;;0;5;;0;2;4;;;;;2;0;;;4;5;;;0;;;;;;;1;;1;3;0;0;12;3;13;4;1;1;1;8;0;;6;9;21;6;0;1;7;;;5;0;0;6;;79;0;1;;8;11;3;0;0;1;;0;0;1;0;2;1;34;;0;5;0;0;0;1;0;0;2;1;1;0;;0;3;0;0;0;1;0;5;;0;0;;0;;;13;;0;;0;0;;13;0;;;1;3;;6;1;;1;;2;0;;1;3;;;;;2;0;21;;0;1;0;;1;1;0;;1;1;0;1;;;1;3;;7;0;10;3;0;0;;2;;3;16;0;;;0;0;8;5;2;;6;1;0;3;93;0;14;12;0;;17;15;17;0;0;15;15;15;14;0;20;3;0;0;1;22;12;0;11;0;9;20;9;18;0;6;1;0;0;46;1;0;0;11;17;2;0;6;6;1;6;12;6;0;0;14;11;0;3;6;3;;8;5;0;1;;0;;;5;0;;0;6;0;0;1
12063000;8;0;3;1;0;0;8;4;0;2;2;6;3;0;0;0;3;3;0;2;6;0;0;0;2;0;0;0;2;7;;0;0;1;5;1;1;16;0;0;0;4;2;;1;;0;8;2;0;1;4;5;5;;1;2;0;1;0;1;0;0;0;1;9;0;0;0;9;0;;0;4;0;12;;0;0;0;4;1;0;0;0;1;0;5;0;1;1;0;0;0;2;6;0;0;0;0;1;0;0;3;1;2;0;0;0;0;0;1;2;0;1;1;0;0;4;2;1;7;0;3;0;0;0;0;0;3;0;0;0;0;0;8;2;2;3;4;0;0;0;1;2;0;;1;2;0;0;0;2;0;0;;;0;;;0;2;4;;0;0;1;0;3;0;;0;0;0;;0;1;;0;0;1;5;2;1;4;0;;1;0;0;0;;0;2;0;0;0;;0;;0;0;1;0;1;0;12;0;0;7;6;0;1;0;5;0;;0;2;2;2;0;0;0;;0;3;0;0;0;2;1;0;0;0;0;3;;5;1;3;5;0;0;2;;0;;2;0;2;1;;;1;;0;2;0;0;;;1;2;0;0;;;4;0;0;3;1;0;;5;0;1;;0;3;1;1;0;;0;0;;0;0;;2;1;;0;0;0;;;0;;1;;1;2;;1;;;1;;;1;2;0;0;0;4;0;;0;0;4;;0;78;11;0;0;21;0;0;;0;0;0;0;41;11;9;8;0;13;0;0;10;17;8;7;17;8;8;5;0;1;6;0;0;16;1;0;13;0;0;1;10;2;4;0;0;7;10;0;1;6;6;18;0;9;;0;;0;0;0;3;4;0;1;0;0;1;0;1;0;0;0;2;0;2
12064000;5;8;9;0;2;5;1;4;1;1;1;7;10;0;0;4;1;0;0;2;8;0;0;0;0;0;0;0;0;0;2;;3;0;0;6;2;1;3;3;1;3;1;0;0;1;1;0;0;5;0;2;1;1;0;;1;0;0;0;3;1;0;0;1;6;0;1;2;;;1;1;0;0;5;1;0;0;7;;1;0;2;0;7;1;0;0;0;1;0;2;0;0;0;;0;6;0;1;0;3;0;0;5;0;1;1;1;3;0;1;0;0;3;0;0;2;2;0;;3;0;3;0;1;0;0;0;3;0;0;0;3;5;1;0;0;3;;0;0;1;0;2;;1;1;0;1;0;3;0;0;2;0;;;0;4;;0;;2;;1;0;1;;4;0;0;1;0;1;1;0;0;1;0;0;0;0;0;6;0;2;0;0;;;0;1;;1;0;3;0;1;0;2;0;1;0;0;1;;0;0;0;2;0;2;1;5;2;0;4;0;0;0;0;0;;1;5;0;0;0;0;0;0;;0;0;2;1;0;0;0;0;3;2;0;0;1;0;0;;;0;1;2;0;2;;;0;;;1;0;;0;0;0;1;0;0;3;0;0;;1;2;1;;4;;;4;1;8;2;2;;0;0;0;1;0;0;;1;0;;;;1;0;0;6;;3;;0;4;0;2;0;2;0;0;;0;7;0;0;0;3;1;1;2;0;20;45;67;37;0;1;0;24;;0;2;0;0;0;0;0;0;60;2;5;0;12;31;0;39;5;2;1;1;3;0;12;5;0;0;5;9;1;1;0;6;13;0;0;4;0;1;3;0;8;0;0;7;0;0;0;;0;;2;0;3;0;0;0;;2;0;0;1;0;;1;0;0
12065000;2;1;13;0;0;3;0;7;1;1;6;9;3;0;3;0;4;0;0;0;0;5;0;2;0;1;2;8;0;0;;0;2;0;3;10;6;0;8;2;2;1;4;0;0;;7;3;0;0;1;0;0;0;1;3;0;0;0;0;3;0;2;0;6;0;0;2;0;1;;1;0;2;6;0;2;3;4;0;2;3;2;0;0;0;0;1;4;;3;0;2;0;0;11;2;0;0;1;1;0;0;1;1;0;0;0;5;4;0;0;1;2;7;1;0;0;2;1;;3;0;0;;0;0;6;2;0;0;2;1;9;;2;4;0;0;0;0;13;1;1;1;0;0;;0;1;0;0;0;0;0;1;;2;;1;;0;0;0;;0;4;2;0;0;1;0;1;0;0;0;0;;4;1;1;;0;0;0;0;0;2;0;0;1;;1;0;0;0;0;1;0;0;2;0;2;2;0;2;3;2;0;1;0;0;5;0;0;;2;0;2;0;0;0;0;3;0;3;;0;0;;0;1;0;0;;1;4;;0;;0;10;0;;1;0;0;;0;;1;;0;;0;;;0;3;0;0;0;0;3;3;3;1;;1;1;0;2;0;0;0;3;0;0;;;;2;;1;;0;1;0;0;0;0;7;0;0;0;0;2;0;0;2;0;4;0;0;1;;0;;2;3;;0;2;7;2;;;0;0;1;0;0;1;;0;16;45;0;54;86;0;0;31;45;;1;0;113;0;11;11;0;75;10;4;36;30;24;1;14;20;1;0;0;1;4;18;0;7;11;0;16;0;1;4;0;0;1;3;6;2;2;2;0;0;7;8;0;5;0;0;0;1;0;0;2;1;2;0;0;;0;0;0;1;3;0;1;0;0
12066000;1;4;0;0;;0;;0;3;0;0;3;3;1;0;5;4;0;1;;4;0;0;0;0;0;2;0;2;0;0;0;3;1;0;1;1;1;0;0;0;3;1;0;;1;0;;0;0;1;0;1;0;;;0;0;;0;;0;2;0;6;0;2;0;0;2;;;4;0;0;0;;2;0;9;0;0;1;1;0;0;0;0;1;;;2;1;0;4;1;0;0;2;;3;0;0;1;0;0;;0;;6;0;0;;0;;0;1;3;;2;0;0;0;0;1;0;;0;;0;7;;0;2;0;0;0;;2;;1;;2;0;;1;;1;2;;;;0;;;;;0;;;1;4;0;;;;3;;;0;1;;0;;;1;0;0;1;0;3;0;0;0;14;8;0;2;;0;1;;0;1;0;0;0;0;0;0;0;4;0;0;0;1;0;;0;;0;0;0;0;0;0;3;1;1;0;0;3;0;0;;0;;0;0;5;0;2;0;0;0;0;0;;0;0;0;1;1;0;0;1;;0;;0;0;0;3;;0;0;0;;0;;4;0;0;1;0;;1;0;1;;0;2;0;1;0;0;;0;1;0;;1;1;0;0;0;0;0;0;0;0;;1;2;5;;0;;1;1;;;4;0;1;;0;0;0;0;;0;0;0;0;;0;1;4;0;;;;;0;3;172;0;4;0;0;6;2;0;0;;0;0;0;1;0;0;0;0;0;4;0;2;0;0;0;8;5;0;0;5;59;62;0;16;0;3;17;0;4;0;2;2;0;0;0;5;2;;3;6;0;0;0;0;6;0;0;0;1;0;0;;0;0;0;2;1;0;;2;0;0;1;0
12067000;0;3;1;18;9;5;1;3;0;1;4;3;13;0;0;0;43;0;0;1;7;3;0;1;0;0;0;0;0;0;;0;0;1;4;3;0;0;;2;0;2;0;4;;1;3;0;1;0;0;1;1;4;1;0;0;7;;0;;0;2;2;0;14;0;0;0;0;;0;0;0;0;0;0;0;5;2;1;0;2;0;0;0;0;0;0;3;6;0;3;8;0;5;0;9;2;0;2;0;0;1;2;3;;;2;5;0;2;4;0;4;4;1;0;0;0;0;0;5;0;0;2;5;2;0;0;3;0;;2;;6;0;0;1;6;0;;1;5;0;1;0;1;0;2;0;1;2;13;0;1;0;0;;0;;0;0;1;;13;0;;0;;;5;0;;0;0;1;;0;0;0;0;0;0;1;0;;1;0;2;4;1;2;0;0;16;0;1;1;0;;1;;3;1;0;2;0;2;6;1;4;1;4;0;;0;;2;0;0;7;0;31;0;0;1;0;0;0;;2;4;1;0;0;;;6;0;4;2;1;3;0;0;2;;42;;0;;1;;2;0;1;0;32;0;0;0;0;;1;0;2;27;1;0;0;;;;0;;1;0;;0;1;0;1;8;0;1;0;12;0;;1;0;1;0;1;;0;;0;1;;0;32;0;18;;1;0;;0;1;2;;1;1;0;3;0;0;0;0;3;0;0;0;7;54;3506;36;66;27;261;126;138;68;40;;158;105;128;139;1647;107;16;23;8;4;28;7;28;16;66;0;0;0;0;5;0;14;9;0;11;3;0;0;1;36;4;1;3;0;90;0;0;0;0;1;0;0;10;4;48;0;0;0;0;0;0;2;0;0;0;0;1;;0;0;0;0;1
12068000;0;0;4;0;0;0;0;0;1;4;0;0;0;2;1;15;8;;0;2;0;0;1;0;1;0;0;1;1;0;1;0;4;3;0;0;3;6;1;;1;2;0;4;0;1;2;;1;2;0;2;0;0;0;0;0;2;0;2;0;3;0;2;1;0;0;0;1;;;0;1;0;0;1;;1;0;0;1;0;0;9;1;0;0;1;0;0;0;0;0;2;0;0;0;5;0;9;;0;0;4;0;0;1;0;0;0;1;0;0;1;1;;0;0;;2;;0;0;0;3;0;0;6;0;0;0;0;0;3;2;;0;;0;2;0;0;4;;;2;0;2;;1;;0;1;0;;1;;0;0;0;0;;0;;;;;;0;0;;;1;;0;;0;1;4;0;0;4;;1;0;0;1;1;0;0;;0;0;0;0;0;0;1;0;0;0;;;1;0;0;1;;3;;0;3;0;1;2;0;;1;0;0;1;2;;2;1;;5;;1;0;2;0;0;0;0;0;0;;0;2;0;1;0;0;0;0;;;1;;0;0;4;;;;;;0;;;;1;;1;;1;0;0;0;1;0;;2;0;4;0;;1;;0;0;;0;0;2;1;4;;0;0;;0;;0;4;0;0;;0;0;0;0;0;5;;;;;;;;0;;;0;;0;1;;1;0;0;;0;50;18;0;16;0;19;0;0;13;0;10;0;;0;0;0;0;0;24;0;18;16;21;0;4;25;0;0;3;1;2;1;3;0;0;1;1;1;1;1;7;6;4;0;0;0;0;0;6;0;3;21;0;0;2;3;1;0;0;2;;5;1;0;;0;0;0;0;0;0;0;0;1;0
12069000;3;7;1;0;4;0;1;0;0;0;5;0;0;1;1;0;1;2;4;2;2;0;4;0;1;0;5;1;0;2;;2;1;0;0;0;0;3;0;0;2;0;2;1;0;0;2;1;2;3;2;0;2;0;5;0;0;7;0;0;2;11;15;0;0;0;0;0;2;0;0;2;0;0;0;0;0;2;3;8;0;11;0;0;0;5;0;0;0;;8;4;1;0;2;2;0;0;0;2;0;0;1;0;0;1;0;3;3;3;;0;0;0;0;6;0;7;3;0;3;4;0;0;0;1;1;1;0;0;3;;0;0;0;0;2;0;0;0;0;0;3;;;;;0;0;0;;0;4;4;;;1;0;0;0;0;3;0;;;0;0;;;0;0;1;0;0;2;0;2;;4;0;0;1;1;4;0;0;0;0;0;0;0;0;4;0;0;8;4;0;0;0;0;0;2;9;0;0;0;1;0;3;6;0;8;0;0;1;2;0;0;4;0;1;0;0;2;;0;1;0;0;0;3;0;0;0;5;1;2;9;1;2;0;2;0;;;0;0;1;;2;0;0;0;;0;0;;0;2;2;0;0;1;4;0;2;2;1;;0;0;0;;0;1;2;0;;0;3;0;0;2;1;0;0;0;1;;0;;0;0;0;0;0;2;;1;1;;0;3;0;;0;;4;6;0;0;0;3;0;;0;8;0;0;1;;0;;0;223;35;0;0;23;0;0;0;17;6;4;0;5;;9;23;0;0;3;0;8;16;20;0;3;13;3;0;5;2;0;0;0;7;1;8;5;0;0;18;0;8;7;7;1;0;9;30;3;0;1;3;45;0;6;0;0;0;0;;1;2;1;0;2;1;0;1;0;3;1;1;4;4;1
12070000;0;2;0;2;0;0;3;0;0;0;0;;6;0;0;0;0;0;0;0;4;0;0;0;0;14;1;;0;0;0;1;0;0;0;0;0;2;4;;0;6;0;;1;1;2;1;4;0;0;3;1;0;0;0;0;0;0;0;0;4;5;3;5;1;1;;;;5;;2;0;0;;;1;0;0;1;0;0;0;;3;0;0;1;;0;3;10;5;0;7;0;;1;0;;0;0;0;2;2;;2;0;0;;0;;0;6;0;;1;;;;0;;1;0;0;4;;0;1;0;1;0;0;0;1;0;1;0;2;;0;2;0;;1;0;;0;;0;0;;;;;;0;;0;;2;0;0;;;1;;;2;0;;0;;;;;;6;0;1;1;2;;;0;0;1;4;1;;;1;1;;1;1;;0;0;0;1;;1;0;2;5;;0;0;0;0;0;;0;1;;;;0;0;0;2;6;;0;;1;;;1;0;;0;;;;3;0;1;3;5;1;;0;1;2;;;;;1;1;0;;;;;3;0;0;;;;;1;2;;;;2;;1;0;;;3;;;;;;;1;;3;;;2;;;;1;0;0;;1;;;;0;;2;1;1;;;;3;1;0;1;5;1;;0;;0;0;;;0;0;;0;3;12;0;4;0;3;0;0;0;0;0;0;48;0;;4;0;0;1;4;0;3;6;0;6;0;;0;0;1;0;5;0;3;0;;2;0;0;2;0;0;0;7;5;0;10;0;0;1;3;0;7;1;0;1;;0;2;1;0;0;;;0;0;;;;0;0;;1;0;1
12071000;3;0;3;1;;1;0;0;1;0;0;0;1;0;0;0;0;3;1;0;0;;;;;0;0;5;0;3;;;0;0;2;2;0;1;0;0;0;1;0;;;;6;1;0;0;0;0;1;1;1;0;1;4;;;;0;;4;0;0;0;0;;0;;2;1;1;3;0;0;0;0;3;0;0;0;1;3;;0;;0;0;7;0;2;;2;0;2;;1;0;;0;0;0;0;0;5;0;;;;0;1;0;0;0;2;1;;;0;1;1;1;0;0;;0;0;;0;0;5;2;;0;0;;;0;;3;0;1;;0;2;1;1;0;;0;0;;;;;0;;;;;1;;;;;;0;;;1;2;;;0;1;;4;0;2;;3;0;1;0;0;;;0;0;;0;0;0;2;4;0;3;3;;1;0;2;0;0;0;0;0;1;1;0;1;3;3;;;0;0;0;0;3;0;0;;;0;3;3;0;0;1;1;0;;1;0;;0;0;0;;0;4;2;;;3;2;;2;1;1;;0;;0;0;;;0;2;;;0;0;;;1;1;;2;0;1;0;0;;;;1;1;0;;5;;0;1;0;2;;0;;;;1;1;0;;1;;1;0;;0;0;0;1;;0;0;0;;0;;;0;;0;;;;0;;;0;14;9;0;0;0;0;0;0;3;0;8;0;11;0;0;;0;0;4;0;2;0;9;4;0;3;6;0;0;0;0;12;0;4;0;14;0;0;1;8;4;0;1;0;1;4;3;2;0;1;1;2;0;2;0;0;;3;0;1;1;0;0;1;0;0;1;0;;;2;1;2;0;0
12072000;3;0;1;0;0;0;2;9;9;9;0;0;9;2;0;0;0;4;4;4;1;0;;0;0;0;0;3;0;7;;1;0;9;0;0;0;0;0;0;0;1;0;0;;0;0;0;0;0;3;1;0;2;4;7;0;0;1;0;5;1;0;0;1;0;3;0;;1;;;0;0;0;4;0;6;0;0;0;8;;3;2;0;0;0;0;;0;0;1;7;3;0;1;3;11;1;0;1;11;0;0;0;0;0;1;4;0;0;;1;0;3;1;0;0;0;4;3;5;5;0;0;0;0;0;0;0;0;1;0;0;0;0;0;0;4;0;0;0;0;2;;0;1;2;0;0;0;0;2;3;;;5;0;;0;3;0;0;1;;0;;0;0;0;0;0;;1;0;0;;0;2;6;;0;0;0;0;0;0;2;0;0;0;1;0;0;0;0;1;7;0;1;0;0;0;0;2;1;;4;;0;0;3;;1;0;0;1;0;2;0;;0;0;1;0;2;0;;3;0;0;0;0;2;;0;0;0;;3;4;0;2;3;0;1;1;1;0;0;0;0;0;;;2;;3;1;;0;2;4;0;0;0;12;2;0;;0;0;0;0;3;0;0;0;2;2;0;0;0;;0;0;0;0;;0;4;1;4;0;0;1;;;0;1;0;1;0;2;0;;;0;0;1;0;0;1;0;0;;0;0;;;0;;0;0;78;47;0;0;227;193;88;443;277;289;130;0;376;152;249;173;;306;5;3;13;3;14;9;27;0;6;5;19;0;0;19;3;18;0;0;1;7;9;10;0;10;0;4;5;2;0;5;0;0;7;12;70;2;0;1;0;0;5;;3;0;0;1;0;2;0;0;4;1;0;0;1;1;4
12073000;0;5;0;0;5;5;0;1;0;6;3;0;0;3;0;0;3;;1;;1;2;1;;1;0;1;3;0;0;;2;0;0;0;0;0;1;1;1;1;0;3;0;;1;0;0;11;1;0;0;0;;0;2;1;0;;3;3;10;0;2;0;0;1;1;0;0;;0;;2;0;0;0;0;1;0;0;0;0;3;0;0;3;0;0;0;3;1;0;;0;2;1;0;0;2;1;0;0;0;0;0;1;0;0;0;0;0;;;3;0;0;0;;4;1;0;;0;0;0;;3;1;3;3;;0;0;1;0;2;0;0;;0;0;0;0;8;3;;1;5;;1;0;0;1;;;1;;;0;;;0;;0;;;1;;;;0;;;0;0;0;;0;4;6;0;1;0;0;0;0;;0;0;1;;1;4;0;1;0;;0;1;4;0;0;0;0;1;0;;3;;0;0;4;0;1;1;3;0;1;0;;0;;4;;4;1;;;0;;;2;0;0;;;0;2;;2;0;;2;0;2;;1;;;0;;0;;;;;0;;;2;3;;1;;0;;1;1;;0;;0;;;;;1;;;;2;;0;;1;;;0;0;;2;0;0;;;;;1;4;1;2;;0;0;0;1;;;0;;;1;;0;0;;0;3;3;;;;;0;9;11;0;7;0;5;0;0;0;0;3;0;3;0;4;7;0;;7;0;53;12;5;2;15;0;0;5;4;6;0;22;2;2;0;0;4;6;3;0;6;7;1;7;0;1;2;0;1;;3;1;0;2;1;4;0;;1;0;0;0;0;0;0;0;2;2;0;;0;0;;;0
13003000;0;17;23;2;0;0;7;0;0;0;0;12;0;6;0;40;1;3;0;0;0;0;0;0;0;3;0;1;0;4;1;3;4;2;3;11;0;0;0;0;5;0;4;0;1;0;1;0;0;0;9;0;14;0;4;4;0;3;1;1;4;17;1;0;10;7;5;3;0;1;1;0;4;0;0;0;4;0;0;15;0;5;2;2;1;0;2;0;6;0;5;7;1;0;4;0;5;0;0;1;5;0;0;1;8;0;0;3;12;2;0;0;0;0;0;0;4;15;3;5;3;0;0;0;0;3;7;0;0;1;0;6;4;0;2;0;0;0;0;4;0;0;0;2;0;0;2;0;2;0;0;0;0;1;1;0;0;1;2;0;1;7;0;1;1;;0;;0;2;0;;0;0;0;;0;;0;0;7;2;0;3;4;0;0;1;0;0;0;0;0;0;8;2;15;0;0;0;0;0;0;0;10;0;2;0;0;0;0;11;0;1;0;0;9;0;0;2;3;0;5;18;3;1;0;0;4;0;0;0;2;3;0;0;3;;0;0;3;0;5;0;3;4;1;0;1;0;0;1;2;0;3;;;;4;;1;0;;0;4;3;;3;3;0;7;0;;0;0;1;;;0;5;0;10;2;0;;0;0;1;0;0;1;3;1;;0;;0;0;1;0;1;5;0;2;15;1;1;2;0;0;4;1;0;0;4;3;1;2;0;0;0;0;0;2;0;0;0;0;0;1;0;0;5;0;0;1;0;0;0;0;0;0;0;;0;0;220;0;0;0;0;1;0;0;0;0;0;0;5;0;0;0;0;0;6;0;5;0;0;0;3;3;0;0;1;0;0;2;0;0;0;0;0;1;0;1;0;0;0;0;;0;0;0;;0;5;0;0;0
13004000;0;2;23;0;0;0;0;0;0;0;21;0;3;0;0;0;0;1;0;0;0;0;0;2;0;8;0;0;0;0;0;1;0;3;2;5;0;0;1;0;0;0;2;1;0;;0;3;0;2;0;4;0;0;0;0;0;0;2;1;4;15;0;0;0;7;6;1;0;0;1;0;0;2;2;5;0;0;0;0;;0;5;0;3;1;0;0;0;0;6;5;1;0;1;1;1;0;2;;7;0;5;0;3;1;5;3;6;0;0;0;;0;0;0;0;11;1;8;1;0;2;0;0;0;;0;0;2;1;3;0;0;0;0;0;0;4;0;;3;0;;;;1;;0;0;;2;;3;0;3;;0;;;1;2;1;;;0;;;;0;;0;;;0;3;0;0;0;0;1;;0;2;0;0;0;0;;1;3;;1;0;;5;0;0;1;0;;;0;1;0;1;0;;0;;0;0;;2;0;0;;1;0;2;0;0;0;10;0;;0;1;1;4;0;;0;0;2;2;;0;0;0;1;1;2;0;;1;;;0;;3;1;;;;2;0;;2;;0;;1;;0;;;0;4;;;1;0;;;0;;;;1;0;1;0;5;;;0;;;;;;;0;0;0;1;;2;;0;0;0;4;0;2;2;;;0;;;;2;6;0;2;0;0;;4;1;;2;0;1;0;3;0;0;0;1;4;0;0;0;0;0;6;0;3;0;2;686;;429;427;603;387;509;123;5;0;0;1;0;3;0;0;0;1;16;0;0;0;0;1;0;1;0;4;2;0;0;0;0;0;0;8;0;0;0;0;0;3;0;5;1;0;0;;1;0;;;0;1;;0;0
13071000;0;8;12;0;0;0;0;0;2;2;0;0;0;0;0;0;0;0;4;0;9;2;2;0;1;0;3;0;3;0;0;0;0;0;2;0;5;0;0;1;0;8;0;7;0;0;7;0;1;4;3;4;0;0;2;0;0;1;0;3;1;10;3;0;0;1;0;3;2;9;0;1;0;0;0;0;3;0;10;0;0;0;0;0;0;0;0;2;0;0;4;0;3;0;4;8;0;1;0;2;0;0;0;11;1;3;0;3;0;0;2;5;0;0;0;0;1;1;0;2;0;0;1;0;0;4;2;0;0;0;2;0;0;0;;1;0;0;0;0;0;1;3;4;2;;0;;0;2;0;2;0;1;0;0;1;2;;0;;3;0;0;;0;0;1;0;0;0;0;0;0;0;1;0;0;0;0;0;0;0;0;0;0;;1;1;0;0;1;0;0;0;3;0;0;0;1;0;0;0;2;5;0;0;0;0;0;0;0;0;0;0;2;0;0;0;0;0;0;0;0;0;0;1;0;0;0;0;0;0;5;3;;2;0;0;0;0;1;0;0;0;;0;0;0;3;0;2;0;;3;1;1;0;10;1;0;0;0;;2;;1;0;2;0;0;1;0;0;0;2;1;;1;0;3;3;0;8;;2;;0;0;2;1;0;0;;0;0;0;2;;2;0;2;0;0;3;0;2;;0;0;0;0;0;0;0;;2;0;5;0;3;1;0;0;0;5;0;6;0;0;0;2;0;0;0;0;0;0;0;2;0;0;0;168;0;;20;0;6;0;0;0;0;5;0;0;2;0;6;3;0;8;1;0;1;0;20;1;1;0;1;1;0;0;0;0;0;0;0;0;0;0;0;0;0;0;1;0;0;0;1;0;1;2;1;0;2;2;0;0
13072000;3;14;14;0;4;4;0;0;0;1;1;9;1;9;0;0;4;0;1;1;0;0;0;0;5;0;0;3;1;0;8;0;0;0;5;0;0;0;0;0;5;0;4;3;0;;7;0;0;3;2;6;0;0;3;0;2;0;2;4;0;4;0;15;0;0;0;0;0;0;0;0;0;6;0;0;3;0;0;0;5;12;1;0;0;0;0;0;0;0;9;0;0;1;0;3;0;0;0;0;0;0;2;1;0;0;0;0;1;0;2;1;0;0;0;0;1;0;0;5;3;;0;0;0;0;;0;0;0;1;0;1;0;0;0;7;0;0;0;1;0;0;0;0;0;0;1;1;0;2;5;0;0;;0;0;0;0;0;1;1;0;;;1;1;;0;;1;0;;0;1;;0;;1;0;0;0;0;0;1;2;1;0;1;0;0;;3;0;0;1;0;;6;0;0;0;0;2;0;6;0;0;0;3;0;3;2;2;6;;0;0;0;2;4;0;4;0;0;;2;1;;0;2;1;0;0;0;2;;;0;0;;0;0;0;2;2;1;1;;;0;;1;0;;1;1;;0;1;;1;0;;1;0;;0;1;3;;1;4;0;0;0;;0;;;1;0;1;0;;0;0;0;0;4;4;0;0;0;0;1;0;0;5;;;;0;0;1;0;0;;3;1;0;1;0;0;2;2;0;0;5;0;0;1;0;1;0;3;0;0;0;0;3;0;0;0;0;2;0;0;0;0;1;0;0;0;0;0;;8;56;2;0;5;0;1;0;5;1;0;0;0;0;0;0;2;0;0;0;0;0;0;0;0;0;5;2;0;0;0;0;0;0;0;0;0;0;0;0;0;1;0;1;0;0;0;2;0;0;3;0;0
13073000;0;2;0;3;0;7;8;0;0;2;1;2;0;6;0;13;0;0;10;4;0;0;0;1;0;0;4;0;0;0;0;3;0;0;2;0;0;3;4;0;0;9;5;4;8;0;0;2;1;0;0;0;8;2;0;7;1;2;0;0;0;26;0;0;7;0;0;0;0;0;0;2;0;0;3;0;0;5;0;3;0;2;0;0;0;2;0;0;0;1;3;2;0;0;2;7;4;2;0;2;0;0;0;0;16;0;7;0;0;0;2;0;0;0;1;0;0;11;1;1;0;0;3;0;0;0;0;0;0;0;0;0;0;6;0;6;1;3;0;0;0;0;3;1;0;0;;1;0;0;1;0;0;0;3;0;1;0;0;;0;1;6;;0;1;0;;0;0;0;0;0;0;;0;2;0;11;0;0;5;6;0;2;0;0;1;3;0;0;0;0;0;1;0;6;0;0;4;0;0;4;0;0;0;5;0;1;0;8;3;2;0;0;1;1;0;0;7;2;0;1;0;0;2;1;0;0;1;2;0;1;1;3;5;0;0;3;0;4;0;0;0;1;0;0;;0;0;3;0;3;0;;;0;1;0;0;;0;6;1;2;0;0;0;3;0;1;0;0;0;0;0;0;0;0;0;0;0;0;0;0;0;0;0;0;0;0;0;;1;3;1;0;0;;4;1;0;0;2;8;3;3;1;2;0;3;;0;0;0;0;2;2;1;0;0;1;0;0;0;0;0;0;0;0;1;0;0;0;0;0;0;0;0;0;0;0;0;248;0;45;0;;25;43;0;5;0;0;3;0;0;0;9;0;0;0;0;3;0;4;0;0;5;0;0;0;0;9;0;0;0;0;0;0;1;0;8;0;0;0;0;0;0;2;2;2;0;0;0;0;0;0;0;0
13074000;6;21;0;0;0;0;20;0;6;0;5;8;0;8;0;0;7;0;5;0;0;3;0;0;0;0;26;2;3;3;0;0;0;0;0;15;6;10;2;0;0;0;0;0;8;;0;4;0;2;0;0;0;0;1;0;0;0;0;3;0;19;1;0;0;0;6;0;12;0;0;0;2;0;0;4;0;3;0;2;0;8;0;0;0;0;0;0;1;0;2;8;0;0;0;4;0;1;0;3;2;0;0;0;4;0;1;0;0;0;2;0;0;0;0;0;4;0;1;0;0;5;0;2;0;0;;0;0;0;4;0;0;0;1;0;1;2;0;0;0;0;0;2;2;0;1;;0;;1;0;6;1;0;0;0;0;0;0;2;0;10;;;0;1;1;;2;1;;0;0;0;2;0;0;3;0;0;0;4;0;2;0;;0;0;0;2;0;0;0;0;3;3;;0;2;1;0;0;0;5;0;0;;3;3;6;0;0;0;1;0;0;0;;0;0;1;2;0;2;1;0;0;0;1;2;0;0;0;4;2;;0;0;1;;1;0;0;3;0;0;0;1;;0;0;1;;;2;;3;3;;1;0;;;1;2;1;0;0;;1;2;3;;1;0;1;0;;0;1;1;1;0;0;;;3;0;3;2;1;;1;0;1;0;;;;0;0;;1;2;2;2;;0;0;;1;0;2;;1;0;1;1;1;0;0;1;0;0;0;0;0;0;4;0;0;0;0;0;2;0;5;0;1;0;0;0;76;0;0;0;0;;0;0;2;2;0;0;0;0;4;0;0;3;8;0;0;4;0;10;0;2;5;0;0;0;0;5;2;0;0;0;0;1;4;0;0;0;2;0;1;0;0;;0;0;3;0;1;1;1;0;1
13075000;1;20;0;0;0;2;0;0;0;6;0;12;0;0;0;67;7;0;0;0;6;0;0;2;0;0;8;8;2;10;0;0;0;0;0;0;0;3;0;5;0;0;2;2;0;0;13;0;0;4;0;0;2;0;;0;2;0;1;2;0;29;1;13;0;8;2;0;3;0;2;0;0;6;0;0;0;0;11;10;1;1;3;0;0;0;0;1;0;1;0;0;0;0;0;0;0;0;6;0;8;1;0;0;0;9;0;0;4;0;0;0;;0;0;2;3;0;4;0;0;0;5;0;5;0;1;0;0;0;0;0;0;0;2;0;0;5;4;0;0;1;4;0;0;0;;0;0;2;0;1;0;0;0;0;;0;;2;0;4;0;0;0;0;10;1;0;1;0;1;0;1;0;0;0;;0;0;0;0;0;3;0;0;1;4;0;;0;2;0;3;2;2;2;0;4;0;0;0;0;0;6;2;0;0;0;0;0;6;1;7;0;6;2;0;0;2;0;0;1;3;;0;0;0;0;2;0;0;0;2;0;0;0;0;0;0;0;1;5;0;0;3;1;2;0;;2;0;0;;9;0;0;0;2;1;0;0;1;1;0;0;4;0;0;0;6;2;4;0;3;0;2;2;1;;0;0;0;1;0;5;0;;2;3;1;1;0;0;0;0;2;2;2;0;;6;2;1;0;0;0;1;2;4;0;0;0;9;0;3;1;4;6;0;0;2;2;;0;8;0;5;9;0;0;4;0;0;0;0;0;0;0;0;2;0;0;79;0;94;0;0;0;;0;0;0;0;0;0;5;0;0;0;0;0;0;0;1;0;0;3;0;0;0;4;7;0;1;0;3;14;0;0;0;0;0;0;2;4;0;2;0;0;0;2;0;0;0;4;0;0;1;2
13076000;1;7;0;8;0;0;3;0;0;1;0;0;2;1;0;0;3;2;0;9;5;8;1;0;2;0;2;8;0;0;;0;0;0;5;0;13;11;1;3;0;9;7;0;0;0;2;1;0;4;0;0;0;1;;0;3;12;4;0;2;12;8;0;0;2;0;0;0;0;1;1;0;12;1;0;0;0;6;13;;0;0;0;2;0;0;1;0;;8;4;3;0;6;2;7;0;7;1;;1;5;1;5;0;2;1;8;4;2;0;0;2;4;5;1;1;0;1;0;0;6;0;0;0;;0;0;0;0;0;0;5;5;4;0;4;3;0;0;1;0;0;1;1;;;1;0;0;2;3;0;0;0;4;0;;1;1;11;0;;;0;0;1;0;0;1;1;1;0;;;;;0;0;0;0;3;0;1;0;0;0;0;;2;;0;1;0;1;4;5;0;2;0;;0;0;0;2;5;0;1;0;0;0;3;0;2;4;0;0;0;3;6;0;1;2;0;3;0;0;0;0;0;0;0;0;0;0;3;2;0;0;3;0;0;2;0;;0;;1;;0;2;4;1;1;1;0;;0;0;0;1;1;0;;;;0;;;1;1;2;8;5;3;0;;0;0;0;2;;0;;0;0;0;0;0;;;1;0;0;0;2;;1;;1;1;2;;0;;2;;1;0;0;0;0;;0;2;;6;0;2;1;4;0;0;0;3;2;0;0;4;0;0;0;0;0;0;0;0;0;15;0;6;5;437;0;464;425;232;141;393;;0;0;0;0;0;11;0;0;2;0;0;0;0;0;0;0;0;0;0;0;0;0;0;0;0;0;2;2;0;0;1;0;3;0;;3;1;2;0;0;;0;0;;3;0;0;6;0
14511000;0;3;7;;3;0;3;0;11;0;9;0;3;0;0;5;5;6;2;0;0;0;0;0;1;0;27;0;5;0;0;0;0;0;0;3;0;0;0;2;0;4;;3;1;0;0;0;3;0;0;0;5;1;2;0;1;0;0;2;1;8;16;11;5;1;4;0;1;6;0;1;0;0;0;0;4;2;0;6;0;7;0;1;0;0;2;0;0;0;0;6;1;0;3;3;0;1;0;0;0;1;5;7;0;9;5;2;3;0;0;2;1;0;3;6;8;2;0;4;0;1;0;8;0;0;0;7;0;9;0;6;3;5;0;0;0;2;0;0;6;1;2;0;2;0;0;0;6;1;0;5;0;0;0;0;1;0;0;0;2;2;4;;;4;0;;0;0;;0;;0;;0;0;0;27;11;4;2;14;0;0;0;0;6;3;3;15;2;16;0;10;5;5;0;2;0;19;10;0;2;0;0;5;0;2;6;0;0;2;13;0;0;0;0;0;8;6;0;29;0;3;0;0;0;3;4;0;1;4;0;0;0;0;0;4;0;0;6;0;0;0;0;0;1;1;0;3;10;2;0;0;0;1;6;10;0;0;1;2;0;0;0;3;0;3;0;0;0;0;1;4;0;0;7;0;0;1;7;0;3;0;0;1;3;1;5;0;0;0;1;0;0;0;1;0;0;0;0;3;3;0;0;1;0;2;3;0;3;0;0;2;5;0;0;0;0;0;1;0;0;0;0;1;6;1;0;11;4;0;0;0;0;0;6;0;;0;0;3;0;0;5;0;0;0;11;1;;2510;0;173;221;359;211;110;60;74;0;225;188;0;21;3;0;0;0;0;0;0;0;0;0;3;0;0;5;7;0;0;0;2;1;2;0;1;0;4;0;0;0;1;0;11;3;0;0
14521000;0;12;0;0;1;4;4;0;0;1;0;1;1;0;0;18;0;1;1;1;0;;7;0;0;0;5;7;0;3;0;0;0;0;0;0;;;;0;0;0;1;0;3;0;;1;0;0;1;;0;2;;1;0;3;0;0;0;3;1;11;1;0;2;0;1;;1;0;0;0;0;0;6;0;0;1;1;0;1;0;0;;0;2;0;1;2;0;1;1;0;1;5;1;0;0;5;6;2;4;0;3;3;2;0;0;4;2;0;2;1;4;0;10;;0;5;0;0;3;0;3;;4;4;0;4;0;4;7;0;2;2;0;0;0;0;0;0;0;0;0;6;2;4;6;;0;18;0;1;;;2;;0;0;0;3;;0;1;0;;3;0;0;2;0;2;0;0;0;0;0;3;0;0;0;0;1;0;0;0;2;0;0;;0;1;0;4;4;0;0;4;0;0;3;0;0;0;0;0;0;4;0;9;0;0;0;;;0;0;0;0;0;0;0;1;3;0;0;1;1;3;0;2;3;0;0;0;3;0;0;0;0;0;2;0;1;3;;0;;0;4;0;0;2;1;0;0;1;0;0;3;0;0;0;6;1;4;4;0;0;0;0;2;1;1;1;1;0;5;3;0;0;0;;4;4;;0;0;4;5;2;1;3;0;1;0;0;1;0;;0;0;0;0;0;;0;1;0;1;;0;0;0;0;0;0;0;;;0;;0;1;0;0;5;0;0;0;0;0;1;0;0;5;5;3;0;0;0;0;2;3;1;18;0;0;10;0;;274;198;565;252;314;226;103;132;0;0;0;0;11;5;0;0;6;6;0;3;0;0;0;0;4;10;8;0;0;5;0;1;3;0;1;0;0;4;0;3;1;1;0;0;0;0;5
14522000;8;4;2;1;6;1;2;0;3;0;4;4;0;0;1;6;13;0;0;2;0;0;1;9;2;0;9;0;1;0;1;0;0;0;2;2;0;6;0;2;0;5;5;0;3;3;7;8;0;1;3;4;0;;3;0;3;0;0;0;1;12;0;9;3;7;0;8;9;3;;2;0;1;0;0;4;0;0;0;1;6;2;1;0;0;0;0;7;2;6;0;2;;0;0;0;0;0;0;1;4;0;0;10;0;7;0;;0;1;0;3;0;7;3;3;7;0;0;2;0;6;0;0;1;0;0;1;0;4;0;7;0;0;3;0;4;0;0;0;;0;5;0;0;;0;2;0;0;0;0;1;0;0;;0;3;4;0;5;1;0;;0;4;;;0;1;0;2;0;0;0;1;0;3;0;9;2;0;3;2;0;5;0;0;0;3;1;12;0;1;1;2;0;0;0;0;0;3;0;1;0;6;0;0;0;0;2;0;4;2;0;4;0;0;0;4;0;2;10;3;0;0;0;0;0;2;0;0;0;1;0;;1;0;0;0;2;0;0;1;0;0;0;2;0;0;0;1;0;0;0;0;0;0;;0;0;0;;3;2;4;1;5;0;1;0;0;;0;10;3;0;0;0;0;0;4;9;;0;0;0;0;0;1;0;0;2;0;;0;0;1;0;;0;0;2;8;1;3;0;1;0;0;0;0;3;3;2;0;0;0;;0;0;;0;66;2;0;6;11;1;0;0;4;0;1;14;9;0;0;1;14;0;0;0;0;0;0;14;9;1;3;26;0;;0;0;0;3;0;0;0;0;0;0;0;1;0;1;0;0;4;0;0;0;0;6;0;3;0;4;7;3;0;0;0;0;0;3;0;0;6;1;0;0;0;3;4;2;0;38
14523000;0;7;3;;0;2;1;0;0;2;0;;0;0;0;0;4;0;5;4;0;;0;;;0;9;1;0;2;0;0;4;0;0;;0;0;0;0;0;3;1;0;1;0;1;0;0;1;2;0;4;7;1;;2;0;0;0;0;5;0;8;2;7;0;2;0;0;7;0;9;0;4;0;0;0;3;7;0;0;0;8;0;3;0;0;1;1;6;0;2;0;0;5;;2;0;0;0;7;1;0;0;8;3;6;3;0;1;3;0;3;0;6;2;0;0;5;2;0;0;0;0;0;;0;3;0;2;0;3;1;0;2;4;0;0;3;0;0;0;;2;0;2;0;4;0;;0;0;1;1;0;1;1;;0;0;0;2;0;;;0;;2;2;0;0;1;2;;0;0;5;3;1;0;0;0;0;0;0;5;0;0;0;1;0;2;1;0;0;0;3;0;0;0;0;0;0;;2;0;0;2;4;0;1;0;0;2;0;1;2;0;0;2;0;0;0;0;1;2;0;0;0;0;0;0;0;0;0;0;0;0;4;0;11;0;2;0;0;2;;0;0;;0;1;0;1;0;1;4;17;0;0;0;0;0;1;0;0;4;0;0;9;0;0;7;2;0;1;3;2;0;0;0;0;13;0;0;0;0;0;2;0;0;1;1;0;0;2;0;0;2;0;;0;2;3;0;1;0;0;0;0;0;0;0;1;0;0;0;7;0;2;6;7;1;6;0;6;3;0;0;10;0;0;0;0;0;6;0;0;0;1;3;0;5;0;3;2;0;7;6;3;0;0;9;;0;0;0;3;0;0;0;0;0;0;7;0;0;1;0;0;0;0;0;0;8;3;0;0;0;31;4;2;0;4;1;0;0;0;0;0;0;0;3;0;0;0;0;0;0
14524000;4;4;3;1;0;5;0;7;0;0;1;0;1;0;0;10;10;4;5;7;0;1;0;0;0;0;14;2;7;1;;2;0;0;1;0;0;0;1;4;0;2;2;;2;0;0;0;0;6;5;3;0;;0;0;0;5;2;0;3;11;0;0;11;20;4;4;1;0;1;4;10;0;3;0;5;1;0;2;2;15;;2;0;1;5;0;0;;0;2;4;0;4;0;8;7;8;2;0;0;0;0;0;7;3;4;0;0;3;3;1;1;0;0;0;12;1;0;6;0;0;4;12;0;1;11;0;0;4;1;1;2;0;9;0;0;3;0;1;0;1;1;4;0;1;;4;0;2;0;0;3;0;;0;1;0;4;0;1;0;0;2;0;0;;5;1;1;0;0;;3;0;0;;2;5;1;0;2;4;5;3;2;5;4;0;0;1;4;0;0;6;0;2;5;1;2;4;2;18;1;1;6;0;0;0;7;0;0;3;7;10;1;0;1;3;0;0;0;0;0;0;0;0;1;0;0;0;1;0;1;0;0;0;0;5;2;0;1;2;1;0;0;3;4;3;0;2;4;0;0;0;0;0;17;0;0;1;0;5;0;0;4;0;10;4;0;0;0;0;1;0;2;3;0;4;0;5;2;13;0;0;0;0;7;0;0;0;;2;4;0;1;1;1;0;0;0;0;0;1;1;0;0;0;0;1;4;0;0;0;10;0;;5;0;0;0;;1;31;11;0;1;7;10;0;0;0;8;0;0;3;0;8;4;0;3;1;5;3;0;0;14;11;21;1;0;0;10;20;;80;13;0;17;8;0;0;0;0;24;15;0;8;3;1;5;2;7;0;0;0;0;22;0;5;1;4;9;0;0;0;0;9;8;2;5;0;0;1;0;8;1;0;0
14612000;10;6;0;1;0;5;0;13;12;0;12;3;0;0;0;118;5;0;6;0;0;0;5;1;2;0;21;0;2;10;0;2;0;0;1;10;3;0;0;3;1;6;0;0;1;0;3;12;0;0;0;0;0;0;0;10;0;0;3;1;0;1;1;25;30;0;10;11;0;5;1;0;7;4;0;5;0;8;4;29;0;0;9;26;0;0;3;0;0;0;12;0;2;0;4;7;7;0;0;0;5;0;0;0;8;0;9;5;1;2;1;0;0;0;0;2;22;48;0;0;9;0;8;1;9;0;0;6;5;0;0;0;2;1;0;6;0;9;1;0;1;6;0;4;0;0;0;1;13;0;0;0;0;4;2;0;0;7;0;3;0;3;0;0;3;0;1;0;0;0;0;1;1;2;0;0;3;1;22;0;5;0;5;11;0;0;0;5;0;0;0;0;58;2;0;0;4;1;19;5;6;0;4;3;7;0;0;0;0;5;9;0;0;0;0;0;3;7;10;2;0;2;0;65;3;1;5;5;3;0;5;2;0;15;0;6;8;7;0;1;0;0;8;8;4;0;0;2;3;0;0;0;3;0;4;0;0;4;0;0;0;3;0;0;2;1;5;0;0;0;0;0;0;0;0;0;2;1;3;6;0;6;0;16;0;0;0;0;0;3;0;1;2;4;0;0;0;0;0;5;1;2;0;0;1;4;0;0;0;4;0;2;0;1;0;0;0;1;0;3;3;5;11;3;109;7;0;0;0;0;0;16;3;0;0;0;0;0;5;0;0;0;0;27;0;0;0;12;0;0;0;0;0;135;32;0;;299;0;646;817;0;1311;461;0;0;0;0;0;0;0;0;0;0;0;5;0;0;0;0;0;0;0;2;0;0;0;0;0;0;0;0;0;0;1;0;0;0;0;0
14625000;0;2;0;;0;0;3;2;1;1;3;0;;0;0;0;0;1;1;3;3;1;0;14;1;0;5;2;0;5;8;3;2;1;0;4;2;0;0;0;1;3;1;3;0;0;4;3;3;1;0;2;1;1;0;4;2;0;2;0;;10;0;0;5;4;0;0;0;1;3;0;0;6;0;0;0;0;4;0;2;9;0;0;0;3;0;0;0;;1;2;5;0;0;0;0;1;0;1;;6;2;3;0;6;2;3;1;0;0;0;0;0;0;0;0;6;0;0;0;;0;0;0;0;1;0;2;0;1;0;0;0;5;4;0;0;0;4;0;1;0;1;0;0;0;0;7;0;0;0;0;2;0;1;0;0;;2;;0;4;;;0;;;0;0;;0;;0;0;6;;;7;0;0;0;0;0;3;0;4;0;0;0;2;0;2;5;0;2;2;0;0;1;0;0;0;1;4;0;1;0;0;3;0;4;0;1;0;0;0;0;0;0;3;0;2;4;6;0;0;;0;0;0;4;3;2;;0;0;0;0;0;0;0;0;2;0;1;0;;0;;1;0;0;0;2;0;3;;2;0;0;0;7;1;0;4;1;2;2;;0;1;0;;0;0;2;1;2;3;1;2;0;0;;1;0;0;1;1;4;1;0;;;0;0;2;1;0;;0;;1;0;0;;;1;0;0;0;0;0;0;1;1;0;7;;1;7;;0;0;5;0;7;5;7;0;0;4;0;3;0;4;0;3;2;5;0;0;8;1;7;3;8;0;9;1;0;0;0;8;0;0;;61;11;0;0;0;0;4;0;3;0;3;1;0;9;0;0;0;0;0;1;10;15;8;2;0;4;2;1;;0;0;0;;2;4;1;0;1;1;0;6;0
14626000;3;5;0;;4;0;0;0;1;0;0;0;0;0;0;0;0;2;1;0;2;0;0;0;0;0;4;1;8;1;0;0;3;0;4;0;0;5;0;0;0;0;0;0;6;0;0;0;2;1;0;1;0;0;0;2;0;2;0;3;1;7;0;0;3;12;2;0;0;0;3;0;11;5;0;0;0;0;3;0;0;12;0;2;0;0;0;0;0;;18;1;6;0;0;0;5;0;1;;0;0;1;0;10;0;0;0;0;0;2;14;1;0;0;0;3;11;0;0;0;0;0;1;0;8;0;0;0;0;0;0;1;1;0;0;0;;0;2;6;0;0;0;;1;1;1;0;0;0;0;2;8;0;1;;0;0;3;0;0;9;;1;0;2;2;0;0;0;0;;2;0;0;0;1;0;0;0;0;5;0;0;0;;1;1;0;6;2;0;0;0;9;1;0;0;1;0;0;4;1;0;0;0;0;0;5;5;0;0;0;1;;2;0;0;0;0;0;4;0;0;0;0;0;0;0;0;0;0;1;0;0;0;0;0;0;1;0;2;0;2;0;0;0;3;0;0;0;1;;2;0;0;0;2;0;1;2;0;0;5;1;1;2;0;2;0;1;4;0;2;4;0;0;0;1;0;2;0;5;5;0;0;4;0;0;1;0;0;1;0;2;0;0;;0;0;0;0;3;0;2;0;;0;0;0;0;0;8;0;0;0;3;2;1;7;0;0;;0;0;29;2;0;6;0;0;0;5;0;3;0;5;0;0;0;0;0;0;4;0;4;0;3;16;1;0;0;9;0;8;152;0;;0;6;0;0;0;0;1;14;0;7;2;0;2;0;0;0;1;2;2;1;18;14;3;1;0;0;0;0;0;12;0;0;1;0;3;2;0;8;3;0;0
14627000;0;0;2;0;;5;4;1;4;3;0;0;2;0;2;35;3;0;0;2;1;0;4;0;0;0;3;1;1;0;;0;0;0;;1;1;0;0;0;0;1;;0;;1;0;0;1;2;3;1;7;2;0;0;2;0;;0;;0;4;5;4;14;0;5;1;0;0;3;0;1;3;0;0;0;0;0;0;6;4;2;0;3;0;0;0;5;4;6;0;0;3;5;1;0;0;0;;2;0;1;0;9;;0;0;0;0;0;1;1;0;1;0;0;0;0;0;0;0;;0;0;0;2;1;0;0;2;2;6;1;3;0;1;0;9;0;1;0;0;1;0;;;2;12;1;0;0;3;0;;0;;;0;;0;0;1;;0;;;3;2;;0;;;;0;0;;5;0;0;0;5;1;3;0;0;2;0;1;2;0;0;3;0;4;4;0;0;0;0;2;0;0;7;2;5;0;0;0;0;0;0;1;4;0;6;0;0;3;1;0;0;0;4;0;0;0;0;0;1;0;0;0;0;0;1;0;0;0;0;0;4;0;0;1;2;;0;3;0;0;1;0;1;0;3;1;1;1;0;1;0;0;0;0;;0;1;1;0;0;1;1;3;6;1;;1;0;;1;2;1;;0;0;1;0;0;1;0;0;;2;1;3;0;1;0;1;0;;1;0;3;0;0;0;0;1;0;0;1;0;1;0;0;2;6;1;0;0;;0;1;0;0;0;0;2;47;0;1;0;0;0;0;0;0;5;1;1;1;3;0;6;6;2;4;0;0;0;81;4;0;0;0;25;;0;0;0;0;0;0;11;0;13;0;0;3;0;0;0;0;1;0;0;0;5;0;9;2;0;0;0;0;0;0;0;2;0;3;0;1;6;0;0;0
14628000;1;1;0;0;;0;0;0;7;0;0;0;0;0;0;25;0;1;0;;0;0;3;0;0;0;0;0;1;4;;0;0;1;0;1;0;6;1;1;0;11;0;1;0;;0;3;0;2;0;0;2;0;0;1;6;0;0;;0;0;0;3;0;0;0;0;1;0;;0;0;0;0;0;0;2;5;0;0;2;1;0;0;0;0;;0;2;7;0;0;1;1;0;0;1;0;2;;7;0;0;0;0;4;2;;1;5;0;;0;0;8;0;5;;0;0;0;0;;0;0;0;0;6;4;4;1;1;0;0;0;1;0;0;0;0;0;1;2;;3;1;2;;0;1;4;2;6;0;0;;;0;1;;2;0;2;;;;0;0;1;;0;;0;;0;0;;0;4;0;0;1;0;0;0;0;0;0;0;2;1;4;0;0;0;3;1;4;0;0;1;1;5;0;0;0;2;0;0;0;3;7;5;0;;1;0;0;3;1;;0;1;0;2;4;0;0;0;1;0;4;0;0;2;1;1;0;0;;3;0;0;2;0;0;0;0;0;0;2;0;1;0;1;0;1;0;1;0;1;0;4;0;;0;2;0;2;0;2;2;0;0;0;1;0;0;1;0;0;0;0;0;0;1;0;4;3;0;0;;;3;;0;0;1;2;;0;0;0;0;0;2;0;4;0;2;0;1;;0;1;0;0;0;1;;1;0;;0;0;0;4;3;7;2;5;4;0;7;13;6;0;0;;0;6;2;5;0;9;0;23;0;7;9;0;0;107;6;0;0;23;0;16;;0;0;0;1;2;0;1;1;0;2;5;1;6;0;0;0;0;3;0;1;0;0;2;0;0;1;1;0;0;1;0;3;0;0;0;0;0;0;1
14713000;6;11;14;0;0;4;4;5;2;0;0;12;0;8;0;84;0;0;0;0;0;0;5;0;0;0;0;5;0;0;1;0;0;2;4;0;7;0;2;0;4;2;1;0;0;0;1;0;0;0;7;9;3;0;3;0;0;0;0;1;0;42;12;54;31;5;0;3;11;0;0;2;10;0;10;0;0;1;7;0;3;0;4;9;3;0;6;0;24;4;18;0;11;0;21;0;3;15;0;0;9;9;4;0;18;5;4;3;4;5;5;0;1;0;8;6;11;48;16;0;6;0;4;0;0;0;0;25;0;6;0;6;0;0;8;0;3;0;12;10;10;3;0;10;0;8;0;0;1;0;0;0;0;0;0;2;6;1;0;0;1;0;0;2;1;0;11;5;5;5;0;0;0;1;0;0;0;0;0;0;7;0;0;0;0;9;0;0;0;1;1;1;1;10;0;0;0;0;0;0;5;0;0;0;0;0;0;0;2;0;0;17;4;0;0;5;0;3;16;0;0;0;3;0;4;5;7;6;4;0;0;0;0;0;1;3;9;0;0;0;4;0;0;0;1;0;0;0;0;0;0;0;17;1;0;0;0;1;0;0;0;0;0;0;8;3;0;0;0;0;0;0;0;0;0;0;0;0;1;0;0;0;0;4;0;0;0;1;0;0;0;0;7;0;0;0;0;2;0;0;0;0;0;2;0;0;7;0;4;5;1;0;0;5;0;11;6;0;12;2;0;6;0;0;0;0;0;0;0;0;0;0;0;0;0;0;0;0;0;0;2;0;0;3;0;0;7;39;0;7;1;438;342;518;11;152;148;207;92;134;241;;2081;2102;11;0;0;0;64;0;112;0;0;15;310;8;0;0;0;0;0;0;0;0;0;0;0;0;0;0;0;0;0;0;0;0;0;0;0;54
14729000;0;0;4;;2;3;0;0;3;;0;0;2;0;0;1;2;2;3;0;0;0;0;2;0;0;0;4;1;0;1;2;0;0;0;2;0;0;0;0;2;0;0;5;2;;0;5;1;0;9;1;6;0;3;0;0;0;2;5;;8;0;2;6;0;2;0;1;2;5;0;3;;0;0;0;12;7;0;0;0;0;0;1;1;0;0;0;0;6;6;0;0;6;0;3;7;0;0;0;3;1;0;4;0;1;0;3;0;2;0;;0;0;1;0;0;0;0;5;0;0;2;1;0;;10;0;0;4;2;2;0;0;10;0;0;0;0;9;4;7;2;4;2;2;4;3;13;;1;3;1;0;0;0;2;;0;1;12;0;;0;1;;;1;0;;1;;;0;1;0;;0;10;1;4;0;0;4;0;0;0;1;0;0;;0;0;0;1;4;1;5;0;1;0;0;0;0;0;4;0;0;0;3;2;1;0;0;1;2;0;0;0;6;0;0;0;1;0;2;0;0;0;0;0;0;0;2;;0;0;6;2;;0;0;2;0;1;0;;0;0;0;0;0;;4;1;;;0;2;;3;1;1;5;0;0;0;1;2;4;0;1;0;;0;6;0;1;3;0;2;5;0;0;0;0;1;5;4;0;0;0;1;0;3;;0;0;2;0;;1;0;0;;0;;;0;0;0;0;0;1;;;1;0;0;0;0;2;0;0;1;0;1;1;0;15;0;1;0;14;0;0;0;4;5;0;0;0;7;2;0;6;0;6;11;4;0;34;188;91;54;0;164;88;147;89;0;;0;5;16;0;0;8;1;11;9;6;0;29;0;0;8;0;0;12;0;0;0;2;0;1;1;0;8;1;1;7;0;0;0;2;0;0;4
14730000;0;0;0;1;0;0;1;0;0;;0;0;9;0;0;0;3;1;2;1;0;3;0;1;1;0;0;0;13;2;0;0;3;0;0;2;0;1;;4;0;0;0;1;;1;0;1;2;0;0;0;0;;0;2;0;5;0;;1;5;4;0;18;1;4;0;4;2;0;0;3;0;0;1;4;0;2;7;5;0;2;0;3;1;0;4;2;0;1;1;0;1;4;0;1;0;3;0;0;3;0;0;2;0;0;2;2;0;0;1;0;0;0;0;3;5;1;0;2;2;3;3;0;3;0;2;1;0;3;0;;3;0;0;0;0;2;2;4;1;3;1;0;0;0;0;0;;1;;2;4;0;0;;0;1;;;1;3;;0;;0;;0;0;0;;1;;0;0;0;0;0;0;6;0;5;2;0;0;;0;3;0;0;1;1;5;0;2;4;0;7;0;4;0;0;0;0;0;4;0;0;0;0;2;0;0;0;5;0;0;2;6;;;1;6;2;;0;0;0;2;0;0;1;0;0;0;0;0;0;0;0;6;3;2;0;;0;0;0;0;0;3;0;1;1;0;0;0;0;1;0;0;;0;1;7;0;6;1;;0;0;2;3;0;0;0;0;0;2;0;3;;0;1;0;;2;2;2;0;0;0;0;0;0;0;2;;0;0;2;2;0;0;;;;;1;;0;0;1;;;0;0;1;0;0;1;0;0;16;3;0;0;0;8;7;37;0;0;0;8;3;0;5;0;0;0;0;6;2;0;0;0;2;13;2;0;200;292;117;168;0;159;242;280;255;0;204;;0;34;0;0;98;5;1;0;0;0;19;4;0;39;0;9;2;2;5;8;0;0;2;0;0;2;10;0;0;1;0;5;0;1;0;0
15001000;0;1;0;0;2;1;0;2;3;;;3;0;0;4;7;4;0;4;0;0;0;0;2;0;0;13;6;;0;;1;5;0;0;0;0;3;1;0;1;0;0;0;0;;0;6;1;0;0;0;0;;;;;0;0;;;2;0;14;4;3;;1;;2;;2;0;11;1;1;0;;0;2;0;2;5;1;4;1;1;0;0;;13;1;;;0;2;1;0;1;2;1;3;0;0;0;0;;1;1;;0;0;;2;0;0;1;0;1;0;0;;0;;6;0;1;3;;0;0;;1;1;0;0;0;;0;1;0;0;0;1;0;0;0;0;0;;0;;;0;0;0;0;;1;0;1;0;0;;;2;0;;;0;3;;;0;;;0;0;3;2;3;0;2;0;0;0;1;0;0;2;0;;0;0;;2;2;;0;0;1;0;0;2;;0;3;;0;;0;0;0;0;1;0;3;0;0;7;4;0;1;0;0;;;1;;0;2;;0;0;;2;0;2;0;0;0;2;0;2;0;;1;;;;;1;0;;3;1;;0;;;;;3;;5;0;1;0;0;;;3;0;1;1;0;0;0;;;;1;2;5;;0;0;;0;1;0;0;0;;3;1;;5;;0;;0;1;0;0;;0;;0;;0;;2;;1;;;0;0;;;2;;;31;6;2;0;2;0;0;0;0;6;0;0;2;0;0;0;0;0;0;0;2;0;2;8;0;0;0;1;3;3;2;3;3;0;0;1;0;0;0;4;;2;0;1;0;2;0;0;9;0;0;0;0;0;5;0;0;4;5;0;0;2;6;0;4;1;0;0;1;1;;0;0;1;0;0
15002000;0;9;15;0;0;4;6;1;2;2;3;0;1;9;5;65;36;4;13;0;0;1;5;0;11;0;79;3;0;16;0;0;7;0;7;0;1;0;1;9;0;4;0;3;2;0;5;2;10;0;0;0;5;2;0;0;2;0;0;0;3;31;12;14;16;9;9;0;2;3;13;7;16;0;5;2;0;5;24;29;1;18;9;5;0;0;0;2;1;4;5;0;10;2;12;0;0;6;0;8;2;5;0;1;12;24;1;0;10;0;0;0;1;0;0;1;15;21;4;9;0;0;4;0;11;0;0;9;0;0;4;0;0;19;1;1;2;0;2;0;0;7;0;3;2;4;2;1;3;2;0;0;0;0;4;0;;5;;3;1;2;10;0;6;0;0;;5;3;0;0;2;0;1;0;0;0;16;2;0;4;2;0;2;3;0;0;2;10;3;0;0;7;0;2;0;1;13;6;0;0;1;0;11;0;6;1;0;1;2;3;1;0;0;9;7;5;0;0;0;2;3;28;0;0;0;5;0;1;0;0;0;0;0;1;0;0;4;0;0;0;2;5;0;3;4;3;6;1;1;0;5;0;0;0;5;1;7;1;;0;0;0;0;0;1;4;0;0;0;0;1;0;1;0;0;0;0;0;0;0;2;19;0;0;2;0;0;0;2;0;0;3;8;6;1;2;0;0;2;0;5;0;6;;0;;1;0;0;0;0;0;1;0;4;0;11;6;1;0;1;1;119;0;0;9;0;0;15;0;0;0;5;13;0;0;13;2;0;5;0;8;4;4;16;0;1;4;5;0;0;0;0;0;5;4;0;5;0;164;0;0;0;;0;0;0;0;0;0;14;10;415;0;0;0;4;0;10;2;0;3;0;0;0;0;12;0;0;0;0;0;1;0;1;0;0;0
15003000;0;0;6;0;0;0;0;0;4;0;0;0;0;0;9;28;17;0;25;0;0;0;0;0;0;0;13;0;0;5;0;4;0;0;3;1;3;9;0;0;0;9;0;0;10;0;11;0;0;0;2;0;0;0;0;1;4;5;0;2;4;16;4;21;4;3;9;18;0;12;2;12;8;3;3;0;5;7;0;51;1;19;0;2;4;5;0;0;8;;8;3;0;6;5;0;0;15;3;9;2;4;0;0;0;4;19;3;14;0;0;0;5;0;0;6;8;37;11;1;0;8;1;0;4;0;1;0;5;1;0;0;0;0;;5;0;0;7;0;0;0;16;6;0;2;0;2;4;2;;9;0;0;0;0;0;0;0;0;0;1;21;1;1;0;1;6;0;0;;2;;6;0;0;0;0;53;0;6;0;0;0;5;7;1;0;5;4;8;;6;3;7;5;13;0;9;5;1;0;0;6;0;0;0;0;7;1;6;0;;0;2;0;0;3;4;3;0;1;3;48;2;1;1;2;3;0;1;0;3;4;2;1;0;0;3;2;0;0;1;1;3;2;0;1;2;;0;0;0;2;0;2;1;4;5;4;0;;;0;0;0;0;0;6;0;2;1;;0;3;0;0;0;2;0;0;5;0;8;0;1;2;1;3;;0;1;1;0;0;0;2;0;;14;1;0;1;0;0;2;2;0;4;0;0;0;0;0;2;0;1;0;9;1;0;0;0;;0;0;4;0;0;1;3;0;0;0;0;0;0;0;0;0;2;0;0;0;0;0;9;25;0;0;3;0;0;6;0;0;29;0;0;0;1;109;17;3;27;73;;0;0;269;15;5;74;0;82;151;0;24;2;6;4;0;0;2;2;0;0;0;0;0;0;3;0;0;0;0;0;0;0;0
15081000;0;8;0;3;0;5;0;0;0;2;0;0;0;0;0;3;22;1;46;0;0;0;3;0;9;0;3;;5;3;0;1;4;0;0;0;0;9;0;0;8;0;1;3;1;;1;0;1;0;2;0;0;1;;0;0;2;0;;0;0;0;1;9;8;0;0;1;;;0;3;4;3;2;0;0;4;0;;0;0;1;2;0;0;;0;;8;0;1;0;4;0;0;0;0;0;0;0;5;0;;14;0;0;1;0;0;0;;1;1;2;;7;2;0;;0;;;0;2;1;0;0;0;0;;;1;1;0;4;;2;0;2;0;;;;0;0;1;2;;0;;;;;;;1;0;1;;;0;;;;0;;;0;2;;0;0;;;0;;0;;;2;1;0;;2;0;2;;;0;1;1;;0;1;0;;0;0;0;;;0;0;1;0;2;3;0;0;0;1;1;1;;0;;;;2;;0;3;2;;;;1;;0;0;0;0;0;;;;1;1;0;0;1;0;0;4;;;;1;;0;7;;;;2;;;2;;;1;;0;1;;;2;1;0;;;;0;;0;;;2;1;;;3;;1;0;;1;;;0;;;0;;0;;;;;;0;;1;;;;;0;0;0;2;4;0;;;1;;;0;;1;0;0;0;3;0;9;1;0;0;0;0;0;0;0;0;0;5;0;0;0;10;2;0;10;2;5;0;8;3;2;0;3;3;8;3;4;0;0;6;0;1;0;14;20;;0;53;9;0;0;0;0;0;29;0;5;1;0;3;0;2;1;1;0;4;0;2;1;1;0;;0;0;0;;0;1
15082000;0;1;1;1;0;0;1;2;8;1;1;2;0;2;0;19;28;1;0;0;1;8;1;0;5;0;15;0;;2;0;0;0;0;0;0;2;0;2;0;2;1;0;2;;1;1;1;1;0;0;2;0;1;4;0;1;7;2;0;0;0;6;0;0;2;;3;1;;0;4;3;0;0;2;0;1;6;5;1;5;0;0;0;0;0;6;1;;1;1;0;4;11;0;0;2;0;2;1;6;0;4;1;7;0;1;1;0;0;0;1;0;0;0;3;11;0;4;1;3;0;1;1;0;;6;0;3;0;4;2;7;0;0;0;0;0;0;0;2;0;1;;0;;;0;0;;0;0;0;;;0;;;0;0;0;2;;;;;;0;9;0;;;0;0;2;0;;2;0;0;2;0;3;;0;0;0;2;0;2;;0;0;0;2;0;0;2;1;0;0;0;7;4;1;0;;0;0;2;3;;2;5;0;1;;4;3;2;1;0;3;;1;1;1;2;0;1;0;4;;0;1;;1;1;3;1;;0;0;0;;0;0;0;2;1;1;2;0;0;;1;2;1;;5;0;0;1;0;0;;3;3;2;0;;1;1;;;;0;0;1;2;2;0;0;0;0;2;;2;0;;;0;;0;1;;;2;1;2;0;3;2;1;;;2;0;3;0;1;1;0;0;2;;2;2;;3;;;;6;0;0;3;0;0;0;1;0;3;0;5;0;1;0;0;0;0;0;5;0;0;2;0;0;1;1;5;1;2;0;0;17;0;0;0;0;0;0;0;56;57;30;5;;0;0;0;7;0;0;0;4;3;0;0;16;0;7;0;5;1;0;0;1;1;1;;0;0;0;0;0;1;1;1
15083000;0;4;0;1;1;1;;3;0;0;2;4;7;1;6;16;18;0;0;0;0;0;2;0;0;0;6;0;2;0;4;0;10;0;0;2;0;0;0;0;0;1;5;0;6;0;8;2;2;0;6;5;1;3;3;0;2;1;0;;;8;0;2;9;1;0;0;1;7;;0;0;0;2;0;4;3;0;3;0;0;0;1;;0;3;0;;0;6;6;7;5;1;0;0;3;0;1;4;0;7;0;2;3;3;2;0;0;0;0;0;0;0;0;0;3;0;2;1;2;9;2;0;0;0;0;0;0;0;0;;2;0;3;1;2;0;3;3;0;3;1;0;2;0;;0;0;;;2;;;2;0;1;0;0;0;;2;0;;;0;;1;;;;;1;0;;;;0;0;0;;0;;2;1;7;0;1;;0;0;0;3;0;1;0;;4;0;4;0;;1;0;0;7;;0;;3;1;;0;1;;1;0;;1;3;0;0;9;;;0;1;;0;2;0;0;1;0;;;0;0;1;0;1;1;5;3;2;;;0;;0;0;5;;1;;1;1;0;1;;2;0;1;0;0;;0;3;;0;3;1;3;;0;;1;0;;;2;0;3;3;;;1;;1;;0;;1;1;0;3;2;0;0;0;0;1;;3;;1;;;0;0;1;;;;2;;0;0;;;0;;0;0;0;0;;5;0;0;0;3;0;0;4;0;8;0;0;0;0;1;9;1;2;5;0;0;4;4;10;0;5;1;0;1;0;0;3;1;19;0;0;0;18;0;0;5;;0;0;0;0;0;0;0;8;4;1;3;;2;0;0;2;1;1;2;2;0;0;3;9;;2;0;0;2;4
15084000;0;0;1;;0;2;0;0;0;2;2;0;7;3;2;4;3;2;0;2;;0;0;0;0;0;2;1;1;5;0;0;4;0;0;0;0;0;4;3;1;6;3;0;;2;1;0;3;3;2;0;13;0;0;2;3;2;1;4;;0;3;0;7;7;1;0;3;2;0;1;5;0;5;0;6;5;0;0;2;1;2;8;0;3;1;3;2;0;0;1;0;4;0;0;0;2;8;0;0;4;5;3;1;10;0;0;1;3;2;0;0;0;3;2;5;0;7;0;2;14;5;6;0;2;2;0;3;2;0;;0;1;1;8;2;3;7;2;3;1;0;0;;;;;2;0;;0;0;2;0;1;3;;0;4;;0;;1;3;;0;;;3;2;0;;;0;2;;;0;0;0;0;0;0;;0;0;0;2;0;2;;0;0;0;5;0;3;5;1;6;0;0;0;0;0;0;0;0;1;4;2;4;0;2;;0;4;0;0;0;2;;0;1;1;2;0;1;0;2;1;0;0;2;0;0;0;8;0;1;0;0;0;3;4;;2;1;0;0;0;2;;;9;2;;0;;4;0;0;1;0;4;;;1;;2;0;0;1;1;0;5;3;0;4;;4;0;0;1;12;1;0;1;4;0;0;0;0;0;0;1;0;2;6;0;0;0;0;3;1;0;;;0;0;0;7;0;0;6;1;0;0;1;1;;3;;13;0;0;0;0;0;0;0;0;0;0;7;0;2;0;1;0;0;0;0;0;0;2;10;6;2;1;8;0;0;5;0;0;3;5;3;0;0;0;0;2;110;0;0;1;14;;0;2;10;93;27;0;12;12;31;0;0;0;0;0;3;3;22;0;5;15;2;5;0;0;1;14;0;0;6
15085000;0;6;0;0;3;0;3;0;0;1;13;0;0;0;1;0;8;8;16;0;19;0;6;0;0;50;0;2;2;20;0;0;0;0;0;0;3;0;0;0;0;4;1;0;1;0;1;0;0;0;0;0;1;6;;0;0;0;0;0;0;0;0;0;0;2;0;0;0;2;0;2;5;0;3;0;0;2;0;0;0;0;0;0;0;0;1;0;4;;0;0;0;4;2;0;0;2;0;3;0;0;0;0;0;9;0;0;1;0;1;0;2;0;1;0;0;4;0;0;;0;1;2;0;0;0;0;0;0;0;1;0;0;;2;0;3;8;0;0;1;0;;2;1;2;0;0;5;1;0;2;0;0;;0;0;5;0;;0;0;0;;;1;;;4;;0;0;0;1;0;0;;0;0;0;0;4;0;1;0;0;0;0;0;0;1;2;0;0;0;0;;0;0;2;1;1;1;0;0;0;0;0;0;0;0;0;0;0;0;1;1;0;6;6;0;2;1;0;1;0;0;;5;0;;1;1;0;0;0;0;0;;;3;0;0;0;0;;0;0;;0;2;4;;1;1;0;0;6;0;3;0;4;5;0;0;1;1;0;0;2;0;;;0;0;3;0;1;1;0;1;0;1;;0;0;0;1;0;1;0;2;0;2;0;0;0;0;0;0;0;2;2;6;;3;;0;0;;0;2;0;0;1;0;0;6;;0;;0;0;0;0;0;8;14;0;0;0;0;0;0;0;0;2;0;0;0;8;0;0;0;0;3;0;8;0;8;12;0;2;2;0;19;0;0;0;0;12;0;2;169;997;0;214;435;516;616;;242;361;560;879;214;323;8;2;3;0;0;0;0;7;0;0;0;5;0;;1;0;1;0;1;0;5;0
15086000;1;4;1;;1;3;1;1;0;0;0;0;3;1;2;0;0;2;1;10;1;2;2;1;0;0;0;;0;4;0;0;0;2;0;0;0;0;2;4;1;0;0;2;;;0;;1;0;3;1;0;1;7;0;;0;1;0;2;10;1;0;0;4;;6;3;;;1;0;;1;1;;0;0;1;0;0;2;0;0;3;0;5;0;;0;0;0;1;2;0;0;0;0;0;1;0;0;4;0;0;2;;1;;3;1;1;0;7;0;0;2;;1;0;1;;;0;0;;0;;1;0;0;1;0;1;1;1;;1;0;1;0;;1;;;;;2;0;1;1;1;0;;;0;;;0;0;1;1;;;;;;;;1;;0;0;0;;1;;0;;0;;0;;;1;;1;0;6;0;0;0;1;1;0;0;;;;1;2;;0;1;;0;0;5;;0;0;0;0;0;0;1;0;;2;1;0;;0;1;;2;2;;1;0;1;;1;1;;0;;0;;0;2;1;1;0;;2;1;;;;0;;;;0;;0;;0;;1;;;2;;;1;3;0;;;0;1;;0;;1;;;;;;3;;3;0;;;0;;0;;;0;;0;0;2;;4;;1;;;;;0;;0;;0;;;0;0;;;3;0;;;;;0;0;6;5;0;0;3;0;13;0;0;0;2;11;0;2;0;0;1;3;0;11;3;3;4;0;0;2;0;3;0;0;5;1;6;2;0;5;0;7;0;0;0;4;0;19;0;0;;0;2;0;37;1;0;;3;;;1;3;1;2;0;;0;;2;;2;;2;0;1;0;1
15087000;0;0;8;;0;;0;2;0;1;1;1;3;0;2;0;3;1;2;0;7;1;6;4;2;3;6;6;1;5;0;3;1;3;1;;;2;1;1;0;4;0;;0;1;0;;1;1;0;0;0;0;1;0;;1;0;2;;2;2;0;3;11;3;0;0;1;0;0;0;4;0;1;1;0;0;1;0;2;0;0;2;0;0;0;0;0;9;3;;0;2;0;;2;0;;1;0;1;0;0;0;0;0;0;0;0;0;0;0;1;3;1;0;0;0;;0;2;0;0;;0;0;1;1;0;1;0;0;0;0;0;0;6;0;0;0;1;;2;0;;1;2;0;3;;1;2;0;0;0;0;;1;;0;0;1;;;0;;1;0;;;2;;1;0;2;2;1;0;3;0;1;0;;0;1;0;0;;0;;2;7;0;1;2;0;0;0;0;1;1;1;0;;0;;0;0;0;4;0;0;0;0;;0;0;0;0;0;2;0;;1;0;0;0;0;2;;;0;0;1;;;0;1;0;2;0;;0;2;;;0;0;0;0;1;0;;0;;;2;;1;2;0;1;3;3;;0;1;;1;2;;;;0;1;0;0;;1;;1;0;;0;1;0;0;;0;1;;;0;0;1;0;2;0;;3;0;1;1;;0;;0;3;0;0;0;1;0;0;1;0;0;0;;0;0;4;0;3;0;1;2;1;0;0;0;2;3;;1;0;0;1;2;0;0;1;6;5;0;0;2;5;2;0;8;3;6;0;7;3;6;1;0;0;1;3;16;0;13;9;10;8;0;0;17;;0;0;0;0;19;0;0;0;0;0;0;3;2;0;0;0;4;2;0;8;0;0;0;0;2;0
15088000;0;3;4;2;0;0;0;0;0;;1;6;3;0;0;12;6;0;3;2;0;3;1;1;0;0;2;0;0;0;0;1;2;0;1;0;;4;0;0;0;1;5;1;;0;5;0;0;0;2;1;0;0;0;1;0;1;;0;;9;0;0;6;0;1;7;0;1;3;0;0;2;2;3;0;1;0;2;3;0;1;0;0;0;1;0;0;0;0;2;;;19;1;0;2;3;2;0;3;3;0;3;44;1;0;1;0;0;4;0;;1;1;0;0;0;0;0;1;0;0;0;0;;0;0;0;0;;10;0;0;0;1;0;0;0;0;;3;3;0;3;0;;0;2;;1;0;0;2;0;;0;;0;;0;0;;1;0;2;;0;5;0;0;0;1;;1;6;;1;0;0;8;0;1;2;0;;0;0;0;2;1;4;0;1;2;8;0;0;1;0;0;0;0;3;0;3;3;1;0;0;0;0;3;0;;0;3;0;;1;2;8;0;0;1;4;0;0;0;0;0;0;;1;1;1;2;2;0;3;0;5;1;4;;1;;2;0;2;0;0;1;0;2;0;0;0;1;1;0;0;0;3;;;0;1;;0;0;0;7;0;0;0;0;;3;1;5;0;0;;0;4;0;8;1;0;1;;1;0;;1;2;0;1;0;2;1;1;1;;0;;0;1;1;0;1;1;2;9;0;0;2;1;;3;;;3;;0;0;0;1;0;0;0;0;3;0;0;0;10;0;0;2;;0;3;3;0;10;0;0;0;4;0;0;0;2;27;2;14;3;5;0;0;0;19;0;0;6;57;6;0;0;0;59;;66;0;0;0;11;7;0;4;4;1;9;3;5;0;0;0;3;0;0;0;3;3;0;3;1
15089000;2;8;0;2;0;2;0;0;0;0;6;1;0;0;0;17;0;6;7;5;0;0;0;0;0;0;0;0;5;6;0;4;0;4;4;0;1;0;;1;1;3;0;2;1;;0;4;0;6;4;0;0;2;1;0;0;0;3;0;2;8;4;9;8;3;2;1;6;5;0;1;0;0;2;1;5;4;0;0;1;0;0;0;0;0;0;7;11;3;2;4;3;3;0;0;0;0;0;0;0;0;5;0;5;2;3;0;4;0;0;0;0;4;0;6;1;10;5;15;0;0;0;7;1;0;1;0;0;0;0;0;2;1;;0;5;0;2;0;0;2;0;0;;2;0;0;0;0;0;0;;3;1;0;;0;;;;0;4;0;1;0;0;0;0;0;3;1;0;;0;0;1;0;0;0;0;0;6;0;1;1;1;1;2;1;0;0;0;0;2;0;0;0;0;1;0;3;1;0;2;0;7;0;1;1;0;0;0;0;3;1;3;0;2;0;1;;0;8;;1;0;0;;1;1;0;0;0;0;0;0;1;2;1;0;1;;0;2;0;;0;0;0;0;0;0;0;2;;0;1;3;0;;1;;0;1;1;;0;;;;0;;;;0;;1;0;1;;1;3;0;0;0;1;0;0;0;0;8;0;2;0;0;0;1;0;0;0;0;2;0;0;1;0;;0;2;0;;;4;0;0;;0;0;1;2;;1;0;0;5;0;0;12;1;0;2;0;0;0;0;1;0;0;0;0;0;0;5;0;12;13;7;0;0;2;4;0;0;0;0;0;0;0;10;0;0;3;0;90;62;0;43;48;59;0;0;23;37;0;;22;2;12;0;0;1;5;0;0;10;0;0;4;0;0;;0;0;0;4;0;0;0;0
15090000;2;4;11;0;0;4;6;1;0;1;0;1;2;2;6;0;8;0;14;6;0;0;1;5;3;0;4;0;;0;3;0;0;11;5;0;0;0;0;1;0;0;0;;0;0;0;3;3;0;0;2;7;2;0;;1;6;1;0;0;0;0;0;2;0;0;0;2;1;1;;3;0;0;5;0;3;0;0;0;0;0;0;0;0;0;0;0;;0;0;6;0;0;3;;0;0;0;1;2;1;1;0;7;0;1;3;0;;0;0;0;1;0;1;0;1;1;1;0;3;3;0;1;;0;0;0;0;0;0;2;0;1;0;0;0;0;0;;;0;;;3;;1;;2;;0;0;0;0;1;0;;1;;3;3;0;;0;;1;3;1;0;;;5;;;0;3;7;2;0;0;0;2;;0;;1;;0;0;;1;0;;;3;2;0;0;0;0;;0;2;0;0;0;;2;0;0;;0;0;2;0;0;0;3;0;;1;0;;0;;;3;;2;;;0;0;0;1;1;1;2;1;1;0;;0;1;;;;;;;5;5;0;;;0;0;;1;;;;0;0;;1;0;;3;1;;0;;0;0;;;2;;0;0;0;;0;;;;1;1;1;;1;0;;;;0;0;0;1;;0;6;;;;;1;;;1;;;0;2;0;7;0;;;;1;0;0;5;0;0;0;0;0;0;3;0;3;0;0;0;8;0;0;0;6;5;5;3;10;6;0;5;0;3;0;0;3;0;3;0;0;0;13;3;0;6;0;92;0;0;34;2;0;0;4;5;0;;0;0;0;3;0;0;;1;4;2;0;0;0;1;;2;0;2;2;0;0;4;0
15091000;1;0;1;0;0;2;0;0;0;1;1;;0;;0;0;3;0;;0;0;0;0;;0;0;26;1;0;0;0;1;0;0;0;2;2;0;3;2;2;7;;0;;;0;5;0;2;1;1;0;0;0;0;0;0;0;5;0;4;5;0;0;0;;7;0;1;4;0;0;1;4;0;0;0;0;0;;4;1;0;;0;0;0;6;0;0;0;0;2;2;0;0;1;0;0;0;2;2;;0;13;1;1;0;0;0;0;4;5;0;1;0;3;1;0;;0;0;0;3;0;1;0;0;0;0;0;2;0;1;0;1;;3;2;1;;1;;0;;0;2;0;0;5;0;;;2;;;0;3;;;0;0;;1;2;2;;3;1;0;;;;0;0;0;1;1;0;0;4;0;0;2;3;1;0;1;2;0;1;2;2;0;0;0;;0;;1;2;0;0;0;;0;0;;1;1;;0;1;0;1;2;;2;0;0;2;4;0;1;1;0;0;0;1;2;0;0;1;;;;0;1;;0;;0;;;0;1;0;1;;2;1;0;;;2;3;;1;;1;;0;0;0;2;;;1;0;1;0;1;2;0;;;;0;2;1;0;1;0;0;0;1;;2;;0;;5;;0;1;0;;1;;0;1;0;3;0;;1;;0;0;;1;0;;0;2;0;0;0;;2;0;;1;0;0;2;1;0;3;0;0;1;0;1;4;8;0;0;0;1;0;3;0;7;7;8;7;2;0;0;4;0;0;3;5;9;0;0;3;0;10;0;0;5;58;0;2;0;0;0;0;0;0;13;0;11;;4;0;7;;0;;0;0;1;2;0;0;;0;1;0;0;0;0;0;4;0
16051000;0;3;4;0;3;0;0;5;0;7;6;0;6;6;1;19;0;0;0;0;5;4;6;0;1;3;28;2;0;0;2;0;5;0;1;0;0;1;0;0;10;0;6;0;0;3;0;5;4;0;0;0;0;1;0;0;;0;1;1;;26;1;12;18;7;4;0;6;1;6;0;7;2;2;14;2;0;14;32;3;0;4;0;4;0;0;2;1;0;11;1;3;0;8;1;0;0;5;0;2;0;9;0;5;2;5;0;6;2;0;0;2;3;2;5;7;19;0;16;1;2;5;5;0;0;1;15;7;0;0;0;0;9;0;0;12;0;0;0;0;0;6;3;2;1;;1;0;0;0;7;0;0;3;;0;0;3;3;2;5;0;0;0;0;2;3;4;3;0;0;0;;;0;4;1;17;0;0;0;4;0;4;0;0;3;0;2;5;0;3;11;0;0;4;0;0;1;1;0;0;4;8;7;0;1;0;0;7;0;0;0;0;4;6;5;1;0;0;1;1;14;0;0;1;2;5;1;2;4;4;1;0;2;2;3;4;0;1;0;0;0;3;5;1;0;1;0;1;0;0;;0;0;2;0;0;0;0;4;0;0;0;1;0;0;0;4;0;2;0;0;0;1;0;0;;0;0;0;2;37;0;0;2;5;0;7;0;0;0;1;0;0;0;5;0;7;4;0;0;2;0;1;0;0;0;2;0;1;0;0;0;1;1;3;1;0;0;10;0;0;0;1;0;0;4;5;0;0;0;5;0;1;1;3;13;0;0;0;0;1;0;4;5;7;2;3;0;3;0;0;2;0;33;0;0;0;0;173;17;1;0;0;0;0;0;0;0;0;4;0;5;0;2;0;;0;0;0;0;0;0;0;45;0;0;42;160;0;13;0;0;0;0;0;0;0
16052000;1;0;0;0;3;1;1;2;0;1;0;0;1;1;2;0;8;3;0;0;3;;0;0;0;0;3;0;0;5;1;0;1;3;5;1;;6;1;0;0;2;1;2;0;0;4;0;0;1;1;2;0;1;;0;1;0;0;0;;3;2;6;4;6;0;0;1;5;1;3;22;0;0;0;;3;4;8;1;0;1;2;1;1;1;3;1;1;11;2;0;0;3;2;0;1;3;1;;1;12;2;1;5;1;4;3;2;0;0;0;0;3;0;2;7;0;3;0;0;0;0;2;0;;0;0;0;0;0;2;0;0;0;0;0;0;0;;0;1;6;;0;;0;0;1;0;1;1;3;2;;1;0;1;2;1;0;1;;1;1;0;;0;;;1;0;;0;;0;;5;0;6;3;0;6;0;2;0;0;;2;0;0;2;0;5;1;1;0;0;0;0;5;;1;0;0;0;0;0;0;;;0;2;2;1;;4;4;2;0;0;0;0;3;0;4;0;0;0;3;1;4;3;0;;0;0;0;0;3;1;0;0;0;2;4;;2;;;0;1;;0;0;;0;4;2;0;0;0;4;5;0;1;0;0;0;0;3;0;2;0;6;0;0;1;1;0;0;1;12;2;0;1;0;0;0;0;;;0;0;0;0;0;0;0;1;1;0;0;0;1;1;0;0;0;;1;0;3;0;0;0;1;0;0;0;;3;0;19;0;0;;0;3;4;2;;1;3;2;0;0;0;0;2;6;0;5;8;11;3;7;1;11;4;0;0;0;10;32;24;0;0;0;12;46;2;0;4;9;0;0;3;0;0;0;;1;0;0;2;4;5;;0;0;0;0;0;0;0;0;0;0;0;0;0;0;0;0;0;0;0;0
16053000;0;14;2;;0;2;0;0;6;1;0;2;4;0;3;44;14;0;0;3;0;1;0;0;0;0;0;0;0;4;1;0;2;0;0;0;0;0;0;0;2;0;0;0;3;1;12;0;3;0;0;0;1;0;0;2;4;0;0;0;0;3;1;29;10;0;0;5;0;1;0;2;3;0;3;3;0;4;0;57;0;5;0;0;1;1;0;1;9;;1;10;0;1;13;0;0;8;10;0;2;1;0;6;8;14;0;;1;2;1;2;;0;1;0;5;25;2;8;0;0;0;3;0;0;0;4;0;0;5;1;2;6;1;6;6;0;0;0;0;2;0;1;;;0;;1;1;0;0;0;1;;0;2;0;1;0;;4;8;0;2;;0;;0;0;;1;2;0;3;0;3;;2;6;9;0;1;0;2;0;;2;3;1;4;1;4;2;0;0;1;0;0;2;0;2;0;0;2;0;1;0;0;4;5;0;0;7;5;0;1;2;1;4;0;4;0;20;1;4;3;0;4;2;0;0;3;7;0;0;3;1;0;1;1;0;1;0;0;1;0;0;0;1;;0;;1;4;;;;4;0;2;0;0;1;0;3;0;10;0;1;0;0;0;0;0;0;0;3;1;0;0;7;0;3;3;1;1;1;0;0;0;0;0;0;13;0;0;0;0;0;1;0;0;5;18;;3;;0;3;;2;0;2;0;1;0;0;3;;0;1;0;1;38;3;0;0;12;1;0;0;0;1;2;0;0;0;2;0;2;0;0;0;3;2;6;0;0;16;2;0;4;0;0;0;43;0;0;0;0;172;0;0;1;0;0;1;0;0;13;0;0;0;0;3;0;0;68;60;;0;0;0;0;0;3;0;0;0;0;0;0;84;0;0;219;0;0;3
16054000;;3;2;0;;;0;;0;;2;0;1;;;0;1;;1;;0;;0;0;0;0;0;;;0;;;;2;;1;;;;0;0;3;;;;;0;;0;0;3;4;0;;;5;2;0;1;;;3;;0;0;9;;0;2;4;1;4;4;3;1;;;1;0;0;;0;0;1;;1;1;2;;;0;0;0;0;0;0;;2;1;0;0;;0;;;;;0;;;4;1;;2;;0;1;1;1;0;0;;0;0;2;0;;0;0;2;0;;2;0;2;0;0;;8;0;0;0;0;;;2;;0;;;0;0;0;1;1;2;;;;0;;1;;;;;;;;;0;0;;;0;;;;0;0;1;0;0;0;1;0;;;0;;1;;0;0;0;7;2;;6;0;0;;2;;1;;3;0;1;2;0;2;0;2;0;1;0;;;0;;0;;0;7;1;4;0;;;;4;1;;;;6;1;4;;2;;;;;2;;;2;;;0;0;1;;;;;2;0;;;;;;0;;2;0;0;;2;0;6;1;;17;0;0;2;;2;;3;;2;3;0;1;0;1;0;0;0;6;2;0;4;2;1;1;3;9;3;0;1;;;;1;;0;1;0;;0;;0;0;1;1;;1;;0;;;;3;0;1;0;;;2;0;0;0;0;;;1;3;0;0;1;1;4;0;3;0;0;0;0;0;0;13;0;0;4;0;7;0;0;0;0;10;0;1;;3;0;;3;0;0;1;;768;269;315;;161;284;315;447;456;335;470;342;352;178;317;269;149;348;298;246;389;166
16055000;1;3;6;;0;;0;3;0;0;2;4;3;;0;9;0;1;;;1;0;5;1;1;0;1;;3;1;;;;0;0;0;9;3;;;1;0;2;0;0;0;2;1;0;0;;1;3;;1;7;;1;;2;;6;0;3;5;0;3;0;1;8;;0;4;1;0;0;1;1;8;20;1;2;0;0;0;0;0;0;5;0;2;6;;0;;5;0;2;0;0;1;0;0;0;10;9;1;1;;0;2;0;0;0;1;0;5;0;0;0;0;0;0;0;6;0;0;0;0;0;2;0;6;0;0;4;5;7;0;2;2;0;2;0;0;0;1;;2;0;;;6;3;1;2;;0;;0;0;2;7;4;0;;1;;;0;;0;0;;0;0;2;;0;1;0;1;8;0;3;0;0;4;0;0;3;1;3;0;0;0;4;0;0;0;1;4;0;7;2;0;0;;0;1;0;0;0;0;0;0;0;2;1;8;4;1;4;14;0;2;0;;0;0;0;;0;0;0;0;;;0;0;0;0;0;0;3;0;0;0;0;1;3;0;2;;1;;0;3;0;;0;;0;0;1;;;3;0;0;0;0;0;1;1;0;0;0;4;2;0;3;0;4;;0;2;0;0;;0;0;1;0;2;;2;0;0;0;1;1;2;0;0;;;1;;1;;;0;0;0;1;;0;2;2;0;0;;2;32;0;0;2;6;0;3;0;5;3;0;1;0;1;7;2;0;2;;5;0;5;0;0;4;4;2;12;0;0;0;0;1;0;0;0;1;54;3;0;0;0;4;1;0;0;11;2;;0;0;0;1;0;41;5;1;0;;2;3;0;0;0;0;0;0;0;0;0;0;3;0;0;2;0
16061000;0;0;0;;1;0;0;0;1;;0;3;0;6;2;6;5;2;5;1;6;;0;0;2;63;1;1;0;3;0;0;3;0;1;0;;0;0;0;0;2;0;0;6;;0;0;;3;0;3;2;1;0;0;0;0;1;0;1;10;0;3;5;0;;;1;;2;2;;0;0;0;;0;0;4;0;4;0;1;0;;1;0;5;;4;7;0;0;0;3;1;4;0;1;0;0;2;10;0;4;2;1;0;10;0;0;0;0;0;1;0;0;2;;1;0;0;;1;0;;0;0;0;6;0;0;1;0;16;0;2;6;0;3;15;;1;;0;;;1;0;0;0;;;;;1;;;0;;0;2;;0;0;;;0;;;0;0;;0;0;0;;1;0;1;;0;;0;0;0;;1;0;;;0;0;0;2;0;1;1;0;0;;;2;1;0;1;;;;4;2;0;;4;3;1;2;;1;0;0;0;4;;;0;0;0;;;1;0;0;0;0;;;0;1;;;2;0;;0;;;;;;0;0;;;0;;0;1;;0;;;;1;0;;0;;;;0;3;0;0;;0;;;0;;;;0;;0;;;0;;;;1;;0;0;0;;;;2;1;;0;0;;;0;;;1;;;;1;0;0;;1;;;;;0;4;2;3;1;2;1;1;;1;;2;4;3;2;2;0;1;0;0;0;0;2;0;2;3;4;0;1;4;1;1;0;0;0;2;0;0;37;1;0;6;0;0;0;2;2;2;1;0;4;0;12;;;63;63;24;0;0;;28;16;0;0;1;0;2;0;0;0;0;5;0;0;0;0
16062000;4;1;2;0;0;3;0;0;1;1;0;3;4;1;1;23;2;5;6;1;0;2;0;0;4;0;18;1;0;0;0;1;0;3;0;0;;1;0;2;0;5;;1;;0;2;1;2;1;0;1;0;0;;2;2;2;0;1;;5;0;4;6;14;0;0;8;0;;5;3;3;0;1;;0;1;0;0;4;0;0;0;1;1;0;20;;3;0;0;1;0;0;;0;2;0;0;0;3;0;0;1;0;2;1;;0;;;0;0;1;6;8;1;0;0;5;2;1;4;0;;4;1;3;1;0;;12;2;9;0;0;0;3;0;0;0;;0;0;;0;2;;0;2;4;1;;;;1;;0;;1;0;0;1;1;;;;0;1;1;;;0;0;6;0;0;0;1;4;2;0;0;0;;1;0;0;0;0;8;1;3;0;4;;0;0;0;;;2;0;2;1;;3;;0;;0;1;1;0;;;;4;0;;1;14;1;0;0;0;4;1;;0;0;1;;;1;0;1;0;;;0;2;1;3;;0;;;0;0;;;1;;0;0;2;1;0;1;0;;;;0;2;6;1;0;;0;3;0;;1;;;;;3;0;0;1;0;1;1;0;0;;1;;2;3;1;0;4;0;2;0;0;0;2;5;;;;0;1;1;1;0;0;;;;;2;1;1;0;;;27;1;2;2;8;0;6;0;4;0;3;0;2;0;;0;0;;1;1;0;1;1;7;2;0;1;0;0;3;0;0;17;0;4;0;1;21;0;5;5;32;0;0;0;0;9;3;0;9;0;3;0;2;36;3;33;0;0;0;;0;20;0;0;3;0;1;0;0;0;1;0;0;0;5
16063000;2;0;5;;;0;0;2;2;;9;1;3;2;0;13;0;0;0;1;0;0;1;0;0;1;11;0;0;0;0;;0;0;0;2;;0;;0;2;0;5;3;0;1;1;1;0;0;3;0;0;;1;3;;0;0;4;0;7;0;0;9;12;1;;4;7;;8;0;;0;12;0;0;3;1;0;2;2;1;2;1;0;1;0;0;3;2;4;5;1;1;0;6;0;0;0;4;4;4;1;3;1;2;0;0;1;0;;0;2;0;1;20;5;4;3;0;2;0;0;3;3;0;0;0;1;2;1;4;4;0;0;26;4;0;1;32;3;0;0;0;1;;0;0;0;0;0;0;;;1;0;0;2;0;6;0;;1;0;0;2;2;2;0;0;0;;0;;0;1;1;0;0;4;0;0;0;0;0;0;2;;0;0;0;0;1;2;0;4;1;0;0;0;2;0;4;0;2;0;0;1;8;4;3;0;0;0;0;0;0;8;0;0;1;13;0;;0;;0;0;0;0;1;0;;0;0;0;6;;4;0;;0;0;2;4;;0;0;0;1;;0;0;2;1;1;0;0;0;0;0;1;1;2;;6;3;7;0;0;1;2;4;0;5;2;0;0;0;6;3;7;;2;0;0;0;1;2;;0;0;5;0;0;0;3;0;0;0;0;3;4;;5;2;2;2;1;0;0;2;0;5;1;1;0;2;0;5;0;0;0;3;1;;2;0;3;0;0;1;0;13;0;;0;3;0;0;2;0;7;3;10;6;0;0;;0;0;4;0;2;20;0;5;2;3;40;5;1;0;6;1;0;0;0;0;0;0;0;0;0;0;3;55;11;6;0;11;0;8;;29;0;0;0;0;0;0;0;0;0;2;1;0;3
16064000;0;3;1;2;0;1;0;0;3;0;2;2;0;;5;5;8;0;1;2;0;0;0;0;;0;0;0;0;2;;0;0;1;1;;0;3;;0;18;2;;;0;1;0;0;0;0;0;0;1;;;0;7;1;;;;15;;1;0;20;1;1;0;;0;0;0;4;0;0;1;0;3;0;;2;2;1;0;2;2;0;0;3;9;0;0;1;2;0;0;0;0;0;0;0;0;2;1;0;0;3;0;2;1;0;1;2;6;0;0;0;1;2;0;0;2;0;2;3;0;0;0;0;0;0;0;3;0;10;0;5;0;0;0;13;0;0;;1;0;1;0;1;0;0;2;0;;;1;1;1;2;0;1;0;;1;;0;;1;;;;0;;0;;1;;0;1;1;;0;0;;0;0;0;0;2;;;0;0;0;0;0;1;2;4;1;;1;0;0;4;2;0;1;0;2;1;0;5;6;1;6;;;;;;0;0;1;0;0;0;;;0;1;0;0;0;0;;;0;2;;2;;0;1;;0;;1;0;;0;0;0;3;;1;;1;0;0;2;;0;0;0;;0;1;1;0;3;0;0;;0;0;;0;1;0;;4;13;1;;0;1;0;0;2;0;2;;0;4;0;0;2;;0;3;0;0;;1;;;0;0;1;0;;0;;0;0;1;8;;;;;;0;4;4;0;0;0;0;2;0;0;0;0;0;0;0;7;5;1;1;0;0;0;1;1;11;2;0;0;0;1;0;3;11;;2;3;0;11;0;0;0;3;8;1;1;0;0;7;0;0;0;0;0;0;0;57;0;0;21;37;0;0;;9;0;0;0;1;6;0;0;5;0;0;1;6
16065000;0;0;1;0;1;1;1;0;;;1;1;2;1;1;1;1;0;0;0;0;0;0;0;6;5;5;0;;0;0;0;0;0;0;7;1;0;0;0;2;1;0;;1;;;;;;0;1;0;;1;0;0;;;;;4;;2;2;2;0;2;;;1;0;0;0;0;1;3;2;0;0;;0;;0;0;;1;0;3;;0;0;0;;8;0;;0;2;1;;0;3;0;4;3;0;1;2;0;0;0;0;0;0;1;1;2;2;0;;;0;0;0;0;0;0;1;;0;2;0;1;0;2;0;7;2;4;0;9;0;2;0;3;;1;2;;2;0;0;0;0;;;;;;;2;;;;;;;0;;;0;;;4;2;0;;0;;0;;0;0;0;0;;;;0;2;;0;0;1;;0;0;0;2;;1;0;;0;;0;;2;0;0;0;0;1;0;6;;;0;1;0;0;0;2;0;;;;0;0;0;;0;;;0;0;5;0;;0;0;;0;;0;;;;5;;0;;;;0;;;3;0;;;;;0;0;;;0;;0;0;0;;1;2;;0;1;3;;2;0;5;;5;1;;0;;1;1;0;2;1;;1;;;0;0;;1;0;1;;;;;0;;;;;;1;;;0;;1;;0;;0;0;0;;3;4;2;0;3;0;0;;0;0;0;;2;2;1;1;0;0;1;2;0;0;0;1;0;0;0;1;7;0;1;3;0;4;0;1;1;15;10;0;1;0;0;5;1;39;0;1;2;0;51;113;8;0;3;13;48;7;0;;1;1;0;0;0;1;0;0;3;0;3;0
16066000;1;8;2;;1;1;0;1;;0;1;3;0;1;2;16;3;0;1;;0;0;0;;0;0;12;0;0;1;1;2;0;0;0;3;0;0;0;;0;0;;5;1;6;0;3;;;1;0;1;0;0;9;3;0;;0;1;10;1;5;0;11;0;2;0;3;1;2;3;2;1;0;0;3;3;10;3;4;2;3;0;3;0;1;0;1;0;3;;2;0;0;0;0;1;0;0;0;1;0;2;17;;0;5;6;0;0;3;2;0;0;4;0;2;1;4;5;0;4;0;6;1;3;0;1;0;0;2;0;0;0;9;0;0;4;0;2;0;0;0;1;0;1;0;0;0;0;0;1;1;2;;0;;;0;1;1;0;3;;;;0;;0;0;;1;1;2;0;;2;6;4;0;0;3;0;0;0;0;0;0;0;0;0;1;;0;4;5;0;3;0;0;0;4;4;;5;0;2;2;1;1;2;9;0;4;0;;2;0;0;;1;8;;3;0;0;0;0;1;2;0;0;0;1;0;0;4;0;0;0;0;1;2;6;2;;1;;1;0;4;0;0;;2;2;0;;0;3;0;;2;0;1;3;1;1;2;1;0;2;0;2;0;;3;3;0;0;0;0;;0;0;1;1;1;0;3;0;0;8;0;8;5;0;5;4;0;7;0;12;;0;0;1;0;1;3;0;4;4;0;4;0;1;;;0;5;0;20;1;1;0;3;0;0;;0;0;0;5;0;2;2;;0;0;2;4;3;3;0;8;4;9;0;0;4;16;1;0;7;1;0;5;0;31;4;0;0;0;2;0;0;0;2;1;;9;5;0;0;0;99;13;19;0;7;0;3;66;2;0;;48;11;0;4;0;11;0;0;0;1;6
16067000;2;6;0;0;0;1;;0;4;;4;0;2;0;2;17;2;;2;3;4;0;3;;2;0;12;2;1;0;0;0;2;3;5;0;1;0;;2;3;3;1;;;3;0;5;0;;4;1;3;4;;0;2;3;0;0;1;1;;0;3;1;0;6;;1;0;0;0;1;0;1;3;0;0;1;1;0;0;0;0;;2;0;0;;1;1;2;2;0;4;;0;0;2;4;0;1;1;2;20;1;;5;0;6;1;;0;1;0;0;0;2;0;2;0;0;0;4;;0;3;0;2;5;0;0;0;0;3;0;1;6;0;1;6;4;3;3;2;1;;6;1;0;0;0;;;0;0;0;2;0;;3;1;0;;1;;;3;0;;;1;;1;1;0;0;2;0;0;0;0;1;2;2;2;0;0;1;0;;0;0;0;2;4;;0;0;0;;0;0;0;;0;1;3;1;3;0;0;0;8;0;0;1;0;0;0;4;0;0;0;0;0;0;7;;1;;0;0;3;;2;4;3;;;1;;0;0;0;0;;0;;0;0;1;;0;0;0;1;6;0;0;0;2;1;0;0;0;1;0;1;0;0;1;0;0;0;0;;0;1;1;0;;2;;3;;0;0;0;;0;;0;0;0;1;3;3;4;4;0;0;0;0;0;0;;;0;1;2;2;4;2;;2;0;1;;1;1;;;6;0;0;0;0;4;;1;3;1;1;5;0;;0;1;1;3;3;1;1;4;2;0;3;3;0;5;5;10;3;0;17;3;11;0;0;8;0;0;0;5;1;0;0;0;0;0;1;3;3;0;3;0;0;8;4;0;6;0;0;55;49;0;0;;0;5;68;0;1;0;4;0;8;0
16068000;0;5;0;;2;;;1;;2;;2;;0;0;3;1;0;2;0;1;;;;0;0;3;5;;0;;;3;;;0;;0;;0;;;;;0;;;0;3;0;0;1;1;;0;0;2;0;0;0;;0;0;5;2;1;0;5;0;0;;0;2;;0;1;1;0;4;0;2;0;;2;;;;1;2;;4;1;0;1;1;1;1;0;;;0;0;0;1;;2;0;1;;0;0;2;;2;2;;;0;;3;;0;0;0;0;0;;0;;1;0;0;;1;4;0;0;0;0;2;0;;1;0;1;0;;;1;;;;0;2;2;;0;;;1;;1;0;;;;;;0;;;;;0;2;;2;0;0;;0;;;;2;;1;1;;1;;;0;0;;2;0;;0;1;0;0;0;;2;0;1;;;;0;1;2;0;;2;0;1;1;0;0;;;0;;;0;1;0;0;1;;0;1;;;;0;0;;1;0;;0;0;;;;0;0;0;1;;;0;0;;;0;;;1;0;0;0;2;;0;;1;2;;;7;0;0;0;;0;2;;1;0;0;0;;0;;;2;;;2;1;0;0;0;3;0;0;;;0;0;2;0;;;;;;1;0;0;;2;0;0;0;1;;;;;0;0;0;;2;0;0;;0;;;2;1;1;0;1;3;0;1;;;0;0;0;;3;4;0;0;0;0;0;4;;5;1;0;5;0;0;3;3;3;0;0;2;0;0;;0;0;2;0;;0;6;5;0;23;0;4;0;35;83;0;19;;0;28;0;1;0;0;2;9;0
16069000;;1;1;;;;;0;1;0;0;0;2;0;;5;2;;;;0;0;0;0;;0;4;3;3;;;0;;;;1;;;;;;;;;;;0;;;8;;1;;0;;0;;;;;;3;;1;0;;2;0;;;;0;2;1;0;0;2;;;1;;0;;;0;0;;0;1;;1;1;2;;0;0;2;4;0;0;4;0;1;;;3;;0;0;;;;;0;2;;2;1;0;0;0;;3;;0;1;0;0;;0;0;1;1;0;0;1;0;0;0;1;0;1;0;0;2;1;;7;2;;1;;2;;;;;;;8;;;;0;;;0;;1;;;0;0;;0;;0;;0;7;0;;3;1;2;0;;0;0;0;1;;4;0;0;0;0;1;0;0;0;3;0;3;5;;0;;0;3;2;1;2;;0;0;0;2;0;6;0;0;;0;1;;;;0;0;2;0;0;0;0;0;0;;4;2;;0;;0;1;0;;0;3;;0;0;2;1;0;0;;0;0;0;;0;0;1;0;0;;3;1;17;;2;1;28;0;2;0;1;0;;;1;5;13;2;0;2;0;5;0;0;0;;;1;2;0;5;6;1;1;1;0;0;3;1;;1;;0;2;;;;0;0;3;;2;;;;4;;6;;;0;;1;;;0;0;2;0;1;1;0;;0;1;0;3;0;2;1;0;1;0;;0;3;0;4;0;10;0;0;0;2;4;0;3;1;1;0;0;;3;0;;0;0;0;;;4;44;18;22;0;3;0;0;44;0;4;41;0;3;;0;6;0;5;0;0;0;6
16070000;3;1;1;;;3;0;0;;0;0;2;0;0;1;17;8;0;9;0;0;1;0;0;0;0;6;2;1;0;1;3;0;0;1;5;0;0;0;1;2;1;;;0;1;3;0;1;0;0;;4;1;;0;0;0;0;;2;0;2;2;0;9;1;0;0;0;0;;1;0;0;0;0;2;0;5;7;5;0;3;0;0;2;0;0;4;0;5;1;1;0;;;0;0;0;0;0;6;0;3;11;3;;5;0;0;4;1;6;0;0;0;11;7;2;1;5;0;1;0;0;4;8;0;1;5;0;4;0;2;3;0;0;3;0;1;0;3;11;2;;1;;3;0;0;1;1;1;;1;0;1;0;0;;;2;;;;0;2;1;;;0;;;0;0;1;;11;7;0;2;1;2;4;0;0;0;0;0;6;0;8;0;3;6;4;;19;0;0;1;1;2;0;3;0;0;1;1;4;0;3;7;2;0;0;0;0;2;4;0;11;38;0;;1;0;;1;3;1;7;0;1;1;0;;0;;0;0;0;1;1;4;2;1;2;;0;1;2;0;0;2;1;1;1;;0;0;0;;0;0;0;2;0;0;1;0;1;3;0;2;4;0;3;8;1;3;3;13;;0;2;6;0;;;0;4;1;0;0;5;4;0;0;0;0;0;4;0;;2;5;1;3;;1;4;0;0;4;0;1;0;0;;1;;;14;2;2;0;5;0;4;0;1;4;0;0;2;2;0;;1;3;0;4;2;0;2;3;3;6;1;3;0;2;1;3;15;0;2;2;0;54;0;4;0;5;7;1;1;0;0;0;;3;2;0;0;0;0;16;20;0;2;1;6;7;0;2;0;0;0;12;;0;0;0;17;0;0;0
16071000;0;0;3;0;0;5;0;0;0;;2;;1;;5;10;3;3;1;;1;;4;;;0;0;1;0;1;0;0;0;1;0;1;;0;;0;4;;1;4;;;1;1;;0;;0;1;0;;5;1;0;;1;;2;8;0;5;3;;3;;;3;;1;0;0;0;0;0;1;4;;11;;0;0;2;4;1;0;;2;0;0;;0;;;7;4;2;0;1;7;0;3;4;1;;2;;3;4;;;0;0;3;2;2;11;1;0;3;1;5;0;;6;0;3;0;;3;0;0;2;0;0;0;0;2;0;;0;;;;;0;;;3;0;1;1;;0;;;1;;0;1;;;;0;;0;0;;;0;;;;0;1;0;0;3;1;0;0;;3;1;1;3;;1;;1;0;1;0;1;0;3;;1;;0;0;1;0;0;2;;0;0;0;0;0;0;;;1;;0;0;1;0;4;;2;;0;1;0;1;0;2;;1;1;0;;3;2;1;;2;1;0;;0;;0;;;;0;;2;;1;0;;;;;0;0;;0;;0;1;0;1;2;0;1;3;1;2;;0;;;0;;7;;4;1;0;0;;;;;0;2;;1;0;1;;;;;1;0;;;1;2;1;2;0;2;;;;;1;1;;0;1;;;0;0;1;2;3;0;1;2;0;1;0;1;0;1;1;;;0;1;3;;0;2;3;0;3;1;11;0;4;0;5;8;0;0;0;1;15;6;0;0;1;7;;2;0;43;4;0;0;1;6;1;1;44;14;0;0;58;3;7;12;4;0;2;14;8;0;9;;0;0;8;0;0;0
16072000;3;0;;;;;0;0;1;0;0;0;0;1;;10;;0;;;0;2;;;;14;0;1;;;0;1;0;0;0;2;;;;1;;;;;;;1;0;;;;0;0;;2;;;7;1;0;;0;1;3;0;0;;;;1;;0;5;0;0;3;;1;0;47;1;0;;2;1;;3;;1;3;0;0;1;0;3;0;0;5;0;0;0;;7;0;1;5;11;0;0;1;;0;;0;;7;4;0;0;1;1;;0;3;3;0;0;0;;1;;;0;2;1;2;0;2;2;2;;;0;0;0;;1;;0;;;;0;;;0;;;;0;;0;0;;;;2;;;0;4;1;0;;;2;2;;0;0;1;1;0;0;;0;0;1;0;0;0;0;1;0;0;;8;0;2;0;0;0;;2;0;;0;;;;4;;;0;0;1;0;2;2;2;0;2;0;0;;;0;2;0;0;0;;0;0;0;;0;2;0;;0;0;1;0;;1;0;0;0;;1;0;0;1;0;1;;;0;1;4;;0;0;1;0;;1;0;3;0;9;0;25;0;0;0;7;12;1;;1;0;0;0;0;0;3;0;0;0;0;;0;3;0;1;0;0;0;4;1;4;0;5;;;;0;1;;0;;0;0;0;0;0;;;1;0;1;0;4;;;1;;0;0;;1;0;0;;;3;0;2;;0;;;;0;0;8;0;0;;0;0;3;4;0;0;1;0;0;3;10;1;0;;0;4;2;1;;3;0;;0;2;1;0;3;45;39;1;0;2;4;2;5;0;0;0;0;0;8;5;13;;25;2;0;12;4
16073000;1;1;0;5;0;;0;0;2;1;3;0;2;2;0;9;6;0;;0;1;0;;3;1;0;5;1;0;1;0;;;1;4;0;7;;;0;2;0;2;;;;7;4;2;;1;4;1;;0;0;;0;0;0;1;5;;1;2;2;0;;1;0;1;8;6;0;0;0;0;0;0;11;2;5;0;0;0;;;0;1;1;0;2;;0;13;0;2;1;1;;;0;0;;;0;0;1;0;0;0;1;;;;2;3;15;1;4;1;0;;0;4;0;1;0;0;6;0;0;0;0;1;0;4;5;3;0;0;0;0;0;;0;0;0;0;3;0;;2;0;1;;0;1;;0;;;1;2;0;;;;;1;;;;1;;0;2;;7;0;0;;0;8;;1;0;0;3;0;6;0;1;0;0;3;2;;0;;;0;0;0;0;;1;0;;0;3;0;0;0;1;;0;;1;;3;;0;3;4;;2;;0;0;0;0;0;0;1;;0;0;3;0;1;4;;0;0;;0;;0;;;;1;2;0;0;0;;2;0;0;1;0;0;0;0;;7;4;2;0;1;0;3;0;0;0;0;0;2;;0;0;0;1;1;0;0;0;0;;0;4;0;2;0;0;;0;0;;1;0;;1;0;;0;0;0;;;2;;;3;0;0;3;;;0;1;;0;0;0;;0;0;0;0;3;0;0;0;1;1;0;1;0;1;3;5;3;3;3;1;0;0;0;2;3;0;4;4;15;0;0;0;3;18;6;0;1;6;0;2;1;0;0;8;0;1;0;0;0;2;34;59;22;0;0;0;0;9;0;1;2;2;17;0;5;15;0;;0;40;4;0
16074000;;1;0;;0;1;0;0;;1;0;0;;;0;0;0;1;;0;4;1;;1;0;0;0;3;0;2;;0;1;0;0;4;;;;2;0;5;0;0;;;0;;;1;;1;2;1;0;;;1;;;;0;0;1;;1;0;0;;0;1;;;0;0;0;;2;2;0;3;1;;;0;0;0;0;0;;4;0;;0;0;0;0;0;1;0;0;0;1;0;4;0;1;0;7;;4;2;1;;0;0;0;0;0;0;0;0;0;3;0;1;1;0;;0;0;;1;1;0;2;0;1;0;0;0;3;0;1;1;0;;1;0;;0;;0;1;;;;0;;0;0;3;1;0;;;2;;0;;;1;;;1;0;;;5;0;0;2;0;0;0;0;0;0;0;1;2;;0;0;0;3;0;;0;5;;0;0;0;1;1;2;;1;;5;0;0;0;0;0;;0;0;1;0;3;1;0;1;4;1;;0;1;;3;0;0;0;;0;;2;;0;2;0;1;0;2;;;;;2;3;1;;;;;1;3;;0;0;;0;2;2;0;0;2;5;1;0;5;0;2;1;0;0;1;1;;0;0;0;;0;0;1;0;0;1;0;0;0;2;0;2;1;1;0;0;;0;0;3;1;;;;;;0;;;5;0;3;1;;0;3;0;;0;0;0;2;;3;;0;0;0;;1;2;1;0;0;;0;3;1;0;0;0;1;11;0;9;0;0;0;0;4;0;7;0;0;0;1;11;0;1;2;0;0;4;5;3;0;0;3;3;0;0;1;3;19;91;0;0;10;0;5;0;4;0;1;0;4;0;0;0;0;28;;60;43;0
16075000;;5;0;;0;;3;4;2;;2;0;0;0;0;9;;;1;0;0;;1;;;0;0;0;3;3;;2;;0;1;2;;;1;2;0;0;0;0;;0;0;1;;;0;0;0;0;0;2;;0;0;1;0;9;1;6;1;0;;4;;2;0;;3;3;1;0;1;7;2;4;;6;5;;;1;0;0;0;3;3;;1;1;0;;;;0;1;0;4;0;1;1;;;;0;;;6;;1;;0;;0;2;0;0;1;0;1;5;0;;1;1;0;4;2;1;;;2;2;3;2;0;0;0;0;1;;;;;0;;0;;0;0;0;;2;;;0;;;0;0;;;0;;1;;0;1;0;1;1;4;1;5;2;4;0;0;0;0;0;0;1;;7;1;0;;1;0;1;0;1;;0;;0;;;;1;;0;0;1;1;5;0;0;1;0;1;0;2;2;2;2;3;0;0;3;0;0;;;0;0;1;2;0;0;0;0;2;0;3;0;0;2;1;;;;;2;;;0;;;;;2;1;0;;0;0;1;0;1;0;0;5;0;0;2;3;0;2;0;18;8;0;2;1;;0;0;6;;0;0;0;0;0;2;0;0;0;2;1;1;0;0;;0;5;0;2;;;0;;0;1;1;1;;0;;;2;0;3;;1;;;0;0;1;1;;0;1;0;2;0;0;0;2;0;1;0;0;0;0;;2;;0;0;2;0;3;2;0;3;0;14;0;1;8;0;1;3;32;3;0;0;2;2;;0;1;7;0;0;1;1;2;1;2;49;154;33;0;23;5;9;0;16;0;4;1;0;1;2;0;1;0;0;;17;6
16076000;;0;0;;1;;0;0;1;1;4;3;3;;0;5;2;1;0;1;0;;2;;2;0;0;0;;1;;;;0;;0;;0;2;;2;0;0;;0;;;;1;;4;1;0;;;1;;0;0;0;1;0;;2;1;;;;0;;;0;7;;;0;0;0;0;0;;0;0;1;;0;;0;0;;;1;;1;0;1;1;1;0;3;6;2;0;2;5;5;0;0;1;;1;0;;;;0;0;2;;2;2;1;;2;0;;;3;0;0;1;0;1;0;;2;;0;3;;0;0;;;1;;;;1;0;;1;0;;3;;0;0;;0;;5;0;;;0;;;6;1;;;1;0;;0;;0;0;0;0;;0;1;;2;0;0;1;3;3;;0;0;1;0;1;1;1;0;0;0;0;;0;4;1;;1;0;;0;1;0;0;0;0;;0;0;0;;6;7;1;2;2;;2;1;1;0;2;1;0;0;;0;1;;0;0;0;0;;1;0;;0;0;0;;0;;4;1;;;2;0;0;1;0;0;0;;;0;0;2;2;3;1;0;0;0;;0;1;3;0;2;0;0;4;0;0;;2;1;0;0;;0;0;0;;2;0;3;;0;1;0;2;2;0;;0;;1;1;1;0;0;3;1;;3;;1;0;1;;0;2;0;0;0;0;2;1;0;2;1;0;3;0;0;1;1;0;;4;3;3;2;3;0;0;0;5;5;8;100;38;12;0;4;0;0;23;4;5;0;3;2;2;0;0;5;0;2;0;0;1;0;0;38;133;4;0;0;5;3;2;0;0;0;0;0;2;10;6;0;0;0;0;;1
16077000;0;2;;0;;0;0;2;5;;0;0;1;;;0;2;;0;1;0;0;;1;0;0;3;;1;;;;2;0;;0;3;4;;2;2;1;;0;1;;0;;6;;0;1;;4;;0;0;3;3;;1;0;1;1;3;8;0;0;;1;;;0;;0;1;0;0;0;0;;;0;4;0;0;;0;0;;5;;3;1;0;0;11;0;7;0;3;0;0;5;0;0;1;0;;9;0;11;;0;0;1;0;12;;0;0;0;0;1;;0;;1;1;0;0;0;0;2;;1;4;;0;0;2;0;;;0;0;0;;1;;;0;0;;;1;1;0;0;0;0;2;;;;0;;;;0;1;;;0;;0;0;;1;1;2;0;0;1;0;0;2;0;;0;0;1;;0;;;0;2;0;1;0;1;0;;0;0;0;1;;1;1;0;0;;2;0;0;2;3;0;0;0;;0;;;1;;;0;0;1;3;1;0;;;0;0;0;;0;0;0;;1;0;;1;;0;2;0;;1;;2;;0;0;;0;0;1;9;3;0;;0;0;6;0;1;;2;0;;1;0;;;4;;0;0;0;2;;;1;1;0;;1;;0;0;3;;;;0;0;;4;;1;1;0;0;0;;;;1;0;0;0;3;;1;1;;;9;3;1;0;5;1;3;0;0;5;1;2;0;2;0;0;0;0;1;0;1;0;0;0;0;0;5;3;0;0;1;50;21;0;2;0;0;0;0;0;1;14;1;0;0;0;0;6;0;3;0;1;1;1;24;62;0;0;4;1;0;0;0;3;0;1;4;0;1;9;0;9;2;0;0;