metadata keys;;type;timeunit;time;Inhalt;;;;;;;;;;;;;;;;;;;;;;;;;;;;;;;;;;;;;;;;;;;;;;;;;;;;;;;;;;;;;;;;;;;;;;;;;;;;;;;;;;;;;;;;;;;;;;;;;;;;;;;;;;;;;;;;;;;;;;;;;;;;;;;;;;;;;;;;;;;;;;;;;;;;;;;;;;;;;;;;;;;;;;;;;;;;;;;;;;;;;;;;;;;;;;;;;;;;;;;;;;;;;;;;;;;;;;;;;;;;;;;;;;;;;;;;;;;;;;;;;;;;;;;;;;;;;;;;;;;;;;;;;;;;;;;;;;;;;;;;;;;;;;;;;;;;;;;;;;;;;;;;;;;;;;;;;;;;;;;;;;;;;;;;;;;;;;;;;;;;;;;;;;;;;;;;;;;;;;;;;;;;;;;;;;;;;;;;;;;;;;;;;;;;;;;;;;
metadata values;;movement;year;2020;BBSR Wanderungsmatrix;;;;;;;;;;;;;;;;;;;;;;;;;;;;;;;;;;;;;;;;;;;;;;;;;;;;;;;;;;;;;;;;;;;;;;;;;;;;;;;;;;;;;;;;;;;;;;;;;;;;;;;;;;;;;;;;;;;;;;;;;;;;;;;;;;;;;;;;;;;;;;;;;;;;;;;;;;;;;;;;;;;;;;;;;;;;;;;;;;;;;;;;;;;;;;;;;;;;;;;;;;;;;;;;;;;;;;;;;;;;;;;;;;;;;;;;;;;;;;;;;;;;;;;;;;;;;;;;;;;;;;;;;;;;;;;;;;;;;;;;;;;;;;;;;;;;;;;;;;;;;;;;;;;;;;;;;;;;;;;;;;;;;;;;;;;;;;;;;;;;;;;;;;;;;;;;;;;;;;;;;;;;;;;;;;;;;;;;;;;;;;;;;;;;;;;;;;
Zeilenbeschriftungen;1001;1002;1003;1004;1051;1053;1054;1055;1056;1057;1058;1059;1060;1061;1062;2000;3101;3102;3103;3151;3153;3154;3155;3157;3158;3159;3241;3251;3252;3254;3255;3256;3257;3351;3352;3353;3354;3355;3356;3357;3358;3359;3360;3361;3401;3402;3403;3404;3405;3451;3452;3453;3454;3455;3456;3457;3458;3459;3460;3461;3462;4011;4012;5111;5112;5113;5114;5116;5117;5119;5120;5122;5124;5154;5158;5162;5166;5170;5314;5315;5316;5334;5358;5362;5366;5370;5374;5378;5382;5512;5513;5515;5554;5558;5562;5566;5570;5711;5754;5758;5762;5766;5770;5774;5911;5913;5914;5915;5916;5954;5958;5962;5966;5970;5974;5978;6411;6412;6413;6414;6431;6432;6433;6434;6435;6436;6437;6438;6439;6440;6531;6532;6533;6534;6535;6611;6631;6632;6633;6634;6635;6636;7111;7131;7132;7133;7134;7135;7137;7138;7140;7141;7143;7211;7231;7232;7233;7235;7311;7312;7313;7314;7315;7316;7317;7318;7319;7320;7331;7332;7333;7334;7335;7336;7337;7338;7339;7340;8111;8115;8116;8117;8118;8119;8121;8125;8126;8127;8128;8135;8136;8211;8212;8215;8216;8221;8222;8225;8226;8231;8235;8236;8237;8311;8315;8316;8317;8325;8326;8327;8335;8336;8337;8415;8416;8417;8421;8425;8426;8435;8436;8437;9161;9162;9163;9171;9172;9173;9174;9175;9176;9177;9178;9179;9180;9181;9182;9183;9184;9185;9186;9187;9188;9189;9190;9261;9262;9263;9271;9272;9273;9274;9275;9276;9277;9278;9279;9361;9362;9363;9371;9372;9373;9374;9375;9376;9377;9461;9462;9463;9464;9471;9472;9473;9474;9475;9476;9477;9478;9479;9561;9562;9563;9564;9565;9571;9572;9573;9574;9575;9576;9577;9661;9662;9663;9671;9672;9673;9674;9675;9676;9677;9678;9679;9761;9762;9763;9764;9771;9772;9773;9774;9775;9776;9777;9778;9779;9780;10041;10042;10043;10044;10045;10046;12051;12052;12053;12054;12060;12061;12062;12063;12064;12065;12066;12067;12068;12069;12070;12071;12072;12073;13003;13004;13071;13072;13073;13074;13075;13076;14511;14521;14522;14523;14524;14612;14625;14626;14627;14628;14713;14729;14730;15001;15002;15003;15081;15082;15083;15084;15085;15086;15087;15088;15089;15090;15091;16051;16052;16053;16054;16055;16061;16062;16063;16064;16065;16066;16067;16068;16069;16070;16071;16072;16073;16074;16075;16076;16077
1001;;274;82;44;80;25;336;47;81;38;218;2438;69;54;48;392;9;4;3;4;5;1;3;4;3;10;37;7;5;8;1;10;2;5;13;23;5;25;6;9;12;18;3;3;1;2;15;11;5;6;6;6;10;6;3;5;5;10;3;6;0;43;20;15;14;12;6;6;1;0;1;1;6;4;6;4;10;5;3;25;0;6;6;8;11;1;3;2;11;2;4;16;7;5;12;7;6;16;14;4;3;9;12;5;15;20;2;7;2;5;3;1;1;7;1;4;3;11;2;4;1;4;4;1;8;3;0;4;2;3;4;0;1;7;1;8;4;2;2;3;0;3;5;3;2;0;0;0;4;3;2;1;2;2;0;1;2;0;1;1;1;1;3;1;0;1;1;1;0;1;3;1;0;0;2;2;4;0;8;2;3;2;3;5;6;3;1;2;2;2;5;3;6;3;2;5;4;3;4;0;2;2;2;10;5;4;5;0;2;0;3;7;2;4;4;0;2;0;2;4;1;0;4;21;1;1;0;2;0;1;0;0;3;3;0;2;2;1;9;0;0;4;0;0;0;0;0;3;1;0;2;1;2;1;4;0;1;0;5;1;1;0;0;0;2;0;0;2;2;2;1;2;2;0;2;0;0;1;1;0;1;3;2;11;0;0;2;4;1;0;0;0;2;1;4;0;0;1;0;5;2;0;0;1;2;0;1;0;1;1;2;1;1;2;1;3;2;4;5;0;5;4;1;0;1;3;1;6;5;0;1;2;1;0;0;3;3;6;0;1;3;0;18;8;6;9;11;11;6;9;4;1;6;2;3;14;0;1;1;3;20;2;2;1;8;5;1;0;0;2;2;1;1;0;3;1;0;4;2;1;0;1;1;0;1;0;0;0;1;0;1;0;1;1;0;0;0;0;0
1002;231;;243;276;143;77;186;226;206;1871;3156;359;331;128;127;1137;36;7;8;21;18;6;11;8;6;51;134;19;9;18;5;5;9;19;35;52;8;65;11;25;25;37;19;14;4;2;38;23;16;8;9;7;12;11;6;13;6;16;8;6;5;101;11;46;23;30;11;7;5;4;3;2;13;5;13;14;5;7;41;82;4;28;8;21;1;0;4;5;20;4;13;42;6;5;11;12;8;16;9;7;4;18;21;13;19;32;0;5;2;5;5;9;1;7;6;7;15;54;5;24;7;12;8;12;9;4;1;9;3;7;16;7;2;17;1;17;8;4;14;4;3;2;13;1;2;1;1;1;9;7;4;4;4;10;0;0;0;2;2;1;4;5;15;3;0;2;0;0;4;1;0;0;2;0;5;3;8;1;29;6;12;3;13;10;5;5;0;2;1;2;3;2;26;8;5;15;26;2;15;3;2;3;1;19;9;5;8;1;9;4;18;11;4;7;21;3;6;2;5;10;9;3;3;94;2;2;4;3;3;5;2;1;10;4;2;3;1;1;9;0;1;5;4;0;2;1;2;0;2;1;2;0;1;3;1;0;1;0;8;2;1;0;0;1;5;2;6;5;4;3;0;3;1;5;0;0;0;1;2;2;1;9;4;22;2;0;4;0;3;1;1;0;3;1;8;2;3;4;2;2;0;0;0;3;16;3;0;0;2;6;0;1;3;1;1;4;1;7;11;2;1;3;4;1;3;8;4;21;9;7;4;6;5;11;2;3;4;9;5;1;4;7;61;28;20;28;36;39;48;18;9;2;3;1;7;26;3;5;7;1;60;6;2;3;22;18;5;3;4;1;7;4;3;2;9;2;6;12;4;11;0;4;2;3;2;2;0;2;0;1;0;3;1;1;5;0;3;1;2
1003;74;226;;49;41;634;46;1754;73;81;102;61;309;30;501;881;25;4;7;9;9;4;4;3;7;39;88;10;8;19;1;6;10;16;17;41;6;61;6;21;22;37;17;9;2;5;20;18;6;10;9;8;12;3;8;8;13;10;7;6;3;83;11;17;17;24;3;10;2;4;0;2;9;5;6;6;5;5;11;41;4;26;9;10;2;3;4;5;11;3;4;38;3;3;9;9;7;17;6;2;2;14;10;11;15;19;10;2;5;4;3;5;5;5;10;6;9;32;6;13;4;5;6;3;8;0;2;9;2;7;13;8;3;16;1;12;5;1;4;5;6;3;3;3;2;5;0;2;5;0;3;1;2;5;4;1;1;1;2;2;0;7;11;0;1;0;0;2;1;0;1;2;3;0;2;2;4;1;23;6;5;2;8;6;2;4;0;3;5;0;5;3;14;4;3;17;11;1;14;3;2;2;2;26;9;2;10;1;3;2;9;9;6;5;11;1;5;3;2;3;3;5;4;48;3;2;2;4;2;1;2;2;4;4;4;4;0;2;6;1;2;8;4;3;5;4;3;0;4;0;1;3;1;1;2;2;1;2;13;2;0;0;3;0;2;1;0;2;5;2;0;0;0;0;3;2;2;3;3;0;0;13;2;12;0;1;3;1;1;0;0;0;0;2;19;3;1;1;3;1;3;2;0;5;11;2;0;2;2;3;0;1;3;5;2;2;0;2;2;0;2;2;3;1;4;2;3;21;6;6;1;3;2;7;6;2;3;5;9;3;0;5;84;49;26;39;38;563;46;61;5;4;3;4;3;34;3;8;0;3;45;2;1;0;11;12;1;3;2;5;5;1;2;2;6;5;3;7;1;13;0;1;2;3;6;4;2;2;0;2;1;2;2;0;0;0;0;1;2
1004;62;357;120;;85;86;79;115;126;219;752;133;873;122;115;232;8;2;0;2;5;1;1;1;1;4;17;3;3;8;0;5;2;3;5;12;1;8;0;5;8;12;4;7;4;1;4;0;2;1;3;9;1;0;3;1;2;5;2;2;0;14;3;8;2;5;1;1;1;0;2;0;1;1;6;1;3;0;2;11;1;4;1;2;2;1;4;0;1;2;3;5;0;0;9;4;1;4;3;1;1;0;6;2;2;9;6;2;2;2;1;2;0;2;5;3;2;5;3;2;2;4;3;1;2;0;2;2;1;2;2;0;3;1;0;2;0;0;2;0;0;0;0;0;1;2;0;2;3;0;0;1;5;0;1;0;1;1;0;0;0;2;0;0;0;1;1;0;0;0;0;0;0;0;2;0;1;0;8;1;2;4;1;5;2;1;0;2;0;0;1;0;0;1;1;2;2;2;1;1;0;1;2;0;1;1;2;1;3;0;4;3;1;5;0;1;1;0;0;0;0;1;1;29;0;2;1;0;2;2;0;0;0;2;2;0;0;2;7;0;0;1;0;0;2;1;0;0;1;0;0;1;2;0;0;0;0;0;0;0;1;0;1;0;0;1;0;1;0;0;0;0;0;0;0;0;0;0;0;0;1;5;2;4;0;1;1;1;0;0;0;0;0;1;1;0;0;1;1;0;0;1;0;1;3;1;0;0;0;1;0;2;2;0;0;0;0;0;2;0;0;0;0;1;2;0;0;2;0;0;1;2;0;0;1;0;1;1;0;2;0;2;8;4;8;9;5;12;9;6;2;2;2;1;1;5;3;1;0;1;7;0;0;2;1;4;1;0;1;1;0;1;0;1;2;0;0;1;0;1;1;0;0;0;0;0;0;0;1;0;0;1;2;1;1;0;0;1;0
1051;87;171;44;40;;35;304;36;147;30;244;159;102;309;33;428;13;2;2;9;14;1;4;4;2;15;32;6;3;15;3;6;5;6;23;28;3;25;2;14;11;22;8;3;3;1;8;4;6;3;12;11;12;4;4;6;5;4;2;2;4;33;8;13;8;7;1;4;2;0;0;8;5;4;3;3;6;3;9;13;3;7;2;6;7;2;6;3;6;1;3;8;3;6;11;6;7;10;4;5;4;8;7;6;3;7;1;1;1;8;2;6;2;9;4;9;3;5;1;5;4;1;3;1;1;2;1;2;1;1;5;1;3;13;3;4;2;3;5;5;2;4;2;4;0;1;1;3;2;2;0;1;4;1;2;0;0;1;0;0;0;0;2;1;1;1;0;0;2;0;0;3;0;3;1;0;1;0;4;0;4;2;3;0;1;3;2;0;2;0;2;2;2;3;0;5;4;1;5;1;6;1;0;3;2;2;3;1;4;1;7;3;4;5;1;0;3;2;2;5;3;4;4;8;0;2;0;0;1;1;1;2;2;0;2;0;1;2;2;1;0;0;0;1;0;2;3;0;2;0;0;0;1;2;1;0;0;0;1;0;0;3;0;0;4;0;0;2;2;0;1;0;0;0;0;0;2;2;0;1;1;1;1;9;0;2;0;0;1;0;1;4;3;0;4;1;2;0;1;3;0;0;1;0;2;0;0;0;1;1;1;2;0;2;3;0;0;1;1;0;1;0;0;2;2;3;0;7;8;3;0;1;1;1;0;2;0;6;3;0;0;2;11;6;9;4;12;9;12;11;3;4;2;2;1;7;2;0;3;3;6;1;3;1;8;6;1;3;2;0;4;0;4;4;1;1;1;2;0;4;0;3;2;1;1;0;0;1;1;0;0;1;1;0;1;2;0;3;1
1053;50;105;526;29;41;;37;171;96;39;55;43;145;36;699;1809;17;9;1;5;7;0;5;3;3;19;47;8;3;17;4;3;3;22;15;224;24;302;3;23;29;50;45;6;3;5;10;10;8;7;9;3;12;3;2;7;4;9;9;4;2;32;8;12;7;8;3;7;6;2;1;1;3;3;3;3;4;3;5;13;6;12;8;5;0;3;3;5;5;0;3;19;8;3;10;5;2;9;4;3;2;7;5;5;3;8;2;5;2;3;3;5;1;6;4;2;1;14;4;6;2;0;3;0;9;5;1;5;4;7;6;3;2;4;2;7;4;2;3;2;3;3;4;1;5;0;0;0;0;2;1;0;0;3;1;1;0;1;1;0;1;4;3;1;0;0;0;1;1;1;1;3;0;0;0;1;5;0;7;3;4;1;4;2;2;3;0;3;1;1;3;0;3;2;0;6;11;1;4;3;0;4;0;4;3;1;4;1;5;1;7;6;6;4;5;2;2;1;0;6;3;3;1;21;0;0;1;2;1;3;2;3;4;1;0;0;0;1;3;1;3;2;3;1;2;1;3;0;2;0;1;0;0;0;1;2;0;0;1;0;0;1;0;0;1;0;0;4;3;0;1;0;1;0;2;0;0;0;0;0;1;1;0;4;1;1;1;0;2;0;0;0;0;0;2;4;0;0;1;1;1;0;0;4;6;0;2;0;1;2;0;0;1;4;0;2;0;1;2;0;1;0;5;0;2;2;1;9;5;0;2;6;3;1;0;3;4;3;12;3;3;5;44;42;34;22;22;168;26;280;3;1;2;1;4;8;3;2;2;2;12;1;0;1;5;6;7;3;4;2;4;1;2;1;2;6;2;3;0;8;0;3;2;0;3;0;0;0;0;3;0;2;2;0;0;1;0;0;0
1054;447;223;63;37;304;41;;54;102;43;154;664;70;73;39;468;15;2;2;7;12;3;3;3;5;19;70;12;10;14;6;6;9;14;24;36;5;25;10;26;26;25;9;6;5;2;19;9;8;9;9;2;13;2;3;16;11;11;6;6;5;45;9;20;5;17;3;7;4;4;4;7;12;9;9;10;6;3;6;28;1;18;4;8;3;8;2;7;14;0;4;17;2;3;13;12;6;14;10;14;7;17;10;10;11;9;1;4;4;8;9;7;3;7;9;13;3;13;1;7;6;8;6;9;11;6;0;3;9;5;15;2;4;8;4;12;5;4;4;9;9;4;3;5;3;4;3;1;9;3;0;3;2;5;1;1;0;0;0;2;2;6;4;5;2;1;3;1;3;5;3;2;1;0;2;0;4;2;15;5;9;7;6;7;2;6;1;4;7;2;5;1;5;9;4;8;10;2;10;2;4;3;5;11;9;4;7;0;3;7;9;1;3;6;6;3;4;2;4;12;9;2;4;30;0;3;6;2;2;1;0;3;3;2;8;3;5;3;10;3;1;5;4;5;4;1;2;0;3;4;5;3;4;0;3;2;0;0;6;1;1;4;4;0;1;1;0;2;3;4;0;2;0;0;1;1;0;4;2;1;1;2;0;5;0;4;3;1;1;1;1;2;2;1;4;3;0;0;5;1;3;3;2;3;4;0;0;0;1;6;0;1;6;4;8;1;2;5;5;2;3;0;2;3;1;3;0;10;8;4;3;6;0;4;1;1;4;3;3;3;4;5;16;8;6;9;23;18;20;12;5;3;5;0;1;7;0;4;5;5;21;0;3;1;3;10;2;2;3;3;8;2;4;1;0;3;4;4;0;4;2;2;0;0;3;0;2;3;4;1;0;4;2;2;0;0;0;0;1
1055;72;289;1542;38;37;149;53;;70;344;119;60;288;34;237;558;19;4;4;6;17;6;4;4;5;31;63;14;11;27;6;5;8;9;16;45;8;47;7;14;26;36;14;7;3;1;8;11;2;2;6;9;16;5;1;5;7;9;12;3;0;45;7;14;6;10;6;3;2;3;3;4;15;2;9;5;1;11;7;20;5;11;1;11;1;4;6;4;13;4;7;13;5;5;13;12;13;18;12;4;5;14;7;9;9;21;6;5;3;7;4;7;5;6;11;8;3;16;1;5;5;3;4;5;8;2;1;7;4;8;5;7;2;9;4;7;5;6;5;5;5;4;1;1;2;3;0;1;3;2;6;4;1;6;0;2;1;0;0;0;1;5;5;1;1;0;2;0;1;0;1;2;0;1;0;1;0;0;4;5;7;3;8;1;1;2;2;3;2;2;3;0;6;5;0;3;9;2;8;1;4;0;3;9;2;5;6;1;0;2;5;5;5;2;8;2;1;1;2;5;6;1;1;29;1;1;6;6;0;2;0;0;1;2;1;0;2;2;6;0;2;4;3;2;1;0;0;0;1;1;0;3;1;0;2;0;0;0;4;1;0;0;1;0;0;1;0;2;2;2;0;0;1;0;3;1;0;0;0;0;0;2;1;8;0;2;0;0;1;3;1;1;1;4;3;3;4;2;3;0;2;6;2;1;6;0;1;0;0;2;0;0;0;4;2;3;1;4;2;2;1;2;5;0;3;2;1;8;5;6;1;4;4;7;0;5;1;3;10;3;5;3;50;27;21;26;35;132;39;46;4;1;5;2;3;16;1;1;2;3;16;0;1;2;8;4;6;0;3;3;5;2;3;7;3;4;2;4;4;5;0;4;0;2;0;3;0;2;4;1;0;3;0;2;1;1;1;2;1
1056;95;220;109;83;225;120;124;115;;59;181;100;948;912;147;4023;21;8;9;5;9;3;9;6;3;31;78;21;9;18;4;6;6;13;62;174;15;109;8;50;32;162;33;16;6;3;25;12;9;9;11;7;14;10;3;8;11;14;7;8;4;65;20;17;7;16;6;3;1;6;2;4;8;4;12;7;5;9;17;37;8;21;10;11;8;6;5;6;22;2;14;24;4;4;11;8;4;17;10;11;4;15;12;11;9;17;2;5;6;10;5;7;0;6;8;10;6;23;6;11;4;8;8;5;10;2;1;6;2;7;10;4;2;9;2;10;5;2;3;6;4;9;4;3;2;5;1;1;4;0;5;0;4;5;1;1;0;6;0;0;1;7;7;2;1;0;0;1;5;1;1;1;2;1;1;2;6;0;14;6;9;3;5;7;10;5;2;5;0;1;4;3;6;12;4;10;13;6;9;4;1;4;2;14;4;5;10;2;4;2;9;9;4;6;10;0;4;3;3;9;6;0;7;49;3;1;4;1;5;3;6;4;4;7;5;1;1;4;11;1;3;4;0;2;2;2;6;0;2;2;3;2;1;1;1;1;1;0;5;2;1;2;1;0;2;0;1;3;7;3;4;0;0;1;1;0;3;1;1;1;0;3;2;21;2;2;3;3;0;1;3;0;3;1;4;1;5;1;1;1;1;1;1;1;4;0;5;1;1;5;0;2;3;2;2;2;6;5;6;0;1;1;1;0;1;0;1;13;12;10;3;3;7;6;1;4;7;13;8;3;3;9;44;22;28;29;35;29;34;52;6;4;10;3;7;23;6;8;4;4;24;4;7;3;11;10;3;1;6;0;11;4;3;1;10;13;2;10;1;11;1;2;2;10;4;1;1;0;1;1;2;3;1;1;4;1;1;0;0
1057;52;1411;80;199;36;29;43;342;41;;423;96;248;33;45;200;6;1;1;4;4;2;2;1;6;7;31;3;6;8;0;1;3;8;9;12;4;14;2;6;12;7;5;4;1;2;4;2;6;0;9;3;2;3;2;5;1;1;2;10;1;15;4;6;7;6;1;1;2;2;2;2;4;4;3;0;0;3;10;9;2;6;0;3;0;2;1;2;4;0;0;11;2;1;1;4;6;6;3;0;3;5;3;6;6;2;3;2;0;5;2;3;0;0;4;5;1;9;0;4;0;6;0;2;2;1;2;1;3;1;3;0;0;4;1;1;1;0;0;0;1;1;1;0;0;3;0;0;1;1;0;0;1;0;0;1;1;2;0;0;2;1;2;0;0;0;1;0;1;2;0;0;0;0;1;1;2;1;5;1;1;0;2;0;0;2;1;0;0;0;2;0;1;1;0;6;0;1;7;0;3;2;0;4;4;1;2;0;0;2;5;2;4;4;4;2;2;2;2;4;5;0;2;12;0;1;1;0;1;0;0;0;0;1;0;1;1;0;6;0;0;1;2;4;1;0;0;0;1;0;0;0;0;3;0;0;1;0;3;2;1;1;1;0;0;0;0;2;1;1;0;0;0;0;0;0;0;0;0;4;0;2;1;1;0;1;0;0;1;3;1;1;0;0;1;2;1;0;0;1;0;1;1;0;5;0;0;0;0;1;4;0;0;3;0;0;1;2;3;0;0;1;1;1;0;0;2;5;6;1;1;4;0;4;0;2;2;4;4;1;0;4;14;10;10;9;17;27;17;17;2;1;3;3;2;8;1;4;2;1;6;2;0;1;3;4;1;0;1;0;2;2;5;0;1;3;3;2;1;0;0;1;4;2;1;0;1;0;0;3;0;0;1;0;0;0;0;0;1
1058;259;2368;156;616;297;125;247;182;198;443;;981;444;265;147;561;13;5;5;8;13;7;10;2;7;22;68;5;6;11;3;6;5;19;24;33;8;30;6;15;17;30;12;7;9;1;18;9;11;6;4;3;12;6;2;6;5;9;6;10;4;59;11;18;8;17;4;12;6;6;1;1;13;5;10;8;6;10;13;26;6;23;4;11;4;4;5;3;16;1;4;24;8;8;13;13;4;7;6;9;5;10;8;10;8;20;6;1;2;8;4;7;0;7;9;9;6;25;1;4;8;4;5;3;7;4;0;8;2;4;8;10;4;12;2;10;7;1;4;4;7;7;2;5;3;7;1;3;7;6;0;4;2;4;3;0;2;1;0;3;0;3;7;1;0;1;2;2;2;2;2;1;0;2;0;0;4;2;16;2;6;4;3;8;3;3;1;1;1;5;3;0;13;4;2;7;10;3;7;3;3;1;1;6;9;0;7;3;4;3;9;6;6;2;6;3;4;2;4;10;2;1;4;34;2;1;4;3;1;1;0;2;1;4;1;1;3;0;11;3;4;3;3;1;1;2;2;1;3;0;0;3;2;0;0;1;1;4;4;0;2;1;2;0;1;2;2;1;3;1;0;0;1;1;2;0;0;2;1;1;0;6;3;10;1;4;1;2;2;1;3;0;0;0;2;1;0;3;3;3;1;1;3;1;5;1;0;2;1;1;0;1;1;3;2;5;0;7;7;4;1;5;1;4;2;4;3;12;4;5;1;8;4;5;1;6;5;10;5;2;3;3;25;10;24;26;22;28;27;22;3;3;5;3;2;15;2;3;2;10;22;5;3;3;7;6;4;1;2;4;6;0;4;3;4;4;3;4;5;7;2;5;2;2;2;0;1;2;1;0;1;4;0;0;0;2;1;4;1
1059;1995;354;75;49;137;31;641;46;71;66;681;;89;60;40;330;11;0;3;8;7;6;1;2;3;12;36;12;5;13;5;5;8;8;20;22;4;24;4;6;12;17;4;5;1;0;14;10;7;10;13;4;10;5;0;13;4;5;2;8;2;33;9;5;3;10;3;4;3;6;2;1;5;5;5;3;7;12;7;14;1;13;0;5;3;1;4;3;10;2;7;9;5;1;9;6;5;10;4;1;4;2;10;5;7;5;2;4;1;5;9;5;2;5;4;5;1;18;6;2;3;4;5;5;7;4;3;5;5;2;7;6;1;9;3;6;3;2;4;4;1;6;0;8;1;3;0;2;1;4;0;3;3;3;0;1;2;0;1;0;0;0;6;2;2;1;1;1;0;1;0;0;1;0;1;2;1;0;7;8;4;1;4;3;1;1;1;0;1;2;4;0;7;4;4;5;3;0;9;2;0;1;2;5;7;5;2;2;4;0;6;1;4;3;4;0;2;1;1;5;5;3;2;18;0;0;1;1;0;1;0;3;1;0;1;4;2;0;7;2;1;0;1;3;2;2;1;1;0;2;3;1;4;0;1;1;0;1;3;0;2;1;0;2;1;1;0;2;3;2;1;0;0;1;0;4;1;0;1;0;0;4;1;7;0;1;2;4;1;0;1;2;0;1;2;2;0;1;0;0;3;0;0;4;0;1;1;0;1;1;0;3;2;5;2;2;0;3;2;1;1;2;1;0;3;0;1;8;2;4;1;1;3;5;2;1;5;3;2;1;3;2;19;10;11;15;19;10;16;13;3;2;5;0;3;9;3;8;2;4;12;3;2;3;3;4;4;1;4;0;6;1;4;2;4;2;1;4;2;2;0;5;1;1;2;0;0;2;0;1;0;2;2;0;2;0;3;0;2
1060;104;426;371;540;199;219;155;412;1012;298;508;236;;362;623;2481;15;6;4;5;10;3;10;5;3;25;58;16;7;10;5;6;8;24;33;120;10;72;1;25;24;96;23;13;5;4;20;10;7;10;2;10;14;3;3;7;8;13;9;6;0;47;11;17;7;10;1;6;1;3;1;1;3;6;11;9;8;10;9;28;1;11;2;3;2;1;1;6;9;0;7;15;5;4;8;11;5;11;10;4;8;11;8;7;7;15;6;5;3;3;3;3;1;3;7;2;4;12;1;9;4;8;4;5;6;3;1;5;0;10;8;5;3;11;2;7;7;2;10;3;0;4;3;2;0;0;3;0;1;2;1;3;4;3;3;0;2;1;0;0;0;4;4;1;0;0;4;2;5;2;1;1;1;0;1;3;4;1;14;0;6;5;7;4;4;4;3;3;1;3;5;0;7;8;5;10;6;3;5;1;4;4;1;5;4;2;4;5;4;2;8;6;4;6;6;1;4;3;4;3;2;4;3;28;4;0;4;2;2;0;2;3;2;3;2;0;3;2;8;1;1;2;2;9;1;1;5;0;3;2;1;2;4;0;1;0;1;0;2;0;1;0;0;0;3;2;0;3;0;0;3;4;0;2;2;2;2;1;1;1;1;3;3;7;1;2;2;3;0;2;1;0;3;1;5;4;2;0;5;1;6;2;0;1;6;4;1;0;0;1;2;1;3;4;2;5;3;4;6;0;2;2;1;2;1;5;1;9;4;6;2;7;9;6;3;7;9;5;11;2;3;9;37;34;23;33;42;55;44;57;3;3;3;2;4;13;3;5;2;2;23;1;0;2;10;9;3;4;4;2;4;0;3;1;5;4;2;2;4;7;0;5;0;0;4;0;0;0;2;1;0;2;0;0;2;2;1;0;2
1061;71;166;41;90;351;29;72;43;688;29;302;63;258;;42;545;5;2;1;4;2;2;1;1;2;15;30;4;1;8;2;5;3;11;24;27;6;23;3;14;13;35;7;5;2;2;10;7;8;4;3;7;5;1;5;3;4;3;1;8;1;26;16;7;2;13;1;1;0;0;2;5;10;2;3;1;1;3;5;10;0;4;1;4;2;0;1;3;2;0;3;12;1;3;4;8;4;4;4;1;3;2;8;5;4;8;2;3;0;3;0;4;1;5;3;3;2;3;0;6;3;5;1;3;4;2;0;1;2;4;4;1;1;8;0;3;1;0;5;0;1;2;2;1;2;2;4;1;1;0;3;1;0;6;0;2;0;0;0;1;0;1;3;1;1;0;1;0;0;0;0;1;0;0;0;0;2;3;3;0;1;2;1;1;1;4;0;0;1;1;5;2;6;3;0;3;3;0;2;0;2;1;0;3;4;4;2;1;1;2;4;1;3;2;2;2;0;0;1;1;1;0;3;6;0;1;0;1;1;1;0;1;2;3;0;0;3;2;4;0;0;3;0;2;0;0;0;2;0;0;0;0;1;0;1;0;1;0;1;0;0;0;1;0;0;0;1;0;1;0;1;0;0;0;0;2;0;1;0;1;0;2;0;2;2;1;1;1;2;1;0;0;1;0;2;0;0;0;0;1;0;1;0;1;2;0;0;0;1;1;0;0;5;0;3;1;0;0;2;2;1;3;2;0;3;2;0;4;3;3;4;6;3;1;2;5;3;1;6;1;2;3;17;10;12;14;9;20;13;11;3;0;1;2;1;7;0;2;5;1;8;2;0;0;9;4;1;2;1;9;5;1;1;0;5;1;1;4;1;3;0;0;3;0;0;0;0;1;1;1;1;0;0;0;1;0;0;0;0
1062;60;157;489;50;51;947;59;310;162;52;96;53;703;44;;3235;17;7;6;5;11;0;4;5;2;25;56;11;6;17;1;5;7;14;22;160;9;137;6;31;31;71;22;3;2;4;15;17;5;8;6;5;12;3;8;11;2;6;8;2;3;46;10;15;9;9;4;1;2;5;2;7;4;6;5;8;3;4;10;22;2;16;1;6;2;2;4;4;9;0;6;26;5;6;8;8;5;6;6;2;0;7;2;8;12;16;1;2;6;8;3;5;0;1;8;1;5;19;3;7;2;4;5;1;1;4;0;7;0;4;9;3;1;12;2;9;3;4;7;3;5;4;3;3;0;1;0;1;4;5;3;3;2;4;4;1;0;1;0;2;1;2;7;1;0;1;3;1;3;1;5;0;1;1;1;1;3;0;11;6;8;2;5;4;3;2;2;3;1;3;2;0;4;4;7;12;8;0;5;4;3;1;2;7;6;0;6;0;1;2;7;2;7;1;2;3;2;3;2;7;2;3;5;38;4;0;3;1;1;1;2;0;6;0;0;2;3;0;10;1;1;5;1;3;3;1;5;0;2;0;1;2;1;0;2;0;0;0;3;2;0;2;0;1;2;4;2;0;3;0;0;4;0;0;1;0;0;2;0;0;1;4;1;4;0;0;0;1;1;0;1;1;0;0;7;0;2;1;0;0;0;1;4;1;4;1;2;0;4;0;3;2;0;2;2;2;3;6;4;2;2;0;2;1;1;1;4;7;5;3;1;4;2;1;3;3;5;7;18;3;3;4;46;28;25;32;29;86;42;93;2;0;1;3;4;11;9;8;0;1;13;4;3;2;6;5;2;2;2;1;12;0;3;2;2;2;2;6;1;6;2;2;1;0;1;2;3;1;0;2;0;2;0;0;1;0;0;1;1
2000;317;789;865;187;484;2979;549;812;5886;268;683;427;4071;756;5055;;227;30;65;86;80;26;59;54;41;249;839;133;74;129;24;59;62;184;287;4832;199;1406;80;500;388;1947;291;137;46;31;294;146;92;67;114;70;124;63;42;105;87;109;95;69;33;835;118;373;81;196;50;55;41;31;26;19;89;52;85;80;32;52;190;556;31;181;31;90;28;29;38;47;133;12;38;345;79;49;70;106;71;146;94;62;32;118;114;84;96;137;25;37;25;62;42;45;11;49;58;62;69;495;50;114;38;47;42;75;65;59;10;71;37;50;88;31;25;98;9;125;45;20;51;41;27;36;47;25;12;23;11;6;50;20;12;18;25;49;14;10;7;22;5;21;13;33;114;9;4;8;13;3;18;17;6;15;7;5;9;14;35;6;247;60;76;24;82;49;39;37;13;24;16;16;45;24;127;63;26;147;139;16;95;23;19;15;15;193;77;27;73;14;26;16;108;78;36;44;87;24;41;21;23;72;54;11;39;990;23;9;32;23;22;32;12;14;47;32;21;25;20;15;122;11;16;41;46;23;16;13;29;7;16;4;9;16;12;6;10;3;7;5;66;5;10;6;12;6;17;9;1;33;43;16;14;13;16;11;16;13;3;4;4;6;10;43;21;130;3;19;18;9;18;11;9;9;19;10;65;24;14;7;7;15;14;13;12;24;79;10;15;11;15;25;9;8;32;22;17;12;18;30;54;12;13;22;18;8;15;27;19;110;44;44;9;30;32;58;17;41;39;51;71;18;26;36;311;266;179;201;223;267;205;483;50;21;28;17;27;194;29;37;30;29;363;31;17;19;91;111;44;17;23;17;51;10;15;23;21;38;15;60;16;54;12;47;9;15;15;13;9;17;9;4;6;13;12;2;4;8;5;6;6
3101;10;38;31;6;16;7;20;24;25;11;18;12;11;6;18;346;;559;353;988;240;527;72;1159;1424;241;896;41;48;219;27;41;49;413;46;134;24;68;14;38;69;54;53;38;7;9;47;50;16;13;42;23;59;16;13;45;13;57;28;15;11;96;15;40;13;32;3;8;2;3;2;0;11;6;12;12;3;7;26;65;4;40;8;12;1;4;2;7;8;2;8;37;8;3;11;19;8;32;13;15;8;15;24;20;18;26;3;7;1;9;11;12;4;7;12;5;15;57;7;9;1;7;5;8;5;7;1;9;6;3;19;3;3;13;2;32;7;8;13;9;2;10;10;2;3;6;2;2;3;4;2;4;2;7;4;2;0;2;1;4;0;3;13;2;1;0;3;0;1;0;1;2;0;0;1;2;3;0;49;12;12;2;14;10;6;7;2;4;1;4;5;2;29;4;3;17;14;2;14;3;2;3;1;18;6;1;7;0;7;1;6;6;3;6;9;2;8;1;4;15;7;3;26;124;1;0;5;3;5;1;3;0;8;5;5;4;4;2;15;3;4;8;4;1;4;2;2;1;1;0;2;0;1;0;3;1;1;1;8;0;0;0;2;0;3;0;0;9;9;1;1;3;1;2;0;0;2;1;3;3;0;11;2;25;0;0;5;0;0;1;1;2;2;5;10;6;1;3;0;2;1;2;4;3;9;1;4;1;2;2;0;2;2;1;1;2;1;0;12;0;2;3;1;0;5;5;0;19;6;9;1;5;10;11;5;5;1;12;3;2;5;1;16;9;11;6;11;14;16;8;10;2;6;3;6;47;4;4;2;4;90;2;6;1;28;78;25;7;49;2;93;9;5;3;16;16;3;16;2;18;0;6;6;6;3;3;0;4;2;1;0;6;1;0;2;1;1;1;2
3102;2;4;3;2;3;1;7;11;5;3;4;0;6;4;4;41;601;;53;74;283;72;17;416;527;44;199;9;13;205;8;8;12;21;8;5;0;10;1;5;14;10;14;9;4;1;6;11;4;2;16;12;5;2;2;3;4;5;6;9;0;15;5;8;12;10;2;3;2;4;2;0;3;1;6;5;2;2;3;7;3;14;0;5;3;1;5;4;6;1;5;5;4;3;7;5;12;5;5;2;5;10;12;4;8;11;0;1;2;3;1;6;0;2;4;5;1;11;0;1;1;3;1;1;2;2;0;2;0;1;4;1;4;6;4;10;2;3;4;5;7;5;4;0;1;1;1;3;3;4;1;5;2;3;0;1;0;0;0;0;0;1;1;0;1;0;0;0;3;1;0;0;1;0;2;1;1;0;7;5;6;1;2;0;3;4;5;0;1;2;1;0;4;2;0;2;0;0;2;2;0;2;0;1;4;2;7;0;3;1;0;3;8;3;2;0;1;0;2;2;0;0;0;8;1;0;1;1;0;1;0;1;2;1;1;1;0;2;2;0;2;4;0;1;0;2;1;0;2;0;0;1;0;0;0;2;2;1;0;1;0;0;1;1;0;0;0;0;1;0;2;0;0;0;0;1;0;1;0;0;0;1;2;5;0;2;0;0;0;1;0;0;0;3;1;3;0;0;0;3;1;1;1;2;3;0;0;0;2;0;0;0;1;0;1;1;0;0;3;1;0;2;0;1;0;2;3;4;0;0;0;1;2;2;0;1;4;4;0;2;1;2;4;3;5;3;5;2;3;1;3;1;2;1;3;2;2;5;1;1;10;2;3;2;8;22;8;2;17;2;38;2;1;4;10;2;2;3;0;1;0;0;2;2;3;3;4;1;0;0;0;0;1;1;0;0;1;0;0
3103;1;14;2;0;6;6;9;9;8;2;6;6;7;1;4;80;472;29;;1234;38;718;12;56;73;40;197;1;9;38;5;8;8;29;7;7;4;16;2;4;16;8;13;2;1;6;12;14;3;1;9;3;7;4;4;10;1;11;3;1;2;25;4;13;7;7;1;2;0;1;3;1;2;1;4;7;2;3;10;25;3;12;1;6;2;1;4;1;5;0;2;10;2;3;8;4;3;8;6;4;4;11;8;8;7;6;3;1;1;1;3;3;0;2;5;6;3;15;3;5;2;1;1;5;3;3;0;1;4;1;3;1;4;6;0;11;7;2;4;2;1;3;3;0;0;1;0;0;4;2;0;0;1;2;2;2;2;2;0;2;1;1;4;0;0;0;0;1;0;0;1;2;1;0;1;1;6;1;24;10;9;1;8;5;4;5;0;3;0;1;3;1;7;4;3;2;6;2;4;3;1;1;1;6;2;1;5;1;1;0;4;3;1;0;3;0;1;2;3;9;2;1;15;37;0;0;0;1;3;1;1;3;1;3;2;0;2;0;9;3;1;0;3;0;2;0;2;0;1;0;0;0;1;0;0;1;1;1;4;1;1;2;0;1;1;2;0;3;3;0;3;1;3;0;0;3;1;0;0;0;0;3;4;11;3;1;6;0;0;0;0;0;2;2;4;0;1;1;0;0;2;0;0;0;5;1;1;0;2;1;0;0;2;2;0;1;0;0;3;0;0;1;0;1;2;2;1;5;0;3;0;5;2;2;5;2;0;7;0;1;2;1;5;2;1;2;3;2;7;3;3;1;8;1;8;16;4;1;1;0;29;3;8;2;11;53;72;4;105;2;19;5;5;2;10;13;1;3;1;3;0;2;0;1;1;0;0;4;0;0;0;2;0;0;1;0;0;0;1
3151;2;14;11;3;8;5;9;16;7;5;8;7;8;4;6;91;822;61;908;;59;213;12;202;113;49;358;14;13;54;6;12;19;222;6;21;17;35;5;20;31;16;125;5;2;4;8;17;6;9;13;4;16;4;2;9;2;7;4;9;5;25;6;7;5;8;1;4;0;5;3;1;5;3;3;3;1;5;8;15;5;10;5;1;5;0;1;3;8;0;2;10;5;4;8;6;3;10;5;7;2;5;17;5;6;6;0;2;1;3;2;6;2;2;9;5;1;22;2;5;2;1;3;1;7;5;0;3;2;3;5;3;2;8;1;13;6;0;10;4;4;4;3;0;1;2;1;0;3;0;0;4;3;4;2;0;0;0;0;2;1;1;4;0;0;1;1;1;2;0;0;0;2;1;2;1;4;0;14;1;3;0;4;1;0;2;2;0;4;2;2;0;2;1;1;5;4;3;3;4;3;1;1;1;2;1;5;1;1;2;9;5;0;4;4;2;2;0;1;1;2;1;7;23;1;0;1;0;1;1;2;2;1;3;1;0;1;0;2;2;2;4;1;0;1;0;2;0;2;0;2;0;0;0;1;2;0;0;2;0;1;0;0;0;1;0;0;0;2;0;1;0;1;0;0;0;1;0;0;2;2;3;1;6;0;0;0;0;0;1;0;2;1;0;2;1;3;0;0;2;1;0;1;1;2;1;0;1;2;3;3;0;3;2;3;0;1;3;0;2;1;1;1;0;2;0;0;12;5;5;0;9;3;2;1;5;2;5;4;0;4;2;10;1;7;5;11;5;7;2;5;1;4;1;7;13;1;3;5;3;23;0;3;3;11;48;119;2;45;2;35;8;0;4;8;16;3;4;2;5;0;0;1;2;0;1;0;0;0;1;0;1;0;1;1;0;2;0;1
3153;7;17;19;4;11;5;10;20;9;5;10;8;6;2;10;115;319;204;46;40;;37;139;56;204;329;387;13;19;222;20;12;17;35;16;11;4;14;5;15;23;22;12;9;5;3;18;15;21;5;11;8;11;3;3;6;9;15;17;6;5;42;15;23;25;50;8;3;12;2;2;1;17;9;4;10;4;9;13;21;4;23;2;8;6;4;2;6;9;0;10;17;2;3;12;18;8;11;4;7;9;14;8;13;25;37;5;7;6;6;3;1;1;3;8;3;16;29;1;10;8;14;4;2;14;4;1;10;4;15;23;2;5;21;3;24;11;6;15;10;5;6;5;2;2;2;1;0;4;3;0;2;1;6;0;2;1;4;0;13;1;12;12;4;4;1;2;1;1;2;2;1;1;0;1;1;4;0;21;6;10;3;4;4;3;3;1;1;0;0;5;1;14;4;4;6;14;1;7;3;0;1;3;6;4;0;4;0;4;3;6;2;7;4;3;3;4;2;0;6;5;2;6;37;0;3;2;2;4;1;2;3;5;1;4;5;0;1;10;3;2;1;0;4;1;0;3;2;9;1;1;1;4;0;1;2;0;1;7;2;0;0;3;2;1;0;0;3;6;2;6;0;0;0;1;5;0;0;0;0;3;8;1;16;0;1;3;2;1;1;0;1;2;4;6;0;3;1;1;2;2;0;1;1;8;2;3;1;1;4;2;2;1;0;0;2;1;5;10;1;5;3;1;0;7;6;3;9;4;5;0;6;3;3;4;5;3;4;1;1;5;2;12;1;4;6;9;7;5;7;7;1;5;3;4;16;4;3;3;1;54;2;4;6;42;32;8;7;15;2;217;5;10;7;22;9;4;8;2;11;2;4;7;27;1;7;3;4;0;2;0;6;2;0;2;4;1;0;1
3154;3;7;2;0;7;1;5;1;4;3;3;4;2;3;5;28;484;49;509;197;55;;7;54;167;34;116;6;10;37;2;6;6;21;6;5;7;11;1;6;12;7;15;0;4;3;6;6;2;1;6;1;9;3;0;7;3;3;6;2;2;17;9;4;3;4;1;1;0;4;0;1;2;3;3;1;1;1;2;7;3;5;1;6;0;3;3;4;4;1;0;5;1;4;6;4;2;10;2;4;1;4;5;1;0;3;1;2;1;1;0;1;0;2;3;1;2;5;1;8;0;2;1;0;3;1;0;2;3;0;2;1;1;6;0;6;2;3;6;3;1;5;0;1;0;1;2;0;1;1;1;1;0;1;3;1;0;1;0;1;4;2;2;0;1;0;1;0;0;2;1;2;0;0;0;1;0;0;1;2;0;1;2;2;2;2;0;0;0;0;0;0;2;2;0;3;4;0;3;1;2;1;0;2;3;0;1;0;0;0;1;4;4;3;1;1;2;3;1;2;2;2;1;9;0;0;0;1;1;0;1;0;3;1;0;0;0;0;2;1;0;2;1;0;0;1;0;0;0;0;1;0;0;1;1;0;0;0;0;0;0;2;0;0;0;3;0;1;0;0;1;2;0;0;0;0;0;0;0;0;0;0;1;5;0;0;0;0;2;0;0;1;0;1;1;0;0;0;0;0;0;0;0;0;1;0;0;0;0;1;1;2;1;2;0;2;0;0;0;0;0;0;0;0;1;1;2;6;2;0;2;0;1;3;1;2;1;5;3;2;0;0;2;1;4;5;5;3;3;1;1;3;1;0;0;10;2;1;2;3;15;2;1;0;10;61;23;2;269;1;58;11;0;0;25;14;4;6;1;1;0;1;1;3;2;0;0;0;1;1;0;2;0;0;0;1;0;1;0
3155;4;10;11;0;4;4;3;16;5;2;5;9;6;3;1;64;49;21;9;19;129;17;;20;23;978;213;15;38;178;175;22;18;22;15;5;2;21;2;12;11;10;6;5;4;2;15;8;6;10;5;6;8;3;7;13;3;16;8;3;6;24;5;12;3;10;1;8;1;1;1;3;2;3;10;5;2;6;4;20;4;6;5;4;2;1;1;5;8;0;5;15;1;2;11;6;3;10;5;8;36;21;8;16;5;12;6;2;3;1;6;6;2;4;7;6;7;18;2;8;3;6;4;5;8;3;1;4;4;5;11;3;3;22;7;53;6;9;93;19;15;27;3;1;1;1;1;0;2;2;1;1;1;2;0;3;0;0;2;1;0;0;5;1;0;0;0;3;4;0;0;0;1;0;2;1;1;2;7;1;3;3;8;8;3;3;3;3;0;2;1;0;2;5;3;5;3;2;5;3;0;0;0;4;3;3;4;7;4;2;6;5;6;4;4;5;1;3;2;2;4;0;0;12;1;0;0;1;0;1;2;0;5;2;1;2;0;5;3;2;1;3;2;0;1;2;1;1;1;0;0;1;3;1;0;0;0;0;3;1;1;0;2;0;0;0;0;0;1;1;3;0;0;1;4;4;0;0;0;0;0;2;3;8;0;3;3;2;1;0;1;0;1;1;6;3;0;0;1;4;1;1;0;4;3;0;2;0;1;1;1;2;4;2;0;3;0;2;6;1;0;4;1;0;1;0;0;2;2;3;3;2;4;6;1;1;1;2;0;0;3;0;3;2;4;5;3;3;2;2;2;3;0;2;2;10;4;2;3;2;18;4;0;2;9;11;2;3;6;5;15;3;7;4;9;4;2;11;3;6;2;0;28;13;4;10;3;4;3;0;0;0;2;2;1;2;0;3;3
3157;3;10;9;2;13;7;7;11;4;7;2;2;11;1;1;59;708;263;51;197;54;60;21;;140;45;625;7;20;317;15;28;26;62;17;7;1;21;5;8;17;5;11;4;6;2;9;11;2;6;10;3;7;1;6;11;6;13;4;2;4;19;6;8;7;3;0;3;1;2;0;1;7;3;6;6;1;6;9;12;0;11;4;6;0;0;4;5;3;1;1;7;2;2;7;5;3;8;5;4;1;8;12;4;6;6;1;4;1;0;2;5;0;1;5;3;2;10;0;1;1;2;1;3;3;3;1;3;3;3;3;5;2;5;0;6;5;1;5;5;1;0;1;0;1;0;0;1;2;1;0;1;2;0;1;0;0;4;1;1;1;1;2;0;0;0;2;2;2;1;1;0;0;0;1;0;3;0;7;6;3;1;3;2;0;4;0;3;1;0;1;1;0;1;3;2;1;0;2;2;0;2;1;3;4;0;5;0;1;1;4;0;4;1;1;2;0;0;0;2;1;0;1;16;1;2;3;3;2;1;0;0;2;2;1;1;0;1;0;1;1;3;0;2;0;0;2;0;1;1;0;0;1;0;0;0;0;0;1;0;0;0;2;0;0;0;0;2;0;0;0;0;0;0;1;1;1;0;0;0;0;2;0;3;1;2;0;1;1;0;3;0;0;2;1;0;0;2;0;1;4;3;1;1;1;0;1;0;1;0;0;1;1;0;0;1;0;1;1;0;1;3;2;2;0;1;0;4;2;2;2;2;2;2;1;4;2;2;3;0;0;0;3;1;9;1;8;3;7;4;3;0;2;0;7;7;2;2;3;2;14;1;1;1;12;25;8;4;18;3;29;4;2;2;10;5;1;1;3;3;0;2;3;2;2;2;2;0;4;0;0;1;2;1;1;1;0;1;0
3158;6;14;9;2;4;6;8;14;6;3;8;7;5;4;4;66;1137;437;79;124;238;236;14;157;;74;164;3;3;139;12;10;12;35;12;6;6;15;3;6;9;8;12;6;2;2;8;11;5;1;3;6;8;4;1;3;4;6;6;1;3;13;7;8;4;6;2;0;0;0;0;0;5;2;2;6;0;8;8;12;2;8;3;1;0;2;1;2;2;0;0;8;4;2;3;5;6;6;3;7;6;5;8;5;1;4;2;3;4;3;1;1;0;2;4;3;5;12;3;2;3;2;3;1;3;2;0;1;3;1;10;2;2;6;0;8;1;2;7;4;0;3;1;1;0;0;1;0;0;3;0;1;0;0;2;1;0;1;0;0;2;1;4;1;0;0;0;0;0;0;0;1;0;0;1;1;2;1;14;3;1;3;1;5;0;2;0;1;0;0;1;0;3;3;3;5;4;0;0;0;0;1;0;3;2;1;3;0;1;0;3;3;0;3;2;0;1;1;0;4;1;0;4;21;4;0;1;0;1;0;2;0;3;0;0;1;0;4;3;3;1;1;0;0;1;0;1;0;1;0;0;2;2;0;0;0;0;1;2;0;0;0;0;0;2;0;0;3;1;2;0;0;1;0;0;0;0;1;2;0;1;2;1;5;1;1;0;0;3;2;0;0;1;1;5;1;2;0;0;0;0;1;1;1;4;0;0;2;1;0;0;2;2;1;3;3;0;2;0;1;0;0;0;0;1;1;2;4;3;1;0;4;4;2;1;0;2;4;1;0;2;0;4;0;4;3;9;4;3;2;3;3;6;1;1;9;2;4;1;2;18;1;1;3;18;27;9;1;29;1;88;6;1;3;16;4;1;4;1;4;1;1;2;4;0;1;2;3;0;0;0;1;1;0;0;1;0;0;1
3159;40;98;102;17;19;25;36;35;55;18;45;35;48;18;40;694;427;58;121;85;328;50;1261;83;67;;1004;67;100;282;97;74;69;83;77;58;27;84;30;52;62;104;47;28;18;39;80;107;20;35;56;48;104;25;27;37;25;118;51;24;13;211;44;171;59;109;47;27;28;21;14;20;59;20;57;45;22;42;125;194;23;107;34;48;25;28;44;28;90;11;27;113;20;36;74;78;39;111;71;69;66;84;94;102;81;110;41;30;16;29;68;64;17;55;61;53;37;156;14;63;37;39;38;35;74;32;15;36;22;53;69;53;30;92;25;463;57;61;417;113;79;297;28;13;21;15;18;10;32;30;18;18;23;28;10;17;6;99;11;15;7;13;44;8;13;4;10;9;10;5;9;11;11;9;5;11;18;5;78;34;73;26;57;75;21;57;17;28;38;24;64;12;51;70;30;77;78;12;62;18;26;27;24;71;39;15;49;20;53;14;41;40;21;53;53;20;27;18;25;29;40;17;14;186;5;13;13;3;6;21;4;1;11;8;4;4;5;8;20;30;6;10;7;7;5;92;12;6;9;11;3;12;67;36;0;4;6;13;27;30;4;4;26;51;20;8;38;14;26;12;4;2;10;3;16;7;18;22;6;23;6;23;18;92;2;11;6;57;9;5;2;40;10;84;42;28;10;3;1;4;18;23;58;14;53;18;44;3;3;38;34;20;24;9;8;8;26;5;39;24;14;27;18;12;6;9;4;46;26;31;8;26;18;20;17;25;6;24;9;16;21;13;51;18;26;36;24;32;42;35;30;28;37;29;33;103;36;26;42;46;198;38;44;19;69;74;20;28;27;23;65;12;38;20;37;20;14;90;23;56;11;24;280;146;35;46;24;11;19;25;11;30;16;12;7;8;3;16;17
3241;38;138;122;11;45;49;78;99;81;33;77;59;64;30;59;1115;613;162;204;353;283;111;188;866;151;544;;171;999;2146;154;798;1761;1579;137;105;44;171;40;113;687;90;126;128;31;32;194;193;76;75;127;79;138;62;60;94;66;165;117;37;35;398;53;181;56;108;26;28;20;13;7;12;62;34;40;44;17;33;103;264;21;109;15;67;18;16;20;30;73;7;24;139;45;26;58;92;47;200;82;119;65;184;286;95;66;99;23;22;16;35;29;27;9;25;46;40;42;232;23;45;15;27;24;29;33;33;8;36;18;38;45;16;20;62;10;121;39;22;52;30;36;30;23;24;9;14;9;5;25;16;4;8;18;20;5;7;4;13;5;14;6;20;63;6;4;5;6;4;5;12;6;5;6;3;4;11;26;2;114;38;41;18;37;31;18;33;9;12;7;9;31;11;65;31;17;64;59;7;43;13;10;10;3;65;30;14;26;9;20;10;43;33;20;23;43;11;27;8;12;31;25;7;33;350;5;6;7;9;9;8;7;7;31;18;18;4;6;6;57;4;9;12;15;15;7;8;7;5;12;0;8;11;11;3;5;3;4;4;28;5;6;8;8;2;5;8;3;13;22;6;5;8;5;5;5;5;5;4;6;4;9;33;16;74;1;11;7;6;12;6;4;4;19;15;38;15;11;6;2;6;7;8;5;16;33;4;6;6;5;15;4;6;14;13;16;9;8;20;38;9;6;14;9;6;16;21;13;52;21;18;5;23;13;18;8;16;15;34;15;11;17;12;79;27;45;35;56;39;57;29;36;10;23;14;37;104;15;31;16;15;203;20;16;13;88;140;48;27;59;15;97;23;29;21;46;48;16;57;10;39;2;27;16;38;17;8;9;7;9;4;3;15;7;2;5;6;6;4;11
3251;8;10;14;4;5;6;12;16;11;5;15;12;14;5;7;164;31;6;7;14;14;6;17;3;4;30;193;;12;38;6;325;31;30;48;26;6;15;122;89;33;30;5;313;200;9;144;143;21;34;32;82;51;20;8;22;344;122;419;36;14;1333;28;20;9;18;4;8;5;4;4;3;14;5;5;7;7;8;11;25;0;13;3;8;6;4;2;4;9;3;3;42;20;6;15;28;10;30;21;23;5;17;213;8;13;15;5;9;6;5;7;6;2;2;11;9;5;16;3;6;3;2;5;3;8;1;0;2;5;6;12;4;1;5;0;9;3;0;4;4;4;2;5;1;2;4;0;0;3;6;1;1;5;3;2;0;1;2;3;4;0;4;3;0;3;2;0;0;0;3;0;1;4;0;1;7;0;0;10;3;3;2;8;1;4;4;3;0;0;0;1;2;6;8;1;6;4;2;9;2;2;1;1;3;2;1;4;0;0;1;4;7;7;1;4;0;2;1;2;9;4;0;2;25;0;1;1;1;0;0;1;2;3;2;1;2;1;2;4;4;3;4;2;0;3;0;0;0;2;0;0;3;1;0;1;1;0;0;5;1;1;2;4;1;3;3;1;2;1;4;2;0;0;0;0;0;1;1;2;1;1;1;1;7;0;3;0;1;2;0;1;1;2;0;5;3;2;0;0;4;1;4;1;2;1;0;3;1;1;3;1;0;0;1;1;1;1;1;2;0;2;3;0;0;0;2;2;5;4;3;2;2;0;1;0;0;4;4;4;0;4;8;9;3;12;4;10;5;17;5;0;2;3;3;1;3;4;2;4;5;20;3;2;2;3;8;7;1;3;5;7;3;1;2;7;6;0;3;0;3;0;1;1;9;0;0;1;0;0;0;0;0;0;0;0;1;1;1;0
3252;8;11;7;1;5;3;11;10;7;3;7;5;0;3;5;82;42;10;14;12;26;5;30;22;13;80;741;15;;233;230;22;295;21;11;9;4;16;4;17;22;15;7;11;0;4;24;26;9;9;14;9;10;6;5;11;9;13;33;5;6;32;3;19;8;13;3;3;4;4;2;2;6;4;9;8;3;9;11;20;3;10;4;8;5;1;3;2;11;0;5;16;2;0;13;9;8;47;15;29;44;363;60;52;12;15;2;7;5;6;14;6;0;2;9;6;3;14;4;4;7;0;2;2;4;3;0;4;2;5;6;9;4;7;2;7;5;3;7;0;3;6;1;6;0;1;1;1;4;3;1;5;3;4;2;1;0;2;0;0;0;1;3;0;0;0;1;1;0;1;1;0;0;0;0;1;3;0;9;3;3;2;5;4;2;6;2;2;0;0;1;0;6;3;3;5;6;1;4;4;1;0;0;4;2;1;2;0;2;6;7;2;1;1;2;1;1;1;1;2;2;0;6;22;1;2;3;2;0;2;1;3;2;2;0;0;0;0;4;2;0;3;2;1;2;1;0;2;1;0;1;1;7;0;0;1;0;2;4;0;2;0;0;1;2;1;1;1;1;0;0;1;0;0;1;0;0;0;0;0;0;0;0;4;0;0;1;2;1;0;1;0;1;3;3;0;1;1;1;0;1;0;0;3;6;1;1;0;0;1;0;1;5;1;2;2;2;0;8;1;0;1;1;0;3;3;0;9;3;2;1;1;1;4;2;2;1;2;1;0;2;0;6;1;2;4;10;2;5;2;4;0;1;2;3;7;1;0;4;0;21;3;9;1;6;11;1;2;4;1;11;1;2;0;8;3;1;7;1;5;0;3;1;0;4;0;1;1;0;2;0;0;1;0;1;0;0;0;1
3254;18;22;22;5;11;13;19;34;18;13;20;19;16;5;8;213;244;148;41;56;200;35;178;339;118;234;1801;28;253;;231;54;76;94;31;25;10;40;9;25;55;31;20;21;9;7;34;47;16;13;31;16;30;15;8;13;15;26;38;6;8;78;15;27;14;19;5;6;3;3;1;1;11;9;9;12;5;8;13;43;3;22;6;10;4;3;4;8;14;5;12;26;6;9;9;18;11;48;14;15;22;34;39;18;17;19;7;6;5;10;10;11;3;1;10;11;8;35;3;10;3;4;5;4;9;5;0;7;4;8;12;6;5;16;2;34;6;7;10;8;10;16;4;5;0;7;1;0;4;2;1;4;0;6;1;1;1;2;1;4;2;5;12;0;0;1;3;0;2;2;1;3;1;0;2;2;8;1;25;7;7;2;16;7;3;6;0;6;4;4;1;0;10;9;1;17;16;4;15;7;4;8;3;11;4;5;8;1;3;0;9;7;4;4;8;4;6;7;5;9;3;2;8;46;3;0;6;4;5;3;2;4;4;0;1;2;2;1;6;0;5;4;4;5;1;0;2;1;0;0;2;3;3;1;1;1;0;1;4;0;0;3;2;1;2;4;0;3;3;0;0;1;0;3;2;0;1;3;0;1;1;6;2;13;2;1;2;2;3;1;0;0;2;0;8;4;1;2;2;2;0;4;5;4;7;2;2;1;2;2;1;2;2;2;4;0;2;4;7;0;0;3;3;0;5;0;0;16;6;7;1;4;5;4;3;5;2;4;1;3;1;2;10;7;9;9;16;8;16;6;2;5;4;4;4;20;10;4;5;5;56;2;5;2;21;41;8;2;14;1;30;5;5;5;19;8;1;13;6;13;0;6;8;8;4;2;3;3;3;3;1;3;1;0;3;3;0;1;1
3255;4;7;4;1;2;0;2;1;4;1;5;6;4;2;2;43;20;11;3;6;17;2;166;6;9;94;180;2;241;224;;15;22;13;7;4;1;6;1;5;9;5;2;3;4;1;7;12;7;0;5;5;10;0;1;1;4;10;5;3;1;14;9;5;8;7;3;2;1;3;0;1;5;2;4;1;2;6;3;15;0;7;2;5;1;0;0;2;2;0;0;7;7;3;6;7;3;18;9;12;380;56;8;54;6;7;1;4;4;6;3;8;0;0;11;7;2;6;0;2;5;1;2;2;2;1;1;3;2;3;2;2;2;5;0;13;4;0;30;5;5;4;3;0;0;0;0;1;1;2;1;5;1;1;0;0;0;1;0;0;1;2;2;1;0;0;1;2;0;0;0;0;0;0;0;0;0;1;5;0;3;0;3;2;1;2;0;3;2;0;4;1;3;2;2;1;2;1;2;0;0;0;3;0;3;0;2;3;2;0;2;1;1;2;3;0;1;1;2;1;2;1;4;9;0;0;0;0;0;0;0;0;4;2;1;1;0;3;2;0;0;1;1;0;0;0;0;0;0;0;0;1;1;0;0;1;0;0;0;0;0;0;0;2;1;2;0;2;1;2;0;1;0;0;0;0;0;2;0;1;0;1;2;1;0;0;0;1;0;2;1;0;0;0;1;0;1;0;0;1;0;1;1;0;1;0;1;1;0;2;0;0;1;0;0;0;1;1;2;0;0;0;0;0;0;2;2;2;0;0;1;1;2;1;0;1;1;2;0;1;1;0;2;1;1;4;3;2;1;3;0;0;1;0;1;1;1;2;2;0;6;2;0;0;3;4;1;0;2;1;6;1;1;0;1;3;4;1;0;1;0;0;2;2;1;2;0;1;1;0;0;0;1;0;0;0;0;0;1
3256;3;7;7;1;6;2;6;6;1;4;7;1;8;7;4;56;34;12;5;13;16;3;14;18;10;35;640;328;26;57;13;;122;55;21;11;4;21;10;41;119;15;13;155;11;5;35;35;11;12;11;12;28;3;3;16;16;29;32;5;5;108;15;7;4;4;1;4;3;2;0;1;7;3;5;4;1;7;4;17;5;12;2;4;2;2;2;0;7;2;5;10;5;5;7;15;8;35;10;33;4;21;286;17;5;6;3;4;0;0;1;2;2;3;4;3;3;10;2;4;0;3;3;1;2;1;0;0;3;1;10;1;4;2;1;4;2;2;3;5;3;3;1;2;0;4;2;2;0;0;1;3;0;2;2;0;1;0;0;0;1;3;1;0;0;2;0;0;1;2;3;0;0;0;1;1;0;0;4;1;2;0;2;6;3;2;2;4;0;0;1;0;1;3;0;1;1;0;3;1;0;2;0;0;2;1;3;0;2;0;1;2;2;2;1;1;0;4;1;3;2;0;1;14;0;0;0;5;0;2;0;0;2;0;1;0;0;2;1;0;0;3;1;0;0;0;2;1;0;1;0;1;0;0;1;0;2;0;0;1;0;0;1;0;0;0;0;0;0;1;1;1;0;2;1;1;0;0;0;0;0;0;0;3;0;1;1;0;2;0;0;0;0;0;4;0;1;2;0;0;3;1;2;2;3;1;0;0;0;2;0;6;2;0;0;2;0;0;0;0;2;0;2;0;0;1;1;2;1;1;0;1;2;1;0;4;1;3;1;2;2;0;2;2;5;7;6;6;10;5;2;0;0;4;3;4;2;3;1;1;9;3;2;2;6;7;1;2;2;5;6;7;3;2;3;3;2;3;4;2;1;0;0;1;0;0;1;3;3;1;0;3;2;0;0;0;0;0;0
3257;5;13;11;2;2;2;11;12;15;1;10;4;8;2;3;85;44;11;11;10;13;6;19;22;14;34;1235;36;311;76;23;149;;31;14;12;3;12;4;9;37;9;5;8;1;1;18;41;6;6;12;7;12;7;6;8;5;23;9;6;6;32;6;20;11;11;4;1;4;3;4;1;6;3;5;4;3;8;7;28;1;11;0;7;2;2;3;2;11;1;3;22;10;2;8;13;6;84;29;84;23;206;595;33;11;14;4;8;5;4;2;7;1;6;8;4;3;11;1;4;2;3;5;2;3;3;1;0;6;4;6;3;2;8;0;8;1;2;7;6;4;3;3;0;5;2;0;1;2;3;0;1;0;2;0;1;0;1;0;0;0;0;2;5;0;0;2;0;0;3;0;0;0;1;3;1;2;2;9;0;2;2;2;4;0;2;0;1;3;2;3;1;4;3;0;6;3;1;2;1;0;1;0;2;3;3;7;0;2;1;9;4;7;1;3;1;2;0;0;5;1;1;2;17;0;0;2;0;0;1;0;2;2;0;4;1;1;0;4;0;1;3;4;1;3;0;1;0;0;0;1;0;0;0;0;0;1;0;2;0;0;0;1;0;1;0;0;1;1;0;0;2;0;0;1;1;1;0;1;2;0;1;3;6;2;1;2;2;4;1;0;1;1;0;2;4;1;0;0;1;0;2;0;1;6;0;0;0;0;1;0;4;2;2;0;2;2;1;5;0;0;1;1;0;2;1;0;1;1;1;2;3;1;4;0;3;0;3;0;5;1;3;5;1;12;5;10;4;8;3;1;3;5;0;1;8;2;4;4;0;17;3;4;8;6;12;4;3;1;2;11;4;0;0;8;4;4;3;1;4;3;1;0;5;0;2;1;3;2;0;0;2;2;1;2;0;0;0;2
3351;4;24;16;2;9;13;18;20;15;5;13;11;17;3;13;159;143;14;38;200;32;29;31;82;26;74;1148;45;48;96;15;59;55;;32;62;20;82;18;56;307;28;106;35;10;3;29;30;12;17;18;12;52;20;7;28;18;24;21;18;14;57;11;12;9;17;1;6;5;3;2;0;6;6;8;4;4;6;7;29;0;15;5;11;5;5;3;2;16;1;7;10;5;3;6;14;5;13;13;10;7;16;17;20;13;12;4;4;4;8;3;7;2;1;5;5;1;12;1;5;3;0;4;2;3;5;3;2;2;4;10;5;2;8;1;6;6;3;9;4;5;6;4;4;4;0;1;2;3;6;3;2;1;3;4;0;4;1;0;2;2;0;4;2;0;1;1;0;3;2;1;3;1;0;0;4;0;0;15;1;6;2;4;5;6;3;0;3;4;0;1;1;2;4;2;4;5;2;5;0;1;0;1;4;1;1;1;2;4;2;6;0;4;4;6;3;3;1;5;6;3;0;5;23;0;0;6;1;1;1;1;1;2;2;0;2;1;1;8;3;2;3;1;3;1;3;1;1;0;0;2;0;1;5;1;0;2;2;5;0;1;3;5;1;0;3;1;3;1;0;2;0;0;2;1;0;0;0;1;0;0;2;0;7;0;2;0;0;1;1;1;0;0;1;4;1;1;1;1;1;1;0;1;0;6;1;0;1;0;2;0;1;1;1;2;3;2;1;5;1;1;5;2;0;2;1;1;8;2;3;1;9;2;5;2;6;2;7;5;0;3;3;15;5;11;12;8;6;12;8;3;0;3;2;9;9;5;2;5;2;22;1;1;4;9;20;20;7;11;2;14;6;2;3;8;9;2;2;2;5;0;4;1;9;1;2;2;2;3;2;0;3;1;3;0;2;0;2;1
3352;20;28;20;8;24;13;19;17;41;9;17;19;22;15;15;282;30;7;4;13;13;7;10;14;8;26;128;52;16;27;4;22;16;15;;40;5;27;187;201;26;404;13;43;25;9;114;31;36;26;26;18;25;32;6;23;31;18;20;79;10;347;1362;10;6;12;3;4;2;0;1;5;12;3;11;4;3;3;5;28;3;7;6;10;1;4;8;3;11;3;6;19;11;2;11;8;2;12;3;12;6;9;15;5;7;13;4;5;4;4;7;10;1;7;7;6;7;9;1;3;2;5;5;0;7;2;0;6;4;3;9;7;1;5;3;5;1;10;8;2;3;3;6;0;4;5;1;5;11;6;2;0;4;2;1;5;0;8;0;0;0;0;3;2;0;2;1;1;2;1;0;0;0;0;0;2;1;0;6;1;3;0;2;2;4;3;1;2;2;2;4;1;8;1;6;4;3;1;5;0;2;1;0;7;4;0;6;1;3;0;1;0;2;2;7;0;3;2;2;2;6;3;2;15;0;1;1;1;2;1;1;0;3;2;2;1;0;2;4;0;0;5;1;4;0;1;2;1;1;2;0;3;2;0;0;0;0;0;1;0;1;0;3;0;1;1;0;1;1;1;1;0;1;0;2;1;1;1;0;0;2;1;0;6;0;3;0;0;1;1;0;0;1;0;3;1;1;2;0;0;0;2;0;2;0;0;1;0;1;3;1;1;2;0;0;0;1;4;2;1;1;2;1;0;2;1;0;3;3;2;1;2;4;4;1;0;3;4;2;1;2;1;11;6;9;8;8;4;9;12;3;3;2;3;3;6;4;0;3;2;12;2;1;2;4;5;1;1;4;0;4;1;4;1;4;4;2;3;2;3;0;3;1;2;1;3;0;1;1;1;0;2;0;0;0;2;2;0;1
3353;26;71;71;10;26;192;48;75;140;23;48;37;105;26;110;2783;25;6;14;16;10;5;6;7;9;43;111;21;12;19;7;20;12;31;51;;33;708;10;348;248;627;93;31;7;6;36;23;7;13;14;14;17;9;4;16;11;21;15;7;5;97;14;18;9;15;7;4;5;3;1;1;10;5;9;4;4;6;10;25;2;17;5;7;4;6;6;7;8;2;4;21;7;2;7;11;7;7;9;8;1;1;11;4;8;13;2;3;5;3;3;6;2;5;7;9;5;18;3;6;4;5;2;4;2;4;0;5;8;4;10;5;1;15;2;9;10;7;10;5;1;4;1;1;7;3;1;0;5;3;4;0;2;6;2;1;3;0;1;4;2;1;6;2;1;0;2;0;1;3;1;2;2;0;0;1;1;0;8;9;5;4;8;2;6;6;4;2;6;3;4;0;6;6;5;8;5;4;3;2;2;4;4;8;5;0;9;3;1;2;8;6;4;5;2;0;4;2;1;3;5;3;3;43;2;1;0;1;2;1;4;4;4;3;2;2;2;0;8;0;3;5;2;5;2;2;4;0;2;1;3;1;3;0;1;1;0;0;4;0;1;1;2;0;2;0;1;2;4;0;1;1;2;2;2;0;1;0;1;0;1;2;6;9;0;2;1;0;0;1;0;1;1;1;5;1;5;5;2;4;1;3;0;2;3;2;0;1;5;1;2;1;6;3;3;2;1;3;9;2;1;2;1;1;2;0;1;7;9;3;0;7;1;5;4;5;3;8;5;1;10;5;37;15;29;26;36;25;30;61;6;1;5;3;1;10;3;4;2;3;22;3;3;0;13;11;10;4;6;2;9;5;3;1;2;5;4;7;3;6;0;2;1;2;0;0;3;2;0;1;0;2;1;0;1;0;1;0;0
3354;1;8;8;1;8;10;6;4;11;3;1;2;12;2;6;107;23;5;9;11;5;6;3;3;3;10;47;2;3;12;2;6;2;19;5;22;;147;0;8;10;8;168;2;3;0;5;1;5;3;4;2;0;0;1;2;2;1;3;2;1;10;2;2;1;2;0;0;0;0;1;0;2;2;2;2;0;3;3;4;0;2;0;3;0;0;0;0;3;0;0;1;1;1;2;2;0;1;0;0;4;2;2;2;1;2;1;0;0;0;4;0;1;0;0;4;0;4;0;1;0;0;1;2;5;0;0;0;1;1;1;2;1;2;0;3;0;0;0;1;8;2;0;1;0;1;2;0;0;1;1;0;0;0;0;0;0;2;0;0;0;1;3;0;3;0;0;0;0;0;0;0;0;0;0;1;0;0;3;2;0;0;0;1;1;2;0;0;0;3;1;1;1;1;0;4;0;0;2;1;0;0;0;2;1;0;1;1;1;0;4;0;0;0;1;1;0;0;0;1;0;1;0;5;1;0;0;0;0;2;0;0;1;0;1;0;1;1;2;0;1;4;1;0;0;0;0;0;1;0;2;0;1;0;0;0;0;1;1;0;0;1;0;0;0;0;0;0;0;0;1;1;0;0;0;0;0;0;2;0;0;1;0;1;0;0;0;0;0;0;0;0;0;0;1;0;0;0;0;1;0;0;1;0;0;0;2;0;0;0;0;0;0;0;0;2;0;1;0;0;0;0;0;0;1;1;1;2;0;1;0;0;3;1;0;0;0;3;18;0;0;1;11;10;6;6;0;5;4;49;1;1;3;0;0;2;2;0;4;2;17;1;1;0;3;14;95;0;2;0;2;1;2;1;0;21;3;3;0;2;0;0;0;0;0;0;1;1;0;0;0;2;0;0;0;0;0;1;0
3355;34;72;76;12;22;209;34;57;69;13;29;33;40;21;89;1094;56;8;15;30;10;9;17;11;17;60;194;14;20;38;4;21;14;65;31;547;162;;10;48;111;82;622;18;3;7;49;27;9;12;12;11;22;5;5;12;6;16;12;7;9;76;10;21;6;11;1;6;1;2;1;0;11;3;1;4;2;4;18;33;1;14;1;9;3;1;3;5;13;3;3;25;2;7;8;13;3;15;6;9;5;8;14;8;12;19;3;0;0;7;1;7;0;7;4;4;6;20;3;13;2;3;1;5;4;4;0;2;2;3;9;3;5;18;2;16;6;2;2;5;6;4;5;1;1;1;2;0;2;6;3;3;2;5;2;1;0;0;0;5;1;2;12;3;0;0;1;1;2;0;1;3;0;2;1;0;1;0;20;2;5;3;5;4;2;2;3;2;4;2;2;3;6;4;0;10;7;1;3;6;3;0;0;17;4;6;5;3;2;0;9;2;4;7;7;2;4;0;4;7;2;2;5;40;0;1;3;5;1;2;2;2;1;4;1;7;1;1;8;0;0;6;1;1;1;1;3;1;1;0;3;2;2;0;0;2;0;0;2;0;0;0;1;0;2;0;3;4;6;6;0;3;1;0;0;0;1;1;0;0;0;2;1;9;0;1;1;0;9;1;1;0;2;0;9;5;2;0;0;1;3;3;1;1;6;0;1;0;1;4;0;1;0;0;0;4;0;2;5;5;0;2;5;0;1;2;1;13;5;3;2;8;5;8;5;3;3;9;8;3;3;3;32;28;25;23;25;30;15;137;7;2;1;1;1;15;3;7;4;2;42;1;1;2;12;13;13;3;4;5;8;1;2;2;2;14;2;7;8;9;1;3;2;3;2;0;1;0;1;0;1;3;0;0;0;2;0;0;0
3356;4;15;8;1;3;7;11;5;9;5;11;6;5;2;5;83;12;2;4;6;9;1;4;0;4;14;50;90;10;5;0;10;4;11;230;15;0;12;;266;19;22;8;131;40;6;56;16;8;18;9;16;9;18;1;12;45;5;13;53;6;1468;73;9;3;5;3;1;2;2;3;0;4;3;1;1;1;2;3;12;2;3;0;2;4;0;1;2;3;4;2;17;0;2;6;2;7;6;4;2;2;8;10;3;2;4;0;4;1;1;3;2;1;4;0;3;2;3;1;1;5;0;0;1;2;0;1;3;2;2;2;0;1;3;1;2;3;0;3;3;3;2;0;1;0;0;0;0;2;2;0;3;0;0;0;0;0;1;0;1;2;0;5;0;1;0;0;0;0;0;0;1;1;0;0;1;2;0;2;0;4;1;2;0;1;0;0;1;0;0;0;0;3;1;1;5;3;0;5;0;3;1;0;1;0;2;1;0;1;0;3;0;0;0;4;1;3;2;2;6;1;0;3;15;1;0;2;0;0;0;1;1;0;1;2;0;0;0;0;0;0;3;2;1;0;0;2;1;2;0;0;0;2;0;0;0;0;0;0;0;0;0;2;0;1;2;0;0;0;0;0;0;1;0;0;0;0;0;2;0;1;4;0;1;1;2;0;0;0;0;1;0;1;0;1;1;0;0;0;0;0;0;0;0;0;0;1;0;1;1;0;1;0;3;0;1;0;2;1;0;1;1;1;0;0;3;2;4;1;1;0;1;4;4;0;3;0;1;4;0;1;1;3;3;10;6;4;5;2;3;0;0;0;1;1;1;0;2;1;0;9;1;1;1;5;1;1;1;1;2;0;0;2;0;1;4;2;2;0;2;0;0;0;0;1;1;2;0;0;0;0;0;0;0;4;1;0;1;0
3357;12;30;25;2;15;17;14;20;27;6;24;14;29;16;13;368;27;5;6;10;13;6;8;6;14;36;164;79;10;22;7;42;8;38;171;182;9;54;208;;259;335;21;355;34;7;85;34;18;18;23;16;39;17;8;20;29;18;24;17;6;411;67;9;6;7;1;2;4;2;2;1;8;5;4;6;2;6;7;20;1;9;4;5;2;6;4;1;10;0;2;19;7;2;12;14;5;5;7;3;2;8;16;4;6;7;3;6;4;5;3;3;1;3;7;7;3;16;2;10;0;3;1;2;3;4;1;2;3;2;2;5;2;8;0;15;1;3;6;0;2;3;7;1;2;1;1;0;5;2;0;4;4;4;5;5;2;1;0;3;1;0;2;1;1;0;1;4;2;1;1;2;1;0;1;0;0;0;10;1;6;1;3;1;3;8;0;3;2;2;1;1;3;2;3;5;2;3;6;0;2;1;0;3;5;3;1;0;2;0;5;4;2;2;2;1;3;2;1;4;1;2;1;14;2;0;3;0;1;5;1;1;1;0;1;0;0;1;5;0;4;6;0;2;1;2;2;2;1;3;3;0;0;0;0;2;0;0;0;1;1;1;1;1;1;1;0;1;1;0;0;0;0;2;1;0;1;3;0;1;1;0;4;7;0;1;1;1;2;0;0;0;1;1;0;1;6;1;0;1;2;4;0;1;5;0;1;0;0;1;0;0;0;0;1;1;1;2;3;2;3;1;0;1;1;1;2;5;4;3;1;1;3;4;3;3;4;8;2;1;1;6;14;8;14;18;12;8;8;11;5;0;5;2;5;6;1;0;4;2;18;2;2;1;8;11;7;4;5;4;6;3;2;2;2;6;1;3;3;3;0;1;3;2;2;1;0;2;2;0;0;1;0;0;1;3;1;3;1
3358;11;23;19;4;8;31;13;33;38;8;15;18;28;5;22;279;1214;12;55;62;19;21;30;50;25;476;768;72;43;105;17;140;45;518;51;230;26;140;21;300;;67;96;126;7;2;448;619;15;7;11;21;46;14;12;38;12;53;21;25;15;99;13;4;7;8;4;2;3;2;1;1;9;2;7;3;4;10;3;18;4;13;2;6;2;2;4;3;4;2;1;9;13;3;15;12;2;14;8;10;3;25;15;9;6;2;2;5;6;3;4;4;1;5;5;7;4;7;2;6;2;2;2;4;7;2;3;5;1;1;10;5;0;6;2;4;4;2;4;6;6;2;0;0;1;3;1;1;5;5;1;0;0;1;1;0;0;4;0;0;3;1;2;0;2;1;0;0;1;1;0;0;2;0;2;0;2;1;3;3;5;2;6;5;2;5;1;2;2;1;2;0;3;1;1;1;3;1;4;1;3;1;3;4;5;0;6;0;2;1;6;1;4;1;4;2;4;2;2;1;2;6;2;14;1;0;1;1;1;0;1;3;5;0;1;0;0;0;5;0;3;1;0;1;2;2;2;0;4;2;0;2;1;0;2;1;1;0;4;0;0;1;0;0;1;3;0;1;4;0;2;1;1;1;1;0;1;0;0;0;0;1;0;3;0;2;0;1;1;0;2;1;1;0;4;1;0;2;1;0;0;1;1;1;4;1;2;0;1;1;3;0;2;3;3;0;4;0;2;0;1;1;3;1;4;2;0;2;5;5;2;4;4;5;1;7;4;4;4;2;8;1;10;8;13;6;12;8;12;19;6;1;3;0;4;13;1;2;2;4;17;3;2;2;13;13;11;6;5;2;7;2;2;4;7;8;3;7;2;4;6;0;1;5;4;0;3;0;1;0;0;1;1;3;4;0;2;1;6
3359;32;47;30;11;28;43;23;37;96;14;42;30;56;37;62;1275;31;8;8;8;7;3;9;10;7;44;102;25;16;24;6;12;9;25;432;437;13;92;18;416;52;;18;33;11;2;44;27;12;11;18;8;23;7;6;19;12;19;24;12;4;96;33;14;2;16;2;7;4;1;2;2;10;7;1;4;2;11;7;16;3;13;3;2;2;4;5;5;10;2;10;14;7;1;6;13;9;8;5;6;2;6;15;8;12;10;3;3;1;5;7;3;1;8;3;7;5;13;3;5;2;2;2;1;6;0;2;3;1;6;8;10;0;10;1;9;4;1;8;3;3;7;5;2;0;2;2;0;3;4;1;1;3;3;2;3;1;0;0;1;0;1;5;4;2;0;3;1;0;0;0;3;0;1;0;2;7;2;11;4;5;3;3;3;4;4;2;3;3;3;6;0;9;1;6;5;7;2;13;0;3;4;1;6;6;2;7;3;0;4;6;3;1;2;4;5;1;3;2;4;5;2;3;20;0;2;1;2;0;0;1;0;1;2;2;3;1;2;4;0;5;3;1;1;0;1;2;2;0;2;0;2;7;0;0;1;0;0;2;0;0;0;0;1;2;3;0;2;5;3;2;0;1;0;1;3;0;3;1;0;1;4;1;8;1;2;1;0;3;0;1;0;1;0;3;0;2;0;0;0;1;4;1;1;3;1;0;0;0;4;0;3;0;0;1;6;2;2;4;0;1;0;1;0;2;0;1;8;5;7;1;3;3;4;0;2;7;3;4;1;2;1;21;9;23;24;30;15;26;23;6;2;4;3;4;11;4;9;1;3;15;2;1;1;2;13;5;0;1;1;6;3;2;1;1;3;2;3;2;4;0;2;0;3;2;1;0;1;1;2;1;4;0;0;1;1;0;1;1
3360;4;24;18;6;9;22;10;14;19;2;17;12;8;3;19;228;41;10;18;82;11;14;7;12;13;29;146;8;18;23;3;11;7;103;9;69;123;432;8;19;83;20;;3;0;0;18;7;5;7;9;3;12;4;1;5;5;12;10;5;0;26;6;3;6;6;1;3;0;2;0;2;3;3;3;2;3;4;6;8;0;6;0;2;0;3;3;1;6;1;3;4;3;0;2;5;2;6;4;3;2;6;3;2;1;3;0;3;1;5;1;3;0;4;3;5;0;2;0;1;0;3;3;4;3;1;0;4;1;3;3;3;0;3;2;5;2;2;3;1;3;3;3;1;1;1;1;1;1;1;1;2;4;3;2;3;0;0;0;2;0;0;4;0;0;0;0;0;0;2;0;0;0;0;2;0;1;0;7;4;2;1;2;1;0;3;2;0;0;1;0;1;2;2;0;0;5;2;2;1;1;1;1;2;0;1;1;1;2;0;6;0;0;2;5;2;0;2;0;1;1;0;2;14;1;0;3;1;2;0;0;0;1;3;0;0;2;0;1;0;1;3;0;1;0;0;1;0;0;2;1;0;1;2;0;1;1;0;1;0;0;0;3;0;0;0;0;0;0;2;0;2;0;0;0;0;0;0;0;0;0;2;1;4;0;1;0;1;1;0;0;0;1;0;3;3;4;0;0;0;0;0;1;0;0;0;1;0;0;0;1;0;1;0;2;2;0;1;3;0;1;1;0;1;1;1;0;4;2;2;6;2;0;3;0;1;5;4;8;2;1;0;5;7;2;6;11;8;11;20;6;2;2;0;2;6;2;2;1;0;15;0;1;0;8;16;54;5;9;0;7;2;2;3;2;19;2;4;0;2;0;3;0;2;0;2;0;0;1;2;0;2;0;1;0;0;0;0;2
3361;8;17;3;1;5;7;9;16;11;4;7;11;8;3;7;133;20;1;3;9;11;3;5;8;6;21;144;353;12;21;3;181;10;31;35;27;4;16;128;422;121;22;8;;42;10;57;27;14;14;14;13;20;14;1;14;52;14;14;18;2;973;30;11;9;3;2;1;3;0;0;4;3;6;2;2;2;3;3;16;4;8;3;6;1;3;1;3;7;2;2;17;2;6;4;9;4;10;8;8;3;12;14;5;11;12;0;6;2;3;0;2;1;0;5;6;0;9;2;5;2;4;3;0;1;5;0;3;1;3;1;0;1;5;2;3;2;2;4;2;4;2;1;1;1;4;2;0;3;3;1;1;0;1;2;0;0;1;0;1;4;3;5;0;4;0;1;0;1;1;0;0;1;0;0;2;1;3;6;1;3;0;0;1;0;1;2;4;1;1;2;1;3;0;1;3;3;0;3;1;0;5;0;1;3;3;2;0;1;0;5;3;5;2;2;0;1;1;1;2;0;1;0;14;1;0;1;1;1;0;0;0;2;2;1;0;0;1;3;0;5;3;2;0;0;2;1;1;1;1;0;0;2;0;0;0;1;1;2;0;1;0;2;0;0;0;0;0;5;1;1;0;2;2;1;1;0;0;1;0;0;2;1;2;1;1;0;0;2;1;1;0;0;0;2;3;0;0;0;0;0;0;0;1;3;0;3;0;0;1;0;0;0;0;1;0;0;1;2;0;1;2;1;1;0;3;0;1;0;1;3;1;5;2;0;3;2;3;1;0;3;1;5;5;4;7;4;5;8;9;1;0;2;0;0;4;3;0;0;1;13;2;1;1;5;6;2;1;5;3;2;1;0;2;3;4;3;1;1;2;1;3;2;2;0;0;3;2;6;0;0;1;0;1;0;0;0;0;1
3401;3;5;6;1;2;3;2;6;9;0;1;3;0;1;4;60;8;3;5;2;6;2;1;3;3;3;43;209;8;9;2;7;4;4;30;10;3;5;43;28;14;9;0;49;;4;117;15;21;32;10;33;28;21;3;15;786;21;31;100;8;528;24;3;6;12;0;1;1;2;2;1;1;2;2;3;4;0;4;9;1;6;2;0;2;1;0;2;7;4;3;6;2;1;9;11;1;3;5;3;2;3;11;8;4;7;5;1;1;8;2;3;1;4;1;3;4;10;3;1;1;1;1;1;2;0;1;6;1;6;5;0;0;1;2;3;1;0;0;0;1;2;0;0;0;1;0;0;3;1;0;1;0;3;1;0;0;1;0;0;0;0;1;0;2;3;1;0;0;0;0;0;0;0;1;0;0;1;1;0;4;0;3;1;0;2;1;1;2;0;0;0;1;2;3;2;0;0;1;1;2;0;0;1;1;4;1;0;1;1;3;3;1;5;1;0;2;0;3;0;2;1;1;10;0;2;1;2;0;0;0;0;0;2;0;1;0;0;1;0;0;1;0;0;0;0;0;0;0;0;0;0;2;0;0;0;0;0;0;0;2;0;0;0;1;0;0;2;2;0;2;0;0;0;0;0;0;0;0;0;0;1;0;2;0;2;0;0;0;1;0;0;0;4;0;0;0;0;0;1;0;1;0;1;2;0;0;0;2;0;0;0;0;1;0;0;0;1;1;0;2;1;0;0;1;0;1;1;3;1;0;0;0;0;1;0;1;1;1;0;0;0;5;3;5;3;4;3;7;8;2;0;2;0;2;5;0;0;1;0;6;2;0;0;1;3;0;0;1;1;2;1;0;0;1;1;0;1;0;0;1;0;1;1;1;1;1;1;2;0;0;0;0;0;2;0;0;0;0
3402;2;5;8;0;2;1;1;2;1;0;2;4;1;0;3;58;11;1;5;3;6;1;2;5;1;10;49;6;6;11;2;5;4;6;12;4;1;7;5;8;7;11;1;5;5;;90;23;21;37;642;28;62;13;10;218;10;12;10;12;13;50;12;11;5;8;3;0;6;0;1;2;2;2;2;3;2;2;4;9;2;8;2;2;0;0;2;0;6;1;3;14;5;4;9;14;4;4;2;3;3;1;6;2;5;8;1;5;2;0;4;2;1;5;3;3;3;6;1;1;0;0;4;2;1;0;0;0;2;1;3;1;0;3;0;6;2;0;10;1;2;0;2;1;0;1;0;0;0;1;0;0;0;3;0;0;0;0;0;0;0;1;2;0;0;1;0;0;1;1;1;2;0;0;0;0;0;0;12;6;3;2;12;6;1;3;0;0;0;0;3;0;2;0;1;3;0;0;2;0;0;2;0;2;3;0;4;0;0;1;2;1;0;1;0;0;1;0;0;4;0;0;3;6;0;0;0;0;0;0;0;0;0;1;0;1;0;0;1;0;2;0;0;1;1;0;1;0;0;1;0;0;0;0;0;0;0;0;2;0;0;0;0;0;1;0;0;2;0;0;1;0;2;0;0;0;0;0;0;0;0;2;1;6;0;0;1;0;0;0;0;0;0;1;2;0;0;0;0;0;0;2;0;0;2;0;1;0;0;2;1;0;0;0;0;1;1;2;2;0;1;0;0;0;0;0;0;2;0;0;0;1;0;0;0;1;0;0;1;1;2;0;3;1;1;0;2;0;3;5;5;0;0;0;4;2;0;1;0;1;3;2;1;0;3;2;0;1;1;0;0;0;2;1;0;1;0;1;0;0;0;1;0;0;1;1;0;1;1;0;0;0;0;0;0;2;0;0;1
3403;11;33;30;5;7;14;15;10;17;9;16;6;15;7;10;349;79;6;28;54;11;9;23;32;16;105;377;109;21;54;18;47;25;32;121;70;19;76;46;72;34;62;19;68;85;55;;120;136;1843;180;406;229;248;40;240;1134;120;136;338;71;440;57;28;11;29;5;4;3;1;3;6;8;8;11;11;3;6;19;61;6;29;9;8;1;0;4;5;12;1;4;79;10;11;20;41;11;31;15;8;6;10;20;15;12;29;5;6;3;8;6;8;3;5;10;4;8;29;2;10;3;3;3;3;4;5;0;3;2;4;15;3;2;13;1;17;5;2;7;6;3;6;5;4;0;2;0;1;4;2;1;2;1;7;1;2;1;3;0;0;1;5;8;2;1;1;2;1;4;1;0;0;1;1;0;0;1;3;14;8;5;1;6;4;3;8;1;2;3;3;4;3;4;3;2;9;11;1;3;5;1;1;0;14;6;1;6;1;4;1;5;6;2;1;10;1;3;1;1;4;6;0;1;52;3;1;1;3;1;1;1;0;3;3;3;2;3;1;9;0;1;1;4;2;0;1;2;1;0;0;0;2;0;1;1;0;0;0;3;1;0;0;0;0;0;0;1;4;3;0;1;0;1;1;1;0;2;1;1;3;2;7;2;8;0;2;2;3;1;2;1;0;2;0;7;0;0;0;3;1;1;2;1;2;5;1;0;1;0;4;0;0;2;2;2;2;1;5;7;1;1;2;2;0;1;2;2;10;1;3;1;3;2;1;1;4;3;6;1;0;3;3;14;8;10;2;11;4;9;3;4;1;3;3;2;14;2;3;4;2;42;1;3;3;9;8;3;1;5;0;8;3;2;1;2;1;3;8;0;6;2;3;0;1;7;1;0;2;2;1;0;0;0;2;1;2;0;0;3
3404;9;28;16;4;5;10;10;11;17;4;12;12;9;3;14;254;78;4;56;57;9;26;25;29;27;97;452;140;61;67;10;46;50;33;40;92;11;46;24;50;22;63;21;42;16;25;130;;19;56;75;142;392;44;129;87;57;3337;240;28;53;151;20;89;21;48;10;13;5;19;3;4;18;18;16;22;10;13;36;104;4;39;5;16;2;6;8;13;17;3;11;263;70;39;40;981;76;113;106;112;11;50;133;40;25;52;12;11;6;14;15;18;1;5;37;24;10;41;4;14;3;3;6;6;6;9;0;4;8;4;7;3;7;16;0;22;7;1;5;6;8;3;6;1;4;3;1;0;5;1;1;3;3;3;1;1;0;3;1;4;1;1;10;0;0;2;1;1;0;4;1;1;0;1;1;4;3;3;21;4;9;1;5;7;5;5;1;1;1;2;5;1;11;9;2;13;21;2;10;1;5;4;3;13;6;2;7;1;3;2;10;3;3;3;14;2;9;3;2;8;2;1;2;54;1;0;4;1;0;2;1;0;6;1;3;0;1;0;5;0;0;3;4;2;3;2;2;1;0;0;0;1;1;0;1;0;2;1;5;0;2;1;0;0;2;1;0;5;3;3;0;2;0;0;3;0;0;2;0;1;2;2;2;17;1;4;3;4;1;1;1;0;2;2;4;1;1;2;1;3;1;3;0;4;5;0;2;0;0;2;0;2;1;3;2;0;1;5;7;1;1;3;0;3;2;1;3;9;3;0;0;3;2;6;0;3;4;0;0;0;1;1;9;7;5;6;6;6;7;6;3;1;4;1;3;21;4;3;0;0;31;1;1;2;7;14;3;3;1;2;5;0;0;0;2;3;3;8;0;6;0;2;2;0;1;1;1;2;2;0;0;1;0;0;0;4;1;1;0
3405;4;21;13;3;2;6;9;8;8;4;14;8;13;4;7;99;15;8;4;3;8;4;8;4;2;18;79;17;10;11;6;11;2;11;39;8;0;9;10;12;10;9;3;18;29;12;206;25;;100;92;42;54;933;9;62;37;24;33;57;150;124;38;12;3;16;3;6;5;3;2;3;8;8;7;5;3;5;10;18;1;16;8;11;6;3;3;3;11;3;9;11;8;8;20;17;8;6;6;6;7;7;14;3;9;16;6;2;12;9;3;6;0;3;4;7;2;8;4;4;0;1;3;3;7;2;3;4;2;1;5;0;3;6;0;5;3;1;6;5;2;4;4;3;0;0;1;1;3;4;1;2;0;1;0;2;1;0;0;0;1;2;4;0;0;0;1;0;4;0;0;1;0;0;0;1;2;0;7;3;3;3;3;2;3;5;1;3;1;0;1;0;4;1;2;2;3;2;3;0;1;1;0;4;7;3;3;2;0;0;2;4;3;5;2;0;1;0;1;3;2;1;1;6;1;0;0;0;1;2;1;2;1;2;0;1;0;1;3;1;0;0;0;0;0;0;1;0;1;0;1;0;0;0;0;1;1;0;1;1;2;1;1;1;1;0;0;1;0;0;1;1;1;0;2;0;0;0;0;0;0;4;1;0;0;2;4;3;0;1;0;0;0;0;2;2;1;1;1;0;0;4;0;3;2;0;1;0;0;1;1;1;2;0;0;0;0;0;4;0;1;4;0;0;2;1;1;4;2;6;0;1;6;2;1;2;2;1;0;1;3;4;10;1;3;5;12;6;8;2;5;2;5;3;4;7;3;4;1;3;8;1;0;4;4;3;3;0;5;4;3;1;1;3;7;1;1;7;3;2;1;1;2;1;3;1;2;1;3;0;0;0;0;1;2;0;0;0;0
3451;1;7;5;0;5;6;9;11;3;4;8;3;2;2;5;88;11;3;5;5;6;2;7;3;2;10;76;32;6;9;4;10;10;7;20;7;2;14;16;20;9;12;2;19;18;20;1327;35;72;;79;370;71;216;3;297;204;23;34;171;38;110;19;7;1;5;1;2;0;2;1;6;4;5;3;3;4;3;4;17;0;8;2;2;0;0;2;3;2;1;10;31;4;7;11;13;4;13;2;3;3;5;12;4;5;16;2;5;5;2;4;5;0;8;2;9;3;9;4;2;0;0;1;1;5;0;2;0;2;4;3;2;2;3;0;3;3;1;2;3;0;0;2;2;1;2;0;1;3;0;0;2;4;4;1;0;0;0;0;3;0;3;3;1;0;0;1;0;0;0;1;1;0;0;0;1;0;0;8;1;0;4;4;4;1;3;0;1;0;2;1;0;0;2;2;5;4;4;3;2;1;1;0;5;3;2;2;0;4;1;2;6;1;2;4;0;1;1;0;0;3;0;1;10;0;0;1;0;0;0;0;0;1;0;1;1;0;1;5;0;2;1;0;0;0;0;0;1;1;0;0;0;0;0;1;0;0;0;1;0;0;0;0;0;0;0;0;0;1;1;0;1;0;0;1;1;0;0;0;0;0;1;1;4;2;3;0;1;1;1;0;0;0;1;2;1;1;0;0;0;0;0;0;3;2;0;1;0;1;0;1;0;0;1;2;0;0;3;2;0;2;0;0;0;2;1;0;2;3;4;1;1;1;0;1;2;0;3;1;0;1;1;8;2;8;2;11;3;6;5;1;2;2;0;0;6;1;7;1;1;6;0;0;0;4;6;0;0;1;0;5;3;2;0;1;2;0;4;1;2;1;2;0;0;0;1;0;0;0;0;0;1;2;0;1;0;0;0;0
3452;7;21;11;5;8;5;15;10;18;6;8;5;7;6;7;130;32;4;9;12;9;5;9;2;4;28;118;27;12;18;5;13;16;19;19;11;5;18;11;21;15;19;4;17;8;618;243;69;101;116;;63;124;116;18;514;29;30;24;27;516;124;23;24;14;25;9;12;8;3;6;8;18;14;15;13;7;21;12;27;5;19;3;12;6;9;14;11;16;2;10;45;20;13;31;34;14;16;13;8;3;18;12;12;16;31;8;5;8;11;16;16;3;9;11;14;2;21;2;3;4;3;1;1;4;4;2;8;6;6;12;4;5;5;6;9;4;0;12;8;6;4;5;5;6;3;0;3;7;2;0;6;9;1;4;0;2;3;0;5;0;8;5;2;0;1;2;0;2;1;0;0;2;2;2;0;1;1;13;4;4;2;7;4;4;8;0;3;0;1;1;1;3;5;2;5;3;4;5;3;5;3;2;6;2;6;6;0;5;0;7;4;2;2;7;2;0;1;4;9;7;2;0;14;1;3;2;4;1;2;0;0;1;1;3;3;0;0;3;0;1;3;2;2;1;2;3;0;1;2;0;1;1;0;1;0;0;1;1;0;1;0;0;1;1;0;0;3;1;0;1;2;2;0;2;1;0;0;0;2;0;2;1;3;0;3;0;1;1;2;1;0;1;0;5;3;5;2;0;1;1;2;0;2;5;1;1;0;0;2;3;1;5;2;2;1;2;6;4;2;1;2;0;0;3;4;1;3;5;5;0;1;4;0;3;2;3;7;3;2;5;3;13;4;5;8;10;3;9;4;2;1;6;1;1;10;2;9;3;1;12;4;3;2;4;5;3;7;2;0;8;4;2;1;5;1;2;4;1;3;0;0;3;2;5;2;1;1;1;0;0;0;0;1;0;1;0;3;2
3453;3;7;7;4;3;3;4;4;11;2;5;5;6;4;6;81;25;8;3;4;11;3;2;5;7;16;91;86;10;17;1;14;15;13;23;8;1;6;11;12;9;11;2;19;18;17;375;143;44;284;56;;460;33;16;292;280;336;403;29;19;95;15;15;13;18;7;2;2;6;2;2;9;8;8;6;3;6;8;23;2;15;3;9;3;1;7;7;13;3;6;47;12;10;27;33;13;21;23;4;4;11;21;15;8;15;3;6;5;8;5;6;1;7;8;10;3;13;1;6;2;3;1;1;5;0;1;6;2;2;5;6;8;5;0;7;4;1;2;7;2;1;4;2;3;1;0;6;2;3;0;1;1;1;0;0;6;0;0;1;1;0;4;0;0;2;1;0;0;1;1;1;2;0;0;1;1;2;7;3;7;1;10;2;1;7;0;4;0;3;4;1;1;3;1;2;3;4;7;5;2;2;4;0;3;5;9;1;4;4;4;4;3;0;2;4;2;1;0;2;2;0;0;13;1;0;3;3;0;1;1;0;3;2;1;0;0;2;7;0;1;3;0;4;2;2;2;0;0;0;1;1;1;0;1;2;1;1;2;0;2;3;1;1;0;3;0;2;0;0;0;0;1;0;1;1;0;0;0;2;1;4;0;5;1;0;0;0;3;2;1;0;2;1;0;1;3;0;0;1;0;1;2;3;2;0;1;1;0;0;0;0;6;3;4;5;0;2;6;1;2;2;1;1;1;1;2;4;1;1;0;2;2;4;2;1;5;3;2;0;5;2;3;4;5;2;4;1;10;9;2;0;2;1;2;3;1;5;1;2;9;0;3;0;1;4;3;0;5;6;1;2;1;1;3;1;4;3;1;5;0;1;5;0;2;1;0;1;3;0;0;1;2;1;2;0;0;1;2
3454;4;14;11;2;10;6;11;12;14;6;7;6;11;5;9;180;36;8;12;5;8;10;10;10;4;40;179;51;19;41;4;28;12;15;24;19;6;31;19;32;16;18;7;15;20;55;222;385;46;84;103;406;;25;591;850;57;299;110;23;18;136;39;65;34;47;10;16;9;12;7;9;26;15;18;18;6;25;28;78;4;28;7;20;5;11;18;11;21;7;23;244;63;24;43;477;36;34;35;21;13;17;31;31;27;59;15;18;18;12;8;14;3;9;17;23;3;24;4;10;4;3;6;6;11;5;2;5;2;7;15;3;6;17;1;7;9;4;10;3;4;3;3;2;6;6;2;2;3;11;2;3;5;3;3;5;3;3;5;4;1;6;5;2;0;3;2;1;6;1;0;3;3;1;1;0;3;1;18;1;5;3;9;7;6;6;9;2;5;1;4;1;7;7;4;6;14;2;6;2;11;3;0;6;6;4;9;3;3;3;6;4;1;7;6;4;6;7;2;7;8;0;1;34;0;0;3;2;2;1;0;3;3;5;4;0;1;3;5;0;2;6;1;1;2;1;2;2;2;2;2;4;7;1;1;1;2;1;3;2;0;1;0;0;1;4;0;2;3;0;1;1;2;0;0;3;1;1;1;0;2;2;3;8;1;5;1;1;1;1;3;2;0;0;6;0;4;2;1;0;1;1;3;1;6;2;1;2;2;5;2;5;4;2;2;5;4;5;11;0;2;4;2;0;0;2;1;3;3;2;1;6;1;2;1;1;4;5;1;0;2;5;20;2;10;10;17;10;12;15;5;4;2;3;4;15;5;3;4;3;16;0;3;1;4;7;2;5;4;12;4;0;4;1;9;5;1;7;3;3;1;0;2;1;3;4;1;1;4;0;0;3;0;0;3;2;3;2;3
3455;6;12;1;0;7;6;9;4;10;7;6;7;4;0;2;76;15;2;0;14;9;2;3;1;3;15;58;18;2;13;2;8;3;7;24;13;2;10;18;14;9;12;7;14;9;18;283;34;718;201;119;34;31;;1;80;42;20;23;140;293;65;23;9;4;11;2;4;1;0;1;0;5;4;6;5;2;3;9;10;3;11;2;3;2;0;2;4;11;2;3;17;2;3;4;7;5;5;4;4;1;6;7;5;5;11;7;2;2;5;4;3;3;1;7;6;1;7;1;4;3;3;2;0;4;1;0;3;2;0;4;2;0;6;2;2;3;2;2;3;5;2;0;4;1;5;0;1;2;3;1;0;3;1;2;0;0;3;0;0;0;1;2;0;0;1;1;0;0;3;1;1;0;1;0;0;0;0;3;2;4;3;2;1;2;1;1;0;2;0;0;1;5;2;3;1;3;0;6;0;0;1;0;3;1;2;1;1;3;0;0;0;0;3;0;2;0;2;2;2;0;1;1;11;0;2;1;0;0;2;0;0;2;1;1;3;1;0;2;3;2;1;0;1;1;1;1;1;0;0;0;1;3;0;1;0;0;0;4;0;0;0;1;0;1;0;0;0;0;0;0;1;0;0;0;0;0;0;1;0;2;1;2;0;0;2;1;0;0;1;0;2;1;0;0;0;1;0;0;0;0;1;0;0;0;0;0;0;0;1;0;0;1;0;0;2;1;0;2;3;0;0;0;1;1;2;0;4;1;1;2;5;1;3;0;2;0;0;0;0;1;0;8;1;3;4;3;3;6;2;4;1;9;0;3;6;1;0;1;0;6;4;1;0;0;2;1;0;4;1;5;0;2;0;1;1;1;1;0;1;0;1;1;0;1;1;0;1;2;0;0;0;0;0;0;0;0;1;0
3456;5;7;2;5;0;4;1;1;5;0;0;3;1;4;3;62;14;2;2;2;3;1;4;7;6;7;75;10;6;6;4;5;9;5;4;7;2;5;3;8;5;7;1;2;1;9;29;145;3;8;12;16;571;4;;25;11;46;24;4;1;31;4;30;15;22;3;6;0;3;0;2;11;7;8;4;3;9;10;40;5;13;3;8;4;2;4;4;5;6;6;117;125;21;27;199;16;17;7;6;0;8;8;15;12;25;1;7;5;6;3;0;1;2;9;10;2;11;0;2;1;2;4;3;3;2;0;1;1;3;7;1;3;3;3;4;3;3;3;1;2;2;2;2;1;1;0;1;2;1;1;0;2;4;0;1;2;0;0;2;2;3;3;0;1;0;0;0;0;0;0;0;0;0;0;1;3;0;2;3;5;2;1;2;1;2;1;0;1;1;0;0;2;2;0;4;4;1;7;2;3;0;3;1;1;0;0;1;2;0;2;5;0;0;1;0;0;2;1;1;1;0;0;10;1;0;2;1;2;1;0;1;2;0;1;1;0;0;3;0;0;4;0;0;0;0;2;0;1;1;0;2;0;0;1;0;0;0;2;0;0;0;2;0;2;1;0;1;1;0;0;2;2;3;0;0;0;4;1;2;0;0;1;4;1;1;1;0;1;3;1;1;0;2;1;0;3;0;0;0;0;1;1;1;5;0;0;0;0;0;1;0;0;0;0;1;1;0;4;0;0;0;1;1;0;2;0;2;0;1;0;1;1;3;0;1;3;1;1;0;0;0;5;0;5;2;2;0;4;1;0;0;1;5;5;6;3;1;1;1;5;1;1;3;7;3;0;2;1;1;2;2;1;2;1;1;2;3;1;3;0;0;1;0;0;0;1;0;0;0;0;2;0;0;1;1;3;1;0
3457;9;16;7;5;6;3;5;5;10;4;10;9;3;2;5;142;23;7;7;4;11;4;6;7;8;18;96;21;14;19;2;12;7;7;18;5;0;20;11;17;7;10;5;9;13;183;266;69;65;251;460;307;802;59;24;;36;25;28;28;60;115;29;15;12;14;1;4;9;4;4;3;14;9;9;5;1;9;13;34;3;18;5;5;4;7;4;6;10;2;6;45;10;7;11;29;8;12;8;2;5;18;11;8;13;15;5;10;3;18;8;9;4;8;9;10;6;11;1;3;2;4;5;1;3;7;0;2;3;2;8;5;5;6;2;5;4;3;2;8;7;1;2;1;3;3;0;1;3;2;3;1;4;5;0;5;2;1;0;1;0;3;3;0;1;1;1;0;1;0;1;0;0;0;2;0;0;0;7;3;5;3;5;5;3;1;1;1;1;2;6;1;3;4;2;2;3;2;7;4;1;0;2;2;5;3;3;2;2;1;5;2;1;0;1;4;1;4;1;0;4;1;0;7;1;1;4;0;1;0;0;1;3;1;0;0;1;2;2;0;2;3;2;1;2;2;0;1;1;2;1;1;3;2;1;0;0;0;4;2;0;1;0;0;1;1;0;1;2;0;0;0;0;0;0;1;0;1;0;0;1;4;0;2;1;1;2;1;0;2;1;0;2;2;3;0;2;1;0;1;1;0;0;1;5;0;1;1;1;1;0;3;4;0;2;4;0;1;3;1;1;2;0;0;2;1;0;1;1;3;2;2;2;0;3;1;1;3;3;0;2;0;5;3;5;7;12;4;7;3;2;2;3;0;2;9;4;1;0;0;10;1;1;3;4;6;2;2;0;2;5;3;1;0;1;0;0;2;0;1;1;1;0;0;3;0;1;2;1;0;1;0;3;0;1;2;1;0;0
3458;6;11;8;2;4;7;5;6;8;2;6;6;5;2;6;111;19;7;3;2;6;2;2;4;5;16;74;260;10;16;3;24;5;7;21;16;2;5;37;27;13;14;4;58;505;12;901;40;35;224;40;455;49;61;9;48;;38;250;160;13;348;16;8;7;10;3;4;1;3;1;0;14;4;2;6;1;6;5;18;1;8;2;6;6;1;3;2;7;1;1;24;5;12;5;17;5;14;15;3;1;7;9;9;5;13;2;5;2;4;3;0;1;1;2;6;1;11;2;5;2;3;5;0;3;2;0;3;1;4;4;3;3;2;1;6;1;1;3;6;3;0;2;1;1;1;0;0;1;1;1;2;0;1;1;0;0;2;1;1;0;1;2;1;2;0;0;3;0;1;1;1;0;0;1;0;1;1;5;5;3;0;1;2;3;1;2;1;3;0;2;0;4;2;0;4;7;1;1;2;1;1;0;0;3;1;6;1;0;0;4;3;1;0;2;0;1;1;1;4;2;3;1;12;0;1;1;1;0;1;0;0;3;3;0;1;2;0;4;0;0;2;1;0;1;1;1;1;2;1;3;0;2;2;0;0;0;0;1;0;0;1;1;1;2;2;0;1;3;0;0;0;0;0;0;0;0;0;0;0;1;1;0;4;0;4;0;0;0;0;0;0;0;0;4;0;1;0;0;2;1;1;0;1;1;0;1;0;1;1;0;1;4;0;0;2;0;0;2;0;0;0;1;0;1;0;1;1;2;2;0;1;2;3;1;1;0;3;3;0;3;2;5;8;12;7;12;2;8;16;1;1;1;2;6;6;0;0;2;2;10;1;1;1;2;6;0;0;0;5;3;0;2;1;1;2;2;3;0;5;0;0;1;1;0;1;1;0;2;1;1;1;0;0;0;2;1;0;2
3459;9;15;13;3;9;10;8;11;9;2;10;5;8;5;6;151;186;5;64;65;17;14;47;54;24;249;448;241;47;99;27;69;79;106;74;161;11;42;32;72;31;89;16;42;14;28;487;3276;30;80;66;428;529;44;177;153;60;;625;46;56;100;11;44;28;35;12;9;6;3;6;3;18;20;14;9;10;18;21;63;7;32;9;15;4;10;11;3;22;3;11;206;30;30;39;729;139;190;397;330;10;60;307;49;24;51;10;18;8;19;22;15;2;11;24;28;3;30;3;8;3;5;8;2;2;3;6;4;2;4;18;3;5;15;3;9;10;5;5;7;7;3;3;4;0;4;4;2;7;8;3;5;7;6;3;4;0;3;2;5;0;8;9;1;1;2;1;2;4;2;0;0;1;1;0;3;6;2;10;6;7;3;8;6;0;6;1;3;5;0;7;1;10;6;0;9;8;3;13;5;3;6;2;10;5;2;5;1;2;3;5;4;6;2;11;2;3;4;1;3;10;1;4;38;0;1;2;6;2;4;2;4;6;1;5;1;3;3;6;0;4;2;1;4;1;5;3;0;1;0;1;2;5;1;4;2;2;1;1;3;1;2;3;1;1;3;0;2;2;1;0;2;1;0;1;0;0;2;1;1;0;2;4;12;0;3;3;4;1;1;2;0;1;2;5;4;1;2;1;2;1;2;3;1;5;0;4;0;1;6;5;6;4;0;6;4;1;3;3;1;2;4;4;2;6;0;1;8;7;2;2;5;2;3;6;5;4;4;0;1;3;6;9;3;10;4;11;11;10;8;6;3;4;1;9;11;3;12;4;3;24;6;2;5;11;13;2;3;5;1;9;3;2;5;5;6;5;3;2;2;3;1;2;4;3;3;2;2;1;0;0;3;2;1;3;1;1;0;0
3460;6;11;11;4;4;2;7;5;5;3;5;4;9;1;8;112;23;7;4;8;10;7;10;4;5;24;127;502;15;36;3;27;7;9;22;9;3;20;11;29;11;16;8;17;28;7;159;240;32;31;21;411;103;16;22;27;191;446;;16;8;115;17;22;18;8;5;2;3;1;1;3;3;1;7;5;4;4;13;22;2;14;4;8;4;4;0;5;6;0;7;77;14;10;11;54;8;19;15;14;5;15;54;10;13;21;7;6;4;6;7;6;3;6;9;6;5;10;0;5;3;4;2;2;3;2;0;3;0;3;4;4;0;5;2;4;7;17;3;2;2;2;2;1;5;0;0;1;5;2;1;2;0;2;0;1;0;0;0;0;1;1;4;0;1;2;1;0;2;0;0;0;2;0;0;0;1;1;4;4;1;0;2;1;1;4;0;0;0;1;1;0;4;3;2;4;5;2;2;0;4;3;2;4;1;0;6;1;0;2;6;1;1;2;2;0;5;0;2;2;2;2;1;15;3;1;2;4;2;2;0;0;1;1;1;3;0;0;2;0;0;3;3;2;0;0;0;2;1;1;2;2;0;0;0;1;0;4;4;0;1;1;1;0;0;1;0;0;2;0;1;1;0;1;1;1;1;1;0;0;0;1;0;2;1;1;2;0;0;2;0;1;1;0;3;0;1;0;1;2;0;0;2;1;2;0;3;2;1;6;2;1;4;1;1;1;2;0;5;0;1;0;0;0;1;0;1;2;0;2;1;1;1;3;0;1;2;1;1;0;1;2;6;3;1;5;7;3;7;8;2;1;1;0;0;6;2;2;0;1;6;4;1;2;3;11;3;1;2;4;2;0;1;0;4;2;1;3;2;2;0;0;0;0;4;0;0;0;1;0;0;0;1;1;0;0;2;0;0
3461;4;14;3;1;6;0;9;3;5;4;5;2;7;2;3;65;9;6;2;4;2;3;5;4;4;7;51;38;1;8;3;8;5;6;79;8;4;10;48;22;9;14;5;18;76;10;325;16;56;194;20;37;28;189;3;27;140;10;28;;20;236;114;3;5;10;2;1;0;3;2;0;3;1;3;4;1;2;3;9;1;5;1;2;1;2;5;1;2;0;2;6;2;2;4;5;2;3;7;4;2;4;8;4;8;9;5;1;3;3;5;4;1;3;2;6;0;3;2;1;2;0;0;1;1;1;0;1;1;1;6;0;0;2;3;3;5;0;3;1;3;3;0;4;2;0;2;0;2;2;0;0;0;0;2;2;0;0;0;0;0;1;1;0;0;0;0;0;0;1;2;0;0;0;2;0;3;0;1;3;1;0;2;1;0;4;1;1;0;0;0;0;1;3;0;1;5;0;1;0;1;0;0;1;1;0;1;1;4;1;4;3;0;1;1;0;4;0;0;0;4;1;2;10;0;0;1;1;2;0;0;0;0;0;2;0;0;0;2;1;1;2;0;2;0;0;2;0;0;1;0;0;0;0;1;0;0;0;0;0;0;0;0;0;0;2;0;0;0;0;0;0;0;0;1;0;0;0;1;0;0;1;0;2;0;3;0;1;0;0;0;3;0;0;0;0;1;0;0;0;0;1;0;2;1;0;0;0;0;2;2;1;0;0;0;0;0;2;1;1;0;0;0;0;2;1;0;1;4;1;0;2;0;1;0;1;1;0;1;0;0;2;5;4;5;4;5;4;6;0;0;2;0;0;1;3;0;3;4;1;8;0;0;0;4;3;0;0;0;2;3;0;1;0;1;0;1;3;1;0;0;0;0;1;1;1;0;2;2;0;0;0;0;0;2;0;5;0;0
3462;1;6;2;0;3;1;3;5;1;3;4;3;1;0;1;43;5;3;0;3;3;2;1;4;3;10;30;13;5;9;1;6;5;3;14;3;4;6;7;5;6;3;3;4;7;25;94;11;142;47;525;17;35;301;2;92;19;6;11;12;;30;4;7;5;4;2;2;5;1;0;4;5;2;10;3;0;3;5;9;6;6;1;2;3;3;4;3;7;2;1;6;2;1;11;10;4;5;3;2;2;5;9;3;7;5;0;1;2;5;4;6;2;3;1;7;0;0;0;0;2;2;1;0;2;0;0;0;3;1;1;3;1;5;0;4;0;1;3;2;0;3;1;3;0;1;1;2;2;7;1;4;2;1;2;0;0;0;0;1;0;0;2;0;1;0;0;0;0;0;0;0;0;2;2;1;1;1;0;1;2;1;3;1;1;0;0;1;0;0;0;4;1;2;1;2;0;0;0;0;0;1;0;1;1;0;2;1;1;2;0;3;0;0;3;0;1;1;0;0;2;0;0;4;1;1;2;0;0;0;1;1;1;0;0;0;3;0;0;0;0;1;1;0;0;0;1;0;0;0;0;0;0;0;0;0;0;0;0;0;0;0;0;0;0;1;0;0;2;0;0;0;0;0;0;1;0;1;0;0;2;1;0;1;0;0;0;0;1;0;0;2;3;0;0;1;0;0;0;0;1;1;0;2;2;0;0;0;0;0;0;0;0;0;1;0;0;1;1;0;1;1;2;0;0;1;0;1;2;3;1;2;0;0;0;0;0;3;0;2;2;0;5;1;2;4;5;2;4;0;2;1;2;1;0;2;0;0;0;0;6;2;1;0;1;3;2;2;0;0;3;1;0;1;0;0;0;6;0;1;0;0;0;0;0;1;0;1;0;0;0;1;0;0;0;0;1;0;0
4011;33;96;74;15;23;26;38;48;69;18;62;37;44;18;45;1085;100;17;27;21;29;18;13;18;13;116;393;2045;29;65;12;123;31;45;438;94;14;63;2327;462;108;72;21;1588;715;39;400;112;73;113;87;92;98;65;39;94;531;84;99;318;26;;623;110;34;77;16;22;10;18;7;10;32;10;28;25;11;23;68;167;9;61;10;29;9;7;12;12;39;10;19;121;24;10;35;62;18;61;34;27;9;48;62;32;44;54;11;13;16;16;17;16;9;13;27;20;28;115;16;25;12;13;14;15;17;11;2;18;8;15;20;16;6;40;9;43;14;8;13;10;9;12;13;5;1;4;6;5;13;8;4;2;4;17;7;1;0;7;8;8;1;18;31;4;1;0;7;1;3;5;5;5;1;2;5;6;8;4;67;26;25;8;22;21;11;16;3;7;5;3;11;2;38;17;15;38;38;4;28;6;8;5;5;41;17;7;21;2;6;7;30;13;13;15;23;4;17;6;5;21;13;5;13;207;4;2;3;3;5;10;5;6;15;10;7;6;5;4;33;3;4;9;14;6;4;4;6;3;8;1;3;1;3;3;4;6;2;2;13;1;2;2;2;3;7;6;3;4;14;3;3;4;2;2;9;0;2;1;0;2;0;15;9;44;1;4;4;5;4;4;5;1;9;3;17;5;3;5;4;5;6;6;3;6;20;4;5;1;6;9;1;1;11;4;6;4;3;5;23;2;5;5;7;2;8;8;7;27;17;9;2;7;6;9;2;8;4;12;4;8;14;13;47;15;24;24;29;21;33;14;14;4;9;8;4;66;7;8;4;3;111;7;4;5;19;38;7;4;6;9;16;2;3;8;6;5;6;19;3;20;3;11;4;4;2;4;1;4;5;2;0;6;2;2;3;2;1;0;2
4012;7;10;13;1;8;7;8;10;15;3;10;9;10;5;5;145;18;3;1;6;7;4;5;3;5;13;71;39;5;9;1;16;8;9;1785;19;2;13;68;59;22;37;8;35;24;8;67;14;32;19;13;17;36;24;5;27;20;19;11;97;5;501;;9;14;22;6;11;3;1;6;4;10;6;1;1;4;4;6;20;1;11;2;4;0;5;3;4;5;0;3;11;9;4;11;11;4;11;8;4;1;4;18;10;10;15;8;3;8;3;4;12;1;7;2;6;2;8;1;5;2;5;4;0;3;4;3;5;2;5;2;3;1;6;2;4;4;0;4;0;4;1;1;2;4;0;2;1;4;4;3;0;0;2;0;0;0;3;0;5;1;4;6;1;1;2;0;1;0;1;0;1;1;0;1;0;2;0;9;1;5;4;3;2;2;7;0;2;1;2;2;3;8;8;2;2;8;1;3;6;3;3;4;7;2;4;6;1;2;2;10;0;3;3;1;2;4;1;0;2;1;1;8;21;1;1;1;0;1;2;0;0;1;4;4;0;0;1;5;0;0;2;2;2;0;1;1;0;4;0;3;2;2;0;2;0;2;1;3;0;0;0;0;0;1;1;0;3;0;1;1;1;1;0;1;0;0;0;0;0;1;5;1;7;0;1;0;0;1;0;2;0;0;0;3;1;0;1;0;1;1;1;0;0;7;1;1;0;2;5;0;2;2;1;1;5;0;1;4;0;1;4;0;0;1;3;1;4;3;2;0;1;0;1;2;1;3;1;0;1;2;3;10;6;7;5;10;5;5;4;5;1;4;1;4;13;0;8;1;3;15;3;2;1;7;3;1;6;1;1;7;5;0;1;4;1;0;3;0;0;0;1;2;0;1;1;0;0;0;0;0;1;0;1;0;0;1;0;0
5111;9;39;31;4;2;18;31;22;30;15;18;18;15;9;24;539;34;7;10;10;13;6;14;6;6;44;144;12;12;24;6;10;18;10;20;21;4;22;7;11;12;18;6;10;3;9;39;54;6;9;49;22;52;17;27;32;9;48;15;6;13;98;11;;973;741;664;510;258;145;90;454;651;257;4212;3756;677;381;262;1117;166;389;130;229;72;286;92;179;209;52;101;307;146;66;200;106;73;117;75;36;21;58;57;86;246;241;71;44;51;150;102;95;28;61;96;83;33;338;27;60;22;21;30;59;23;35;6;32;23;31;39;12;12;47;6;29;19;12;15;9;16;9;53;45;16;12;5;12;38;32;17;15;33;37;18;20;22;12;1;20;10;20;50;7;5;4;10;1;8;6;6;5;5;3;11;7;25;4;129;32;31;9;32;30;15;17;5;15;6;6;18;8;54;22;11;71;63;7;47;10;9;7;10;58;27;14;23;6;17;7;40;30;19;12;28;5;19;9;11;20;19;6;14;502;7;0;13;6;7;11;8;9;18;18;12;4;14;6;51;1;8;16;26;14;9;7;12;1;7;1;0;4;7;2;4;2;5;0;26;3;2;4;2;2;7;3;1;8;16;5;7;6;3;5;5;2;8;1;5;2;1;22;11;53;3;9;12;3;5;3;3;1;12;5;25;15;8;6;2;7;7;6;5;7;36;1;6;6;6;5;2;8;16;9;7;5;12;15;38;8;1;10;10;9;4;5;3;20;9;5;2;7;3;10;5;11;2;8;0;4;5;4;19;5;11;14;13;7;13;7;10;6;8;3;6;50;6;6;8;6;81;3;5;5;22;22;3;3;3;6;8;6;4;6;7;7;5;17;6;11;2;8;3;6;2;6;2;3;1;1;1;7;4;0;4;4;0;1;0
5112;10;20;13;5;6;2;9;13;13;7;7;11;13;5;9;105;22;7;8;5;10;6;5;3;3;19;65;10;8;10;4;7;11;11;8;16;0;7;4;5;9;9;2;4;6;2;13;17;12;8;37;15;46;15;20;23;6;26;9;5;14;41;15;833;;746;481;103;662;948;27;58;148;490;371;258;249;3268;85;287;41;155;47;82;35;82;46;43;69;146;197;83;135;36;281;67;49;41;34;13;12;26;25;46;220;206;53;34;73;74;43;58;17;48;55;73;11;58;13;15;9;14;21;8;18;11;7;16;6;11;20;20;11;24;4;19;18;14;11;9;13;127;13;15;13;9;4;12;14;17;6;6;18;11;9;14;13;3;2;6;2;9;14;3;2;1;6;1;5;4;0;4;3;1;1;6;9;2;47;13;17;3;20;14;7;10;6;4;8;5;7;5;15;14;15;10;31;8;26;12;7;3;5;17;7;4;18;5;8;3;19;16;10;12;8;2;12;9;10;13;7;6;6;89;1;2;8;4;2;2;3;2;4;6;2;2;1;2;18;0;9;2;0;4;1;6;4;1;1;1;3;3;9;0;3;1;3;2;10;0;4;1;2;5;1;5;0;4;7;1;1;3;0;2;2;0;0;2;1;3;0;13;7;28;0;4;3;2;3;4;2;1;8;5;8;5;5;1;3;1;6;2;3;6;14;3;3;5;3;6;0;1;5;4;5;4;4;2;14;5;2;10;8;1;2;3;5;8;8;3;1;3;1;6;5;7;4;9;3;1;8;3;10;3;10;5;13;9;14;3;10;3;5;6;5;17;6;5;7;3;32;12;3;5;17;9;3;5;6;6;6;5;4;5;6;6;0;8;3;4;1;2;1;1;5;4;4;1;4;2;2;6;2;1;0;1;3;0;1
5113;10;29;17;4;14;6;28;19;18;8;22;17;17;10;13;243;61;4;7;6;16;4;12;14;9;31;128;16;13;16;8;8;13;13;27;14;4;16;4;15;2;12;6;5;7;6;25;33;15;13;51;20;70;20;27;29;8;35;12;9;14;68;11;799;666;;142;101;1369;678;44;76;291;604;1069;565;328;747;147;443;50;205;146;129;93;108;48;65;161;633;1143;314;370;98;1106;314;52;94;58;58;47;58;47;61;1055;478;98;199;207;487;90;112;73;44;419;135;41;120;15;30;12;14;12;19;32;15;3;20;11;16;36;18;12;34;5;33;18;8;16;7;24;15;22;24;10;10;6;9;16;21;13;11;14;23;10;10;17;5;4;7;3;12;33;4;2;0;6;1;1;3;4;2;4;2;4;4;12;1;55;17;19;7;19;13;13;14;6;5;6;2;4;4;57;19;13;32;34;8;32;7;7;3;7;28;22;8;20;5;12;4;20;15;10;7;21;7;13;7;11;19;9;1;13;178;6;4;5;5;7;5;6;3;11;15;3;0;11;3;27;1;5;7;4;6;6;5;7;0;9;2;4;2;5;2;5;2;5;6;11;3;2;3;1;3;6;2;0;9;16;5;4;4;2;2;5;2;2;4;2;2;4;23;10;41;0;5;10;5;5;5;3;0;5;8;19;6;4;0;1;2;5;10;4;7;19;0;3;0;0;9;3;3;12;9;6;7;2;12;29;3;3;6;5;2;3;9;5;10;9;5;3;11;4;3;5;7;5;8;0;1;6;7;22;5;12;6;14;5;22;6;16;4;5;6;12;51;7;13;7;6;57;6;4;4;18;23;1;4;5;9;11;1;3;4;5;6;4;14;5;14;1;8;3;3;5;7;1;4;3;6;1;8;2;4;0;1;2;0;4
5114;3;11;4;1;4;5;6;10;8;1;4;1;3;0;5;55;5;1;3;2;4;4;5;3;1;6;24;4;1;6;2;3;7;6;8;4;0;2;2;3;5;2;1;2;1;3;11;6;6;3;26;4;17;2;7;9;3;12;8;2;3;17;6;485;478;161;;225;33;43;9;22;67;367;127;402;1365;512;50;231;20;125;29;58;17;101;17;23;44;16;35;63;27;15;44;17;8;27;17;8;4;13;10;21;59;59;13;15;17;25;14;26;4;21;21;21;4;32;5;7;4;3;3;8;8;8;1;7;2;3;11;3;3;12;2;11;6;1;3;2;6;0;7;10;4;2;4;7;8;10;3;2;6;11;10;6;9;2;0;2;3;5;10;2;2;2;5;0;0;2;2;2;1;1;0;1;4;1;14;13;6;6;6;2;4;5;2;5;1;3;4;3;10;5;5;9;11;3;4;0;4;1;2;11;2;0;8;0;5;2;10;8;6;5;6;4;6;2;2;4;4;2;4;46;1;0;1;2;3;6;1;2;4;4;0;3;2;3;9;0;1;3;0;3;4;3;2;2;1;2;2;3;7;0;2;2;1;0;5;0;2;0;1;0;2;0;0;3;4;1;0;3;1;1;8;2;1;0;0;1;2;3;1;8;0;2;2;1;0;2;1;0;2;1;7;0;3;3;2;0;3;0;2;1;10;1;3;0;2;1;0;2;0;4;4;1;0;4;7;2;4;4;5;2;0;1;5;6;4;4;1;1;4;2;2;1;3;2;0;0;2;4;9;4;1;2;2;6;4;5;3;3;3;1;1;11;1;7;1;7;15;3;0;3;3;6;1;1;2;1;5;1;0;3;4;0;0;6;1;2;0;1;1;1;2;2;1;2;0;0;0;2;2;1;2;0;1;0;0
5116;5;7;7;3;2;4;10;6;8;2;7;5;3;1;3;77;4;2;3;0;6;1;2;2;5;9;30;7;2;4;2;5;4;6;10;7;0;3;4;3;4;6;1;1;2;2;7;9;2;5;16;4;10;7;1;8;4;10;5;3;6;23;6;478;125;113;240;;41;24;13;24;156;386;220;1350;1841;203;138;273;20;249;259;176;95;1384;21;20;124;7;28;128;95;13;165;187;16;26;23;50;33;25;9;21;58;72;23;119;17;23;15;26;48;22;229;33;3;38;3;9;5;6;8;5;15;9;5;12;5;6;13;5;4;14;2;7;6;2;6;4;7;1;7;8;6;4;2;5;8;14;8;4;9;20;9;5;1;10;1;2;3;8;13;4;0;0;4;2;4;0;2;2;4;2;1;4;3;0;17;7;9;2;12;3;3;12;1;3;3;3;2;2;9;7;4;7;19;0;11;1;6;0;1;3;5;3;6;1;5;0;15;5;9;9;4;1;5;3;2;5;3;2;8;41;5;0;4;1;1;3;2;2;1;4;2;1;1;5;9;2;0;8;2;3;4;5;2;0;1;1;1;1;7;4;1;0;2;1;5;0;0;2;1;0;1;0;1;1;2;3;0;3;0;1;1;4;2;1;0;3;0;3;1;12;2;3;1;0;3;1;0;0;5;4;3;5;0;0;1;0;2;1;3;4;6;2;0;1;3;6;0;1;2;3;6;1;2;1;12;4;1;1;3;2;2;1;3;5;3;0;1;3;3;3;4;2;2;1;1;1;1;3;4;2;1;5;8;2;5;4;4;1;3;0;4;11;2;10;3;0;15;2;1;0;2;4;2;6;7;1;3;0;1;1;3;1;0;8;4;3;2;1;0;3;1;4;0;1;2;0;2;1;0;2;1;1;0;0;0
5117;2;5;4;1;1;1;10;3;4;0;5;4;2;2;4;46;9;1;5;2;3;0;5;4;0;10;18;3;4;6;0;0;7;7;5;5;2;1;2;2;5;3;0;0;2;1;4;8;6;2;16;3;12;5;8;12;2;8;1;5;6;15;4;199;526;999;46;29;;671;6;12;59;85;188;56;43;229;24;97;18;47;22;24;12;15;13;9;29;86;67;57;43;21;118;11;8;15;8;6;7;10;15;14;113;62;12;8;22;43;17;15;6;16;15;18;5;24;1;5;4;3;6;4;4;1;1;5;2;2;7;3;2;9;0;5;5;0;4;5;4;6;2;2;2;0;2;2;6;4;3;5;5;1;3;4;3;1;0;1;1;4;8;0;1;1;2;1;3;3;0;1;3;0;2;1;0;2;14;2;2;0;3;3;4;4;0;2;1;2;4;1;7;2;2;7;9;1;6;1;2;3;1;7;6;2;3;4;4;3;5;1;3;3;2;1;3;1;3;1;2;1;8;37;2;4;3;4;0;1;0;0;3;2;0;0;2;0;6;0;3;0;1;2;1;3;1;0;2;1;0;0;2;0;1;0;1;0;4;0;2;2;2;0;1;4;0;4;2;0;0;0;1;0;1;0;0;1;0;0;0;1;2;4;0;1;2;0;1;4;1;0;1;2;1;0;1;0;0;0;2;2;2;3;2;0;1;1;0;2;0;1;2;2;4;1;0;2;3;0;1;3;1;0;1;0;1;1;0;0;0;0;2;4;0;1;0;4;0;3;3;1;6;1;1;0;8;3;3;2;1;2;2;0;1;9;0;5;1;1;12;3;3;1;4;5;0;3;0;1;1;0;0;0;6;0;0;4;1;3;0;1;0;0;2;1;0;1;1;0;0;6;0;0;0;0;0;0;1
5119;1;3;3;2;3;2;5;10;1;4;4;2;2;1;2;31;3;2;3;1;2;0;4;0;1;9;19;2;2;5;1;1;2;4;6;1;1;3;0;1;1;2;0;2;1;0;6;4;6;2;18;10;15;4;12;9;3;10;0;4;7;12;0;145;822;585;44;35;561;;7;27;60;130;88;49;36;744;28;73;14;46;8;28;7;25;11;13;22;522;120;24;95;19;254;25;7;21;9;4;0;13;9;9;125;74;23;16;42;39;24;29;5;8;16;35;2;15;1;9;2;1;5;2;5;1;0;3;3;11;4;3;2;6;1;5;2;2;8;3;6;2;2;9;3;3;1;0;5;7;18;4;7;7;5;4;6;4;2;1;1;5;2;0;2;0;1;1;2;2;0;1;1;0;0;1;3;0;8;3;2;4;4;5;3;1;0;5;3;1;3;0;5;6;1;5;7;0;3;1;1;1;3;2;5;3;1;1;4;1;3;7;1;3;2;0;5;1;2;0;1;0;2;21;0;1;2;0;2;1;0;0;2;5;1;1;0;0;6;0;0;1;1;3;0;0;1;0;1;0;2;0;0;0;2;1;3;0;3;0;0;0;1;0;0;0;0;0;0;1;1;2;1;0;0;1;0;0;0;0;1;1;1;4;0;2;1;1;1;1;2;0;1;0;3;1;3;0;0;0;0;0;0;0;5;0;1;0;2;0;4;0;1;0;3;1;0;2;9;2;0;5;0;0;1;0;1;1;1;0;0;2;5;2;4;2;1;0;0;1;2;1;3;1;2;1;7;1;2;2;2;2;2;1;1;2;1;4;2;1;5;2;3;0;3;5;0;1;1;1;3;1;1;3;1;0;3;4;6;1;1;0;1;0;0;1;1;0;0;0;0;4;0;0;0;0;0;0;0
5120;2;1;2;0;3;2;7;6;1;2;5;0;0;3;1;34;3;2;1;2;3;1;1;2;0;5;12;2;6;2;2;1;0;2;4;3;0;3;0;1;6;3;0;0;1;1;1;4;2;0;18;0;7;5;0;9;2;1;5;3;3;5;2;91;32;60;12;14;7;7;;139;587;15;103;29;14;12;20;142;36;32;10;31;29;15;325;280;46;7;16;15;7;6;30;9;5;15;12;4;3;6;7;8;39;44;30;11;15;83;12;53;6;11;10;18;3;8;2;3;2;5;0;3;2;0;0;4;3;4;2;4;1;4;3;4;6;1;2;0;1;3;0;3;5;1;1;2;6;2;0;3;4;6;1;0;3;3;0;3;1;5;5;0;6;0;1;0;1;0;0;1;0;0;0;1;1;0;4;2;2;0;4;1;2;3;0;1;0;0;3;1;1;5;0;2;6;1;5;0;3;1;1;3;5;2;2;3;0;2;6;1;2;1;3;1;1;0;0;3;2;0;1;11;0;0;0;2;1;0;2;0;2;0;0;1;0;1;5;0;0;4;0;1;1;1;1;0;1;1;0;0;1;0;1;0;0;0;0;0;0;1;0;0;1;0;0;2;1;0;3;0;0;0;0;0;0;1;0;0;0;1;0;2;0;0;0;3;1;0;1;0;1;0;2;2;2;0;0;0;1;1;1;0;2;2;2;0;1;0;0;0;2;4;1;0;1;1;4;0;2;4;0;0;0;0;0;3;0;1;0;0;2;1;0;0;0;0;0;0;0;1;0;2;0;2;1;1;3;2;3;2;0;0;1;4;3;7;7;0;5;2;0;0;2;2;0;1;1;1;1;1;1;0;3;0;1;1;0;1;0;1;0;1;0;1;0;1;0;0;0;2;1;0;0;1;0;1;0
5122;2;9;6;2;8;1;9;8;4;2;4;1;3;3;2;24;1;0;4;3;1;1;2;1;0;3;16;3;2;4;1;4;2;1;7;6;1;2;1;5;0;5;0;1;2;0;2;8;2;5;17;0;11;8;3;11;0;4;3;6;6;11;4;303;41;73;30;27;21;18;181;;485;34;648;74;29;30;43;223;84;50;19;52;22;19;64;223;51;5;19;23;17;7;26;11;13;12;4;5;5;9;10;8;38;48;29;5;11;73;12;39;4;11;9;19;3;17;4;9;5;0;6;2;6;4;3;6;3;6;6;7;3;9;1;2;2;1;2;4;5;2;6;7;7;3;2;4;9;17;0;4;6;5;4;6;10;3;0;1;1;4;7;1;1;0;0;0;1;0;0;2;0;0;5;3;4;0;6;3;2;3;2;2;2;3;1;1;2;1;1;0;4;2;3;4;7;4;8;0;3;1;0;6;2;4;1;1;3;1;5;3;4;1;1;1;1;0;1;4;1;2;3;18;1;1;1;0;0;1;0;0;4;2;1;1;0;0;5;0;2;1;2;4;0;0;1;2;0;1;1;0;0;0;1;0;1;0;4;0;1;1;0;0;0;0;0;0;2;0;0;1;1;1;0;1;1;0;1;0;1;2;0;9;0;2;2;3;1;1;2;1;1;3;2;1;2;0;0;1;3;2;1;1;2;0;0;2;1;1;0;0;3;3;2;0;2;4;3;2;2;0;7;1;0;2;1;6;1;2;0;1;1;2;1;1;1;0;2;0;0;0;3;1;7;2;10;1;8;2;2;2;1;1;3;10;1;8;0;2;12;1;1;1;1;4;0;2;1;0;5;2;0;1;0;2;1;2;3;1;2;2;0;0;2;4;1;5;0;0;0;3;0;0;0;1;0;2;1
5124;4;18;16;6;13;13;8;19;17;3;17;13;13;4;7;100;12;2;5;3;6;1;4;4;3;20;60;5;8;11;8;3;10;8;15;15;9;5;0;10;4;5;2;6;1;7;10;20;8;12;40;6;34;16;19;23;5;17;7;6;14;29;7;614;130;297;62;84;60;51;755;452;;70;948;174;76;79;107;398;87;129;36;93;34;73;244;160;118;18;59;80;61;42;126;45;33;57;31;22;15;30;35;33;191;201;147;36;40;1066;40;137;19;31;40;88;9;48;9;16;11;6;11;7;14;8;2;8;12;12;19;16;10;17;2;21;8;5;6;6;12;1;14;17;20;11;5;4;12;16;5;6;14;10;7;11;9;6;0;10;3;4;15;3;1;3;2;1;4;2;1;5;2;0;2;3;5;2;22;12;12;12;12;5;4;12;2;5;3;2;9;4;13;13;3;10;22;2;16;4;4;5;3;17;10;6;12;1;9;6;19;11;5;8;10;3;7;4;7;14;9;1;4;55;2;0;2;4;3;4;3;5;11;6;6;6;2;4;14;2;2;6;6;2;4;3;2;0;3;0;1;1;3;1;1;2;4;0;3;2;0;5;1;0;5;1;2;4;5;1;1;3;1;2;0;3;3;0;0;2;0;6;3;10;0;3;3;2;7;7;1;2;4;2;9;3;4;8;1;0;2;1;2;5;9;1;1;2;3;5;1;1;2;4;3;3;1;3;10;3;1;6;4;1;1;5;1;9;6;7;2;3;6;4;2;8;1;3;2;2;5;2;11;5;8;3;10;2;11;4;11;3;3;7;1;20;7;4;3;2;31;1;2;3;8;9;3;2;6;6;6;2;1;4;5;3;3;7;3;8;1;4;2;5;6;2;2;6;1;1;0;2;4;1;0;0;0;0;0
5154;3;11;6;0;3;3;7;6;3;3;5;11;5;0;2;66;8;3;1;5;3;3;2;4;4;15;44;7;10;9;1;7;4;8;9;3;1;5;6;7;9;4;5;5;4;2;7;17;14;8;14;10;30;7;17;13;4;24;7;8;6;20;8;335;360;217;330;79;59;95;16;21;68;;105;102;434;1193;62;250;26;149;46;58;30;73;28;37;90;23;59;111;310;36;93;59;26;40;36;21;13;34;38;39;89;88;25;24;15;38;30;29;12;32;44;39;5;34;2;6;6;7;7;7;8;3;1;8;5;5;17;2;4;15;1;5;6;3;4;6;8;1;19;6;5;1;2;9;10;14;5;5;6;9;9;9;8;4;2;4;2;4;10;0;3;0;2;1;5;5;1;0;1;0;1;1;6;3;14;7;9;3;5;6;3;8;2;5;2;2;7;1;6;8;4;9;10;2;11;3;0;3;5;9;9;4;9;1;4;5;8;8;3;2;5;4;3;4;6;6;13;1;10;50;0;1;4;3;0;4;2;1;8;4;0;1;2;4;9;1;2;1;3;1;5;3;0;1;0;0;3;5;3;2;6;1;2;0;9;0;3;1;3;3;1;1;0;3;5;0;1;1;3;0;0;0;0;0;0;2;0;5;2;13;0;1;2;0;1;0;2;0;1;2;3;2;3;1;0;0;0;2;6;3;4;0;0;0;1;2;2;1;2;6;3;1;1;3;8;1;0;2;5;1;2;3;4;10;4;0;1;4;3;5;0;5;2;4;0;1;4;1;7;2;6;5;5;6;9;4;6;1;6;2;2;10;3;7;1;2;15;4;3;0;4;6;3;1;5;4;3;0;3;5;2;1;2;6;4;4;2;3;0;2;2;1;0;2;1;0;0;3;0;2;0;0;2;3;0
5158;8;15;12;2;11;4;26;25;15;16;12;15;14;2;11;121;12;2;7;11;6;2;9;4;2;14;56;12;11;13;5;4;8;11;25;12;5;10;1;10;6;11;7;5;3;5;17;25;7;6;56;9;41;15;15;28;12;22;6;5;25;28;8;2480;394;794;171;125;224;100;113;960;1029;145;;516;183;217;131;491;391;192;71;134;48;111;83;344;140;37;109;112;69;36;149;43;23;47;24;21;16;31;31;36;186;134;55;25;35;276;41;68;15;41;63;57;17;57;8;18;9;10;7;14;17;11;1;16;10;9;21;6;13;20;2;23;5;5;11;8;9;11;14;18;27;2;4;14;17;26;4;11;21;20;12;18;14;8;0;4;5;8;17;1;1;2;2;3;3;3;2;3;2;2;3;5;11;3;29;15;14;8;17;8;7;16;7;2;6;2;4;4;20;12;5;15;27;4;18;4;7;8;8;15;13;3;8;0;5;5;11;9;9;7;11;2;9;7;5;12;7;2;9;86;1;0;5;4;2;8;6;4;18;4;6;3;4;6;18;1;6;17;12;9;4;1;4;1;0;3;4;5;6;1;4;2;3;1;7;0;3;1;5;3;4;6;2;4;7;3;2;10;1;2;3;1;1;2;0;0;1;4;5;13;1;6;2;2;4;2;3;0;3;4;4;2;1;1;1;4;5;1;5;8;15;0;3;0;1;7;4;5;5;2;7;1;4;7;18;3;2;9;7;3;3;1;0;9;6;5;1;9;3;9;4;3;6;10;8;5;4;3;11;3;9;5;13;3;15;8;5;5;6;3;4;16;5;12;5;5;29;2;4;2;7;7;3;4;3;1;3;2;4;8;4;2;4;9;2;7;1;4;1;2;6;2;2;2;1;2;1;3;1;0;3;1;4;0;2
5162;9;16;18;3;10;6;15;13;12;3;8;15;7;2;4;109;5;0;3;2;6;0;9;2;2;21;48;9;4;6;9;4;8;11;9;7;4;7;4;7;5;9;9;3;2;3;10;16;3;5;42;10;29;13;9;25;4;15;5;4;15;20;8;2160;266;181;558;1150;63;62;41;85;190;206;528;;812;264;118;824;98;341;165;495;93;482;78;104;135;16;47;109;70;37;92;55;28;33;29;14;13;25;36;56;76;89;28;22;29;64;45;54;10;51;47;56;8;65;9;21;12;8;13;15;19;13;2;17;6;11;25;8;11;25;3;14;10;8;11;9;12;4;21;31;17;8;3;15;25;17;9;10;22;25;14;12;26;6;2;5;5;5;18;2;1;0;4;3;3;2;2;2;4;4;5;6;7;1;30;10;12;3;16;10;4;10;2;4;5;5;6;8;12;6;3;24;18;3;21;3;4;5;3;9;16;6;10;4;7;6;15;17;10;7;9;2;7;1;4;12;7;5;3;102;3;2;4;2;3;5;7;7;12;9;5;5;10;8;19;3;2;12;9;5;2;3;3;2;8;1;2;5;5;2;2;3;2;0;7;0;0;2;1;0;5;1;0;3;7;0;1;4;4;1;3;2;0;0;4;0;0;8;4;20;1;4;6;2;3;3;3;0;8;2;10;3;2;3;0;5;4;3;2;6;11;1;3;2;2;4;2;7;5;5;7;3;2;8;16;1;4;8;8;0;2;2;3;8;1;6;0;4;6;5;0;6;3;10;0;3;3;3;7;2;9;6;11;7;11;5;4;4;5;6;7;23;3;8;8;6;20;3;3;0;5;7;1;2;1;3;6;3;2;0;1;0;3;6;2;7;0;3;1;3;1;1;1;1;5;2;1;4;2;1;0;3;0;3;0
5166;2;7;7;2;7;5;14;4;7;3;14;10;10;3;3;49;12;1;3;2;5;0;1;2;2;8;25;8;3;5;2;6;3;2;7;8;4;10;0;7;9;3;2;3;1;2;6;10;4;2;20;7;24;5;3;13;2;9;2;4;6;14;2;523;180;115;1147;1096;48;49;17;31;86;503;157;516;;292;77;237;14;248;73;80;36;419;43;40;79;13;36;81;42;25;71;34;38;22;37;14;17;33;30;41;56;56;18;13;30;29;35;33;8;38;52;45;5;26;2;10;3;8;4;3;6;5;2;7;7;5;18;2;3;17;2;7;2;5;3;3;3;3;8;20;5;3;6;7;8;10;7;9;13;13;8;5;13;3;0;1;4;3;10;1;1;0;1;0;0;0;2;2;4;0;7;3;4;2;14;5;11;3;9;3;4;3;1;3;2;2;8;1;9;8;8;10;15;6;6;2;1;2;3;10;3;2;4;2;6;1;12;6;2;8;6;3;4;2;4;6;7;0;4;35;1;1;1;0;1;6;2;4;5;3;3;1;2;0;7;5;1;6;2;3;2;0;4;0;1;2;0;1;1;0;0;2;2;0;3;0;2;0;2;0;1;1;3;1;2;0;0;1;1;0;0;2;0;0;0;1;2;3;3;8;0;0;1;2;2;0;2;1;0;1;5;4;1;4;0;0;2;1;0;5;3;0;0;2;1;2;0;0;0;6;3;6;1;3;6;2;1;3;3;0;2;1;1;2;5;2;1;2;4;2;4;6;4;5;0;3;1;4;6;1;7;1;8;4;6;1;2;0;2;1;3;8;2;5;0;4;13;0;1;0;3;3;2;1;2;0;1;0;2;1;2;3;3;6;0;4;2;2;0;3;1;1;2;2;0;0;0;0;0;1;2;2;0;1;1
5170;6;11;6;3;3;5;16;14;9;3;13;9;8;4;3;78;7;3;1;3;1;2;5;5;2;12;40;6;5;7;2;7;12;10;12;5;2;7;2;7;8;11;5;2;3;5;9;14;5;8;30;10;43;8;14;19;4;14;4;10;8;26;5;401;2077;447;395;83;151;475;11;28;73;1341;147;182;227;;71;262;24;158;35;59;16;45;31;38;61;132;118;150;506;43;374;56;22;37;24;11;14;26;25;43;172;139;22;19;51;50;26;52;2;35;31;60;5;34;3;13;10;9;9;2;9;5;0;11;9;9;18;4;6;23;2;10;7;5;11;6;12;10;8;14;5;6;1;6;14;10;5;5;15;12;10;5;4;8;0;4;4;2;11;2;2;1;1;1;1;3;1;2;1;1;3;3;5;1;16;6;8;4;11;5;2;11;3;7;3;2;6;2;11;6;5;15;13;3;12;5;3;2;3;9;11;0;9;2;7;1;9;7;12;6;6;2;5;6;3;11;6;3;7;57;2;1;3;5;3;2;2;3;9;2;2;2;5;0;13;0;2;2;2;4;0;1;1;1;2;3;0;2;7;3;2;2;3;0;4;0;3;1;5;1;0;2;0;4;4;3;3;0;0;1;2;2;0;3;3;1;2;8;3;9;0;3;2;5;1;3;1;0;0;0;5;2;2;0;0;0;3;1;1;4;3;2;6;0;5;7;0;3;3;1;5;0;5;9;14;3;3;3;3;1;2;4;0;4;2;3;2;3;6;6;1;1;2;4;4;2;2;3;6;3;9;1;15;4;9;6;3;3;4;2;2;15;6;8;5;1;20;1;2;3;4;7;1;1;3;3;8;3;5;5;4;0;2;7;2;4;5;2;0;1;2;1;1;3;3;1;1;3;0;0;5;2;0;2;0
5314;8;30;19;4;7;10;18;11;13;11;6;12;10;5;12;244;18;2;9;7;12;2;1;5;3;45;90;7;3;12;3;5;6;3;15;6;3;15;7;7;4;13;4;8;4;1;27;21;9;3;22;11;25;12;9;7;6;18;6;1;2;63;7;407;80;130;47;52;25;25;26;44;103;93;126;132;61;71;;1810;75;336;338;546;721;172;136;159;4882;10;35;171;69;24;70;67;29;65;24;34;17;25;26;39;77;101;18;78;14;40;28;45;57;91;149;63;38;211;16;55;9;23;18;22;19;25;0;24;12;18;42;11;13;51;2;23;14;2;7;9;13;7;115;614;74;15;6;17;105;379;12;21;61;51;13;16;25;19;1;10;12;8;105;6;1;3;4;4;6;8;2;3;2;6;3;4;25;2;71;20;29;9;20;13;12;9;3;7;3;5;9;1;36;21;3;69;54;8;38;4;5;4;4;70;17;7;15;1;5;3;30;15;11;16;34;8;19;7;4;12;14;6;11;237;4;1;7;5;4;4;6;1;8;7;5;3;3;4;24;0;1;8;10;2;5;2;12;7;4;1;3;2;4;2;1;1;6;1;20;2;1;5;3;1;4;6;2;4;7;1;1;4;0;1;0;1;0;1;2;3;1;24;4;28;1;4;4;2;5;1;1;1;7;4;22;10;3;1;0;6;6;3;2;8;18;3;4;1;4;9;1;2;5;5;8;3;1;11;33;10;3;12;8;9;5;2;3;27;3;5;1;9;7;3;2;4;2;8;1;2;2;2;14;7;10;5;8;7;7;7;7;3;5;7;2;49;3;10;3;5;72;6;5;3;32;24;0;3;0;5;9;1;2;1;5;6;3;23;4;20;8;7;6;3;3;2;2;4;4;1;0;2;3;2;1;2;2;1;1
5315;16;67;54;11;16;20;41;35;30;17;34;22;33;8;23;713;61;5;22;14;20;9;15;9;12;68;211;35;19;38;13;13;22;17;23;27;7;41;8;17;15;21;11;9;17;10;53;75;22;15;67;22;88;21;41;32;14;65;23;13;19;138;18;1305;257;386;195;213;81;75;212;288;407;235;654;1151;223;225;1501;;1422;915;1047;7074;1361;361;878;3657;3495;32;85;381;184;79;191;186;101;166;102;65;60;87;82;117;211;277;85;138;44;141;128;151;174;215;244;113;59;398;55;100;28;42;41;66;52;41;14;60;37;56;82;40;46;96;16;57;37;9;27;26;28;21;112;220;153;33;15;38;128;242;33;45;118;98;47;75;107;50;9;22;22;28;127;8;2;7;14;3;14;17;5;10;15;7;14;19;38;6;197;57;60;21;70;28;21;35;11;13;15;6;28;17;85;42;31;96;103;12;70;19;11;14;13;137;50;19;41;13;18;9;69;47;27;31;56;19;36;15;21;45;34;14;34;563;7;10;15;12;13;16;13;8;21;17;18;11;12;7;61;3;3;28;26;18;10;9;14;5;11;1;3;4;14;2;7;4;5;5;33;1;4;8;6;6;10;5;2;16;22;6;1;7;6;5;6;5;2;4;1;4;6;29;11;82;1;9;7;5;11;4;10;5;12;7;42;18;11;6;2;7;14;9;13;14;44;9;14;6;4;11;2;14;21;16;19;12;5;25;74;24;14;30;22;11;9;10;7;38;18;13;4;16;13;8;5;13;9;15;4;8;10;6;29;17;18;9;29;11;29;15;22;3;10;10;12;74;11;22;7;13;156;11;5;8;23;37;11;7;3;9;19;6;5;5;14;9;6;34;7;23;45;16;4;3;5;3;1;9;2;4;1;5;6;3;5;1;2;2;2
5316;2;4;4;0;4;1;6;8;7;2;6;4;1;7;1;29;3;2;2;1;1;1;7;1;0;5;16;2;2;2;0;1;3;2;2;2;0;2;2;2;0;4;0;2;0;0;3;6;4;0;16;5;8;1;2;5;4;9;3;1;7;10;2;171;34;56;21;27;14;10;58;160;111;21;567;85;26;28;81;816;;74;54;186;56;24;103;1123;164;4;8;35;15;6;31;14;10;12;8;4;2;10;7;11;20;38;16;8;8;23;9;27;12;15;14;9;6;15;5;5;5;4;7;2;6;5;0;3;4;3;7;3;9;12;1;3;3;2;6;3;1;2;9;17;16;2;3;3;12;21;3;6;15;13;5;6;14;3;0;1;3;4;8;1;1;1;2;1;1;2;4;2;1;1;2;0;8;2;6;9;7;2;4;7;2;5;0;0;3;2;3;2;3;4;0;5;9;1;5;3;1;4;1;2;0;2;5;0;4;1;5;3;2;2;3;1;1;2;4;3;2;0;5;22;0;2;2;3;2;3;1;0;1;0;4;1;0;0;7;1;1;2;1;1;1;0;5;0;1;1;1;1;0;0;1;2;0;0;4;1;0;1;1;0;4;2;0;1;2;0;1;1;1;0;0;1;0;0;0;0;0;1;2;8;0;1;0;2;0;0;1;0;1;0;3;1;2;2;0;2;2;1;0;1;4;0;2;0;1;3;0;1;4;2;4;0;3;1;8;1;1;4;6;0;1;0;1;4;2;0;0;0;0;1;3;0;2;4;0;1;3;3;4;1;0;4;4;4;0;3;2;0;0;0;2;9;3;3;0;2;10;1;3;1;1;1;0;1;1;0;1;0;2;3;3;0;0;2;1;1;0;2;2;2;1;0;2;3;0;1;0;0;1;0;2;0;0;1;2
5334;9;28;27;4;8;5;14;15;22;8;16;19;12;3;9;274;53;7;22;11;14;9;10;7;4;41;124;13;12;19;4;6;7;14;7;14;4;14;5;10;7;8;5;11;2;5;16;26;10;13;21;5;36;12;13;16;8;23;11;8;5;76;11;606;137;199;115;240;47;35;26;58;147;110;165;295;182;118;363;1302;77;;1838;388;226;1448;88;141;297;12;39;191;64;29;91;68;47;66;57;24;23;36;34;60;113;152;34;31;32;66;56;49;27;79;50;58;52;143;13;46;18;15;24;29;40;25;2;29;13;20;40;16;17;40;7;27;16;7;9;8;19;5;54;50;16;9;9;15;55;40;14;15;24;64;25;36;25;21;3;16;12;18;52;4;3;6;7;0;10;13;7;5;3;2;6;10;20;6;179;48;39;15;52;18;27;22;6;6;7;7;15;7;73;30;16;38;58;8;38;13;9;9;9;48;19;11;24;5;11;5;28;30;12;26;30;16;23;8;15;43;15;6;36;344;5;5;6;4;6;8;10;6;24;14;8;10;5;2;46;3;7;12;16;9;10;3;8;2;6;1;2;4;9;3;2;2;3;3;21;3;1;5;1;6;4;4;1;12;14;6;2;3;2;3;3;1;2;3;2;3;7;27;6;44;1;9;10;5;8;2;4;3;16;5;21;10;6;9;4;5;8;5;4;7;29;2;3;2;6;8;1;10;12;8;8;6;7;10;39;7;8;23;15;9;6;7;2;17;2;10;0;5;5;5;2;5;1;4;2;0;8;6;23;7;6;6;13;3;15;3;21;3;7;5;7;53;7;11;9;6;65;7;4;4;16;18;2;1;3;8;9;0;2;3;5;2;3;17;4;20;2;5;0;5;5;2;5;5;2;0;2;5;6;0;1;2;2;2;2
5358;3;4;5;2;4;3;5;6;7;4;9;3;6;3;3;42;3;3;3;3;8;0;6;4;2;11;31;7;6;9;2;3;4;3;6;2;0;1;1;4;6;5;1;1;1;4;7;8;7;2;19;4;9;2;10;6;5;4;2;0;6;10;5;143;61;56;37;100;21;31;17;27;57;69;76;134;86;60;129;531;42;1800;;610;406;504;50;54;164;14;25;31;27;16;45;42;22;18;36;17;15;32;36;29;28;45;13;11;10;29;16;28;11;46;27;28;9;42;1;8;5;5;5;8;7;0;1;5;4;8;17;5;9;13;1;0;8;6;4;10;2;3;9;25;8;8;5;7;21;15;7;7;7;22;14;20;15;3;3;3;5;6;10;0;0;2;2;2;2;0;3;3;1;1;1;3;7;0;19;7;12;6;7;1;5;3;6;2;1;3;12;3;11;13;6;6;16;3;10;3;4;1;5;10;4;0;8;1;3;3;8;6;4;3;4;5;4;7;6;6;2;2;2;37;1;1;4;1;2;2;5;0;3;2;3;1;2;2;7;1;2;2;1;2;2;1;2;1;0;0;1;1;1;2;0;0;1;0;3;1;0;1;1;4;3;4;0;1;2;0;1;2;0;0;2;1;1;2;0;1;0;6;5;12;0;0;4;1;1;3;1;0;0;1;2;1;3;0;4;1;1;1;1;5;5;0;1;0;2;3;1;1;2;1;1;2;3;2;9;3;1;4;2;1;1;1;0;6;3;3;0;4;2;1;3;0;2;3;1;1;1;5;3;1;6;2;10;2;5;7;4;0;1;2;0;10;1;7;1;2;9;0;0;2;4;4;2;0;4;2;6;2;4;2;2;0;1;3;2;2;0;2;0;0;0;2;2;0;3;0;0;0;2;0;0;2;0;1;1
5362;11;12;10;6;11;10;25;22;16;7;9;11;6;4;7;155;10;4;6;5;4;1;3;3;4;14;45;10;11;13;5;2;6;8;18;5;1;8;3;4;14;6;5;4;3;1;16;16;9;8;37;5;37;9;10;30;5;12;5;8;11;30;11;266;97;100;67;147;25;25;58;66;113;65;165;609;85;84;502;3874;178;453;1178;;1031;164;121;314;987;13;29;52;46;19;76;29;21;26;27;16;13;31;27;37;58;69;30;15;33;36;35;41;23;54;36;45;6;68;10;22;16;12;17;13;27;17;2;18;13;14;29;10;11;23;4;14;14;8;8;4;8;5;29;104;37;14;8;18;44;77;20;14;41;33;24;31;60;16;2;6;5;15;20;3;1;4;9;1;6;11;1;5;2;3;6;6;13;3;28;11;12;7;17;9;5;10;3;1;4;2;5;8;13;15;10;22;27;6;16;11;2;4;8;14;15;6;16;3;10;3;23;16;5;3;8;5;8;6;5;10;9;2;13;77;2;4;9;5;8;7;2;9;14;11;11;5;6;5;38;4;5;12;3;8;6;3;3;0;4;0;3;3;5;6;3;3;2;0;7;1;4;2;0;0;5;4;2;5;5;1;1;0;4;2;1;2;0;2;3;1;1;5;1;16;3;5;8;5;1;0;3;1;3;4;7;2;24;2;1;4;2;2;1;3;7;1;0;3;2;6;5;4;10;5;5;4;2;7;13;6;6;5;4;3;3;3;1;7;5;9;1;6;6;6;2;6;1;6;2;2;2;1;8;9;10;6;9;5;9;9;6;3;12;7;6;19;8;13;5;4;30;6;4;2;10;10;3;3;4;6;9;7;4;2;3;2;6;8;9;7;4;2;0;1;4;2;5;6;4;0;0;3;1;0;4;2;0;2;2
5366;2;3;5;0;2;1;5;3;5;3;9;4;4;0;2;21;4;1;4;1;3;0;3;0;3;5;13;3;2;2;4;1;6;11;7;5;1;4;0;4;7;2;2;0;0;1;7;6;4;3;6;3;8;5;0;4;2;6;1;3;4;11;7;116;57;38;28;26;13;32;34;27;34;52;57;89;36;58;287;630;48;290;478;577;;66;53;74;644;11;45;23;26;22;57;23;16;14;28;12;16;26;22;26;28;30;15;13;12;36;18;53;21;52;32;41;3;26;4;6;7;3;2;5;7;5;1;4;3;4;9;2;10;7;0;5;1;2;4;2;2;2;26;131;14;5;5;8;34;30;12;9;14;34;17;56;170;6;0;2;4;3;10;2;1;0;0;0;1;3;2;2;2;1;2;3;7;1;7;5;4;0;8;4;6;2;1;5;3;2;0;1;7;7;3;8;8;3;4;2;2;3;4;6;4;2;5;3;3;2;4;5;3;5;3;1;2;3;4;4;2;1;3;29;1;2;2;5;0;3;4;3;6;0;3;2;0;0;5;1;1;2;3;1;0;3;1;0;3;0;1;0;2;0;1;0;2;0;2;5;0;2;0;0;3;2;1;0;2;0;2;2;0;1;3;0;2;0;0;0;0;2;0;3;0;1;4;1;1;0;0;0;2;0;2;2;2;0;0;0;0;0;1;1;2;0;2;1;2;2;2;1;1;3;4;0;1;2;14;4;3;3;3;1;0;1;0;3;2;1;5;1;3;6;3;2;1;6;0;0;0;0;3;2;2;3;6;5;3;5;0;2;2;0;1;4;6;1;1;1;6;0;2;1;4;7;1;1;2;0;5;0;1;0;0;1;3;1;2;5;1;0;1;1;1;2;1;0;2;1;0;0;0;0;0;0;0;0;2
5370;2;3;6;2;5;2;10;3;5;0;5;7;3;2;1;33;6;2;2;2;3;1;8;1;1;4;20;1;2;1;1;0;4;3;6;5;1;3;3;4;1;6;1;2;3;4;2;8;6;2;14;5;14;1;3;9;3;5;3;3;4;6;3;233;92;54;66;582;13;19;12;19;64;129;85;238;304;91;57;233;24;1287;544;119;76;;27;29;69;8;26;31;23;14;32;25;22;23;21;16;8;34;18;25;30;45;12;14;20;16;26;22;17;21;36;27;3;23;2;5;1;5;7;3;5;5;0;2;1;8;8;5;5;7;3;5;3;2;2;4;10;1;11;16;9;5;3;6;15;13;6;2;11;13;5;5;9;3;2;1;4;4;6;2;0;0;0;0;0;5;0;5;2;0;2;1;4;2;10;3;5;2;3;5;5;7;1;2;1;0;1;3;3;10;0;4;6;1;10;4;4;1;0;4;7;3;6;2;4;1;9;5;4;1;2;1;1;1;1;2;3;0;1;19;0;0;2;1;1;0;0;2;5;2;1;2;3;1;10;1;2;5;1;0;2;3;3;1;1;1;2;0;3;0;2;0;6;0;2;0;2;0;1;2;1;0;0;3;1;0;1;4;1;0;1;2;0;3;1;1;0;5;1;5;1;2;2;1;1;1;2;0;2;0;4;4;0;0;0;2;2;2;0;1;4;0;3;0;1;3;0;1;4;3;5;1;4;4;6;4;2;2;3;1;0;3;1;5;1;4;0;1;2;4;0;8;2;5;2;2;1;2;2;1;3;4;4;3;4;1;3;2;1;1;2;4;1;3;5;3;9;4;6;1;10;1;0;1;1;0;6;5;3;3;0;1;3;4;4;1;3;1;1;1;0;1;2;0;0;0;0;3;0;0;2;0;1;2;1
5374;6;7;9;4;6;4;12;8;9;4;11;9;6;1;6;54;7;5;1;8;3;2;5;1;0;9;28;3;3;8;5;3;5;5;12;4;2;5;1;3;8;4;1;4;2;5;7;8;9;2;26;5;19;11;9;11;5;14;3;5;11;13;5;112;34;53;20;23;11;14;261;44;211;28;81;47;12;23;159;765;71;89;44;123;36;27;;510;556;7;20;47;16;11;28;27;15;19;12;10;5;21;19;22;59;71;39;18;16;82;31;433;159;183;23;28;10;37;6;14;4;13;7;5;14;3;4;4;6;10;27;28;9;26;1;14;5;4;7;6;9;2;15;23;192;10;4;3;10;28;7;8;35;17;3;10;5;7;2;3;4;3;12;0;1;1;5;2;2;2;3;1;1;3;6;0;6;1;17;7;4;3;10;2;6;12;2;6;3;1;3;2;9;13;2;6;9;1;10;4;3;3;4;5;5;0;10;2;5;6;7;5;11;6;4;3;7;2;5;8;8;6;7;39;1;0;3;2;2;0;0;1;3;2;3;2;3;1;7;5;3;2;3;6;1;0;2;0;1;0;1;2;5;0;4;1;1;1;4;0;1;3;1;1;1;0;0;2;3;1;2;0;2;1;2;2;0;1;0;1;1;4;2;15;2;2;1;0;2;0;3;1;2;1;7;5;4;2;0;1;1;1;0;5;2;3;1;4;0;3;2;0;7;4;4;3;2;5;10;1;1;6;4;3;1;4;1;6;3;0;2;3;1;3;1;2;1;2;0;3;3;1;4;3;5;4;9;2;9;2;5;6;3;0;5;7;3;3;3;5;15;1;4;0;4;3;1;8;1;0;2;2;3;2;4;3;2;2;0;1;0;2;1;1;3;1;1;0;6;1;0;2;0;0;0;0;2;0;0
5378;7;5;12;2;5;3;11;13;9;8;4;11;6;5;5;72;10;8;4;2;3;1;2;1;3;13;30;4;4;7;1;2;5;7;16;5;1;4;1;3;5;6;2;4;6;7;4;11;8;1;31;7;18;8;9;11;5;6;4;8;5;28;8;175;37;62;27;32;22;11;321;242;163;25;253;104;39;38;211;2171;828;153;74;273;70;34;804;;681;7;13;59;18;9;31;18;16;27;10;5;6;16;8;23;40;43;15;12;14;56;16;55;30;46;23;23;5;37;6;14;2;6;6;9;6;8;5;8;7;12;15;17;9;22;5;5;1;3;2;3;4;4;12;34;28;8;2;11;21;41;6;6;20;19;6;9;14;2;1;1;3;3;14;2;1;4;6;1;5;2;1;2;0;0;5;3;6;0;23;7;8;4;12;7;2;8;0;5;4;2;5;3;10;7;1;12;14;2;5;2;0;4;2;18;8;4;7;1;3;4;12;7;6;4;9;2;3;4;1;9;9;3;2;57;2;2;3;3;2;5;4;3;4;2;5;1;2;2;13;0;4;5;6;2;6;1;2;0;0;0;1;1;0;1;0;0;1;1;7;1;1;0;2;1;0;0;0;2;1;1;1;0;2;1;3;1;0;1;1;2;1;3;3;8;1;3;1;2;1;1;1;4;1;1;4;2;2;0;2;4;3;5;3;2;4;2;2;0;1;4;1;0;3;5;5;9;3;8;6;2;0;10;2;2;1;0;1;4;7;1;0;1;1;7;3;5;1;1;0;1;3;1;5;3;1;3;11;2;7;3;5;6;4;3;2;9;6;8;1;4;18;4;3;0;2;6;3;2;1;2;5;3;2;3;3;1;1;7;6;3;2;1;4;3;0;1;0;1;2;0;1;2;2;0;3;0;0;1;4
5382;14;25;12;7;8;11;21;20;16;9;24;16;14;6;10;159;16;2;8;7;11;1;4;5;2;27;62;15;9;10;8;6;7;11;22;17;4;11;4;10;13;9;9;10;5;2;13;17;13;8;44;11;29;15;11;25;9;15;8;5;17;35;10;254;85;121;39;55;24;32;51;64;128;83;160;123;59;73;3654;2362;150;339;181;1039;964;76;654;527;;12;47;96;44;29;67;36;34;56;39;18;12;27;32;41;60;94;40;27;20;48;33;70;42;136;45;37;22;118;17;39;23;22;22;24;18;21;2;22;28;23;43;24;24;47;6;12;16;4;12;10;16;7;92;640;480;20;12;19;124;1062;26;26;125;42;21;19;52;20;5;10;11;3;50;6;1;3;8;4;7;7;8;5;5;6;9;7;26;6;40;15;18;7;19;13;11;7;1;8;8;7;7;3;21;13;8;29;37;5;24;2;8;4;4;28;19;9;20;3;14;9;21;15;8;14;16;12;11;8;8;19;14;7;8;135;4;2;12;9;4;4;4;8;16;12;10;7;6;5;39;9;4;16;11;7;10;6;5;2;6;3;4;5;11;1;3;0;0;3;11;1;1;3;4;1;3;4;1;6;6;5;3;6;3;2;3;3;4;4;1;3;1;10;3;22;1;4;6;7;3;5;3;0;4;4;13;11;7;0;0;7;11;4;9;9;11;2;4;5;4;6;3;8;12;4;14;5;5;9;30;8;8;6;13;4;2;2;3;17;10;15;1;11;10;9;2;10;6;8;1;6;8;6;16;10;14;8;10;16;15;9;7;5;7;2;4;27;8;8;3;6;53;6;10;4;11;13;1;3;8;7;9;4;7;2;4;6;8;15;3;9;1;7;3;5;5;2;1;3;5;2;0;2;5;4;3;4;0;4;6
5512;1;2;6;3;2;0;9;4;1;3;2;3;2;1;3;22;0;0;2;3;1;2;0;1;1;2;12;1;1;2;1;1;1;0;4;1;0;0;0;2;3;4;1;2;1;3;1;4;5;3;8;4;13;2;6;10;0;6;4;0;4;3;1;72;106;380;16;5;58;374;6;9;24;27;29;16;9;155;15;31;5;19;3;7;6;7;4;9;13;;212;29;84;18;639;11;13;9;7;5;0;6;5;10;82;49;4;7;31;29;13;10;2;7;13;23;2;11;2;3;1;2;2;0;4;1;0;1;2;0;1;1;1;7;0;1;0;1;0;3;5;0;1;1;0;0;0;3;4;6;0;2;1;3;5;3;1;2;0;3;1;1;3;0;0;2;1;0;1;0;0;0;1;0;1;0;2;0;2;3;1;1;3;2;2;0;0;0;0;0;2;0;1;0;0;1;3;0;2;2;1;0;0;2;3;0;2;0;1;0;0;0;2;0;0;0;2;1;0;2;2;0;0;6;3;0;1;4;2;2;0;0;1;2;0;0;0;0;1;2;0;0;0;0;2;1;1;0;0;0;0;0;0;0;0;0;0;0;1;0;1;0;1;0;2;1;1;0;0;0;0;2;1;0;0;0;0;1;2;1;0;0;3;5;0;0;3;1;0;0;0;2;3;0;1;0;0;0;0;0;0;0;0;1;2;1;0;0;0;1;0;0;1;0;5;2;1;1;3;0;2;1;0;1;1;0;0;1;1;0;0;0;2;0;0;4;0;3;0;0;1;2;1;1;1;0;2;0;1;3;0;0;0;0;0;3;1;0;1;0;2;0;0;1;0;0;1;0;1;1;0;0;0;0;0;0;0;1;0;0;1;0;4;0;1;0;0;1;1;1;0;1;0;0;1;0;0;0;2
5513;1;8;4;1;6;5;9;16;5;3;3;11;6;4;1;40;6;5;5;3;11;1;8;3;0;13;26;10;5;8;2;8;8;4;12;5;1;3;4;4;7;6;5;4;1;4;10;11;10;5;25;9;34;8;13;16;4;14;8;2;2;26;8;123;175;981;42;28;89;163;20;21;68;58;85;42;33;180;20;88;11;46;14;26;9;24;21;10;32;261;;56;179;65;2071;35;26;32;25;9;11;18;15;24;587;236;53;40;374;121;40;58;10;20;41;96;3;19;7;9;14;4;6;2;8;4;4;7;6;8;14;10;4;10;4;8;0;2;5;5;8;4;5;8;6;3;3;6;5;5;0;4;4;6;6;4;6;1;0;2;2;6;9;2;2;1;3;1;1;1;1;2;1;6;1;1;4;1;14;6;7;4;3;10;3;6;0;2;1;1;2;2;15;9;3;4;13;1;10;10;6;2;4;4;6;5;6;2;5;3;4;4;7;7;4;1;3;5;5;9;5;1;4;26;0;6;2;1;3;2;0;1;4;2;4;0;1;3;7;3;2;4;1;4;0;1;2;1;1;1;4;0;5;0;0;1;0;1;4;3;0;11;0;0;1;4;0;0;1;0;4;1;1;1;1;2;2;2;1;1;0;4;0;12;0;2;2;1;0;0;1;1;0;1;2;1;2;4;1;2;2;3;5;3;3;0;3;1;2;5;2;4;3;1;3;1;1;1;17;1;3;2;4;0;2;2;0;4;4;2;1;1;3;0;1;4;0;4;2;2;3;1;3;4;11;2;2;0;6;3;5;2;0;7;3;5;5;10;2;0;11;5;3;0;4;7;0;1;4;2;2;0;4;1;2;4;0;9;0;2;1;0;1;1;1;1;1;0;2;0;0;3;0;1;0;2;2;0;0
5515;14;51;36;3;8;11;20;16;22;4;16;17;13;4;21;487;34;4;12;8;6;3;6;7;5;57;139;31;16;19;7;9;18;6;20;14;4;21;9;10;8;18;1;10;8;13;60;240;17;18;45;29;203;13;93;30;16;178;54;5;12;121;15;472;80;208;45;33;38;39;23;18;83;83;77;83;52;107;159;560;19;125;27;50;19;21;33;41;71;23;57;;546;1567;274;2057;1375;210;183;64;41;106;95;156;144;303;44;201;31;61;96;92;30;53;199;227;21;133;7;34;11;7;8;19;12;14;1;14;11;12;27;9;11;35;5;31;9;4;11;7;15;8;20;9;8;4;0;4;13;12;6;5;5;23;4;2;5;4;2;5;5;9;44;5;2;2;1;2;0;2;0;2;2;4;3;7;8;0;53;11;17;7;14;10;13;5;2;4;2;3;7;5;30;11;4;34;35;4;15;3;4;0;3;61;12;4;11;2;5;2;26;7;11;15;24;2;14;3;5;16;10;4;11;148;3;0;1;2;5;1;3;3;7;8;2;8;9;4;15;1;4;7;7;7;1;1;4;0;2;1;1;3;2;0;1;2;1;2;15;1;1;1;1;2;3;0;0;7;8;3;2;1;0;1;1;1;1;2;0;1;3;11;3;19;3;2;4;1;3;3;1;0;3;1;17;9;3;4;1;5;6;1;3;3;15;0;1;0;3;5;3;0;6;4;4;3;1;1;13;2;2;1;4;1;4;3;2;23;6;1;2;2;4;5;1;4;1;6;3;0;4;3;16;6;8;5;12;6;18;3;5;2;1;3;5;39;3;5;1;2;89;3;5;3;18;15;3;4;2;3;3;0;0;5;2;1;2;9;4;11;2;7;5;3;1;2;0;2;2;1;0;0;1;0;1;0;0;0;1
5554;3;10;4;0;2;6;9;5;6;1;8;6;5;3;5;95;8;6;7;4;7;2;3;3;1;19;49;15;6;9;2;5;6;4;9;8;2;5;5;5;4;8;5;2;7;9;14;80;4;5;21;19;92;3;226;16;6;29;17;4;7;30;10;205;124;212;24;21;33;66;6;14;57;252;53;45;30;426;50;211;19;91;26;35;10;18;15;16;36;50;82;666;;440;400;510;60;46;44;26;20;47;42;64;119;159;12;32;45;44;38;42;11;27;37;56;5;35;2;14;1;6;7;6;9;2;1;10;7;2;13;5;3;15;0;11;10;5;6;9;8;3;11;2;6;4;3;7;8;8;4;6;8;6;4;9;2;4;0;3;3;1;14;0;2;0;3;1;1;2;0;5;3;4;1;5;2;1;21;5;7;5;8;2;6;9;1;4;3;2;7;2;9;4;1;9;13;5;6;4;5;5;2;8;9;1;9;3;2;1;6;12;8;2;6;6;1;3;3;3;10;0;4;43;4;5;7;2;0;1;1;2;6;3;2;1;2;2;9;4;1;3;1;2;0;0;3;0;3;2;1;3;5;0;1;2;1;0;3;0;0;1;0;1;0;1;0;1;3;2;0;4;1;1;3;0;1;0;0;1;1;1;2;8;0;5;4;0;3;1;1;1;2;0;6;4;0;2;2;1;1;3;1;4;9;1;2;1;3;5;0;2;6;1;3;1;2;4;1;3;2;2;3;0;0;5;2;9;4;7;2;3;2;3;2;1;2;3;2;2;4;3;5;4;7;2;9;1;5;8;3;0;3;2;3;9;0;3;2;1;15;4;4;2;3;5;1;4;3;6;5;4;0;4;4;3;4;1;3;4;1;3;3;0;2;1;0;2;1;0;3;0;0;0;1;2;0;0;0
5558;4;8;9;0;4;2;9;11;6;6;6;2;6;1;4;69;4;3;2;2;4;4;4;2;1;14;29;16;4;5;5;2;11;8;7;4;0;5;1;3;4;6;11;2;1;5;13;59;10;5;12;22;44;12;34;14;6;36;15;4;8;17;3;72;26;80;13;10;18;16;4;4;26;24;13;14;8;35;38;111;3;32;10;11;4;4;4;5;16;13;49;1184;497;;410;313;159;43;29;15;8;19;13;41;97;222;12;86;44;31;20;31;6;15;48;429;1;19;2;11;4;6;2;2;5;5;2;5;3;6;8;2;1;7;4;1;5;1;3;3;4;2;7;5;5;0;4;3;6;4;1;3;3;6;2;1;0;0;0;2;0;4;8;0;0;0;0;0;1;2;1;0;1;0;0;2;0;1;12;0;3;3;3;6;2;6;1;3;1;1;4;3;4;1;1;6;8;0;10;0;3;1;1;7;3;2;6;3;1;0;3;4;1;4;2;1;3;1;4;5;1;5;2;31;1;2;5;3;1;1;0;6;4;4;1;5;3;1;4;0;4;2;1;1;1;0;2;0;1;0;2;0;4;0;0;0;0;0;4;0;0;1;2;1;3;2;1;0;2;1;1;1;0;0;2;2;0;0;0;0;1;5;0;8;0;1;0;3;1;3;0;1;0;2;3;0;0;0;0;0;2;1;3;1;5;0;2;2;2;1;1;0;0;0;1;2;1;2;3;1;1;3;3;0;0;0;0;3;2;1;0;1;2;1;0;1;1;2;2;0;1;0;3;0;7;4;9;2;4;1;3;0;1;3;1;6;1;6;1;1;9;4;0;0;2;3;0;4;0;5;2;1;0;2;2;2;0;1;0;2;0;1;0;0;3;1;0;0;0;0;0;1;0;2;1;1;0;1;0
5562;5;14;13;8;16;5;24;16;11;8;19;21;10;5;7;111;10;9;11;7;12;2;8;10;3;19;70;22;12;16;12;13;13;5;18;6;5;6;9;6;8;13;6;12;7;6;21;32;17;19;62;17;76;14;22;38;9;36;15;11;15;29;11;237;214;812;57;45;93;210;26;39;114;99;133;68;47;384;75;211;30;93;36;75;25;39;32;28;75;578;1358;324;596;596;;158;84;61;59;28;25;41;59;48;779;1132;88;88;751;226;72;117;16;42;97;513;7;44;3;23;10;12;17;8;19;8;2;13;5;11;25;13;12;17;9;14;9;8;11;2;21;5;14;11;8;2;8;7;14;17;4;8;14;10;9;5;7;7;0;3;3;12;20;4;2;1;2;0;5;4;1;1;4;1;5;3;10;4;24;13;8;8;12;4;9;14;4;7;4;2;10;2;8;18;6;15;27;6;19;6;2;8;3;12;5;0;11;11;4;4;13;15;12;7;8;5;6;5;6;9;6;5;9;60;4;4;6;4;3;5;2;3;10;6;5;4;4;4;15;2;4;7;2;4;7;5;5;4;4;0;4;3;8;0;3;4;2;1;8;1;1;2;2;2;6;2;4;7;5;2;6;4;3;1;1;1;2;1;1;3;1;6;3;14;0;7;2;0;5;2;3;1;7;6;7;5;4;1;4;4;3;5;3;0;14;2;3;3;2;6;1;3;9;3;4;1;4;4;19;1;1;2;5;3;2;3;0;13;7;7;0;4;7;6;9;6;4;6;1;2;7;7;9;1;10;10;10;7;11;2;14;1;12;4;2;14;6;8;7;6;30;7;5;2;10;11;0;6;4;5;10;1;2;5;5;3;1;9;1;6;0;2;6;3;2;3;2;1;2;0;0;2;0;0;0;0;2;0;1
5566;7;17;14;3;9;8;15;12;9;5;14;9;7;7;7;138;30;5;6;7;10;0;9;9;7;30;93;47;22;30;3;15;7;10;19;11;3;14;9;6;9;16;2;10;9;12;49;877;19;14;58;39;733;9;313;38;7;803;64;5;12;70;12;169;65;100;27;18;20;26;13;21;50;58;57;45;24;61;57;178;22;78;26;24;10;17;21;25;36;17;51;1647;522;329;164;;300;109;155;67;36;97;88;111;81;157;29;72;36;53;38;49;13;34;70;104;9;39;6;10;6;9;8;4;10;4;6;6;6;5;21;5;6;20;3;16;10;5;6;6;6;9;6;9;7;4;6;3;9;9;2;4;6;7;5;2;2;2;2;2;3;12;13;0;1;3;2;0;1;1;0;5;2;2;0;2;3;1;20;5;11;6;7;9;3;11;1;2;2;0;4;2;11;13;3;9;14;1;9;7;1;5;4;8;8;6;9;1;4;6;12;7;5;12;8;4;6;2;5;6;10;1;6;57;2;0;7;0;1;1;4;5;10;5;5;0;2;1;9;0;3;5;4;5;6;3;5;4;3;0;4;0;2;2;1;2;1;1;8;2;0;6;2;0;7;2;0;6;3;2;1;0;0;1;1;1;1;0;2;3;1;11;4;8;0;4;4;1;1;1;3;2;0;3;7;4;3;1;2;0;0;1;2;2;9;0;4;3;3;3;1;2;4;2;10;15;3;7;18;1;3;9;10;0;4;5;1;4;9;2;2;4;5;5;4;5;2;7;2;1;3;5;9;5;13;7;11;4;10;7;6;2;4;2;6;17;4;12;4;3;24;2;1;2;9;12;2;1;5;9;6;2;3;2;4;4;1;6;0;5;1;1;1;0;1;0;0;2;6;0;2;1;0;0;3;1;0;0;2
5570;10;15;6;4;3;3;15;12;10;3;11;11;5;5;7;82;12;2;4;2;5;2;3;5;4;10;45;17;9;10;3;5;9;7;14;11;4;4;0;6;9;10;3;3;3;8;13;79;4;9;21;19;49;8;19;12;7;161;22;5;10;30;4;78;41;71;17;13;9;12;11;11;23;14;28;18;9;20;29;117;5;56;12;20;6;13;12;8;27;9;35;1123;56;152;69;311;;207;823;44;16;66;36;147;67;170;23;500;18;23;55;42;8;11;370;121;6;24;7;10;4;6;7;4;6;4;3;4;2;6;15;10;5;10;2;10;6;2;6;7;6;1;5;6;4;4;0;2;6;7;5;4;8;5;5;3;0;5;1;3;2;4;13;3;0;0;2;0;3;2;1;1;1;0;3;0;2;3;20;2;5;7;4;4;3;9;0;3;5;3;4;5;10;7;1;10;8;4;8;2;1;0;2;5;3;4;5;0;2;0;10;2;5;0;6;2;0;2;3;8;2;2;1;46;0;0;2;4;2;3;2;1;7;2;2;1;1;4;6;1;4;1;1;4;3;2;1;3;2;0;0;2;7;1;0;0;5;1;4;0;2;1;1;2;0;1;0;2;2;0;0;0;1;1;0;1;1;1;1;1;4;0;0;12;2;4;0;0;0;1;1;2;1;0;3;1;0;1;2;7;0;0;0;4;8;1;1;1;1;3;0;0;3;3;3;6;0;10;9;2;1;5;1;0;5;3;2;7;1;2;0;1;6;1;1;3;0;7;4;1;2;3;4;1;6;5;5;2;11;2;3;2;1;2;5;8;4;1;2;4;13;2;6;4;7;7;1;18;2;3;3;1;1;3;6;2;2;7;5;5;1;3;1;1;2;1;0;0;1;2;2;3;0;2;0;0;0;1;0
5711;10;19;19;4;5;7;17;21;11;10;15;9;11;5;17;214;35;6;6;10;9;3;8;4;9;49;208;19;48;28;27;36;69;20;11;13;2;16;6;12;8;7;3;10;5;11;31;112;15;6;13;13;37;11;16;19;13;202;22;8;5;80;13;175;50;104;21;15;21;16;20;9;49;45;74;86;43;60;104;215;10;97;51;77;25;29;16;24;90;8;32;398;227;29;136;585;165;;2073;2176;838;1661;468;420;72;153;32;191;21;35;54;47;41;21;384;69;9;54;7;15;4;13;10;9;11;6;1;8;5;8;20;10;3;21;3;32;8;3;16;10;14;7;10;6;2;5;3;0;10;4;4;2;8;13;1;0;1;4;0;6;3;6;19;3;4;1;2;2;1;1;0;0;2;0;1;2;3;1;32;14;12;3;12;9;6;6;6;4;1;1;3;0;13;6;5;19;25;3;17;4;2;3;1;13;8;6;9;0;8;5;14;10;5;2;13;2;8;1;7;14;8;2;10;91;3;0;1;0;4;2;1;4;6;4;2;1;5;2;10;1;2;8;2;4;6;0;4;2;1;0;1;1;7;1;2;0;1;1;5;4;1;2;0;1;5;1;1;4;5;3;1;1;3;0;1;1;0;1;0;2;0;6;0;13;1;4;2;3;2;3;1;0;2;1;10;2;4;1;0;6;1;4;6;7;14;2;2;2;1;2;2;7;2;4;5;4;1;6;14;1;1;2;8;0;5;2;1;19;6;7;2;3;3;8;1;4;3;8;1;5;3;2;11;14;7;4;11;5;17;3;7;1;1;4;1;20;3;4;5;0;47;1;5;1;14;20;0;1;1;2;11;5;4;2;2;6;6;10;1;9;0;8;2;1;4;2;0;0;1;1;0;1;2;0;1;0;0;2;1
5754;17;13;18;3;7;6;20;13;12;8;19;11;8;9;8;131;23;7;4;6;4;4;6;4;5;22;109;26;15;13;11;19;31;13;16;19;3;11;2;12;7;4;3;10;7;5;20;101;9;8;25;31;43;10;9;15;24;442;22;3;9;48;5;95;32;48;15;12;8;8;12;15;29;20;22;19;8;23;35;132;3;58;15;21;6;10;15;8;28;3;9;203;34;33;53;112;824;1931;;307;54;498;170;645;56;95;24;77;12;27;39;33;4;17;357;55;7;37;7;13;1;9;13;8;9;6;1;8;4;4;24;7;2;17;1;26;9;8;12;15;18;5;10;2;5;5;4;1;11;10;0;2;8;5;1;2;2;4;1;5;2;3;13;0;0;0;1;0;2;3;4;0;0;0;1;2;5;3;23;6;9;3;5;6;5;16;6;5;4;4;5;2;16;7;6;11;11;7;14;2;6;6;5;8;11;5;12;0;5;1;12;12;8;7;7;4;5;5;3;9;6;4;5;53;1;5;1;5;2;5;2;2;6;5;1;3;3;1;9;0;2;6;1;6;5;4;2;4;0;0;4;3;2;0;1;1;3;1;5;1;0;1;2;2;3;3;1;6;5;0;2;7;3;3;1;3;2;1;3;0;2;3;5;17;1;4;5;2;2;4;2;0;3;2;12;7;5;2;0;4;2;3;3;6;8;3;4;0;0;6;2;3;4;1;8;6;3;11;14;3;0;3;2;0;4;0;1;7;4;3;5;4;4;4;2;3;2;4;3;2;4;2;8;5;11;7;10;6;14;9;5;4;6;4;6;15;5;12;2;2;19;0;3;6;6;12;3;6;5;14;10;0;3;6;14;3;5;11;7;2;2;1;16;1;1;4;3;2;7;2;0;4;1;3;2;4;4;0;1
5758;6;9;5;2;5;5;11;19;9;2;10;5;11;2;2;97;26;5;7;8;8;1;4;4;7;21;153;26;31;15;15;29;91;5;11;6;4;7;6;10;8;5;2;8;5;4;17;108;7;5;23;14;24;6;7;11;10;355;15;8;13;34;5;66;26;24;12;11;15;14;7;8;15;19;21;17;17;16;26;71;5;44;12;19;3;19;10;15;20;4;23;83;27;15;37;67;41;1279;305;;49;806;1535;141;28;60;11;26;7;22;22;31;14;11;37;35;5;21;4;12;2;1;2;4;4;3;2;6;4;1;7;7;3;8;0;11;3;4;7;5;9;3;4;1;1;4;0;3;1;2;2;2;1;4;2;3;1;2;1;1;1;4;4;0;0;3;2;1;0;2;1;1;3;1;1;2;2;3;13;4;7;0;5;2;2;3;3;1;2;1;1;0;6;4;1;5;10;1;6;2;3;7;0;8;4;0;7;0;1;2;8;3;5;2;3;4;1;3;4;4;2;0;2;27;2;0;2;4;1;0;0;1;3;3;1;2;0;0;6;0;4;4;3;1;2;3;0;1;3;2;3;3;1;0;1;0;1;0;4;1;0;1;5;0;0;1;0;2;0;1;1;0;0;1;0;0;0;0;0;3;0;2;1;10;0;2;3;1;0;0;1;0;1;0;3;2;3;1;0;0;0;0;0;0;3;1;0;1;1;2;0;2;1;1;0;2;0;1;5;0;2;0;1;0;0;1;0;9;2;3;1;2;0;1;2;5;1;2;0;3;1;0;3;1;9;5;4;4;4;3;4;3;4;0;4;8;7;7;2;2;13;2;1;1;5;10;2;2;3;3;4;3;2;1;3;5;1;7;2;4;0;0;0;1;3;2;0;0;3;1;1;1;3;0;1;0;1;1;0
5762;0;6;4;2;8;6;6;3;5;1;5;6;3;4;2;54;14;3;4;4;11;2;35;7;7;57;78;3;58;23;386;3;14;5;9;2;2;4;2;2;5;3;2;6;0;1;3;18;9;5;3;5;11;3;2;6;4;11;2;6;6;16;4;68;28;31;11;10;11;11;12;13;13;16;23;21;18;30;22;54;14;39;19;34;7;23;14;13;24;9;22;52;33;20;38;22;24;133;117;58;;371;62;711;25;55;13;17;9;32;81;37;14;22;67;53;2;23;3;2;3;4;2;1;10;3;1;7;2;2;12;4;1;17;4;82;11;6;183;19;124;11;3;1;0;0;1;0;2;4;3;0;1;3;0;0;0;0;0;1;0;4;6;1;1;1;0;0;1;0;2;0;5;1;2;0;1;1;10;4;4;0;1;1;3;3;1;1;1;0;4;2;4;2;5;3;5;1;7;2;0;1;1;4;4;2;6;0;2;0;5;5;1;1;2;0;3;3;0;3;3;0;3;19;0;2;2;1;1;2;2;2;3;0;1;2;0;0;5;0;1;3;0;2;0;4;3;0;2;0;1;1;2;0;0;0;0;0;2;1;1;3;0;0;2;3;0;3;3;0;0;1;0;0;2;2;0;0;0;1;1;3;4;4;2;2;3;1;0;0;0;0;1;1;8;2;2;1;2;0;1;0;0;1;2;0;0;0;0;0;0;0;3;1;1;0;2;3;2;0;1;0;0;1;1;0;0;3;1;1;1;1;1;1;0;1;1;2;0;0;1;0;4;2;4;4;5;4;1;2;0;0;3;2;1;7;4;3;1;2;10;1;1;1;5;4;1;2;1;1;2;0;4;2;1;4;1;8;0;4;0;1;0;0;1;2;0;1;2;0;0;1;1;0;0;2;1;1;0
5766;10;24;24;5;15;6;20;24;12;4;10;9;5;3;5;152;30;6;12;7;13;8;18;7;10;29;198;21;427;30;82;26;241;19;22;9;7;10;3;17;20;9;6;10;0;3;21;67;11;8;13;17;21;9;9;15;7;75;17;10;10;40;10;89;26;67;11;24;13;7;11;11;34;17;18;26;6;21;36;118;9;45;10;22;7;11;17;13;26;6;25;108;32;16;44;51;58;1418;493;808;394;;386;707;50;92;20;41;13;25;36;28;6;23;88;34;8;39;5;13;4;8;5;7;12;8;4;14;3;13;19;8;3;23;6;32;9;5;11;14;24;8;7;5;7;3;1;0;10;12;1;7;7;9;3;3;5;3;1;6;4;5;13;0;1;2;4;0;1;4;0;1;2;3;1;5;5;1;23;12;6;3;9;7;4;3;2;2;3;7;7;3;14;9;3;14;20;2;15;9;2;1;4;9;6;4;7;1;8;4;10;13;9;4;10;1;3;5;2;8;8;3;5;42;1;0;4;1;1;2;4;4;8;0;3;1;2;1;8;2;4;8;2;6;0;1;2;0;0;1;1;0;1;0;0;0;1;0;7;1;2;5;0;1;0;1;0;1;5;2;3;2;3;0;1;2;0;1;1;2;0;3;1;17;1;2;3;0;3;1;3;0;2;4;10;5;2;0;0;1;6;1;2;3;6;3;7;0;0;8;6;1;2;2;5;4;2;2;10;4;0;4;3;0;5;1;3;9;3;6;2;3;5;4;1;1;1;7;1;3;4;4;6;6;8;8;4;11;12;6;7;3;1;3;4;12;7;4;4;5;24;1;0;4;9;22;7;7;7;5;7;7;1;5;14;1;3;8;2;6;0;4;1;1;5;1;3;4;4;1;2;3;2;2;0;2;3;2;1
5770;8;16;9;2;6;5;10;14;14;5;11;6;5;7;5;133;46;10;8;7;7;4;11;14;10;23;321;229;88;32;12;322;666;17;19;9;0;14;7;13;17;8;6;18;6;7;24;152;17;12;34;17;28;12;12;11;4;247;55;5;6;81;22;64;35;64;8;15;7;8;8;2;21;9;25;23;7;12;28;93;10;38;9;16;5;10;11;8;22;2;14;112;18;13;43;72;29;504;136;1411;31;322;;119;52;69;12;28;10;16;18;20;4;16;39;24;3;30;5;7;2;6;5;4;10;5;1;6;4;7;10;6;5;18;1;25;5;2;11;6;5;0;5;2;4;3;1;0;8;6;2;3;7;7;4;5;1;2;0;8;0;5;15;1;1;0;3;1;1;1;1;1;1;0;2;1;1;0;17;5;6;6;14;4;5;5;4;6;3;2;7;2;8;7;1;12;12;2;8;4;2;3;2;5;3;4;8;3;6;3;6;10;4;6;4;5;3;3;5;2;8;2;2;44;1;0;3;6;1;0;1;2;4;4;4;2;2;3;9;2;2;2;1;2;0;0;3;1;6;1;0;2;5;0;3;0;1;0;3;0;2;0;1;0;5;0;0;1;3;2;1;2;0;0;0;3;1;1;1;0;0;4;1;8;1;3;0;0;1;7;2;1;2;3;4;3;2;0;1;0;2;0;2;2;6;0;1;0;0;2;2;2;2;3;3;2;0;2;7;2;0;1;1;0;1;2;1;6;4;7;2;4;2;3;0;1;5;6;3;2;3;4;5;5;3;5;10;6;10;4;5;4;4;1;3;8;1;5;1;0;28;4;1;1;8;13;4;3;4;2;4;4;1;5;3;4;6;9;4;8;0;2;0;1;4;1;2;1;3;2;0;0;3;0;1;2;0;1;1
5774;9;15;15;2;7;6;17;12;11;4;11;11;5;5;7;137;20;5;9;7;8;2;11;6;9;38;125;14;48;29;39;10;32;13;13;6;3;18;6;6;8;6;2;7;3;2;17;41;10;9;25;9;33;4;15;7;3;40;14;4;3;50;8;144;40;95;17;18;17;15;6;8;51;21;27;36;22;36;52;163;9;110;13;28;5;9;26;16;40;5;20;177;40;29;52;63;119;453;572;141;571;745;113;;69;165;22;86;18;31;305;59;13;29;688;53;11;60;6;19;5;6;10;5;10;5;0;18;5;8;25;8;5;32;2;55;15;9;39;19;72;8;6;5;3;2;3;2;11;4;6;3;9;7;2;4;6;3;0;9;3;6;16;1;1;0;2;0;2;1;0;0;4;2;4;1;5;0;25;11;14;0;7;8;6;10;2;5;3;1;8;2;13;12;7;11;19;4;14;6;2;3;0;15;8;4;7;5;5;2;14;2;3;7;3;1;7;7;9;11;8;3;8;90;2;0;2;4;4;2;4;2;5;7;2;0;0;2;19;1;3;5;3;1;2;3;4;1;2;3;1;1;5;1;2;1;0;0;6;0;2;2;0;0;5;4;1;3;4;1;7;0;1;1;5;1;0;1;1;1;1;7;2;15;1;4;1;4;1;2;2;0;5;1;11;2;4;0;0;0;6;0;3;2;9;0;1;1;1;1;4;4;5;5;0;5;4;4;11;3;1;3;1;0;1;5;1;9;4;6;1;1;2;5;1;2;5;5;1;1;5;2;9;3;6;5;6;6;5;7;1;1;3;1;8;15;5;4;2;3;39;5;3;1;12;12;1;1;3;4;5;0;1;4;2;1;1;10;3;5;1;0;4;2;6;5;0;1;3;3;2;2;3;1;1;1;0;0;0
5911;11;20;12;8;9;3;22;18;8;6;13;10;13;2;9;149;30;3;9;2;7;4;4;3;3;27;71;11;8;13;6;5;10;8;12;12;5;12;4;5;6;11;1;2;3;7;18;23;8;8;37;8;48;14;12;24;7;33;18;9;12;40;5;343;178;1055;51;43;118;103;42;30;187;88;181;82;51;170;77;262;25;113;21;65;23;22;44;46;67;84;639;149;126;92;908;65;69;61;48;30;20;38;65;53;;1071;138;70;1154;1324;76;148;25;33;122;255;26;71;13;21;4;8;13;6;18;10;4;18;7;9;19;8;2;25;0;20;8;8;10;4;20;6;16;7;10;4;2;6;7;12;4;5;8;11;8;3;4;5;4;8;2;10;24;1;3;3;3;1;2;2;1;5;4;0;1;3;11;1;46;17;14;4;14;6;4;6;2;5;2;1;10;2;28;13;8;19;17;3;16;7;2;3;3;27;9;4;8;5;7;4;16;14;4;7;15;3;9;6;3;12;8;4;9;92;4;3;9;2;4;4;7;0;5;1;1;1;4;2;17;2;3;10;2;1;3;3;5;4;4;0;2;3;4;1;0;2;1;0;8;1;0;1;1;0;6;4;0;9;11;3;3;2;0;3;1;1;0;1;0;0;1;9;3;17;0;0;3;0;3;3;3;1;2;4;11;3;2;2;3;1;2;5;2;4;17;0;0;2;1;10;0;1;3;2;4;3;4;5;17;2;3;2;4;1;5;6;1;13;5;3;3;7;1;4;3;2;3;2;1;1;1;2;13;3;8;9;9;7;9;3;12;1;8;4;3;32;9;5;9;3;40;0;3;2;11;16;1;3;2;3;11;1;3;2;4;2;0;10;2;10;3;3;2;1;5;1;0;2;2;1;2;4;2;1;3;0;0;1;1
5913;12;32;20;7;8;10;26;21;22;9;15;15;9;8;10;249;74;6;9;8;16;3;10;6;8;34;140;21;18;19;8;10;18;10;17;8;7;17;5;8;10;14;3;18;5;7;20;59;21;13;46;18;62;13;20;26;10;58;20;10;10;79;11;437;203;573;48;60;82;79;40;43;207;69;136;100;51;142;110;383;41;162;30;66;22;33;60;46;89;46;192;304;153;248;1585;142;157;138;101;48;40;63;62;135;1075;;403;305;266;941;257;562;60;72;394;3452;48;103;26;33;17;20;16;19;24;17;11;23;13;18;30;13;14;41;1;34;17;11;24;7;24;7;18;17;24;10;4;8;21;19;8;12;15;15;7;5;4;4;3;7;5;24;29;1;2;1;6;0;5;4;3;5;4;1;6;3;8;5;65;15;23;10;23;17;16;16;1;8;5;4;8;7;51;16;11;18;36;3;30;6;9;4;7;33;10;8;21;2;11;8;25;13;10;14;22;9;6;3;7;15;4;6;10;149;4;6;4;4;3;5;8;4;16;5;5;1;7;1;24;1;9;12;5;7;3;4;8;4;6;0;5;6;7;2;2;1;6;3;13;2;2;3;3;2;5;4;2;12;10;6;5;4;4;2;7;2;4;5;4;3;1;28;6;36;0;4;5;2;6;2;2;4;5;4;18;7;7;6;1;1;3;3;3;6;16;0;4;4;2;5;3;2;6;5;5;2;6;12;34;4;1;9;8;5;3;5;5;14;8;7;1;5;4;4;5;5;2;4;5;4;5;9;25;3;14;11;11;16;15;6;13;4;8;14;11;71;3;16;5;2;56;4;4;4;19;18;1;4;8;2;7;0;2;4;7;9;3;13;1;12;0;6;4;4;3;5;3;5;7;2;3;5;1;3;6;2;2;1;3
5914;1;7;8;3;1;5;6;13;4;2;1;6;3;4;3;39;5;4;3;2;4;0;2;1;0;9;27;10;8;3;2;6;1;2;11;1;1;7;0;3;2;4;5;0;3;2;5;16;4;1;16;3;28;4;5;24;1;12;3;4;7;22;4;94;47;103;15;17;17;17;38;19;145;25;68;29;21;28;28;86;14;50;7;26;8;11;43;26;44;8;43;48;26;19;109;29;29;35;25;11;4;30;21;20;193;429;;41;37;1054;53;760;27;45;72;286;5;18;6;4;4;6;7;3;11;6;6;7;7;9;10;4;3;11;3;5;5;1;8;6;9;3;6;7;5;2;3;1;9;5;0;2;13;3;1;4;2;2;0;4;3;5;8;0;0;3;6;0;1;3;1;1;2;0;0;0;7;1;11;1;6;1;7;4;4;6;0;2;0;0;10;3;4;3;4;5;12;1;4;1;2;2;4;3;7;1;4;0;2;2;7;6;1;1;4;4;1;3;1;7;2;1;5;23;0;2;5;4;0;1;0;0;3;1;0;0;0;2;1;3;5;2;1;2;0;2;0;2;0;0;1;1;1;0;1;0;1;0;3;0;0;0;4;0;1;0;0;2;4;0;1;1;0;1;1;3;0;1;0;1;1;0;5;12;0;1;5;1;0;1;1;2;0;1;0;4;1;3;1;2;3;0;2;0;7;0;0;0;0;2;0;0;0;1;1;4;0;2;5;0;0;1;3;0;3;0;2;4;0;1;1;3;1;2;1;1;2;3;0;2;0;1;8;1;8;1;11;2;6;3;7;1;0;1;2;7;4;6;3;1;6;1;4;0;3;5;0;2;1;1;5;1;5;1;3;0;0;4;1;3;0;1;2;0;3;1;0;2;0;0;0;0;3;0;0;2;0;0;1
5915;5;10;8;0;4;3;4;11;4;0;5;7;5;2;3;43;5;2;3;5;6;1;1;4;1;6;26;7;5;5;1;3;8;5;9;2;0;2;4;7;5;5;4;1;0;4;8;25;3;7;16;13;19;6;4;9;2;21;6;2;6;17;3;97;39;81;20;10;15;27;9;7;43;36;23;22;10;33;28;78;10;49;10;22;6;16;23;14;25;7;39;210;42;106;123;70;529;72;85;29;21;42;47;90;88;319;44;;27;51;117;109;28;32;507;652;3;23;3;5;1;3;3;3;3;3;1;7;5;4;5;4;6;9;0;8;2;2;6;2;7;1;6;1;3;1;1;1;7;3;4;2;7;6;1;0;0;3;3;2;2;2;5;1;0;0;3;1;2;1;0;3;1;0;1;3;1;2;15;5;5;6;6;0;2;8;1;2;0;2;2;1;5;5;3;4;11;1;8;2;3;1;0;4;0;4;2;2;9;1;5;3;2;3;1;4;1;8;2;4;4;1;1;32;3;1;3;1;1;4;1;0;2;2;2;2;0;4;6;0;2;1;0;2;0;0;1;0;0;0;1;0;1;0;4;0;0;0;0;0;0;0;1;0;1;1;0;0;0;0;2;1;0;2;2;1;3;0;0;0;1;3;3;7;0;0;0;0;2;0;0;1;1;1;5;1;3;1;2;0;2;4;0;0;0;0;2;0;0;2;0;1;5;1;2;1;0;5;3;3;2;0;4;1;1;1;0;5;3;3;0;0;0;0;1;1;1;2;1;1;0;3;1;1;4;5;5;1;4;5;2;2;1;4;2;8;0;7;1;7;11;0;0;1;7;5;0;3;2;3;2;0;0;0;2;0;3;3;1;0;1;2;3;1;4;2;3;1;0;1;0;0;2;0;0;0;1;1;0
5916;3;5;2;1;1;6;2;2;3;1;2;3;0;1;4;23;7;4;3;2;1;0;4;0;4;3;20;4;4;4;3;3;3;6;8;3;0;0;2;3;3;4;1;3;1;1;6;3;8;6;11;7;16;5;6;9;2;11;6;1;3;9;1;57;85;202;17;10;32;53;14;9;43;20;27;25;14;64;13;46;7;20;6;15;3;8;9;9;13;36;497;29;38;46;1078;28;12;19;17;9;8;5;13;17;901;241;44;30;;126;33;46;7;11;24;94;3;15;2;3;2;0;5;1;2;0;0;2;2;3;8;3;1;8;0;1;0;3;4;0;2;3;5;3;3;1;2;1;6;3;2;1;3;1;1;1;1;0;0;0;1;5;3;0;2;1;2;0;1;0;0;0;2;1;0;1;2;0;1;2;4;1;4;3;1;3;0;2;1;1;0;0;2;1;0;4;8;3;1;1;3;1;3;2;0;0;4;0;4;2;4;2;0;3;4;1;2;1;0;1;0;0;7;19;2;0;2;0;0;2;0;2;1;1;3;0;1;1;4;1;0;2;0;1;0;2;0;0;1;1;2;4;0;1;1;1;0;0;1;1;0;0;1;1;6;0;2;0;0;0;1;0;1;0;3;1;0;0;0;2;1;2;0;7;0;0;0;1;2;2;0;1;0;1;1;1;2;3;0;0;2;3;2;1;0;0;2;1;1;1;0;0;0;0;1;0;0;0;5;4;0;7;4;1;1;2;0;1;3;0;0;1;0;2;2;2;1;0;0;0;0;1;4;0;1;1;6;2;2;2;1;2;1;0;1;5;1;3;2;0;4;3;2;1;4;2;3;2;1;1;4;0;0;1;3;1;3;2;3;5;2;1;0;1;2;0;0;0;2;1;0;1;1;1;3;0;0;0;1
5954;5;6;9;1;4;5;20;30;9;4;14;12;6;8;8;75;12;5;7;8;5;0;10;5;3;14;39;8;7;9;8;4;4;7;15;7;2;9;1;7;8;7;2;9;0;2;9;14;6;10;35;11;31;14;13;29;1;13;8;7;12;33;2;155;60;390;26;26;42;36;79;47;703;35;218;48;29;56;54;156;22;61;23;35;10;20;114;41;45;19;91;79;37;45;238;32;38;34;28;12;13;30;21;29;1142;831;892;31;115;;57;312;13;37;74;231;9;27;2;5;5;2;3;6;8;5;4;9;6;8;24;13;5;18;0;8;8;2;8;6;14;4;5;7;10;5;1;7;12;9;4;4;8;6;5;9;2;3;1;3;2;3;9;3;0;1;1;1;2;4;2;1;0;3;3;2;0;1;15;4;7;2;8;6;3;9;3;4;0;4;5;2;6;6;2;10;13;1;6;7;5;5;1;15;8;2;8;2;5;2;12;6;14;5;7;2;1;1;2;4;6;11;1;37;4;2;8;4;2;2;1;6;4;2;6;3;5;2;7;2;1;2;3;6;2;0;0;2;0;2;2;2;3;2;1;0;2;2;3;2;1;1;0;0;2;4;0;8;2;2;3;1;1;3;0;1;0;0;0;1;0;1;1;11;0;1;1;2;2;3;2;0;1;2;4;5;3;0;3;0;5;3;7;5;6;2;2;0;2;1;0;0;5;2;5;4;3;7;8;1;0;0;3;1;0;3;0;3;4;3;1;1;2;4;3;1;0;6;1;3;2;5;7;0;6;9;14;5;4;1;4;2;10;0;4;10;4;5;3;2;22;3;2;2;6;10;2;1;0;3;2;1;2;5;1;1;5;6;5;2;6;2;0;2;1;2;4;1;1;1;0;4;0;0;2;1;1;0;1
5958;6;7;9;5;5;4;7;6;6;4;3;4;6;1;7;62;8;3;1;3;4;2;5;6;2;26;46;6;13;5;6;5;6;5;14;7;5;4;4;6;5;8;2;2;1;7;9;17;3;7;21;7;14;6;4;6;4;17;8;4;7;19;3;98;44;83;15;20;16;11;10;12;52;16;29;30;15;18;47;147;16;56;11;25;12;6;29;19;32;10;33;146;21;22;66;33;52;73;48;16;75;44;22;414;107;285;60;72;38;58;;256;160;115;694;136;7;36;2;10;4;6;7;4;10;9;3;7;6;12;28;8;5;61;4;56;12;8;29;14;338;7;5;2;9;4;2;1;5;5;3;4;8;4;5;5;3;2;0;3;2;4;11;1;1;1;2;1;0;0;1;2;4;0;2;0;5;0;15;10;5;3;5;2;6;7;1;0;0;2;1;0;8;4;0;9;9;3;8;4;3;3;3;9;8;2;7;1;1;2;16;4;2;6;5;0;5;4;3;8;6;1;5;33;0;1;2;2;5;1;3;5;6;7;5;1;2;1;8;0;1;6;3;1;1;1;1;1;2;2;2;3;3;0;0;1;0;0;5;2;0;0;4;0;2;2;3;4;3;0;1;3;2;0;2;1;0;1;1;0;0;2;0;7;1;1;1;0;4;0;1;1;3;2;7;2;3;1;1;0;1;0;4;4;4;1;3;2;2;2;0;2;3;1;4;0;1;7;7;2;0;2;3;0;5;2;0;3;2;1;2;2;3;2;1;2;0;4;1;1;0;1;3;0;7;6;8;3;4;6;3;2;3;2;6;8;5;5;1;3;18;0;4;0;4;5;0;2;0;1;3;3;3;1;3;2;3;8;3;4;0;4;2;1;4;2;0;4;4;0;3;2;0;0;1;0;0;2;0
5962;3;18;7;3;11;3;17;22;12;4;12;9;11;2;4;84;8;4;2;5;8;6;6;7;6;22;42;12;7;8;10;4;10;5;16;5;4;12;2;13;12;15;5;2;1;2;13;25;16;2;44;10;33;11;9;25;8;19;11;9;16;29;7;145;69;134;24;33;30;23;43;26;129;30;62;42;24;42;80;214;25;77;25;43;15;17;328;59;63;13;51;137;42;36;117;44;51;65;34;14;14;42;33;84;211;638;652;91;44;265;314;;293;163;218;630;5;50;5;21;6;4;10;7;17;12;2;13;7;9;26;22;9;30;3;16;7;8;11;6;18;5;12;10;23;5;1;4;13;12;7;10;26;10;3;1;5;11;1;8;3;6;15;0;0;0;5;1;2;3;3;1;0;0;2;3;8;1;24;7;13;4;11;6;4;8;3;13;3;6;8;0;8;15;4;13;19;3;18;4;0;4;5;6;9;6;12;2;8;4;11;9;10;5;4;5;4;6;3;5;8;4;4;51;1;3;3;2;3;4;2;3;6;6;3;4;1;1;6;2;2;8;3;1;1;1;5;0;1;2;2;9;2;2;1;2;3;0;3;0;1;1;1;0;3;7;1;1;5;1;1;2;1;2;1;0;2;0;0;2;2;3;4;13;0;6;5;0;4;1;3;0;6;3;11;4;1;2;2;0;2;5;1;3;12;1;0;4;0;1;1;1;1;1;9;6;4;9;15;0;5;4;4;0;1;1;0;2;2;3;3;2;3;2;1;3;4;7;0;4;2;1;10;3;9;3;14;9;11;4;5;6;6;3;0;10;1;11;4;10;19;5;3;3;8;9;1;2;6;3;4;2;2;2;3;5;0;5;1;7;0;2;1;2;11;5;3;2;4;2;1;2;2;3;0;2;4;0;1
5966;1;4;4;0;2;0;4;4;2;1;4;0;3;0;1;22;2;0;0;0;1;0;1;2;3;7;15;1;1;4;0;1;1;1;3;5;0;1;2;2;2;0;0;1;1;4;1;5;0;2;13;1;8;4;4;1;1;5;4;1;3;9;1;58;22;26;9;7;13;17;15;8;24;24;23;25;8;29;41;145;6;44;16;23;13;9;180;26;51;3;27;37;15;10;44;15;17;17;19;9;13;15;14;30;30;61;35;21;17;26;230;362;;581;39;36;2;23;4;5;2;1;3;3;4;1;2;4;5;7;21;28;2;27;3;5;3;0;2;1;7;2;5;2;49;2;1;1;6;6;0;1;13;5;3;1;1;2;0;4;1;0;6;0;1;0;1;0;2;0;1;0;1;0;0;0;1;0;7;4;3;0;3;2;2;4;3;1;1;0;2;0;1;7;0;6;8;0;5;1;3;0;1;6;1;1;3;1;1;2;3;2;5;2;1;2;0;0;1;2;2;0;1;13;0;0;1;0;1;0;0;0;1;1;4;0;2;0;6;2;1;4;0;3;1;0;0;1;1;1;0;0;2;0;0;1;1;0;1;0;0;0;0;0;1;1;0;0;0;1;1;0;0;2;0;0;0;0;0;0;2;1;1;2;0;2;0;0;0;0;0;0;0;0;5;2;0;1;0;0;0;0;0;3;2;0;0;0;0;3;1;1;1;0;1;0;0;3;8;0;0;0;1;0;2;2;0;2;2;1;0;1;0;0;0;0;1;0;0;0;2;0;1;0;4;2;3;2;0;3;1;0;1;2;4;3;0;0;1;0;4;1;1;0;1;5;0;3;0;4;2;1;1;0;3;2;0;0;0;2;1;0;1;1;4;0;2;1;0;1;0;1;1;0;1;0;0;0;0
5970;3;12;15;0;7;6;11;10;12;2;10;10;6;1;2;67;9;1;6;3;5;0;5;3;3;13;41;1;4;8;4;5;9;3;8;7;1;8;5;5;7;9;3;1;6;6;11;12;5;4;20;7;16;5;8;11;3;10;7;9;7;29;6;118;41;79;20;20;17;20;20;18;47;26;55;50;20;31;114;357;22;95;32;69;30;20;186;60;122;14;31;70;26;15;40;24;24;32;23;14;16;15;17;26;64;115;49;20;16;28;126;153;528;;89;49;15;88;12;22;5;14;14;17;22;14;3;7;10;26;105;312;31;245;6;18;7;5;12;15;47;2;20;18;923;3;1;4;22;20;5;12;142;10;5;6;5;5;0;7;4;9;31;0;2;1;4;4;4;2;1;6;3;1;2;2;7;1;30;8;16;6;15;12;8;8;2;6;3;2;14;2;23;12;4;13;21;2;18;5;6;3;5;18;8;3;12;2;3;5;11;12;9;9;9;4;4;3;3;11;3;3;4;51;2;2;8;2;1;1;3;5;10;3;1;3;5;2;8;0;2;4;3;4;1;3;2;1;2;0;0;3;5;1;2;0;1;2;5;0;0;1;2;3;0;2;0;4;4;0;0;4;1;5;2;1;0;1;0;1;2;5;2;10;2;1;4;2;5;3;0;0;1;2;8;5;1;2;0;3;4;3;1;3;10;1;3;1;2;3;0;1;1;6;3;4;6;5;13;4;3;6;1;3;3;2;0;6;3;3;1;7;2;0;1;1;0;1;0;3;2;1;7;3;7;10;9;2;6;2;9;0;7;6;4;21;7;10;2;4;17;6;3;2;3;10;1;1;0;1;3;1;1;3;2;2;4;16;1;9;2;2;1;4;5;2;1;0;3;2;0;1;0;1;1;1;1;0;2
5974;2;12;8;2;1;4;12;13;9;2;9;10;5;4;5;80;16;4;6;9;5;3;3;5;3;25;44;10;17;15;12;8;9;6;12;6;1;6;1;4;3;7;5;4;4;0;15;25;7;8;23;11;26;7;4;12;5;32;7;6;6;31;8;149;75;101;29;21;32;21;19;8;49;67;77;69;39;53;50;149;14;89;28;43;17;21;29;22;47;20;64;231;70;56;126;92;415;163;329;53;111;136;94;786;121;396;72;401;35;86;652;252;75;76;;366;5;40;4;10;5;3;10;6;10;6;5;5;5;10;15;8;5;25;3;22;4;5;14;7;26;5;7;5;5;1;3;1;7;2;2;10;5;9;4;4;2;1;1;1;3;5;9;3;0;2;3;3;1;1;2;1;0;3;0;2;3;0;21;8;8;5;7;5;3;6;0;0;4;1;5;1;8;3;2;12;14;0;4;4;5;2;2;6;7;1;6;2;5;5;8;10;4;9;4;5;3;1;2;5;2;1;5;52;1;0;4;1;5;3;4;3;3;4;4;2;1;3;11;2;0;0;2;2;4;0;2;2;1;0;3;3;0;1;2;0;0;0;4;3;0;0;1;0;4;1;0;3;1;0;3;3;0;2;1;1;2;1;1;1;1;5;1;9;0;4;6;0;1;4;0;1;0;0;9;1;2;0;0;2;3;0;3;3;5;0;2;0;2;3;2;1;3;3;1;4;3;6;5;0;2;2;5;2;3;0;0;7;4;2;0;6;0;2;1;3;3;1;1;2;4;2;3;2;5;4;11;3;10;9;7;5;8;0;5;10;0;7;2;5;19;3;1;1;6;10;4;2;1;1;5;0;0;1;4;1;1;10;4;3;6;3;2;2;4;6;2;3;1;0;2;9;1;0;1;0;2;1;0
5978;8;8;6;1;10;7;18;12;8;4;11;16;8;7;8;66;6;3;2;1;9;4;8;2;2;16;46;9;14;10;8;3;10;10;20;10;3;10;5;11;7;4;3;3;6;4;13;24;6;7;38;18;54;14;9;24;5;30;7;12;16;27;8;122;61;154;17;25;26;32;16;19;102;52;133;108;34;74;70;139;15;54;36;81;33;26;31;21;84;29;100;390;153;480;598;240;154;76;65;46;108;29;19;84;249;2552;225;849;82;187;170;613;285;60;1151;;3;30;5;11;1;6;7;2;9;8;1;9;5;8;13;11;6;16;2;11;4;4;8;7;14;5;6;8;10;7;3;5;6;8;0;5;10;5;1;2;8;2;1;2;3;4;7;0;4;0;2;0;3;0;1;1;1;0;5;1;3;1;13;5;5;4;9;5;4;5;2;7;2;1;8;0;7;7;1;9;12;3;9;6;4;3;5;5;6;2;7;0;5;4;8;10;9;4;5;6;3;3;3;6;2;2;2;35;3;2;2;3;4;1;2;1;9;5;3;1;1;1;4;0;1;3;2;3;0;0;1;0;1;0;2;2;3;0;2;1;2;0;3;2;1;0;1;0;4;1;3;3;3;0;4;1;0;1;1;0;1;0;1;0;2;4;2;11;4;5;5;4;2;1;0;1;3;1;3;1;2;3;5;2;2;1;1;2;5;1;3;0;1;7;0;4;3;5;0;4;0;1;13;1;5;2;5;0;2;0;0;4;4;5;0;4;5;4;1;3;0;3;0;1;4;3;4;5;8;4;10;4;14;3;9;1;4;3;1;12;1;3;4;3;14;5;5;4;8;10;4;6;3;5;5;3;2;3;4;4;2;5;1;2;2;1;2;2;4;0;0;4;2;2;0;4;2;0;3;3;3;0;0
6411;4;7;10;1;2;5;12;4;11;2;6;2;4;0;2;141;19;1;5;2;16;4;4;0;4;16;37;2;2;7;4;1;2;1;5;2;1;5;3;5;2;0;0;3;0;1;7;10;4;2;2;1;10;3;3;3;4;6;2;3;0;33;4;51;6;25;5;6;3;3;0;6;11;4;18;9;7;6;31;70;7;34;8;10;6;3;7;6;24;2;3;20;5;2;8;6;5;11;6;6;10;8;10;5;16;25;4;4;1;4;8;5;1;12;5;2;;749;103;184;332;2947;509;118;160;131;170;365;72;180;129;51;61;75;29;32;68;23;24;19;44;10;14;3;2;17;4;3;11;9;9;18;22;8;6;6;3;9;6;19;9;31;207;7;2;4;25;3;21;16;8;14;7;6;6;12;54;5;91;28;26;7;30;13;13;21;7;8;7;3;16;3;75;28;13;81;92;11;124;7;6;6;5;36;12;5;21;2;11;6;21;20;8;15;21;2;14;6;6;13;9;1;16;176;0;1;2;4;6;7;2;0;8;6;2;3;3;0;20;0;2;6;8;1;4;3;3;0;2;0;2;1;0;1;5;0;1;1;11;1;1;0;4;0;2;3;2;5;9;2;2;2;2;4;5;0;0;0;1;1;1;14;1;28;0;3;3;2;0;2;4;1;45;4;22;70;6;5;4;3;49;12;5;10;15;1;5;0;5;4;2;1;7;5;0;3;3;9;20;5;1;3;7;3;8;2;1;10;1;3;1;3;2;2;3;1;0;5;0;0;1;0;7;1;5;2;7;3;4;6;8;2;7;1;2;30;4;9;1;2;46;2;5;1;12;5;1;1;1;6;1;2;2;1;0;2;2;9;1;12;2;5;4;1;9;2;0;4;4;0;1;6;0;1;0;10;1;0;0
6412;10;49;48;12;12;18;25;25;22;11;21;16;17;6;22;635;45;8;17;17;24;3;16;8;6;78;190;14;10;27;3;4;11;19;19;27;4;23;3;19;11;17;9;10;5;2;31;26;8;7;18;14;29;9;12;12;7;25;6;7;4;95;6;344;53;106;35;33;9;11;8;16;35;26;50;62;25;29;150;386;22;100;23;62;23;18;28;32;98;8;31;85;23;15;37;29;26;48;29;18;17;22;26;39;49;81;14;14;18;21;31;38;11;49;25;20;542;;2144;804;240;545;1176;2882;2280;2934;94;2870;395;2485;415;199;343;230;120;124;201;61;48;83;69;39;59;12;18;74;32;13;57;31;49;82;102;54;28;9;10;32;17;39;24;53;451;23;8;22;37;4;63;34;19;14;17;15;24;35;172;11;254;64;80;23;85;51;43;48;15;28;30;14;31;18;122;75;32;190;233;31;210;25;18;19;15;116;47;23;67;18;31;15;67;47;26;40;56;17;37;15;24;45;33;9;23;841;14;6;9;10;16;17;7;15;29;22;14;10;14;7;75;7;14;21;34;9;9;7;17;4;7;3;7;6;11;2;4;6;3;3;37;3;4;5;11;8;14;7;2;31;28;10;8;9;3;6;8;8;2;6;4;5;7;38;14;138;5;9;18;19;11;10;12;9;139;15;81;255;27;21;5;10;102;43;12;33;52;3;13;2;8;20;6;7;22;10;16;10;11;20;93;22;15;24;28;17;1;8;6;47;14;19;5;15;6;11;3;13;3;18;2;3;8;4;22;12;16;14;23;10;19;5;22;12;11;19;10;92;15;25;13;10;173;16;10;7;36;22;4;9;4;6;8;3;4;9;10;4;6;49;8;24;0;16;11;8;21;9;4;12;11;4;3;12;6;4;7;3;3;6;3
6413;4;3;4;2;0;0;5;3;7;2;6;6;3;1;2;66;9;2;1;2;3;3;2;1;3;7;25;2;1;2;1;0;0;0;3;3;1;0;0;0;5;1;0;3;2;0;7;4;5;0;3;2;4;0;4;0;0;5;2;0;3;13;2;24;14;17;6;2;2;2;0;0;9;6;14;8;3;2;15;45;7;19;6;11;3;5;5;3;15;1;9;7;2;1;9;5;4;7;4;3;6;4;2;8;10;15;5;4;4;4;7;13;1;8;1;3;90;1611;;95;36;141;218;173;810;144;32;1822;55;285;77;35;41;26;27;24;34;12;12;11;12;5;11;6;5;15;6;3;8;7;8;12;17;4;7;2;1;0;4;2;2;10;55;1;2;2;11;1;15;8;3;6;2;3;4;3;30;1;36;10;13;6;9;4;10;5;4;3;9;2;2;3;16;15;8;18;31;7;27;7;5;4;4;12;6;4;13;1;6;1;11;8;7;5;5;3;5;0;5;8;3;2;8;78;0;0;3;4;3;3;4;4;10;5;1;0;3;0;19;0;2;4;3;3;5;5;0;0;4;0;4;2;1;0;1;2;0;1;6;0;0;1;0;2;1;5;1;3;3;0;1;1;0;1;1;0;1;0;3;5;0;2;5;22;2;4;2;5;3;1;2;4;39;0;12;92;8;3;0;3;32;12;1;11;11;0;0;1;1;2;0;1;3;4;3;0;3;2;11;1;1;5;4;2;0;0;3;4;3;7;0;2;1;0;2;0;1;4;0;0;0;0;1;1;2;1;1;3;2;2;8;2;0;3;1;14;6;3;3;0;27;2;3;1;3;1;0;4;0;1;3;1;2;4;2;0;1;5;2;3;1;1;0;0;6;0;1;2;2;0;1;1;0;1;3;0;0;0;2
6414;4;12;14;3;3;3;12;7;12;5;10;6;8;2;9;149;7;1;8;6;4;3;6;4;3;27;42;3;5;8;3;2;5;8;6;11;0;10;3;4;4;3;1;4;4;5;10;11;4;3;8;9;18;3;6;7;3;10;4;2;6;23;5;79;18;29;12;8;4;3;3;4;14;10;15;18;10;12;53;112;6;37;8;23;14;6;14;17;44;2;7;24;13;9;20;10;13;7;6;7;4;14;13;13;14;25;7;2;8;8;13;13;6;24;6;9;151;796;84;;64;114;580;141;158;705;26;161;2137;116;99;54;221;60;14;32;49;20;18;27;25;15;48;8;7;189;32;13;31;22;49;221;73;26;22;9;7;13;6;29;8;31;1181;8;8;5;27;4;161;20;25;17;22;4;6;16;605;8;47;15;26;12;27;16;11;17;3;6;7;5;11;6;33;24;9;43;74;7;75;7;5;8;4;29;11;7;22;5;10;2;26;15;7;22;15;4;6;2;8;12;10;6;7;144;1;1;5;9;5;4;5;3;12;4;3;3;10;2;20;1;2;8;12;7;4;2;2;0;3;1;1;1;7;3;2;3;2;0;10;1;3;4;5;3;6;4;0;7;10;3;1;5;4;4;6;2;0;3;0;3;2;8;8;24;0;6;7;3;7;2;1;5;24;3;13;35;7;7;3;5;18;8;4;15;18;1;3;2;3;8;1;3;8;7;4;4;1;15;31;7;6;7;15;3;4;4;0;12;6;7;0;3;3;5;2;2;1;7;0;2;3;1;5;5;9;5;14;4;10;5;5;3;6;3;6;27;3;5;2;5;54;3;4;1;19;11;3;3;2;4;3;0;1;5;2;2;2;22;0;5;0;2;3;2;10;3;2;4;3;2;0;5;0;1;4;1;4;0;1
6431;4;7;9;0;9;2;11;5;4;2;8;6;1;1;4;48;5;2;4;3;2;0;4;5;3;12;23;3;5;2;1;0;1;5;3;4;2;1;2;2;3;3;5;1;0;0;5;1;5;2;11;1;6;5;2;7;0;6;5;4;6;9;2;26;11;17;5;5;3;1;0;5;11;5;7;5;5;10;9;47;4;15;3;11;2;3;3;6;20;2;4;11;8;1;8;7;3;10;3;7;4;3;4;8;1;11;4;2;4;6;6;3;0;6;5;6;296;248;39;65;;467;218;23;43;38;220;71;18;36;59;17;24;34;10;16;17;15;8;10;13;14;1;5;3;24;9;0;11;6;7;11;9;7;8;9;4;4;68;25;11;201;85;18;6;23;269;3;105;85;49;29;14;8;20;99;35;10;39;17;16;6;34;17;15;25;8;9;15;2;15;7;54;71;11;208;910;54;1306;10;4;7;8;26;16;4;23;2;11;6;16;8;6;9;12;6;5;9;9;12;9;7;5;56;3;2;4;3;3;3;1;4;5;6;3;0;3;5;7;3;1;6;2;1;2;3;4;3;1;1;2;3;1;2;8;3;0;0;3;2;2;2;4;3;7;3;3;3;6;1;2;3;1;2;1;3;1;1;2;2;2;6;4;21;1;4;1;3;3;8;3;3;10;2;7;18;4;1;2;21;8;3;3;7;13;1;4;1;3;7;1;2;5;1;4;3;4;8;19;2;3;8;11;5;3;1;1;6;4;4;0;5;5;3;3;3;1;2;1;0;4;2;1;2;3;5;3;1;4;4;8;3;6;6;5;14;1;7;4;1;23;4;6;2;3;3;5;2;6;8;3;1;1;4;0;2;2;6;2;6;1;3;1;2;5;1;0;4;3;0;3;2;1;0;2;1;2;3;1
6432;7;4;6;4;4;8;15;5;6;5;11;10;8;0;3;68;9;3;3;1;4;8;7;3;0;15;33;6;1;3;1;2;4;6;9;3;3;7;4;3;4;3;1;3;3;1;8;10;8;5;6;5;12;3;2;10;4;7;3;3;3;15;5;21;17;17;7;6;2;1;4;4;9;7;10;7;4;12;17;51;6;29;6;16;9;8;13;6;19;5;6;8;9;3;19;8;3;9;5;6;10;13;5;6;8;18;6;9;4;7;10;10;1;16;7;3;2473;515;114;155;609;;869;71;197;98;578;799;55;132;100;36;47;60;25;32;43;20;14;16;22;5;11;3;2;26;12;7;10;8;10;8;23;12;4;2;6;7;11;18;7;24;154;8;3;3;33;0;27;19;11;7;11;6;10;15;62;4;40;23;22;2;15;13;9;16;3;6;18;8;9;4;30;24;11;71;87;16;117;9;5;10;3;24;10;6;15;5;10;7;26;14;1;13;14;6;6;8;12;8;8;3;10;87;2;3;4;3;4;6;6;5;9;5;4;2;3;2;7;0;3;7;5;4;3;1;3;2;0;2;4;4;6;4;0;0;2;2;6;0;0;3;6;0;3;4;1;3;6;5;3;3;2;5;5;5;1;2;1;2;5;9;5;17;2;6;7;2;5;4;4;1;117;6;23;244;5;5;0;7;112;19;4;15;9;3;5;1;3;4;4;2;5;4;11;4;3;12;22;1;9;6;7;1;1;3;3;5;0;5;1;3;2;5;1;4;2;7;0;2;2;1;3;3;6;2;9;1;5;4;4;5;5;7;7;19;4;8;5;3;34;1;2;0;9;10;3;5;2;2;10;5;1;9;1;1;5;7;3;9;2;3;1;4;7;4;1;4;4;3;1;3;3;0;1;4;2;0;1
6433;5;4;6;2;5;4;14;6;7;5;6;10;6;2;8;62;6;3;4;1;4;0;3;3;4;13;30;5;9;9;4;0;9;5;5;8;0;4;1;4;4;6;3;3;2;0;1;7;2;2;12;3;6;2;5;4;5;2;6;1;5;13;1;31;17;19;5;11;2;6;7;4;17;9;12;16;5;19;12;43;7;18;6;22;4;7;12;8;22;3;4;8;8;3;7;8;6;10;11;5;4;6;8;4;17;28;9;5;7;8;4;12;6;20;11;6;434;1033;181;521;289;846;;122;229;618;85;483;182;162;87;46;83;44;19;23;34;19;20;18;23;14;16;2;9;85;9;9;18;23;36;54;35;10;12;8;3;8;9;23;6;39;511;6;4;2;57;1;148;12;26;10;11;5;5;15;304;3;38;17;19;6;22;11;13;17;6;6;11;3;9;3;15;21;9;29;73;12;82;6;8;6;7;11;7;8;19;4;6;8;11;8;4;10;8;5;7;9;4;9;9;4;7;69;2;0;3;4;3;6;5;5;25;3;2;5;3;1;17;0;4;4;4;3;6;4;1;1;2;2;1;9;10;0;2;1;1;2;5;0;2;1;3;6;5;2;0;1;2;2;2;7;1;4;1;3;0;1;0;2;1;5;5;16;3;5;2;2;4;0;1;4;14;2;14;39;5;5;2;7;30;12;2;12;12;1;1;2;0;2;0;2;5;4;6;2;3;5;23;1;9;8;13;4;1;2;2;5;7;3;2;0;1;3;8;4;1;6;3;0;2;5;6;0;6;1;6;2;11;3;8;2;5;5;5;16;8;16;9;4;26;9;9;3;9;16;1;4;0;2;7;1;3;4;1;0;5;9;7;4;2;2;5;4;3;2;1;3;8;1;0;2;4;2;3;0;1;1;0
6434;6;9;9;0;10;7;16;13;7;8;11;8;7;1;4;103;6;1;5;1;2;2;4;4;1;24;37;7;5;5;2;2;1;3;10;6;3;10;1;5;1;7;3;2;4;0;4;6;7;3;10;4;9;10;5;5;5;8;4;4;6;17;8;35;11;19;9;3;11;1;4;4;9;5;12;15;3;3;26;60;7;31;8;13;7;5;5;2;30;1;7;29;6;3;11;2;9;12;3;5;4;7;3;9;10;18;5;5;4;4;6;9;6;17;6;8;114;1685;126;149;50;96;119;;247;769;12;251;194;894;212;142;269;85;36;37;47;16;25;25;22;13;10;5;7;9;5;1;20;6;11;40;26;8;10;4;3;2;3;5;7;8;83;8;1;5;12;0;13;6;6;3;3;0;3;3;38;5;36;12;10;2;11;10;6;6;5;7;8;2;9;4;27;13;4;58;58;5;30;4;4;3;3;29;11;7;8;0;9;3;25;9;6;9;19;3;5;3;9;18;6;2;5;144;3;2;8;7;4;7;2;6;6;8;9;4;5;2;15;1;3;12;12;5;6;2;5;1;2;2;1;10;7;3;2;0;1;2;12;1;2;0;2;1;9;1;1;5;17;3;2;3;1;1;2;2;1;0;5;1;4;9;0;20;0;4;4;3;5;1;0;0;14;3;15;27;10;8;1;2;10;3;2;9;7;0;3;0;3;5;1;3;4;4;9;5;4;8;9;4;6;3;4;5;1;4;2;12;5;8;0;3;2;5;0;2;0;2;2;0;3;1;6;1;4;3;14;3;4;3;4;1;3;1;3;23;3;6;3;5;26;3;3;3;10;7;1;0;1;3;5;1;4;4;5;1;1;15;2;9;0;3;2;1;5;3;1;4;3;0;3;4;3;2;1;0;2;1;0
6435;9;7;12;2;11;4;26;12;7;3;5;11;7;4;8;78;7;1;6;4;7;1;8;4;3;22;39;1;6;11;4;6;7;10;12;7;2;5;1;5;0;10;3;2;3;1;6;8;8;8;15;3;14;4;1;5;2;6;4;2;4;21;10;33;15;27;8;11;4;8;6;4;16;7;17;15;12;10;32;65;2;30;9;23;12;2;8;7;23;5;14;12;12;2;18;6;4;15;9;4;8;14;8;13;15;20;8;18;15;12;11;18;2;20;9;10;160;1478;426;144;52;204;170;183;;149;48;902;65;1360;267;64;62;105;160;44;365;46;28;41;28;19;12;9;8;22;12;5;16;9;11;18;25;7;7;4;3;3;8;10;2;17;86;3;3;4;14;2;13;7;11;7;5;9;7;9;36;2;49;19;22;7;24;8;15;12;9;6;16;6;10;2;21;25;11;35;58;20;47;7;12;11;5;21;7;7;25;2;13;6;17;13;9;12;14;3;8;6;7;12;15;6;6;80;3;5;8;6;3;6;2;8;11;12;4;3;6;7;19;2;8;7;10;7;4;3;3;5;3;2;5;1;9;4;4;0;4;4;10;0;0;3;4;2;6;3;0;7;7;4;2;5;2;3;4;5;7;2;3;6;2;8;7;24;8;6;2;7;7;8;2;2;123;7;47;625;92;13;5;12;70;92;10;22;12;6;2;2;4;4;3;0;6;6;13;4;9;4;19;7;3;11;6;1;2;2;1;8;6;6;3;3;1;2;4;6;1;2;2;3;3;3;9;0;9;7;9;6;8;7;10;11;6;9;10;21;12;16;10;8;35;10;2;4;11;8;3;8;5;10;8;0;3;2;3;2;4;14;3;7;4;11;1;6;17;3;4;14;6;6;2;5;2;0;6;3;5;8;5
6436;2;6;5;3;4;3;13;7;8;8;7;12;8;4;6;79;7;3;2;3;8;1;2;0;5;14;31;3;0;5;0;1;0;3;5;5;2;7;1;1;2;5;1;2;3;3;6;2;0;5;16;6;9;3;3;11;5;5;2;1;3;18;0;42;10;27;7;7;2;3;3;1;10;5;15;12;0;3;32;58;5;24;8;21;7;6;8;9;22;2;1;15;8;5;8;5;1;6;13;2;2;7;4;7;12;20;3;3;4;7;5;13;1;8;4;6;138;1924;131;640;47;116;586;969;204;;29;297;465;274;110;42;212;66;30;27;30;21;13;21;17;8;11;5;9;41;11;4;15;10;30;64;40;6;8;0;0;4;4;6;3;14;243;5;3;2;8;0;50;11;7;5;8;2;11;6;123;4;25;13;12;6;15;15;9;12;1;9;6;2;4;4;21;21;7;44;51;6;31;6;6;4;5;18;16;5;11;1;10;6;21;8;12;7;11;3;6;4;5;13;10;3;3;102;2;3;5;6;4;7;4;2;12;2;4;2;6;1;15;2;2;9;10;6;4;0;4;1;1;1;5;3;8;2;3;1;3;0;8;3;1;4;5;2;7;2;3;4;8;0;1;4;1;1;2;2;0;1;0;0;4;5;3;12;3;5;2;4;6;2;2;1;11;0;13;40;7;2;2;4;16;11;5;14;9;3;1;0;0;6;0;0;3;4;7;6;2;8;23;3;1;5;13;1;2;3;1;6;7;3;3;2;3;4;1;3;3;6;0;1;3;0;7;0;3;2;3;3;3;0;12;2;4;3;5;17;7;9;2;0;25;5;3;1;11;9;0;4;1;0;9;1;0;4;0;2;0;7;0;9;0;5;5;4;5;6;4;3;6;1;4;6;3;2;1;2;2;0;2
6437;1;1;0;0;1;0;3;0;1;1;1;1;4;1;1;13;1;0;1;0;1;1;1;1;0;4;5;1;0;1;0;2;0;3;2;2;0;0;1;2;4;3;1;3;0;0;0;1;2;1;4;1;5;2;0;0;1;6;2;0;1;1;0;10;3;7;3;1;0;0;2;2;1;4;3;1;1;2;5;12;2;4;5;2;2;2;4;1;6;1;0;2;0;1;3;2;1;3;2;0;0;4;5;1;1;3;4;2;3;0;2;3;3;6;2;9;152;98;24;21;216;420;48;12;41;11;;70;9;23;30;11;5;14;8;11;7;6;7;5;6;2;2;1;1;9;2;1;2;5;5;2;5;2;1;3;0;3;3;4;1;6;21;2;1;1;10;1;10;3;4;4;1;2;2;4;9;1;9;3;7;0;4;6;6;14;6;7;12;0;7;3;10;13;3;35;49;41;95;2;2;4;1;5;2;3;4;2;1;3;4;1;3;3;6;1;0;1;4;2;6;0;1;19;0;1;0;1;1;1;2;0;2;1;2;0;1;0;5;1;2;3;1;1;1;0;0;0;1;1;2;0;1;0;2;0;1;1;1;0;0;5;1;3;1;0;2;5;4;1;0;2;0;0;3;1;2;0;1;3;0;1;2;6;0;4;1;0;3;2;4;2;31;1;9;46;2;2;2;1;166;6;0;9;0;0;1;0;0;2;0;4;0;3;6;3;0;4;2;0;3;0;5;2;0;0;0;2;2;2;2;1;2;0;1;1;0;1;4;1;0;0;3;0;6;1;1;0;5;0;1;3;0;2;1;7;1;1;0;3;6;1;1;1;1;1;0;0;0;0;0;1;0;4;3;0;0;3;2;0;0;1;0;1;1;1;0;1;3;1;1;0;2;0;1;1;0;1;1
6438;4;12;9;0;12;6;21;9;15;8;10;15;10;7;13;88;6;4;9;3;8;3;7;4;9;12;36;7;5;6;0;2;7;5;5;10;1;4;1;3;2;7;4;4;5;1;7;2;5;5;22;5;11;9;1;8;5;8;7;2;3;19;3;35;13;32;6;13;4;8;5;8;12;12;21;17;9;10;28;67;4;28;6;21;8;6;6;9;24;2;11;16;7;5;16;13;9;11;11;6;6;13;11;9;24;23;5;8;8;5;4;17;5;24;6;7;315;1867;1178;159;93;934;438;249;1319;267;119;;94;361;136;56;68;75;56;19;55;25;21;30;19;18;14;10;5;30;11;4;15;9;18;30;29;8;9;8;2;3;3;12;7;21;123;4;4;5;14;1;39;9;13;9;11;8;7;5;54;12;45;16;24;9;22;17;11;21;5;7;22;6;6;6;36;30;12;39;66;12;54;6;10;3;3;18;11;6;14;4;7;5;21;14;16;9;10;4;5;4;6;16;12;5;11;117;4;4;5;5;5;8;3;6;14;10;5;2;8;2;27;2;3;12;7;7;7;3;2;2;5;2;3;5;7;2;3;1;2;1;13;2;2;1;3;0;2;3;0;9;7;2;4;9;0;4;3;6;1;3;1;1;3;7;12;27;2;8;3;4;5;2;1;5;129;5;21;346;20;6;5;9;92;36;7;13;11;2;2;0;4;7;5;6;6;1;7;2;4;15;23;5;3;3;8;7;3;2;1;6;8;5;4;8;1;4;4;3;1;5;2;3;5;2;6;3;2;5;11;5;7;6;4;5;8;5;9;20;12;18;8;5;37;8;4;3;6;14;2;6;3;3;3;1;3;7;3;1;3;17;5;7;3;4;1;5;13;2;1;9;6;3;2;8;4;0;6;1;0;3;1
6439;6;8;5;1;6;5;6;6;4;3;6;6;4;2;3;65;9;3;4;1;1;3;3;2;0;11;20;2;2;6;2;8;5;3;6;2;5;3;3;4;4;10;2;1;0;0;9;5;3;5;6;0;3;3;6;9;1;7;1;1;3;11;1;22;4;15;7;6;2;2;2;6;10;3;5;4;11;7;23;43;5;20;4;9;4;6;9;9;21;4;2;9;3;3;13;8;2;4;8;6;2;11;11;5;11;10;5;5;4;3;6;10;2;13;4;7;73;353;31;1412;33;58;128;125;61;250;18;78;;47;69;28;390;50;16;13;17;13;13;19;13;4;26;7;13;76;13;7;24;16;46;355;67;8;8;7;1;6;5;8;8;6;290;5;1;3;8;2;44;17;11;2;4;5;8;6;179;1;20;6;12;2;10;5;5;7;2;4;2;0;5;1;13;13;8;21;30;5;24;4;3;4;2;12;13;3;15;4;3;2;16;10;1;7;12;4;5;0;2;14;11;3;2;64;1;2;4;4;1;4;1;3;6;3;6;4;3;4;13;3;3;4;2;6;2;1;0;1;1;3;0;4;3;3;2;1;1;0;5;0;0;3;3;0;4;4;3;2;7;2;1;2;2;3;1;0;1;0;1;0;1;5;1;17;0;2;5;3;4;2;1;2;8;0;12;9;5;1;1;4;7;1;2;5;4;0;2;0;0;4;1;2;2;2;3;2;2;3;13;5;3;3;7;1;2;2;2;2;2;2;2;1;2;4;1;3;2;2;2;0;2;1;7;4;5;6;6;6;10;5;6;4;2;2;2;9;5;3;8;1;22;5;1;0;12;4;1;3;1;3;1;1;3;3;0;0;0;10;1;4;0;0;2;2;14;1;0;4;3;2;1;5;0;0;2;4;1;2;1
6440;6;9;9;0;7;0;8;14;11;5;11;9;9;5;8;64;7;2;7;3;8;1;8;5;1;17;37;4;4;5;4;3;4;7;9;4;6;4;4;8;7;9;0;4;5;2;7;7;7;5;12;5;14;3;4;6;4;8;5;7;5;16;4;31;14;30;6;8;3;15;0;5;15;16;13;11;7;10;23;55;3;26;9;10;5;2;9;9;22;2;8;20;13;5;11;12;6;12;9;5;8;6;2;11;18;19;12;6;5;6;13;8;6;24;7;7;153;1429;172;154;85;154;155;570;1309;201;23;311;89;;1242;302;146;205;334;72;126;47;67;91;74;40;15;8;7;10;9;6;11;17;7;23;27;9;6;5;4;3;4;15;3;11;64;6;6;0;12;1;16;9;6;6;14;4;3;7;30;5;39;10;18;5;15;16;10;22;2;4;8;4;9;4;24;12;8;36;41;7;34;3;9;3;4;17;9;7;11;1;8;4;20;15;6;9;13;10;9;3;4;17;10;2;9;78;2;2;7;1;1;4;2;4;11;10;11;2;2;7;14;3;4;9;6;6;1;3;7;6;0;2;2;1;12;3;3;3;4;0;10;1;0;2;2;0;2;7;0;6;11;3;3;2;4;1;0;4;3;2;2;1;1;7;3;17;0;1;4;3;1;4;5;3;20;7;18;72;8;4;2;2;25;16;8;10;14;4;4;2;0;5;2;2;6;5;5;1;1;6;15;3;8;7;2;5;1;2;1;5;5;6;1;2;4;0;2;1;1;4;1;0;1;4;5;6;7;6;14;6;11;3;7;3;7;11;8;25;8;8;6;4;30;3;6;3;7;6;2;5;0;9;2;1;3;6;3;3;2;17;5;9;2;4;0;6;11;0;2;5;7;3;2;8;2;0;2;0;0;3;2
6531;7;25;20;2;12;7;12;14;12;4;14;9;7;5;8;128;17;7;3;6;8;2;17;2;5;47;65;10;8;17;1;3;5;7;8;13;1;13;2;6;8;5;3;5;4;2;10;8;6;3;11;11;12;6;2;9;4;16;8;1;2;32;4;50;19;44;7;15;8;7;6;12;20;12;17;19;10;19;56;116;12;41;14;17;11;8;23;12;43;4;20;32;9;8;23;15;12;20;17;7;11;22;16;17;21;38;14;7;4;11;22;21;16;92;16;12;483;726;74;217;128;167;131;398;365;163;24;232;120;2463;;1368;316;2516;621;892;186;710;123;176;629;79;24;9;23;15;6;2;19;16;10;32;56;20;6;2;0;4;2;10;7;8;83;5;1;6;7;1;11;7;5;7;8;3;9;14;32;5;52;19;21;4;27;12;11;13;3;10;7;9;14;4;42;25;10;42;49;8;45;9;5;7;4;30;17;5;23;5;7;5;15;12;8;12;23;4;6;8;10;8;16;5;8;86;2;0;10;5;2;5;6;1;9;5;7;4;1;0;13;1;4;11;8;4;3;0;2;3;3;2;3;1;4;3;2;1;1;0;13;1;3;2;4;2;5;3;1;7;7;1;1;4;1;7;4;3;3;1;4;3;2;9;7;19;0;6;4;5;5;7;5;3;14;5;22;22;11;3;1;5;11;7;14;9;13;1;2;1;4;10;2;4;9;5;3;5;2;6;23;6;5;5;10;1;4;4;2;11;7;4;1;2;5;5;1;7;3;4;5;1;5;5;15;8;9;7;7;6;20;5;7;7;5;7;10;26;2;9;5;3;59;7;4;3;18;13;3;3;2;2;8;5;6;2;4;2;3;18;3;14;5;8;7;2;11;6;1;7;9;1;3;5;1;2;2;4;1;2;2
6532;3;6;6;1;9;4;11;11;3;0;3;7;7;2;8;48;4;3;1;4;3;3;0;1;1;10;24;2;2;4;4;1;3;3;7;5;0;7;2;5;6;3;3;0;2;1;4;4;1;1;11;4;12;4;2;3;2;2;2;3;5;11;5;24;25;23;3;3;2;1;2;2;15;4;17;14;6;14;25;44;7;15;5;9;6;3;15;8;30;4;6;10;5;3;20;6;7;13;8;4;3;12;11;9;17;23;8;4;6;8;12;21;16;264;8;8;40;211;22;41;13;42;25;76;56;30;5;42;26;211;1308;;315;439;56;35;27;18;22;32;42;9;18;6;46;7;1;2;12;14;5;30;176;5;2;5;7;7;2;5;2;3;41;2;0;2;8;0;12;2;4;3;1;2;3;2;17;1;14;7;15;6;4;9;2;4;3;5;2;2;7;0;15;7;5;19;13;5;13;6;2;1;2;10;2;4;8;2;5;2;6;3;6;8;9;3;3;4;4;8;7;3;2;31;0;0;0;2;2;1;0;2;4;3;0;1;2;3;7;0;0;6;5;5;3;2;1;0;1;0;1;3;3;1;1;3;3;5;4;0;3;4;3;4;1;2;0;2;3;4;0;3;0;0;1;1;2;0;2;3;5;4;3;9;1;4;3;3;4;1;3;1;3;0;8;5;0;4;0;0;5;3;5;3;9;3;0;1;1;6;2;2;1;3;5;2;2;4;6;0;3;3;6;0;1;2;0;2;1;1;1;3;8;1;0;1;0;3;2;1;2;2;4;3;4;2;4;4;3;3;2;5;2;2;0;9;4;3;3;6;21;2;0;1;4;6;0;2;4;2;0;1;2;1;2;2;1;7;3;2;0;2;2;2;4;0;0;4;5;0;1;1;3;1;2;1;0;1;0
6533;1;9;4;0;3;0;8;8;6;1;7;3;7;3;3;30;5;3;1;3;4;2;4;2;1;8;17;3;1;2;0;7;2;2;4;4;0;4;0;4;2;5;0;2;0;2;4;3;3;3;8;5;3;4;0;6;1;5;4;2;2;11;2;23;13;9;2;8;4;7;3;2;9;5;7;6;5;10;20;59;11;16;11;9;11;5;7;8;23;1;15;11;7;2;11;4;4;5;6;4;4;5;7;1;7;22;9;5;6;4;8;10;5;32;6;5;49;253;39;191;20;43;48;134;44;86;4;45;256;89;184;369;;59;12;21;25;6;15;25;13;7;45;10;26;9;7;8;29;45;12;564;531;5;7;2;2;4;3;5;1;12;81;0;1;1;7;1;10;6;1;2;6;2;3;2;26;2;16;5;5;4;6;5;0;5;0;1;5;2;5;1;9;8;3;12;18;5;18;0;0;2;1;7;7;1;6;2;5;0;7;2;8;2;5;0;1;3;1;5;1;2;5;36;3;0;3;3;0;1;3;1;3;2;4;1;3;2;5;0;6;3;2;3;3;3;2;1;1;1;3;2;2;2;1;2;0;0;5;1;1;0;2;0;3;3;1;3;1;0;2;3;0;1;1;0;2;1;0;1;2;1;1;10;1;1;4;2;2;1;0;2;5;0;6;12;2;2;1;2;6;1;2;2;6;0;0;1;2;2;1;3;2;1;1;2;2;2;5;2;1;0;1;3;0;0;2;4;1;0;2;2;1;1;0;1;0;2;2;1;1;1;4;1;3;0;4;2;2;3;4;0;1;4;4;8;3;6;3;1;13;1;1;2;2;1;0;1;5;1;3;0;2;1;0;4;1;10;1;2;2;2;1;3;5;2;1;1;4;1;0;1;1;0;0;0;0;0;0
6534;8;30;20;4;7;4;10;15;7;5;12;10;7;6;8;157;28;5;5;3;11;3;10;1;6;70;83;9;9;22;4;9;8;12;14;8;4;16;1;4;8;6;4;7;1;3;20;12;6;5;7;4;8;6;4;5;2;12;4;3;5;37;5;67;28;48;9;13;7;5;5;7;25;12;20;22;9;15;62;130;15;46;9;28;3;6;21;17;37;4;13;54;11;14;17;16;12;30;13;12;17;19;10;30;38;42;16;10;15;19;56;28;15;213;20;24;121;519;48;156;105;97;100;122;205;98;19;142;78;258;967;487;103;;264;165;146;59;115;319;403;45;23;9;21;10;8;2;14;11;5;20;33;10;5;2;2;13;1;11;8;11;84;3;0;2;5;2;4;7;6;12;2;2;7;7;22;4;38;13;21;8;27;12;9;8;4;12;6;4;11;2;33;21;4;56;53;10;47;14;4;4;6;48;19;4;17;5;9;4;24;16;8;14;32;6;10;7;5;13;10;1;7;96;2;1;4;2;4;4;1;3;7;8;1;2;3;0;13;0;4;3;6;5;3;3;3;2;2;1;3;1;4;1;4;3;1;0;15;1;0;1;2;2;7;0;0;10;11;4;4;4;2;4;1;0;0;3;3;3;3;15;1;30;1;6;5;2;8;5;2;2;7;4;25;21;6;4;1;5;10;5;2;7;14;3;1;0;1;3;2;1;7;5;3;3;5;6;15;1;4;7;5;3;1;7;1;14;3;5;0;2;4;6;3;5;0;3;1;0;6;2;19;5;5;6;9;4;15;11;10;6;7;2;7;43;5;4;5;5;82;10;1;3;30;21;1;1;0;7;7;2;1;3;7;1;2;21;1;16;0;5;3;3;10;4;4;7;4;2;1;7;4;2;3;3;3;3;2
6535;4;2;3;0;5;4;5;5;3;1;5;5;1;1;2;12;1;0;3;1;1;1;5;1;2;14;9;2;3;3;1;2;2;4;2;2;2;0;0;2;1;1;0;1;1;1;3;1;1;0;3;3;1;0;0;1;1;7;2;2;1;4;1;6;3;16;1;6;1;1;2;0;2;0;3;2;1;3;4;13;0;11;0;4;4;0;2;0;6;1;5;4;4;0;2;4;1;5;5;2;3;6;3;3;7;6;5;4;0;0;2;2;3;9;7;4;18;114;20;19;20;23;13;32;114;15;1;34;9;210;445;54;20;195;;49;418;96;24;132;21;11;4;4;1;4;0;0;3;2;0;5;3;0;5;1;2;1;1;3;1;2;13;0;0;2;4;0;3;0;0;2;0;1;0;2;4;0;11;0;1;1;4;2;3;1;1;8;3;1;0;0;5;0;2;7;7;7;9;0;3;1;1;7;4;0;4;1;3;1;4;1;4;0;3;0;1;0;0;3;4;1;0;11;0;0;0;2;2;0;0;2;3;1;1;0;0;0;4;1;1;4;1;3;0;1;1;0;2;0;0;0;1;1;3;0;0;3;1;0;1;0;1;1;1;0;1;2;0;0;2;1;0;0;0;0;1;0;0;1;1;1;2;3;0;2;2;0;0;1;1;1;2;1;11;8;9;2;1;3;1;1;2;0;2;0;0;4;1;3;1;0;1;2;2;1;1;3;4;1;1;0;1;0;0;1;2;2;2;1;0;2;0;1;0;2;1;1;0;1;1;2;3;1;2;4;2;0;3;0;1;0;3;0;3;7;2;2;1;3;10;2;2;0;2;1;2;0;4;1;1;1;3;1;0;0;1;5;0;2;2;2;4;1;11;4;3;7;7;1;4;1;3;0;0;1;0;0;4
6611;5;27;22;2;10;7;16;11;18;9;7;4;14;4;12;203;32;10;23;14;18;4;44;6;8;398;144;4;20;27;11;7;14;16;9;15;1;13;4;3;3;6;6;6;4;2;15;15;5;5;11;4;6;5;3;10;6;15;2;7;3;52;9;56;26;40;8;14;5;10;4;6;25;4;21;21;4;12;26;102;7;38;4;10;6;5;6;9;14;6;10;29;11;7;16;13;8;31;19;15;95;23;15;53;24;42;8;7;7;9;44;13;3;17;21;8;59;199;24;77;38;55;32;39;94;41;8;56;31;82;134;68;30;150;54;;175;152;3936;800;276;380;11;2;2;4;4;1;5;7;4;7;9;7;2;0;1;2;4;6;0;10;22;1;1;5;1;1;2;3;0;5;4;1;2;1;7;1;46;12;15;9;14;7;8;14;4;6;7;2;8;0;27;11;3;18;32;3;18;7;5;4;2;22;15;5;13;2;5;5;16;11;4;7;10;4;7;6;3;10;8;5;9;91;5;0;2;3;5;6;1;2;2;7;2;3;3;5;10;1;2;6;4;7;3;6;8;1;1;0;1;0;2;1;1;1;2;3;9;0;1;2;2;1;5;4;0;4;8;1;0;4;1;5;2;3;0;3;0;5;3;15;3;34;0;3;4;1;8;2;0;1;7;5;17;7;9;6;0;4;3;4;4;6;20;2;4;1;2;5;2;3;3;4;2;3;2;3;13;2;0;3;3;1;5;2;3;17;3;5;3;2;3;7;3;2;1;4;2;2;4;0;12;4;8;4;12;5;8;6;10;2;6;2;6;35;5;9;0;5;81;3;2;1;20;19;3;4;2;4;10;2;7;7;5;2;0;28;7;14;2;13;23;16;28;14;4;8;7;2;2;10;2;3;1;3;1;1;3
6631;4;11;11;8;3;4;5;9;6;1;7;8;6;1;2;67;10;2;7;5;7;1;7;7;3;29;42;6;5;8;4;1;3;7;6;4;1;7;2;0;2;5;1;2;1;0;2;6;2;2;6;2;6;5;1;0;4;9;1;3;0;20;8;27;17;24;5;7;3;2;3;3;18;6;9;8;2;7;15;47;8;16;4;8;4;4;4;7;15;2;5;15;3;2;9;13;4;8;8;4;9;16;8;19;13;25;4;3;3;4;7;5;2;14;12;4;60;267;46;48;11;36;33;30;333;23;9;56;18;64;118;26;9;84;442;150;;259;41;77;19;31;10;3;7;6;3;2;10;11;0;4;7;5;4;3;1;5;2;3;5;7;45;2;0;0;4;0;8;7;0;7;3;4;4;4;7;7;46;13;13;6;18;12;14;16;6;11;9;3;7;3;17;13;4;16;37;8;22;6;5;9;4;18;11;6;8;4;9;5;14;11;6;9;11;4;4;1;11;9;8;5;8;68;1;1;4;2;3;4;3;4;9;9;4;2;3;2;11;3;2;4;3;3;2;2;4;1;3;1;1;5;3;1;2;1;3;0;10;1;1;0;4;1;2;3;1;15;9;2;0;6;4;1;3;1;1;3;4;2;4;12;5;26;2;5;6;2;2;2;4;2;12;12;73;18;108;60;7;9;8;15;16;24;17;1;2;2;2;5;0;3;4;7;3;3;1;9;9;1;2;4;5;2;0;0;0;1;3;2;3;1;2;4;0;2;1;2;2;0;3;0;3;2;6;3;8;4;6;8;8;5;5;4;4;24;1;2;9;3;37;3;4;0;7;10;1;5;0;4;4;1;2;3;1;3;1;26;2;13;4;9;3;6;114;5;3;53;11;0;3;9;3;1;2;1;2;0;3
6632;1;2;5;0;3;5;5;8;5;1;4;6;4;1;5;32;3;6;1;4;1;5;9;4;1;40;20;3;1;5;3;1;8;5;5;2;1;3;0;2;1;4;2;2;0;1;1;3;3;3;1;0;4;0;4;2;2;2;3;0;1;9;9;12;6;13;0;4;3;1;1;1;5;3;1;4;3;7;3;20;1;7;0;2;2;1;5;1;7;0;4;6;2;3;3;5;4;9;12;2;10;7;4;5;4;18;1;2;2;5;7;7;4;5;3;5;22;122;10;32;34;33;33;29;69;32;3;49;23;76;107;43;23;127;71;195;294;;77;285;41;198;3;3;2;0;1;0;4;3;5;3;3;1;1;3;1;1;0;1;1;3;13;0;1;0;4;2;2;3;2;0;1;2;0;2;1;0;8;2;7;1;4;4;2;2;2;4;2;2;6;1;4;6;3;9;13;5;8;4;1;0;2;5;3;2;3;0;2;1;5;8;1;2;2;2;1;2;1;6;5;1;1;16;2;1;2;4;0;1;2;1;4;0;0;2;0;2;3;0;0;3;1;1;0;2;0;0;1;0;1;0;1;2;1;0;1;0;3;1;0;0;0;0;3;0;0;1;3;0;0;1;2;2;3;1;1;0;0;0;2;4;2;10;2;3;2;0;0;3;2;0;2;0;7;3;5;6;1;1;1;8;2;2;7;2;2;0;1;2;1;2;0;3;2;1;1;1;4;0;5;1;2;0;0;0;0;3;2;0;0;4;2;2;0;1;0;4;2;3;2;0;0;4;3;4;2;1;2;5;5;2;2;3;7;13;0;2;3;2;23;1;3;0;9;3;0;0;2;1;3;0;1;0;1;0;0;23;3;5;1;1;4;6;244;9;6;18;11;7;3;9;1;3;2;6;2;1;1
6633;3;9;10;1;6;4;15;23;5;2;9;10;8;3;2;67;19;5;13;3;23;4;115;5;4;402;56;10;16;24;29;4;5;6;8;7;0;6;5;5;8;5;4;4;5;7;5;5;6;2;10;3;11;4;2;11;1;6;4;1;7;16;7;17;12;12;3;3;4;6;0;2;12;4;12;4;2;5;17;40;1;13;6;13;4;2;5;8;14;1;6;13;11;5;18;10;5;26;9;6;215;23;12;37;8;17;4;4;7;4;24;8;3;4;16;13;13;57;11;17;10;8;12;11;23;14;2;14;8;26;61;18;10;75;16;2840;44;64;;758;260;281;2;1;2;2;4;1;1;5;6;1;2;1;2;0;3;0;3;5;2;2;11;1;2;1;1;0;3;5;2;1;1;0;0;1;7;2;17;5;11;3;6;1;3;3;1;2;2;3;6;1;7;5;4;9;17;6;8;2;4;3;0;4;3;3;6;0;3;0;8;7;0;1;2;4;3;1;2;5;7;3;1;31;1;1;6;0;5;1;1;3;4;2;2;2;5;0;5;1;3;3;2;5;6;0;2;3;0;2;1;3;2;1;0;0;1;0;4;0;0;1;3;0;1;0;0;3;3;0;4;6;0;2;2;3;0;1;0;2;0;4;4;8;0;2;4;1;3;1;0;1;1;3;9;1;3;1;3;1;2;3;0;5;5;2;1;1;0;5;3;1;0;1;2;4;2;6;6;1;1;2;1;0;3;2;2;5;3;3;1;3;1;5;0;2;4;3;0;2;5;2;5;1;5;2;4;8;4;2;6;2;1;4;5;14;3;1;3;2;31;1;4;3;5;6;3;2;6;4;4;0;3;3;0;2;1;13;4;8;0;7;22;7;14;8;3;1;5;1;3;5;1;0;4;1;0;1;1
6634;1;3;6;2;9;2;10;11;8;4;5;2;4;2;3;54;10;3;4;4;5;1;11;4;2;86;35;1;3;9;1;1;6;7;3;5;3;1;1;4;5;8;4;2;0;0;5;3;2;5;11;0;8;2;4;4;1;7;2;0;3;12;2;17;8;15;2;6;3;4;4;3;12;6;5;7;5;6;9;26;2;10;6;13;3;8;6;4;7;0;8;10;3;4;10;3;2;11;12;3;20;15;10;16;8;15;6;4;0;4;19;3;1;9;13;11;20;75;9;19;9;19;20;11;33;18;3;23;7;41;103;26;13;239;107;725;63;261;628;;316;138;3;5;2;4;2;0;8;7;4;1;8;5;4;3;0;2;1;2;1;5;12;6;0;1;2;1;0;3;1;2;1;1;2;1;6;1;13;2;5;0;5;6;3;4;3;2;5;2;6;0;5;6;2;10;15;1;11;1;4;0;0;9;3;2;5;2;4;3;5;4;3;2;4;7;3;2;4;6;5;0;7;25;0;1;4;1;0;0;0;1;3;2;1;1;0;4;4;0;0;4;0;4;1;2;2;0;1;0;2;0;4;1;3;0;0;3;1;4;2;0;2;1;1;0;0;0;5;0;0;1;2;0;0;3;1;2;3;0;0;3;1;8;0;0;2;3;1;3;0;0;1;3;5;6;7;3;2;2;2;1;2;14;6;1;0;2;1;1;1;5;2;3;1;2;1;4;9;2;2;0;0;0;0;1;1;3;2;0;1;3;3;3;0;5;3;3;0;5;3;1;3;1;3;2;6;3;7;3;4;2;1;4;4;11;1;5;3;4;18;0;1;0;9;4;3;1;5;3;1;3;2;3;6;1;1;16;1;7;1;5;4;6;14;7;1;6;8;1;0;7;2;1;0;4;1;0;1
6635;2;3;6;3;1;1;6;5;6;3;5;7;3;2;1;52;7;3;2;6;7;0;9;3;0;40;34;5;11;8;12;3;4;4;6;5;1;2;1;4;2;3;3;1;1;0;5;7;1;2;3;3;3;3;2;2;6;6;2;2;6;15;5;25;14;22;2;10;0;7;2;7;6;4;8;5;2;11;10;37;5;16;2;8;0;3;12;3;11;3;9;15;4;7;19;6;10;21;18;9;131;17;9;92;16;25;8;9;6;12;314;16;4;49;30;13;25;97;11;39;20;30;28;27;41;19;1;26;19;34;165;47;24;325;29;305;37;29;283;310;;38;6;2;8;4;1;2;4;3;6;8;4;1;2;1;4;3;0;2;2;3;10;0;1;1;4;0;2;0;0;0;0;0;0;3;1;1;13;4;8;1;5;3;2;2;2;4;2;1;5;1;4;4;2;12;9;0;14;2;3;3;3;6;3;2;6;2;5;3;7;2;2;6;4;3;0;4;3;3;5;3;3;26;1;1;1;1;0;3;0;1;3;2;1;2;6;1;8;0;4;5;3;1;1;5;0;0;2;3;0;1;0;1;0;1;0;0;3;0;2;0;2;0;3;2;0;2;1;1;0;3;1;1;3;1;0;1;0;2;0;2;1;7;0;1;1;2;4;1;1;0;2;1;5;1;5;1;1;0;3;2;0;1;4;2;2;0;1;0;0;0;4;2;5;0;1;5;11;0;4;1;2;2;3;1;1;4;3;1;0;4;3;2;0;6;2;2;1;0;1;0;5;1;4;0;4;2;4;1;6;4;7;4;1;15;3;5;0;3;18;4;4;0;7;7;4;0;3;5;2;0;3;2;1;2;0;6;4;6;0;2;7;5;6;4;2;4;3;0;0;2;0;1;3;0;3;0;0
6636;4;3;5;2;1;5;7;4;6;2;6;5;0;4;6;35;20;6;5;7;12;5;37;2;2;238;44;5;9;13;1;3;6;7;4;4;1;4;0;7;9;1;2;4;1;0;6;5;4;1;2;6;5;3;1;4;1;2;3;1;1;9;1;4;5;11;2;1;5;2;0;3;4;0;5;5;3;6;7;23;1;8;2;2;1;3;3;2;8;0;4;5;3;1;5;4;2;4;5;3;14;7;3;10;7;17;0;2;5;8;4;6;0;6;5;2;12;37;1;6;7;7;10;7;12;10;1;10;6;15;34;5;8;31;10;336;31;188;254;149;24;;4;1;4;0;1;0;0;2;0;4;1;3;0;2;0;3;1;1;0;4;10;0;0;2;0;0;0;2;2;2;1;1;1;1;2;0;35;3;15;3;5;8;2;2;1;1;5;0;7;0;8;3;3;2;3;0;8;8;7;1;2;6;3;5;3;1;1;1;5;3;2;0;5;1;2;1;2;4;4;1;3;17;0;1;1;0;0;1;1;0;3;2;20;0;2;2;4;0;1;2;0;4;0;0;1;1;0;0;0;3;1;0;0;0;1;0;1;0;0;1;3;0;6;0;1;1;1;1;0;1;2;0;3;1;3;0;0;1;1;16;1;6;0;1;1;0;0;2;1;0;3;0;6;2;3;2;0;0;2;2;2;1;5;0;0;0;0;1;1;0;2;1;4;4;0;5;3;0;0;1;0;0;1;1;0;1;5;1;1;0;0;2;1;2;3;4;1;1;3;3;2;1;5;3;3;1;3;0;6;1;1;1;1;8;0;2;1;2;12;2;2;1;9;3;4;3;0;4;7;0;4;2;2;0;1;21;6;11;2;1;88;5;105;60;3;8;9;4;0;6;2;1;3;5;4;2;1
7111;4;10;5;3;1;1;5;6;6;0;6;0;0;1;0;61;5;3;5;2;6;0;0;2;1;9;25;1;1;4;1;0;5;3;1;4;0;9;1;1;7;1;1;2;0;3;7;4;8;2;5;2;7;2;1;1;0;5;1;1;1;13;2;51;16;21;8;12;7;4;3;8;17;16;14;19;11;6;151;157;8;43;14;37;25;6;10;12;99;1;8;21;10;3;12;4;4;7;9;2;1;3;4;5;15;25;8;5;4;7;3;13;5;16;6;11;16;67;7;40;7;7;14;10;9;9;1;18;18;12;24;12;44;16;4;8;10;3;1;2;6;3;;127;57;51;29;86;1673;405;262;623;548;55;61;29;41;28;2;13;11;9;120;5;2;4;9;3;19;8;11;9;7;1;7;9;56;3;31;10;12;2;5;5;4;4;1;2;1;0;5;2;18;8;1;13;24;1;19;5;3;3;3;16;5;2;7;1;7;3;8;4;4;5;5;1;5;4;3;11;9;1;9;53;0;1;1;0;1;0;2;1;4;7;4;0;1;0;6;0;0;2;2;2;1;2;2;2;4;0;2;1;0;0;1;4;0;0;6;0;2;0;1;0;2;1;0;4;3;0;1;0;2;1;1;0;1;1;1;1;2;5;0;10;0;2;6;0;2;0;0;1;6;4;6;2;2;2;0;2;6;3;0;4;7;1;1;0;0;1;1;1;1;3;4;1;0;3;27;8;6;10;8;2;0;0;0;7;3;4;1;3;2;2;3;0;1;4;0;1;1;2;9;2;3;4;1;2;3;1;4;1;2;1;3;16;2;1;2;4;17;0;0;2;14;12;0;1;0;1;2;0;0;2;1;1;0;12;0;9;1;5;2;4;4;0;0;1;4;0;0;1;0;0;0;1;0;0;1
7131;2;4;3;2;3;1;10;7;4;2;2;4;3;1;6;28;4;1;1;1;5;1;3;1;1;5;15;2;4;7;0;4;1;4;4;5;1;2;0;4;5;3;0;2;0;2;4;4;3;5;5;3;9;6;5;9;2;2;0;3;6;10;2;39;21;21;11;17;8;8;4;9;19;9;15;30;11;15;549;221;16;57;38;107;156;16;20;36;510;0;12;11;6;2;10;17;4;4;8;1;0;3;3;6;10;19;3;3;5;5;12;13;4;11;8;6;3;21;4;14;4;3;5;1;4;5;3;2;5;4;17;9;10;11;1;2;4;1;4;1;6;0;166;;28;14;7;49;507;243;30;39;50;36;30;16;106;13;1;6;7;7;30;2;1;0;2;1;7;8;2;2;2;0;5;4;12;9;13;7;4;0;5;6;5;4;3;2;1;3;5;0;6;1;0;7;12;0;13;2;2;4;2;8;5;0;6;1;4;0;7;9;3;6;4;3;1;1;1;4;4;1;2;31;0;4;3;1;1;1;2;5;0;3;2;0;3;0;8;0;1;2;0;3;3;0;1;1;1;3;3;1;0;1;0;0;1;1;3;0;0;0;1;0;2;2;0;0;2;0;0;1;1;1;1;0;1;0;0;2;1;5;3;6;0;1;1;0;1;2;1;1;2;1;4;3;5;2;1;0;1;0;1;1;4;0;1;0;1;3;3;0;2;2;4;3;1;2;9;2;0;4;5;5;0;1;0;6;4;4;1;4;2;3;4;2;0;1;1;0;2;2;2;4;1;1;4;0;6;6;7;3;2;2;0;6;2;4;0;2;7;0;4;0;2;2;4;1;1;1;1;1;0;3;0;0;0;0;0;2;0;1;1;0;1;1;0;0;0;0;0;4;1;1;0;0;0;0;0
7132;4;4;3;0;2;3;5;3;1;6;6;2;5;3;1;17;3;4;0;6;3;0;5;1;2;4;6;1;2;4;4;1;2;2;6;0;0;3;2;0;2;6;0;2;0;0;4;5;4;1;6;5;2;6;1;4;2;0;4;5;1;7;2;27;12;23;2;4;4;2;3;4;19;6;16;16;6;10;72;140;8;21;6;29;11;6;145;20;274;6;4;14;4;4;11;8;5;3;4;1;1;10;10;7;12;17;5;4;2;8;8;14;35;711;4;6;4;26;2;15;4;5;8;4;5;3;1;8;10;5;22;40;23;27;1;5;1;3;2;3;7;1;82;20;;6;6;9;69;372;10;35;598;12;14;4;4;8;4;3;2;5;15;3;2;2;1;1;2;3;3;4;1;3;2;3;10;2;4;2;5;1;3;4;3;3;0;1;2;2;3;3;2;4;0;2;8;3;11;0;0;3;1;3;2;0;7;0;3;0;3;5;1;2;2;1;2;0;1;5;3;1;2;11;0;3;3;1;1;1;0;0;1;0;0;0;2;4;2;1;2;0;0;0;0;0;0;0;0;0;0;2;0;0;1;0;0;0;3;0;0;3;2;0;0;0;1;1;0;0;1;1;0;1;0;0;2;0;0;0;0;2;2;6;1;0;0;2;1;2;0;0;2;0;3;3;1;1;0;1;2;2;0;2;2;0;0;0;1;4;0;2;0;0;3;1;0;3;4;4;3;0;3;4;0;2;1;2;1;2;0;1;0;3;1;2;2;1;1;0;1;1;2;1;4;2;4;2;5;1;2;0;4;1;3;1;5;1;2;2;7;0;2;3;3;3;2;0;1;1;2;0;0;1;3;0;1;3;1;4;1;1;0;3;1;0;1;0;0;0;0;2;2;1;1;1;0;0;0
7133;5;2;2;1;3;1;3;4;1;2;4;1;2;0;2;21;2;2;2;4;2;1;4;1;1;5;9;0;2;2;0;2;2;4;1;4;3;3;0;3;3;0;2;2;1;0;2;2;0;2;3;5;6;0;0;2;1;6;2;1;1;5;4;14;10;7;7;8;2;3;0;3;7;4;8;5;6;3;19;30;2;15;3;9;3;6;4;2;13;1;5;5;3;2;7;2;1;3;1;3;0;3;7;7;5;13;3;2;4;3;6;5;1;8;5;3;16;90;9;128;21;22;51;14;13;28;4;18;41;12;19;9;9;14;4;10;6;4;3;3;6;1;49;9;5;;301;15;33;16;217;22;14;32;41;4;7;29;4;55;14;24;281;6;9;7;28;6;249;19;160;4;29;109;8;14;643;8;20;7;10;3;3;8;5;8;2;4;1;0;1;2;14;6;7;23;45;3;22;7;4;3;1;10;8;1;5;1;1;4;6;4;4;6;3;2;3;1;4;5;2;0;1;31;1;0;1;1;3;0;1;2;2;3;4;0;3;1;4;1;0;3;0;2;2;3;1;0;0;3;1;2;7;0;2;0;1;1;5;3;3;0;0;2;2;0;0;0;1;0;1;3;0;4;1;1;2;0;0;0;0;3;2;7;2;3;0;1;1;1;0;3;3;1;7;7;2;1;1;1;4;6;0;6;6;2;2;0;1;0;1;3;1;1;8;2;2;5;39;2;4;8;12;16;1;1;2;3;2;1;1;0;0;1;0;0;1;3;4;1;2;3;1;0;3;4;0;3;3;1;2;2;2;1;0;8;2;1;2;0;9;3;2;1;5;1;3;0;2;1;9;0;1;3;0;3;2;1;1;2;1;1;0;2;1;2;0;1;1;0;0;2;2;0;0;0;1;2;2
7134;1;2;1;0;1;0;3;0;0;1;3;2;2;1;0;19;2;0;1;2;2;0;0;2;0;8;7;1;0;3;1;0;2;2;0;1;0;1;0;0;1;1;1;0;0;0;0;1;4;2;0;0;2;0;0;2;0;3;1;1;0;4;1;9;2;7;2;4;0;0;2;0;2;2;5;5;1;3;11;17;2;11;1;3;4;1;4;3;11;0;6;2;0;1;6;4;5;2;3;2;0;3;6;3;4;3;4;1;1;1;3;2;0;1;3;4;8;52;4;29;9;6;13;17;11;12;1;12;10;6;8;1;5;7;4;5;3;0;0;5;0;3;29;5;4;268;;11;20;12;100;8;13;60;122;15;6;58;3;52;13;8;71;4;12;4;13;9;23;9;12;5;25;77;7;9;38;6;8;4;3;5;6;1;4;7;2;2;1;1;1;2;13;3;4;10;15;4;8;5;2;2;2;5;7;0;7;0;1;2;5;3;3;1;8;2;0;1;4;4;1;1;2;12;1;0;1;1;0;1;0;0;2;1;0;3;2;0;4;0;0;1;0;0;2;2;0;1;1;2;1;4;1;0;1;1;0;2;1;0;0;0;1;2;1;1;0;1;2;1;1;0;0;1;1;0;0;1;1;0;1;1;0;5;0;1;0;0;1;3;0;0;3;3;2;2;0;1;1;1;0;0;2;1;2;2;0;0;2;1;1;0;0;0;4;1;1;1;82;21;36;29;24;185;0;0;0;3;2;0;0;2;1;0;3;2;0;2;0;0;1;1;1;0;1;0;1;2;4;1;0;1;1;0;2;9;0;3;0;0;2;3;4;0;3;1;0;0;0;1;3;0;0;1;1;0;0;1;1;2;1;1;2;0;0;0;2;1;0;0;0;1;0;1;1;0;2;1;0
7135;1;1;3;0;1;0;1;2;1;0;2;0;0;0;0;10;1;1;1;0;1;3;0;1;0;1;5;0;0;1;0;0;0;2;4;1;0;0;0;3;3;0;0;0;0;1;1;1;0;0;3;2;2;0;0;0;1;2;1;0;1;2;0;9;7;5;0;5;1;3;2;3;7;5;2;4;3;4;24;37;4;21;5;12;10;5;5;5;17;1;4;4;0;3;1;2;2;0;1;4;1;0;0;1;4;3;4;8;1;2;3;2;1;5;2;3;1;14;1;9;2;7;6;3;3;3;0;2;4;1;4;1;2;4;2;1;0;1;3;4;4;2;121;28;4;10;18;;270;43;143;30;28;60;166;22;131;21;1;4;5;6;30;3;1;3;3;4;6;0;3;0;4;7;5;2;12;1;6;0;3;0;3;2;0;1;0;1;2;1;2;0;4;2;1;1;8;0;1;0;0;1;0;3;1;2;2;2;0;0;0;3;4;0;2;1;0;4;2;2;2;0;0;11;0;0;1;0;2;0;0;0;0;0;4;0;0;0;1;0;1;1;0;1;1;0;1;0;0;0;0;1;1;0;0;1;0;0;2;0;0;1;0;0;0;0;0;1;0;0;0;0;0;0;2;2;0;0;0;0;0;2;0;2;0;2;0;0;3;0;0;0;0;0;0;2;1;0;0;1;0;0;0;3;4;0;0;0;1;0;1;0;0;1;2;0;1;4;8;6;1;3;3;3;1;0;0;1;1;0;0;0;0;0;0;0;0;0;0;0;0;0;2;0;3;0;1;2;0;1;4;0;1;0;3;4;0;0;0;0;1;0;0;0;1;1;0;0;0;0;0;0;0;0;0;0;0;2;0;0;0;1;0;1;2;0;1;0;0;0;0;3;0;0;0;1;1;2;1
7137;4;6;3;1;4;3;10;4;7;3;5;7;2;2;2;47;3;4;2;2;2;0;2;1;0;7;16;4;1;4;4;3;2;1;4;1;1;6;5;5;1;3;2;1;0;1;4;4;5;1;9;3;7;2;1;4;1;3;2;3;3;13;2;42;19;14;9;10;5;5;1;5;16;11;16;22;9;12;130;136;9;56;15;36;35;7;16;16;100;2;4;16;6;4;10;4;3;8;9;2;3;9;6;7;12;18;2;3;4;5;9;8;4;18;5;7;9;61;5;26;7;6;7;14;12;11;2;12;15;13;18;8;34;19;2;6;8;3;6;6;2;3;1284;385;60;26;17;337;;997;252;271;455;73;65;20;78;25;15;23;17;9;73;5;5;7;8;7;21;10;8;5;1;5;8;8;25;4;14;7;9;5;5;6;3;8;2;2;2;2;6;3;17;11;6;14;15;2;19;6;3;5;3;11;4;3;8;1;2;1;5;3;2;5;7;5;5;0;4;8;4;5;4;38;0;0;2;1;2;1;2;4;3;5;1;1;1;2;9;1;1;3;3;1;4;2;4;0;1;1;1;1;0;0;4;0;0;0;7;0;0;1;3;0;3;1;1;2;1;2;2;1;1;1;2;2;1;0;2;1;2;9;2;7;0;2;1;2;0;2;3;1;3;1;7;2;4;1;1;1;4;1;3;5;2;0;2;0;5;1;2;1;2;2;2;4;0;5;20;5;7;10;5;3;0;3;2;7;1;1;0;1;3;1;1;5;4;6;0;1;2;0;2;0;3;3;4;1;8;5;5;2;0;0;2;5;6;7;7;2;16;2;2;3;3;2;0;1;1;1;0;1;4;2;3;2;3;7;1;2;0;1;0;0;3;3;2;3;1;0;0;4;0;2;2;1;0;0;1
7138;0;3;3;1;4;1;6;4;2;0;2;5;2;2;0;34;5;0;1;7;2;5;6;1;2;6;14;5;2;2;0;2;2;3;5;3;0;1;0;2;3;6;1;2;1;2;0;2;0;2;11;2;9;2;1;7;1;4;0;1;7;7;1;34;21;23;6;12;6;7;4;6;18;8;17;16;11;12;276;196;13;50;14;52;27;15;34;22;655;2;6;14;10;8;14;7;3;3;5;4;1;14;5;11;17;20;6;3;5;9;5;13;3;23;9;7;9;51;7;17;6;5;4;9;14;6;1;12;18;15;18;11;41;10;5;5;7;4;3;6;2;1;383;180;420;24;15;37;887;;53;138;476;38;20;14;25;13;1;7;4;11;46;3;2;1;3;3;10;5;8;3;3;2;7;5;23;3;20;6;5;2;9;4;3;1;2;1;2;0;2;0;14;8;3;10;18;1;12;0;3;4;2;9;7;3;8;4;3;2;10;6;3;5;6;2;3;1;4;6;4;2;4;24;1;1;3;1;3;1;4;1;0;1;1;1;3;2;6;1;2;4;0;6;2;0;1;0;2;0;0;4;1;3;2;0;0;1;4;0;0;0;1;2;2;1;2;1;5;1;0;5;0;0;1;2;0;0;0;2;0;0;0;6;3;2;0;0;2;1;0;3;3;1;4;3;1;2;0;3;3;1;0;2;9;0;1;2;0;1;2;2;2;0;2;1;0;3;8;4;5;4;3;3;0;1;0;5;1;2;0;0;4;1;2;1;1;4;0;0;3;0;4;2;0;4;2;2;4;1;1;2;6;6;0;4;2;1;5;1;8;2;0;0;2;3;3;3;3;1;4;3;0;2;1;3;2;6;4;1;0;0;0;0;2;1;1;5;1;2;1;1;0;0;2;0;0;0;1
7140;0;1;2;0;4;0;1;3;1;5;0;4;0;0;0;14;0;0;3;0;2;1;0;0;0;6;1;1;2;0;0;1;0;2;4;1;1;0;0;1;2;0;1;2;0;3;1;1;1;1;3;1;4;6;1;2;1;2;1;0;0;3;2;13;3;8;2;5;1;22;2;4;6;4;4;7;6;4;21;40;3;13;3;15;6;2;4;5;27;1;6;6;5;2;10;1;4;3;0;1;2;1;2;5;2;4;3;1;6;4;4;1;1;1;2;1;9;46;4;43;8;7;22;5;10;9;2;6;19;8;10;9;9;10;0;2;2;0;1;1;0;1;262;25;10;164;102;147;181;48;;75;45;43;124;7;10;23;0;15;6;11;145;4;2;1;7;5;27;9;10;3;6;11;3;6;139;3;8;3;7;3;2;2;1;3;0;1;1;2;2;2;13;4;1;13;20;1;13;0;2;3;1;5;3;1;6;1;3;2;3;3;4;1;3;3;4;1;2;1;2;1;1;15;3;0;0;2;0;1;0;3;1;3;1;2;1;1;4;0;2;3;0;4;1;1;0;2;0;0;2;3;3;0;0;0;0;1;4;1;1;1;2;0;3;1;0;1;0;2;0;0;0;0;0;2;1;1;0;0;0;3;3;6;0;1;1;3;0;1;0;0;2;0;4;4;5;0;0;1;2;0;1;2;1;1;0;0;0;1;0;1;0;0;0;2;1;1;14;9;5;3;1;4;0;0;0;3;0;0;0;0;0;0;0;0;0;0;0;1;2;1;1;2;2;0;1;4;3;6;4;1;0;1;3;2;3;1;1;6;6;2;0;1;0;3;0;2;1;0;0;0;0;1;1;0;0;6;0;3;0;0;0;1;2;0;1;2;0;0;0;1;0;0;0;0;0;0;0
7141;1;1;1;0;1;1;5;3;3;2;6;4;0;2;0;21;1;5;0;3;1;1;2;2;0;4;12;0;1;2;5;0;0;1;2;0;0;0;2;0;4;4;2;1;0;0;0;1;1;1;7;1;7;3;1;3;0;5;2;3;6;13;2;18;4;15;5;6;3;3;4;2;4;6;6;8;6;6;30;53;0;23;5;11;6;7;4;12;26;1;8;3;6;0;6;6;2;5;2;2;1;2;5;5;7;11;4;0;6;7;1;7;1;14;5;3;17;69;7;106;11;11;28;21;17;30;8;18;207;17;38;33;569;22;5;13;7;5;4;3;2;2;544;27;25;21;14;27;317;122;95;;449;15;24;6;9;10;4;6;5;6;89;1;3;4;8;19;20;4;7;5;6;2;6;11;34;5;12;2;2;3;3;2;3;2;3;2;4;3;2;1;12;7;1;11;11;0;7;0;1;3;1;8;2;1;5;2;6;0;5;5;1;1;2;0;1;2;3;5;0;0;0;22;1;0;2;0;2;0;0;0;1;0;2;1;1;3;2;2;2;3;0;5;1;2;1;0;1;1;0;2;2;1;1;1;2;2;0;0;0;0;0;1;0;0;1;0;2;0;2;2;1;0;2;0;0;2;3;1;0;2;1;6;1;1;1;0;2;0;3;1;0;0;7;5;6;2;0;0;4;2;0;3;2;0;0;0;0;2;1;4;4;2;2;4;1;3;13;3;1;6;3;6;0;0;2;3;4;2;0;0;1;3;0;2;0;3;0;0;0;1;3;0;4;2;3;2;10;0;1;3;1;1;2;6;4;1;3;3;11;4;3;1;3;1;0;1;0;0;2;0;1;1;1;0;1;3;2;4;0;1;0;0;1;0;1;0;0;0;2;4;0;0;0;0;1;1;1
7143;3;5;5;1;1;3;5;3;3;1;3;6;3;1;3;28;1;2;0;2;2;1;1;2;2;8;15;5;1;5;1;3;4;2;4;3;2;0;0;5;1;0;0;3;1;1;2;4;2;3;17;6;8;3;1;4;3;1;2;1;2;8;4;38;12;22;3;6;1;3;3;6;13;10;12;16;5;14;68;124;11;36;6;22;11;10;25;14;92;3;3;10;3;4;14;8;3;12;7;2;5;6;8;3;10;16;9;3;3;8;9;18;9;117;6;8;25;101;14;60;11;9;25;12;17;28;4;21;33;21;59;146;409;33;3;7;7;6;10;5;4;4;435;41;516;16;8;25;355;426;52;338;;35;34;10;12;15;0;24;4;11;94;2;1;3;10;3;11;4;4;5;12;3;7;9;17;2;17;6;7;8;6;7;3;4;2;6;4;2;4;0;15;8;0;16;22;1;14;5;3;3;6;11;4;1;4;0;2;2;9;5;2;3;5;3;3;3;1;4;6;2;0;34;1;0;4;0;6;1;4;3;3;1;2;1;0;2;9;1;1;5;2;5;0;0;1;1;0;3;0;4;5;0;2;1;1;1;3;2;1;1;1;0;1;0;0;5;1;1;0;0;1;2;2;4;1;0;0;2;0;4;0;8;0;2;1;0;3;1;1;1;3;2;6;4;3;1;0;1;3;1;1;2;5;2;3;0;0;3;1;1;4;1;3;1;1;3;21;3;5;3;3;2;0;0;0;5;5;0;0;2;0;2;0;0;1;0;1;2;0;2;3;0;6;5;2;4;3;4;2;0;4;0;5;6;1;1;1;2;11;4;3;0;1;3;2;1;0;1;2;2;1;1;1;3;2;4;3;2;0;4;0;1;1;1;1;0;2;0;0;1;4;0;2;1;3;1;0
7211;5;8;8;1;3;5;4;3;5;2;4;7;4;2;6;64;10;3;2;2;2;1;5;2;0;13;23;3;2;7;0;1;5;3;9;5;0;5;2;2;2;1;2;2;0;4;7;5;1;3;4;1;7;5;1;1;2;8;3;3;0;19;5;69;12;21;9;14;4;5;6;5;15;10;13;24;7;12;77;151;9;78;26;30;30;13;9;12;51;2;2;30;6;5;10;2;6;10;3;3;1;8;8;7;21;21;5;3;5;8;5;11;5;10;3;10;10;83;9;34;6;11;11;11;6;3;0;10;15;10;15;3;7;12;1;8;4;2;6;0;3;2;88;50;17;39;52;57;97;53;52;34;58;;403;578;67;3648;6;46;12;26;82;13;16;186;16;12;17;18;12;25;25;1024;16;13;26;17;26;9;13;6;14;8;6;9;3;5;3;0;6;3;22;13;2;24;30;2;19;5;2;4;3;22;9;1;9;1;5;2;16;6;3;9;17;4;4;0;3;5;4;3;3;64;2;1;1;0;2;2;2;2;4;4;2;2;3;0;9;1;4;3;0;3;1;2;2;1;0;0;2;0;1;0;1;0;1;0;3;0;2;3;0;0;1;3;1;4;4;1;0;1;0;1;2;1;0;1;0;0;0;3;5;13;1;1;1;1;2;0;1;1;2;0;9;1;0;1;2;3;1;3;2;3;6;0;0;2;0;0;1;2;2;2;3;3;4;3;131;104;24;90;36;53;0;1;2;10;2;1;0;0;0;0;0;1;2;5;0;0;1;0;4;2;4;2;3;1;6;1;7;3;4;1;3;12;0;1;0;1;23;3;0;2;6;5;0;1;1;1;0;0;0;3;0;1;1;5;0;2;0;1;0;2;4;1;1;1;2;3;0;1;0;1;0;0;0;1;0
7231;0;2;2;0;3;1;3;4;2;3;5;4;2;0;5;18;1;0;3;2;2;4;0;0;2;4;8;3;3;1;1;2;2;0;2;2;1;4;1;2;3;1;6;2;0;0;1;1;2;1;6;4;5;0;2;1;1;3;6;1;1;4;0;16;12;13;3;7;1;17;0;4;6;6;6;12;5;10;17;54;1;26;7;17;14;8;4;2;19;2;3;5;3;0;11;4;2;6;1;0;2;5;1;3;9;5;2;3;2;4;2;4;2;6;0;5;6;22;7;20;5;5;7;1;4;7;1;6;5;9;8;0;7;6;0;0;2;1;1;3;6;3;67;22;9;34;104;162;65;26;98;39;18;393;;223;151;408;6;26;14;8;46;3;6;2;2;6;5;4;5;3;10;7;9;6;24;4;9;1;4;0;5;5;0;4;0;0;0;2;6;1;9;5;7;8;14;2;11;1;3;1;2;4;5;1;8;0;1;1;3;3;4;3;3;1;1;1;0;4;4;1;3;18;0;2;1;1;4;1;1;0;1;0;2;0;0;0;2;3;1;1;1;0;0;1;1;1;0;3;1;0;5;2;0;0;0;0;1;0;0;2;0;0;1;1;1;0;1;1;0;2;0;0;0;0;0;1;1;1;0;1;1;6;0;1;0;2;2;1;1;0;2;1;3;0;1;0;0;0;2;2;2;2;5;0;0;0;2;1;0;1;0;2;6;2;3;2;29;33;16;18;4;19;0;0;1;2;5;0;0;0;1;2;1;1;1;4;0;1;1;1;1;0;0;4;1;0;3;0;1;1;1;1;2;3;2;2;2;1;5;1;4;1;2;3;0;0;1;0;4;0;0;1;1;3;0;3;1;0;0;0;0;0;4;1;1;1;0;1;3;1;1;0;0;0;0;0;0
7232;1;1;1;0;2;1;3;0;3;2;2;0;1;1;0;13;3;1;0;0;0;1;1;0;0;3;6;1;0;1;0;0;1;0;3;1;0;1;0;3;0;2;1;0;2;0;0;0;0;1;2;0;2;0;1;2;0;2;2;0;1;7;2;15;6;11;3;6;2;2;4;3;4;2;8;7;2;2;25;65;1;41;8;14;38;5;5;3;19;1;6;3;3;0;4;3;2;2;0;0;0;5;2;3;2;3;1;3;2;1;4;3;2;5;2;2;1;13;1;5;3;0;5;3;4;1;1;2;4;0;8;7;0;4;0;1;5;1;2;1;1;1;46;11;24;18;32;31;31;23;25;30;25;372;241;;216;278;5;20;8;9;44;3;6;2;8;6;4;5;7;4;16;3;9;6;22;1;7;2;2;4;3;3;2;2;1;2;4;2;1;1;4;2;0;9;9;1;7;1;2;1;2;4;2;1;3;0;3;1;1;1;3;6;3;3;0;0;0;1;1;0;2;7;2;1;0;0;0;1;0;0;1;0;3;1;0;1;3;2;0;5;0;3;2;0;2;0;0;0;0;0;0;0;0;0;0;0;3;0;1;0;0;0;1;0;0;0;3;0;0;2;2;1;1;0;6;0;0;0;0;2;0;3;0;0;0;0;1;1;0;2;1;0;3;0;0;3;0;1;0;3;1;0;5;0;1;0;1;0;0;1;0;0;1;0;1;3;17;15;3;10;4;3;0;1;0;2;1;0;0;1;1;0;0;0;0;0;0;0;1;0;0;0;1;1;1;0;0;0;0;4;0;1;1;1;0;7;0;1;6;1;0;2;1;3;0;0;1;0;2;1;0;0;1;0;0;4;1;0;0;0;0;0;0;0;0;2;1;0;0;0;0;1;0;1;2;0;0
7233;0;1;1;0;3;0;1;2;1;3;0;4;1;4;1;9;3;0;1;2;1;0;1;0;1;1;4;4;2;3;0;1;0;1;3;0;0;2;0;0;4;0;0;0;1;0;3;3;0;0;2;1;6;0;0;1;1;2;3;0;0;2;0;19;5;9;7;7;3;0;0;5;6;6;9;12;9;6;35;74;4;28;14;26;118;7;6;7;27;2;4;5;2;2;5;8;1;0;3;0;1;4;2;2;4;7;3;0;2;2;1;2;0;2;0;4;5;12;1;1;1;3;3;3;2;3;2;2;2;3;6;5;4;7;1;0;0;0;3;1;0;1;57;61;3;4;6;150;82;19;8;12;10;105;184;230;;32;1;6;1;4;18;2;1;1;1;1;3;2;2;1;1;2;3;0;6;0;5;1;1;0;1;3;1;2;0;1;2;4;1;0;3;2;0;4;9;0;2;0;1;0;0;2;3;1;1;2;2;1;3;1;1;1;4;1;1;0;0;2;2;0;0;7;0;1;0;1;0;5;1;0;1;2;1;1;0;0;0;0;1;1;0;0;1;0;0;0;0;0;0;0;2;0;0;2;0;0;0;0;0;0;0;0;0;0;0;0;0;0;0;1;0;0;1;1;1;0;0;0;0;0;0;1;1;0;0;1;1;0;0;0;2;0;1;1;1;0;3;1;1;0;0;1;1;0;0;0;1;2;2;1;1;0;0;0;0;4;10;9;3;6;4;5;0;0;0;1;0;0;1;0;0;1;0;0;0;3;0;0;1;0;1;0;0;2;0;2;2;0;1;3;1;2;5;1;0;3;0;0;3;1;0;0;1;1;0;0;2;2;1;0;0;0;1;0;0;1;2;0;0;0;0;0;2;3;1;0;0;0;0;0;0;0;0;0;0;0;0
7235;0;4;2;0;1;0;2;2;1;1;9;2;1;1;2;18;3;4;2;0;1;0;1;4;0;1;7;1;3;1;2;0;0;3;2;1;0;3;1;5;1;3;1;1;0;0;1;3;0;0;4;2;2;2;1;7;3;3;1;0;3;6;0;20;6;9;2;5;3;0;1;2;5;8;10;8;2;4;24;56;3;40;2;13;10;3;8;7;20;0;1;8;1;2;7;4;2;5;0;4;2;0;7;4;3;7;4;1;0;3;4;8;0;2;2;3;6;34;4;16;5;7;6;5;6;7;2;7;5;5;9;3;4;7;2;4;2;0;1;0;0;0;81;67;68;70;85;54;127;94;54;65;107;1729;499;375;64;;15;50;16;45;114;22;11;21;24;19;33;29;16;29;33;172;30;28;74;28;17;5;6;4;6;6;3;1;1;2;0;2;3;2;10;6;3;16;18;0;10;2;1;3;3;11;5;6;5;0;1;1;4;7;5;4;6;2;3;3;1;2;4;3;1;23;2;0;3;2;1;0;0;0;1;3;2;2;2;0;4;0;0;2;2;4;0;1;2;0;1;1;1;2;1;0;1;1;1;0;4;0;1;1;0;2;2;1;0;0;1;0;0;2;0;1;1;0;0;0;2;0;2;2;0;5;0;1;1;1;2;0;1;1;0;0;3;2;0;0;0;0;1;1;0;3;5;0;0;0;0;2;0;0;1;0;5;1;0;6;75;299;24;69;20;86;0;1;0;4;1;2;0;3;1;3;1;2;0;2;0;1;1;0;1;0;2;1;3;2;4;0;1;2;3;0;2;5;2;4;0;0;6;0;1;1;4;0;0;0;0;0;0;2;0;0;0;1;0;2;1;1;0;1;0;0;2;0;1;2;0;2;0;0;0;0;0;1;0;0;0
7311;1;2;2;0;1;0;0;0;0;1;0;0;0;0;0;8;1;0;0;1;0;0;1;0;0;1;6;0;3;1;0;0;0;1;2;0;0;0;0;0;1;1;0;0;0;0;1;1;1;0;3;2;1;1;0;2;0;0;0;0;0;0;1;3;3;3;2;1;1;1;0;0;2;2;1;5;0;1;4;8;0;2;0;4;3;0;0;0;2;0;0;0;1;0;3;0;3;1;3;1;1;0;0;0;2;4;3;1;0;3;1;2;0;5;0;0;2;21;2;6;52;10;9;0;3;3;3;4;4;4;3;2;5;2;0;1;3;0;2;1;0;0;2;1;0;7;11;0;7;2;6;5;1;3;6;0;5;0;;29;18;381;18;31;9;25;112;13;50;255;48;18;18;12;16;467;5;4;7;1;2;0;5;3;3;2;0;4;3;2;1;4;12;11;4;25;154;4;64;2;3;0;0;2;1;0;5;0;1;1;3;2;0;3;5;2;1;2;1;1;0;1;0;9;1;1;1;0;1;1;1;0;1;3;1;0;2;0;1;1;1;0;1;2;0;0;2;0;0;0;0;1;0;0;1;0;0;0;2;0;0;0;2;0;2;0;1;1;0;1;1;1;6;0;0;1;0;0;0;0;0;2;2;0;0;2;1;0;0;0;0;1;0;0;0;1;0;0;1;0;1;0;0;3;1;0;1;0;1;0;0;0;1;0;3;0;1;1;7;1;3;1;1;2;0;0;0;1;1;1;0;0;1;0;1;0;0;0;0;0;2;0;3;0;0;0;1;0;0;0;0;0;1;0;0;4;1;2;0;3;2;1;3;0;4;4;1;0;1;1;1;0;1;1;0;1;0;1;4;1;1;0;1;0;0;1;0;0;0;1;0;0;0;1;0;0;0;0;0
7312;4;4;4;0;3;0;5;1;3;1;2;0;2;3;3;38;9;1;6;1;2;1;0;1;2;10;25;2;5;5;2;1;0;1;2;2;0;5;0;1;1;1;0;1;1;0;5;4;2;0;2;3;4;1;1;1;1;1;0;0;2;15;3;18;19;17;2;5;1;1;2;3;8;4;9;7;4;3;19;44;5;39;8;7;6;4;7;3;14;0;7;6;2;2;7;3;2;3;5;2;0;2;1;5;17;13;11;1;1;6;7;3;0;8;2;5;48;72;16;34;25;15;23;8;13;18;1;13;12;12;16;6;4;12;3;13;8;1;5;2;4;0;24;10;5;53;55;9;18;14;23;11;22;43;20;14;7;26;38;;42;78;76;54;71;22;37;43;48;104;190;36;1484;201;46;65;40;150;48;25;18;2;20;9;11;16;6;5;1;3;10;1;47;29;17;40;118;9;72;7;6;8;10;14;8;3;16;2;5;2;10;5;6;8;7;1;7;4;4;10;5;3;12;71;2;2;2;1;1;1;3;4;4;3;3;0;0;0;15;2;0;6;2;5;2;1;3;1;4;0;0;3;1;0;3;1;0;1;5;1;0;2;0;2;0;1;0;4;6;1;0;1;2;1;0;0;1;0;0;3;2;6;4;17;1;5;5;2;1;1;4;1;5;2;6;7;3;1;1;4;4;1;2;10;9;1;1;2;3;2;1;4;5;2;2;2;0;5;104;20;37;29;82;31;3;6;2;3;2;1;1;3;0;1;0;1;0;1;1;0;1;1;5;0;2;0;1;7;5;2;9;1;3;7;3;9;1;2;0;2;9;1;1;1;7;5;1;2;0;2;1;0;0;0;2;0;0;2;1;9;1;4;0;2;2;0;0;1;0;0;0;3;2;0;0;0;0;0;0
7313;2;2;2;0;0;0;0;2;0;0;4;2;1;0;2;18;4;1;1;0;0;0;1;0;1;2;11;1;1;3;0;0;1;1;1;3;0;1;0;1;3;0;0;1;0;0;4;5;2;0;2;4;1;0;1;0;0;2;0;1;0;5;0;10;4;3;1;3;0;2;1;1;6;5;4;3;2;2;13;25;2;14;5;10;4;3;1;3;11;2;1;8;5;3;4;5;2;4;0;0;2;2;0;2;3;5;1;1;1;1;1;4;2;1;3;2;2;29;5;9;12;4;5;3;5;8;3;7;5;2;8;1;4;8;0;5;4;1;2;1;2;0;15;8;2;18;9;6;16;10;5;7;5;15;11;8;6;9;12;34;;42;40;78;33;25;14;18;11;50;15;172;27;18;919;40;13;78;25;5;14;0;10;7;6;6;1;1;1;4;3;3;106;49;17;24;59;2;35;7;2;9;0;23;3;2;16;2;1;4;9;5;4;6;8;1;2;1;4;5;4;6;1;25;1;0;0;0;3;0;0;2;1;0;3;0;1;0;1;0;0;2;0;4;1;0;2;1;0;0;1;0;4;0;2;1;0;0;2;0;0;0;0;0;1;0;0;0;0;0;0;0;0;0;0;0;0;1;0;0;0;0;2;1;0;2;1;0;0;4;0;0;1;0;4;1;1;1;0;2;0;2;1;1;6;0;2;0;1;0;0;0;0;1;0;1;0;0;43;15;24;31;26;20;0;0;0;1;3;0;0;1;1;1;0;0;0;3;0;0;0;0;0;0;1;0;0;0;2;2;3;2;0;1;1;9;0;3;0;0;10;3;1;0;0;2;1;2;1;0;2;0;0;0;1;0;0;2;1;0;2;0;0;0;0;0;0;0;0;0;3;1;1;2;0;1;1;0;0
7314;2;10;3;2;1;5;5;6;3;1;4;2;2;2;8;38;4;3;1;1;1;0;4;0;1;6;18;3;2;5;2;2;4;3;4;6;0;1;1;2;1;4;2;1;0;0;2;5;1;0;0;3;6;0;1;3;6;5;5;6;1;8;2;24;14;17;10;11;3;2;4;4;11;4;7;14;5;5;11;37;5;22;8;17;5;5;2;5;11;2;12;7;1;3;19;4;7;5;5;0;0;8;2;3;6;19;4;3;4;4;3;8;1;5;0;7;23;78;16;27;241;36;40;19;13;10;10;18;8;12;13;4;8;11;2;9;12;1;2;2;2;4;15;8;4;22;15;3;13;11;9;11;12;17;13;3;3;10;460;71;33;;56;106;16;114;163;10;81;607;96;77;30;24;72;1396;31;23;44;13;17;6;29;15;16;28;4;8;6;4;10;6;53;76;18;114;1333;19;369;11;14;9;3;13;8;5;21;4;10;0;19;19;4;9;15;7;4;2;6;4;8;7;6;53;0;4;3;4;4;4;4;0;5;4;4;2;2;2;5;3;1;2;1;2;1;0;3;2;5;0;5;3;3;0;0;2;1;1;6;0;1;1;2;1;2;3;0;2;2;2;1;3;1;3;2;0;0;1;0;1;1;7;3;13;1;5;0;2;1;4;2;3;4;4;5;4;3;0;2;3;3;2;1;0;10;3;2;0;2;2;1;2;2;2;1;5;2;1;28;6;14;10;14;6;4;0;1;5;2;4;0;0;3;1;3;1;1;2;1;3;2;3;4;2;3;1;3;1;4;1;3;3;5;7;3;7;2;5;2;1;12;1;1;0;6;9;0;3;3;0;2;0;0;1;1;0;0;1;1;2;0;2;0;4;1;0;1;0;0;1;0;2;1;1;0;0;0;0;1
7315;7;15;20;2;1;2;15;8;5;3;7;5;9;3;4;147;14;1;5;4;5;2;2;2;2;34;59;1;5;13;2;3;1;4;6;6;2;12;3;2;0;5;2;2;2;2;15;10;4;5;9;4;9;3;4;5;2;6;2;1;1;35;7;69;14;36;11;12;7;7;4;4;19;7;15;24;10;17;68;162;6;58;5;25;9;7;10;13;33;2;12;45;6;4;14;10;5;14;9;3;3;12;7;13;29;37;7;5;4;10;10;13;5;19;9;3;176;628;67;1292;87;111;487;66;73;250;16;113;267;67;58;32;78;67;12;19;42;10;10;11;12;7;97;26;12;323;60;22;66;36;119;76;68;65;35;22;16;33;20;56;28;52;;21;11;21;70;9;592;53;65;27;32;25;25;51;2342;27;82;21;30;8;36;17;15;23;3;7;12;3;12;6;69;34;19;77;123;4;82;8;11;7;4;63;25;11;20;4;8;6;20;18;12;14;33;3;17;4;13;14;16;4;13;171;2;1;6;1;3;2;5;2;11;8;6;4;5;0;18;1;3;7;5;5;5;6;3;0;0;0;3;0;2;3;2;0;0;0;13;1;2;0;2;2;3;1;1;9;6;3;1;4;3;1;3;1;1;1;2;0;2;13;5;28;0;7;5;2;0;4;2;2;19;2;29;22;6;0;1;3;20;8;5;14;23;2;2;0;1;6;0;3;8;6;3;7;3;7;58;22;14;20;30;17;1;3;2;17;4;3;0;4;5;4;0;2;0;4;1;0;3;0;9;5;8;4;7;1;10;1;10;0;4;2;0;30;0;10;1;6;68;4;1;3;14;19;2;0;2;1;4;2;0;5;2;1;1;19;3;21;1;7;1;7;6;1;3;5;5;1;1;2;1;0;2;2;0;2;1
7316;0;0;0;1;1;4;1;0;0;1;1;1;0;2;0;14;0;0;1;0;0;0;0;0;0;2;6;0;0;0;0;1;2;1;0;0;0;0;0;2;1;0;2;1;0;1;0;0;1;0;2;0;1;0;0;0;0;3;0;0;0;3;1;4;2;8;1;2;0;0;0;1;3;7;5;2;1;1;7;14;0;6;1;8;1;0;3;1;4;0;0;3;1;0;3;2;0;2;1;3;2;0;1;0;0;0;2;0;0;3;1;0;0;1;0;0;10;24;2;7;15;7;6;3;5;2;0;4;2;6;3;2;0;6;1;3;4;1;0;1;0;3;7;2;1;8;3;0;2;1;5;1;1;8;4;2;0;0;13;51;92;73;26;;10;38;10;0;7;485;12;60;33;6;264;110;5;18;18;2;5;4;5;4;4;10;1;2;2;3;2;2;29;19;7;23;93;2;44;4;2;3;0;8;7;3;9;1;3;0;4;6;3;3;2;1;1;2;2;3;2;3;1;20;0;0;0;0;0;0;0;1;2;0;1;0;0;0;3;1;1;0;0;0;2;0;0;0;0;0;0;0;1;0;0;0;0;0;1;0;0;0;0;0;3;0;0;1;1;0;0;0;0;0;0;0;0;0;0;1;0;1;0;3;0;1;0;0;0;1;0;1;1;1;4;0;0;0;0;0;1;0;0;2;2;0;1;0;0;1;0;0;0;1;0;2;1;1;10;2;6;4;9;1;1;0;1;2;1;1;1;0;0;0;2;1;0;1;2;0;1;0;2;0;1;0;2;3;2;0;4;0;0;0;2;3;0;1;1;1;9;0;1;1;3;1;1;1;0;0;0;2;0;0;0;0;1;2;1;2;0;1;0;1;1;0;0;0;0;0;0;0;1;0;0;0;1;0;0
7317;0;1;1;0;1;0;0;2;1;0;0;0;1;2;1;5;1;0;1;0;2;0;0;0;0;1;7;1;1;1;1;0;1;0;5;1;0;0;0;1;0;0;0;0;0;0;3;0;4;2;2;1;2;0;0;1;0;0;0;0;0;0;2;12;8;4;0;3;0;1;2;0;6;4;5;3;1;7;2;4;4;4;0;3;3;1;0;1;4;0;3;1;1;1;12;0;1;0;1;0;0;0;0;0;0;13;5;2;10;1;2;0;1;0;2;3;1;11;0;1;8;5;2;2;1;2;0;2;2;2;2;1;4;1;3;4;0;0;3;1;2;1;2;2;2;8;14;3;4;2;1;4;1;21;2;1;2;5;1;86;19;20;11;8;;7;8;78;2;10;10;11;40;19;34;9;11;645;8;1;0;4;5;1;1;4;3;0;1;0;3;1;12;9;7;7;15;4;7;6;1;2;0;1;1;0;3;0;2;1;3;1;2;2;3;2;2;0;1;1;2;0;0;7;2;0;3;2;0;0;0;0;1;0;1;0;0;1;2;0;1;0;0;2;2;0;0;0;0;0;0;0;1;0;2;0;0;0;3;0;0;0;1;1;0;0;1;0;0;0;1;0;1;0;0;0;0;0;0;0;0;1;1;1;0;0;0;1;0;1;0;0;2;0;2;1;0;0;1;1;1;1;0;2;2;1;0;0;0;3;2;0;1;0;0;2;0;0;47;8;19;11;36;7;0;0;0;0;0;0;0;0;1;0;0;1;0;1;1;0;0;0;0;1;0;1;0;0;1;1;4;0;1;0;2;3;1;2;0;0;3;1;0;1;1;0;0;0;0;0;0;0;0;0;0;1;0;1;0;1;0;0;0;0;1;0;1;0;0;0;1;0;0;0;0;0;0;0;0
7318;1;3;0;0;1;1;2;1;0;1;0;1;0;0;1;11;0;0;0;1;1;0;0;0;0;4;5;3;0;1;1;0;0;1;0;0;0;1;0;0;3;1;0;1;2;0;3;4;1;2;0;4;3;0;1;0;0;0;1;1;0;0;1;8;4;3;0;1;0;0;0;1;2;3;1;3;0;3;2;11;1;6;2;1;0;1;0;2;1;0;1;2;2;1;1;2;2;0;0;4;0;2;3;2;5;8;3;2;0;1;1;1;0;1;0;1;5;22;0;10;23;4;2;1;0;3;1;3;3;3;7;0;2;3;1;1;0;0;5;1;1;2;17;8;12;47;11;8;27;34;35;19;35;11;13;8;8;42;55;44;33;162;124;82;20;;65;7;77;140;29;244;36;104;113;778;88;61;13;3;8;2;8;1;6;8;2;2;2;0;3;4;33;54;7;31;107;4;129;6;3;2;0;10;4;2;8;2;2;0;6;3;5;5;5;0;2;1;1;3;0;3;1;17;0;1;1;1;0;2;1;0;1;2;0;0;0;1;3;0;1;2;0;1;4;0;2;0;2;0;0;0;3;1;0;1;0;0;2;0;0;0;0;0;0;0;0;0;3;0;0;1;0;0;0;0;0;0;1;0;1;1;1;3;0;0;0;0;0;0;0;0;0;0;1;4;0;0;0;0;1;0;1;3;3;1;0;0;0;0;2;0;1;2;1;1;0;1;7;2;1;3;8;0;0;0;0;2;2;0;0;1;0;0;0;1;3;0;0;0;2;0;2;0;0;0;0;0;0;1;0;0;1;1;0;3;2;3;0;0;7;0;0;1;0;1;0;0;1;0;3;0;1;0;0;0;0;1;0;1;0;2;0;0;2;1;0;0;0;0;0;0;0;0;2;0;0;0;0
7319;1;2;2;0;5;1;4;0;2;1;0;2;1;0;1;22;2;0;1;1;3;0;1;1;1;0;7;1;0;2;0;0;2;1;3;0;0;0;0;0;1;2;2;2;0;1;3;2;3;0;3;3;2;0;0;0;0;2;5;0;6;7;1;14;10;5;1;7;0;1;0;3;5;1;4;7;4;3;7;17;1;9;0;10;3;0;4;7;8;1;2;4;3;3;2;4;1;3;4;1;1;3;4;2;3;12;5;3;2;2;3;3;2;7;2;4;28;46;11;32;269;35;43;9;18;11;8;21;15;8;5;6;3;5;4;2;2;1;3;4;1;2;6;5;2;32;9;4;14;4;21;12;10;8;3;2;3;4;103;25;14;130;84;17;12;11;;6;753;140;101;15;16;12;19;149;66;7;22;6;4;1;9;4;5;10;2;3;5;0;5;8;16;19;8;35;165;8;77;3;3;2;1;8;3;2;9;1;5;3;6;8;1;3;6;1;3;2;0;2;7;3;3;21;0;0;0;2;2;0;0;0;3;2;3;1;1;1;7;2;1;4;0;3;1;2;0;0;1;0;0;1;0;1;0;0;1;0;3;0;0;0;1;1;0;1;0;4;0;0;1;0;0;0;1;1;0;1;0;1;1;2;3;7;1;4;0;1;0;0;0;2;5;1;2;5;0;1;1;1;7;1;0;4;4;1;1;1;0;0;0;2;3;4;1;1;1;4;12;4;8;7;8;2;0;1;0;0;2;1;1;2;0;0;1;0;0;3;0;1;4;0;0;1;1;0;5;0;0;1;5;4;2;1;0;3;2;6;1;0;5;1;0;0;3;1;0;1;0;1;2;0;3;1;1;2;3;3;1;2;1;2;1;0;1;0;0;1;1;0;0;3;0;0;0;0;0;0;0
7320;4;1;3;0;3;0;0;0;1;0;1;0;1;2;0;7;1;0;0;1;1;1;0;0;0;1;2;0;0;1;1;0;0;0;1;0;0;0;0;0;0;0;0;1;0;0;1;1;0;1;0;4;0;0;1;2;0;0;1;0;1;4;3;4;1;1;0;2;5;0;0;0;2;1;0;0;1;1;3;4;5;4;0;3;1;1;1;0;3;1;2;1;0;0;1;2;2;1;0;2;0;3;0;0;5;2;1;1;0;2;0;3;0;3;1;0;5;13;3;5;3;1;3;2;5;2;0;1;5;0;1;0;2;3;0;2;0;0;1;0;1;1;5;0;2;7;9;1;9;3;2;11;1;12;7;5;0;10;9;42;14;9;15;5;77;2;2;;13;7;4;7;44;24;10;7;3;368;7;2;1;0;2;1;2;3;1;0;0;4;1;2;9;6;2;5;14;0;6;2;1;2;0;2;0;0;2;0;2;0;4;2;0;1;3;0;1;0;2;0;4;0;1;8;0;0;1;0;0;0;0;2;1;0;0;0;0;0;2;0;0;0;1;0;1;0;0;0;0;0;0;0;1;0;1;0;0;0;2;0;0;1;0;0;0;0;0;0;0;0;0;1;0;1;0;0;0;0;0;0;0;1;0;1;0;0;1;1;1;0;0;0;0;0;0;1;6;0;0;0;1;1;0;0;3;0;0;0;0;3;0;1;0;0;0;0;1;2;94;10;35;16;205;8;0;2;0;0;0;0;1;0;0;0;0;0;0;0;0;0;0;0;0;0;1;4;1;0;0;0;1;0;0;0;1;1;2;1;1;3;3;0;3;0;2;1;0;0;2;0;0;1;0;0;0;0;0;1;0;0;0;0;0;0;2;0;0;2;0;1;0;0;0;0;0;0;0;0;0
7331;1;2;0;2;0;1;5;5;0;2;3;3;2;1;3;20;0;0;0;0;2;2;1;0;1;5;10;0;1;5;1;1;1;0;3;2;0;3;2;1;1;1;1;1;2;0;3;0;0;1;6;0;2;1;0;4;1;2;0;0;0;5;3;7;6;5;2;4;2;0;2;1;0;2;1;5;2;1;10;23;1;8;3;8;2;0;1;1;9;0;4;4;4;1;3;5;3;3;2;1;2;3;1;2;5;6;0;2;2;3;2;4;0;5;4;1;28;62;12;103;75;29;67;10;14;28;5;18;37;9;15;4;11;10;2;1;4;3;1;2;4;3;22;6;6;370;32;6;17;10;38;17;11;12;10;5;3;5;42;51;19;75;411;7;6;6;588;16;;96;354;18;21;22;10;53;603;9;14;4;4;1;5;5;6;10;2;2;2;1;4;1;15;16;5;20;98;6;38;2;3;3;0;9;3;7;2;1;6;1;9;5;2;4;5;4;2;4;2;4;2;1;3;12;2;0;1;0;1;0;0;0;2;2;0;0;0;0;3;2;3;3;2;4;1;0;1;0;0;2;0;0;0;2;0;0;3;0;2;0;4;3;1;0;0;0;0;2;5;1;0;1;1;0;0;2;1;0;0;1;0;2;2;7;0;1;2;0;0;2;0;0;4;0;6;7;3;0;0;1;2;1;3;0;4;0;2;0;0;1;3;0;5;0;2;1;0;1;13;5;3;7;8;1;2;1;0;2;0;0;1;2;1;1;3;1;0;1;0;0;1;0;1;0;2;0;4;2;4;1;2;2;3;1;0;3;1;5;1;0;7;1;0;1;2;0;2;0;1;0;2;4;0;1;1;2;1;3;0;4;0;2;0;1;1;0;0;2;3;0;0;3;2;0;4;1;1;0;0
7332;2;2;3;0;2;0;8;4;3;4;2;5;1;1;4;19;1;2;0;1;2;0;0;0;1;6;6;1;0;1;0;0;2;2;1;2;0;0;0;0;0;0;4;1;0;1;1;3;0;0;2;0;0;1;0;2;0;1;1;3;0;9;5;14;8;7;3;3;2;0;1;1;3;3;0;1;2;1;9;22;1;12;4;6;2;1;2;4;6;0;3;5;4;2;4;4;0;4;4;1;2;4;3;2;1;5;4;0;2;3;0;5;0;2;0;0;20;47;6;24;54;11;12;6;9;6;6;7;11;5;7;5;2;9;6;3;7;4;2;2;1;1;7;3;3;20;9;6;9;5;9;5;5;19;8;9;1;10;159;113;66;297;75;508;20;66;98;12;104;;303;52;91;30;134;482;25;40;26;7;11;1;7;6;6;13;3;5;4;1;8;5;50;32;6;49;245;5;105;4;3;4;8;18;8;3;14;3;6;1;11;4;5;3;10;2;4;4;0;3;4;0;2;38;2;1;3;1;1;0;0;0;2;3;2;1;0;0;7;0;1;0;2;5;1;1;2;1;0;2;2;0;2;0;2;2;1;0;2;0;0;2;1;0;1;1;1;1;5;0;1;2;0;0;0;1;0;1;2;0;0;5;0;6;0;4;0;1;0;2;1;0;3;1;7;4;3;0;1;3;2;1;0;2;4;0;0;2;1;0;0;4;2;1;2;1;2;7;23;10;6;3;11;4;0;0;1;2;2;1;1;1;4;3;2;1;0;1;1;1;0;1;0;2;2;0;4;0;2;0;3;1;1;2;4;4;3;2;1;2;8;0;1;0;5;3;0;0;0;0;1;0;0;1;4;1;0;5;0;0;0;1;0;0;1;0;1;0;2;0;0;3;0;0;0;0;1;1;1
7333;2;0;0;1;1;1;2;0;1;1;3;0;0;0;4;9;0;0;0;0;1;0;2;0;0;1;5;0;0;3;0;0;0;0;0;1;1;1;1;2;1;1;0;1;0;0;1;0;2;1;3;2;0;1;2;3;4;0;1;0;0;3;3;7;1;6;0;1;1;2;1;0;1;0;1;1;1;1;6;8;4;9;3;3;0;0;2;1;3;0;0;0;1;1;2;3;0;0;1;1;1;0;1;0;3;2;3;1;3;0;5;0;1;4;1;3;8;25;4;23;21;7;15;2;5;6;5;5;6;7;3;1;5;6;3;4;2;2;1;5;1;5;6;1;3;166;16;4;13;11;17;4;4;6;4;6;2;7;26;241;16;59;70;17;19;10;65;8;221;262;;9;173;50;17;32;41;20;7;5;2;2;3;5;4;6;3;2;4;0;4;2;8;8;3;10;54;7;32;3;1;0;1;6;2;1;2;2;1;2;3;3;2;6;9;4;0;2;0;4;2;4;1;15;0;2;4;2;0;1;0;0;0;0;0;0;0;0;4;1;0;3;4;2;0;0;0;0;0;0;0;1;2;0;0;0;0;0;1;0;0;2;2;0;0;0;2;0;1;0;0;0;1;2;0;0;0;0;1;0;0;0;0;3;0;0;1;1;0;2;1;0;1;0;3;6;1;0;0;0;1;0;1;0;0;1;4;1;0;0;1;0;2;0;1;1;0;5;12;2;7;3;14;5;0;0;0;0;0;0;1;0;0;0;1;1;0;2;0;0;1;0;0;0;2;0;1;1;3;1;0;1;1;0;2;2;0;3;0;0;10;1;1;2;1;1;0;0;0;2;0;0;0;3;2;0;2;3;0;0;0;2;0;0;1;0;0;0;0;0;1;1;0;0;0;0;0;0;0
7334;0;3;0;4;0;1;6;0;0;1;2;2;3;0;2;18;0;1;0;3;0;0;1;0;1;2;9;2;0;2;1;0;5;2;4;2;0;2;0;3;2;2;0;1;0;1;1;4;1;1;3;3;5;0;0;2;1;1;0;2;3;8;0;17;9;4;2;2;1;2;2;0;3;4;7;7;2;3;7;15;2;9;1;3;2;2;4;0;7;0;2;3;4;1;5;2;2;2;1;4;0;1;3;1;6;6;1;0;1;2;8;2;1;2;2;2;12;31;7;16;16;11;10;5;8;7;2;6;5;9;7;3;2;5;1;6;3;1;2;2;1;1;8;5;3;11;5;1;6;3;3;10;5;15;6;2;2;10;19;32;270;74;40;78;30;169;13;15;18;71;8;;15;16;663;179;9;62;39;15;18;8;20;9;8;12;2;6;10;6;5;15;401;327;66;46;94;8;97;21;12;31;11;20;8;5;30;1;3;4;11;10;3;8;8;5;10;1;2;5;5;7;0;30;0;2;2;0;2;1;1;2;3;3;2;0;0;2;4;2;0;3;2;2;2;0;2;0;0;1;3;3;6;0;0;0;2;2;2;1;1;3;0;1;3;0;0;3;0;0;0;0;0;0;1;0;0;0;0;1;0;1;2;8;0;1;3;3;1;0;1;1;0;2;3;1;3;0;1;0;3;0;0;3;5;1;3;2;2;3;1;3;5;2;1;1;0;1;24;4;6;5;10;3;1;3;0;2;0;5;5;0;0;0;0;0;1;3;2;0;2;1;0;0;0;2;5;0;3;3;3;1;4;0;1;5;3;4;1;0;8;2;1;1;2;3;0;0;2;2;0;1;4;0;0;0;0;7;0;2;0;1;0;0;2;0;0;1;1;0;0;1;1;1;0;0;0;0;4
7335;1;1;1;0;0;3;4;1;2;3;0;3;0;0;1;18;2;0;2;3;1;0;0;1;0;1;3;1;1;1;1;1;2;2;2;0;1;2;0;1;0;0;0;1;0;0;0;0;1;0;1;8;3;0;0;2;0;4;0;0;4;3;4;8;5;6;1;3;2;1;0;0;1;3;2;2;0;4;8;13;2;7;1;3;1;1;1;1;4;2;0;3;3;1;4;0;0;0;1;4;0;2;3;0;1;0;0;0;8;2;0;2;0;3;2;1;3;31;4;17;13;9;7;1;6;8;1;8;6;7;5;2;3;7;2;2;2;2;0;4;1;0;12;3;2;35;30;1;6;6;9;4;8;29;12;6;6;18;19;1294;27;29;43;34;45;11;14;46;26;70;190;12;;422;19;21;16;218;13;9;3;0;7;5;3;4;1;1;1;1;4;3;11;10;1;20;55;3;22;2;1;2;1;7;3;0;8;3;5;3;2;2;4;4;7;4;1;1;0;1;1;4;1;12;1;1;1;0;1;2;0;1;0;1;3;0;0;1;3;0;1;0;4;1;0;1;0;0;0;0;1;1;0;1;0;5;0;1;1;0;4;0;1;1;1;0;2;0;3;0;0;1;1;2;0;0;0;1;0;0;2;1;0;7;0;1;3;1;1;1;0;1;0;1;2;4;1;0;3;0;2;0;1;1;2;0;1;0;0;1;0;2;2;4;4;1;1;5;77;11;37;15;118;22;1;2;1;1;1;1;0;1;0;2;1;1;1;0;0;1;0;2;2;0;0;2;0;1;1;1;0;0;1;0;0;3;0;2;0;1;5;1;0;3;0;3;1;0;1;1;0;0;1;1;3;0;0;1;0;1;0;1;1;0;0;0;0;1;0;0;1;1;0;0;0;0;1;1;0
7336;0;0;1;0;0;1;1;0;0;1;1;0;1;1;2;3;0;1;0;0;1;0;0;0;0;1;3;0;0;0;1;1;4;0;1;0;0;0;1;0;0;1;0;0;0;0;0;0;0;0;1;1;2;0;1;0;0;3;2;0;4;4;0;1;2;4;2;2;1;0;0;0;2;2;3;2;1;3;4;11;1;3;1;1;0;1;1;2;3;0;6;1;4;0;1;1;0;4;0;1;4;1;2;2;2;3;0;1;0;1;0;0;0;0;0;2;2;15;4;5;5;3;3;1;5;3;3;7;6;2;3;1;1;3;1;0;2;3;4;1;0;3;48;30;36;170;133;18;81;56;32;29;54;22;42;26;18;45;18;248;22;56;78;16;35;13;33;45;49;58;87;39;396;;35;39;62;78;3;5;4;1;3;2;0;1;0;0;0;0;3;0;5;4;1;5;19;1;17;1;3;4;2;5;3;0;4;1;0;0;0;3;3;6;1;1;2;0;0;2;1;1;0;4;1;0;1;0;1;1;1;0;1;1;1;0;1;0;1;0;0;0;1;2;0;0;0;1;0;0;0;0;0;1;0;0;0;0;1;0;0;0;0;0;0;1;0;2;0;0;1;1;1;0;0;0;1;1;0;0;0;0;0;4;0;0;0;0;0;0;1;2;0;0;0;0;0;1;1;0;1;0;0;0;4;0;1;0;0;1;0;0;0;2;5;1;0;0;83;7;92;19;205;90;0;1;0;0;0;0;1;0;1;1;0;0;0;2;0;0;1;1;1;0;1;0;3;1;0;0;3;1;0;0;0;2;0;0;0;3;4;1;0;0;0;2;0;0;0;0;0;0;0;0;0;0;0;0;2;0;0;0;0;0;0;1;1;1;1;0;0;2;0;0;1;0;2;0;0
7337;0;3;0;1;0;1;3;0;1;0;0;3;1;0;1;20;0;1;0;2;1;0;2;2;0;4;6;0;0;0;0;1;1;1;1;1;0;0;4;1;3;4;1;3;1;0;1;1;1;1;2;0;1;2;0;5;1;1;1;2;1;3;1;7;2;6;3;0;2;1;0;2;3;2;2;3;1;3;6;17;2;7;4;2;4;0;2;3;9;0;2;5;4;0;2;0;1;4;2;2;3;2;0;1;3;3;0;1;2;1;1;1;0;3;1;1;7;33;2;12;8;4;4;4;5;1;0;8;3;8;10;1;4;4;2;2;7;3;0;2;2;1;11;5;0;9;10;4;10;6;6;6;6;14;7;5;2;4;11;52;905;48;41;263;35;41;18;17;15;131;16;491;21;6;;78;7;239;24;9;10;6;12;3;9;10;3;3;2;0;6;7;120;82;29;32;82;4;54;6;10;10;3;21;2;4;18;0;5;1;9;7;0;7;13;4;3;2;0;4;5;2;1;25;0;2;0;1;1;1;0;0;2;1;1;1;2;2;1;0;0;2;1;1;1;0;1;1;0;0;2;0;3;0;3;0;0;0;2;0;0;1;1;0;0;3;1;3;4;2;0;5;0;0;0;0;1;1;0;0;0;0;0;2;0;1;0;0;0;1;1;0;3;1;5;5;2;1;0;0;2;1;1;1;2;0;0;0;1;1;2;0;4;3;0;1;0;2;19;4;6;8;13;1;1;0;0;4;1;2;0;0;2;1;1;0;0;3;1;0;1;0;1;2;1;1;3;1;1;2;1;1;3;2;0;3;1;4;0;0;7;0;0;0;0;2;0;0;0;1;2;0;2;1;1;0;2;2;0;1;1;1;1;0;1;0;1;0;0;0;1;1;0;0;1;1;0;2;0
7338;0;2;1;1;4;1;0;3;0;3;1;0;1;2;1;20;1;0;0;1;1;0;1;0;1;4;16;0;0;2;1;1;0;3;2;1;0;0;0;2;0;2;2;1;0;0;1;3;2;0;6;1;6;0;0;5;3;1;3;4;0;6;3;9;1;6;1;3;2;2;1;1;4;3;3;1;3;3;10;24;5;12;1;5;2;2;3;3;6;0;2;5;3;2;14;2;3;1;1;4;0;3;2;1;9;6;0;1;4;6;2;3;3;7;2;4;19;47;5;19;93;10;15;3;11;7;7;13;9;5;9;2;3;9;1;4;2;1;2;1;2;4;9;8;7;17;25;2;13;1;12;7;10;11;6;1;2;7;381;52;61;943;59;171;12;573;164;9;80;664;73;173;33;17;113;;22;35;26;6;16;4;10;5;7;13;1;4;2;3;3;3;63;60;9;81;444;9;220;2;6;9;3;15;3;0;14;2;2;2;15;4;2;5;13;1;4;4;4;7;7;4;2;36;2;2;0;4;1;1;1;1;4;0;0;2;0;1;5;0;0;4;0;0;2;1;0;1;2;1;0;1;4;0;0;0;1;0;2;0;2;1;2;0;4;1;2;1;5;0;1;1;0;0;0;0;0;0;1;1;1;3;1;5;0;4;2;2;0;2;2;0;2;3;5;6;0;1;0;1;1;3;1;2;1;1;2;0;1;2;1;1;5;1;3;1;1;2;12;7;5;5;6;2;1;5;0;3;0;0;1;1;0;3;0;0;0;2;1;0;3;0;1;0;5;0;6;1;4;0;1;3;3;1;2;5;2;5;1;0;15;3;3;2;3;3;0;0;1;0;2;0;2;0;0;0;1;3;4;3;0;1;0;2;2;2;0;1;1;0;1;0;0;0;0;0;0;0;1
7339;3;10;3;0;4;0;6;8;5;3;5;4;1;2;3;39;3;2;2;0;1;2;2;3;1;16;17;4;1;2;1;1;3;4;7;8;0;5;4;3;0;6;1;1;0;1;5;5;3;0;7;5;3;1;4;6;1;1;1;4;3;15;3;20;8;16;4;3;1;0;2;2;7;3;9;13;4;9;16;45;1;18;3;16;4;7;8;4;15;1;4;11;3;3;9;4;7;1;3;3;1;2;3;5;12;17;3;2;7;11;2;6;0;10;4;5;54;170;25;391;32;46;193;31;43;90;10;44;144;29;37;13;26;23;12;8;13;6;4;6;4;3;52;16;10;966;49;9;40;23;232;41;22;24;22;5;4;13;11;43;18;36;1694;10;4;160;76;3;814;23;67;11;27;19;20;21;;9;27;9;14;6;11;8;12;7;4;2;5;3;5;1;14;12;5;34;48;6;28;3;3;5;2;19;6;1;12;1;1;3;13;5;3;5;11;7;3;6;14;5;5;1;2;39;1;3;0;1;2;0;2;7;7;4;2;2;1;2;5;0;3;2;2;5;2;4;2;0;2;0;1;3;5;0;3;3;0;3;6;0;1;0;1;1;2;0;0;7;9;2;0;3;2;0;1;2;0;3;0;0;1;4;2;10;0;3;2;2;3;1;4;2;5;0;9;10;2;1;1;0;4;3;0;8;10;1;0;0;3;5;2;0;0;3;1;2;0;6;24;5;4;11;6;7;0;1;0;5;1;6;0;7;1;4;0;2;1;3;0;2;0;1;10;4;7;5;6;4;8;0;3;2;4;1;3;14;1;5;0;1;20;5;3;4;10;4;1;2;0;3;3;1;4;0;7;3;1;7;2;4;0;3;1;2;2;1;0;0;5;1;0;3;1;5;1;3;0;0;2
7340;1;0;0;0;1;0;2;2;0;2;0;2;1;0;0;12;1;2;1;0;4;0;0;0;0;2;2;1;0;2;0;2;0;0;0;2;0;1;0;0;0;0;2;2;0;0;1;2;2;2;1;0;2;0;0;0;0;1;4;0;1;2;0;4;1;4;1;0;1;2;1;0;1;3;1;0;0;1;3;10;0;7;1;5;2;1;1;3;7;1;0;2;0;3;4;2;0;1;5;0;0;1;1;1;2;4;1;1;3;0;3;2;0;2;0;2;3;16;2;9;6;4;5;2;4;2;3;7;3;3;8;3;0;2;0;3;0;3;2;0;0;1;8;3;1;7;20;1;6;6;3;6;2;17;4;4;0;5;4;141;79;26;36;14;670;4;10;343;8;18;16;21;172;70;159;15;11;;15;6;4;0;7;3;1;5;0;0;0;2;3;1;27;15;8;13;26;2;14;3;5;3;1;10;3;2;5;2;5;2;5;4;6;5;7;0;1;1;2;2;1;1;0;17;1;1;0;2;0;1;1;1;1;1;0;0;2;0;4;2;1;2;0;2;0;1;0;1;1;0;2;0;0;0;0;0;1;0;0;0;0;1;2;1;1;1;0;0;0;0;0;0;0;0;0;0;0;0;0;0;1;0;0;2;0;3;4;0;0;1;0;1;1;0;2;1;0;1;0;0;3;1;0;0;3;0;0;0;0;1;1;1;1;1;0;2;1;1;77;4;33;17;153;16;0;0;2;1;0;1;0;2;0;0;0;0;1;0;0;1;0;0;0;0;0;0;0;0;1;0;1;0;2;0;0;5;0;1;0;0;4;1;1;0;1;0;1;0;0;2;1;0;0;0;0;0;0;1;0;1;0;0;0;1;0;0;1;0;2;0;0;1;0;0;0;0;0;2;1
8111;11;28;25;7;18;10;20;13;17;15;22;14;13;8;24;481;56;7;26;11;8;6;10;10;12;41;121;17;10;34;5;4;12;10;5;11;1;18;6;9;5;14;2;12;3;8;16;19;10;6;16;7;19;6;8;12;6;15;5;4;3;84;8;179;28;55;16;15;14;6;5;7;40;18;34;45;10;28;93;248;15;117;16;41;13;10;12;25;53;6;12;56;21;10;32;22;15;37;22;14;13;18;14;19;49;56;9;11;9;20;12;15;5;20;17;13;86;349;46;66;50;40;33;38;45;43;13;59;31;32;39;17;16;35;10;41;33;12;14;14;12;26;24;8;4;17;14;2;22;7;8;14;19;24;12;7;7;17;9;34;20;43;74;21;8;12;12;2;13;21;12;34;16;4;34;25;27;17;;2656;4640;579;4612;3242;203;400;108;224;94;94;477;43;357;241;107;199;220;83;205;204;374;417;173;236;125;74;198;154;172;102;395;86;73;588;704;243;200;154;145;275;258;134;46;955;10;10;14;12;24;24;21;14;54;36;29;20;20;6;106;10;21;26;41;25;13;16;18;5;14;5;13;13;17;2;7;7;2;6;38;7;6;3;13;7;17;6;4;29;28;14;9;10;7;7;14;8;8;5;8;4;11;43;15;123;5;44;20;9;19;11;11;13;18;13;79;26;19;8;9;19;24;15;12;27;96;8;27;15;17;40;20;36;99;54;32;30;26;75;61;10;11;20;20;7;4;15;5;32;11;15;5;6;11;11;5;5;3;13;2;3;9;2;25;11;11;15;15;8;14;7;36;13;17;16;14;108;19;18;12;13;144;10;4;7;31;24;2;3;4;7;7;2;8;8;9;2;4;32;6;26;3;18;5;4;13;6;2;8;5;6;4;17;8;5;7;3;1;8;4
8115;7;11;8;0;5;5;11;6;7;7;7;9;6;6;6;85;14;7;9;8;6;5;6;2;5;11;35;11;7;10;1;5;5;9;9;7;1;3;4;8;4;3;4;9;5;3;7;4;1;6;14;4;23;4;5;9;3;10;6;6;0;35;5;33;13;20;7;4;3;9;6;5;19;9;13;14;13;16;23;62;5;35;8;16;4;9;8;10;13;5;2;14;10;3;17;8;0;13;9;2;7;13;7;7;14;19;5;7;3;5;9;9;3;10;10;7;23;90;12;29;14;10;14;7;17;12;3;27;10;10;20;8;10;16;6;16;10;6;1;6;3;3;7;3;2;8;4;3;6;4;3;7;7;4;4;2;2;5;1;14;8;18;28;5;3;7;5;3;7;15;6;15;10;4;17;16;12;5;1815;;829;156;1023;316;64;147;28;48;22;30;107;21;164;116;44;62;76;31;81;205;1379;524;343;67;37;26;80;133;76;64;178;31;21;323;955;165;55;53;32;94;69;39;25;226;4;7;3;8;11;13;13;4;18;19;10;10;4;5;49;3;9;13;6;7;10;3;6;1;5;10;2;3;4;4;3;4;4;3;5;2;4;5;7;3;7;5;5;7;9;1;1;10;1;3;3;3;1;2;2;3;5;17;9;36;2;12;6;4;4;6;4;1;4;2;25;13;4;6;3;3;7;3;10;28;29;1;11;4;5;13;9;17;39;10;11;11;6;30;23;2;9;18;5;8;3;3;2;10;7;4;5;5;4;11;4;6;4;8;3;7;6;1;10;6;14;2;9;6;5;5;10;6;10;8;6;32;6;11;6;5;38;6;8;1;7;14;1;7;2;1;5;3;5;5;3;2;1;8;7;11;2;1;1;3;2;0;0;6;2;4;0;5;2;3;3;0;3;5;1
8116;5;14;16;6;6;6;13;12;15;6;14;12;11;7;12;131;16;4;13;6;9;4;8;3;6;23;45;3;7;15;3;2;0;4;9;12;3;5;2;5;5;13;3;8;2;0;6;7;7;6;11;4;9;5;3;9;8;18;5;1;3;31;4;41;21;32;10;13;6;2;5;4;15;9;21;17;7;10;27;82;7;43;11;20;7;3;7;13;26;9;12;14;8;8;13;6;5;13;10;6;5;9;11;12;16;32;8;12;6;14;7;15;6;11;7;11;30;109;16;23;21;22;25;12;21;19;8;19;18;17;21;9;9;20;2;20;15;5;7;4;5;6;8;6;4;14;5;1;11;5;9;5;11;11;4;2;0;5;1;13;13;23;34;7;4;8;11;3;7;8;2;22;9;7;9;9;15;8;3295;980;;1687;766;947;91;156;46;117;35;67;285;18;150;103;48;100;89;45;95;75;183;125;103;105;65;30;90;77;97;59;235;54;44;1318;563;190;104;185;85;136;125;81;18;259;8;8;8;10;12;14;9;14;35;21;11;10;6;8;41;5;10;24;20;9;13;8;9;3;8;3;5;5;16;2;3;2;9;2;17;3;3;8;10;1;12;5;2;11;23;0;4;10;3;1;5;9;2;5;4;4;8;18;8;70;7;24;13;9;19;5;6;12;5;6;26;14;7;9;6;8;3;8;5;19;56;4;17;7;9;20;12;21;58;23;21;25;12;39;25;6;6;13;6;10;3;2;3;14;6;7;6;2;10;4;12;3;3;12;1;6;12;2;8;5;11;9;16;7;14;5;16;10;11;8;13;41;13;20;12;11;53;17;11;4;20;16;1;2;2;4;5;1;7;6;3;4;4;13;8;10;3;2;0;2;8;4;3;4;6;2;3;5;10;5;5;0;7;4;3
8117;1;4;7;2;3;5;8;2;4;2;1;3;3;1;2;35;5;3;4;2;5;3;5;2;0;6;22;6;6;3;0;0;2;6;1;6;1;5;2;1;5;2;0;0;4;0;4;3;2;4;3;2;6;0;2;4;0;1;1;0;4;6;3;17;6;9;3;1;3;4;4;2;4;4;7;6;2;2;9;30;1;11;8;6;3;1;4;3;7;4;4;5;7;2;13;8;7;4;2;9;1;7;9;2;6;10;3;2;7;4;4;5;2;3;5;1;7;38;5;17;12;8;7;7;16;5;2;8;5;9;6;5;3;7;0;5;5;3;1;0;3;1;3;4;6;4;2;2;9;8;7;5;2;7;4;1;1;4;1;5;4;7;8;3;5;2;5;0;1;3;2;4;5;1;6;5;4;2;503;115;1082;;144;282;28;43;12;45;10;182;383;8;45;41;17;33;40;10;40;19;28;40;22;39;24;10;34;20;26;15;84;13;17;130;125;42;139;336;44;58;62;22;8;111;6;2;6;6;7;5;7;6;12;6;5;3;3;12;15;0;4;8;3;4;8;2;3;1;9;2;6;5;8;4;4;2;3;1;5;5;4;5;4;1;5;3;2;6;6;0;3;3;1;1;4;3;2;2;1;0;3;7;7;13;0;17;7;4;6;6;1;5;3;3;17;2;5;2;2;1;4;7;4;11;31;5;12;2;5;10;21;13;86;11;14;14;9;20;5;1;3;5;5;2;1;5;3;1;1;3;0;1;2;1;2;3;1;4;1;5;1;2;5;1;5;3;8;6;5;2;6;4;6;6;8;11;7;5;7;3;15;3;2;2;5;1;1;2;2;5;5;0;3;3;3;2;4;8;2;3;1;0;3;1;1;4;1;0;2;0;1;4;0;0;0;2;2;2;0
8118;4;9;17;2;10;9;12;16;10;7;9;17;11;5;9;119;19;8;7;11;6;2;6;2;7;17;51;8;6;16;4;1;4;6;15;7;3;11;2;8;7;13;6;7;1;5;11;12;6;3;16;9;13;4;2;9;6;7;8;7;8;34;5;37;17;24;10;5;6;6;2;6;15;9;18;14;14;16;29;77;5;40;9;23;5;7;12;14;21;2;13;13;13;3;19;7;12;18;10;11;2;12;13;7;23;32;6;10;6;10;9;12;8;15;13;10;23;102;15;27;31;25;19;16;18;15;9;25;14;12;37;5;8;25;6;11;16;4;14;10;9;6;11;3;2;14;7;3;6;6;7;7;12;18;9;7;3;10;9;15;9;26;33;7;4;8;15;0;9;14;6;20;6;8;18;15;15;8;3166;1183;737;172;;1399;335;1402;157;189;65;46;203;21;233;219;59;149;113;123;172;177;213;759;90;94;52;30;87;62;87;39;176;32;46;190;296;100;79;60;44;114;102;57;20;239;12;6;18;7;11;12;8;10;26;24;8;9;9;6;46;6;10;23;16;10;6;7;6;0;4;8;4;8;10;6;7;4;3;0;17;2;6;5;2;2;10;3;2;15;16;9;2;7;5;3;4;5;3;4;3;3;10;19;8;40;4;32;10;12;13;6;7;8;14;5;48;14;11;8;13;11;12;14;3;21;37;5;19;5;7;17;10;13;28;26;20;16;13;35;31;5;10;14;9;7;3;6;1;13;7;6;11;4;6;9;7;4;4;8;5;2;9;5;6;5;10;10;19;7;12;7;15;13;11;10;16;47;16;24;14;14;67;10;13;2;19;14;3;6;6;10;5;3;2;5;4;2;3;22;4;10;6;6;1;8;8;7;2;6;8;4;2;8;6;1;10;3;8;1;2
8119;2;13;6;0;5;4;4;9;11;6;6;10;3;3;7;78;6;6;2;4;6;0;5;2;2;14;30;0;2;9;4;6;4;8;5;8;0;7;4;2;2;8;0;5;0;0;3;6;8;6;8;0;11;4;1;6;2;8;2;3;6;19;3;20;15;19;3;8;2;8;1;10;6;8;8;6;3;10;18;46;3;25;4;10;3;6;4;5;18;0;10;10;9;0;16;6;3;13;10;5;5;12;9;6;12;18;8;5;3;5;8;15;3;13;7;8;14;62;10;19;24;18;13;7;12;14;11;11;6;12;20;8;8;15;7;9;6;4;2;3;5;8;6;4;1;9;2;3;6;11;4;9;10;8;4;1;1;5;2;15;5;20;23;2;8;5;4;2;2;4;1;8;5;2;13;7;6;13;2125;309;884;356;1225;;107;288;83;402;28;43;898;14;110;74;23;65;71;46;72;46;82;79;49;69;37;16;52;39;44;29;145;31;25;143;203;63;62;56;32;72;68;32;11;167;2;8;6;6;8;7;8;0;17;13;5;7;5;2;31;1;1;14;9;9;10;4;6;3;2;3;3;4;11;3;3;2;6;2;12;3;4;8;2;1;3;2;0;7;5;3;1;4;3;3;8;6;1;3;0;4;5;9;4;30;0;19;8;7;3;7;7;7;4;5;21;6;5;3;1;5;7;6;5;16;30;3;9;2;7;9;7;9;28;12;19;8;17;29;28;4;4;7;6;3;5;3;3;5;8;5;1;4;6;5;4;5;7;3;1;5;4;4;2;2;9;1;14;5;9;2;12;14;10;11;14;24;12;18;5;8;37;9;7;1;16;12;3;5;2;9;5;2;7;5;6;4;7;11;9;9;1;4;3;2;3;3;2;5;4;3;1;6;1;1;3;4;1;5;3
8121;3;3;5;1;2;0;2;4;1;2;6;2;8;1;2;49;9;0;5;3;0;3;0;3;1;7;22;4;0;7;2;3;3;0;1;4;0;1;0;0;1;3;4;3;2;1;3;7;6;2;1;4;1;2;1;0;0;4;1;1;1;15;3;28;10;12;2;5;6;2;1;1;7;5;5;5;3;6;6;40;2;16;1;12;2;3;3;3;11;2;7;5;7;4;11;3;3;5;9;1;2;8;5;9;9;12;6;3;4;4;2;5;3;4;2;3;17;44;8;10;12;13;7;4;9;7;6;10;2;4;11;6;4;8;0;9;6;3;3;4;3;0;4;1;3;7;3;1;4;3;1;2;4;4;2;2;2;1;4;6;6;23;10;2;1;2;9;3;6;6;4;7;5;0;5;11;3;1;242;69;79;30;298;110;;3267;212;92;36;13;34;14;82;71;20;64;67;196;143;26;20;27;15;28;20;8;38;16;11;13;43;16;12;50;51;13;16;20;11;29;27;7;20;103;1;2;1;7;5;2;4;2;4;7;2;5;5;0;16;3;4;9;3;3;5;1;3;0;2;2;2;2;2;0;3;2;2;0;5;2;0;2;2;1;2;1;2;3;4;2;1;3;4;1;0;2;1;3;0;1;7;5;5;25;1;9;4;0;2;3;5;5;4;0;18;3;5;3;2;8;8;6;6;7;15;2;7;1;4;5;4;4;10;3;4;2;8;6;7;5;1;0;6;0;2;1;0;4;3;3;2;1;3;1;1;2;2;0;0;0;1;0;3;2;2;1;0;0;4;2;7;5;2;2;3;18;5;7;2;1;20;2;2;2;5;6;0;2;1;3;3;1;3;2;2;0;0;6;4;6;1;0;2;1;0;4;0;3;0;0;0;1;0;2;1;1;1;1;1
8125;5;7;7;5;2;4;6;4;7;4;9;5;7;1;5;55;7;3;9;4;5;3;5;9;2;4;25;6;3;5;1;3;3;3;10;7;1;2;2;3;4;1;1;1;3;0;3;2;2;2;11;7;12;3;4;8;5;5;3;1;3;10;4;15;7;13;10;9;4;2;2;2;18;8;16;13;4;13;17;48;1;19;3;10;4;7;6;7;10;2;6;5;6;7;7;11;6;4;10;5;3;12;6;12;9;10;5;7;2;8;6;8;2;9;7;5;15;70;12;22;30;16;13;6;16;8;14;21;7;13;20;4;6;9;1;9;9;3;6;5;0;6;7;7;2;6;5;2;4;4;7;4;8;9;2;3;4;6;2;13;8;22;22;6;9;13;10;6;7;13;10;15;7;2;15;23;10;8;350;95;103;45;934;208;2744;;749;211;75;20;76;13;147;319;31;131;126;752;542;47;56;104;27;53;23;8;50;21;30;12;75;15;19;49;97;22;24;19;16;40;37;13;14;89;5;3;4;5;5;3;9;6;8;2;4;6;4;3;23;3;3;6;3;10;6;3;5;4;7;3;4;1;7;3;3;3;3;0;7;1;5;2;2;0;6;1;1;7;9;4;4;6;2;0;5;6;2;6;1;2;2;7;9;24;1;22;5;3;4;9;3;8;8;4;45;9;6;4;4;7;6;7;9;21;21;3;8;5;2;13;12;8;12;9;7;4;6;18;17;6;3;3;7;0;0;4;0;5;3;10;6;5;6;6;5;2;1;3;1;4;7;3;5;2;8;1;5;4;13;6;17;12;7;3;5;24;8;12;6;5;20;11;9;3;13;11;3;6;3;5;2;3;8;3;3;4;3;6;6;6;0;2;1;2;9;3;1;2;8;3;0;6;1;0;2;3;1;3;1
8126;0;2;0;1;1;0;2;1;0;0;4;1;3;0;1;17;0;1;2;6;2;0;1;0;0;2;6;0;0;2;2;0;1;0;0;0;1;3;0;2;1;1;4;0;1;0;2;0;1;1;0;4;3;1;1;0;0;2;0;1;1;4;0;8;5;10;3;2;0;4;2;1;7;6;2;5;2;4;3;14;2;5;2;0;2;4;7;0;4;3;4;2;2;1;14;3;3;1;5;1;0;5;1;4;4;6;5;1;0;2;0;1;1;7;1;3;7;14;3;6;9;2;3;3;7;3;1;5;2;2;6;4;1;4;2;5;6;0;3;3;2;0;4;1;1;2;0;1;2;5;4;0;3;1;0;1;3;3;0;3;2;6;7;1;3;3;3;1;1;5;5;1;0;2;4;1;2;3;105;28;34;10;104;59;160;548;;454;179;7;40;1;48;26;7;33;27;135;47;13;12;8;10;12;5;4;19;4;10;4;18;7;3;18;32;7;9;11;10;14;8;5;3;31;1;2;1;3;2;0;2;1;4;1;2;4;0;0;8;1;0;7;4;0;1;2;2;1;0;3;1;6;3;0;2;3;4;1;3;2;0;1;2;0;5;0;0;5;3;3;2;1;0;2;4;0;2;0;0;0;3;7;3;18;1;28;3;3;2;3;2;1;1;2;31;1;3;2;0;6;7;5;1;14;5;2;1;1;3;3;2;1;8;3;2;2;1;6;5;0;1;2;0;1;0;1;0;2;1;3;1;2;0;0;1;4;1;4;1;0;0;0;1;1;4;0;1;2;0;2;3;0;3;0;3;5;2;5;0;0;7;4;1;0;6;0;0;4;2;1;1;0;0;1;0;0;1;5;0;1;2;0;0;0;1;4;2;2;0;0;2;1;0;1;3;2;1;2;0
8127;0;3;3;3;3;3;6;4;3;0;1;1;2;2;0;26;2;3;2;2;3;2;3;0;0;8;5;1;1;2;0;7;1;4;3;1;0;6;1;1;2;2;1;3;0;1;4;2;0;3;3;1;5;1;0;6;0;5;2;3;4;6;0;12;9;9;4;1;0;3;0;1;1;5;5;8;1;2;6;20;0;8;3;6;6;1;5;5;7;0;11;7;7;0;3;6;4;4;7;0;4;3;2;6;5;8;13;1;4;3;1;9;2;4;2;4;11;35;2;8;7;5;3;3;7;7;11;7;6;4;14;2;1;8;1;8;9;2;4;2;2;0;5;0;4;3;3;4;1;3;6;3;5;4;1;0;2;0;3;2;0;4;8;2;0;2;3;0;0;2;0;1;1;0;2;4;3;0;216;39;89;33;118;240;89;166;393;;136;23;371;3;50;35;11;49;36;33;41;14;15;19;13;38;19;7;17;7;13;5;40;8;10;28;71;11;35;26;15;18;27;14;11;80;2;0;3;2;5;2;2;4;9;3;7;4;1;4;11;5;0;5;11;7;4;2;2;1;0;2;1;4;5;1;3;2;1;1;7;1;0;1;7;0;4;5;0;6;13;1;3;7;4;1;1;6;1;4;0;2;21;15;11;56;1;369;4;5;10;13;11;11;5;2;61;4;3;3;4;9;3;9;2;17;16;2;8;3;2;8;6;2;17;7;5;6;10;7;3;1;2;5;3;3;0;3;0;1;2;1;0;2;2;2;0;2;3;2;0;4;2;4;5;3;3;2;5;1;5;3;4;6;6;1;5;8;3;13;2;3;24;5;4;0;5;7;0;5;0;1;1;2;1;3;1;1;2;8;4;5;0;2;0;2;3;2;1;1;2;1;1;6;1;2;3;2;2;0;2
8128;0;2;0;6;2;4;7;4;0;2;4;1;5;1;1;23;2;0;1;4;1;4;0;4;0;7;12;0;4;4;0;1;5;5;4;3;0;2;0;1;0;3;1;1;3;0;0;2;1;1;1;1;5;0;0;3;1;3;1;0;1;4;1;10;14;9;6;5;2;2;1;1;5;0;8;4;1;6;5;26;0;12;4;3;3;5;3;3;7;1;7;5;3;0;6;0;1;2;6;3;0;5;4;3;4;9;10;1;0;4;2;3;1;3;3;1;7;40;10;9;8;14;6;6;15;9;7;8;4;10;5;7;2;5;2;5;9;4;3;4;1;8;2;2;0;4;0;0;2;0;1;3;3;0;1;3;0;2;2;1;3;11;12;0;0;3;0;0;2;0;2;1;1;0;0;2;5;1;72;15;27;13;47;22;44;62;163;108;;7;33;4;34;24;10;37;41;211;40;14;2;6;5;20;9;3;11;5;9;7;19;5;6;14;26;3;9;3;9;10;8;5;5;53;1;2;1;3;2;1;1;1;4;2;4;1;2;0;4;3;2;6;0;6;1;2;3;1;0;0;1;2;6;1;1;0;0;1;6;2;2;4;3;1;3;7;1;8;5;2;2;6;1;3;1;4;0;2;2;1;6;12;2;27;1;40;3;2;3;24;1;7;17;14;279;20;14;5;11;38;162;218;12;281;8;1;4;1;1;6;2;3;5;3;3;4;3;5;5;3;1;3;0;1;2;0;0;2;5;1;1;1;2;0;0;0;1;1;0;2;0;0;4;0;2;1;3;1;3;0;3;1;6;2;3;10;6;0;1;2;10;1;0;2;3;2;0;1;1;1;0;1;0;3;2;1;1;4;0;1;4;1;0;1;5;1;0;4;1;0;3;2;0;3;1;0;1;2;2
8135;2;2;2;0;3;0;1;1;1;2;4;1;0;1;3;22;3;6;2;0;2;0;3;0;1;6;12;0;0;1;1;1;4;3;4;0;0;1;0;0;6;2;1;2;2;0;3;3;1;0;0;3;5;1;0;2;0;3;2;1;0;10;5;9;4;9;4;3;0;1;0;0;3;1;1;3;1;2;5;12;1;9;2;2;1;0;5;3;3;0;2;4;3;0;2;2;3;4;4;1;1;1;2;2;2;3;4;1;0;2;1;3;0;0;2;2;8;20;4;6;4;5;4;0;5;7;1;5;0;7;5;1;1;7;0;4;3;0;5;1;1;0;4;0;0;1;1;1;5;2;0;0;1;1;2;0;2;1;0;1;3;7;6;0;0;0;2;2;2;3;1;2;0;0;0;4;3;1;125;26;79;137;47;50;15;17;11;31;11;;540;3;23;18;5;23;25;8;21;9;12;6;6;22;13;5;23;5;14;13;34;11;8;28;42;17;162;176;38;24;44;13;2;80;3;5;0;3;5;2;6;3;5;7;3;2;5;0;10;8;1;5;5;6;3;2;3;1;2;2;2;2;3;2;3;0;1;0;9;3;2;0;1;1;0;1;3;1;9;2;2;4;1;3;1;2;2;0;2;0;6;12;2;20;0;16;7;1;3;0;2;4;2;1;15;4;2;4;1;3;0;6;0;6;47;0;12;9;10;18;315;92;135;7;5;10;36;16;4;0;2;4;3;0;3;1;0;0;3;1;0;0;4;3;2;4;0;2;0;3;0;0;0;0;2;2;2;1;3;1;2;1;4;0;5;5;1;1;7;1;8;2;2;0;7;3;0;0;0;0;0;0;0;1;0;1;0;0;2;5;0;3;0;2;0;0;0;0;2;1;1;0;0;0;0;1;2;1;0
8136;3;8;5;2;7;2;8;5;1;2;7;3;1;3;2;57;6;10;6;5;4;0;3;2;4;6;27;2;0;3;1;3;1;3;3;1;1;2;2;2;2;3;0;2;0;2;3;4;2;2;3;7;5;3;4;2;4;6;2;1;4;6;3;21;9;7;4;3;4;2;1;3;9;6;4;5;8;5;12;36;0;19;6;5;3;6;6;3;11;0;6;11;3;4;7;6;5;6;6;4;3;9;3;3;3;7;4;2;4;4;3;10;3;8;5;3;15;49;3;8;11;6;10;9;12;10;2;7;6;3;15;6;2;3;0;9;6;1;4;4;3;2;5;5;3;2;3;0;5;3;1;3;6;8;3;2;2;1;5;5;4;12;19;4;2;4;3;4;2;1;3;7;4;1;6;5;5;1;629;149;297;380;274;654;69;116;52;490;39;655;;14;85;85;52;70;54;32;105;39;56;64;44;61;65;24;107;52;65;39;118;52;48;127;151;55;157;127;77;81;116;33;11;153;10;4;4;6;7;7;5;4;13;9;2;5;2;3;30;9;6;11;8;4;7;3;7;1;7;2;1;5;2;5;2;3;3;1;14;2;4;5;3;3;4;7;2;8;10;2;2;4;5;1;6;0;3;0;5;3;11;20;16;53;2;163;6;3;7;11;7;15;4;4;42;5;10;1;0;5;2;8;9;13;55;3;11;7;6;15;54;37;79;9;11;10;247;22;11;3;1;3;6;0;2;4;0;2;3;2;1;1;6;4;3;2;2;3;1;3;0;1;5;4;6;2;9;3;7;4;8;4;5;5;6;21;6;15;2;6;24;4;3;0;10;7;2;0;0;2;5;5;2;5;2;5;3;12;5;14;1;1;3;3;1;2;0;3;3;0;3;5;1;0;2;1;3;2;0
8211;0;3;1;3;1;1;2;2;2;0;4;0;1;0;0;29;0;1;1;0;1;0;0;1;0;2;9;0;1;0;0;0;4;0;1;0;0;1;1;1;0;2;0;0;0;0;2;0;2;1;1;1;3;1;0;2;3;0;0;0;1;4;0;9;4;3;1;2;1;0;2;0;3;3;2;3;1;0;3;20;0;6;1;4;0;0;2;1;3;3;2;6;7;1;4;1;0;0;3;1;1;2;1;2;3;4;0;1;1;0;0;1;0;2;0;0;3;18;1;4;3;1;1;3;4;3;0;7;1;3;7;3;0;3;1;1;3;0;0;0;0;0;5;2;0;4;0;0;2;1;0;0;1;4;0;0;0;3;1;4;3;9;13;6;2;3;5;0;1;2;0;14;2;1;6;2;1;3;36;10;14;4;18;12;11;9;2;4;4;1;9;;141;86;1026;28;25;0;29;12;12;18;13;31;16;16;155;3;18;5;22;8;7;9;9;6;1;3;3;7;7;1;1;41;0;0;0;0;1;1;0;0;2;1;6;0;1;0;2;0;0;2;4;1;0;0;1;0;1;3;0;1;2;2;0;1;0;0;1;0;1;0;1;2;3;1;0;2;0;1;0;3;0;0;1;0;0;0;0;0;1;1;0;5;0;1;3;2;2;1;0;0;1;1;5;1;1;0;0;0;1;1;0;2;4;0;1;1;0;3;0;2;1;2;1;0;3;1;9;0;2;1;2;0;0;1;0;2;3;0;0;0;0;0;1;1;0;1;0;0;1;0;2;1;1;3;3;0;3;1;3;0;0;1;2;6;1;2;0;0;11;0;0;0;1;0;0;0;0;0;1;1;1;0;0;0;1;1;0;1;2;0;1;0;1;0;0;0;1;3;0;0;0;0;0;0;0;0;0
8212;6;16;13;6;3;5;10;5;9;9;12;4;8;5;5;183;32;1;12;5;10;1;5;2;2;25;63;6;4;15;2;2;5;4;6;5;2;12;4;4;3;3;3;2;3;0;9;16;5;0;9;2;5;3;5;4;2;15;0;4;0;40;6;70;14;32;7;8;5;4;8;7;16;4;17;17;6;8;55;138;9;70;10;12;4;10;11;8;21;1;8;29;12;7;9;11;8;13;9;4;4;11;9;11;24;34;2;3;1;10;4;12;6;12;7;8;74;218;16;48;45;30;17;17;27;27;5;33;15;21;32;14;7;27;4;27;19;6;8;6;4;7;19;4;4;9;9;6;18;5;8;5;17;27;4;1;1;10;7;43;114;61;63;33;11;33;15;6;12;36;12;711;12;8;173;62;19;36;469;196;175;67;246;124;89;159;48;63;43;31;127;165;;4443;867;1341;275;57;382;234;230;388;87;334;119;98;349;54;77;39;145;100;56;82;142;33;60;32;50;84;81;105;19;413;2;8;5;2;5;12;7;5;19;14;9;9;3;4;58;4;5;9;10;7;8;4;6;0;6;2;3;6;4;0;5;0;2;4;18;2;4;1;5;1;3;4;2;11;9;7;4;6;3;1;6;5;1;2;3;1;4;29;8;54;3;12;11;5;6;5;4;2;8;6;38;11;4;5;5;2;9;10;5;11;44;2;13;4;2;10;0;6;16;13;8;5;10;12;44;9;5;16;20;10;2;11;2;12;2;3;5;1;2;3;4;4;1;6;0;4;0;1;8;5;4;3;1;3;9;4;9;3;5;4;7;48;8;10;8;2;67;5;7;2;21;17;1;2;3;1;2;1;2;3;4;1;1;16;1;12;1;5;2;3;4;2;0;2;2;0;0;7;0;1;3;1;4;0;0
8215;3;9;7;1;8;3;11;14;6;1;2;16;7;8;7;71;14;5;4;3;3;3;0;2;4;13;29;7;9;8;1;5;1;1;9;9;5;6;3;2;4;5;2;2;2;2;7;7;5;0;8;10;10;5;5;7;5;9;4;3;3;19;5;31;19;17;8;7;4;4;0;7;13;8;10;18;6;13;19;60;3;26;10;13;4;10;10;8;25;2;15;15;9;6;8;11;8;8;4;4;1;6;11;9;14;24;6;3;2;12;5;9;1;11;6;4;25;108;12;30;72;25;22;11;26;17;14;22;8;15;20;15;8;17;7;13;15;6;9;7;8;5;7;4;3;11;8;7;12;11;9;9;13;11;11;6;4;9;9;21;73;80;35;21;19;48;21;2;18;37;9;469;12;13;125;74;14;39;234;103;86;39;160;79;75;315;30;28;25;11;41;113;3068;;790;250;300;72;1026;328;267;857;62;132;54;34;166;22;49;23;69;42;36;49;76;34;26;30;19;41;38;26;10;135;5;6;8;4;4;12;4;5;12;12;5;2;4;5;29;4;2;7;7;7;6;1;3;1;4;4;3;5;7;0;5;3;4;1;12;2;3;1;8;11;3;2;3;9;14;1;3;5;0;5;0;4;1;1;4;3;0;15;2;35;0;13;8;3;7;8;4;2;8;5;20;8;5;3;3;6;5;5;4;4;20;2;5;5;3;8;1;5;18;10;11;8;6;12;26;8;8;6;18;3;0;3;1;8;4;4;4;1;3;1;4;5;1;4;4;2;3;4;6;2;8;3;11;6;16;7;10;5;12;6;5;29;6;11;6;3;29;8;6;2;10;11;2;2;0;2;5;2;1;0;2;1;5;11;5;8;1;1;2;1;3;0;6;3;4;0;2;4;5;2;1;2;3;2;3
8216;2;4;3;3;4;3;5;6;3;0;4;2;4;2;2;45;4;3;2;5;1;1;1;2;0;6;16;6;0;5;1;0;1;3;4;2;1;2;2;2;1;7;0;0;0;1;2;1;2;0;2;2;1;1;1;7;0;4;1;4;3;15;4;15;9;15;3;6;1;3;2;3;4;2;5;6;2;7;8;34;1;12;4;5;1;6;2;3;15;0;7;8;6;1;9;4;2;3;5;1;4;5;4;3;2;12;3;6;5;3;3;2;0;8;2;2;9;41;5;11;16;4;13;9;8;7;1;9;2;9;14;5;4;9;4;7;4;3;3;2;3;3;6;2;3;3;2;1;6;1;1;2;2;4;0;1;1;3;4;11;25;17;22;2;13;5;5;0;2;10;1;82;5;3;43;11;7;17;128;37;41;17;52;28;19;35;13;15;7;6;20;1088;646;581;;69;67;14;83;56;108;62;74;97;39;27;748;13;34;13;64;32;18;21;32;13;11;7;9;20;13;7;4;58;0;0;5;2;3;2;2;1;6;1;2;1;1;2;9;2;0;5;3;1;1;4;3;2;1;0;2;1;2;0;0;1;0;1;3;1;1;1;1;2;2;2;4;3;2;0;1;4;3;0;0;2;1;0;0;1;3;6;1;19;0;5;2;3;2;3;1;4;4;1;8;4;1;0;1;1;3;3;2;2;11;2;2;1;1;5;0;4;6;5;3;4;4;4;18;1;3;4;7;1;0;0;1;3;1;5;1;2;2;1;0;6;1;3;2;3;2;1;5;1;4;4;9;1;4;5;5;2;1;8;4;11;4;6;0;1;12;4;1;0;4;4;4;3;0;1;1;1;3;1;2;0;2;7;2;4;0;1;1;0;0;0;2;1;0;1;0;2;1;0;1;1;2;1;0
8221;4;24;18;2;1;3;9;8;11;5;3;6;4;1;6;188;21;4;3;2;5;4;7;2;1;45;62;3;2;11;2;5;8;2;2;7;4;9;0;3;2;5;0;3;1;4;9;13;1;1;4;3;5;1;3;1;5;4;3;1;0;25;7;75;10;38;7;6;8;1;0;4;12;9;20;16;5;6;66;135;3;48;8;14;6;5;9;8;20;0;4;48;5;5;6;6;7;17;7;7;3;11;9;10;18;34;8;1;4;7;7;9;3;12;8;4;86;268;19;42;233;41;25;39;23;32;32;32;17;21;32;14;11;39;6;17;13;7;6;6;6;6;17;1;4;15;8;4;6;9;5;6;9;25;7;5;1;14;22;40;14;88;96;22;4;39;29;4;14;38;5;37;9;5;33;61;21;7;458;214;216;118;291;165;90;218;48;102;76;91;1006;37;612;330;136;;1617;136;3983;54;104;76;67;1198;129;70;205;60;166;59;181;124;68;103;542;59;74;96;95;94;93;1138;8;289;0;1;3;4;6;4;3;4;10;5;6;3;7;5;25;0;2;9;8;7;11;4;6;0;5;0;4;2;1;0;1;2;2;2;35;3;1;2;4;1;6;4;2;11;16;4;0;5;3;2;2;2;0;2;1;3;4;28;1;37;3;10;9;13;4;3;2;6;9;7;41;13;3;1;2;2;15;5;9;12;24;1;3;4;3;7;5;1;12;6;1;4;6;8;36;8;6;8;17;4;4;4;0;17;2;0;1;1;2;2;1;7;1;9;1;1;3;0;11;6;5;5;4;5;6;1;5;5;5;2;3;69;7;4;3;2;71;6;3;3;24;13;0;2;0;2;3;0;0;3;3;2;1;12;2;20;4;9;3;3;2;0;0;4;1;1;1;8;3;0;1;1;0;2;0
8222;3;21;15;5;7;10;10;15;17;3;10;1;7;2;10;179;14;2;5;4;4;2;7;4;2;26;54;6;2;15;6;4;4;2;5;12;2;7;1;6;6;3;5;5;0;1;7;12;6;5;9;3;9;5;1;6;3;10;3;5;2;37;6;105;25;39;10;16;7;5;5;5;23;8;19;16;13;11;61;137;5;43;10;29;8;12;8;13;33;2;15;28;9;10;15;18;7;14;15;8;5;9;13;11;23;38;6;9;6;13;8;16;3;16;17;11;100;407;42;72;1097;85;74;38;58;50;38;61;24;43;44;18;19;39;8;22;21;12;10;12;9;9;21;15;5;34;15;8;20;8;19;16;27;24;14;8;9;10;202;82;55;1402;119;122;16;121;194;5;96;377;84;84;53;19;81;627;39;24;270;89;122;40;142;86;78;135;30;45;31;22;52;32;261;313;76;588;;93;2670;55;45;62;24;109;61;38;132;29;44;26;73;66;43;56;64;16;38;35;35;41;52;25;19;249;1;4;5;5;12;6;8;5;15;13;6;5;7;1;32;2;2;10;12;6;9;3;5;1;5;2;4;2;5;1;4;4;1;3;14;0;5;6;7;2;9;4;1;8;14;3;2;4;2;4;2;1;3;2;3;5;4;26;7;55;2;12;15;5;8;6;3;1;15;5;24;11;7;5;3;5;14;6;4;12;35;3;9;3;4;6;5;6;16;9;9;7;4;12;63;9;16;16;24;13;2;3;3;9;5;5;1;5;2;7;4;4;2;9;3;2;5;3;9;7;2;4;8;5;9;5;13;1;5;9;3;32;4;13;5;6;52;4;3;2;14;14;1;6;2;7;4;3;4;4;3;8;3;14;7;13;0;5;3;7;5;2;2;6;4;2;0;5;3;1;0;0;0;4;1
8225;5;2;2;1;4;3;1;0;2;1;2;2;3;0;2;17;5;0;4;0;1;0;0;4;0;3;9;0;3;2;1;1;0;0;4;4;0;0;0;3;3;0;0;3;0;0;0;2;3;1;4;3;3;0;1;2;1;3;1;1;1;4;0;9;6;9;3;8;1;5;1;4;6;0;3;1;2;5;7;19;2;8;4;4;2;0;4;0;3;0;1;5;2;1;1;5;1;4;11;2;1;6;6;0;1;3;0;0;5;2;2;2;1;1;3;1;11;48;10;9;41;14;9;6;12;5;33;16;1;13;9;4;4;7;3;7;16;4;2;4;4;0;3;0;2;4;2;1;2;0;0;1;4;3;3;2;0;1;4;8;5;19;7;6;3;4;5;0;2;6;3;12;4;6;1;10;5;1;93;26;38;13;70;26;133;496;102;45;267;2;20;2;55;68;12;117;106;;456;18;15;17;11;24;10;9;18;7;8;7;19;11;4;22;24;9;5;3;7;11;17;8;5;41;1;1;3;0;2;4;2;2;7;1;2;2;0;4;6;1;1;4;0;3;1;0;2;0;2;3;1;0;1;2;1;2;2;0;2;1;3;6;3;1;1;1;0;1;6;0;0;2;1;1;3;0;0;2;1;2;1;4;4;15;0;7;3;0;2;3;2;1;15;4;69;10;3;3;2;9;103;19;7;20;4;5;1;0;1;3;3;4;4;1;1;9;2;6;6;0;2;2;2;0;1;1;0;1;2;0;1;1;0;1;0;0;1;1;1;0;0;0;2;2;3;3;4;1;2;0;6;3;4;7;5;4;5;6;2;6;6;1;1;2;2;0;0;0;0;2;2;0;3;1;0;2;0;3;2;2;2;2;0;1;2;1;0;0;4;3;1;0;3;1;2;1;1;0;0
8226;2;15;12;4;12;9;16;14;13;5;13;16;6;3;8;133;14;0;7;5;3;1;6;7;2;28;55;10;7;11;1;2;9;2;12;7;2;9;2;3;7;8;5;6;5;0;10;13;6;7;15;2;10;7;3;14;5;6;3;4;2;25;3;49;15;28;10;12;7;4;2;8;20;15;18;22;6;17;41;105;9;42;12;18;6;12;9;8;27;2;7;30;12;7;19;16;6;7;16;11;9;16;7;7;20;25;6;7;5;11;14;15;4;19;7;10;114;235;25;69;1495;105;62;34;50;40;111;57;19;33;48;17;13;42;9;14;18;13;7;14;20;9;19;4;7;28;13;5;18;9;11;17;12;21;8;7;6;8;74;54;45;328;99;57;14;171;78;8;53;156;35;108;30;22;79;311;30;32;223;63;93;29;134;73;113;505;45;43;36;26;94;32;386;1141;94;3058;2247;491;;52;45;52;24;133;56;26;96;25;38;17;91;35;34;47;79;23;35;10;26;32;38;61;9;198;5;7;7;9;5;8;2;6;12;6;8;4;6;6;29;3;8;11;9;15;8;4;7;9;5;1;5;5;8;3;4;7;1;0;16;1;7;3;1;5;5;5;4;7;24;2;2;8;2;11;4;3;3;2;2;2;1;14;6;30;1;14;7;2;8;6;8;3;13;5;29;16;11;4;3;9;22;11;11;17;30;4;5;7;2;9;3;9;18;9;7;13;7;17;43;7;15;21;19;12;3;4;2;11;6;4;7;4;3;6;4;5;6;8;0;3;4;4;10;4;9;11;13;10;16;4;10;9;6;6;13;48;12;13;9;10;55;10;7;3;14;12;2;3;4;5;7;6;8;3;3;5;5;14;3;18;2;7;3;3;5;5;1;6;12;1;2;6;2;4;6;4;1;2;1
8231;2;4;2;1;3;1;2;0;7;1;3;0;5;1;4;30;4;2;7;5;0;0;0;3;2;4;20;1;1;7;1;3;3;5;3;5;1;1;2;1;0;0;0;0;2;0;7;3;2;2;5;5;7;0;1;5;0;6;6;1;3;14;5;14;9;6;5;12;1;1;1;1;4;4;5;5;3;10;13;20;2;15;4;11;1;5;2;4;6;0;6;3;3;3;5;8;0;8;5;9;4;3;3;2;4;9;2;4;2;7;4;3;1;6;5;3;5;32;6;10;16;8;6;3;7;3;1;15;3;9;15;9;4;8;1;5;4;0;3;4;1;0;4;2;0;3;2;1;5;2;3;3;1;3;1;0;2;6;1;7;7;17;8;2;5;5;2;0;1;7;0;28;4;1;20;7;4;4;181;137;80;19;158;44;32;60;13;23;7;8;21;26;267;356;79;37;51;21;58;;349;1961;35;32;15;14;63;17;22;15;48;9;13;41;57;21;14;13;7;19;16;9;5;67;4;0;2;2;0;2;1;4;6;4;1;1;1;3;5;1;1;3;1;4;3;5;0;2;1;2;2;3;2;1;1;1;1;0;4;0;0;0;1;0;3;5;2;1;4;3;0;1;1;2;0;3;0;1;0;4;3;4;4;10;1;3;2;2;1;1;0;1;1;0;10;9;4;1;3;1;2;3;3;5;14;0;3;3;6;9;3;11;11;5;5;4;4;6;18;1;5;7;2;3;1;0;5;2;0;4;1;1;3;1;0;3;0;2;2;0;4;0;1;1;2;2;0;1;3;0;2;3;1;6;2;5;3;8;4;2;12;7;3;2;5;3;1;0;2;0;0;4;1;0;0;4;1;4;1;3;1;1;0;1;2;2;0;0;4;0;1;2;0;2;0;1;0;0;1
8235;2;4;5;0;5;1;4;3;1;2;1;3;1;5;1;25;5;0;6;0;0;0;3;1;1;2;15;4;0;6;0;2;2;5;3;2;0;5;0;3;0;5;2;4;1;1;2;2;3;1;5;1;5;1;0;8;0;3;3;4;1;9;2;9;10;4;0;5;0;3;0;5;3;0;6;7;2;4;7;16;1;11;5;5;1;1;4;4;10;0;8;4;4;4;6;2;5;3;2;6;3;7;6;6;1;7;2;4;1;4;2;3;0;2;2;1;7;22;8;7;11;4;6;3;8;3;2;9;3;7;7;4;4;7;2;3;7;3;2;8;3;1;4;3;2;4;2;0;5;8;1;1;2;4;1;2;0;0;2;7;8;12;8;3;8;4;1;1;5;4;5;17;1;1;12;1;5;6;276;890;127;41;149;78;29;57;18;23;6;8;32;23;191;236;105;35;44;15;53;342;;356;530;43;19;10;55;60;49;29;62;16;15;75;223;71;18;15;13;33;29;16;3;52;4;2;5;2;2;1;2;5;6;6;3;0;1;0;8;1;3;3;3;6;4;3;2;1;1;3;3;3;5;2;3;2;2;1;6;0;0;1;0;2;4;7;0;2;3;0;0;2;2;0;1;2;2;5;0;1;5;8;3;13;2;9;2;1;4;3;1;3;0;4;6;2;3;2;0;2;3;1;2;4;10;3;1;1;4;3;3;5;8;6;7;6;3;5;6;1;3;6;7;3;0;3;2;3;1;3;5;1;0;2;5;1;1;5;0;0;0;3;4;0;2;2;4;0;5;2;6;6;7;5;5;6;5;11;3;6;11;4;4;1;3;5;1;5;2;4;6;0;1;1;2;0;2;3;1;2;0;3;0;1;0;0;2;1;5;3;3;2;0;4;0;1;3;2;1
8236;1;2;2;1;1;2;5;1;6;4;4;4;3;1;2;27;3;1;3;4;0;2;1;1;0;5;14;5;3;3;0;4;4;6;5;2;0;5;1;1;1;0;2;2;3;3;0;1;1;8;5;3;5;3;0;6;3;3;4;2;4;9;4;8;4;3;2;4;2;3;2;4;6;2;7;11;2;5;8;24;0;7;6;9;2;3;3;4;7;0;2;4;1;3;6;3;3;4;4;2;2;5;3;4;9;8;1;6;5;0;7;0;1;6;1;3;10;26;4;9;12;5;6;5;6;8;1;6;1;9;7;4;5;3;2;4;5;1;2;7;0;1;1;0;1;1;2;5;1;3;3;1;3;1;3;3;2;4;1;5;13;11;13;5;2;3;4;1;1;4;2;33;3;4;19;7;6;13;280;275;91;33;424;64;33;105;11;23;7;5;25;24;329;882;66;44;56;13;68;1772;416;;47;43;22;15;47;12;19;10;53;14;10;34;72;25;19;17;9;24;32;13;5;61;1;0;2;0;2;2;1;2;4;3;5;5;0;1;9;0;3;5;1;4;1;2;2;1;2;1;2;4;4;3;4;2;0;1;4;0;1;4;2;2;2;1;0;5;4;1;1;1;2;0;0;0;2;1;1;0;1;3;2;12;3;9;2;1;2;1;2;3;2;2;12;2;4;0;0;3;1;0;3;4;7;0;5;1;0;4;1;5;8;6;6;4;2;6;12;1;5;6;5;2;0;2;0;2;6;0;1;3;0;0;3;3;0;1;0;2;0;1;1;0;1;2;7;3;4;7;1;5;2;1;7;11;4;6;4;5;14;4;2;0;3;4;1;2;0;1;1;0;2;3;0;0;2;5;5;3;0;4;0;0;2;2;1;3;1;1;1;5;0;2;0;1;1;3;1
8237;3;1;2;0;6;2;3;1;4;1;4;7;6;1;0;22;1;1;2;1;2;0;1;2;1;4;12;4;4;3;0;0;3;0;3;2;1;1;0;1;0;1;0;1;0;1;1;1;0;0;4;1;2;2;1;3;0;2;2;2;3;9;1;6;4;7;5;6;0;7;1;2;3;1;3;5;1;1;8;15;4;5;1;3;0;3;5;2;4;0;7;5;2;0;8;5;2;1;6;1;1;5;4;0;5;5;4;2;5;3;1;5;0;3;2;3;6;22;2;5;4;4;4;5;4;3;1;7;1;8;5;1;6;4;1;4;2;2;0;1;3;1;5;2;2;3;3;2;1;1;0;0;2;1;1;1;0;4;1;3;2;10;3;3;4;2;2;0;2;5;0;4;3;1;4;2;3;1;176;187;72;20;68;28;12;20;7;11;5;10;29;27;65;43;78;30;30;10;29;26;417;26;;48;33;19;150;404;70;33;65;20;14;68;233;140;11;10;10;21;26;13;3;31;2;1;4;5;1;3;3;1;5;3;1;0;0;2;7;0;0;3;2;3;0;2;5;0;1;1;2;0;5;1;1;3;0;1;4;1;0;0;2;0;2;3;0;2;1;0;1;1;0;0;4;1;0;2;1;1;1;7;1;8;1;2;2;3;3;2;4;0;3;3;6;4;3;2;1;6;1;1;4;5;8;4;6;0;1;1;4;3;9;5;3;7;2;5;7;3;3;2;0;2;0;0;0;1;4;2;3;0;2;3;3;2;0;2;0;7;1;1;0;1;4;4;5;3;3;5;5;3;3;0;3;11;3;6;4;2;11;1;1;0;5;4;0;0;4;2;4;0;2;2;3;1;1;5;2;0;0;0;0;2;1;0;0;3;3;1;2;0;0;0;3;0;1;1;0
8311;10;28;28;2;8;4;11;2;11;3;9;8;3;3;7;215;18;3;5;3;8;4;4;1;3;36;49;0;1;12;1;1;5;2;5;5;5;13;1;8;3;7;1;5;0;2;13;16;0;1;7;2;7;2;1;4;1;9;6;4;1;41;5;83;17;24;6;7;3;8;3;6;11;6;14;15;12;6;75;166;8;40;8;10;4;2;7;19;28;3;5;46;2;6;12;6;3;15;5;9;2;11;7;11;22;33;3;3;7;18;5;10;3;7;6;7;27;170;16;29;20;13;7;20;12;15;3;13;8;17;23;8;10;32;4;29;18;2;7;8;3;11;15;7;3;10;6;3;12;4;6;9;6;21;5;4;2;11;2;10;15;15;66;6;2;8;6;1;4;9;2;12;3;6;13;10;15;5;303;89;169;46;149;113;47;96;23;66;28;16;48;47;277;129;115;143;136;35;136;50;53;48;49;;3726;1554;642;96;266;70;255;432;194;79;163;57;60;33;53;114;119;111;9;244;5;3;4;5;2;8;8;3;13;6;5;7;11;2;34;5;4;10;13;8;8;4;6;1;1;4;1;2;4;3;6;3;3;2;16;2;1;2;0;4;3;1;1;14;15;3;2;7;4;2;2;2;1;6;1;1;4;19;7;42;4;6;3;4;6;2;1;2;2;6;37;10;5;4;4;4;6;6;0;8;27;1;4;2;3;13;6;3;20;16;7;4;3;12;42;9;6;11;11;3;1;2;2;17;8;2;2;0;4;4;1;3;3;4;2;1;4;0;11;2;4;3;4;1;13;2;10;3;2;6;1;60;3;5;0;1;106;4;6;3;15;10;1;2;1;0;4;2;0;2;0;5;0;20;1;13;2;5;0;3;2;1;2;2;5;1;3;3;1;0;3;3;0;0;1
8315;5;9;9;0;6;5;9;6;12;1;7;7;7;4;5;78;3;2;0;3;10;0;9;2;0;10;28;4;3;3;0;0;4;3;4;4;4;6;4;3;6;6;7;5;0;1;4;4;3;5;6;2;7;6;0;2;2;6;2;3;7;10;0;30;16;8;3;9;1;6;3;4;10;7;11;7;3;9;16;64;5;19;2;16;8;2;2;4;19;3;8;18;1;1;11;6;3;6;3;3;2;9;6;6;11;7;3;5;2;9;4;5;1;14;7;8;14;59;7;13;12;7;5;5;7;4;2;10;10;12;11;8;7;18;4;17;8;1;3;2;5;6;7;5;3;8;5;1;6;8;5;2;3;6;7;4;3;6;1;5;7;6;20;4;3;5;4;1;5;3;1;10;6;3;12;10;5;2;115;30;47;16;43;30;18;24;7;14;11;5;20;16;119;59;40;63;55;8;53;15;24;23;24;2838;;1189;401;41;333;51;170;713;291;23;54;41;19;12;15;51;34;22;5;106;2;3;9;1;4;3;2;4;5;5;5;6;4;3;11;5;3;8;6;1;3;3;2;0;3;6;3;1;4;0;0;2;0;2;8;0;0;2;5;4;3;2;4;3;8;2;2;2;1;2;2;2;1;1;4;0;1;7;2;22;0;9;2;1;4;4;1;2;0;2;7;4;2;5;1;2;1;0;6;10;15;3;5;2;2;4;1;3;8;10;6;9;6;10;23;2;2;5;7;3;4;0;0;9;1;3;1;0;6;2;0;4;1;4;0;2;4;1;4;6;6;1;3;1;3;3;5;5;2;5;3;23;6;10;8;4;38;6;4;2;7;4;2;5;1;5;3;0;0;2;1;2;2;7;0;9;0;1;0;2;2;0;2;3;3;0;1;1;3;0;3;2;2;6;2
8316;5;2;4;0;0;0;7;2;1;1;7;2;4;0;2;29;2;1;0;2;0;1;1;0;1;2;15;0;3;1;0;2;5;1;1;2;2;1;0;4;0;1;3;3;0;2;0;3;1;2;6;3;2;1;0;3;1;2;4;0;0;5;2;13;8;5;0;3;1;7;0;3;9;4;0;5;4;2;11;24;1;13;1;4;1;1;3;4;11;1;6;5;5;1;6;2;0;5;4;5;0;9;1;1;7;5;0;2;4;6;2;3;2;3;6;3;6;32;2;8;7;2;4;1;5;3;3;8;2;6;9;2;1;4;3;2;4;1;3;3;2;3;2;0;0;1;1;1;0;2;1;3;5;4;4;0;0;0;0;2;3;10;13;1;0;3;2;5;4;6;2;6;0;1;2;3;2;3;66;14;20;14;22;12;12;10;4;8;4;0;16;17;82;37;33;42;29;4;24;11;18;7;16;1159;952;;806;34;88;14;62;126;53;16;24;11;9;9;9;19;15;10;1;60;0;0;2;0;5;0;2;0;2;1;1;1;0;1;7;2;1;5;3;4;1;1;2;2;0;1;3;3;5;0;0;0;0;0;3;0;0;3;3;1;5;0;0;1;3;0;0;1;0;1;0;1;0;1;0;1;2;2;0;11;4;2;2;1;0;2;0;0;1;0;9;1;1;2;2;0;4;2;3;1;9;1;1;2;1;4;1;5;5;2;3;3;1;2;13;2;3;4;9;2;0;2;0;6;2;2;2;0;0;1;1;4;0;1;1;0;1;0;2;1;4;1;0;1;3;2;1;1;0;1;4;3;6;7;3;0;16;2;0;2;6;5;0;3;1;0;1;2;4;2;1;4;0;2;2;2;0;2;0;1;1;0;2;2;1;0;1;2;2;0;1;0;2;0;1
8317;3;10;6;4;2;4;6;9;8;4;5;6;6;3;6;79;10;1;3;6;3;0;6;3;3;11;26;5;6;7;2;5;4;3;9;6;3;11;0;2;6;1;4;1;3;3;7;5;6;1;8;9;7;3;2;4;4;8;2;5;3;20;5;31;17;25;11;8;3;4;2;4;14;10;16;12;4;13;24;71;9;30;15;14;7;5;10;7;17;6;5;14;10;2;9;12;5;16;10;2;5;9;10;3;6;30;4;2;8;6;5;6;4;9;8;2;9;85;13;24;22;14;13;11;19;10;9;22;10;11;22;6;8;15;3;9;5;3;15;8;9;8;11;6;5;10;7;1;10;7;6;1;3;8;10;7;4;7;6;12;12;25;36;6;3;9;10;2;9;7;3;20;6;5;18;11;6;14;230;49;75;31;78;41;40;45;19;22;13;4;36;167;399;156;646;112;124;18;103;53;54;37;134;621;295;632;;159;167;49;155;136;59;41;65;39;26;17;23;58;38;25;2;118;3;3;3;1;6;6;7;5;13;12;7;4;3;3;23;1;2;10;7;5;5;4;8;2;2;2;2;3;5;4;1;1;3;0;8;0;1;4;1;2;8;3;4;8;5;0;1;3;0;1;1;0;3;1;2;2;4;8;6;26;1;3;5;3;1;4;4;2;4;4;10;8;6;3;3;7;6;7;3;4;27;0;7;4;6;7;2;7;16;7;4;7;3;6;28;3;8;8;7;5;2;6;2;6;8;3;4;1;4;4;2;4;1;6;2;4;6;0;5;1;8;7;7;5;12;5;9;15;6;9;8;17;13;8;4;6;42;5;3;4;9;12;2;7;0;5;9;2;2;3;5;2;9;13;1;8;4;7;0;2;4;1;2;4;6;0;2;6;2;1;3;1;1;2;1
8325;2;1;2;2;2;0;5;5;3;0;1;1;2;2;0;23;0;1;3;2;2;2;2;11;2;3;15;1;1;1;1;1;4;1;2;2;2;1;0;5;2;5;0;1;0;0;1;0;2;0;2;3;5;1;1;5;0;2;0;0;0;4;4;5;8;5;0;1;2;1;0;3;4;1;6;1;0;0;2;15;0;7;0;6;2;0;3;1;3;0;1;1;2;0;6;2;1;2;1;2;0;5;1;3;1;4;1;1;1;1;2;2;0;2;0;1;2;18;0;2;2;4;2;2;5;1;2;5;5;8;4;2;2;3;0;4;2;2;2;3;1;5;3;1;4;1;0;2;1;0;3;4;2;2;0;3;2;0;2;3;3;5;4;1;0;0;1;0;2;3;1;2;1;0;0;5;1;1;162;59;62;21;44;27;17;16;4;9;6;7;30;11;48;22;20;21;23;6;25;19;39;13;322;83;46;27;148;;575;384;182;14;31;42;125;280;17;12;9;40;33;31;3;36;1;3;2;1;1;1;1;4;6;4;1;2;0;0;12;0;1;2;1;1;2;0;2;0;3;0;1;1;5;0;4;1;1;0;4;0;2;2;4;1;1;1;0;2;3;0;0;2;0;0;3;1;3;0;3;2;0;3;1;8;0;4;4;1;1;1;0;0;1;2;4;3;2;3;0;0;0;2;0;3;6;0;2;1;0;4;2;3;5;3;3;1;1;5;3;0;1;2;2;2;1;0;0;1;0;0;4;1;2;0;0;0;0;2;2;0;0;3;1;2;3;2;2;0;3;2;3;1;1;5;4;4;1;4;4;2;11;3;3;0;1;3;0;0;0;0;1;2;0;3;0;0;1;1;2;2;1;0;1;0;2;1;0;2;5;0;0;0;1;0;1;1;0;2;0
8326;2;5;3;0;1;4;7;5;4;2;3;2;4;2;2;36;9;2;5;1;2;1;4;1;2;6;27;1;4;5;5;2;5;7;4;5;0;0;1;3;1;1;3;0;2;2;6;6;1;2;5;2;4;2;0;5;0;2;5;0;1;12;4;20;5;16;4;6;4;3;0;3;14;2;7;3;4;6;10;34;3;19;4;7;3;3;3;4;11;3;8;4;8;2;13;6;4;5;6;4;2;9;4;2;5;9;4;4;5;5;4;10;1;5;5;4;6;48;3;9;8;8;7;7;6;5;0;9;4;3;4;6;5;11;0;4;6;3;4;5;2;3;4;1;0;4;1;2;3;2;3;4;4;5;1;4;0;6;1;8;2;13;8;1;2;1;1;0;2;7;3;4;6;0;2;3;5;2;235;85;85;36;94;54;26;47;20;17;18;15;37;9;79;65;41;41;43;11;53;25;45;27;62;280;272;118;215;566;;716;425;66;139;63;101;115;29;24;25;88;64;58;7;84;5;2;3;2;1;5;3;2;8;6;3;3;3;4;22;2;7;9;5;5;2;6;3;1;2;0;2;4;4;1;3;3;0;2;9;0;1;2;6;0;2;1;2;3;5;1;2;3;1;3;1;1;0;1;0;0;1;7;1;22;2;10;1;1;0;1;2;2;3;1;8;2;0;1;1;2;2;4;4;9;20;0;3;2;5;8;3;6;10;15;8;4;3;11;10;3;5;8;5;1;0;4;3;4;2;1;3;5;1;4;8;2;0;7;0;2;3;1;3;1;4;4;3;1;5;0;2;3;8;3;7;18;5;9;4;6;22;6;2;6;14;9;4;7;3;4;0;0;1;3;2;1;0;7;1;2;1;1;0;1;2;0;2;4;1;0;1;4;1;1;4;1;0;0;1
8327;0;4;2;0;0;1;4;1;3;2;2;1;2;1;2;33;2;0;3;0;2;0;2;3;1;5;6;1;2;0;0;2;0;10;6;1;0;0;0;3;4;2;1;1;1;0;0;5;2;0;1;2;5;2;2;2;10;2;0;0;2;4;3;9;3;10;2;0;4;0;0;2;2;4;2;3;1;3;5;17;1;10;1;6;2;1;1;1;2;0;2;1;1;0;4;2;0;2;2;3;1;2;2;6;4;5;1;3;2;3;2;3;0;4;0;2;4;17;3;3;9;3;2;4;5;4;0;2;2;4;7;1;0;2;0;2;6;0;0;1;2;0;5;4;3;2;2;0;2;1;2;2;2;3;1;2;0;1;1;4;6;6;6;1;0;1;1;2;2;1;0;2;2;1;0;4;1;1;120;51;52;8;46;18;11;15;5;4;3;6;21;4;35;19;14;25;27;7;27;10;13;14;36;74;50;16;45;418;698;;410;13;36;41;62;207;24;10;13;74;56;133;4;46;3;1;3;0;3;1;3;7;2;2;3;4;3;3;11;2;0;4;1;3;2;0;1;0;2;0;3;2;2;0;2;0;1;1;3;0;1;4;0;0;1;1;0;1;3;0;1;0;7;2;2;1;0;0;0;1;2;3;1;15;0;2;2;0;2;0;1;3;1;1;9;0;0;0;0;0;5;1;0;4;9;0;6;1;1;3;5;2;10;10;5;4;0;5;6;1;1;2;4;0;0;2;4;0;3;1;1;0;3;1;2;1;2;1;1;0;0;1;1;4;3;0;1;0;2;1;2;3;1;0;1;6;1;10;5;3;12;2;1;0;1;1;2;0;1;0;0;0;3;2;1;0;2;3;1;1;1;0;1;1;0;1;0;2;3;0;0;3;0;2;0;0;1;1;3
8335;8;15;10;0;7;2;12;8;7;7;7;6;6;3;11;128;10;2;5;2;7;2;9;2;1;14;37;3;8;8;0;3;5;2;1;7;6;12;2;4;3;8;5;3;1;1;9;8;1;4;6;2;9;1;3;3;3;6;1;3;1;22;4;36;14;24;7;8;6;2;4;4;10;6;11;10;3;6;30;81;4;26;8;9;3;4;5;6;14;1;4;25;5;2;9;8;6;13;5;5;7;11;15;8;15;17;11;3;6;12;3;11;4;6;6;7;16;83;12;28;17;16;7;14;7;12;2;11;10;18;17;3;4;19;1;8;9;8;8;9;4;6;10;4;1;15;10;3;7;4;3;3;4;10;0;2;0;4;2;10;6;19;26;5;0;2;7;2;3;7;1;11;3;0;8;7;12;5;377;139;151;64;116;103;38;55;14;32;17;30;70;12;134;61;46;93;80;17;66;34;42;44;66;279;145;54;123;134;426;501;;110;230;107;170;140;69;59;110;650;271;287;12;254;2;3;8;6;6;3;2;4;12;12;9;5;5;4;36;2;4;11;14;7;10;4;9;2;7;1;2;5;9;6;4;2;7;5;21;0;6;3;3;1;6;5;0;10;8;5;3;7;3;3;4;4;4;2;2;2;4;15;7;41;2;12;6;6;5;6;3;6;5;3;27;0;7;5;2;2;1;4;4;9;34;4;20;13;6;19;9;12;33;60;13;19;7;36;21;6;4;3;2;0;1;2;3;11;2;7;1;1;0;7;2;12;5;8;1;3;6;3;12;0;8;2;11;3;15;4;12;7;6;3;10;32;11;14;6;3;50;6;3;0;13;6;2;3;3;2;4;1;3;6;3;1;4;15;2;7;4;5;0;1;4;3;3;5;1;5;0;3;8;3;1;2;0;1;5
8336;2;11;7;1;6;4;7;10;4;2;6;6;6;1;1;57;8;1;1;1;6;2;3;1;1;8;19;2;3;6;1;5;4;2;6;4;2;5;2;2;2;7;3;3;1;1;7;2;6;1;6;3;11;6;4;2;1;4;1;0;2;19;4;25;8;18;4;3;0;4;7;6;5;7;10;7;5;7;18;56;2;17;5;9;2;4;7;4;13;0;5;12;4;6;10;8;3;8;5;7;4;7;16;5;9;10;8;5;4;4;2;6;1;13;5;5;10;44;4;11;10;11;7;7;11;7;6;15;5;6;11;10;2;12;4;12;4;3;5;5;2;4;5;4;2;4;4;4;4;4;2;1;11;7;2;3;5;3;1;6;4;17;13;1;3;2;3;2;3;4;5;2;3;2;6;6;8;5;75;18;38;10;31;29;12;18;8;12;2;6;12;14;93;33;17;52;44;6;32;15;15;6;13;415;621;100;137;15;57;13;135;;747;19;38;17;12;13;12;31;22;18;5;95;6;2;2;1;2;1;0;1;8;5;4;4;2;0;13;0;3;5;6;8;2;2;5;2;1;2;1;1;3;2;2;0;0;0;4;2;0;0;3;1;6;1;0;3;9;1;1;4;2;1;5;1;4;1;0;2;3;3;2;21;0;6;3;3;4;3;1;1;2;5;9;2;1;2;1;4;1;2;4;3;16;1;6;3;5;7;3;1;10;5;13;5;4;4;16;3;4;4;5;0;1;0;3;8;4;3;3;0;4;1;0;2;1;4;1;3;1;0;10;1;9;5;7;1;7;2;5;10;9;9;17;13;7;7;3;4;31;3;3;1;4;5;2;3;1;6;2;0;0;3;2;1;3;6;4;9;3;5;1;0;4;1;2;5;2;2;1;4;0;1;5;1;2;2;0
8337;2;6;3;1;6;4;5;8;2;0;2;4;2;0;2;35;0;1;1;3;4;1;6;1;2;7;11;3;5;6;0;0;6;4;4;8;0;1;3;2;2;2;0;3;3;0;2;4;5;0;8;4;8;2;3;6;3;3;5;1;2;9;2;14;12;6;3;9;0;1;4;0;5;3;3;5;2;4;9;22;2;10;0;8;1;2;5;6;5;0;4;7;2;2;7;3;5;1;6;6;2;4;7;2;2;17;3;6;2;5;2;4;1;4;5;2;4;27;2;11;6;3;8;0;9;3;2;5;1;8;4;3;4;11;3;5;8;1;3;2;8;6;2;1;2;3;1;3;8;4;1;2;9;6;5;1;1;6;1;0;3;6;11;3;2;1;4;0;5;1;0;2;1;0;4;1;9;4;90;18;31;10;23;19;16;11;4;6;4;4;18;6;56;24;14;33;32;7;23;14;14;4;14;235;230;61;78;23;165;42;268;655;;20;35;19;20;8;11;46;27;22;1;56;2;1;3;0;7;4;3;2;5;5;3;3;2;4;9;2;5;7;0;4;5;3;2;2;1;1;1;2;3;0;1;1;1;0;4;1;0;0;1;0;1;0;3;3;3;0;2;1;0;0;1;1;2;0;0;2;2;5;3;13;2;4;0;0;2;2;0;1;0;3;3;1;0;2;1;2;3;2;2;2;11;2;4;0;3;4;4;5;10;9;0;7;3;9;7;4;1;4;2;2;1;2;3;2;6;3;0;0;3;3;1;6;5;2;1;1;3;7;4;3;3;3;3;4;8;3;3;5;5;4;1;13;6;5;2;6;14;5;3;2;5;5;3;0;3;3;5;1;1;3;0;1;2;9;2;3;2;0;2;1;3;0;1;2;1;1;2;1;0;1;0;2;3;1;0
8415;7;6;6;0;4;2;8;5;4;4;1;3;3;4;4;71;8;4;2;2;3;9;4;2;2;13;12;3;2;3;1;0;2;6;2;9;1;4;2;1;1;6;2;1;0;0;7;4;3;1;4;2;7;2;0;5;2;2;1;0;3;17;6;30;15;12;4;6;4;4;2;3;8;1;11;3;6;10;13;40;8;16;6;7;1;2;6;6;9;1;13;11;5;1;16;8;3;10;8;4;2;8;2;6;7;23;2;7;7;6;4;9;3;6;3;1;13;57;2;11;9;11;6;12;11;7;8;8;4;11;10;6;2;10;1;10;8;3;0;1;3;3;5;2;2;3;9;1;5;6;6;1;5;4;1;3;1;5;2;7;2;9;14;4;4;1;4;0;2;4;5;7;4;1;2;1;10;1;583;247;991;119;182;117;43;61;18;29;15;21;82;6;94;44;29;46;45;18;41;37;72;34;67;64;30;16;49;37;50;38;130;28;19;;1283;366;74;181;112;65;109;162;12;151;8;5;6;3;3;5;1;5;12;3;4;4;5;1;16;3;5;7;6;6;4;2;4;0;0;2;1;3;6;0;4;2;4;0;13;2;1;1;2;0;2;4;2;3;8;2;4;4;1;2;0;4;3;0;1;3;3;11;7;30;1;7;8;2;4;3;7;2;4;5;15;3;4;1;3;2;4;3;3;3;31;3;13;4;3;12;7;13;39;13;15;6;4;22;14;6;5;8;5;3;4;1;2;4;5;1;1;2;2;1;2;0;2;6;1;5;1;2;4;2;7;4;5;6;9;3;8;5;4;3;3;19;4;6;13;3;28;7;5;3;6;4;3;2;1;0;6;1;2;2;1;4;5;11;3;7;0;4;1;1;3;2;1;7;1;1;1;3;2;0;1;0;4;3;4
8416;2;20;13;1;2;4;5;9;6;6;5;4;4;1;3;121;15;1;2;2;3;0;3;1;4;29;37;5;2;4;1;2;2;4;5;4;1;8;1;6;3;6;3;6;2;1;6;10;4;3;4;0;5;1;1;4;1;5;1;1;2;21;5;42;14;20;6;11;5;8;0;0;16;5;9;10;4;8;45;82;4;25;4;9;3;3;3;8;16;1;4;32;4;6;7;6;9;13;5;3;1;9;7;6;14;14;2;2;7;11;5;7;3;8;8;1;18;93;10;28;12;12;9;11;13;8;2;7;11;11;18;4;3;34;4;15;6;4;5;6;6;4;13;7;3;6;4;2;4;3;10;2;6;9;5;6;1;5;1;7;9;13;44;5;0;11;4;5;5;11;3;9;4;2;9;8;13;6;825;820;508;120;281;202;55;100;42;64;32;29;114;13;146;93;52;123;92;21;101;57;213;78;281;196;75;31;93;123;93;73;192;51;38;1264;;814;99;85;95;99;132;118;8;197;4;2;5;6;4;4;5;4;13;12;7;6;3;3;29;3;4;11;7;4;12;0;4;1;2;1;0;5;4;2;3;2;3;0;23;1;1;2;4;5;7;3;1;9;15;4;5;4;4;2;5;4;0;2;1;2;5;25;6;37;2;11;8;1;7;5;8;3;4;6;32;5;1;5;6;3;3;4;5;8;37;2;9;3;6;15;8;5;30;14;6;12;8;17;26;0;3;3;7;4;1;1;0;9;5;1;0;2;1;4;3;0;1;4;0;0;2;1;11;6;6;4;5;4;18;6;11;6;5;7;4;42;3;5;5;3;78;6;1;0;13;8;1;1;2;3;4;1;2;4;1;2;1;12;1;21;0;2;0;1;3;2;0;2;2;0;1;4;3;1;1;0;0;1;3
8417;0;0;1;2;1;5;1;3;1;0;6;0;1;0;2;27;1;1;1;1;3;0;2;2;1;7;9;2;2;2;0;4;0;1;2;0;0;0;0;2;1;1;2;1;3;1;3;2;2;1;3;3;2;0;5;2;1;2;2;3;0;3;5;6;3;7;2;3;1;3;2;3;8;3;5;6;1;3;6;14;3;7;5;4;5;3;6;3;5;0;1;5;1;2;1;3;1;8;3;1;2;1;5;4;4;5;3;4;2;2;0;1;1;6;3;2;7;23;2;7;7;2;6;1;2;5;1;4;3;6;3;4;1;9;1;2;3;2;1;3;2;1;3;1;1;1;0;2;1;1;2;0;4;4;2;1;6;2;0;2;4;4;5;1;4;3;2;1;3;6;0;2;2;3;4;3;4;0;251;96;129;31;81;52;14;23;10;12;3;15;33;6;45;24;15;18;25;12;24;19;48;22;115;39;29;10;41;300;129;185;143;18;26;260;580;;29;27;37;73;72;327;6;74;6;1;6;3;2;3;2;4;6;5;7;3;1;2;11;3;3;8;1;3;4;2;1;1;2;0;3;0;1;1;1;3;1;0;3;0;1;0;1;1;3;1;0;1;3;1;0;2;2;3;1;0;0;0;0;1;1;2;4;14;2;5;2;2;2;1;2;2;2;2;11;2;1;2;2;4;0;0;3;4;11;1;6;2;4;7;2;7;17;15;7;6;3;8;10;1;0;3;2;1;1;0;0;1;2;0;1;1;0;1;4;1;3;4;2;2;4;3;3;2;5;3;4;2;4;2;5;7;1;4;2;8;2;4;3;4;15;4;2;1;3;2;0;1;3;0;2;2;2;0;4;1;1;3;3;1;0;1;0;0;1;0;0;2;0;0;1;0;2;0;1;0;0;1;0
8421;2;6;5;2;2;1;4;0;2;3;4;4;4;0;2;58;8;0;1;2;1;1;3;1;0;8;19;3;2;4;0;0;2;1;2;2;1;3;3;2;1;3;0;2;1;0;2;5;2;1;6;0;6;1;0;0;1;1;2;0;0;11;5;28;7;13;3;2;4;7;0;2;10;3;7;6;1;5;20;35;7;14;3;8;2;2;2;4;6;1;5;8;8;3;4;3;1;9;2;0;1;2;5;8;6;7;3;3;1;6;5;5;1;3;1;6;9;51;3;9;5;4;4;5;5;8;1;6;2;8;7;4;1;5;0;9;4;4;2;4;0;1;4;2;2;1;1;1;6;1;1;1;2;5;2;4;1;2;1;3;3;8;19;1;1;3;2;1;2;1;1;6;2;1;2;2;5;0;213;52;96;118;61;52;18;28;10;24;11;156;117;2;43;26;10;35;29;6;31;11;9;24;17;62;18;10;25;12;21;21;76;15;19;81;88;24;;1559;330;83;145;33;22;215;3;2;4;11;8;10;5;1;13;11;6;10;6;5;33;4;7;14;9;5;10;4;2;2;4;2;4;1;5;1;3;1;2;4;17;0;0;4;0;1;9;4;2;8;5;2;0;1;0;0;5;0;1;2;1;1;2;16;6;27;0;12;5;3;4;2;0;3;3;4;20;2;2;0;1;0;6;1;2;7;96;4;27;32;11;47;37;162;1982;20;22;58;14;42;7;1;3;5;2;0;0;0;0;4;2;3;1;1;0;0;2;0;2;3;0;0;0;2;3;0;3;2;2;0;4;5;5;1;1;2;2;19;2;1;1;1;15;4;1;1;8;9;0;0;0;1;2;0;0;0;2;2;0;7;2;7;0;3;2;3;2;2;1;1;5;1;1;6;0;0;1;0;1;0;1
8425;1;4;3;0;2;6;2;0;1;3;3;7;4;0;1;31;3;5;0;1;3;1;2;0;4;2;11;2;1;4;0;0;1;8;3;2;0;3;1;2;2;5;3;1;2;0;4;4;2;3;0;7;5;1;1;2;2;4;0;0;1;3;2;11;6;18;1;3;1;1;0;2;2;1;6;5;1;2;8;19;6;9;5;1;0;1;1;0;12;0;2;2;2;4;4;4;2;1;2;1;1;0;9;5;6;5;6;0;2;5;3;1;2;3;4;4;2;25;2;3;5;4;7;1;6;3;2;10;2;3;5;2;7;2;3;1;5;6;5;8;5;4;4;1;0;4;3;0;4;1;5;4;2;4;2;0;0;0;3;2;2;10;7;1;0;1;6;1;0;3;2;3;1;0;1;4;5;2;140;44;105;277;46;43;13;19;9;22;8;249;84;4;26;15;20;27;29;4;25;15;17;22;11;27;9;5;17;9;15;16;69;13;15;150;81;29;1256;;690;42;117;40;10;110;2;4;2;3;3;5;3;5;8;8;6;9;2;6;19;3;6;5;2;8;4;4;3;0;2;2;2;2;5;3;3;1;5;1;9;0;4;3;6;0;1;2;1;1;7;5;1;2;1;1;1;2;4;0;5;3;1;5;3;22;1;11;4;5;4;4;0;3;2;0;15;0;5;0;0;3;4;2;4;5;50;2;14;18;9;27;23;127;1064;12;14;58;9;26;12;3;5;1;0;0;1;1;1;1;2;3;1;2;1;1;3;4;2;0;1;3;3;0;3;0;2;1;2;0;2;4;10;7;2;1;4;13;3;5;5;0;14;3;3;1;5;3;0;1;1;2;3;4;1;5;2;3;4;6;1;2;0;3;1;2;2;2;0;2;2;0;2;2;0;3;1;0;0;0;1
8426;0;5;2;2;1;0;0;2;4;2;2;2;1;1;2;29;4;3;0;3;3;1;2;1;1;7;8;3;4;2;3;2;3;3;1;1;0;3;1;2;5;2;5;1;0;2;4;1;0;0;3;0;4;1;1;5;1;4;0;2;0;4;7;8;10;9;1;2;2;4;1;1;6;4;7;3;0;5;10;22;1;5;6;9;3;4;5;2;10;2;3;8;2;6;13;4;3;2;3;1;0;3;2;8;3;7;11;2;4;2;1;6;3;0;3;4;6;27;4;6;7;3;2;6;6;3;2;6;5;4;4;4;2;3;1;3;0;0;6;1;2;3;2;1;1;0;3;1;1;0;2;0;2;2;1;3;3;1;0;2;4;4;12;0;0;1;2;1;2;3;1;6;1;2;2;4;22;1;152;27;55;43;38;19;19;15;9;14;3;35;46;1;34;23;9;29;24;4;21;14;8;10;8;38;15;9;25;9;13;17;113;7;13;103;76;54;308;645;;113;564;346;1;121;0;2;6;2;7;1;6;5;8;6;7;11;3;4;16;3;4;10;2;2;4;2;2;1;6;4;8;5;5;0;6;3;3;1;12;3;1;0;1;1;1;4;0;3;5;1;0;3;1;2;0;1;0;2;0;2;2;8;2;25;2;9;3;0;2;5;2;1;2;0;9;2;3;1;0;2;1;3;2;4;41;8;37;156;3;17;12;40;354;44;22;188;7;42;4;0;0;3;2;2;0;2;0;2;1;0;0;3;3;4;1;3;0;0;0;3;3;0;2;0;2;2;3;1;5;1;2;4;1;2;6;12;5;3;6;2;18;2;4;2;2;0;0;0;1;3;7;2;2;1;0;1;3;3;0;3;3;2;0;0;3;1;0;3;1;0;2;1;1;1;2;0;0;1;2
8435;4;9;7;1;6;3;13;7;6;3;6;6;2;4;11;96;3;3;3;0;3;0;5;1;2;10;23;5;2;11;0;6;4;4;4;4;1;5;1;3;1;5;2;4;1;1;3;6;0;0;8;4;1;1;1;5;1;3;4;2;2;21;4;20;17;18;4;6;3;3;1;0;12;5;13;8;1;8;17;38;1;26;6;5;1;6;4;1;19;3;5;13;2;2;13;6;8;10;3;2;1;6;7;4;8;11;5;2;3;6;4;5;2;12;3;3;10;52;5;11;9;7;6;19;6;12;4;14;7;14;9;5;3;8;2;7;5;4;6;1;6;4;6;2;2;2;4;4;2;9;3;4;2;6;2;2;2;1;0;7;7;13;17;1;2;2;1;1;1;1;1;7;1;3;7;3;5;2;202;61;65;27;61;41;21;25;9;17;8;22;31;10;63;29;16;41;35;5;31;20;22;21;15;97;39;17;48;22;67;72;763;34;32;52;90;60;88;48;113;;1182;436;8;240;6;2;4;10;9;10;5;3;16;9;5;9;5;5;28;4;5;11;9;5;3;2;6;1;1;0;3;1;3;4;4;1;2;2;10;0;0;3;1;3;2;3;0;4;7;2;1;8;4;2;4;2;3;3;2;1;2;10;7;20;0;9;3;0;3;3;2;1;2;4;10;1;7;6;2;4;5;1;4;6;34;7;28;9;5;12;7;12;32;299;13;20;7;40;13;3;2;5;8;4;3;2;3;8;5;7;3;4;4;7;3;9;2;2;4;2;4;0;5;1;11;2;7;5;5;3;6;3;10;6;8;23;7;5;5;6;32;5;5;0;5;8;2;3;1;1;4;2;4;3;2;2;4;9;5;10;0;4;0;0;5;0;0;0;1;0;1;4;2;0;1;1;0;1;1
8436;5;9;4;0;4;3;7;3;1;5;3;4;4;3;2;62;6;3;2;1;4;4;4;4;3;13;18;2;3;6;3;5;0;4;7;3;1;4;4;3;5;6;2;3;2;1;12;4;0;2;6;0;9;2;1;3;2;5;3;0;0;19;4;17;6;15;1;4;1;4;2;3;4;6;5;4;4;5;15;37;5;15;4;9;3;2;7;2;14;1;11;12;7;1;6;8;7;3;1;7;6;9;1;4;11;13;8;3;9;4;6;7;2;2;10;6;10;43;3;11;9;7;5;4;8;6;3;5;6;7;8;6;6;7;5;8;6;4;4;4;8;0;6;0;3;5;9;0;2;4;3;1;5;4;5;1;1;0;0;7;1;9;14;4;5;0;4;4;2;4;4;6;0;0;4;10;6;5;238;49;92;44;71;49;23;24;8;19;6;23;58;3;59;30;17;45;36;13;32;16;30;22;24;111;28;24;47;27;56;50;295;28;27;85;122;71;157;114;707;1153;;549;12;233;8;3;4;9;11;7;4;6;26;12;4;15;6;1;31;8;1;15;11;3;10;5;4;3;4;1;4;3;11;3;4;0;3;1;22;4;2;4;3;4;5;4;0;7;8;1;5;3;3;3;2;4;0;3;1;3;1;16;5;30;3;13;6;3;6;4;3;3;2;6;18;8;6;1;2;1;7;5;4;7;73;9;105;120;10;19;11;22;96;589;37;150;9;224;16;2;1;8;3;4;1;2;1;6;2;3;2;0;1;4;3;4;1;4;0;3;4;1;5;1;3;0;1;5;2;6;10;4;6;2;6;18;5;10;6;8;33;4;4;0;11;7;0;5;1;1;2;0;3;1;2;1;4;10;5;3;2;4;2;0;4;1;1;2;3;0;4;5;0;0;5;2;1;0;2
8437;1;0;4;2;0;2;2;2;2;2;1;3;4;0;5;23;4;0;2;0;2;0;0;0;0;2;10;0;0;1;0;0;1;1;0;2;2;1;1;4;3;0;0;3;0;1;1;1;1;0;3;4;4;1;1;3;0;1;0;3;0;6;3;8;2;1;4;1;0;2;0;0;6;0;6;3;2;3;3;16;0;3;5;3;3;5;1;1;10;0;0;5;1;1;10;3;0;1;6;1;0;6;3;2;4;4;2;2;2;3;2;2;0;4;3;5;4;13;4;9;3;3;5;1;2;4;2;4;5;6;5;2;2;2;0;3;6;1;4;1;2;3;2;0;0;1;2;1;1;4;2;2;2;2;2;0;1;1;0;3;0;4;6;0;0;0;2;0;1;2;0;3;0;3;3;4;1;1;223;126;171;69;158;100;30;96;24;60;23;25;32;11;43;59;57;32;38;21;67;29;56;44;42;88;87;54;121;50;103;176;358;69;81;202;236;412;79;81;385;394;519;;4;50;2;2;2;5;0;6;2;1;5;2;2;4;2;2;9;1;5;4;2;4;5;3;2;1;1;1;2;2;5;2;3;2;1;0;6;0;0;1;4;0;4;5;2;2;3;1;0;2;0;0;4;1;1;2;0;3;0;1;0;9;1;7;2;0;2;2;5;0;2;2;3;1;1;1;0;5;3;4;4;0;16;1;8;5;2;5;3;9;26;25;5;11;7;9;2;2;1;3;3;1;0;1;0;2;2;1;4;0;0;1;0;0;1;6;0;0;1;1;1;0;2;1;2;1;4;0;2;1;5;0;5;7;3;3;4;1;11;3;0;1;5;2;0;0;2;1;4;0;1;0;2;1;1;4;0;1;2;0;2;1;1;1;0;2;0;1;0;2;3;0;0;0;3;0;3
9161;3;4;2;1;3;4;3;0;3;2;2;2;2;1;3;45;21;0;18;10;0;0;0;1;4;7;26;0;1;4;2;0;1;2;1;0;0;3;1;1;3;10;1;3;1;1;3;4;0;4;1;0;5;0;1;1;2;6;0;0;0;12;4;18;3;7;3;2;2;2;2;2;5;9;6;7;3;3;9;24;5;26;6;7;2;3;4;4;10;0;4;6;1;1;5;5;4;5;4;2;0;1;4;11;7;17;3;1;4;4;5;2;1;3;4;5;9;30;1;14;4;4;2;4;4;5;0;4;2;6;6;4;1;4;0;6;8;2;3;3;4;2;3;1;1;0;1;1;7;4;1;2;2;2;2;3;0;1;0;6;1;9;7;1;0;1;1;0;1;2;0;3;0;0;0;1;1;2;42;18;20;5;29;10;15;21;3;5;3;5;17;0;12;7;4;8;13;0;12;6;3;2;0;11;3;2;4;2;5;2;9;4;2;7;5;6;16;8;7;21;9;7;;569;19;20;29;30;33;24;1644;50;87;53;48;33;27;16;78;454;935;71;35;38;32;12;10;8;17;8;142;24;13;5;12;13;10;7;89;6;12;8;36;10;38;10;2;11;22;6;4;4;3;7;7;6;1;3;5;6;5;29;16;129;5;15;10;7;24;7;43;55;9;5;25;6;2;11;7;8;5;5;5;10;65;4;5;5;37;29;12;16;15;8;8;13;52;8;6;0;1;2;0;1;1;2;0;4;1;6;0;0;1;0;3;0;2;3;1;0;2;0;4;0;2;1;4;1;4;2;12;0;5;3;22;19;5;6;4;2;22;8;2;1;4;2;1;2;3;3;1;0;2;0;0;0;2;4;1;5;0;1;2;1;1;1;5;4;1;0;0;1;0;0;1;2;3;1;0
9162;26;88;65;7;16;22;40;35;53;15;38;23;43;20;35;1086;91;14;35;19;24;10;19;9;11;97;268;31;19;38;5;13;25;22;22;42;6;44;14;12;19;29;17;16;10;8;34;44;11;12;18;14;36;13;11;15;15;35;13;9;4;146;24;458;76;157;35;41;37;36;14;23;66;34;83;102;28;38;192;502;28;164;30;96;25;27;24;54;101;4;34;115;35;15;51;41;29;81;68;31;14;42;33;55;63;107;21;24;16;30;23;38;12;33;49;30;84;682;56;125;51;64;48;91;68;84;20;92;34;71;56;26;36;57;15;76;60;17;28;25;24;23;35;29;11;20;13;15;34;35;20;17;26;47;15;11;3;28;8;34;21;36;129;15;6;26;14;7;13;33;7;24;15;5;22;24;33;10;561;167;221;86;191;135;63;85;22;57;51;67;146;38;204;110;55;181;159;29;160;38;47;43;39;214;96;62;116;33;66;31;210;90;67;106;165;61;194;112;111;210;229;50;1378;;348;308;269;1149;2420;2677;228;1207;2065;4705;714;993;971;1091;9892;227;1289;1380;2539;618;781;391;204;119;318;131;227;464;343;111;262;146;226;47;575;56;81;134;125;77;200;120;40;156;145;62;49;76;51;37;64;66;32;44;28;44;44;194;120;646;37;99;99;91;124;52;71;90;50;41;210;60;66;59;34;51;43;61;130;102;1283;131;160;80;566;504;101;145;151;155;350;300;202;226;83;17;14;23;27;7;12;19;8;70;25;32;10;27;15;22;12;29;6;38;5;9;20;5;42;11;24;28;33;9;33;20;80;40;28;43;41;255;37;44;37;39;392;35;28;11;64;57;5;25;8;20;12;7;9;17;18;8;12;77;23;49;18;35;8;11;18;8;5;24;13;6;7;27;12;12;18;16;19;15;11
9163;0;1;4;1;0;1;0;0;4;0;2;0;4;1;1;29;1;1;0;0;2;0;0;3;0;3;7;1;1;0;0;1;0;0;0;0;0;1;1;2;0;1;2;0;0;0;4;0;0;1;4;1;0;1;0;0;0;5;0;0;0;2;0;9;10;5;3;2;0;0;0;0;3;0;7;2;2;1;4;13;1;4;0;2;1;1;2;3;2;1;1;3;2;1;2;1;0;4;4;1;1;1;8;4;6;2;0;0;1;2;3;2;0;1;4;0;0;9;0;5;2;1;2;1;0;2;3;3;1;2;2;1;1;2;2;3;3;0;2;1;1;0;1;0;0;3;0;0;0;1;3;1;0;1;0;0;0;0;0;0;0;5;3;0;0;0;2;0;0;3;1;2;0;0;1;1;0;0;15;4;6;4;8;1;0;1;2;4;2;1;9;1;4;2;3;3;2;0;7;2;1;0;2;4;9;0;3;2;3;0;7;2;1;8;4;1;6;1;3;8;8;3;12;327;;34;28;21;8;36;4;17;13;13;8;11;50;55;46;2;5;1755;12;116;19;8;10;3;7;4;4;16;12;5;11;4;3;6;15;0;3;3;5;4;8;7;1;8;5;3;2;4;2;3;2;1;5;1;5;3;3;7;5;21;1;8;4;4;7;5;4;2;4;0;8;3;1;1;3;1;0;0;0;5;22;1;2;2;6;7;6;2;3;1;7;3;9;3;1;2;1;0;0;0;1;0;2;1;0;2;0;0;0;1;1;0;2;5;0;0;4;0;2;1;0;0;3;1;2;1;1;3;1;2;3;5;2;2;2;2;13;3;0;0;2;1;0;2;0;0;4;0;0;1;0;1;0;2;4;1;0;2;0;0;1;0;0;1;0;2;1;2;0;0;1;0;1;0;1
9171;1;1;2;0;0;0;0;1;1;0;1;0;1;0;1;14;1;0;1;0;0;0;0;0;0;1;3;0;1;0;1;3;1;1;2;0;0;0;0;0;0;1;0;1;0;0;0;2;1;0;3;0;0;0;0;0;0;1;0;0;1;1;0;3;0;0;1;1;0;0;0;1;8;1;3;1;0;3;1;6;1;1;0;9;3;1;1;0;1;0;4;0;3;0;9;1;1;0;2;1;0;1;1;3;4;2;12;6;1;0;0;0;0;0;3;2;4;9;1;4;3;3;2;3;1;0;1;5;2;0;4;1;0;2;1;1;1;1;1;0;1;1;0;4;1;0;2;1;0;0;0;1;3;1;0;1;0;2;0;2;1;0;1;0;1;0;0;2;5;1;2;1;0;0;0;0;0;0;10;4;1;8;6;1;1;1;5;0;0;3;1;0;4;2;1;5;5;0;1;2;1;0;0;1;1;1;3;0;1;0;0;0;1;3;7;1;2;2;2;1;1;0;13;256;20;;53;8;6;15;8;26;28;14;6;5;8;492;30;7;5;80;9;300;8;16;30;3;13;13;11;31;52;5;400;8;32;1;39;1;0;5;1;1;14;2;4;1;3;0;1;1;1;1;1;1;0;1;0;2;2;10;2;18;1;1;4;1;3;0;2;0;1;0;3;1;2;1;0;5;0;3;1;2;17;3;5;3;4;9;0;1;2;0;3;11;2;5;2;0;0;0;1;1;0;1;0;0;0;0;0;1;0;0;1;0;2;0;0;1;2;0;2;1;1;4;1;0;3;2;1;7;1;1;0;9;1;0;6;2;13;3;1;0;8;1;0;1;1;0;0;0;0;2;2;2;0;1;1;0;0;0;0;0;0;0;3;2;1;1;0;0;0;3;2;0;0;0;0
9172;1;3;3;0;2;1;5;6;4;0;4;3;3;2;2;15;2;1;1;0;1;0;0;0;1;4;19;2;1;1;0;2;2;2;0;1;1;2;0;0;1;2;1;1;2;1;1;1;1;1;1;0;4;1;0;1;0;2;4;0;3;5;3;6;8;8;3;2;2;1;0;2;1;1;2;3;1;1;6;11;1;3;1;5;0;1;2;5;5;0;3;2;4;3;4;4;2;3;2;1;4;2;0;3;6;6;1;0;0;5;8;1;0;1;2;3;0;8;0;4;6;2;2;2;7;3;2;3;5;4;7;1;2;3;1;2;3;1;2;1;2;2;0;4;2;3;2;1;2;2;0;3;6;0;2;2;0;0;0;3;1;3;3;0;0;0;1;0;1;2;0;0;1;0;1;1;5;2;8;6;8;9;3;5;1;5;3;4;5;2;1;0;5;2;3;5;4;4;9;1;0;3;3;7;4;1;3;2;1;5;8;1;5;5;5;4;3;2;2;5;7;2;13;181;24;51;;9;13;13;4;13;15;11;12;7;13;27;36;13;11;96;8;437;5;7;12;6;8;5;10;13;29;5;20;5;8;0;23;1;4;5;4;2;10;3;2;7;6;2;3;8;3;2;2;6;0;4;3;1;5;4;4;27;3;2;5;2;5;1;6;4;3;3;10;1;3;2;3;2;1;2;4;4;24;3;3;1;6;17;2;2;5;3;8;3;6;7;5;2;0;3;2;2;0;0;0;1;4;2;0;1;1;1;1;0;0;2;0;2;1;3;1;2;3;1;1;1;8;0;3;8;4;6;2;3;4;5;1;3;11;0;3;0;4;0;0;0;1;2;3;1;4;4;2;1;0;3;2;1;1;1;0;0;0;0;0;1;1;2;0;0;4;2;1;0;1;2;2
9173;2;2;2;0;1;3;5;7;2;0;5;2;2;0;2;31;3;0;0;1;2;1;2;0;0;7;11;1;0;4;0;0;3;1;0;3;2;3;0;2;0;4;2;1;1;0;3;1;2;0;4;2;1;0;0;2;0;3;2;0;1;8;0;8;2;9;0;1;3;1;2;0;7;2;3;2;1;4;7;13;4;6;2;0;2;1;4;0;6;1;1;4;1;2;1;1;0;6;2;1;5;6;6;0;2;7;1;1;1;3;3;3;2;2;2;1;5;13;4;5;3;1;0;6;5;6;0;7;0;1;1;0;2;2;1;4;2;0;1;2;2;2;0;1;0;1;0;0;4;4;4;3;5;1;2;0;2;1;0;0;1;1;6;1;2;2;0;0;1;0;0;2;1;0;4;2;3;1;13;11;7;6;5;3;2;2;1;1;4;2;6;1;5;4;4;9;4;3;10;1;2;4;3;10;4;3;4;2;4;3;12;4;4;4;8;2;5;8;7;6;9;3;26;772;20;18;21;;37;57;17;22;37;65;150;30;295;26;251;11;15;98;157;39;378;12;13;3;8;14;13;16;24;10;23;7;13;0;26;0;6;12;4;6;8;8;5;7;4;3;8;10;8;2;3;6;1;3;0;4;7;10;4;29;3;5;2;3;6;3;6;6;1;1;9;1;1;4;4;3;2;2;5;4;44;6;4;2;13;24;8;8;5;7;28;14;9;19;4;0;0;2;0;0;3;2;0;2;1;2;3;1;1;1;3;2;1;2;0;1;1;2;1;2;5;1;3;2;6;2;7;3;5;3;4;10;0;3;4;4;14;2;2;0;1;0;3;0;0;3;2;0;0;1;5;3;2;13;3;5;0;1;4;0;1;1;1;2;1;0;0;3;1;3;3;1;1;2;2
9174;3;2;1;2;1;1;1;7;1;2;1;3;2;0;4;25;1;3;1;4;3;1;1;2;1;6;14;0;3;0;0;1;0;1;4;0;3;2;0;1;3;1;2;0;0;1;2;2;2;0;3;2;2;3;0;1;0;6;1;0;2;8;1;9;2;8;4;6;2;0;0;4;6;2;4;2;1;6;6;8;2;6;5;4;1;1;3;2;8;0;3;2;3;2;2;4;0;2;2;1;0;6;5;4;3;7;7;0;1;3;0;8;2;3;4;3;6;15;4;6;6;5;7;1;6;1;1;2;4;6;5;0;1;5;4;4;8;0;4;3;0;0;0;3;1;1;2;1;3;3;1;0;4;2;3;0;0;3;0;3;0;8;4;3;0;1;0;1;1;2;3;2;4;1;4;1;2;1;16;9;12;3;7;7;3;6;4;4;3;5;13;0;3;7;2;2;6;1;5;3;5;4;4;7;5;3;12;1;4;1;10;3;3;7;6;5;7;11;8;5;15;7;38;1640;15;12;16;35;;60;16;68;305;415;23;59;33;39;311;76;243;61;82;24;32;26;10;4;22;20;28;43;30;15;21;14;19;4;29;4;9;14;11;4;14;12;5;10;12;6;2;7;7;2;3;11;2;3;2;3;1;6;10;29;5;11;5;6;7;1;8;7;2;3;9;3;2;3;0;4;3;4;5;9;127;8;4;2;240;72;13;15;6;7;17;21;19;14;7;1;1;3;1;2;0;0;1;1;4;5;2;5;2;4;1;0;0;3;0;3;1;4;1;1;4;3;1;3;2;5;5;4;7;4;8;14;5;12;10;7;18;5;3;1;4;5;0;2;0;5;6;0;1;2;0;3;3;7;3;0;2;1;1;2;1;0;3;0;5;2;1;3;4;1;2;0;2;3;2
9175;2;5;4;0;0;4;3;5;5;1;7;2;7;0;4;32;2;0;2;1;0;0;4;2;1;7;9;1;1;1;0;3;4;1;2;0;0;3;0;1;2;1;2;2;0;1;1;0;2;1;3;4;3;2;0;1;1;3;2;1;4;10;2;10;4;7;2;3;0;2;2;0;5;1;6;6;0;7;5;12;1;11;3;5;1;0;2;1;9;0;6;6;0;0;8;2;0;1;4;0;0;2;3;2;3;4;3;2;2;0;3;0;1;9;3;4;5;15;1;4;4;5;4;7;8;1;3;6;5;6;2;2;0;7;2;3;3;2;1;2;1;0;2;2;0;0;0;0;1;1;1;3;1;1;5;0;2;2;1;2;2;2;8;0;0;0;1;0;2;3;0;2;1;0;1;0;1;3;18;5;11;7;8;4;6;7;0;3;2;10;6;1;12;9;3;10;8;1;7;2;3;7;0;9;5;3;9;2;6;4;13;7;9;5;10;1;10;5;6;11;17;4;18;1605;59;39;24;44;90;;10;625;134;89;13;28;74;224;641;8;37;474;52;62;25;30;15;7;18;18;11;56;37;10;38;11;18;3;38;4;8;8;7;3;20;15;2;5;9;4;0;4;2;2;1;8;2;2;1;3;5;12;6;35;1;9;8;7;6;3;1;6;3;0;8;2;4;1;2;2;2;9;4;11;50;4;9;1;32;25;9;13;9;1;17;15;9;10;7;1;2;3;2;3;1;2;0;5;0;4;3;2;0;1;2;2;0;5;1;2;0;1;3;2;5;3;2;1;2;5;14;7;4;3;6;13;8;6;6;8;20;4;5;0;6;5;0;2;3;4;1;0;1;3;1;0;4;4;6;3;1;5;0;1;2;3;0;4;0;0;2;8;3;0;0;2;2;1;3
9176;1;2;3;2;1;2;1;1;3;4;1;0;1;0;2;29;6;0;7;6;1;0;0;3;0;2;10;2;5;4;0;0;5;0;1;4;0;2;0;2;0;3;1;0;0;0;5;1;1;1;2;2;1;1;2;1;1;4;0;1;0;3;0;9;2;8;3;1;0;1;0;0;2;1;4;3;0;1;3;11;0;6;1;6;0;0;1;1;4;0;5;4;1;1;2;0;4;0;1;1;0;2;3;1;1;11;1;1;0;2;1;3;1;1;3;1;3;16;2;1;3;2;3;1;5;0;3;3;2;2;2;2;0;4;2;6;3;0;1;3;2;2;3;1;0;0;0;0;4;5;0;1;1;2;0;0;0;1;0;1;1;1;2;0;0;1;1;0;2;1;0;0;0;0;1;0;0;0;18;7;4;2;16;4;6;8;1;5;2;5;9;2;7;7;2;6;7;3;4;1;2;0;3;7;4;2;3;2;3;4;5;0;2;5;4;1;7;4;4;2;3;3;1361;262;11;6;6;10;19;8;;12;32;14;10;9;7;7;39;240;329;18;11;6;9;15;7;6;8;4;174;16;9;4;7;9;8;8;81;3;6;9;170;5;28;7;5;12;16;1;4;3;3;5;4;5;1;3;2;5;4;21;16;87;5;20;10;6;13;5;82;115;2;1;14;1;6;5;2;7;4;4;5;1;43;4;7;3;29;16;9;11;6;5;5;9;44;6;3;0;2;2;3;0;0;1;0;1;0;2;2;3;3;1;4;2;2;6;0;1;2;0;2;0;2;5;3;0;4;1;10;6;3;2;17;12;4;1;2;0;11;4;2;0;2;0;0;4;0;3;0;0;0;3;1;1;3;6;0;5;0;0;1;3;1;0;3;3;2;1;0;3;0;1;1;4;3;2;0
9177;3;2;4;1;4;1;3;5;3;1;3;3;3;3;2;23;1;2;1;2;1;0;1;2;1;3;8;0;1;2;0;2;5;3;3;4;2;2;0;0;3;2;0;1;1;1;3;0;4;0;3;2;1;2;0;1;1;4;1;1;2;8;4;7;11;6;4;2;2;3;0;1;4;2;3;1;1;4;4;12;0;11;2;3;3;0;3;2;8;0;2;2;2;3;6;4;2;3;6;0;1;5;1;3;1;7;2;0;2;1;5;6;0;1;0;1;1;9;2;3;1;3;6;1;7;3;2;7;1;4;2;3;2;3;2;1;1;3;4;2;0;1;2;3;0;3;1;0;2;3;1;0;1;3;1;0;0;1;1;3;1;4;1;0;0;1;1;1;0;0;0;2;0;0;0;0;4;1;10;11;8;2;12;1;3;5;4;2;3;1;8;1;5;8;3;3;5;2;11;4;3;1;2;5;1;1;2;1;3;1;9;2;6;5;6;6;4;4;8;8;13;2;23;818;15;51;12;26;58;389;12;;497;40;13;19;33;346;213;18;55;103;28;45;14;137;13;12;32;14;39;352;48;8;47;24;53;2;30;5;6;7;8;7;20;11;2;9;10;1;5;10;6;2;2;16;7;4;7;8;4;6;10;29;4;8;6;8;7;2;3;7;2;4;7;4;3;3;2;3;3;3;4;4;41;8;9;4;20;23;5;11;3;4;14;8;1;9;7;0;3;8;2;0;0;2;1;4;3;6;2;2;4;2;4;3;2;1;0;2;7;0;1;4;4;0;2;0;4;1;7;8;9;1;9;13;11;12;3;10;18;7;5;0;6;1;1;5;0;3;0;1;4;4;4;1;3;2;5;2;0;0;3;0;1;1;0;1;2;1;2;2;3;1;2;3;3;3;2
9178;3;9;3;0;1;2;6;7;5;1;6;2;5;2;3;58;8;3;3;5;0;0;4;0;1;10;21;6;7;3;3;2;3;3;3;2;0;5;5;2;4;3;2;2;1;0;4;6;4;3;5;1;5;5;0;6;0;7;1;2;3;11;4;16;7;10;2;4;2;3;0;6;6;7;10;7;5;3;14;31;2;14;6;6;3;5;5;3;18;3;10;5;2;3;2;7;3;9;4;3;1;6;3;12;5;10;3;2;5;5;3;5;1;4;3;2;7;27;5;8;7;8;11;5;13;6;2;14;8;10;10;6;4;4;4;3;7;5;1;7;1;4;5;6;4;3;2;0;2;8;1;0;5;1;3;0;2;5;3;1;1;12;5;0;1;1;5;1;4;3;3;0;2;0;2;1;5;1;40;20;20;9;14;11;7;13;5;5;6;6;15;3;16;12;9;9;14;5;12;7;4;5;3;15;8;4;14;2;9;7;13;13;12;12;11;9;14;13;13;20;15;10;75;1677;20;30;29;54;278;132;44;555;;137;29;34;36;77;518;45;393;83;49;56;37;263;21;23;42;30;199;499;76;18;46;37;65;6;64;7;12;26;18;12;41;23;12;8;12;5;9;12;9;5;8;16;5;6;6;19;1;11;15;64;2;20;9;13;17;9;12;16;2;3;21;13;13;7;6;5;4;7;8;8;88;5;10;4;42;43;4;22;15;8;22;26;22;25;5;6;2;1;4;0;2;5;2;8;4;6;1;3;6;1;3;7;4;6;1;2;3;2;4;2;10;5;7;2;7;4;12;9;11;9;17;20;14;15;12;5;37;10;3;3;9;2;1;6;3;3;2;0;0;4;7;0;1;9;4;8;1;2;5;0;4;2;3;3;3;0;4;3;0;1;5;1;6;2;2
9179;1;6;4;0;3;5;5;11;8;3;2;4;7;0;4;43;5;5;2;1;1;0;3;1;1;10;18;4;2;8;4;2;0;4;4;1;2;2;0;2;4;3;1;1;3;0;7;4;3;3;5;4;8;0;1;0;0;6;1;1;3;11;3;10;9;12;2;7;1;1;1;1;8;4;6;5;5;3;7;22;5;14;4;9;2;2;3;3;16;1;8;5;6;5;10;7;3;4;2;0;2;1;9;4;6;4;4;3;9;6;5;5;3;2;4;1;2;28;3;5;2;6;4;8;8;4;5;14;3;5;7;3;5;3;3;6;3;0;7;2;2;2;3;1;3;2;1;4;1;2;1;2;5;5;0;0;1;5;0;1;0;7;10;0;2;1;4;0;1;1;0;5;1;2;3;2;4;4;28;11;16;9;10;9;5;3;3;7;1;14;12;2;11;11;6;12;7;1;13;5;5;3;2;13;8;1;9;8;8;4;16;9;12;9;12;10;14;10;9;8;13;3;51;2884;41;35;71;108;615;131;47;114;207;;72;401;70;96;447;64;96;129;531;73;114;30;22;11;29;21;33;39;54;19;28;14;20;8;34;8;17;17;16;5;20;16;7;8;17;8;3;6;12;3;5;9;8;3;4;13;2;12;9;54;2;16;6;8;10;6;7;14;9;15;20;8;9;9;10;7;11;8;4;20;201;27;18;9;241;178;23;34;24;15;69;61;34;32;7;2;2;0;5;1;1;5;0;7;2;5;5;3;2;0;4;3;0;4;0;3;3;2;5;6;3;3;3;0;6;4;13;9;8;10;7;20;8;16;8;7;30;6;7;1;6;5;5;5;2;6;4;0;2;3;0;2;4;5;10;6;2;2;1;2;4;0;1;4;0;0;0;3;4;1;4;1;1;5;0
9180;1;6;3;0;1;6;4;4;3;2;2;2;1;0;2;16;4;1;4;1;2;0;3;0;1;4;9;2;1;0;1;2;0;1;3;1;0;0;0;1;0;0;0;2;1;0;4;1;1;2;1;1;5;0;2;2;1;0;0;0;0;11;3;8;3;4;3;5;2;3;0;2;4;4;3;7;1;1;3;12;0;6;1;4;4;4;5;4;5;0;2;1;5;0;4;5;0;3;4;3;0;3;2;3;1;5;2;2;1;1;2;2;1;4;3;3;3;11;1;4;5;3;3;3;5;1;0;1;4;2;3;2;3;4;3;1;4;2;2;9;3;3;0;2;1;2;2;2;1;3;2;1;4;1;2;5;0;1;0;1;3;0;4;1;1;0;0;1;1;0;0;3;0;0;3;0;6;0;23;4;9;2;5;2;1;5;0;6;4;4;2;12;5;1;3;5;4;1;5;1;1;0;1;6;3;0;4;2;3;0;20;3;2;3;3;4;10;5;4;10;6;3;17;364;9;11;21;171;12;20;13;24;37;31;;50;23;17;56;5;19;30;57;27;408;2;6;7;9;8;6;6;15;6;9;6;5;0;26;3;8;3;4;5;12;9;1;6;6;2;1;2;7;2;2;6;8;4;2;3;2;13;6;33;1;9;5;4;3;1;8;5;2;0;11;2;8;3;1;5;5;4;4;7;64;14;15;2;9;17;5;3;10;6;51;8;4;33;4;3;1;1;1;0;0;4;0;4;1;3;0;0;0;1;0;0;1;3;2;1;0;0;4;3;0;1;1;1;3;1;3;6;5;3;2;11;7;12;1;1;12;2;3;0;5;2;0;0;0;1;0;0;2;2;1;0;2;0;0;2;1;2;0;1;0;1;1;0;1;2;0;2;4;3;0;0;0;1;3
9181;0;4;2;1;1;0;4;3;3;0;6;5;2;0;2;18;4;0;2;0;0;1;3;0;1;3;5;1;0;0;0;2;3;3;3;1;1;3;0;0;2;0;0;0;0;0;2;4;1;1;3;0;3;0;0;3;0;1;0;0;0;4;0;3;8;4;2;1;0;2;0;0;2;2;2;3;1;2;3;14;2;6;3;3;2;1;0;2;12;0;5;3;2;3;1;0;4;3;1;2;1;1;0;2;6;1;3;1;1;5;1;4;0;1;1;2;2;15;1;3;0;2;3;5;2;4;0;4;4;2;3;1;0;5;3;4;3;3;1;2;3;1;2;3;1;2;0;2;1;2;1;1;4;3;1;0;0;1;0;0;0;3;3;6;0;0;2;0;0;2;0;2;1;0;2;0;3;0;16;7;8;1;6;4;0;3;1;4;5;4;5;2;10;3;2;6;9;1;6;1;3;3;1;14;2;3;6;3;2;0;14;2;3;3;7;6;14;8;12;12;21;5;7;598;9;6;9;26;39;17;9;11;24;186;45;;20;10;61;15;14;35;168;15;273;8;7;4;9;5;9;7;17;3;7;2;9;2;26;1;1;2;8;1;5;3;2;4;10;2;4;4;4;0;1;4;3;0;0;6;1;5;4;20;0;8;7;1;4;3;4;6;0;0;15;2;5;0;1;1;2;6;4;4;259;64;25;12;94;373;13;24;13;10;338;176;12;34;2;1;3;1;3;0;0;0;1;4;2;2;2;1;0;0;0;0;0;3;0;2;1;1;3;3;5;0;7;2;5;1;6;3;5;2;2;8;2;6;2;4;19;2;2;0;4;3;0;1;0;0;1;1;2;2;2;2;3;6;3;2;2;1;0;2;0;2;3;1;1;0;0;1;0;0;1;0;1;2;4
9182;1;3;3;0;1;1;8;5;3;0;4;5;3;0;5;20;3;0;0;2;2;0;1;1;1;7;5;3;1;1;1;2;1;0;3;3;3;3;0;1;4;2;2;0;0;0;1;2;0;0;5;3;2;0;0;4;0;2;2;3;0;3;1;6;8;7;2;1;2;0;0;0;5;2;5;3;2;2;4;11;0;6;2;4;1;2;3;4;4;1;4;1;2;2;1;1;2;0;4;1;1;0;2;2;2;4;0;1;1;0;2;3;0;1;4;1;1;17;1;3;3;3;4;5;5;6;1;4;2;3;2;1;1;3;1;3;1;1;1;1;1;3;0;1;0;4;2;0;4;0;1;0;3;2;1;0;0;3;0;2;3;1;2;0;0;0;0;0;1;1;0;0;0;0;2;0;5;2;10;3;7;5;10;6;3;2;2;0;4;0;3;1;3;2;2;6;2;1;7;3;0;1;1;7;2;3;7;1;3;4;8;6;3;2;4;1;3;5;3;9;4;4;8;542;71;14;21;327;25;70;12;29;35;26;26;16;;20;198;10;9;364;28;48;33;2;7;6;6;11;7;15;20;1;11;11;5;2;21;1;3;4;10;5;9;7;5;5;5;1;1;7;7;1;1;5;2;2;7;3;1;7;4;15;3;6;7;2;7;2;3;4;0;2;6;1;8;3;5;5;2;8;2;5;32;6;4;0;10;8;3;5;3;6;18;7;5;13;3;0;1;2;1;1;2;2;3;3;1;3;0;1;1;2;2;0;0;1;0;1;1;1;2;2;3;1;0;0;3;1;4;1;5;3;7;6;6;6;3;2;14;2;6;0;2;7;0;1;0;1;1;1;1;3;3;2;0;6;1;0;0;2;2;0;0;2;1;1;0;1;0;2;1;0;2;0;3;1;2
9183;0;2;4;0;0;2;4;3;1;1;1;2;4;7;2;13;1;1;0;0;1;1;2;0;1;2;7;2;3;4;1;0;0;1;2;1;0;0;1;2;2;1;1;1;0;0;1;0;0;0;2;1;3;1;0;1;1;2;0;0;0;2;1;5;7;1;3;2;0;2;1;0;2;3;2;2;1;2;4;6;1;6;2;0;0;1;1;1;1;0;1;2;3;0;4;1;5;2;1;2;1;1;1;2;3;3;1;3;1;5;1;2;0;0;2;2;0;6;1;2;2;2;4;1;4;3;1;5;2;5;3;1;1;1;0;1;1;0;1;1;0;1;2;2;1;1;1;0;0;0;0;0;1;1;1;0;0;0;1;0;0;5;2;0;0;0;2;0;3;0;1;3;2;0;3;1;2;0;9;5;6;2;4;0;3;2;5;2;1;0;3;0;4;2;0;4;1;0;9;3;1;0;0;4;1;0;2;1;3;5;2;4;4;3;3;3;2;5;5;8;4;5;17;382;46;660;54;27;29;91;16;238;68;31;24;19;19;;58;28;26;269;19;169;34;49;23;4;18;7;12;161;57;9;218;5;31;0;33;2;3;11;3;1;8;12;0;3;3;2;2;3;5;7;2;7;1;4;4;1;0;8;3;21;3;4;1;4;4;3;3;2;2;2;8;5;5;1;4;2;1;2;1;0;21;0;3;2;9;12;4;5;3;1;6;5;5;6;2;0;0;1;0;1;0;0;1;1;1;0;0;0;0;1;2;4;1;0;0;0;0;0;0;0;3;0;4;0;1;0;3;0;5;0;4;7;2;5;4;1;6;5;5;0;1;3;0;3;0;2;1;0;0;1;4;1;3;1;3;2;1;0;0;0;1;0;2;2;0;1;0;0;2;2;1;3;0;2;0
9184;10;17;15;2;3;6;11;11;14;8;15;11;14;1;9;135;12;3;7;6;10;2;5;2;3;26;55;9;8;10;2;7;10;8;11;7;3;9;3;7;16;9;5;5;2;2;8;4;7;7;8;7;6;3;6;6;5;7;3;1;1;24;5;43;10;22;10;10;8;4;1;4;4;13;23;14;12;8;34;66;1;33;7;24;7;6;7;14;44;4;12;16;6;5;14;11;7;9;12;5;5;9;12;12;14;24;3;4;5;6;6;10;4;2;6;6;12;64;16;17;9;6;8;17;11;9;4;22;10;14;15;6;6;23;1;12;13;4;7;9;3;4;6;8;8;5;9;7;18;5;2;3;8;6;7;0;1;8;1;6;5;12;13;3;4;6;3;0;0;8;4;4;3;2;5;5;5;2;71;31;26;11;31;26;8;17;5;8;9;14;31;2;32;26;16;30;30;8;30;9;1;9;9;33;23;9;14;6;7;9;39;16;16;19;26;18;35;17;24;33;30;16;71;7603;60;64;39;331;441;1061;44;445;846;510;64;138;291;169;;40;167;415;458;122;113;66;40;21;41;46;51;142;78;17;65;24;66;7;79;9;16;26;23;12;36;26;9;22;37;11;9;20;15;11;14;23;8;6;5;13;9;33;22;77;4;25;20;16;29;6;14;19;11;5;31;13;13;9;6;22;10;14;14;31;169;17;23;7;83;88;14;23;29;21;56;52;33;38;14;6;2;7;2;6;1;2;3;16;3;12;2;8;4;4;1;8;4;6;1;4;8;3;12;5;8;4;14;7;12;0;15;15;14;15;9;43;17;12;11;13;64;15;14;2;9;4;1;6;2;13;5;3;3;6;3;3;6;7;7;6;2;5;5;2;11;2;3;5;6;4;3;9;1;1;6;5;3;7;4
9185;0;0;0;0;1;1;1;0;1;1;2;2;1;1;1;12;6;0;1;0;0;1;0;4;2;1;6;1;0;1;0;0;3;2;4;0;0;0;3;1;0;3;2;0;0;1;1;1;3;0;1;1;4;0;0;2;2;1;1;1;3;2;2;1;2;4;0;1;0;0;0;2;3;1;3;3;2;1;0;7;1;1;1;1;0;0;6;0;3;1;1;1;2;2;3;2;2;0;1;1;0;0;9;0;1;3;3;0;0;2;0;1;0;3;0;1;0;8;4;0;3;1;1;0;3;0;0;3;1;2;3;0;2;0;1;1;3;0;1;1;1;0;0;1;0;0;1;0;0;1;1;1;1;0;0;1;0;3;0;3;0;3;2;1;0;0;0;0;0;0;2;1;0;0;0;0;0;1;8;6;6;3;6;2;2;1;3;2;1;3;5;0;3;5;1;1;2;1;5;4;4;0;3;3;0;0;4;2;5;1;6;1;1;2;1;4;10;2;4;5;4;2;375;182;4;5;8;8;32;8;207;11;35;22;11;4;4;12;26;;294;12;12;11;19;5;5;5;3;2;36;10;10;5;6;6;4;2;33;0;4;8;15;4;8;3;4;1;5;2;0;10;6;1;3;4;4;1;1;8;7;8;6;33;0;5;9;2;4;3;7;36;3;1;6;1;3;1;3;3;0;3;2;3;93;5;4;4;151;56;15;8;5;3;5;15;165;8;1;0;0;0;2;0;0;2;0;1;2;0;1;1;0;0;3;1;0;1;1;2;0;1;1;1;0;0;0;1;1;0;6;1;4;2;9;3;0;5;5;0;8;3;2;1;5;2;1;1;0;2;2;1;1;3;1;1;2;4;1;0;0;0;2;0;1;4;0;1;2;1;3;1;0;0;2;0;0;0;2
9186;0;2;2;1;2;1;0;2;2;0;4;4;0;0;3;15;4;1;3;4;0;1;2;0;0;0;10;4;2;1;0;1;3;2;3;2;0;2;0;2;2;2;4;1;4;0;0;4;0;1;3;0;6;0;0;0;1;6;1;0;1;2;1;9;3;2;1;0;0;1;1;1;2;0;3;4;0;4;4;10;1;7;1;3;1;5;0;3;5;0;3;1;1;1;2;0;1;4;3;1;0;2;1;1;0;8;4;2;0;1;1;2;2;1;3;1;2;12;2;4;1;2;3;2;4;1;1;6;4;4;2;2;1;1;0;2;1;0;1;3;3;2;0;1;1;0;2;0;0;1;0;0;8;0;2;0;0;1;0;0;0;1;5;1;0;0;2;0;0;1;0;1;2;0;1;3;5;0;13;5;6;5;8;3;4;5;6;2;1;5;7;1;4;7;0;3;3;3;3;5;3;2;0;4;0;1;3;0;1;2;5;3;4;5;4;3;6;6;5;11;8;3;822;446;17;25;23;34;105;37;389;57;269;45;35;33;36;29;78;430;;68;44;32;48;21;6;12;11;8;267;40;23;10;7;17;19;1;46;5;6;11;26;3;25;13;6;5;10;2;4;11;5;10;7;6;1;7;4;9;3;11;3;41;1;10;9;4;12;5;17;15;2;2;8;3;4;5;4;5;8;4;4;4;46;3;3;3;47;20;6;15;11;4;12;5;22;5;2;1;1;1;2;1;0;3;0;2;1;4;2;3;4;1;2;0;0;0;0;3;0;6;0;0;1;4;0;3;6;1;7;2;5;3;9;8;4;8;6;10;16;5;3;3;3;5;0;3;3;5;4;0;1;7;2;1;2;5;1;1;0;0;1;0;0;2;1;2;1;0;1;0;1;1;1;0;5;4;2
9187;4;5;4;1;6;3;14;5;1;1;7;4;2;2;3;40;0;1;1;1;4;2;0;1;3;2;15;4;5;3;3;4;2;3;6;6;2;6;0;2;2;4;4;1;2;1;3;1;1;4;12;1;6;1;2;1;3;5;2;0;3;8;2;13;6;11;4;1;2;5;3;1;4;4;9;4;6;10;9;23;4;10;7;3;0;1;1;2;4;1;8;4;3;2;14;1;5;11;5;1;4;4;2;1;6;12;3;2;3;6;2;6;1;2;3;7;7;29;6;4;4;4;0;4;7;3;2;10;4;4;6;4;3;8;2;3;4;3;6;6;3;7;1;4;2;3;2;1;2;1;5;2;3;1;1;1;1;1;0;1;1;2;5;1;0;0;2;0;2;0;1;2;3;0;4;3;3;4;21;7;15;13;11;9;4;3;4;14;6;4;12;0;6;8;8;9;7;4;10;1;3;2;4;15;7;6;7;2;11;3;21;9;10;10;12;6;12;6;7;14;11;5;21;876;1524;100;101;73;33;290;11;85;54;42;26;23;228;329;207;10;22;;30;687;32;30;28;11;22;18;18;49;55;17;40;9;18;8;64;6;5;17;11;9;15;14;10;12;11;3;3;10;8;9;7;12;9;2;6;12;3;8;10;46;4;17;9;6;12;3;7;11;4;2;17;3;7;8;2;3;3;3;2;6;65;4;14;1;22;24;4;6;9;7;14;13;24;16;3;0;0;6;1;3;0;0;1;5;4;3;2;3;5;1;4;2;3;1;1;4;2;1;5;1;6;4;4;4;4;0;7;4;7;7;10;15;9;7;6;5;19;5;6;1;5;6;4;3;3;4;3;1;1;5;3;0;2;3;3;3;4;2;2;0;2;3;1;5;1;0;1;6;1;4;5;4;2;1;2
9188;2;5;2;0;2;5;5;3;7;2;5;6;2;0;2;47;2;1;3;0;0;1;6;1;1;1;10;2;0;1;2;1;2;1;7;3;0;3;2;3;4;0;1;1;0;0;3;5;0;3;3;4;2;1;3;0;2;1;1;2;1;6;4;18;2;8;2;1;1;0;0;1;4;1;3;7;0;5;6;20;3;12;4;4;1;3;3;6;10;2;2;4;1;1;9;4;5;5;4;0;1;2;2;2;1;8;1;1;3;5;1;1;0;2;5;1;5;21;1;2;9;2;2;13;8;6;1;7;3;3;5;2;2;4;1;6;7;1;2;1;2;1;2;2;0;3;1;0;3;4;1;3;1;1;2;0;0;2;0;2;1;0;6;0;0;1;0;1;1;2;1;1;0;0;0;1;4;0;24;11;14;4;5;6;2;4;1;7;3;4;8;4;15;5;5;14;5;3;8;1;1;1;2;16;14;5;9;3;2;2;18;4;1;3;11;4;12;6;10;13;8;4;21;1729;9;11;19;205;77;50;8;43;64;527;85;345;39;29;343;14;19;58;;33;377;18;11;4;9;9;12;17;29;7;20;9;14;5;38;2;2;14;3;5;13;5;0;7;16;3;5;3;7;1;4;11;6;0;3;3;4;10;6;24;1;7;6;2;4;6;4;6;4;2;8;2;9;3;3;3;3;8;3;7;81;15;14;9;34;50;7;10;14;15;47;49;13;14;9;1;0;3;1;1;2;1;0;10;3;0;0;1;1;1;1;0;1;8;0;2;5;4;6;0;4;2;6;3;6;2;8;5;5;4;3;6;3;6;7;4;18;4;2;0;4;5;1;2;0;3;5;1;4;3;0;0;3;3;3;6;2;4;0;0;1;0;0;3;0;1;0;1;1;0;1;1;0;2;0
9189;1;3;5;0;1;1;3;1;2;0;3;3;2;2;2;13;2;1;3;2;2;0;0;4;0;5;8;1;2;0;1;1;1;1;3;1;1;1;1;3;1;1;1;2;0;1;4;1;0;1;3;1;3;1;0;1;3;0;0;0;0;10;0;2;5;6;2;3;2;1;0;3;5;2;6;0;2;0;5;17;0;9;2;2;0;6;2;2;6;1;2;7;6;0;2;2;1;3;1;1;0;4;1;1;2;11;3;1;1;1;3;5;1;4;3;2;2;14;3;7;5;2;1;2;7;3;2;5;4;3;3;1;1;7;4;2;2;2;4;4;0;4;4;0;2;5;3;0;2;2;3;4;1;3;2;0;0;1;2;0;0;4;5;1;1;0;0;0;1;5;1;1;1;0;2;0;3;1;20;5;10;3;3;6;2;5;5;3;2;5;2;0;5;5;1;4;7;2;8;2;3;2;2;9;7;3;4;3;5;2;5;6;5;4;9;4;4;4;5;5;5;3;7;411;103;445;410;29;12;38;8;30;39;26;19;12;31;156;60;10;4;522;20;;20;20;23;11;10;8;8;21;38;5;47;11;8;1;50;2;4;5;4;1;13;7;5;7;9;3;2;4;4;2;6;4;5;3;1;4;5;7;5;24;1;6;1;3;5;2;3;5;2;2;15;1;0;10;3;6;7;3;6;9;34;1;6;1;9;21;3;4;6;2;10;6;10;11;3;0;0;2;1;1;1;0;2;2;4;2;0;3;2;2;1;0;0;1;0;1;3;0;1;0;0;2;3;2;1;0;3;0;4;6;4;8;4;1;5;1;11;1;1;1;1;7;0;0;1;2;5;0;1;3;0;3;3;2;4;3;0;1;0;0;6;0;1;2;4;1;3;1;1;2;2;0;1;1;0
9190;0;3;3;1;3;1;5;0;0;3;4;4;2;1;2;25;0;0;1;1;2;3;1;0;0;1;3;1;0;2;1;4;1;7;3;1;4;5;0;2;2;1;0;1;0;1;1;1;1;2;3;1;7;1;0;2;1;1;1;0;0;5;0;4;3;2;3;0;2;0;2;3;4;4;2;6;0;3;3;5;0;8;2;6;4;2;4;1;4;0;2;4;1;3;1;1;2;3;4;0;0;1;1;0;2;4;6;0;1;2;3;2;1;4;3;0;2;9;1;4;4;2;3;1;3;0;2;1;0;1;4;3;5;4;1;5;3;3;0;0;2;0;1;1;3;0;4;0;1;1;1;0;2;1;0;2;1;1;0;2;0;2;1;0;0;0;0;1;0;3;1;3;2;3;0;0;0;1;5;3;10;2;4;2;1;3;0;3;2;4;6;3;7;4;2;5;5;2;5;2;3;2;0;12;4;0;4;1;6;3;10;5;5;11;7;5;9;5;7;8;7;7;12;528;12;5;11;312;17;22;6;16;30;44;317;284;26;15;69;11;9;39;221;17;;8;5;2;18;8;4;4;13;5;9;4;8;2;28;2;2;2;7;3;10;8;3;7;9;1;4;5;5;3;2;5;3;2;1;2;3;10;4;24;1;5;3;3;5;3;5;5;2;3;9;3;1;1;5;6;2;4;0;6;124;55;27;4;17;54;6;10;9;6;203;27;7;23;3;0;1;2;3;0;0;2;3;5;3;2;0;1;2;0;3;1;1;3;1;1;3;1;1;2;5;3;10;0;9;2;3;4;3;5;0;9;6;8;2;2;14;2;3;0;4;3;0;0;0;4;0;3;0;4;2;1;0;5;4;2;0;1;0;1;0;2;3;1;1;0;0;1;1;0;1;2;0;4;0
9261;0;2;1;0;0;1;1;2;1;2;0;2;4;0;3;24;2;1;2;0;2;0;2;0;1;5;6;0;1;1;0;0;1;2;1;1;0;0;0;1;0;2;1;0;0;1;1;2;1;0;1;3;4;1;0;1;1;2;1;0;0;5;2;8;3;5;2;0;3;4;0;0;7;1;2;0;3;3;2;9;0;2;0;1;2;0;0;2;2;0;0;0;4;2;4;6;2;1;4;1;0;1;1;3;3;3;2;1;2;0;4;4;1;2;2;3;1;9;2;2;0;2;2;1;1;3;2;5;1;3;3;1;0;2;4;2;5;2;4;2;1;0;4;0;1;2;1;0;2;1;0;2;1;0;1;0;1;1;0;1;0;1;2;2;0;0;0;0;0;1;0;0;1;1;1;0;0;1;8;3;7;3;6;6;4;2;1;1;4;4;3;1;5;4;5;2;3;3;0;2;1;0;1;5;6;1;2;0;2;3;2;2;1;4;2;0;5;5;1;2;9;2;23;297;13;21;8;6;20;17;11;115;155;24;6;6;10;47;45;9;19;30;6;21;7;;21;48;61;17;63;1911;42;13;52;38;189;4;83;7;10;10;6;6;34;10;2;11;5;3;3;28;4;1;7;1;1;3;4;3;0;8;11;47;2;9;2;2;3;2;4;1;1;3;8;3;1;1;1;4;0;0;0;8;20;1;4;0;7;11;5;1;5;2;5;4;7;4;2;3;0;1;0;0;1;1;2;3;1;3;1;1;1;0;1;1;0;0;0;1;3;0;2;0;0;0;0;2;0;0;3;1;0;1;2;3;3;4;1;3;11;1;1;1;3;1;0;0;2;0;0;0;1;0;5;0;0;3;0;0;1;0;0;2;1;2;0;1;1;4;0;0;4;0;0;0;1;0;0
9262;2;4;10;0;1;2;2;2;2;2;2;1;0;2;2;42;3;1;1;0;1;0;1;0;1;4;10;1;1;4;1;0;2;1;0;3;0;2;0;0;0;3;1;2;1;0;3;2;2;1;1;1;3;2;2;0;0;2;1;1;0;7;1;16;6;5;3;1;2;1;0;3;5;4;2;2;1;3;9;16;1;8;1;3;2;1;2;1;9;0;5;5;3;1;5;4;2;3;2;0;1;0;1;4;2;8;2;0;1;4;2;1;0;2;3;1;5;24;1;6;4;2;3;6;5;2;1;3;3;4;2;2;2;8;0;6;1;1;3;2;1;0;3;2;0;2;1;1;0;0;0;0;4;2;2;1;0;2;0;2;3;2;5;1;0;3;2;0;0;0;0;1;0;2;2;1;1;0;19;10;7;7;11;5;4;4;4;4;4;2;4;1;8;4;1;8;8;0;5;2;0;1;2;8;2;3;3;1;1;1;9;5;3;5;10;5;5;2;4;8;4;2;9;254;6;22;9;9;8;13;6;12;18;17;6;5;6;16;41;4;1;23;12;20;6;23;;19;85;108;7;22;1050;19;51;15;26;4;59;3;1;9;3;3;14;3;2;7;8;2;6;2;2;5;3;5;6;2;3;2;1;12;1;42;1;4;4;4;2;3;4;2;1;4;11;1;1;0;1;1;2;2;1;6;28;3;5;1;6;14;1;4;5;5;7;3;3;6;2;0;1;0;2;0;0;2;1;6;2;1;1;0;0;0;0;3;0;4;1;1;0;0;2;0;3;1;3;1;2;1;2;1;0;1;0;6;1;3;0;0;19;1;1;0;7;3;3;0;0;1;0;0;0;2;0;1;0;1;0;5;0;1;1;0;1;1;0;4;0;1;1;1;0;0;0;0;0;0;0
9263;0;0;2;0;1;2;0;0;0;0;1;0;0;1;1;9;2;1;2;2;0;0;0;0;0;6;3;0;0;2;0;1;0;1;2;1;0;0;0;1;1;1;0;0;0;0;0;0;0;0;0;0;1;1;0;0;0;0;2;1;0;5;0;3;3;10;1;0;1;1;0;0;2;0;1;3;1;1;0;1;2;0;2;1;1;0;1;0;2;0;0;2;1;1;3;3;2;3;2;1;0;0;2;0;4;0;1;0;0;1;2;1;0;2;1;1;0;3;0;1;1;0;2;2;1;2;0;3;2;1;1;2;2;0;1;1;3;1;2;3;0;2;0;1;2;2;0;1;0;0;0;1;1;2;1;0;0;0;0;0;0;2;1;0;0;0;0;0;0;0;0;1;0;1;2;0;2;1;4;2;1;1;1;3;0;3;0;3;0;1;3;1;1;2;1;3;4;1;1;0;0;0;0;0;1;0;2;2;1;0;0;2;0;3;1;1;0;1;0;3;2;0;6;102;4;8;5;5;3;1;1;6;15;7;3;6;4;5;20;1;1;14;8;9;0;33;16;;121;13;24;39;32;26;11;1100;110;7;125;3;2;49;8;6;71;17;6;1;11;1;1;5;3;0;2;2;1;4;1;4;7;10;4;29;1;0;2;4;6;0;2;0;0;1;9;2;1;1;1;3;1;6;3;1;17;4;1;1;5;6;3;5;2;1;3;2;4;1;1;0;2;1;0;0;0;1;0;1;1;0;0;0;0;0;0;0;0;1;0;0;0;2;1;0;0;2;0;1;0;0;2;0;0;0;0;7;1;1;2;3;3;1;1;0;1;1;1;0;2;0;0;0;0;0;1;1;1;2;0;0;2;0;0;0;0;1;0;0;1;0;0;0;0;0;1;0;0;0;0
9271;1;1;3;0;2;0;2;1;1;1;0;1;1;0;3;15;1;3;4;0;3;0;1;0;0;3;9;0;2;1;1;0;1;0;2;2;0;2;2;1;3;1;0;1;0;0;1;0;0;3;1;0;1;0;1;3;0;1;0;0;0;4;3;6;2;2;0;0;0;1;1;0;3;2;3;1;0;0;7;8;2;5;2;1;2;0;2;3;2;0;2;0;2;0;0;1;1;0;0;1;1;2;0;0;7;4;1;1;1;2;0;2;0;1;5;2;3;13;1;4;0;1;1;0;5;5;1;3;1;3;4;2;1;1;1;2;2;1;1;1;5;1;4;2;0;0;0;0;2;2;0;1;1;1;0;1;0;0;1;1;1;2;3;1;0;0;0;0;0;1;0;1;0;1;0;1;1;0;16;2;6;6;5;4;1;2;0;0;4;2;3;0;6;8;2;2;2;1;4;1;2;3;2;3;2;0;4;0;5;0;4;4;2;0;1;2;3;3;4;7;6;1;17;212;9;23;12;16;14;13;12;23;42;14;10;10;7;16;38;4;13;17;11;17;12;88;138;141;;203;53;92;536;321;134;285;276;7;112;6;7;52;14;11;48;11;6;8;7;5;2;5;5;2;7;4;2;5;2;8;3;9;9;37;0;10;6;4;9;2;4;3;5;2;18;7;4;6;1;5;9;11;4;7;23;3;6;7;7;10;6;8;5;8;10;7;19;14;4;0;1;1;0;1;0;1;0;1;0;3;2;0;0;0;1;0;0;1;2;1;0;0;0;0;1;0;7;0;2;0;5;1;0;4;4;5;2;4;2;2;9;1;2;0;3;2;0;3;0;0;0;0;0;2;0;2;1;3;1;2;4;0;0;0;0;1;0;1;0;0;0;1;1;0;1;1;0;3;0
9272;0;1;0;0;0;0;6;4;2;0;1;3;0;0;3;3;2;0;0;1;1;0;0;0;0;3;3;0;0;1;0;1;0;2;0;0;3;1;0;1;1;0;0;0;0;0;0;0;0;0;0;0;1;2;0;1;0;0;0;0;0;4;0;1;2;0;0;1;0;0;1;1;0;0;1;2;1;6;3;1;0;0;0;1;0;4;2;0;1;0;2;0;3;0;2;0;0;0;1;0;2;0;2;1;4;2;0;0;0;0;1;0;0;1;0;1;0;3;0;2;0;1;0;0;1;2;1;1;0;0;1;2;2;0;0;4;0;0;1;0;1;0;0;0;2;1;2;0;0;1;0;0;1;0;0;0;0;0;0;3;0;0;0;2;0;0;0;0;0;3;0;1;0;0;2;1;3;0;3;1;1;1;3;0;1;0;2;2;1;2;1;0;0;3;1;2;1;0;2;1;1;1;3;1;2;0;2;0;3;2;1;0;3;2;1;0;2;0;0;4;0;0;1;65;3;7;7;4;9;5;3;7;10;7;2;2;4;5;11;3;3;13;1;8;2;15;172;19;146;;5;9;506;129;28;22;17;2;32;1;4;10;1;3;11;7;0;3;3;1;0;1;1;1;1;3;2;0;0;0;1;9;2;14;0;2;1;0;0;0;4;2;0;0;3;3;1;0;0;2;2;0;0;0;3;1;3;0;1;1;2;1;0;1;0;3;0;2;0;0;0;0;0;0;1;0;2;0;0;0;0;0;0;0;0;1;0;1;0;0;1;0;2;0;3;0;1;0;0;0;0;1;1;3;0;4;1;2;1;1;2;2;0;0;0;0;0;0;0;1;1;0;3;0;0;2;2;0;1;1;0;0;0;0;0;0;0;1;0;0;1;1;1;0;3;1;0;0;0
9273;4;6;0;1;2;0;1;1;2;0;1;2;2;0;1;11;1;4;2;12;0;0;2;1;0;4;5;2;0;0;0;0;1;1;2;3;0;1;0;1;0;2;0;0;0;0;1;0;0;3;0;0;0;0;0;1;1;5;1;0;0;2;0;4;1;6;2;4;1;3;0;2;6;1;1;4;1;1;1;8;2;2;0;4;1;1;1;1;2;0;1;2;2;0;4;1;1;2;0;2;2;3;2;0;5;3;2;2;0;1;3;4;2;2;1;4;1;7;0;1;2;3;1;2;3;2;2;2;1;1;1;0;1;1;0;0;1;0;6;1;4;1;1;1;0;1;0;4;1;1;3;1;1;0;2;0;0;3;1;2;1;3;3;0;0;1;1;0;5;3;0;1;0;0;0;1;2;0;10;4;5;2;5;4;1;6;1;0;2;2;3;1;7;6;1;5;3;4;8;2;4;1;2;1;1;1;4;4;2;3;5;1;3;2;0;2;4;4;1;5;4;0;124;191;3;12;9;4;12;5;189;33;116;12;8;4;5;6;34;31;228;16;7;5;5;51;10;25;23;10;;187;19;18;8;48;28;5;505;4;11;40;68;9;477;80;2;5;12;2;3;8;3;2;4;3;4;4;2;7;2;8;7;35;2;11;6;4;6;3;9;8;1;3;8;1;0;2;4;4;1;2;4;4;20;1;1;1;5;8;4;4;9;1;3;5;4;8;0;0;0;3;2;0;0;2;0;3;3;5;0;0;0;1;1;1;4;3;3;0;1;1;5;0;1;0;3;0;5;1;1;0;8;7;6;13;3;1;1;1;8;1;6;0;0;0;0;4;0;1;1;0;1;6;4;0;1;2;1;0;0;2;0;2;0;0;0;3;3;0;1;0;0;2;4;0;3;1;0
9274;1;3;4;1;1;2;4;1;4;2;1;3;1;1;0;12;0;0;1;0;3;0;0;4;1;3;9;3;1;1;0;3;1;0;2;2;3;2;0;1;0;1;1;0;1;0;5;4;0;0;1;2;3;2;1;3;1;5;0;1;0;6;3;3;2;5;0;1;0;0;1;0;4;2;2;2;1;6;4;6;2;5;4;3;2;2;0;0;3;0;2;1;1;2;5;2;6;4;4;1;0;2;2;3;1;6;0;2;3;0;3;1;0;2;0;1;3;8;2;2;2;4;5;3;5;1;1;5;1;2;1;6;0;4;2;2;0;3;2;1;6;1;2;2;2;1;3;0;0;1;1;1;3;1;2;0;0;1;0;0;1;1;2;0;0;1;2;0;0;1;0;0;0;0;1;1;0;3;13;5;7;6;8;4;3;7;0;2;0;2;8;0;3;6;0;3;2;3;5;3;1;0;0;3;5;1;6;1;3;0;5;5;5;6;3;1;5;2;5;1;3;1;18;328;11;35;8;13;26;25;19;217;232;17;8;2;9;128;53;10;46;21;10;27;9;1527;22;30;70;17;179;;53;21;101;132;420;2;124;3;8;27;11;5;79;24;7;4;7;3;3;5;7;3;4;5;3;4;1;7;1;6;2;30;0;7;3;1;5;4;7;10;0;3;8;3;3;1;0;1;1;3;5;6;25;4;5;0;12;15;5;5;6;3;8;7;6;4;4;0;4;1;1;0;0;0;2;1;1;0;0;1;0;1;3;0;0;1;0;0;3;0;5;0;8;2;3;1;3;2;8;3;10;11;5;12;6;11;4;5;13;5;1;3;6;0;2;2;0;1;2;1;1;1;3;0;1;1;1;0;0;0;1;0;0;0;0;2;2;0;0;6;0;5;2;1;0;5;4
9275;3;1;0;0;0;2;4;2;2;0;4;1;3;0;0;16;0;2;0;0;2;1;0;1;0;3;6;5;1;2;0;0;0;0;0;0;3;1;1;2;1;2;0;2;0;0;2;2;0;2;3;2;4;0;0;3;1;0;2;0;0;8;0;6;11;11;1;4;1;1;1;2;5;4;4;2;3;2;7;11;1;6;3;4;2;3;2;0;7;0;1;2;6;2;8;3;3;1;0;1;1;8;2;1;2;3;1;6;6;1;1;2;1;1;1;1;3;10;2;3;0;5;6;0;3;2;0;5;5;0;2;1;1;1;0;4;2;0;0;3;1;2;0;1;1;4;0;0;3;2;3;1;1;2;1;2;0;0;1;0;1;0;3;0;2;0;1;0;0;2;0;0;1;1;0;1;0;0;8;3;5;1;5;5;3;3;1;5;1;2;3;0;2;5;3;3;3;1;3;1;4;3;0;8;4;2;3;2;3;4;6;2;3;2;3;3;0;3;3;3;2;2;11;216;6;53;19;6;16;12;6;16;23;7;7;8;11;37;34;8;5;28;14;28;9;40;1077;39;365;464;17;35;;61;376;36;62;4;88;1;6;24;6;4;28;11;5;6;9;1;17;4;4;5;3;7;1;1;3;8;5;10;11;47;1;3;3;1;7;2;2;5;4;1;7;11;2;1;1;0;2;1;4;5;21;5;7;1;3;7;1;5;5;3;6;9;5;11;6;3;0;1;0;0;1;0;0;3;0;0;2;0;4;1;0;1;2;2;1;2;2;0;4;2;1;0;1;2;1;1;2;0;5;4;2;7;6;2;0;3;10;0;2;0;2;2;0;0;1;0;2;0;0;4;2;0;0;1;3;4;0;1;1;1;1;2;1;0;0;0;0;3;1;1;0;2;3;0;1
9276;0;0;0;1;0;0;1;0;0;0;0;0;0;0;1;4;0;1;0;1;0;0;1;0;0;0;1;0;0;0;0;2;0;0;1;2;0;0;0;0;1;0;0;0;0;0;3;1;1;1;0;1;0;0;0;0;1;1;1;0;0;2;0;1;3;6;0;0;0;0;0;2;1;1;1;1;0;1;0;4;3;2;0;2;0;0;0;0;3;0;4;0;0;0;1;2;1;0;2;0;0;0;1;0;3;1;3;0;2;1;0;1;0;0;1;0;0;4;0;1;1;1;0;2;1;1;0;0;0;2;1;1;1;0;0;0;2;0;1;1;1;0;0;1;0;1;0;0;0;2;0;0;4;0;0;1;0;1;0;1;0;0;1;0;0;0;0;0;0;0;0;0;0;0;0;0;2;0;4;0;2;0;1;1;0;2;1;2;0;2;0;0;0;2;1;1;2;0;0;1;0;0;1;1;0;2;4;0;0;1;3;1;1;0;3;2;3;0;3;2;8;3;6;94;2;8;2;3;4;3;4;8;14;5;1;2;2;5;14;0;5;10;4;5;0;19;40;36;348;133;9;16;74;;22;95;31;1;48;2;4;161;5;3;21;22;2;1;1;2;4;2;1;4;2;6;3;0;1;3;4;3;5;25;0;3;2;3;4;1;5;1;3;1;9;1;1;5;0;1;0;0;1;3;9;1;2;1;3;1;1;5;12;1;8;1;1;2;0;0;0;0;0;1;1;0;0;2;0;0;0;2;0;0;0;1;0;0;0;1;1;0;1;1;0;1;2;1;1;0;2;6;2;1;2;2;1;3;3;1;6;0;2;0;0;0;0;0;0;1;1;0;2;0;0;1;1;0;1;1;0;0;2;1;2;0;1;0;1;0;0;1;1;0;2;0;0;0;0
9277;1;3;0;0;0;1;1;2;3;2;0;0;0;2;1;13;0;0;1;1;1;0;0;1;1;1;8;3;0;5;0;0;0;1;1;1;0;0;2;0;1;0;2;0;0;1;2;1;1;0;1;0;2;0;2;1;1;0;3;0;0;1;3;7;4;6;4;2;2;0;0;1;4;5;1;1;0;3;1;14;0;3;1;0;0;3;3;0;8;2;5;0;2;3;6;1;0;3;1;2;0;2;0;2;5;2;4;0;5;2;2;3;0;0;4;1;2;7;1;1;1;3;1;0;3;2;1;1;2;2;1;1;1;2;1;2;1;5;0;0;0;0;1;0;1;0;1;0;2;0;0;1;2;4;0;0;0;1;0;0;0;2;0;0;0;0;0;0;0;0;0;4;1;1;0;1;0;0;8;1;9;4;3;2;2;3;0;6;3;2;4;0;1;1;5;1;1;1;6;2;1;2;2;3;1;0;2;0;4;1;5;5;2;1;3;1;2;5;4;1;3;1;8;207;5;264;15;9;9;16;2;22;21;12;7;5;6;116;35;5;7;25;6;48;3;41;69;14;99;24;14;67;414;18;;25;227;0;42;3;3;11;3;1;17;8;6;3;2;0;3;3;3;0;0;1;3;2;0;3;2;5;4;15;0;2;5;0;5;1;2;3;3;2;2;2;1;0;6;0;2;0;1;1;17;0;7;0;5;5;3;7;2;1;0;4;2;3;1;1;0;2;0;0;2;2;2;4;1;2;0;1;2;0;0;0;2;0;0;2;0;0;0;0;2;1;1;1;4;1;5;3;3;3;3;4;1;0;2;1;7;3;1;0;2;2;1;2;2;0;1;1;1;3;2;0;0;1;2;2;0;1;0;0;0;0;0;2;1;0;0;0;0;0;1;0;0;0;0
9278;0;1;1;0;0;0;0;1;0;1;1;0;1;1;4;6;1;3;1;0;1;0;0;1;0;0;3;1;0;0;0;0;2;2;4;0;0;0;0;0;1;1;0;0;1;0;0;0;0;0;0;1;4;0;0;1;0;2;1;0;0;4;0;1;1;8;0;0;3;0;3;1;1;0;1;0;1;0;1;3;0;2;0;4;0;1;0;1;1;0;1;1;4;0;3;4;3;2;2;0;0;0;0;0;1;1;0;2;0;2;0;0;1;2;0;0;1;3;2;2;0;0;1;0;2;3;0;2;0;2;2;1;1;3;0;1;2;1;0;3;0;0;0;0;0;1;2;0;0;0;0;1;0;0;0;0;0;0;0;1;0;1;1;0;0;0;0;0;0;1;1;1;0;1;0;0;0;0;5;2;2;1;1;3;0;4;0;3;2;1;5;2;3;2;3;1;1;1;2;1;3;1;0;1;2;1;1;1;3;1;3;0;0;1;2;1;3;0;1;2;3;0;12;118;3;7;6;3;3;3;4;13;16;8;3;3;4;8;14;8;13;8;7;9;4;32;21;997;238;13;35;115;42;125;26;;169;4;152;3;3;133;7;8;171;21;1;3;4;0;3;4;1;0;1;11;1;1;2;2;2;8;4;25;0;2;1;4;2;3;3;3;1;0;6;3;2;1;3;2;0;1;0;4;11;2;2;0;4;3;2;2;3;1;2;3;2;3;2;1;0;2;0;0;0;1;0;0;1;0;1;0;0;1;0;1;1;0;0;1;1;0;1;3;0;0;0;0;2;0;0;1;3;3;3;4;0;2;2;0;4;2;1;3;0;0;1;0;1;0;2;1;0;0;0;0;1;2;0;2;1;1;0;0;3;0;0;0;0;0;0;1;0;3;2;0;0;2;0
9279;1;0;1;0;0;1;0;0;0;0;1;1;0;1;2;5;2;1;3;4;1;0;0;0;0;1;7;0;0;0;0;1;0;0;0;0;0;2;0;0;0;1;1;0;0;0;0;1;1;0;0;0;1;0;0;2;2;1;0;0;0;2;0;1;1;5;2;4;0;0;0;0;4;1;1;1;3;3;3;5;1;1;0;1;3;1;1;1;5;0;1;1;0;1;1;1;6;2;1;0;0;1;0;1;2;6;1;0;1;1;1;1;0;1;0;2;2;10;0;0;0;1;1;1;4;0;0;1;1;0;2;0;1;0;0;1;3;0;2;3;0;0;0;0;2;0;0;0;1;0;2;0;0;3;1;1;0;0;0;0;0;2;1;0;0;1;0;0;0;0;0;1;0;1;2;1;0;0;6;1;4;4;5;4;0;3;2;0;1;4;6;0;1;2;1;1;2;0;0;2;0;1;0;1;1;1;4;0;0;2;1;1;0;3;1;0;1;2;1;1;6;3;13;163;4;24;8;4;8;11;6;15;33;9;6;3;5;18;40;3;7;17;6;15;6;155;18;103;253;22;17;295;66;30;253;176;;0;60;2;3;20;8;1;32;16;4;3;4;0;0;1;3;1;1;2;2;1;0;6;2;4;2;17;2;2;2;3;4;0;1;3;1;0;4;1;1;1;0;0;1;5;2;1;18;2;1;1;3;6;1;2;2;2;1;1;5;1;0;0;0;0;1;1;0;0;0;1;0;0;0;2;1;0;2;2;1;0;1;2;2;0;0;1;2;0;0;2;0;1;2;1;2;3;1;5;3;3;1;1;6;0;0;0;2;1;1;2;1;3;2;2;3;1;1;0;1;1;0;0;1;0;0;0;1;0;0;0;2;2;0;0;0;1;0;0;0;2;1
9361;0;2;0;0;0;0;0;1;0;1;0;2;1;1;1;8;3;1;1;0;1;1;0;1;0;3;7;0;1;1;0;0;0;0;0;1;0;0;0;0;0;1;0;0;0;0;1;0;0;0;0;0;0;0;0;1;0;0;0;0;0;2;1;3;3;1;0;1;0;0;0;1;3;0;2;0;0;2;0;5;0;2;1;1;2;1;0;3;0;0;0;5;0;0;0;0;0;2;1;1;0;2;0;0;0;2;1;0;0;0;0;3;0;1;0;1;1;6;3;2;2;1;0;1;1;1;0;2;0;2;0;0;1;2;1;2;0;0;0;2;0;0;0;1;0;2;0;0;0;0;1;0;1;1;0;0;0;1;0;0;1;0;0;0;0;0;1;0;0;1;0;0;1;0;0;0;0;0;2;0;0;1;2;3;2;1;1;1;3;3;3;0;2;1;0;2;3;7;0;0;0;0;1;3;2;0;0;0;0;0;2;0;0;0;1;1;1;1;0;0;1;2;4;56;2;1;4;2;0;3;6;1;9;5;1;2;1;2;6;2;4;9;1;3;2;7;4;9;4;0;8;1;2;3;0;2;1;;87;30;855;18;23;33;24;109;9;6;28;4;5;1;13;2;11;3;3;1;4;4;4;19;15;79;2;5;5;11;23;6;5;4;0;4;6;2;1;2;2;4;2;1;2;2;10;0;1;0;2;7;0;0;2;0;1;2;10;1;1;1;0;0;1;0;0;1;0;0;1;0;1;0;1;0;0;0;0;0;0;0;2;0;3;0;2;0;0;0;1;0;2;0;6;4;0;8;0;3;0;0;2;0;0;0;0;2;0;2;1;0;1;0;0;0;0;1;1;1;0;1;0;1;0;0;2;0;0;0;0;0;2;0;0;0;0;0;0;1;1
9362;3;7;7;1;3;3;6;3;4;0;4;4;4;0;3;78;14;0;2;2;4;1;1;3;1;8;27;0;1;4;6;1;1;3;2;5;3;3;0;0;3;3;1;0;2;1;6;4;1;3;0;4;1;2;0;0;1;3;1;0;0;12;1;21;11;15;3;5;3;2;0;1;10;4;10;7;1;2;18;40;3;18;4;10;3;1;1;6;13;1;3;12;4;2;2;2;2;5;3;4;0;4;5;2;8;13;3;0;0;3;2;2;1;6;7;3;9;58;4;11;6;7;3;7;9;9;2;8;2;5;7;4;1;8;2;11;8;3;5;4;2;1;4;0;2;3;1;0;5;1;3;2;1;6;6;3;0;4;0;5;3;8;15;2;1;3;2;0;1;2;2;3;1;1;4;1;5;0;49;11;25;9;13;12;5;5;4;8;8;7;15;4;11;7;6;20;20;0;15;3;6;5;3;27;5;3;10;1;3;5;13;12;4;13;21;5;18;7;6;14;10;3;74;618;14;26;22;27;22;31;43;24;69;31;30;21;18;25;90;24;50;52;32;52;27;55;46;121;79;28;542;97;67;45;46;171;45;89;;108;186;374;270;188;3282;818;159;28;49;12;23;18;14;13;9;16;8;9;10;34;7;49;30;172;9;22;22;15;26;11;19;11;17;8;55;11;21;11;9;9;12;17;6;26;64;10;15;9;21;33;9;9;10;13;23;18;31;24;10;2;4;4;1;1;3;4;1;7;2;1;3;3;1;1;4;1;1;1;2;0;0;1;3;1;3;0;5;0;5;0;5;6;7;7;5;46;10;5;8;3;50;5;5;1;10;14;0;1;0;4;1;0;0;2;7;1;2;11;3;7;2;5;1;1;2;2;2;8;2;0;3;4;1;0;0;0;2;1;2
9363;2;2;0;2;0;0;1;0;3;0;1;0;1;0;0;9;0;0;3;0;4;0;1;0;0;2;4;0;0;1;0;1;1;1;0;0;0;0;3;2;0;2;0;0;0;0;3;2;0;0;0;0;0;0;0;0;1;2;0;3;0;0;1;2;3;6;1;0;0;0;0;0;1;0;0;0;0;1;2;1;0;2;1;0;0;0;0;2;0;0;1;2;2;0;0;1;0;1;0;1;3;1;0;0;0;2;0;1;0;0;1;0;0;0;1;2;1;8;4;1;1;0;4;0;5;0;1;3;1;3;1;0;1;1;1;4;3;0;0;0;2;0;0;1;0;2;1;1;3;0;0;0;1;1;0;0;0;1;0;0;3;1;1;0;0;0;0;0;0;0;0;0;1;1;0;0;0;0;5;5;4;0;1;0;3;3;1;1;0;1;0;0;2;0;0;2;2;2;1;1;0;0;1;5;1;1;1;1;0;0;1;1;1;3;0;0;1;3;2;1;1;1;6;45;0;2;0;2;4;1;2;2;4;3;1;0;0;2;8;0;4;6;3;3;1;5;5;5;4;2;9;5;5;1;2;4;1;39;71;;60;17;9;835;27;113;127;5;30;4;9;3;20;4;2;9;4;3;0;28;3;11;4;55;2;6;5;4;11;4;8;3;1;5;10;3;3;1;1;1;0;1;0;5;7;1;1;1;3;0;1;0;1;1;0;1;4;2;0;0;0;0;0;0;2;0;0;0;0;1;1;1;2;0;0;0;0;1;1;0;0;0;4;0;0;0;1;0;3;0;4;1;1;5;2;7;0;1;1;0;11;1;0;1;1;2;1;0;0;2;0;0;0;0;0;0;1;1;1;4;0;1;0;1;1;0;0;1;0;0;0;1;0;0;0;1;0;0;0
9371;0;1;0;0;0;0;4;0;2;0;1;5;0;1;1;12;0;1;2;0;0;1;0;0;1;1;7;1;0;1;1;8;1;0;0;1;0;2;0;0;4;0;0;1;1;0;1;0;1;0;0;2;3;0;1;2;0;1;1;0;0;2;0;7;4;1;0;3;1;0;0;0;4;1;1;0;1;2;4;2;2;3;4;2;0;0;0;1;0;0;6;0;3;0;0;0;1;0;1;0;5;1;0;1;1;4;1;0;1;2;0;0;0;0;1;3;1;5;1;2;1;2;0;0;2;0;0;3;0;3;2;4;1;2;2;3;2;0;0;1;1;0;1;1;0;2;0;0;0;0;0;0;2;2;0;1;0;1;0;1;1;0;3;0;0;1;0;0;1;1;0;1;4;1;0;0;1;0;10;4;0;2;4;3;1;2;1;1;0;3;3;1;3;4;1;4;12;2;2;1;2;1;0;2;1;0;3;1;0;1;2;3;2;0;3;1;1;1;1;4;0;1;9;74;4;1;6;3;4;6;11;8;9;6;3;1;4;2;10;2;5;5;4;6;6;5;4;4;5;1;14;6;4;6;5;8;1;889;92;61;;20;83;144;40;218;23;10;29;1;6;9;70;3;10;5;5;7;1;12;4;25;17;150;6;15;16;9;144;7;18;4;0;3;12;4;2;5;2;2;2;1;3;8;7;1;2;0;0;5;5;2;1;5;2;3;2;2;1;0;0;3;1;0;0;0;0;2;0;1;0;0;1;0;1;0;0;0;0;1;0;0;3;0;1;2;3;1;0;0;3;4;4;9;4;10;1;3;1;0;12;1;0;0;5;3;1;0;0;0;1;2;0;2;1;1;1;1;2;2;0;0;0;0;2;0;0;1;0;0;1;1;0;2;3;0;0;2;1
9372;2;2;1;3;2;0;1;3;1;1;2;0;1;2;2;11;0;0;0;4;1;1;0;2;1;2;7;1;3;2;0;2;0;0;0;1;0;0;0;0;0;0;0;0;3;0;2;1;1;0;0;1;2;0;1;1;0;0;0;0;0;5;0;3;2;7;0;0;1;0;0;3;8;2;1;1;0;1;5;5;1;3;0;1;0;0;0;5;1;0;7;3;1;0;5;0;0;2;1;1;4;0;2;1;0;5;4;0;6;1;1;1;1;2;3;1;1;4;4;0;3;5;0;3;7;2;4;1;3;1;1;1;4;0;1;3;1;1;3;3;0;0;0;1;1;1;0;0;2;1;0;1;6;1;0;0;0;3;0;0;0;3;2;0;0;0;0;1;2;2;1;1;0;1;1;2;1;0;11;5;4;2;2;1;1;4;1;0;3;1;4;0;4;5;7;2;1;0;3;2;0;4;3;1;3;0;1;0;2;2;2;2;0;1;2;0;4;1;2;3;4;5;13;131;1;5;6;2;7;4;9;10;17;5;2;1;6;12;20;5;9;13;5;5;9;5;18;61;51;13;26;14;20;135;18;132;27;15;247;14;20;;12;23;184;274;8;4;13;3;10;2;4;2;5;5;0;3;1;6;2;10;6;53;2;4;5;6;6;3;4;3;0;0;6;0;3;3;5;0;1;2;3;1;11;1;0;0;5;10;3;4;1;3;5;7;3;3;3;0;2;0;0;0;1;1;0;2;0;1;1;0;0;0;2;0;0;0;1;1;0;0;0;0;2;3;2;1;0;0;3;2;2;5;1;10;0;3;0;0;5;1;5;1;2;3;0;1;0;0;0;0;2;0;3;0;2;1;0;1;2;1;1;0;0;1;0;0;0;1;2;0;1;3;2;0;0;0;0
9373;2;0;0;0;1;1;2;1;0;2;5;1;3;3;1;11;3;3;0;3;3;0;0;1;0;2;1;2;1;0;1;5;3;0;1;3;1;0;1;2;1;4;1;0;0;0;0;0;0;0;1;0;0;1;3;1;3;0;0;0;1;0;0;3;6;5;1;1;0;1;2;0;8;4;1;0;2;3;3;8;0;5;0;5;0;2;0;0;2;3;1;1;1;0;4;2;2;2;2;1;2;1;0;1;3;1;1;2;0;1;4;1;1;5;0;1;3;9;1;9;1;1;2;2;3;2;0;4;0;4;3;2;1;2;0;4;7;0;2;0;0;0;1;1;1;1;2;0;3;0;0;3;3;0;0;1;1;2;1;1;1;0;3;1;1;0;1;0;2;0;0;0;3;1;0;0;2;1;9;3;1;1;3;5;0;2;1;2;2;2;3;2;4;3;2;3;3;2;6;3;1;3;3;3;2;0;5;3;3;0;4;3;3;1;4;3;2;1;3;3;3;5;46;120;3;2;9;3;3;6;138;8;12;4;2;2;6;5;16;10;14;12;3;7;4;8;7;7;11;5;40;9;8;4;4;8;2;33;190;11;93;23;;15;137;40;12;10;20;2;5;17;13;3;15;9;3;6;3;7;8;42;46;328;13;30;21;30;232;18;174;18;4;3;13;3;2;5;7;4;1;3;1;7;10;1;2;1;5;4;5;2;4;3;7;3;13;3;2;2;0;3;2;1;0;0;0;0;0;2;1;0;0;0;1;6;1;1;0;0;1;0;2;4;2;0;2;0;0;0;2;6;2;3;5;5;2;7;1;4;11;5;0;0;4;1;0;3;1;1;2;0;0;0;3;0;2;7;3;4;0;1;1;1;0;0;0;0;1;0;3;2;1;3;1;3;1;2;1
9374;0;1;1;1;0;0;1;0;2;0;0;0;1;0;0;12;0;0;2;2;1;0;1;0;2;3;5;0;0;1;0;0;0;1;0;0;0;0;0;0;0;1;0;0;0;0;0;2;5;1;2;1;1;0;0;0;0;0;0;0;0;3;0;2;5;2;0;0;1;1;0;1;1;2;1;0;0;0;1;8;0;4;1;2;0;4;1;0;3;0;4;1;2;3;5;0;1;1;3;0;1;1;1;1;1;4;0;2;6;2;2;0;0;0;1;0;1;7;0;1;1;0;1;2;3;1;4;3;2;0;4;0;0;0;0;3;1;0;1;1;0;0;0;0;0;1;7;0;0;0;1;0;0;1;0;0;0;0;0;2;0;2;5;0;1;0;0;1;0;0;0;0;6;0;0;0;0;1;11;2;2;0;3;3;0;3;0;0;0;3;3;1;3;2;0;3;3;3;4;1;0;3;1;0;1;2;1;0;3;1;4;0;2;0;2;1;2;4;1;10;3;0;11;89;1;1;3;1;4;3;4;5;12;3;2;0;1;1;16;7;6;5;3;5;4;1;4;5;7;1;10;1;6;2;1;9;5;44;85;795;143;22;15;;21;166;261;10;71;1;5;5;65;5;6;7;1;8;1;24;3;14;6;56;4;7;7;3;15;3;6;2;1;0;7;2;4;1;1;1;0;3;8;9;8;2;1;1;1;4;1;0;0;2;3;0;2;2;0;0;0;1;1;2;0;0;0;0;0;0;0;0;0;0;1;1;0;0;0;0;0;1;0;0;0;0;2;0;0;3;3;0;2;4;7;4;0;3;2;1;12;1;0;1;1;1;0;0;0;1;0;0;0;0;0;1;0;3;4;1;0;2;0;1;1;2;0;2;0;0;1;1;0;2;3;0;1;1;1
9375;3;2;6;0;3;2;0;0;3;1;4;0;1;0;5;22;2;0;1;1;1;1;0;0;1;2;11;5;5;0;2;0;1;0;1;3;0;1;0;5;4;2;1;0;2;3;0;1;2;1;0;0;1;0;0;0;1;1;3;0;0;3;1;6;3;6;2;3;1;1;2;1;4;1;3;3;5;1;10;12;2;6;0;4;2;0;1;1;4;0;2;4;0;1;2;3;2;4;3;3;3;1;2;1;5;2;0;3;1;5;1;3;0;0;3;1;2;20;2;6;1;4;3;1;3;2;1;1;1;3;1;1;0;3;1;5;2;1;2;1;1;2;0;2;0;0;0;0;6;0;0;0;4;4;0;1;3;1;2;0;1;4;2;0;0;0;0;0;3;1;0;0;0;0;1;1;6;0;19;4;8;2;9;2;2;6;0;8;2;2;5;0;6;2;3;6;5;2;5;0;0;1;5;4;3;2;9;1;0;0;6;2;1;2;6;5;8;2;4;2;3;1;26;220;4;8;10;6;10;5;28;17;36;12;5;6;13;10;30;5;23;19;14;15;9;27;13;84;42;10;488;75;31;24;20;253;41;24;2515;21;53;261;175;32;;669;20;8;17;4;2;6;10;2;1;7;1;3;1;10;4;23;8;66;3;8;8;7;19;6;8;6;2;7;18;1;0;7;3;4;3;2;1;5;15;0;3;3;7;9;5;4;5;8;6;1;6;5;2;1;1;0;1;2;0;0;0;1;2;3;6;5;1;3;1;0;2;2;0;1;2;0;5;1;4;3;4;1;3;1;7;3;6;2;4;15;6;1;2;1;19;0;1;0;3;2;0;1;2;1;1;1;3;1;1;0;2;6;1;7;0;1;0;0;1;2;0;1;3;1;0;1;1;0;2;2;1;0;5
9376;0;3;1;2;1;2;1;1;1;0;4;0;0;0;1;10;0;1;2;0;0;1;1;0;2;4;7;0;1;0;2;0;1;0;2;0;0;2;1;3;4;5;0;0;0;0;1;2;0;0;1;0;4;0;0;1;1;2;0;1;3;1;1;5;2;7;2;5;0;0;0;0;0;3;0;1;1;2;2;3;0;5;0;6;1;2;2;2;4;0;6;2;7;0;4;4;0;0;3;0;1;2;6;4;2;8;2;1;3;2;0;2;0;4;0;3;0;14;1;2;1;2;1;1;0;1;1;0;4;4;5;2;0;1;1;1;2;1;0;2;1;0;2;4;1;1;0;1;1;4;0;0;1;0;0;0;0;1;3;1;2;1;1;1;0;0;0;0;0;0;0;0;2;0;1;0;0;0;7;0;4;2;5;2;2;4;3;1;1;1;8;0;4;3;2;4;4;1;3;3;2;0;4;2;1;0;3;3;1;5;3;2;1;3;0;0;7;5;3;3;5;1;12;114;2;7;8;3;8;5;9;13;19;4;3;1;4;5;18;9;5;4;7;9;6;11;8;19;14;7;57;21;19;16;5;39;10;123;417;118;214;315;50;189;379;;44;4;23;3;10;6;13;2;7;16;2;4;0;20;1;14;15;63;3;9;3;5;15;3;4;8;3;4;9;1;1;6;2;7;1;3;3;3;12;0;1;1;4;6;3;5;2;2;9;2;3;3;2;0;2;0;2;0;0;1;0;2;0;2;1;0;2;1;2;2;0;2;0;0;3;1;2;0;0;0;3;1;2;1;7;6;3;7;5;6;2;1;2;2;8;0;3;0;2;1;1;3;1;3;3;2;1;5;2;2;0;3;4;3;0;1;0;0;0;2;2;0;1;1;1;1;0;1;4;3;1;0;1
9377;0;1;2;0;0;0;0;0;2;0;2;0;0;0;2;5;0;4;1;0;0;0;0;0;2;2;4;0;3;2;1;0;0;0;0;0;1;0;0;0;2;0;0;1;0;0;1;0;0;0;0;0;1;0;0;0;0;1;0;0;3;0;0;3;1;1;1;0;0;0;1;1;2;1;0;0;0;1;4;5;0;2;0;2;0;0;0;1;2;0;1;2;1;0;0;1;0;2;0;0;0;0;1;0;3;2;1;2;0;0;0;1;2;0;0;0;3;3;0;1;3;1;0;0;1;0;0;2;1;0;2;3;1;0;0;3;0;1;2;0;0;0;0;0;0;0;1;0;0;1;1;1;0;0;0;0;0;0;0;0;0;0;1;0;0;0;2;0;0;0;0;3;0;0;0;0;0;0;3;3;0;0;3;0;2;2;0;4;1;0;0;0;2;1;0;1;1;1;4;0;0;0;0;2;1;0;2;0;1;0;1;0;0;0;1;1;0;2;5;4;0;0;2;53;3;2;3;1;2;2;5;8;4;3;1;0;2;1;7;5;1;5;2;4;1;1;3;3;3;0;9;3;3;3;4;2;3;16;58;153;28;10;7;253;16;42;;5;67;5;16;4;82;4;2;19;3;12;3;317;1;14;1;47;3;5;5;5;12;1;4;2;0;2;7;1;0;2;0;2;2;1;2;3;0;1;1;0;2;4;0;0;3;2;0;0;5;1;0;0;0;0;0;1;0;0;0;2;1;0;0;0;0;0;1;3;0;0;1;0;0;0;1;0;1;0;0;1;0;0;3;2;1;7;3;4;2;3;1;0;9;0;0;1;0;0;0;0;0;2;1;0;3;2;0;0;0;2;1;2;0;1;0;0;1;1;0;0;0;0;0;2;3;1;1;3;0;2;1
9461;3;3;4;0;3;3;4;1;2;0;0;1;3;1;4;59;5;0;3;1;0;0;2;2;2;7;20;2;0;1;0;1;0;0;1;1;1;3;1;0;2;0;1;3;0;0;4;2;3;4;3;1;0;0;1;1;0;6;1;0;0;13;1;12;2;9;2;4;1;3;3;1;6;1;4;8;1;4;11;32;3;11;0;2;2;4;3;2;9;0;9;4;3;0;3;4;4;7;5;1;0;2;1;3;5;8;1;2;3;5;6;4;0;2;3;2;7;44;3;7;5;2;1;3;5;4;2;7;4;2;7;1;1;13;0;8;9;4;1;2;4;2;0;0;0;1;1;0;1;0;0;0;3;1;0;0;0;0;0;0;3;1;15;0;0;1;4;1;0;4;0;2;1;0;0;1;0;0;30;7;15;0;14;7;5;6;5;6;6;2;9;2;16;8;5;15;6;3;9;1;2;1;2;9;5;1;10;3;5;1;13;1;0;7;11;2;12;2;1;3;6;4;14;166;9;3;12;8;7;10;6;12;18;11;8;8;7;9;18;11;6;12;10;11;8;12;13;10;11;27;23;30;44;8;11;18;6;10;25;16;22;23;22;11;15;18;11;;89;70;36;1574;79;65;118;107;57;73;162;38;15;91;51;212;9;19;66;19;33;21;14;14;31;30;86;18;51;54;202;43;33;45;26;58;27;3;9;6;10;25;10;22;11;14;12;24;59;37;5;0;2;2;0;0;1;2;0;5;2;2;0;2;2;0;1;0;0;0;0;2;0;0;3;3;1;0;1;1;5;1;4;1;4;10;3;19;4;2;5;0;54;4;1;1;7;4;1;3;2;1;1;1;1;0;2;1;0;12;4;12;4;6;0;2;4;1;0;4;2;0;2;4;2;6;5;0;2;1;1
9462;0;9;3;1;3;3;1;0;6;0;4;3;3;2;6;71;12;3;1;1;4;0;3;2;3;15;31;2;0;4;4;1;2;5;3;3;0;6;0;1;2;4;2;2;1;0;3;6;0;1;3;0;0;0;0;1;1;3;1;0;0;6;3;27;7;17;3;2;2;1;1;1;8;2;10;8;2;2;20;30;4;19;4;6;4;2;3;0;11;1;2;9;2;6;5;2;3;6;5;4;2;2;2;4;13;9;0;4;1;5;4;4;0;1;6;2;7;54;8;9;7;9;3;18;7;7;0;6;8;10;7;1;1;9;1;8;8;3;5;4;1;4;4;0;0;0;0;0;3;5;1;3;3;7;1;1;0;1;1;4;2;6;13;0;1;1;2;1;5;4;0;2;3;0;1;1;5;0;35;15;12;10;18;15;5;8;4;10;7;4;18;1;15;8;4;16;15;2;19;3;1;4;4;15;6;1;7;1;6;2;9;8;3;10;16;5;10;6;8;6;15;4;25;196;3;3;5;6;7;8;12;10;18;12;7;11;9;4;32;3;9;17;9;9;9;5;8;12;8;1;5;7;3;2;2;6;3;29;54;26;28;13;21;52;14;20;52;84;;23;71;58;1117;26;32;88;47;232;39;76;16;52;37;211;14;21;28;24;53;9;14;13;6;10;44;11;10;14;18;11;6;16;15;20;24;2;7;2;4;13;1;5;7;5;8;7;12;6;6;0;0;1;0;1;2;1;2;7;3;1;0;3;0;0;2;1;0;2;1;2;0;1;5;2;1;0;2;1;4;2;16;6;6;19;11;33;5;2;4;4;41;1;0;2;15;9;1;2;2;2;1;0;1;1;0;2;1;10;6;13;0;0;0;0;2;0;0;2;4;0;6;6;1;5;6;2;4;2;0
9463;0;2;2;1;0;1;1;1;2;0;2;0;1;1;2;16;2;0;1;1;2;0;1;2;0;2;6;0;1;1;1;0;0;1;2;1;0;3;1;0;0;5;2;1;2;0;3;4;2;1;2;2;0;0;0;0;0;1;1;0;0;5;0;7;3;8;1;2;0;0;0;0;4;0;2;0;1;0;4;13;3;6;1;4;0;1;2;2;3;0;1;2;1;0;2;6;2;1;3;0;0;0;2;1;2;2;0;1;0;0;0;3;0;2;4;0;5;12;2;3;2;1;1;1;2;2;0;3;0;2;9;1;1;4;0;2;4;3;2;2;0;1;2;1;1;1;0;1;0;3;0;0;1;3;0;0;0;0;0;1;0;1;5;0;0;1;1;0;0;2;0;1;0;0;0;0;1;0;12;4;5;2;7;1;1;2;1;3;2;4;1;0;5;4;1;4;2;1;4;2;1;0;1;6;1;1;1;1;6;3;5;4;0;5;3;2;0;1;2;2;5;0;11;62;1;2;4;4;2;0;3;5;4;2;1;4;3;2;11;0;2;4;2;4;2;2;2;0;2;1;0;5;2;0;0;0;1;3;15;4;4;1;2;5;3;2;3;68;24;;6;31;9;977;10;7;45;11;89;4;5;27;13;70;3;3;7;7;6;1;2;3;3;11;25;2;4;8;32;7;2;4;5;8;13;1;2;2;2;7;1;2;5;1;2;1;2;1;1;0;0;1;0;0;1;1;1;1;0;1;0;0;3;1;0;0;1;0;0;0;0;0;2;1;0;0;2;1;0;1;4;3;4;3;2;7;0;2;1;2;17;0;0;0;6;4;0;1;0;1;1;1;0;0;1;0;0;10;1;2;4;4;2;1;2;0;1;7;1;1;39;5;1;43;3;1;3;1;0
9464;4;3;1;0;0;4;1;0;1;0;6;2;0;0;2;20;2;10;1;0;2;2;1;2;0;2;19;3;0;1;1;2;0;1;2;0;0;2;1;0;1;5;0;4;1;1;1;0;2;0;0;1;4;0;1;7;0;0;1;0;0;3;6;4;7;13;1;0;3;0;0;0;7;0;1;1;1;1;2;9;1;3;2;1;2;1;1;5;4;0;4;1;1;1;2;2;4;2;1;5;0;1;2;2;4;8;1;0;10;1;0;0;0;5;2;3;3;14;1;3;2;1;3;0;4;1;0;4;0;3;1;3;0;4;1;4;2;0;1;1;3;2;0;0;0;1;0;0;1;0;2;0;0;2;0;2;1;5;0;2;0;2;3;0;0;0;1;0;3;0;1;2;0;1;0;1;1;0;30;2;8;2;8;2;6;3;0;3;2;0;4;0;4;3;3;4;5;0;1;6;0;2;1;2;3;0;2;0;2;2;2;4;2;5;3;2;3;2;1;7;3;1;9;76;5;0;2;3;2;1;2;4;8;3;0;2;2;1;9;6;3;8;1;2;1;1;2;1;1;3;4;11;1;1;3;1;0;9;23;4;4;6;2;8;6;3;22;20;87;11;;17;33;6;8;798;11;30;8;119;4;17;10;72;1;3;9;3;9;2;7;3;4;13;14;0;2;3;1;2;7;4;4;1;13;0;2;2;0;6;4;2;2;3;1;2;4;6;2;0;0;1;1;0;0;3;0;3;3;0;1;0;0;0;0;0;0;0;0;1;1;0;0;0;2;3;3;1;0;0;8;8;4;77;12;16;1;2;1;1;20;0;0;2;8;1;0;0;1;2;1;0;0;1;0;0;0;8;3;8;1;2;0;1;0;4;0;1;0;0;0;4;1;5;1;4;30;6;2
9471;0;2;3;1;2;0;4;2;5;1;0;0;1;0;0;20;4;0;4;1;1;0;0;2;1;6;6;0;3;5;0;0;0;0;0;1;0;2;0;0;0;2;1;0;0;0;4;2;4;1;3;1;2;0;0;0;0;1;2;0;0;5;2;3;1;3;2;3;2;1;2;2;3;9;3;4;0;1;9;11;2;4;1;2;0;1;0;0;9;0;1;2;2;2;4;0;2;1;2;0;2;5;1;0;1;6;1;0;1;1;1;2;0;0;3;1;3;18;2;3;4;1;3;3;3;4;2;7;1;5;3;6;0;3;0;2;6;2;0;1;1;4;2;1;1;16;2;0;2;3;2;0;1;0;0;0;0;1;1;2;1;0;4;1;1;0;2;0;4;0;3;0;3;0;1;3;5;0;14;3;5;1;5;2;4;4;2;5;3;4;6;2;7;4;4;7;6;2;5;1;0;1;0;7;4;0;4;2;1;1;4;5;1;1;7;2;3;5;3;4;3;1;7;93;4;1;2;4;3;3;6;6;18;5;4;5;5;4;16;7;3;12;5;4;10;11;2;1;5;2;5;5;3;1;1;5;2;7;11;2;9;3;19;7;11;9;6;1317;55;34;9;;54;70;275;17;33;32;200;8;8;91;38;153;5;24;201;28;29;78;8;4;9;17;55;3;21;12;290;35;2;7;51;18;16;1;10;1;8;8;1;2;4;0;2;6;20;6;3;1;1;4;0;3;1;2;1;4;0;0;4;3;1;1;1;1;0;2;0;0;2;0;2;1;2;0;3;0;0;0;4;2;5;4;3;15;3;2;3;1;23;3;2;0;4;4;1;1;0;6;0;1;0;0;1;0;0;9;3;6;1;2;2;1;3;1;1;5;1;2;6;7;1;8;5;4;3;4;3
9472;0;2;3;0;3;0;3;2;2;1;2;0;0;0;1;13;0;0;1;2;0;0;1;0;0;1;2;0;0;0;0;1;2;0;0;0;0;0;0;0;1;1;0;0;0;0;2;1;0;0;1;0;4;0;1;0;0;3;0;1;0;1;0;5;0;1;0;0;1;0;0;0;4;0;0;1;3;0;3;8;3;2;2;1;0;0;2;1;4;0;2;1;1;0;0;2;1;2;2;0;0;4;1;2;0;1;3;0;0;0;0;1;3;2;0;1;2;9;0;2;2;6;1;1;3;4;0;2;1;1;2;0;1;2;0;1;2;2;1;3;1;2;0;0;0;0;0;0;0;0;0;0;0;1;1;1;0;0;1;2;0;0;4;1;0;0;0;0;0;0;0;2;1;0;0;2;2;2;9;4;4;1;0;3;1;1;0;1;1;1;1;0;4;3;0;2;1;0;5;3;0;0;1;3;3;2;1;0;3;0;4;0;1;2;1;3;1;2;1;2;1;0;3;52;2;1;5;0;1;1;6;5;10;3;4;3;2;1;8;0;4;10;4;2;2;2;3;0;4;0;2;7;1;4;0;0;1;6;14;18;92;10;11;69;7;13;90;37;968;8;25;48;;9;87;104;24;249;22;78;3;33;20;113;3;13;17;12;58;7;13;7;1;2;19;0;2;2;5;5;0;0;3;5;2;0;2;0;4;5;3;0;3;1;2;1;3;4;3;0;0;0;0;0;2;2;1;6;2;2;0;1;0;0;3;0;2;2;0;0;3;2;4;0;1;0;4;0;3;1;1;6;3;11;2;7;5;4;5;2;15;3;2;1;1;1;0;2;1;0;2;1;0;3;0;2;1;3;3;7;1;3;0;0;1;2;0;1;1;1;1;3;0;8;1;2;4;1;0
9473;0;2;1;1;0;0;2;0;0;2;1;1;1;2;1;16;0;0;0;0;0;0;0;1;0;5;2;0;0;0;0;1;1;3;2;0;0;2;1;4;0;0;0;1;0;0;1;0;0;0;2;3;3;1;0;0;0;0;0;0;1;5;1;5;0;9;0;1;1;1;1;0;3;2;0;1;0;0;1;4;0;3;2;2;0;0;2;1;0;2;4;0;1;2;1;1;0;1;0;2;0;0;0;2;2;1;2;2;1;0;0;2;0;1;0;3;3;12;1;3;2;1;2;1;5;4;0;3;2;2;3;0;2;4;1;3;1;1;1;0;1;2;0;0;0;0;0;0;3;0;0;2;0;0;0;0;0;0;0;0;0;3;5;0;0;0;0;0;0;1;2;0;0;1;2;0;0;0;12;6;4;1;2;0;2;3;0;0;0;1;1;0;1;3;4;5;4;2;6;0;1;2;1;3;2;1;1;1;2;0;4;2;1;3;3;0;1;2;2;3;3;2;7;39;1;0;2;3;5;2;2;1;6;1;2;1;1;0;7;0;1;3;1;0;2;1;1;1;3;3;3;2;2;2;0;1;1;1;7;1;0;1;4;4;4;2;4;47;37;897;10;63;5;;12;7;128;26;192;9;3;21;18;54;1;2;7;4;9;7;3;6;2;9;21;0;10;9;70;4;2;5;8;9;5;1;0;0;2;3;1;2;2;2;2;0;2;2;1;0;1;3;0;1;1;2;0;0;1;1;0;0;2;0;0;0;3;1;0;1;2;0;1;0;1;0;3;0;3;0;3;1;1;4;3;6;0;0;3;0;14;2;1;0;2;0;0;2;0;2;3;0;0;0;1;0;1;12;1;4;8;4;0;0;1;0;0;15;4;0;111;11;1;203;7;2;3;1;1
9474;2;1;6;0;0;1;2;2;2;0;3;0;0;1;0;15;3;0;2;1;2;2;0;1;0;0;2;1;0;3;0;0;6;1;1;0;1;1;0;0;0;2;0;0;0;0;1;3;3;0;3;0;1;1;0;0;0;5;0;1;0;5;1;2;1;5;0;1;2;1;0;0;0;0;3;2;4;2;3;10;0;3;2;7;1;1;3;2;2;0;1;1;0;2;2;0;0;1;5;1;2;2;1;0;2;4;0;0;0;0;0;1;0;1;1;3;3;12;1;5;2;2;3;2;4;2;0;3;2;2;6;1;0;4;0;4;3;1;4;2;1;1;1;0;2;0;1;1;0;2;0;0;1;1;1;0;0;1;0;1;0;1;1;0;0;0;0;0;0;0;0;2;1;0;1;1;1;1;5;3;5;3;3;4;3;3;2;3;6;1;2;2;6;4;2;3;6;3;6;1;3;2;1;5;4;3;2;1;4;0;4;4;1;3;3;0;4;1;2;2;2;2;8;61;3;2;2;4;3;2;3;4;4;7;2;2;3;1;7;2;7;7;4;2;4;1;3;0;6;3;1;4;1;2;4;0;1;5;13;3;22;6;22;6;6;3;10;113;36;16;10;320;107;13;;11;10;21;24;11;5;375;97;296;12;23;579;37;107;47;23;12;2;1;19;2;4;3;29;7;4;9;8;9;8;3;1;0;1;4;1;1;0;1;2;4;6;4;3;0;0;2;0;0;2;0;0;0;0;0;2;0;2;0;1;0;1;3;0;2;3;0;1;1;1;0;4;3;2;0;8;0;1;5;3;9;4;3;2;3;17;0;2;0;4;4;0;2;0;2;1;1;1;1;0;0;0;3;4;5;0;2;0;0;1;1;0;2;2;0;0;2;1;5;4;1;4;0;1
9475;0;2;3;0;0;0;0;4;0;1;1;2;1;3;1;16;0;0;3;0;0;0;3;2;0;3;6;1;1;0;0;0;0;0;1;1;0;1;1;0;1;2;0;3;0;0;1;0;4;0;1;0;1;1;0;0;1;1;0;1;0;2;0;3;6;5;1;2;1;0;0;0;8;2;4;0;2;0;2;4;0;3;2;1;0;1;0;1;3;0;0;3;1;0;1;0;1;1;0;0;2;3;0;0;1;1;1;0;0;1;0;0;0;0;0;1;1;7;0;2;2;3;2;0;1;2;0;1;0;1;2;0;1;1;1;1;5;2;1;0;3;1;1;0;0;0;0;1;1;1;1;0;0;0;0;0;0;0;0;0;0;1;1;0;3;0;1;0;3;1;0;2;0;0;3;0;0;0;10;3;2;2;2;4;1;3;1;2;3;0;4;1;3;2;0;2;3;0;2;1;3;3;2;3;1;0;1;0;1;0;4;1;1;0;4;3;0;0;3;3;3;1;9;47;2;0;4;3;4;4;3;3;8;3;2;1;3;8;9;1;6;8;4;6;1;0;2;0;8;1;5;2;4;2;2;2;1;3;10;5;10;4;7;13;6;7;20;18;127;16;807;18;92;10;13;;41;125;17;188;4;17;17;80;3;9;12;9;12;1;7;7;1;2;15;1;3;2;4;7;1;4;4;6;5;1;0;0;5;4;0;3;0;1;2;5;2;3;2;0;0;3;0;1;0;1;0;4;4;1;4;0;0;0;0;2;0;2;2;1;1;0;2;0;4;2;4;2;2;1;11;6;4;85;19;14;2;2;4;5;20;3;3;1;6;6;0;2;4;4;1;0;1;2;1;0;1;6;7;6;2;4;1;1;0;1;0;1;0;0;1;2;0;6;4;7;54;1;6
9476;0;0;1;0;4;0;3;0;1;0;3;0;0;0;0;6;0;0;0;1;0;0;1;1;0;4;4;1;2;0;1;0;3;1;0;1;0;2;0;0;4;0;1;0;0;0;1;1;0;0;0;0;2;0;1;0;0;0;0;1;2;0;1;2;1;4;4;5;0;2;1;0;1;3;1;1;1;0;2;5;0;1;1;4;0;0;0;0;3;0;2;2;0;0;0;0;1;0;0;1;0;0;2;0;0;0;1;0;0;0;1;1;0;3;0;0;0;7;1;1;1;2;0;2;3;0;3;1;1;1;2;0;0;0;0;2;3;0;1;0;0;1;2;0;0;0;0;0;1;0;0;0;0;0;0;1;1;0;0;1;0;0;2;0;0;0;0;0;0;0;1;0;0;0;0;0;0;1;7;3;3;1;2;1;0;3;2;2;2;0;0;0;0;4;0;4;3;0;0;0;1;2;0;4;1;1;2;1;1;0;1;0;0;3;3;1;1;2;2;1;6;0;3;35;1;3;4;0;3;3;1;5;3;3;1;2;1;0;5;1;1;7;1;3;4;1;3;2;0;0;0;1;1;0;1;0;0;5;5;1;4;0;2;1;1;0;7;51;65;56;22;31;21;140;9;38;;112;187;11;2;18;6;45;1;5;9;3;5;11;3;1;3;1;18;3;7;7;13;0;2;5;5;7;4;0;1;0;4;3;0;2;1;1;1;1;1;1;1;0;0;0;1;0;0;0;0;0;0;0;0;2;1;0;1;3;1;0;0;0;0;2;1;0;0;0;2;0;2;0;3;3;3;3;3;6;3;3;1;1;20;3;3;0;9;1;1;0;3;1;0;0;0;2;1;1;0;10;1;3;3;3;0;1;1;2;1;4;1;0;10;6;0;74;34;1;13;1;0
9477;0;0;0;0;1;0;0;4;1;1;1;1;1;0;0;10;2;0;1;1;2;1;0;1;0;1;6;2;0;1;0;2;0;0;0;4;1;1;4;0;2;0;0;0;0;1;4;0;3;0;3;1;1;0;1;0;1;0;2;1;0;4;0;4;4;1;1;1;0;0;0;2;3;1;0;1;0;0;3;4;2;2;0;1;1;2;1;1;4;0;1;1;0;3;1;0;2;0;3;0;0;0;2;1;1;9;0;0;0;2;1;0;0;0;2;1;0;7;1;4;1;1;2;2;2;1;0;0;0;0;2;0;2;1;1;1;3;1;0;1;1;0;0;0;0;1;0;0;0;0;0;3;0;0;1;1;0;0;0;1;0;0;1;0;0;2;0;0;0;1;0;1;0;0;0;0;5;0;7;4;2;1;5;0;1;1;1;0;2;1;3;0;1;1;0;2;3;1;2;2;2;0;0;2;1;0;1;2;1;0;1;2;1;3;0;1;3;2;1;1;1;0;5;32;0;2;5;3;2;7;1;4;4;0;4;3;3;1;4;3;1;3;4;3;1;0;3;1;1;1;1;2;6;0;0;2;1;5;14;5;10;8;4;6;4;7;10;36;267;23;31;33;254;21;11;138;87;;112;23;1;16;11;58;0;12;12;5;7;11;5;6;2;3;16;5;0;4;9;4;1;4;2;7;7;0;2;0;0;2;1;3;1;0;6;2;2;3;0;0;0;0;0;0;0;0;0;1;0;1;0;2;0;2;1;0;0;1;0;0;2;0;0;0;2;0;0;0;3;0;3;2;2;6;4;7;3;1;0;0;14;2;0;1;1;3;0;0;0;3;1;0;1;0;0;0;0;5;1;5;0;4;1;0;0;0;2;2;3;0;5;3;0;9;4;0;3;2;0
9478;0;2;2;0;0;1;2;0;1;0;2;0;0;0;0;7;1;0;0;0;0;0;1;0;1;1;7;1;0;1;0;0;0;1;0;0;0;0;1;2;0;0;0;1;0;0;1;0;0;0;1;0;1;0;0;0;0;0;0;0;1;2;3;1;1;0;0;1;1;0;0;2;0;1;0;1;1;1;7;3;0;2;0;1;1;1;2;0;2;2;1;3;1;0;2;1;0;2;1;0;1;1;0;0;2;3;0;0;1;0;0;3;0;0;0;1;2;3;0;1;2;0;1;1;5;0;0;1;0;3;1;1;1;1;0;4;0;0;0;2;0;1;1;0;0;0;0;1;2;1;0;0;0;1;0;0;0;0;0;0;0;0;3;0;0;0;0;0;0;2;0;1;0;0;0;1;0;0;2;1;0;1;2;2;0;1;1;2;0;0;1;0;4;2;1;2;2;2;2;0;0;1;0;0;4;2;2;0;0;0;1;2;0;1;3;0;0;1;0;1;1;4;4;35;3;0;0;1;0;3;3;2;7;3;0;0;4;1;2;1;0;5;4;1;2;0;3;0;1;0;3;3;0;2;1;0;2;3;3;1;3;0;3;3;7;1;1;97;54;91;10;147;23;230;21;16;181;102;;11;6;24;12;60;1;2;14;5;7;6;4;3;2;3;21;4;5;9;30;3;2;4;9;6;2;0;3;0;1;1;0;2;1;0;0;0;1;1;1;0;0;0;0;1;0;0;0;0;3;0;0;2;2;1;1;1;0;1;2;0;4;0;1;1;0;0;1;0;0;0;0;5;3;5;2;5;0;3;4;1;8;1;3;0;1;3;0;0;3;1;3;1;1;1;0;0;0;6;1;3;1;1;1;0;0;1;3;4;1;0;9;3;1;18;1;2;4;2;1
9479;2;1;0;0;1;0;1;0;2;0;1;2;0;4;0;10;1;2;3;1;1;2;5;1;1;1;10;0;1;4;1;1;0;0;1;0;0;1;0;0;0;0;0;2;1;0;4;0;0;1;1;1;7;1;3;1;1;0;0;0;1;3;1;3;6;5;1;7;1;1;0;0;5;2;1;4;6;3;2;4;1;2;1;1;1;2;0;1;2;0;11;0;0;0;6;6;0;2;3;0;1;1;3;0;9;5;0;1;3;0;0;2;0;0;2;3;0;7;4;1;0;3;5;1;1;1;0;6;1;0;1;5;0;4;0;3;2;1;3;0;1;0;1;0;0;5;1;0;3;0;0;0;1;0;1;0;0;0;0;2;0;3;2;0;2;0;0;0;0;1;0;0;0;0;0;0;1;0;8;2;5;2;4;2;0;1;1;0;2;1;6;0;3;4;1;3;0;0;2;4;0;2;3;1;1;0;4;0;1;1;2;2;0;3;2;4;0;2;0;0;2;1;2;41;0;3;1;1;2;1;1;2;8;6;5;3;2;1;9;1;2;9;2;2;1;3;2;5;4;2;4;2;5;4;2;0;2;7;26;32;8;8;3;27;5;18;290;18;97;10;133;16;70;4;2;209;8;27;6;;2;13;11;60;1;5;7;3;8;1;4;0;5;3;8;1;5;4;2;3;2;0;1;6;4;1;0;0;1;3;2;0;3;1;1;3;4;4;4;1;0;0;0;0;1;4;2;1;3;0;0;1;1;0;0;0;2;2;0;0;1;0;3;0;3;1;1;0;2;3;8;8;1;36;13;18;4;3;2;1;13;4;2;1;5;2;0;3;0;0;0;0;0;1;0;0;2;4;1;5;0;4;0;0;1;1;1;2;1;0;0;2;0;0;2;2;5;1;1
9561;0;0;0;1;1;1;1;0;2;0;1;1;0;0;0;9;1;0;1;1;0;0;0;0;1;0;4;0;2;0;2;0;1;0;0;0;0;3;0;0;0;0;1;0;0;3;2;0;1;0;0;1;2;0;0;2;0;0;0;0;1;1;0;5;0;3;1;0;0;5;0;0;4;2;0;0;1;0;1;7;0;2;0;6;0;0;1;3;1;0;1;1;1;0;4;3;0;1;0;1;1;0;0;5;0;2;4;0;1;0;1;1;0;1;0;4;1;9;1;3;2;2;1;0;5;0;0;3;1;1;3;0;1;1;1;0;3;0;1;0;0;0;0;0;0;1;1;0;1;0;0;0;0;2;0;0;0;0;1;3;0;1;4;1;0;2;2;0;0;2;0;1;0;0;1;1;0;0;15;3;5;3;9;3;4;1;3;16;3;3;17;0;3;1;1;1;6;1;3;3;0;2;0;1;6;0;3;1;2;7;5;2;0;2;2;1;3;2;2;2;4;1;7;43;2;1;3;2;0;3;5;2;5;5;1;1;0;1;7;4;1;2;4;2;4;1;4;6;2;0;3;0;3;0;2;0;1;9;6;2;6;3;12;4;2;6;1;13;20;3;4;12;9;1;4;4;2;0;1;2;;32;38;216;12;932;21;34;17;72;24;64;0;3;37;3;2;1;2;6;0;4;4;12;9;2;4;2;2;6;7;2;5;2;4;2;19;3;2;0;0;1;0;0;1;2;1;3;0;0;0;1;1;0;0;2;0;1;0;0;0;0;0;0;1;1;0;0;0;2;2;0;0;1;2;5;5;1;2;0;5;1;0;1;1;2;2;0;0;1;0;0;0;0;2;1;0;0;2;2;0;0;0;0;1;0;0;2;0;0;0;3;0;3;0;0;2;0;1
9562;3;5;9;0;1;0;7;4;2;2;6;2;3;1;3;77;13;4;5;5;2;1;2;0;4;13;30;0;2;11;1;0;1;1;1;1;0;4;0;3;0;2;0;4;1;1;5;5;4;0;3;1;6;1;0;1;1;2;2;0;0;12;3;23;6;16;4;5;8;3;0;1;3;2;8;5;3;3;25;28;4;25;4;9;1;1;3;2;10;0;3;14;2;1;7;2;2;8;4;2;0;3;4;7;12;13;1;3;0;1;4;2;0;5;3;4;11;46;10;7;4;3;7;8;5;8;1;6;2;5;9;1;2;16;0;8;8;0;1;3;3;1;4;0;2;4;1;0;4;1;1;0;3;9;1;1;0;0;0;2;1;8;16;2;1;0;1;1;0;2;1;2;1;1;2;2;4;0;45;16;19;6;19;12;12;7;5;16;9;7;25;1;21;12;0;24;19;3;22;6;1;8;5;19;5;4;6;1;7;4;16;6;1;14;22;1;23;9;9;13;13;3;33;255;8;6;6;7;7;8;12;9;12;11;11;2;2;6;41;5;9;13;4;11;10;9;5;5;8;1;10;8;9;4;4;3;2;15;61;14;33;5;40;12;18;14;10;98;53;15;13;96;31;13;452;9;16;25;23;12;21;;299;884;17;59;1456;129;111;84;47;29;5;8;56;9;12;14;21;20;4;8;11;18;27;2;9;1;5;12;3;8;11;5;8;3;9;11;5;1;1;2;1;1;2;3;1;5;1;3;2;1;0;3;1;0;1;4;0;2;2;0;5;4;2;3;0;2;11;0;13;3;4;8;6;38;2;5;1;0;37;2;3;0;8;10;0;2;0;1;1;0;0;2;1;0;1;11;4;10;3;5;2;0;4;1;2;5;2;0;3;7;4;3;2;2;5;0;1
9563;0;3;3;0;0;1;3;0;1;0;0;1;2;1;1;22;3;0;1;0;1;3;2;3;1;4;17;3;4;7;0;2;3;5;1;4;0;2;0;0;2;2;1;0;0;1;2;4;1;2;4;1;3;0;0;2;0;3;1;0;0;7;2;15;10;9;3;2;1;2;2;0;7;1;2;5;3;3;3;16;2;6;1;6;0;3;2;3;4;0;0;7;2;2;1;5;2;5;4;1;0;2;1;3;2;7;1;2;1;2;1;7;0;5;3;5;5;24;1;6;1;2;3;3;2;6;1;7;2;3;4;1;1;8;3;3;3;3;2;1;3;1;2;0;0;0;0;0;1;1;2;1;1;1;4;1;0;3;0;2;0;1;4;1;0;1;4;0;5;1;1;2;0;0;2;1;0;0;21;6;11;4;7;7;5;7;4;11;4;5;10;1;9;6;8;9;6;3;8;3;3;3;2;4;5;1;6;5;5;0;7;0;5;3;5;4;4;5;4;5;3;3;15;97;6;6;5;6;3;4;15;6;13;5;5;3;2;1;12;6;6;8;1;8;6;5;3;5;5;2;3;11;10;5;0;6;2;12;14;7;29;4;77;11;12;15;6;33;36;11;7;50;26;19;123;15;12;8;16;15;39;269;;2011;69;136;297;1118;266;194;134;35;4;6;27;0;15;3;9;17;6;9;10;14;10;1;2;1;3;3;4;3;6;2;1;9;12;5;7;0;1;0;2;0;0;3;0;6;4;3;2;1;1;4;0;2;0;1;2;1;1;0;2;1;3;2;2;0;0;1;2;5;5;9;7;12;3;4;3;1;22;8;1;3;6;4;0;4;0;6;2;0;2;1;0;0;1;7;3;2;0;2;0;0;1;1;0;2;3;2;6;3;0;3;5;1;3;0;0
9564;11;24;18;3;11;12;11;11;12;2;12;5;12;2;15;218;18;5;11;12;13;5;9;6;5;26;83;4;7;12;2;4;7;9;7;8;1;11;5;5;6;5;8;1;3;2;12;11;2;3;6;2;11;2;3;3;3;11;3;3;0;41;5;92;32;48;18;8;8;8;1;11;23;9;20;19;5;9;36;110;11;45;6;17;7;5;5;14;24;4;15;21;12;5;24;14;9;16;14;4;3;7;9;16;21;32;18;6;9;8;6;12;2;12;8;13;20;172;25;28;18;14;17;18;27;25;6;34;8;21;20;4;7;18;2;28;20;12;10;10;4;4;12;5;7;7;5;1;9;10;0;5;6;11;4;4;0;10;2;7;4;19;24;6;1;5;4;2;7;5;3;7;9;0;1;7;6;2;140;33;60;18;53;36;20;35;16;48;26;16;44;11;46;29;12;30;50;11;35;12;8;8;8;35;15;8;30;6;12;8;32;20;17;21;23;13;33;11;20;30;25;6;97;695;19;21;27;26;33;31;76;27;59;41;23;22;22;27;94;36;37;47;30;37;29;44;31;30;33;49;62;65;100;36;28;41;25;95;132;50;190;46;488;63;71;69;44;135;219;67;36;162;156;60;476;97;56;66;55;55;202;848;2754;;681;527;1005;1970;2430;338;1261;266;30;44;157;29;71;55;56;76;41;55;45;89;100;14;26;17;49;87;23;43;40;33;42;43;99;58;29;3;3;6;11;4;5;4;3;13;8;8;6;4;5;8;4;7;4;6;2;3;7;7;15;5;6;3;10;4;12;7;31;16;19;48;24;70;9;25;15;14;107;13;7;4;26;15;0;6;0;8;7;1;4;6;4;5;3;30;17;22;10;16;2;4;3;5;3;12;10;5;11;11;5;16;17;6;16;7;11
9565;0;0;0;0;0;0;0;0;1;0;1;0;0;0;1;5;1;0;1;1;0;0;0;0;0;2;3;0;0;0;0;0;0;3;0;0;0;0;1;1;0;1;0;2;0;1;1;0;1;0;0;1;0;0;0;0;0;0;0;0;0;0;0;0;0;3;1;2;0;0;0;0;3;0;1;0;0;0;1;4;0;1;0;0;0;0;0;4;2;0;0;1;0;0;0;1;3;1;2;1;0;2;0;2;1;0;1;0;0;0;1;1;1;2;0;1;1;3;1;0;0;0;0;0;3;1;0;2;0;1;2;0;1;0;0;0;1;1;0;1;0;0;0;0;0;0;0;0;1;1;0;0;0;1;0;0;1;0;0;0;0;1;0;1;1;0;1;0;0;0;0;1;0;0;1;4;0;0;7;0;2;0;1;2;1;2;3;5;1;0;3;1;4;1;1;2;1;0;2;0;0;1;0;3;1;1;2;0;0;1;0;0;0;0;1;1;1;1;0;2;2;0;6;24;2;0;3;2;2;4;6;1;2;4;1;2;0;0;5;0;2;1;4;2;3;2;3;2;4;0;2;3;2;2;0;2;0;1;6;4;5;4;27;9;6;4;3;5;11;2;1;8;4;2;10;6;3;5;1;4;12;29;59;489;;79;19;67;56;14;567;52;4;0;9;0;1;1;2;4;1;0;3;2;5;1;0;0;1;0;0;3;2;3;0;0;3;3;0;1;0;1;1;0;0;0;0;0;0;1;0;0;2;0;0;0;1;0;0;1;0;0;1;2;0;0;4;0;1;0;0;1;1;11;0;3;0;1;2;1;5;3;1;0;1;1;0;0;2;1;0;1;0;0;0;0;3;3;1;1;0;0;1;0;1;0;0;1;0;0;0;1;0;0;1;1;1;1;0
9571;3;2;5;0;0;1;4;1;0;0;6;3;5;1;3;24;1;1;0;1;0;0;2;3;2;4;13;2;3;4;1;1;0;0;1;2;1;3;0;2;0;3;2;0;0;1;3;1;0;4;6;1;1;1;0;2;1;4;5;2;0;7;3;8;9;2;1;1;0;1;0;1;5;3;2;2;0;3;2;15;2;11;5;3;1;2;6;3;6;0;0;3;3;3;3;3;5;7;6;1;0;1;1;2;3;5;1;0;0;2;3;4;1;1;3;0;5;16;8;5;5;4;6;5;7;1;6;12;1;3;4;2;2;3;2;4;2;1;3;0;1;2;1;1;2;4;1;0;1;2;0;1;3;1;0;3;0;0;1;2;1;6;6;0;1;0;4;0;1;1;1;2;2;1;2;0;5;0;34;8;10;6;18;11;14;16;22;303;48;12;140;3;10;11;6;11;14;3;15;3;5;3;3;9;3;5;7;4;10;2;11;2;3;7;14;2;11;13;10;11;12;5;14;110;3;5;7;4;11;6;12;8;16;9;5;6;4;6;13;8;7;7;4;6;11;4;8;1;4;0;7;6;6;4;9;2;11;5;17;4;11;6;23;9;12;9;4;18;16;6;6;22;8;6;21;14;6;8;5;5;807;65;84;393;44;;39;139;56;226;98;276;1;7;102;6;10;4;5;24;7;8;10;37;34;1;6;1;6;21;11;9;15;8;10;10;94;7;3;0;1;1;1;0;1;1;1;3;1;2;1;0;1;2;2;0;3;5;2;1;2;1;1;0;2;2;3;2;7;2;9;5;0;6;4;8;2;1;3;1;19;5;1;1;7;6;2;2;0;5;1;0;2;1;0;4;1;7;6;1;2;0;0;1;2;0;2;6;3;0;3;0;0;0;1;0;3;1;0
9572;2;4;4;1;0;4;2;5;2;1;1;1;4;0;2;30;4;1;1;3;1;0;3;0;0;6;14;4;0;2;0;1;0;3;0;1;0;2;1;2;2;1;1;0;0;1;4;2;0;0;0;0;5;3;3;3;0;0;3;0;1;3;1;15;3;10;3;1;1;0;0;0;7;5;2;2;1;2;5;12;3;9;2;4;1;4;2;1;4;1;2;4;6;3;1;2;1;8;2;0;2;1;1;2;2;9;3;1;3;5;3;1;0;5;5;1;3;21;3;5;1;5;5;2;5;4;2;4;2;5;6;3;5;5;1;1;5;1;0;1;1;1;2;1;0;0;2;0;3;2;3;1;1;1;1;0;0;0;0;3;0;1;4;0;0;0;1;0;0;0;1;0;0;0;2;0;0;1;22;4;6;2;7;7;5;1;3;8;7;3;5;0;4;5;2;11;9;2;9;3;3;0;1;7;1;0;8;1;0;0;9;1;4;6;8;2;6;2;1;9;4;1;10;112;2;5;8;1;7;6;12;6;10;7;6;5;8;4;18;0;7;10;3;6;3;4;7;4;4;1;3;4;3;3;5;3;0;6;17;10;23;6;28;8;12;2;9;60;36;14;7;213;25;13;582;17;7;10;14;6;16;1043;210;670;14;34;;134;172;232;35;15;5;6;35;4;12;5;25;17;2;6;15;12;17;2;5;3;5;7;2;4;5;4;4;5;2;5;3;0;1;0;1;1;2;2;0;5;3;2;0;1;1;1;1;1;0;1;0;1;1;0;3;2;4;2;3;1;3;3;7;3;7;6;5;10;2;3;2;1;13;1;1;1;3;3;0;0;0;4;6;0;0;2;2;1;0;6;3;8;0;4;3;2;0;0;0;2;4;0;3;2;5;2;2;0;1;0;0
9573;1;1;1;0;0;1;2;0;0;1;5;3;0;1;0;17;1;3;3;0;0;0;0;2;0;2;6;0;0;2;0;0;2;0;0;1;0;2;1;0;1;0;0;2;0;0;1;3;1;0;0;2;0;0;0;2;0;3;1;0;0;2;2;7;0;1;0;0;1;0;0;0;2;0;4;2;0;4;3;6;0;3;0;7;0;0;3;0;3;0;0;1;1;1;6;2;0;1;2;0;0;2;3;0;2;3;0;0;0;3;2;2;0;2;0;2;1;9;2;2;2;2;2;1;6;5;3;2;3;2;2;0;1;3;3;1;3;2;3;5;2;2;3;1;0;4;0;0;1;0;5;2;0;1;3;0;0;0;0;0;1;0;1;0;0;1;0;0;0;0;0;1;2;0;1;0;1;0;13;3;8;1;6;6;0;5;1;3;8;0;7;0;2;4;0;4;4;3;5;1;1;0;0;4;3;3;3;0;2;0;2;2;0;2;3;1;4;2;2;5;4;1;12;67;0;0;10;1;4;0;7;3;7;7;8;2;7;4;13;6;7;8;3;7;4;1;4;6;1;1;5;2;9;2;4;4;2;6;12;3;19;7;51;5;8;8;1;25;16;8;5;29;24;7;56;12;4;8;7;9;47;117;814;2417;89;248;176;;144;230;215;36;5;7;16;4;10;4;11;11;4;2;10;8;15;2;3;2;3;10;6;6;5;3;4;2;7;5;3;0;0;1;4;0;1;0;1;1;0;1;2;1;1;1;0;2;1;3;0;1;0;1;2;0;1;4;2;2;4;2;0;9;4;8;2;6;12;5;0;2;7;1;1;1;3;3;0;0;0;1;2;1;0;1;1;1;0;8;2;1;2;3;0;0;5;0;0;0;0;1;2;2;0;1;1;0;1;4;2
9574;1;2;4;0;1;3;6;2;6;0;5;0;1;0;2;23;4;2;0;2;1;1;0;0;3;2;10;0;0;4;0;1;1;4;2;3;0;2;1;3;0;1;0;1;2;0;2;1;3;2;3;0;3;0;0;0;0;4;0;0;6;6;1;5;2;5;5;3;0;1;0;1;6;3;1;6;2;3;4;19;2;9;3;3;2;0;2;1;3;0;4;4;2;2;2;1;0;3;2;2;2;3;0;1;2;5;0;1;4;4;1;5;2;0;2;3;1;14;1;2;5;5;1;0;2;0;1;5;2;5;2;2;0;7;2;4;3;2;3;2;4;0;1;1;0;2;0;2;0;1;0;2;4;0;0;1;3;3;1;2;0;1;2;0;1;0;0;1;4;2;0;2;2;0;2;0;0;0;19;8;12;7;6;7;2;1;6;9;3;2;7;1;7;4;3;2;7;0;3;2;5;5;0;4;3;1;2;4;4;1;4;5;1;8;7;2;5;2;3;5;6;2;9;103;10;3;5;4;6;3;10;9;11;8;9;4;5;6;16;5;11;17;8;8;2;2;7;2;4;1;4;6;11;2;5;3;6;27;36;9;229;5;391;28;12;21;12;24;53;10;6;19;93;4;124;17;3;9;9;16;24;122;163;1460;68;58;180;114;;45;207;46;5;4;21;4;7;4;11;13;4;6;14;13;19;3;2;1;6;4;6;5;4;2;6;4;7;6;6;1;3;0;2;1;4;0;2;2;0;2;0;2;0;0;1;0;1;1;0;1;1;0;3;1;3;2;7;3;0;5;2;5;4;14;6;14;2;7;4;2;19;3;3;2;5;3;1;2;0;3;3;0;2;1;3;3;4;6;2;5;1;1;1;0;2;2;0;2;2;1;1;3;1;4;5;4;7;2;3
9575;0;2;0;0;1;0;4;1;2;1;4;5;1;1;0;12;2;0;2;3;1;0;2;0;0;3;9;0;2;0;0;1;6;1;1;0;0;0;0;0;2;0;0;2;0;0;0;1;1;0;0;2;3;4;1;2;1;1;2;0;0;3;0;3;3;9;1;0;0;1;0;0;8;1;3;2;1;0;1;8;0;6;0;1;3;3;1;1;2;2;1;2;3;0;5;7;4;1;4;0;0;0;4;3;2;5;0;1;2;2;2;4;0;4;1;2;1;13;2;2;0;2;1;1;9;2;1;2;0;4;3;2;6;7;1;0;5;3;2;0;1;1;0;0;1;2;2;0;1;4;2;0;3;1;0;0;1;0;0;2;0;1;2;0;1;0;1;0;1;2;0;3;1;0;0;2;0;0;17;8;4;6;3;5;5;6;2;12;28;1;9;0;2;3;1;4;8;6;8;1;0;3;1;3;0;1;6;1;1;2;6;1;0;5;2;2;3;8;5;3;3;1;8;55;2;5;1;6;3;2;4;3;6;3;5;0;2;0;8;4;1;4;1;3;5;1;1;1;3;0;5;2;6;1;0;3;0;6;10;2;8;2;13;6;7;5;4;12;16;6;1;60;15;8;31;5;4;8;4;2;64;84;108;266;16;204;190;157;32;;24;20;3;6;69;4;10;6;12;97;0;7;16;67;10;5;6;4;2;2;3;4;3;2;2;2;9;3;4;0;3;2;0;1;1;2;0;1;0;0;0;0;0;0;1;0;0;1;1;0;0;1;1;0;1;0;1;0;1;0;0;1;5;2;6;5;2;6;2;1;6;4;0;1;0;3;0;0;0;0;3;0;2;1;3;0;2;5;3;3;2;2;0;1;2;1;0;4;1;0;5;1;0;1;2;0;0;0;0
9576;3;1;0;0;3;2;2;2;1;4;2;1;1;0;1;17;1;1;1;2;0;0;2;1;2;3;3;2;0;0;0;2;1;2;0;0;0;1;1;2;3;2;1;1;0;3;0;3;2;1;1;0;0;0;0;1;1;0;2;0;1;4;1;3;2;1;0;0;0;2;1;0;3;3;4;1;1;0;2;6;2;6;1;1;2;1;1;1;4;0;1;1;2;0;1;2;1;2;2;2;0;0;4;0;5;4;3;0;1;3;1;0;0;2;2;1;1;6;3;1;1;2;2;3;2;0;1;3;1;5;5;4;2;2;2;3;2;1;4;2;2;0;1;1;0;1;0;0;5;0;2;2;0;2;2;0;0;2;1;1;4;0;2;1;0;0;1;0;1;0;0;1;0;1;2;2;0;0;12;7;4;3;4;5;2;5;5;3;1;6;4;1;1;8;2;5;4;1;5;0;1;3;1;4;2;1;4;0;1;0;8;4;1;2;5;2;3;2;2;5;3;1;36;75;4;4;7;6;6;5;80;4;14;6;10;5;4;4;10;14;12;6;6;4;3;3;8;2;13;5;10;16;14;7;3;8;2;10;17;8;34;3;232;6;6;6;3;15;15;5;4;14;9;6;30;11;3;7;7;6;27;68;89;811;459;157;45;118;190;36;;280;1;4;18;2;6;3;7;6;2;2;3;5;8;1;2;0;6;9;2;15;9;8;10;6;15;10;0;3;0;2;1;0;1;1;2;3;1;3;1;1;1;4;3;0;0;1;2;0;0;0;0;0;4;3;4;3;0;0;4;6;4;7;6;8;3;2;0;1;14;2;0;0;1;2;1;1;0;2;2;0;2;4;1;0;3;4;0;3;0;2;0;1;1;0;0;0;2;1;1;2;1;2;5;1;0;3;0
9577;1;0;0;0;2;0;1;1;1;2;2;1;3;0;3;12;2;0;0;0;0;2;0;0;1;1;4;2;0;1;3;0;1;2;2;1;1;2;0;1;0;0;0;0;0;0;0;1;0;1;0;0;2;0;0;1;0;0;2;0;0;4;0;1;0;3;0;0;1;0;0;1;1;1;3;1;1;3;2;4;0;3;0;1;0;1;0;2;2;2;6;0;3;0;2;2;1;0;0;0;0;1;1;0;2;2;1;0;1;0;3;1;1;0;1;0;2;9;1;2;2;0;3;0;2;0;2;3;2;1;0;1;2;1;1;1;3;2;3;1;1;2;1;0;2;1;2;1;1;3;1;1;0;2;0;0;0;0;0;1;0;1;1;1;0;0;0;0;1;0;0;0;0;0;0;0;1;0;16;3;7;2;6;4;5;4;0;9;3;5;13;0;3;5;0;3;3;0;6;2;1;0;1;4;1;0;1;2;2;0;4;2;2;2;9;1;1;2;5;6;4;2;41;65;2;2;4;2;1;0;101;6;7;7;6;5;4;1;10;19;11;6;0;8;6;4;2;4;1;3;6;4;5;1;2;2;0;3;12;0;6;5;17;3;2;6;0;10;12;4;3;3;5;3;8;1;0;3;1;4;59;34;25;225;34;262;14;20;30;19;206;;2;2;16;3;2;2;0;5;0;3;2;5;43;0;4;0;6;7;8;2;6;1;5;1;142;2;1;1;0;2;0;0;0;0;0;1;0;0;0;1;1;0;1;0;0;0;0;0;1;0;1;0;0;2;4;3;2;2;2;6;2;3;2;5;1;0;3;0;8;0;4;1;0;5;0;0;0;1;0;0;0;0;0;0;0;0;0;1;3;0;1;0;1;0;1;2;0;0;0;0;0;1;0;1;1;0;0
9661;0;2;2;1;1;0;5;1;1;0;0;0;4;0;1;19;2;1;0;3;4;0;0;1;0;5;10;0;0;2;0;1;2;1;3;4;0;2;0;2;1;0;1;0;0;0;1;3;0;1;4;1;1;1;3;5;0;2;0;0;2;4;3;11;8;6;3;6;4;0;0;2;4;6;3;5;1;1;8;14;1;7;1;3;0;3;1;2;5;1;4;3;4;0;5;1;3;1;2;1;2;3;3;4;1;6;1;0;0;0;2;3;1;4;1;2;30;138;28;24;11;71;15;11;93;17;23;90;6;25;9;4;3;8;5;7;8;3;6;5;0;2;5;0;0;3;0;0;4;0;4;0;1;1;0;2;0;2;1;3;3;5;19;3;0;0;1;0;2;7;1;1;0;0;3;1;5;1;23;3;6;2;8;6;4;4;3;1;12;2;2;4;8;8;2;10;10;9;9;0;1;3;2;3;2;1;7;1;3;3;7;6;1;3;7;0;4;2;2;6;3;1;8;51;1;0;3;2;1;4;4;5;2;2;2;1;0;2;9;0;0;4;1;2;1;0;2;1;3;2;1;1;0;0;0;1;2;0;11;1;0;1;4;1;1;1;1;8;9;4;1;11;3;1;4;0;2;2;3;1;1;7;7;21;1;2;1;0;4;3;2;1;;7;71;1544;11;12;2;7;437;67;13;16;5;0;4;2;4;6;1;2;2;1;3;2;1;1;7;0;1;1;0;0;0;0;1;1;1;1;0;2;0;1;0;0;0;1;1;0;0;0;4;4;3;0;4;0;0;0;5;1;3;3;2;10;1;2;1;0;12;2;0;1;1;0;0;0;0;1;1;1;0;2;0;0;0;4;2;3;0;2;1;0;0;1;0;2;2;0;0;0;1;2;2;2;0;1;0
9662;0;2;1;0;2;1;0;1;3;0;0;0;0;0;1;13;1;3;2;0;2;0;0;1;0;3;9;0;0;0;1;0;1;1;1;5;0;2;0;0;0;0;0;1;1;1;0;5;0;2;2;1;1;3;2;1;0;1;0;0;0;2;1;5;10;2;0;5;2;1;0;0;7;0;2;1;0;1;1;10;4;5;0;2;1;0;2;3;8;1;3;2;1;1;4;1;3;0;0;3;0;1;3;2;2;4;2;1;1;3;0;3;2;1;0;0;2;25;5;4;1;6;3;6;9;4;0;5;2;1;2;1;1;5;1;6;12;1;2;1;1;1;2;0;0;3;1;0;1;1;0;2;0;3;2;1;1;0;1;2;2;0;2;2;0;0;1;0;0;2;0;1;1;0;0;0;1;1;16;3;3;3;6;1;4;4;0;3;10;1;5;1;4;3;4;6;6;3;3;4;0;2;0;3;3;1;5;0;1;3;2;1;0;4;4;1;4;3;1;5;3;1;4;51;1;1;0;3;2;2;2;2;5;2;2;1;1;1;13;6;0;7;5;1;1;3;5;3;2;4;7;8;6;1;4;4;3;2;10;3;3;2;3;3;4;2;2;26;17;7;10;19;3;7;5;0;5;6;5;7;4;11;14;59;1;4;10;3;7;5;2;2;14;;158;9;179;65;111;42;5;36;1403;59;13;1;3;3;5;13;1;6;7;5;1;6;7;4;4;0;2;0;0;0;0;1;0;2;1;5;1;0;0;1;1;0;0;0;0;0;0;0;0;1;1;1;1;2;1;0;2;0;3;5;2;6;1;5;1;1;9;0;3;0;1;2;0;0;0;3;1;0;1;1;1;0;3;5;1;2;1;1;0;0;2;0;0;6;1;0;3;3;1;1;3;0;1;0;0
9663;6;11;11;0;3;2;10;6;7;1;5;7;6;1;3;113;16;2;6;5;8;0;3;1;3;26;45;2;2;10;1;0;4;1;2;9;0;5;1;1;1;1;2;3;1;1;14;8;0;1;3;5;3;2;3;1;3;1;5;1;0;23;3;46;11;24;3;6;3;4;1;0;9;3;12;16;5;6;30;70;4;24;3;9;2;2;8;6;12;0;6;23;3;1;4;7;3;16;9;3;3;4;3;4;17;15;3;1;2;4;10;6;2;9;2;3;28;141;14;25;12;14;13;12;34;17;6;25;8;23;23;8;4;20;7;16;50;6;4;7;4;4;5;3;0;6;2;3;5;6;7;1;2;7;3;1;0;4;1;7;2;6;31;3;1;2;2;0;3;5;3;4;2;0;5;4;8;0;91;24;26;9;34;21;29;43;23;38;218;10;36;2;33;18;6;46;32;49;27;10;3;6;5;32;16;3;14;6;7;4;19;11;8;17;31;4;24;13;7;18;14;4;26;314;11;4;11;5;6;9;14;8;23;19;10;9;4;2;40;10;5;19;11;12;16;10;9;10;6;2;4;5;10;3;5;3;3;7;47;7;11;4;14;3;10;7;5;63;45;21;11;48;10;19;16;12;10;14;16;8;28;54;35;183;7;61;31;16;19;79;16;17;72;111;;79;166;88;65;418;85;414;225;2711;51;6;18;6;14;22;7;16;18;12;19;13;22;20;15;0;3;5;4;0;3;2;1;14;2;2;3;2;3;3;0;2;0;2;0;0;1;3;8;5;6;3;9;2;2;0;7;1;6;0;4;28;2;4;5;5;71;0;1;1;16;13;0;2;0;2;1;2;2;4;2;1;2;15;2;15;3;6;2;1;8;1;2;12;5;2;3;5;4;3;0;3;1;0;0
9671;1;2;2;0;1;0;5;3;7;0;4;3;2;2;3;36;4;3;1;1;1;2;1;2;1;5;13;2;1;5;0;1;0;1;5;1;2;1;1;2;1;3;0;1;0;0;2;5;2;0;3;0;3;1;0;5;2;7;3;1;2;9;2;13;4;3;3;4;1;5;0;1;7;3;1;3;1;2;12;20;2;7;4;4;1;2;4;5;8;0;4;7;3;1;7;3;7;4;5;2;2;3;2;6;8;8;2;1;1;4;2;2;0;1;1;1;65;209;42;27;12;187;28;19;501;20;66;210;9;62;30;15;6;20;7;7;22;4;2;4;5;2;1;2;5;7;3;4;3;2;0;2;6;3;0;1;1;3;1;5;2;6;24;0;2;0;2;0;11;4;4;5;3;3;2;4;7;2;18;6;3;0;7;8;5;6;1;4;22;1;7;2;17;9;4;13;22;12;14;2;3;3;3;11;5;2;6;0;1;6;9;5;6;2;8;1;2;3;0;4;6;2;4;56;1;1;8;3;1;2;4;4;5;2;6;1;0;2;10;0;3;6;0;7;7;1;2;2;3;0;1;2;6;2;4;2;1;0;11;1;1;0;3;0;7;4;3;13;19;0;3;6;6;3;5;0;7;3;2;3;8;8;4;23;1;7;7;2;1;3;8;2;1416;10;108;;29;4;2;14;547;130;14;33;11;2;3;2;3;3;7;0;5;2;5;6;3;6;8;0;4;3;3;1;1;0;0;8;0;0;2;1;0;0;0;0;0;3;0;0;2;1;6;1;2;5;4;2;2;4;2;0;4;3;5;9;4;9;6;2;14;3;1;1;2;3;0;2;0;1;0;0;4;0;0;0;0;4;3;4;1;3;1;0;1;1;2;5;0;2;0;2;3;0;1;1;1;0;1
9672;1;3;1;0;0;4;2;1;4;0;6;4;0;3;1;27;2;1;0;1;2;0;1;1;0;3;10;0;1;2;4;0;2;1;1;2;0;3;0;4;3;0;0;2;0;0;3;2;1;1;1;2;5;0;1;1;1;1;1;0;0;7;0;9;6;1;6;0;0;0;1;0;2;3;6;1;0;1;6;11;1;8;1;3;2;0;1;1;6;0;0;3;3;3;2;0;0;4;4;4;0;2;0;1;4;4;0;3;3;2;3;2;2;1;1;5;8;21;1;6;2;2;5;6;65;5;2;12;3;11;8;3;1;4;9;6;117;10;3;9;3;1;3;0;0;1;1;1;2;4;2;4;0;2;0;1;0;2;0;0;1;2;5;0;0;0;3;0;0;2;4;0;0;0;2;0;2;2;12;5;10;2;3;2;2;6;3;4;13;3;6;1;3;5;3;4;5;8;4;3;5;4;4;6;1;2;2;0;3;1;3;1;6;4;0;0;4;3;5;3;1;2;2;57;1;1;5;1;0;2;3;8;6;1;2;5;3;4;8;2;3;6;2;5;5;1;0;1;3;0;2;0;7;2;3;1;4;1;8;2;1;2;5;3;1;0;3;21;12;4;3;15;5;13;6;7;2;7;3;3;5;14;11;40;2;4;9;5;5;8;2;2;14;190;207;13;;312;38;33;14;102;254;66;10;1;1;0;4;5;0;3;3;2;3;4;0;4;3;1;0;0;1;1;0;0;0;3;0;0;1;2;2;0;0;1;0;3;0;0;3;3;6;0;2;3;3;1;3;0;7;2;3;2;1;40;1;5;2;0;15;3;2;1;2;5;1;7;1;2;0;0;4;1;0;0;1;10;5;3;4;5;0;3;8;2;0;21;4;0;5;9;3;4;4;0;1;1;1
9673;0;2;1;1;2;0;2;2;0;0;2;0;0;0;1;15;4;5;3;0;5;0;1;1;0;2;8;1;1;1;0;3;0;1;1;0;0;1;0;0;3;3;1;0;0;0;1;0;0;0;3;0;4;0;1;3;0;4;1;1;1;5;2;6;2;2;0;0;1;0;0;3;3;2;4;4;1;0;1;8;1;9;1;2;0;1;3;1;0;0;0;3;1;3;3;1;1;4;0;0;1;1;0;0;5;3;2;0;1;1;0;0;0;2;4;1;8;23;1;10;1;2;5;1;11;1;1;6;3;5;7;2;1;4;6;4;61;8;3;6;1;0;1;0;0;0;0;0;1;1;0;0;0;0;0;0;0;0;0;0;0;4;4;0;0;0;2;0;2;1;0;0;0;1;0;0;3;0;9;2;2;1;4;1;1;3;0;4;6;0;2;1;1;1;2;3;4;1;1;1;0;1;1;5;4;0;4;4;5;0;9;2;3;3;5;0;6;1;0;2;3;5;4;50;0;1;5;2;1;1;0;2;3;1;3;5;3;0;9;1;1;3;1;4;2;1;1;0;1;1;0;1;1;1;1;0;1;0;8;1;0;0;3;0;0;3;0;19;17;13;2;13;5;10;9;4;2;4;5;2;6;16;9;61;1;5;6;2;3;3;1;2;13;72;123;4;347;;45;17;11;24;96;35;7;1;2;1;0;1;0;2;2;2;3;2;2;4;4;1;3;0;2;0;0;0;0;1;1;0;0;1;2;1;1;0;0;0;0;0;2;0;0;0;1;0;1;0;1;0;4;1;0;1;6;3;1;4;0;2;13;2;1;0;2;1;0;0;0;2;0;0;1;2;2;0;0;16;1;4;6;4;0;0;5;2;1;93;2;1;33;8;2;4;3;4;0;1;1
9674;1;2;1;1;0;1;5;0;0;0;2;1;1;1;1;11;1;3;1;1;1;0;0;0;0;7;6;0;1;3;1;0;0;0;0;0;0;1;0;0;0;0;0;0;0;0;1;1;0;0;1;0;3;1;0;0;0;1;0;0;0;5;1;2;1;2;0;0;0;1;1;1;2;0;3;0;0;0;1;7;1;3;0;0;0;1;1;2;2;0;2;1;2;1;0;4;2;1;0;0;0;2;0;0;1;2;0;0;3;0;0;0;0;0;0;3;4;11;0;3;1;4;1;0;6;0;0;3;1;4;2;2;1;4;3;0;9;3;0;2;1;2;1;0;0;0;0;1;1;0;0;0;2;6;0;1;0;0;0;1;0;1;4;0;0;0;1;0;0;0;0;0;0;0;0;0;0;0;6;2;5;1;6;1;0;0;3;1;6;0;4;0;2;1;2;2;6;2;4;3;0;0;2;5;0;0;1;0;1;0;2;2;0;2;3;2;2;2;2;3;1;2;4;48;0;0;1;0;0;2;2;3;6;3;0;0;2;1;5;2;1;2;2;2;1;0;3;0;2;0;2;2;2;0;3;1;0;0;7;1;1;1;4;0;6;4;0;169;26;42;1;246;9;76;18;6;7;8;38;6;1;19;12;56;0;7;15;5;6;14;4;3;8;120;70;3;48;56;;29;4;18;256;27;6;0;1;0;0;0;0;1;2;3;6;1;1;5;2;0;0;0;0;0;0;0;0;0;0;0;0;2;1;1;1;3;0;2;0;1;0;0;0;0;2;0;4;0;1;1;2;4;0;1;3;5;1;2;1;0;6;1;4;1;3;1;1;0;0;2;1;1;0;1;0;0;0;9;4;2;1;3;0;0;4;0;0;8;0;0;17;3;0;2;4;0;2;3;2
9675;0;1;0;0;0;2;1;0;0;1;0;2;0;0;0;16;3;0;3;1;1;0;2;0;0;5;9;1;0;2;0;0;0;0;2;3;0;0;2;1;0;0;0;0;1;0;0;4;0;0;0;1;1;2;0;0;1;5;1;0;0;4;0;6;6;4;3;3;1;3;0;0;2;7;2;3;2;0;3;9;2;3;1;3;5;0;0;3;13;1;1;2;1;0;2;0;3;4;3;1;0;2;0;0;4;6;0;0;0;0;1;4;2;0;2;2;4;17;5;3;34;5;3;5;2;2;1;5;2;5;3;2;1;4;1;5;10;4;2;1;1;0;1;1;2;0;0;1;6;4;0;2;4;0;0;0;1;2;2;0;0;1;4;0;0;0;0;0;0;1;2;0;1;0;0;1;1;0;16;1;4;2;4;1;6;6;2;6;35;2;5;2;4;6;2;4;6;5;5;1;2;3;2;3;1;2;5;2;2;2;5;3;3;3;3;1;2;1;1;3;1;11;6;52;2;1;4;2;2;3;4;2;7;1;1;0;0;0;26;1;3;2;4;4;1;2;1;2;1;3;3;4;1;1;1;2;1;0;5;0;3;0;6;5;1;3;2;18;13;7;2;42;3;8;3;3;5;6;1;2;3;16;11;57;3;21;14;6;11;115;7;5;6;53;398;8;46;21;30;;11;58;222;357;5;2;1;2;4;3;4;1;3;1;1;2;5;2;3;1;0;1;0;0;1;0;0;0;2;0;0;0;0;0;2;0;0;6;2;0;0;0;0;0;1;3;8;1;0;1;2;1;3;0;1;4;0;1;2;2;12;3;2;0;1;1;0;0;1;5;0;0;3;3;0;1;0;3;3;3;2;3;0;0;5;0;0;5;3;1;3;3;2;3;0;2;1;1;1
9676;4;3;2;1;1;2;3;6;1;4;4;1;3;2;2;18;4;0;1;1;1;0;4;1;2;1;5;1;1;3;0;0;0;1;0;3;0;3;0;0;0;1;1;3;2;0;1;2;3;0;1;3;6;1;1;3;0;2;1;4;0;6;0;5;11;7;2;4;0;1;0;0;2;2;3;4;0;1;5;16;2;9;2;7;1;1;2;2;6;0;6;4;2;1;5;5;2;3;2;2;0;2;3;3;1;5;4;3;0;4;0;2;1;6;3;1;49;110;23;22;15;95;21;9;61;9;163;79;5;28;17;7;3;6;9;5;13;2;3;0;4;5;3;1;1;1;0;2;2;2;1;3;4;2;1;2;2;1;0;4;0;4;16;2;0;1;4;0;2;1;1;1;1;0;1;2;3;1;19;6;10;0;17;5;10;10;8;6;170;2;3;1;8;3;4;14;23;89;20;5;4;1;4;7;1;2;5;2;4;2;5;0;4;4;11;2;2;5;2;4;2;2;2;53;2;1;5;3;1;2;2;2;4;2;1;5;2;1;7;3;1;4;5;7;4;1;2;1;4;1;2;4;1;0;1;2;0;2;6;0;0;2;2;0;0;2;2;8;7;3;3;5;3;3;1;1;6;4;0;0;5;6;10;22;0;9;4;1;5;7;2;0;449;6;114;471;12;10;1;13;;78;10;40;7;4;2;0;1;8;0;1;1;2;4;1;1;4;3;2;5;5;1;1;0;0;0;2;1;2;0;2;1;1;1;5;2;0;0;0;0;0;5;2;2;0;3;1;3;3;0;2;1;1;1;6;3;1;0;1;6;2;0;0;2;2;0;0;0;0;2;0;4;0;0;0;0;1;3;2;0;1;2;0;1;1;0;0;0;1;1;5;0;0;0;1;2;0;0
9677;1;0;3;1;1;0;1;3;2;1;5;1;1;0;0;23;2;2;0;0;1;0;1;3;0;8;9;3;0;4;2;1;0;1;4;4;0;2;0;1;0;1;1;1;0;0;2;1;2;1;0;1;2;0;0;1;0;1;1;0;1;3;0;6;6;1;5;5;0;0;0;0;6;3;2;2;0;2;9;14;0;12;3;7;1;0;3;2;4;0;4;5;2;1;1;6;0;3;1;2;2;3;5;1;2;5;2;2;0;5;0;1;0;0;1;2;18;41;3;11;9;9;9;4;82;7;2;12;6;16;10;3;3;7;1;3;10;3;1;5;4;3;0;2;3;3;2;1;2;1;1;0;3;4;3;4;0;0;1;0;2;2;9;0;0;1;3;0;1;3;1;2;0;2;3;1;7;0;20;6;10;5;9;2;8;10;6;7;244;4;9;1;8;6;1;6;8;12;9;2;0;1;1;6;2;2;2;1;3;0;10;1;1;6;6;1;11;2;4;4;5;1;10;71;3;1;5;1;4;3;3;3;7;4;2;0;1;4;12;2;1;4;7;1;1;1;3;2;1;1;0;5;3;0;2;1;4;2;6;4;3;3;2;1;3;1;0;10;15;6;2;8;2;6;5;1;5;4;5;2;3;13;3;40;1;14;7;4;2;11;3;3;70;52;478;102;130;23;8;55;70;;83;380;10;4;5;1;1;8;2;1;6;3;1;2;2;2;4;0;1;0;0;0;0;1;0;3;1;0;0;3;3;1;0;1;0;1;0;0;0;1;2;0;0;2;3;0;1;2;4;4;2;2;3;5;0;3;0;3;10;2;1;0;2;1;0;4;1;5;0;0;3;1;1;0;0;7;0;4;0;0;1;0;0;1;1;4;2;0;2;5;0;1;2;0;1;2;1
9678;0;2;0;1;2;0;0;1;0;0;0;0;1;1;1;11;1;1;0;0;1;0;1;2;0;5;6;1;0;0;1;1;1;1;0;1;0;0;0;1;2;1;0;0;0;0;2;2;0;2;1;0;0;1;0;0;0;1;2;0;1;3;1;2;3;3;1;1;1;3;0;1;1;2;1;1;1;3;4;12;2;5;0;0;1;0;1;1;4;0;3;2;5;1;2;0;5;2;2;0;1;1;0;0;2;4;1;1;1;2;5;1;0;2;1;0;4;17;7;4;3;7;2;2;8;3;1;6;2;3;4;1;3;3;1;12;12;6;1;2;0;2;0;3;0;2;0;0;4;1;0;1;1;1;1;1;0;0;0;1;1;0;5;0;0;0;3;0;0;1;3;0;2;1;1;2;2;1;15;5;6;1;7;5;5;5;2;4;11;3;4;1;4;5;0;3;5;6;6;0;1;3;2;2;0;0;2;0;2;2;5;3;3;3;0;0;3;1;2;4;8;1;6;69;1;1;6;2;5;5;3;1;8;5;5;1;5;5;11;0;3;9;5;4;5;3;8;4;1;3;5;8;14;6;7;3;5;0;8;1;7;1;5;8;6;6;3;35;19;8;3;46;6;8;9;6;5;3;7;9;3;19;9;52;3;9;14;10;5;13;5;2;67;1217;309;49;359;145;247;280;69;156;;236;11;0;2;2;8;17;5;10;9;11;3;3;17;10;3;0;0;2;0;0;0;1;1;4;1;0;0;1;0;1;1;0;0;1;0;0;0;0;3;0;0;0;3;1;1;0;2;2;2;2;1;8;1;1;2;0;17;2;0;0;6;2;1;0;0;1;0;0;2;0;0;0;1;7;1;4;7;6;1;0;5;5;2;11;2;1;5;6;2;2;0;0;0;0;0
9679;2;3;1;0;6;1;3;1;6;2;2;4;3;1;2;31;6;2;1;3;0;0;3;2;0;7;20;4;0;0;2;1;1;2;1;3;0;5;2;0;3;4;1;1;0;1;8;2;3;1;1;3;6;4;0;4;4;5;2;3;0;5;1;15;1;11;3;1;2;0;1;0;1;0;3;0;2;3;7;25;1;8;3;2;1;1;1;4;9;0;3;7;2;2;2;3;4;5;6;0;3;4;1;1;5;4;2;1;3;1;3;1;2;7;2;3;14;54;9;11;3;15;8;4;15;8;2;11;8;5;10;4;3;9;4;8;17;5;3;6;2;2;3;0;1;5;2;1;4;4;1;6;5;1;1;4;0;3;1;6;1;4;11;3;2;2;0;0;2;1;1;1;0;1;3;2;3;0;36;13;11;9;14;9;5;13;15;17;350;6;13;2;11;7;4;15;13;20;19;2;1;1;3;12;5;2;9;3;5;2;14;6;6;4;11;3;6;5;4;2;7;2;4;126;4;1;2;3;5;5;7;3;7;8;3;5;2;1;15;1;4;11;4;8;5;2;5;2;3;0;3;3;6;4;1;4;6;4;14;3;5;1;6;6;5;7;2;29;18;7;0;27;6;9;8;7;2;6;7;5;5;19;14;70;4;32;13;7;12;100;8;8;26;56;2061;34;83;37;28;491;45;490;167;;22;3;7;1;3;13;3;2;5;4;7;9;7;9;6;1;2;2;1;0;3;1;0;2;1;2;0;5;1;2;0;1;0;1;1;1;0;0;5;0;2;2;0;2;4;0;2;3;3;6;3;13;2;4;2;1;30;2;0;1;5;3;0;0;1;0;3;1;1;3;1;0;1;7;3;5;4;2;0;2;4;2;1;13;2;0;3;2;2;2;1;2;3;0;0
9761;1;10;9;2;3;7;9;6;7;1;6;4;2;2;6;123;6;3;2;4;5;1;6;3;1;11;27;4;6;3;2;1;7;4;9;5;1;5;0;5;7;7;0;5;0;2;7;4;4;6;4;4;8;2;1;3;1;3;3;3;2;26;10;27;8;18;9;17;5;9;1;3;18;4;7;10;3;11;23;55;4;21;8;16;0;3;5;4;13;2;14;10;8;7;15;10;3;10;13;2;3;5;9;11;8;11;2;4;3;3;5;6;2;6;8;5;12;57;15;15;7;6;10;3;9;6;0;7;3;4;14;6;1;11;6;13;9;3;4;8;4;5;9;6;4;2;6;5;10;4;0;2;7;8;4;4;1;4;3;7;1;10;21;3;2;5;3;2;2;6;2;6;4;1;4;0;7;1;92;28;44;28;33;24;12;15;8;22;6;48;43;5;35;19;9;22;29;3;17;7;8;9;7;25;17;9;21;13;14;10;33;15;12;27;34;11;86;51;47;42;74;16;71;943;21;19;22;38;100;41;39;32;69;132;40;200;25;21;128;99;36;60;57;32;107;22;13;14;14;8;17;19;27;5;7;11;12;7;52;6;11;13;13;10;16;18;3;16;33;12;8;19;9;3;8;13;2;6;5;7;8;30;18;101;4;28;18;14;11;9;9;29;2;7;40;11;11;3;5;13;7;12;6;15;;84;72;50;1757;4797;312;356;412;76;188;218;409;155;12;1;2;5;7;3;1;6;1;8;4;5;0;3;5;0;0;4;4;3;0;2;1;1;6;3;7;6;5;3;3;4;12;7;8;6;2;40;5;10;6;1;46;7;1;5;10;11;0;5;1;2;3;2;4;3;1;4;1;9;7;8;0;3;0;4;0;0;0;6;5;2;5;3;2;5;3;3;2;2;1
9762;1;2;1;0;0;0;0;3;1;0;2;0;0;0;0;11;1;0;0;0;0;0;0;0;0;1;6;0;0;1;0;5;1;1;0;2;0;1;0;0;0;0;0;3;0;3;2;0;2;0;2;0;3;0;0;0;0;0;3;0;0;1;1;1;4;0;0;1;0;0;0;0;1;0;0;1;1;0;1;4;0;1;1;1;1;0;0;1;1;0;0;2;0;0;2;0;1;3;1;1;1;0;0;2;1;2;0;0;3;1;5;3;1;2;0;0;2;6;1;0;1;1;1;2;2;0;0;1;2;1;0;2;1;2;0;0;0;1;1;1;1;0;0;0;1;1;1;0;2;0;0;0;1;1;0;0;3;0;0;0;0;1;1;1;0;0;1;0;0;0;2;0;0;0;0;0;0;0;11;5;2;6;2;1;1;3;0;1;1;1;4;2;3;4;0;0;1;3;3;1;1;0;4;0;0;0;6;3;3;0;2;3;3;3;2;3;8;6;7;3;16;1;5;95;3;3;4;7;2;3;3;1;6;17;8;41;3;1;10;4;4;3;5;5;34;3;3;3;4;1;5;5;2;1;1;2;3;0;14;1;0;1;0;2;1;3;1;3;0;0;1;4;0;0;0;0;0;1;0;1;4;2;2;10;1;1;0;0;1;1;2;4;1;0;6;0;0;1;2;0;0;1;2;2;77;;66;15;9;37;6;9;16;7;604;143;14;41;2;0;0;0;1;0;0;1;0;2;0;1;0;0;1;0;0;0;0;0;0;1;0;1;1;0;0;0;1;1;2;1;0;0;0;0;3;3;0;4;0;0;3;0;2;0;10;1;0;0;2;0;0;0;0;0;2;0;0;1;0;0;2;0;0;1;0;0;0;0;0;2;0;1;0;0;2;0;0;0;0
9763;0;3;2;0;1;0;4;3;3;0;0;0;1;1;1;24;3;1;0;0;4;0;1;1;0;3;2;2;0;3;0;1;0;3;0;3;0;3;0;1;2;1;1;1;0;1;1;0;3;0;3;0;0;1;0;2;1;7;0;0;2;5;3;4;2;2;0;1;1;3;0;0;4;0;2;4;0;0;3;10;1;4;2;2;0;2;3;3;0;1;2;0;1;1;1;3;1;1;0;0;0;3;1;4;2;9;1;0;0;2;2;1;1;1;2;3;3;9;1;1;4;1;2;3;4;3;1;4;2;0;2;0;1;2;1;1;3;2;1;1;1;1;2;1;0;5;0;0;1;0;3;0;1;2;1;0;0;1;2;2;2;0;2;1;2;0;6;1;0;2;3;0;0;2;0;1;2;0;31;8;18;5;11;8;5;9;2;3;3;9;12;1;12;3;8;7;4;1;7;3;3;3;1;6;3;3;7;3;8;2;19;5;3;6;7;5;33;13;30;28;108;7;6;143;3;4;3;5;5;7;5;8;10;11;10;30;3;3;13;8;6;16;8;6;23;2;2;3;5;0;1;5;3;0;1;2;0;1;14;1;2;5;3;1;4;3;2;2;7;0;2;3;3;0;3;3;0;1;1;1;1;7;2;23;0;10;4;4;8;1;0;0;2;0;12;4;3;3;0;5;6;2;3;5;83;71;;78;10;38;11;30;48;59;216;173;19;1306;4;0;3;2;0;1;0;1;0;1;1;0;0;0;1;0;5;0;0;1;0;0;1;0;3;1;0;2;3;1;0;0;4;3;1;0;9;10;0;3;1;2;10;0;0;0;1;3;0;1;0;1;0;0;0;1;0;1;0;1;1;3;0;0;1;0;0;0;1;0;1;0;1;0;2;0;3;0;0;0;0
9764;0;0;0;0;0;0;3;2;1;0;2;1;0;0;0;5;1;0;0;0;0;0;0;0;0;3;4;0;0;1;0;0;1;0;0;1;0;0;0;1;1;2;0;0;1;0;0;0;1;0;0;0;0;0;0;1;0;2;1;0;0;1;0;3;1;0;0;0;0;1;0;0;3;3;1;1;2;0;4;8;0;1;0;1;0;0;0;2;0;1;1;1;5;1;1;1;2;1;0;0;0;1;1;2;1;7;0;0;1;2;0;1;0;2;0;1;1;4;1;2;0;0;1;0;0;0;0;2;0;1;2;4;0;1;1;0;2;0;1;0;2;0;2;0;0;0;1;0;0;3;0;0;1;1;1;0;0;0;0;1;1;1;1;0;0;0;0;0;0;0;0;2;0;0;1;0;0;0;11;6;6;6;3;5;4;4;0;3;2;7;7;0;4;6;4;1;1;0;3;0;2;1;3;6;3;0;4;1;4;2;12;0;0;5;5;4;30;21;180;10;104;6;3;64;0;1;1;0;0;2;1;1;3;5;3;14;5;1;7;3;1;2;5;3;6;3;0;3;0;0;0;1;1;0;0;0;3;1;3;2;0;1;0;4;0;1;0;1;3;1;0;0;1;0;0;1;0;1;1;0;1;2;3;13;0;5;0;0;0;1;0;0;1;1;12;2;3;0;1;1;1;0;0;2;51;17;75;;4;16;4;16;67;17;26;748;7;46;1;0;0;0;1;0;0;1;0;0;1;1;1;0;0;0;0;0;0;0;1;0;0;0;3;0;1;1;2;0;1;0;3;1;0;2;0;2;2;1;0;0;8;1;2;1;2;0;0;0;0;1;0;0;0;1;0;0;0;0;1;1;0;0;0;1;0;0;0;3;0;0;0;0;1;0;0;0;0;4;0
9771;1;7;3;2;3;0;3;3;0;0;0;3;2;1;1;14;2;0;0;0;0;0;0;0;1;1;5;1;3;1;0;0;2;2;1;2;0;1;0;0;1;3;1;0;0;1;0;0;0;2;0;1;4;3;0;0;0;4;1;0;0;8;0;2;0;3;0;1;0;3;0;0;2;2;1;2;1;4;5;10;0;4;2;2;2;0;2;1;7;0;0;1;1;1;4;3;0;2;1;1;0;0;0;0;1;7;0;0;2;5;4;2;1;1;2;2;1;11;1;1;0;1;1;1;2;0;0;1;4;3;2;1;3;4;1;1;1;1;4;1;1;0;1;2;0;4;2;0;0;1;2;0;0;0;0;0;0;1;1;0;2;0;1;0;2;0;3;0;0;0;3;1;0;0;1;1;1;1;11;1;12;7;3;7;2;7;1;5;0;5;9;1;5;5;0;7;4;0;4;1;3;2;1;4;1;0;2;5;4;1;7;2;2;1;9;3;10;10;8;11;11;3;56;300;5;6;5;9;117;8;20;21;27;103;10;113;11;7;34;207;41;22;23;11;16;3;5;4;9;7;10;10;14;7;10;6;8;2;21;5;2;4;9;4;4;8;1;4;5;2;3;4;7;1;1;4;4;3;1;0;2;10;1;25;1;13;3;4;5;5;3;6;2;1;16;2;1;3;3;3;1;3;1;8;1234;12;16;12;;656;62;62;54;34;34;51;151;37;0;1;0;1;1;0;1;2;0;2;1;2;1;1;0;4;1;1;1;4;1;2;1;1;3;0;0;3;1;1;1;3;3;4;2;1;6;8;3;3;1;3;8;0;1;1;4;1;0;3;2;3;0;3;1;0;0;0;1;3;4;1;1;0;2;0;2;0;0;1;3;1;2;1;0;0;3;0;0;1;0
9772;3;4;5;1;5;1;6;5;7;2;6;3;4;1;4;29;1;3;3;0;2;0;2;0;5;8;13;1;0;0;4;3;2;3;3;2;5;1;0;0;1;6;0;1;0;0;4;5;1;1;2;2;8;1;3;6;3;6;6;2;2;7;2;12;4;5;2;5;0;3;4;2;3;5;4;6;5;5;8;15;1;10;4;9;2;0;5;3;4;1;1;6;1;1;5;4;7;9;7;3;0;4;8;6;3;12;0;3;1;1;2;4;0;3;2;8;7;14;5;10;6;6;3;5;6;3;2;5;2;6;5;6;5;3;2;4;6;2;3;1;0;0;3;2;3;3;2;0;2;0;0;2;4;6;1;0;1;4;3;1;1;3;5;0;0;0;3;0;0;0;4;2;3;0;0;2;2;1;31;15;22;16;16;8;6;5;2;7;2;18;21;0;7;11;7;10;6;4;10;4;9;4;3;14;11;3;10;6;5;5;18;11;3;7;15;7;45;18;18;11;22;7;48;370;10;8;11;22;46;19;19;16;49;74;23;293;15;11;54;55;23;34;32;19;35;11;4;7;7;1;11;14;14;5;8;5;6;5;24;2;6;6;5;6;9;8;3;8;15;3;7;9;10;3;3;4;1;8;4;5;4;13;6;45;1;22;5;3;5;3;4;15;0;4;21;7;3;5;1;5;6;6;2;11;3286;46;33;18;488;;351;330;51;29;137;226;277;43;8;2;2;2;3;1;2;0;0;3;1;3;1;2;1;2;1;2;1;3;1;2;4;0;5;1;7;6;9;0;5;0;9;6;4;6;5;12;8;12;5;3;16;6;4;1;3;2;0;3;2;5;5;2;0;3;0;0;6;5;5;4;0;2;1;1;1;1;3;1;0;1;2;4;0;3;0;1;3;0;4
9773;0;0;0;0;1;0;4;0;2;1;3;2;2;0;0;9;1;2;0;0;0;0;0;0;0;1;6;0;0;0;0;0;1;2;1;0;0;0;0;2;0;3;0;0;0;2;1;2;1;0;1;0;0;2;0;0;0;0;2;0;0;0;1;1;3;6;1;2;0;0;0;3;2;0;2;4;0;3;1;7;0;2;1;1;2;1;1;0;2;3;3;3;1;0;3;2;1;1;0;0;2;5;0;3;2;3;1;0;0;1;2;2;1;3;4;0;4;7;0;3;1;2;1;0;5;0;0;2;2;2;2;0;1;0;0;0;1;4;1;0;1;0;0;1;1;2;0;2;0;2;0;0;0;1;0;2;0;0;1;1;1;3;2;0;0;0;0;0;1;1;0;1;2;0;0;1;1;0;18;4;7;12;7;8;4;3;5;6;2;260;39;1;2;2;5;6;7;0;2;3;0;0;3;5;3;1;4;0;4;1;13;0;0;9;6;0;38;21;15;7;13;2;14;87;2;4;4;2;6;2;5;4;7;9;7;7;5;6;12;14;13;4;7;2;4;2;1;1;1;2;7;3;4;1;3;1;2;1;10;0;1;1;0;3;1;3;1;1;3;1;1;4;1;0;1;2;3;1;2;0;4;5;1;17;0;6;1;1;2;2;3;14;1;0;10;0;1;0;3;3;1;2;3;3;242;8;8;7;32;242;;217;63;4;11;19;228;8;1;0;0;1;0;0;1;0;0;3;1;2;0;0;1;0;0;1;0;3;0;1;1;2;2;4;0;1;3;2;2;4;1;3;2;0;2;5;2;3;0;4;12;1;2;0;1;2;2;3;0;0;1;1;2;0;5;0;0;0;0;2;0;0;0;0;0;0;2;0;0;0;0;2;0;0;0;1;0;4;0
9774;3;2;2;0;1;1;3;0;2;1;2;1;3;1;2;12;5;0;0;1;2;0;0;0;1;4;8;2;5;1;0;0;0;3;2;0;0;0;0;3;0;3;0;2;0;0;0;0;0;1;2;1;2;3;1;1;1;2;0;0;0;7;0;6;2;3;1;1;3;2;0;0;5;2;1;4;0;2;4;7;4;4;3;2;0;0;2;0;5;0;2;1;4;1;2;2;1;3;4;1;3;0;0;3;1;6;1;0;4;0;0;5;2;1;0;2;3;12;1;2;0;2;4;2;6;2;0;2;1;4;2;1;0;0;0;0;1;3;1;4;2;3;1;0;0;1;1;2;2;1;2;4;2;1;1;0;1;2;0;4;0;2;2;1;3;0;0;0;2;1;0;0;0;1;3;3;4;0;46;9;16;27;11;16;4;6;1;6;2;125;24;1;10;5;0;5;5;3;7;4;4;4;2;6;2;5;8;2;2;5;14;8;5;6;13;8;139;118;39;9;20;11;10;139;2;4;6;4;10;5;9;4;13;16;10;15;3;4;14;12;11;13;7;6;11;3;4;1;6;3;4;4;4;1;0;4;7;2;15;0;1;3;5;1;6;1;0;3;5;4;1;5;1;4;4;4;0;0;0;0;4;5;1;20;2;10;5;1;4;1;2;2;0;2;9;4;6;1;6;3;4;3;7;4;248;12;26;21;29;233;279;;362;11;20;200;42;23;4;1;1;1;2;0;3;0;1;2;1;0;1;0;0;1;0;1;1;1;1;0;2;0;1;1;0;4;0;2;0;1;1;1;5;4;6;8;2;3;3;3;11;0;1;0;5;2;0;3;2;2;0;0;0;1;5;0;0;1;1;1;0;3;0;0;0;1;0;2;0;2;0;2;1;1;2;1;1;0;0
9775;1;4;4;2;3;2;3;2;2;3;2;1;4;0;1;38;8;2;1;1;1;2;1;2;3;4;11;1;2;3;1;1;2;1;2;4;1;3;0;0;3;2;3;1;0;0;3;1;3;0;4;2;5;1;1;5;1;6;3;2;1;4;1;12;9;6;2;2;1;1;4;0;6;1;3;3;2;4;4;23;0;8;1;3;3;2;1;2;3;2;0;4;1;2;3;4;2;5;2;0;0;3;4;2;8;6;3;2;1;3;0;3;2;5;3;1;5;22;5;3;5;11;3;6;5;2;1;2;2;3;4;0;1;6;4;5;4;1;1;0;6;1;3;3;0;1;1;0;4;2;2;4;2;2;0;2;0;2;1;1;2;5;8;3;1;0;4;1;0;4;2;4;1;0;3;7;3;0;116;36;52;70;36;23;9;9;3;12;9;157;63;1;20;15;5;18;16;5;11;11;11;8;7;17;7;3;17;6;13;7;44;10;3;30;35;15;1489;1133;353;42;84;28;15;186;3;8;5;11;9;8;6;3;19;17;6;11;4;4;33;5;5;10;10;7;10;3;6;2;1;6;4;4;9;0;3;5;3;5;11;3;0;5;1;2;8;6;0;9;5;1;2;4;1;1;2;3;6;4;2;1;3;16;4;27;1;10;8;5;7;3;0;3;5;6;17;3;2;1;2;6;3;6;2;5;114;17;44;82;16;77;74;453;;25;57;204;52;72;8;1;1;2;3;0;0;2;0;4;2;2;1;2;0;5;1;2;1;2;1;2;3;1;5;0;1;1;1;0;0;1;7;6;3;5;2;11;2;3;5;3;14;2;2;0;6;5;0;9;0;3;1;0;1;5;1;0;1;5;2;5;0;0;2;1;4;3;1;1;2;0;1;1;0;1;1;0;0;3;1
9776;0;4;2;0;1;0;8;1;2;2;2;0;3;1;0;23;4;0;2;1;1;0;0;0;0;6;10;1;0;1;0;0;0;0;1;1;0;1;3;0;1;1;0;0;0;1;3;1;0;1;0;0;4;0;2;1;1;2;0;0;0;4;2;1;5;7;2;1;0;1;1;1;2;5;4;2;1;3;5;12;0;6;3;1;1;0;6;2;6;0;2;4;1;5;4;3;2;0;3;0;0;2;3;1;1;4;0;3;0;1;0;4;0;5;1;1;4;17;1;1;4;4;0;1;6;5;2;3;5;5;7;4;0;4;2;2;3;0;1;3;2;0;1;1;1;1;2;2;1;3;0;3;3;3;1;0;1;0;0;2;1;1;3;4;0;0;0;1;1;1;2;6;0;0;1;2;3;1;38;14;17;5;11;11;3;6;4;4;2;3;7;2;16;5;1;9;9;0;9;3;3;6;3;13;9;6;4;2;6;6;51;4;9;8;15;11;27;13;32;301;608;19;9;134;0;3;2;3;4;5;3;5;8;13;8;13;3;1;15;0;5;7;7;7;8;2;3;1;2;3;2;0;2;3;1;0;1;2;12;4;1;7;1;0;3;1;0;6;7;0;1;1;0;2;4;4;2;1;2;4;1;6;3;27;2;9;0;1;6;6;4;3;3;2;7;1;0;0;0;0;1;1;0;4;61;9;53;14;2;19;6;9;27;;26;27;7;159;6;1;0;1;0;3;1;0;2;4;0;1;1;3;0;2;3;2;1;3;0;5;2;4;7;1;3;0;3;2;3;1;2;4;2;3;3;8;2;9;0;2;12;1;1;0;3;0;1;1;0;1;2;0;2;1;1;1;0;3;0;4;0;1;0;5;1;0;1;1;3;0;1;1;1;0;2;0;0;0;0
9777;1;2;2;0;1;1;3;0;2;4;1;1;3;0;3;25;1;0;0;3;0;0;3;0;1;4;6;5;2;0;2;1;2;2;4;2;1;3;0;5;2;6;4;0;0;0;1;0;0;0;7;2;4;0;4;3;1;5;0;1;0;2;1;7;6;4;3;3;0;3;0;1;6;4;0;0;1;9;6;12;4;6;5;2;2;0;2;2;3;0;0;0;2;2;6;7;3;2;2;3;3;2;1;3;2;5;1;1;1;3;0;10;0;3;1;2;2;13;5;2;5;5;1;5;5;0;2;4;3;5;2;7;0;1;0;2;5;0;1;1;1;2;1;1;3;3;0;2;1;5;1;0;2;4;0;1;2;1;1;2;0;3;5;0;0;2;0;2;5;3;2;2;0;0;4;1;1;0;19;6;7;9;16;13;5;5;2;8;5;4;10;1;3;9;3;4;4;3;13;4;3;4;4;4;7;3;9;1;7;4;16;4;5;7;13;3;27;11;28;16;45;6;6;224;6;2;6;27;7;7;6;7;12;24;60;179;15;5;24;6;12;14;25;12;177;4;5;1;3;3;3;9;9;6;2;0;5;1;20;0;2;5;1;1;4;6;2;4;7;1;2;4;0;6;2;3;2;4;2;3;4;7;2;27;2;8;2;3;4;1;2;4;1;1;18;3;4;1;1;1;6;3;1;5;157;654;222;36;25;98;4;26;28;23;;395;8;262;6;1;0;2;2;0;0;1;1;0;3;1;0;1;1;3;1;1;0;5;0;1;0;2;1;0;1;2;1;3;5;0;6;5;2;3;4;6;2;6;0;4;10;2;3;1;6;4;0;0;0;5;1;0;0;2;0;2;3;2;0;1;2;2;2;0;2;2;3;1;1;0;0;0;0;1;1;1;0;1;0
9778;5;2;2;1;0;4;2;2;2;0;3;0;3;1;1;14;0;0;0;1;3;1;0;0;1;3;6;1;0;0;3;1;1;1;1;5;0;0;0;1;1;1;2;0;0;0;1;3;0;0;2;0;5;3;0;3;1;4;3;2;4;6;1;7;3;4;3;4;1;2;1;1;3;1;1;3;1;1;5;8;0;3;1;3;0;3;2;0;4;2;1;5;2;2;6;7;6;1;3;1;0;2;0;2;5;8;3;2;0;5;1;2;1;3;1;6;1;7;0;7;1;4;4;0;4;1;0;2;2;5;2;5;0;3;1;1;6;6;1;5;3;1;1;3;0;0;2;0;1;1;1;1;2;3;3;3;2;1;0;1;2;3;4;1;0;1;2;1;6;1;0;1;0;0;6;0;2;1;28;8;15;11;12;9;2;4;0;4;3;8;14;4;8;8;5;6;5;1;11;1;5;4;3;8;5;2;13;1;7;4;17;9;6;12;9;6;56;44;163;22;147;13;14;217;2;6;6;12;12;8;7;9;16;26;9;90;6;7;23;13;8;8;13;6;36;7;6;2;7;3;3;8;6;3;3;10;0;1;13;1;6;4;4;3;9;4;0;3;6;1;8;7;3;1;3;4;3;6;3;1;3;6;8;29;1;9;2;2;4;5;3;7;1;0;16;2;4;1;1;0;0;2;1;9;183;173;136;763;15;168;18;193;160;24;330;;13;169;6;0;0;1;1;0;0;1;2;0;2;1;1;3;4;3;6;1;1;1;0;2;0;1;1;0;3;1;2;1;6;1;0;3;4;6;3;8;5;1;3;2;7;2;1;1;3;1;0;0;1;1;6;0;5;0;1;1;0;2;3;1;0;1;0;0;3;0;0;3;4;0;4;3;1;0;0;0;3;2;2
9779;0;1;0;0;2;2;1;1;2;2;2;0;0;2;3;21;0;1;0;1;3;4;0;0;0;2;12;2;0;5;1;1;0;0;2;1;0;0;0;2;0;4;1;1;0;1;0;0;0;0;1;0;0;0;1;2;2;1;0;2;0;5;0;3;6;6;2;5;0;3;1;1;2;1;3;1;2;2;2;7;2;8;1;3;6;0;2;3;8;0;2;2;4;0;2;2;0;2;1;0;1;1;2;2;2;2;0;0;1;2;1;1;0;1;0;0;0;8;0;6;4;1;2;3;6;1;0;3;0;1;2;1;2;2;2;2;4;3;1;3;2;0;0;1;1;2;2;0;3;0;0;0;5;1;2;0;1;1;0;2;0;2;10;0;0;0;1;0;0;0;0;1;0;0;0;1;7;1;20;8;17;9;10;7;6;3;5;11;3;40;214;0;7;6;2;10;5;2;6;2;1;4;4;8;2;1;4;1;4;2;8;6;1;5;9;2;21;9;9;6;11;3;71;177;3;7;5;6;14;6;38;9;17;15;8;19;8;3;33;157;16;13;13;4;11;7;3;7;4;4;6;10;2;3;4;3;4;7;22;2;3;6;7;1;3;7;1;7;18;0;7;4;5;0;1;2;4;4;5;2;12;22;9;64;5;116;4;5;6;3;18;125;6;5;32;5;2;4;2;3;11;1;7;5;501;11;24;20;161;313;247;76;74;14;41;47;;32;4;0;2;0;0;1;0;0;0;2;0;0;0;0;0;2;1;0;1;0;0;1;1;0;1;1;0;4;2;0;1;1;7;6;0;7;0;2;4;4;0;0;8;0;0;0;3;2;1;1;0;0;2;0;2;2;4;3;1;5;2;3;1;1;0;0;2;0;1;0;1;0;1;1;2;1;2;2;2;0;1
9780;0;4;3;1;1;3;11;3;1;3;6;7;4;1;2;21;2;1;1;4;4;0;5;2;4;4;11;0;1;2;2;0;1;2;3;3;1;4;2;1;1;0;2;0;0;1;7;3;0;2;3;0;7;1;3;2;2;1;1;1;4;5;1;11;6;5;1;1;3;2;0;2;1;4;5;9;3;1;9;22;2;7;1;6;4;7;4;6;8;1;2;5;3;4;4;3;3;4;8;1;2;1;4;5;3;8;0;1;0;1;5;2;0;3;1;6;3;13;4;4;6;6;5;6;4;4;3;8;2;4;3;4;2;5;3;3;4;0;2;5;3;0;4;1;5;5;3;1;6;1;1;1;4;4;1;1;2;0;4;5;3;3;6;0;0;3;1;1;2;2;3;4;0;1;3;2;4;1;38;19;24;16;12;18;9;12;3;11;6;16;15;3;14;13;1;9;9;5;15;7;9;6;5;16;9;3;7;3;6;3;30;7;5;14;17;5;48;20;38;42;251;13;10;193;3;4;12;12;6;4;5;5;9;15;20;24;9;2;19;6;6;11;13;4;33;6;4;0;6;2;4;7;9;4;4;5;8;1;14;0;3;4;2;2;7;3;0;4;11;1;2;2;5;1;4;2;4;1;1;2;1;11;7;26;1;10;3;2;2;4;4;4;6;1;18;5;4;3;4;5;6;6;3;12;117;53;1167;67;10;38;9;23;55;177;323;253;17;;4;0;1;4;4;1;0;1;2;5;0;3;5;1;2;4;3;0;2;1;0;2;0;2;4;2;6;2;1;9;3;2;9;4;2;5;6;10;8;9;9;2;17;14;2;0;7;2;0;4;2;2;3;0;1;1;1;0;2;3;0;4;0;4;3;0;3;2;1;5;2;0;2;4;0;2;0;0;5;1;3
10041;11;13;14;1;4;2;7;4;8;3;10;4;8;3;3;95;8;4;2;3;5;1;3;5;11;14;43;4;3;8;1;2;3;6;5;5;4;3;1;4;5;3;4;2;1;1;14;4;4;5;8;5;10;2;3;6;0;6;3;7;1;28;5;50;34;36;12;14;4;7;5;6;26;9;18;20;7;15;38;114;9;50;12;22;11;12;3;4;22;3;22;15;8;2;20;8;5;9;7;5;5;10;5;10;19;37;5;2;10;7;4;13;1;13;3;16;18;119;15;45;20;13;20;17;19;19;4;22;11;21;15;9;4;19;2;17;9;3;7;7;4;5;26;12;4;22;69;11;21;14;7;14;7;144;39;16;12;104;5;94;39;24;69;10;42;10;14;72;9;20;13;17;66;69;23;21;16;74;61;26;33;15;31;24;14;20;3;9;3;4;11;7;44;29;15;45;77;4;43;15;9;11;8;47;31;6;30;6;7;5;18;17;11;11;25;6;6;8;10;16;10;4;5;102;2;0;4;3;3;3;5;3;6;9;2;4;5;5;16;2;2;2;6;3;2;2;3;3;4;2;1;3;2;0;3;2;1;2;11;1;1;1;2;3;3;3;0;7;7;4;1;1;2;0;3;0;0;2;0;2;3;11;4;24;2;6;4;3;5;2;1;3;4;1;19;4;4;1;1;4;2;0;3;6;12;3;3;1;3;6;1;5;5;8;3;5;1;6;;346;1224;1598;1166;309;1;1;0;9;1;2;0;2;2;3;0;1;3;1;1;2;6;0;7;2;9;3;5;2;4;1;3;3;4;4;3;21;1;7;4;5;44;1;3;2;9;11;0;4;2;2;3;0;0;5;3;1;4;13;3;8;1;3;2;2;2;1;1;5;3;1;1;3;0;0;7;1;4;0;1
10042;0;0;4;0;1;0;1;2;0;1;1;2;0;1;0;12;2;1;0;1;0;0;0;0;0;1;6;1;1;1;1;1;0;4;0;0;0;2;0;2;0;3;0;0;0;0;1;2;1;0;3;1;0;1;0;2;0;1;0;0;0;1;0;12;2;5;1;2;1;0;0;0;4;3;2;2;0;0;11;25;1;18;4;4;1;3;1;2;6;0;8;2;1;4;2;0;0;2;2;0;0;3;5;0;5;6;1;2;0;0;1;0;0;2;0;2;5;25;1;12;4;0;4;1;3;4;2;5;1;3;4;1;3;1;0;3;2;4;1;4;0;0;9;2;1;3;17;8;9;3;2;2;4;125;31;23;6;283;0;8;9;6;23;0;4;2;2;6;3;5;3;0;6;9;3;3;8;5;6;1;5;2;6;5;3;4;2;0;1;1;2;1;8;7;2;9;8;0;10;0;0;1;1;9;5;1;6;0;1;1;2;1;4;0;2;0;2;1;0;2;7;1;2;27;0;0;1;0;0;2;3;0;1;1;0;0;1;0;4;1;1;1;1;0;1;0;0;1;1;0;0;0;0;0;0;0;0;0;1;0;1;0;0;1;1;0;0;1;0;1;0;3;0;0;0;0;0;0;1;2;0;2;0;5;0;0;0;0;1;0;0;1;0;0;0;0;0;0;0;0;1;0;0;0;4;0;0;0;0;1;1;1;0;0;0;1;2;1;345;;80;808;48;120;1;1;0;3;3;0;0;2;0;0;0;1;0;1;0;1;0;1;1;0;1;0;1;0;1;2;1;0;1;3;3;2;0;2;1;1;7;1;0;0;0;0;0;2;0;0;0;1;1;0;0;0;0;0;0;1;0;1;0;0;2;1;1;1;0;0;0;1;0;0;0;0;0;0;0
10043;4;1;2;0;1;2;0;0;1;1;2;2;0;1;1;14;1;1;3;2;3;0;1;0;0;1;3;2;1;0;0;0;0;1;2;1;1;0;1;2;2;3;1;0;0;1;1;4;3;0;1;2;0;1;2;2;0;3;0;0;0;3;0;4;2;10;5;3;0;5;0;1;0;2;4;9;0;0;3;13;0;17;4;5;2;1;1;0;5;0;3;2;0;1;8;5;7;1;2;2;0;3;3;1;4;5;4;1;1;1;0;3;1;2;3;6;3;26;2;9;4;7;5;3;7;3;0;9;1;4;5;1;2;5;0;3;5;3;3;2;1;2;6;4;0;9;28;3;6;3;4;0;1;31;17;8;4;27;1;34;16;16;17;2;14;2;2;59;1;4;10;3;36;82;5;10;4;43;10;5;5;0;4;3;1;2;0;1;1;0;1;0;5;4;2;7;16;3;13;5;4;5;3;8;5;3;6;2;6;0;2;2;1;4;5;4;4;3;2;2;2;1;0;11;0;1;3;1;0;0;0;0;1;1;0;2;0;4;0;0;2;0;2;0;1;0;1;0;0;0;0;0;0;0;0;1;0;1;3;2;1;2;1;1;2;0;0;0;4;0;0;0;0;1;1;0;0;1;0;0;0;1;0;3;0;0;0;0;1;1;2;1;0;0;1;1;2;1;1;0;1;1;0;0;3;1;1;0;0;0;0;0;0;1;2;1;2;3;1109;74;;326;650;426;1;2;1;1;1;0;0;0;1;0;0;1;1;0;2;0;1;0;0;0;0;0;1;0;2;2;0;1;0;1;0;4;0;1;0;0;4;2;0;1;2;0;0;1;0;0;1;0;0;0;1;0;0;3;0;0;0;0;1;0;0;1;1;0;0;0;3;1;0;0;1;0;0;1;1
10044;1;5;0;0;2;0;5;1;3;1;1;0;0;2;2;24;1;2;3;0;1;1;1;3;1;3;13;1;4;2;0;2;0;1;2;2;0;2;2;3;4;1;0;0;1;4;2;4;2;0;4;0;5;1;0;1;2;4;0;1;3;7;3;14;11;11;2;6;2;8;3;3;6;5;7;8;0;2;15;31;5;16;8;9;6;5;4;6;9;1;3;6;1;0;6;4;2;7;6;3;3;9;7;3;6;16;0;4;2;4;6;2;2;2;3;2;6;34;8;13;10;7;7;2;9;7;2;9;4;5;9;4;0;5;0;4;5;0;2;0;1;1;15;6;2;6;19;9;15;6;4;3;7;87;20;6;10;61;1;32;23;7;25;8;9;2;2;21;2;6;3;8;12;20;5;6;9;11;19;11;9;3;6;5;2;5;1;4;4;2;4;0;20;14;9;14;24;3;19;8;7;3;2;17;10;6;9;4;2;2;2;9;3;3;9;7;4;1;0;3;2;2;3;28;0;4;2;0;5;1;0;0;5;4;2;1;1;2;7;0;1;1;0;0;2;0;1;0;4;0;1;0;3;0;0;3;1;0;3;0;1;1;2;0;1;2;0;1;3;1;3;1;1;0;1;1;0;0;0;0;0;2;0;8;0;1;0;0;1;2;2;0;2;1;4;3;0;1;1;1;2;0;0;2;2;1;0;1;0;2;0;0;1;3;1;2;2;2;1643;894;403;;280;250;0;0;1;2;2;3;0;2;0;2;1;3;1;1;1;3;0;0;3;0;3;1;2;0;5;0;3;0;1;0;3;7;1;2;2;1;11;0;0;3;6;2;1;2;0;4;0;0;0;0;0;3;2;4;2;1;1;1;1;1;0;0;0;0;1;0;4;1;1;3;0;3;0;1;0
10045;2;5;7;4;0;2;2;3;2;1;0;1;4;0;2;27;1;0;1;2;2;0;0;0;1;7;9;4;2;3;0;0;1;1;0;2;0;4;0;0;2;3;0;3;0;0;1;2;1;2;5;1;2;2;1;0;0;0;0;0;0;12;0;12;7;5;3;4;1;1;2;2;4;4;3;9;4;2;11;26;1;12;5;6;0;3;5;4;11;1;3;12;9;1;3;9;1;4;6;0;0;2;1;4;6;8;1;2;3;1;1;0;0;5;1;0;4;38;5;17;10;8;8;5;3;8;4;5;5;5;8;3;3;6;2;3;4;2;1;5;4;3;10;4;0;7;22;5;4;7;6;3;5;41;11;9;5;22;2;68;30;15;40;7;29;3;5;244;2;12;12;11;94;213;12;5;9;178;26;11;8;4;13;3;10;5;1;2;2;5;1;3;26;15;10;16;29;0;22;4;3;5;0;20;8;1;10;2;1;1;11;6;3;3;11;3;4;3;4;5;4;0;1;32;0;0;0;1;2;1;4;0;3;1;0;2;2;1;3;0;2;5;0;1;1;1;3;1;0;0;1;2;3;0;0;0;0;0;2;0;1;1;1;0;1;0;0;0;3;0;0;2;0;2;1;0;0;0;0;0;2;3;1;10;0;1;1;3;0;0;1;1;0;1;8;1;2;1;2;0;0;0;0;3;5;0;0;4;1;2;1;0;5;2;2;2;3;4;1050;48;654;124;;89;1;2;0;2;1;0;0;1;0;1;0;1;0;1;0;0;0;0;5;2;0;0;2;1;2;0;4;3;1;0;1;5;3;5;0;1;11;0;1;0;4;4;0;1;1;2;0;1;0;0;1;3;0;5;0;3;1;0;0;1;2;2;0;0;0;0;1;0;0;0;0;0;1;0;0
10046;0;2;0;0;0;0;5;4;0;0;2;0;0;2;0;10;0;0;3;3;1;0;0;0;1;3;3;0;0;1;0;0;2;0;0;0;0;0;0;1;0;0;0;0;0;2;1;0;0;0;1;0;4;0;1;2;0;0;0;0;0;4;0;3;0;1;4;2;4;1;0;1;7;1;4;0;1;0;6;15;1;10;3;3;1;2;1;2;4;0;2;5;1;0;3;0;0;1;2;2;3;6;1;0;3;4;0;1;3;1;0;0;0;3;1;0;6;25;4;5;8;4;5;2;0;5;0;5;4;2;4;0;0;4;1;3;2;1;0;0;0;0;6;2;0;10;152;3;8;3;3;3;0;59;21;11;4;102;3;22;18;4;31;1;5;3;0;14;2;2;5;4;16;94;3;1;5;10;8;6;4;2;1;1;2;5;1;1;1;0;3;0;9;4;1;10;9;0;13;4;1;2;1;7;3;0;7;1;2;2;5;0;5;4;4;1;2;1;1;0;2;0;0;7;0;2;1;1;0;2;0;0;1;0;0;1;2;0;3;1;0;0;0;2;0;2;1;0;1;0;0;0;0;0;0;1;0;0;1;1;0;1;0;0;0;1;0;1;0;0;0;2;1;0;0;0;0;0;0;0;2;1;0;2;1;0;0;1;1;1;0;0;0;0;1;1;0;1;0;0;0;0;0;0;2;0;2;0;0;1;1;0;1;0;3;0;1;0;299;119;384;161;84;;0;1;1;3;1;1;0;1;0;0;0;1;0;0;2;0;0;0;0;0;0;0;3;0;1;0;1;0;0;0;0;1;0;2;0;0;2;0;0;0;4;0;0;0;0;1;0;1;0;0;0;1;0;0;0;0;0;0;0;0;0;0;1;0;0;0;0;0;0;0;1;0;0;0;0
12051;3;7;2;0;0;4;2;6;3;3;5;1;1;3;1;20;2;1;0;1;1;3;1;0;0;3;11;3;5;1;0;0;1;5;5;0;2;1;0;0;1;4;0;0;2;0;2;1;2;1;2;2;1;0;0;1;0;0;0;0;0;7;5;5;4;5;3;0;1;1;0;0;1;1;7;0;0;1;3;3;2;4;2;1;1;2;0;2;0;2;2;3;4;0;3;1;0;0;4;1;3;0;4;0;1;12;2;0;3;0;0;0;0;1;2;0;0;6;1;2;0;1;0;1;1;1;0;2;1;0;1;1;0;0;1;2;2;0;2;0;0;2;0;1;0;0;0;0;0;1;0;0;2;2;0;1;0;0;0;0;0;0;1;0;0;0;0;0;1;1;0;0;0;0;2;0;0;0;3;2;0;0;0;0;1;3;0;0;1;0;2;1;1;2;1;1;1;0;4;0;0;0;2;1;1;2;2;0;0;1;2;0;1;0;3;2;0;0;1;1;1;0;1;9;0;0;0;0;0;0;0;2;0;0;0;0;0;0;0;1;1;0;1;0;0;1;0;0;0;0;0;1;1;0;0;0;0;1;1;1;0;2;0;0;1;0;0;0;1;0;0;1;0;0;0;0;0;0;0;1;0;0;1;1;1;0;3;1;0;2;1;0;0;0;1;0;0;1;2;0;0;0;0;1;0;0;1;0;0;1;0;0;1;0;0;0;0;1;4;0;0;0;0;0;;10;8;111;21;27;7;162;12;18;5;18;26;549;13;6;30;8;9;5;10;10;6;3;12;2;2;7;5;1;3;19;6;4;6;5;28;2;3;8;6;32;5;10;8;3;6;56;6;2;7;19;7;4;0;4;0;2;1;0;0;3;3;0;1;0;1;0;0;1;4;2;0;2;0
12052;8;6;5;0;1;3;3;4;6;1;8;3;5;1;3;44;7;3;6;3;0;3;0;2;2;4;17;5;2;9;0;1;5;0;1;2;0;4;0;2;2;4;0;2;9;0;8;3;3;0;0;0;0;2;0;2;1;2;3;1;0;15;1;5;28;18;1;3;4;0;2;2;20;2;7;6;1;1;7;14;2;6;4;8;1;1;3;4;6;2;5;4;5;0;13;5;4;4;1;0;1;1;0;5;9;22;1;2;12;6;2;4;2;10;4;1;4;12;1;4;0;1;1;1;3;1;0;4;3;2;4;0;0;3;0;6;3;1;4;4;3;0;3;0;0;2;0;0;3;0;0;0;0;1;2;0;0;0;0;1;2;4;0;1;0;0;0;0;8;2;0;0;1;0;0;0;2;1;14;4;6;2;7;3;3;6;1;1;1;4;2;1;4;1;4;5;4;1;4;1;1;2;1;4;4;3;3;0;2;1;5;2;4;3;3;0;5;0;4;4;1;1;2;23;1;0;0;1;0;5;0;2;1;3;0;2;1;1;7;4;0;0;1;3;0;5;1;3;4;0;0;0;1;0;1;2;1;5;4;0;0;0;2;4;0;4;3;0;2;2;1;0;1;1;0;2;0;0;1;1;0;3;0;7;0;1;4;1;0;0;0;1;0;0;2;1;3;1;0;0;3;0;0;0;4;1;1;1;1;4;0;0;1;2;1;1;1;3;3;1;0;0;0;0;16;;28;54;34;120;55;11;28;15;179;68;9;23;3;877;32;10;19;4;9;6;14;8;13;6;21;7;12;4;11;158;60;59;11;17;86;9;9;2;25;17;1;8;1;3;2;3;0;1;3;2;8;9;4;13;0;4;1;2;3;2;1;3;1;0;2;2;0;0;2;4;0;0;1
12053;2;4;7;0;0;2;1;3;4;1;1;2;3;1;3;19;4;0;0;0;4;0;2;0;0;4;22;1;1;0;0;2;1;2;0;4;0;2;0;0;2;1;1;0;0;0;1;2;1;1;1;0;1;1;4;6;1;1;0;0;0;5;1;8;9;12;0;4;3;0;4;0;8;3;0;0;0;0;4;4;0;2;0;0;0;0;2;2;1;1;2;5;0;0;6;3;3;8;0;0;1;4;0;1;3;6;0;0;3;3;0;0;0;1;2;3;2;5;1;3;0;0;0;2;2;2;0;4;1;2;1;1;1;1;0;2;4;0;1;1;0;1;1;1;1;1;0;1;1;0;0;0;0;0;0;0;0;0;0;0;0;0;2;0;0;1;1;0;0;1;1;1;0;0;0;2;2;0;3;0;4;2;4;1;0;0;1;1;0;0;1;0;2;1;1;2;2;0;1;1;3;0;0;2;1;0;2;0;0;2;2;0;4;1;1;0;1;0;0;4;1;2;1;8;1;0;0;0;0;1;1;0;3;0;0;0;0;0;1;0;1;0;1;0;0;0;0;1;1;0;0;0;0;0;0;1;0;0;1;0;0;1;0;0;0;1;0;1;2;0;0;1;0;1;0;0;1;0;1;0;0;0;1;2;0;0;0;0;0;0;0;0;1;0;1;1;3;0;0;0;1;0;1;0;1;0;0;0;0;0;0;1;0;0;1;0;0;1;4;0;0;1;0;0;15;23;;71;40;46;118;28;265;35;14;494;19;47;4;27;114;26;16;7;8;6;10;4;11;1;4;1;4;2;3;29;5;9;4;4;27;1;2;3;9;8;1;6;3;1;6;2;0;2;2;0;0;3;0;2;0;3;1;1;0;1;0;1;1;0;0;1;0;0;1;1;0;0;1
12054;10;17;18;2;4;8;9;10;6;3;14;13;9;5;4;92;14;1;4;6;4;4;1;1;2;22;43;5;5;13;0;5;2;8;4;6;7;17;0;3;3;6;3;2;3;0;9;6;3;5;2;3;6;2;2;3;0;5;2;2;0;20;3;17;2;7;5;3;1;2;0;0;7;4;9;7;4;5;17;29;3;8;2;8;2;3;3;3;11;0;1;18;0;4;4;7;3;10;6;5;2;4;7;3;15;6;0;3;0;2;4;2;2;1;8;3;5;23;5;7;4;3;3;6;7;0;1;4;7;5;8;4;5;11;1;6;5;3;5;0;4;6;3;5;1;3;2;1;5;2;0;3;4;5;2;1;0;3;1;3;3;3;9;0;0;1;1;0;1;0;4;0;1;1;3;0;9;0;12;6;8;4;10;3;3;5;3;4;3;0;2;2;8;8;1;12;11;3;7;4;4;1;0;13;6;5;4;0;2;0;6;5;3;2;11;0;7;4;4;4;7;1;2;56;0;0;5;7;2;1;1;2;8;3;3;0;1;3;10;0;3;2;6;7;2;2;7;1;0;1;1;2;5;1;0;1;0;2;9;1;1;0;2;1;3;2;3;4;6;5;3;0;1;1;3;1;3;1;4;0;1;5;1;12;0;2;1;1;2;0;0;3;2;0;3;1;1;0;0;1;1;1;1;3;9;0;2;1;0;3;1;1;3;1;3;0;0;4;4;2;0;0;1;1;151;34;29;;71;97;31;282;50;102;27;62;63;1669;31;26;317;36;53;18;38;26;46;14;55;15;9;7;16;10;5;66;10;15;16;5;102;5;8;14;31;39;4;11;6;9;22;25;4;4;9;20;21;19;5;14;1;14;1;6;1;5;1;7;4;1;1;3;4;2;1;3;7;1;0
12060;3;8;9;1;2;5;9;5;5;4;9;11;8;4;4;39;6;5;1;6;5;1;3;5;1;10;18;2;2;2;2;4;3;3;5;6;5;7;2;8;3;2;1;1;3;3;2;3;1;1;10;5;3;3;1;3;3;5;1;2;1;10;2;6;1;9;0;1;1;4;0;6;9;1;3;5;4;1;3;12;0;5;3;3;1;5;1;3;4;0;2;7;1;3;8;3;1;6;6;2;4;5;5;5;4;6;6;2;2;7;1;0;0;3;1;4;2;8;2;5;1;3;2;2;3;2;1;0;1;2;2;3;1;4;2;3;5;4;3;1;4;0;3;1;1;2;2;0;3;1;0;1;5;3;1;5;0;2;3;0;3;2;2;0;0;2;0;0;0;3;3;1;1;1;3;1;2;4;12;3;5;1;2;0;1;8;1;3;0;2;4;3;2;3;3;2;6;0;3;0;1;2;0;5;9;5;3;0;3;0;2;2;3;4;3;2;1;2;1;2;2;1;1;10;2;0;1;0;2;0;2;0;3;2;1;1;0;1;5;1;3;2;3;3;2;1;0;1;1;0;2;0;3;1;0;1;0;1;2;0;1;0;1;0;0;1;1;1;4;1;1;3;0;0;0;3;1;1;2;0;0;2;1;8;0;5;0;3;5;4;0;1;0;3;1;4;1;1;4;0;0;1;0;2;2;0;1;0;0;2;3;1;0;2;1;1;0;4;5;1;0;1;1;0;16;27;24;61;;74;13;51;393;272;23;82;44;49;18;14;40;311;29;9;58;27;63;17;113;18;5;7;10;5;10;39;7;10;7;8;47;14;6;2;17;17;4;5;3;4;14;3;6;2;9;7;13;10;3;8;0;0;0;2;3;2;2;3;2;3;0;5;1;0;4;0;3;1;5
12061;2;8;6;2;5;4;3;8;1;1;5;5;4;3;4;33;7;1;3;1;1;1;3;2;0;4;14;2;3;3;0;1;3;5;0;3;0;3;1;2;0;3;1;1;1;0;1;1;2;0;5;4;5;1;0;4;2;3;0;0;0;7;4;4;4;5;4;0;0;1;2;2;2;3;4;1;2;2;3;8;1;5;0;5;0;2;3;4;5;0;2;2;3;1;10;4;5;4;2;1;1;4;1;3;4;6;0;3;0;1;3;2;2;3;0;2;0;13;2;2;1;3;5;1;1;2;0;3;3;3;3;3;2;4;3;4;1;0;5;2;3;1;1;3;1;0;0;0;2;0;3;4;0;3;1;0;2;1;0;2;0;2;2;1;1;2;0;0;0;0;0;1;0;0;0;0;5;0;4;3;2;1;6;3;2;3;2;4;0;1;1;0;7;4;2;5;4;1;7;0;2;2;0;1;4;1;2;0;2;1;3;2;3;1;4;0;3;2;1;2;2;1;1;16;0;1;3;4;0;0;2;2;4;0;2;1;2;0;4;0;1;4;0;2;1;0;1;0;0;0;1;2;1;2;3;0;1;1;5;1;0;3;0;1;0;1;1;2;2;1;0;1;1;2;0;4;1;1;3;0;0;1;2;7;0;1;2;0;1;1;0;1;0;2;1;0;4;2;0;0;1;0;1;2;2;0;1;1;0;4;1;1;0;0;1;2;1;0;2;0;1;0;2;0;34;134;37;108;70;;69;42;112;58;179;290;24;86;14;104;455;24;20;1;24;15;27;9;43;9;4;5;7;2;7;58;20;22;23;13;45;7;16;5;21;15;2;11;13;6;9;9;3;5;4;10;24;6;5;8;1;1;1;3;1;1;0;4;1;0;1;4;1;3;3;3;4;0;0
12062;2;4;1;0;3;8;4;4;3;0;3;2;4;0;4;30;5;1;7;0;1;1;11;5;0;6;8;4;4;3;1;0;2;2;4;3;0;0;0;0;2;2;0;0;0;0;1;0;0;2;3;3;1;2;2;0;3;0;1;3;0;11;2;4;15;5;2;3;1;5;8;0;19;0;7;6;5;4;4;2;0;8;2;3;0;0;2;2;5;3;6;0;3;0;14;3;6;2;3;4;0;1;3;1;6;5;1;1;1;13;3;1;1;4;1;10;2;6;0;1;3;2;0;2;8;1;0;6;1;6;0;2;0;4;0;4;7;9;4;2;1;1;1;4;4;1;2;1;2;0;1;1;5;0;1;1;1;0;0;1;0;3;3;0;0;0;4;0;1;0;0;0;0;1;3;2;0;0;6;5;1;2;6;5;1;0;1;2;1;0;5;0;2;2;2;5;4;0;12;0;2;1;2;0;1;0;3;0;1;2;4;3;1;4;6;0;2;4;1;9;2;0;1;10;0;0;1;0;0;0;0;0;0;1;0;1;0;0;4;1;4;1;1;4;2;0;0;0;0;4;1;1;2;2;1;0;0;1;3;4;0;0;6;0;1;0;4;3;0;0;0;1;2;0;0;0;6;3;0;0;0;1;0;5;0;1;1;0;0;0;0;0;0;0;5;0;2;0;0;1;3;2;0;0;4;0;0;0;1;2;0;4;7;2;0;0;1;1;4;0;0;5;2;1;23;87;30;58;168;125;;83;140;98;228;109;32;186;10;52;171;37;8;2;6;10;8;2;7;6;14;5;23;3;7;165;27;15;145;20;104;15;88;2;18;10;3;3;3;8;7;1;2;3;2;4;47;11;4;13;1;1;1;4;6;1;1;1;0;2;2;5;0;2;1;3;2;1;4
12063;2;6;5;1;3;4;10;9;4;3;15;6;5;4;3;48;7;4;0;8;4;4;2;1;5;6;29;3;1;4;0;0;4;4;3;3;6;6;0;3;6;3;2;1;1;1;2;3;2;2;3;2;3;3;2;6;3;2;0;1;0;6;0;5;9;10;4;4;0;2;4;0;4;2;4;6;3;6;5;11;0;6;3;3;2;2;2;1;5;1;6;6;0;4;3;3;1;2;7;2;0;4;5;2;1;5;2;2;2;6;3;2;1;2;4;1;2;7;1;2;3;0;3;2;5;2;1;1;3;3;2;3;2;6;0;4;3;1;1;2;5;0;2;1;0;2;0;0;3;2;0;0;2;1;0;2;0;0;0;1;0;1;2;0;0;1;1;0;2;1;0;0;0;0;0;1;1;1;3;3;4;2;2;0;0;0;0;1;1;0;0;1;3;2;1;1;4;2;3;3;0;2;1;4;3;0;2;0;0;2;6;4;4;1;4;3;2;2;1;2;0;2;4;15;0;1;4;1;1;2;6;2;0;2;0;0;2;0;4;0;0;2;0;1;0;1;2;1;1;1;0;3;1;1;1;1;1;0;1;0;0;2;0;1;0;2;0;1;1;1;0;1;0;0;0;0;0;0;0;1;0;1;1;6;0;0;1;1;0;0;0;1;0;0;1;3;1;0;0;0;0;1;0;2;5;0;2;0;2;0;0;0;3;1;0;2;2;3;1;0;0;3;0;1;174;15;12;240;50;48;11;;34;184;7;31;147;168;41;11;58;22;29;6;27;22;26;13;37;20;5;3;10;3;5;21;9;7;5;9;32;9;8;7;19;18;8;7;10;9;11;40;3;6;5;97;18;11;4;6;0;3;2;3;1;0;3;2;4;0;0;4;2;0;2;4;0;0;2
12064;1;6;5;1;5;5;8;6;5;4;9;4;4;4;1;35;11;2;1;2;4;3;0;2;2;7;15;1;2;6;0;1;2;0;3;3;6;6;1;3;1;4;2;5;0;0;1;3;2;1;4;1;4;2;1;1;7;2;0;2;3;8;2;4;3;4;4;3;0;2;0;1;5;6;4;3;1;3;5;11;2;1;2;0;5;1;0;2;15;1;1;6;3;0;2;4;2;2;1;1;0;1;5;1;2;10;1;0;0;4;2;4;0;1;4;3;1;4;0;2;0;1;2;2;4;2;0;1;2;4;10;4;2;6;3;8;1;1;3;5;2;3;1;1;3;4;0;0;2;7;0;5;0;1;1;2;0;0;1;0;1;0;3;0;0;0;2;0;0;2;0;0;0;0;3;1;0;1;8;4;2;4;2;1;1;3;0;3;0;0;3;2;1;1;0;4;2;4;6;0;0;1;2;2;2;0;3;4;2;4;4;2;2;4;1;0;3;0;0;1;2;2;0;12;0;0;1;3;1;2;1;1;3;1;1;3;0;2;4;0;2;2;0;5;0;0;0;0;0;5;1;1;1;0;2;0;0;2;0;1;0;0;0;0;1;1;0;0;0;3;2;2;3;1;2;2;0;0;0;0;0;2;4;1;0;3;2;0;0;0;0;1;0;0;2;0;0;0;0;0;0;1;0;1;3;0;0;2;1;3;0;2;0;1;1;0;0;8;2;0;4;1;0;0;21;36;272;55;401;100;6;36;;85;12;532;19;46;20;18;60;80;31;5;45;22;43;11;71;15;8;9;4;2;8;35;13;11;10;6;43;6;5;3;19;16;1;3;7;5;10;5;3;3;8;8;10;11;4;9;0;5;0;2;1;3;5;2;5;2;0;2;1;0;1;0;5;0;5
12065;5;9;6;3;6;6;17;12;5;3;10;5;9;2;3;41;7;3;2;3;7;2;4;2;1;10;25;5;7;10;3;2;3;4;8;4;6;4;2;6;4;1;4;1;0;0;3;2;0;4;4;0;5;1;1;6;0;2;3;2;3;8;1;6;2;8;3;2;0;2;3;2;8;2;3;5;3;2;6;11;1;5;0;8;4;2;4;4;7;2;1;7;1;1;2;3;2;6;3;3;3;2;2;2;10;3;2;1;5;0;3;4;1;3;0;4;1;10;1;4;3;5;1;1;6;2;1;2;1;1;4;0;2;7;2;6;4;1;1;1;2;5;2;2;0;2;0;0;2;2;2;0;2;3;3;1;1;0;1;0;2;2;7;0;1;0;1;0;2;2;3;1;0;1;0;0;1;1;9;8;4;0;1;3;1;2;3;1;3;2;1;0;6;4;2;2;4;0;4;1;2;3;4;4;3;2;6;1;2;1;5;2;4;3;6;0;2;2;0;0;1;1;1;16;0;0;2;0;2;2;0;1;1;1;0;1;0;1;3;0;0;2;2;2;3;0;0;2;0;0;4;1;1;0;1;1;0;0;1;1;0;1;1;0;0;1;0;0;1;0;0;3;0;0;1;3;1;0;0;3;0;3;3;3;2;2;1;3;1;0;3;3;0;1;2;4;1;0;0;0;1;1;2;1;1;0;1;2;5;0;0;0;1;2;2;0;2;3;7;0;0;0;0;0;39;24;23;112;273;80;13;208;92;;15;49;281;78;36;12;52;113;36;9;138;26;52;19;95;25;9;6;8;7;6;22;13;12;4;7;28;5;4;3;20;13;5;10;7;5;8;4;4;4;13;14;16;11;7;8;0;2;3;3;5;3;4;1;1;1;2;2;1;1;6;6;2;1;0
12066;0;3;1;2;2;4;0;3;4;0;3;5;6;2;3;19;2;2;0;1;2;3;0;1;0;2;7;3;1;4;1;1;1;0;3;1;0;1;1;1;3;2;3;0;0;0;0;1;0;0;0;2;7;0;0;1;1;6;0;5;0;1;0;2;9;5;4;4;0;2;0;0;15;3;2;1;1;2;6;3;0;2;2;2;0;0;3;0;5;0;2;2;1;0;5;1;1;2;4;0;0;3;1;0;9;12;4;1;2;3;1;1;0;0;0;0;0;6;1;1;1;2;0;1;2;0;0;1;3;2;1;4;3;2;1;6;1;0;2;1;2;1;2;1;0;1;1;0;2;0;0;0;2;1;0;1;1;0;1;1;0;2;3;0;1;0;0;0;0;0;0;1;0;0;1;0;1;0;2;6;1;2;2;1;0;5;2;1;0;0;0;0;2;2;0;0;3;1;4;1;2;1;1;2;1;1;1;0;0;2;3;1;1;0;0;3;1;3;1;4;2;2;0;9;0;1;0;2;2;3;1;0;2;3;0;0;0;1;0;1;0;1;3;2;1;1;1;0;3;0;1;0;1;0;0;0;5;0;3;0;1;2;1;0;2;2;2;0;0;0;0;0;0;0;0;3;0;0;0;2;1;0;1;5;0;5;0;0;0;0;0;0;0;1;1;3;1;1;1;0;0;0;0;1;2;0;1;1;1;1;0;1;0;0;2;1;3;0;0;0;1;0;3;1;8;270;5;30;15;173;206;6;11;11;;24;8;17;3;158;32;10;16;7;5;23;15;7;13;5;11;6;15;10;7;228;174;34;71;34;59;11;15;2;21;7;3;3;6;3;8;0;1;3;3;2;10;7;3;6;0;0;0;0;2;0;0;0;0;1;0;0;1;0;2;2;2;2;3
12067;3;8;6;2;3;6;12;2;7;2;4;1;5;1;2;36;6;6;2;2;4;0;0;3;5;7;16;2;3;4;1;4;4;6;3;6;1;2;0;2;5;4;4;0;0;2;1;4;3;3;2;2;8;4;1;2;2;5;1;5;4;13;6;5;2;7;4;0;3;3;0;0;6;2;3;4;2;3;7;9;2;12;1;4;2;2;2;3;7;3;4;3;0;0;4;4;5;6;1;3;1;3;2;6;1;9;1;2;1;6;3;8;0;5;6;4;2;7;0;2;1;2;1;3;6;3;0;3;0;2;3;0;0;8;0;2;3;0;1;0;1;3;0;1;0;3;0;0;1;0;0;3;2;2;0;0;0;0;1;0;0;0;2;0;0;1;1;0;0;0;1;1;0;0;0;0;1;4;9;3;1;3;3;2;7;2;0;0;2;0;4;0;2;0;3;6;3;0;4;0;0;2;2;3;1;0;3;1;2;4;6;2;3;2;3;0;2;0;2;2;0;2;2;22;0;1;1;2;4;3;0;1;4;5;0;0;0;3;4;0;1;4;3;3;0;0;1;0;1;1;1;2;2;0;2;1;0;0;7;0;0;2;0;0;2;0;0;3;1;0;0;0;1;1;1;0;0;0;1;1;0;2;0;3;0;2;1;1;0;0;2;0;0;2;3;1;2;0;0;0;0;1;1;1;3;1;0;1;0;3;1;1;1;1;1;0;1;3;4;1;0;1;1;0;25;78;800;105;126;237;997;58;526;66;40;;29;95;19;101;1089;45;27;6;28;15;32;9;58;12;6;10;13;6;9;61;18;13;9;11;43;2;9;6;19;22;4;7;5;7;12;2;1;4;7;5;8;7;4;9;5;2;2;3;1;3;0;3;3;2;2;5;3;4;2;2;3;1;3
12068;2;5;5;1;2;2;4;5;4;0;6;0;2;3;3;40;4;4;0;3;2;3;0;6;1;5;7;4;2;1;1;2;1;2;2;3;3;7;0;3;3;3;5;0;0;0;1;0;1;1;1;4;3;2;0;0;4;4;1;1;1;7;4;2;3;6;3;3;0;1;0;0;4;2;1;2;2;2;2;3;2;5;2;2;0;1;0;1;3;4;9;1;2;1;1;3;1;4;0;2;2;3;5;3;3;4;3;1;0;2;1;2;0;0;1;1;0;7;1;2;0;0;0;1;1;1;1;1;0;1;1;0;0;1;0;6;0;0;3;0;2;0;1;0;0;1;5;0;2;1;0;0;0;1;0;1;0;0;1;0;0;2;0;2;0;0;0;0;0;0;0;0;0;1;0;0;0;0;3;0;3;0;1;2;0;0;0;1;0;0;1;0;3;2;4;3;2;0;1;0;1;1;0;2;2;2;1;0;0;0;3;0;2;0;2;1;1;3;0;0;1;0;2;4;1;0;0;0;2;0;0;1;1;0;0;0;0;0;1;0;0;0;1;0;0;1;2;0;0;0;4;1;1;1;0;0;0;0;1;0;0;0;0;0;0;0;0;0;0;0;0;0;0;0;0;2;0;0;0;0;0;2;1;1;0;2;2;0;0;0;0;0;0;0;0;1;0;0;0;0;0;0;4;1;1;0;0;0;1;0;0;0;0;1;1;3;0;0;1;0;1;1;0;0;46;9;2;62;36;15;6;108;22;211;4;19;;36;207;6;20;21;48;14;83;23;25;10;23;36;5;2;2;3;2;6;2;1;3;1;28;4;5;4;8;6;2;3;5;3;3;5;1;4;6;41;5;1;0;3;3;1;1;0;0;0;2;1;0;0;2;1;2;1;0;1;1;0;0
12069;5;12;14;0;3;3;10;6;5;4;10;15;5;2;5;63;7;3;3;7;11;4;1;1;2;12;17;4;5;7;0;3;3;7;6;5;6;9;5;8;2;6;3;4;0;2;3;4;1;3;2;2;4;2;0;2;0;3;1;0;0;15;4;9;4;8;2;1;0;0;0;3;5;7;2;2;1;2;3;17;1;4;2;6;4;1;6;0;7;0;3;7;4;6;3;5;2;3;4;3;2;7;6;1;6;5;4;2;1;3;1;0;0;3;3;1;3;15;0;5;4;3;2;4;5;2;0;2;5;4;3;4;1;9;1;2;5;2;2;1;1;3;4;2;2;0;1;0;1;3;0;0;1;1;1;1;1;0;0;1;1;2;1;0;0;1;0;0;1;3;0;0;0;0;0;1;2;0;11;5;6;2;4;3;3;3;3;2;0;2;4;2;5;3;4;8;9;1;6;0;2;3;0;8;3;0;7;3;2;6;4;2;3;3;4;1;0;2;1;7;0;1;1;34;1;0;0;1;0;3;3;1;5;3;2;0;1;0;9;0;1;3;2;4;2;1;2;0;0;1;1;4;2;1;2;1;0;0;2;0;2;2;1;3;2;1;1;2;8;0;3;2;0;3;3;1;0;1;0;1;2;3;0;10;0;2;2;2;0;0;0;0;1;0;1;0;1;1;0;7;1;1;2;2;4;1;0;1;2;3;3;1;3;3;3;2;3;5;5;0;2;0;2;0;606;18;10;1084;44;103;21;174;41;60;18;39;41;;23;14;466;21;28;6;28;23;45;15;38;15;12;6;8;9;6;34;10;8;18;8;65;4;8;14;41;34;5;26;12;5;22;66;4;13;10;19;79;15;5;12;1;5;1;5;4;4;5;2;11;0;1;8;2;1;3;3;1;0;3
12070;1;6;7;5;2;9;4;4;5;2;2;5;4;1;7;57;2;1;2;3;3;1;4;2;0;2;11;2;4;2;1;1;1;1;0;5;14;12;1;2;3;3;7;2;1;0;2;2;4;2;3;6;1;0;1;0;0;1;0;0;0;9;0;1;4;5;0;6;0;2;3;3;19;0;0;2;0;1;1;4;0;1;0;3;0;1;1;0;3;1;1;0;1;0;6;0;4;2;2;1;1;0;6;1;2;7;2;0;12;6;0;0;0;2;0;1;0;2;2;2;0;1;1;0;3;0;0;0;0;1;3;1;1;0;0;0;4;1;0;1;1;1;1;0;2;4;0;0;1;1;1;0;2;0;1;0;0;1;0;1;0;1;0;0;2;0;1;0;0;1;1;1;0;0;1;1;0;0;5;2;2;0;0;0;1;1;1;1;2;1;3;0;2;1;1;0;3;1;0;0;0;0;0;0;1;4;0;1;0;0;1;1;0;0;0;0;0;0;0;0;1;0;1;5;0;0;0;0;0;0;0;1;1;1;0;0;0;0;2;1;0;0;1;0;0;2;0;1;0;0;2;2;0;0;0;2;0;0;0;0;0;0;0;2;0;1;0;2;0;0;0;0;0;0;0;0;0;0;0;0;0;0;1;0;0;0;0;0;0;1;0;1;0;0;0;0;0;0;0;0;0;0;0;0;1;0;0;0;0;0;0;0;0;0;0;0;0;0;0;0;0;0;0;1;14;7;2;32;10;7;0;31;8;23;3;7;196;15;;3;5;10;44;46;43;23;18;18;18;167;1;2;1;0;1;6;4;2;6;3;16;2;2;4;5;19;17;1;5;2;5;11;1;2;6;107;3;6;5;2;2;0;0;0;0;0;0;0;0;0;2;2;2;0;1;0;1;1;0
12071;2;4;1;1;1;0;1;0;4;1;4;3;2;0;2;17;2;3;2;3;1;0;0;0;0;2;8;3;0;1;1;0;0;2;1;0;0;1;1;1;0;1;0;2;1;0;2;0;0;1;0;4;2;2;0;2;0;0;1;0;0;3;0;2;3;7;5;0;5;0;0;0;4;0;0;1;1;2;4;3;1;3;0;2;0;1;2;0;2;0;5;2;6;1;9;1;2;1;2;2;1;1;4;2;3;6;11;2;0;3;1;1;1;2;5;5;1;5;2;3;0;0;3;1;3;1;0;1;1;1;2;0;2;4;0;0;0;0;1;1;0;0;0;1;0;0;0;4;1;4;0;1;2;0;1;0;1;0;0;0;0;2;1;1;0;0;0;0;0;0;0;0;0;0;1;0;0;1;5;1;0;1;3;4;1;3;1;4;0;0;0;2;1;0;1;2;4;0;1;6;0;1;1;1;1;0;1;1;0;0;3;0;3;1;3;1;0;2;3;0;0;0;0;4;2;0;0;0;1;4;0;2;2;2;0;0;1;0;2;0;0;0;1;3;0;2;0;1;0;1;1;0;0;1;2;2;0;0;0;0;0;3;0;2;1;0;0;0;0;0;0;0;0;0;1;0;0;2;0;1;0;2;3;3;0;2;0;0;0;0;0;0;0;0;0;1;0;0;0;0;3;0;1;1;2;0;1;0;0;1;0;0;0;1;1;0;4;2;3;1;0;0;0;0;8;815;21;31;20;70;31;9;12;13;166;78;6;15;4;;13;6;13;1;5;5;15;6;9;3;12;4;8;5;8;116;111;112;19;18;56;8;6;2;9;5;2;2;1;2;1;3;2;3;6;5;6;3;3;5;0;4;1;1;2;1;0;0;0;0;0;2;2;1;1;0;1;0;2
12072;2;4;5;2;4;2;5;5;3;1;7;6;11;1;2;36;4;6;1;7;1;4;1;5;2;7;10;6;2;3;2;7;4;6;3;5;5;5;1;4;3;1;2;6;1;1;3;2;3;2;5;3;4;3;2;2;1;5;5;0;1;10;4;4;4;7;0;4;1;3;0;3;5;5;9;0;1;2;2;8;1;3;0;2;1;5;5;1;5;0;3;2;1;4;11;4;5;3;4;5;2;7;2;5;5;4;5;3;1;6;2;4;2;3;1;2;2;8;1;4;6;2;6;4;3;3;5;1;2;3;3;1;1;3;0;3;2;1;7;3;3;1;2;0;0;4;2;0;4;0;2;1;0;0;2;1;1;1;0;0;0;1;1;2;1;2;3;0;3;0;2;2;0;1;0;3;2;0;4;1;6;0;3;5;4;7;2;3;1;1;2;1;3;2;5;4;8;0;3;3;0;0;1;1;6;2;7;0;5;0;7;4;4;1;1;0;2;2;1;4;2;3;1;15;0;0;3;0;1;1;0;1;5;1;1;1;0;0;5;3;2;2;1;4;3;1;4;1;0;0;1;1;2;1;5;0;1;0;2;1;0;1;1;0;2;1;1;1;2;0;1;0;4;0;2;1;1;1;1;0;3;3;1;3;1;5;0;1;2;0;1;2;0;0;2;0;1;1;0;2;0;0;1;2;0;0;0;1;0;0;1;2;2;0;1;1;0;2;5;1;1;0;0;0;64;33;22;299;146;528;139;117;167;141;78;185;69;551;30;63;;67;23;4;31;13;39;8;43;8;9;4;12;4;6;35;12;14;14;5;41;2;17;7;15;19;5;19;7;10;9;10;11;5;13;8;94;8;4;9;1;3;3;2;4;4;3;2;5;5;0;4;0;0;1;1;2;2;2
12073;2;5;4;1;3;4;3;8;2;1;7;2;2;2;4;30;3;5;1;0;1;0;3;2;1;4;12;1;3;4;2;2;3;1;4;6;1;3;2;2;4;1;4;3;0;0;0;1;3;1;5;1;7;0;1;0;3;3;3;1;1;5;2;3;2;4;2;1;1;2;1;0;6;2;3;4;1;2;3;6;1;4;3;1;2;1;3;1;2;2;5;2;2;3;6;1;1;4;0;6;0;2;8;0;1;12;2;1;2;5;1;3;0;0;0;7;1;4;1;0;4;0;0;0;2;1;0;3;3;1;2;3;0;1;0;1;1;0;0;1;0;3;3;1;3;0;0;0;1;1;1;1;2;1;0;1;1;1;0;5;2;0;1;0;2;2;5;1;1;0;0;1;0;0;0;1;0;0;2;0;2;1;2;3;2;3;1;0;0;1;0;1;3;0;0;1;4;0;0;0;0;1;2;2;3;0;1;0;3;2;2;2;1;1;1;1;2;3;0;3;2;0;0;6;1;2;0;0;0;0;0;0;4;1;0;1;0;1;2;1;2;2;1;1;1;0;0;1;0;0;0;2;0;0;1;0;0;1;0;0;0;1;0;0;1;1;0;0;0;0;2;0;1;1;0;1;0;0;1;0;0;2;0;4;0;0;0;0;3;1;0;0;0;2;0;2;0;1;0;4;0;2;0;1;1;0;0;0;0;0;0;0;1;2;1;2;2;1;1;0;2;1;0;0;11;13;10;49;250;24;3;13;52;75;8;30;28;17;10;5;16;;44;8;172;20;34;10;239;11;7;3;10;4;4;22;5;5;5;1;22;7;2;1;8;10;3;1;3;1;5;3;5;4;6;5;6;7;2;3;0;2;0;1;1;2;0;2;1;0;0;1;2;0;0;3;1;0;0
13003;14;52;100;7;10;43;13;40;31;17;29;15;40;12;33;357;19;4;7;9;4;4;7;2;1;15;74;6;2;10;4;6;4;13;16;30;5;27;6;10;9;23;5;5;3;4;11;11;15;4;11;3;18;4;4;10;1;7;7;6;1;57;12;15;13;29;6;2;3;8;1;2;7;8;3;9;5;6;23;25;4;23;1;5;1;4;1;3;7;6;9;23;4;7;13;4;6;13;5;7;2;5;6;10;9;20;4;3;5;6;0;7;0;4;5;2;5;19;4;12;0;4;0;2;11;4;2;9;4;4;15;5;1;9;4;10;6;3;5;5;1;3;4;1;1;3;2;1;2;5;2;1;3;6;2;0;0;1;1;2;2;3;9;3;3;0;4;0;0;0;0;0;0;0;3;3;4;1;14;7;9;4;10;4;6;5;1;2;2;1;5;2;11;4;0;14;16;0;7;2;3;2;4;9;6;1;6;5;2;1;5;10;5;4;6;2;4;4;0;6;2;1;0;39;3;0;1;1;4;1;4;1;3;7;5;1;0;0;5;0;3;1;2;3;2;1;4;0;1;0;3;1;2;0;0;0;1;1;8;0;0;2;3;0;4;2;0;5;3;5;3;2;0;1;0;1;1;0;1;1;0;6;2;8;0;0;0;4;2;1;1;0;1;0;5;2;3;2;0;0;0;1;1;1;5;1;3;1;1;2;2;2;5;4;2;0;0;2;4;1;0;1;2;0;12;14;6;52;27;11;5;19;22;19;9;17;30;17;36;6;16;26;;189;323;3026;547;228;214;192;17;7;11;8;9;80;15;8;5;6;114;5;3;3;27;36;11;3;5;7;14;7;4;6;8;19;3;21;6;18;3;10;4;1;8;1;0;3;2;1;0;6;3;1;0;2;0;2;0
13004;14;29;58;3;7;41;6;17;17;3;30;3;16;12;23;213;7;4;5;2;3;0;1;2;0;8;31;3;8;5;1;1;2;7;4;9;8;31;1;6;7;9;7;1;5;1;10;7;2;2;4;0;1;0;3;0;2;4;3;4;1;30;7;32;21;21;4;2;1;3;0;1;8;2;7;2;0;1;6;18;6;13;4;6;2;7;0;5;3;2;12;9;1;0;16;3;3;14;1;2;0;7;5;4;17;22;2;1;13;2;1;2;0;2;3;0;3;9;0;7;0;4;2;2;4;1;0;1;1;3;5;0;0;3;1;9;5;1;3;2;2;1;2;0;0;1;0;0;4;3;0;2;2;2;2;1;0;0;0;1;0;4;5;0;2;0;1;0;0;0;2;0;0;0;0;0;0;2;12;1;7;0;0;1;1;3;1;3;1;0;4;1;6;3;1;3;8;3;3;1;0;1;1;3;1;0;5;0;5;1;3;0;0;1;1;1;0;2;1;1;1;0;0;13;0;4;0;0;1;1;0;0;0;1;2;1;0;0;4;2;0;3;2;0;0;0;3;2;0;0;0;0;0;0;0;0;0;0;3;0;0;3;0;0;1;0;0;1;1;1;1;0;1;1;1;0;0;0;1;0;0;1;0;4;0;1;0;0;0;1;0;1;0;1;2;0;0;0;1;1;0;0;0;0;2;0;1;0;1;2;0;2;3;0;1;0;0;3;4;0;0;1;2;0;3;5;2;15;5;5;0;7;5;7;1;11;12;8;32;1;2;5;285;;240;300;251;686;266;1330;7;3;6;7;2;36;1;6;4;7;48;2;1;2;12;20;6;1;4;2;5;8;2;3;5;10;3;10;0;4;2;4;0;0;2;0;0;2;2;0;0;0;0;0;0;0;1;3;0
13071;6;23;30;3;6;26;6;16;28;4;14;10;16;8;20;162;9;3;2;7;4;5;2;3;3;7;30;6;6;9;0;6;3;7;3;20;3;17;6;9;9;14;4;5;4;2;9;4;6;3;6;3;5;3;5;8;5;7;5;8;4;26;7;7;25;18;11;5;1;7;2;0;17;2;9;8;8;6;8;14;5;9;3;3;2;1;4;1;5;1;13;7;2;1;24;13;3;6;4;0;2;7;7;2;5;14;13;5;8;3;4;11;0;10;5;7;2;8;2;6;1;2;0;5;4;0;0;0;2;1;2;7;2;10;1;6;7;1;4;4;7;1;3;5;2;2;0;0;9;4;2;0;2;2;5;2;2;1;0;3;1;4;6;1;1;2;2;0;1;1;0;0;2;1;1;1;6;0;8;3;3;0;6;2;5;1;0;2;1;3;2;0;3;3;3;2;5;2;7;1;1;2;2;4;1;3;4;0;3;1;9;5;5;3;6;1;2;0;3;5;5;2;0;17;1;1;3;2;4;1;2;0;2;1;0;0;0;1;4;3;2;2;1;1;3;1;1;0;2;1;0;3;2;3;1;0;1;1;1;0;0;1;1;0;3;2;0;0;4;3;6;4;1;1;2;3;0;0;0;2;1;0;1;6;0;1;1;0;3;2;1;0;2;1;4;1;2;3;0;3;3;1;1;6;3;2;0;0;0;4;0;1;2;2;4;2;0;2;5;0;5;1;3;1;9;8;6;45;37;17;3;22;28;69;8;15;76;22;38;5;11;134;425;108;;337;260;79;724;144;15;4;8;4;12;39;10;9;8;6;72;5;7;5;31;17;6;3;6;5;15;5;4;8;3;7;5;20;4;10;1;5;0;2;0;0;2;0;6;2;0;1;1;2;5;3;3;0;2
13072;3;23;33;6;12;28;9;27;23;12;21;14;23;8;25;151;3;6;3;3;1;5;1;2;3;9;23;4;4;8;0;1;4;5;7;12;11;25;4;10;10;13;5;6;3;2;6;5;4;3;2;0;9;5;2;15;2;7;3;4;2;23;7;10;6;3;2;2;0;4;1;3;9;5;6;6;3;2;1;12;2;13;2;2;4;2;1;1;5;0;2;6;3;1;11;9;2;2;6;4;7;5;4;4;9;8;4;2;8;3;7;3;2;2;0;6;0;10;0;3;9;3;3;0;2;0;0;0;3;5;3;3;0;5;1;4;2;5;2;3;1;0;0;1;5;2;0;0;5;4;2;2;1;2;3;0;0;1;0;0;0;3;5;0;0;0;1;0;0;0;0;0;1;0;1;1;0;1;4;5;7;3;3;1;0;4;0;6;0;0;1;1;0;6;0;7;6;1;4;2;2;2;3;5;4;2;3;1;3;0;4;0;2;2;5;1;0;1;4;0;0;0;0;16;1;0;1;1;1;4;1;1;3;2;1;1;1;0;3;1;0;2;0;0;0;0;0;1;1;0;2;0;2;0;1;1;1;0;1;0;3;2;1;1;1;0;0;0;0;1;2;1;1;0;0;0;0;0;0;0;0;1;1;3;1;2;2;0;4;0;0;2;0;2;1;3;1;1;0;1;1;0;1;1;3;0;0;1;1;4;1;4;2;2;1;0;1;0;2;1;0;2;1;0;10;6;5;17;12;7;6;10;13;13;2;10;20;9;21;3;7;15;2082;158;353;;408;263;131;227;5;3;8;3;3;30;7;7;3;6;46;5;5;4;13;11;4;1;6;5;5;5;3;7;5;12;5;11;2;8;2;1;1;3;1;1;5;2;3;0;0;4;4;0;2;6;3;1;0
13073;16;30;37;1;9;20;18;34;30;10;22;15;23;13;22;205;11;6;6;3;4;2;4;4;3;13;49;5;8;9;3;4;8;6;7;19;4;20;5;11;15;18;5;4;1;3;3;5;19;2;4;3;7;6;0;9;5;5;2;5;2;42;12;12;36;9;5;5;4;5;1;2;33;2;7;7;3;8;11;13;1;9;0;2;2;5;6;4;10;2;9;9;4;4;20;8;3;5;7;3;2;8;7;7;8;9;12;2;11;13;8;13;1;5;2;6;3;14;3;5;1;6;4;6;5;2;2;6;2;3;8;1;2;7;2;10;8;2;11;10;2;0;3;3;3;2;0;0;1;1;0;1;4;1;1;0;1;2;2;1;4;3;4;2;0;2;1;0;2;2;1;3;1;0;2;4;2;1;19;6;4;1;7;5;4;3;1;7;1;2;3;3;12;8;3;5;6;2;7;2;1;1;1;6;4;0;7;2;4;3;9;3;6;8;3;2;2;3;3;6;6;3;5;22;1;4;2;1;2;1;1;1;4;2;4;1;1;1;6;2;1;5;2;0;3;3;2;0;3;2;0;2;6;1;0;2;0;0;5;1;1;4;0;0;1;2;1;3;1;0;1;2;0;2;1;6;0;1;0;1;0;2;1;8;1;1;4;5;0;2;1;1;1;3;2;4;3;0;1;3;3;4;1;1;4;4;0;1;0;9;0;1;2;2;3;4;0;3;2;0;2;2;1;1;5;4;7;26;26;18;2;14;23;18;6;18;15;17;15;4;12;22;625;84;259;338;;96;622;77;10;11;14;3;8;41;15;12;7;9;65;9;7;6;21;24;1;9;7;10;10;8;6;6;9;11;6;14;10;9;2;5;2;2;2;4;3;2;7;0;1;5;3;3;1;5;6;2;2
13074;11;39;411;9;8;127;15;112;25;15;29;19;41;11;58;248;9;4;2;3;3;3;2;1;0;9;33;6;2;4;0;1;3;11;6;17;9;18;1;5;8;13;16;3;2;1;6;8;4;1;5;4;11;6;2;5;2;5;0;3;1;22;6;5;3;3;4;2;1;5;2;1;2;5;4;2;3;5;7;8;1;13;2;2;1;1;2;1;6;0;0;6;2;0;2;4;3;9;5;1;2;7;2;3;7;11;4;0;1;3;0;8;0;5;6;3;5;9;1;2;0;2;2;0;2;1;0;2;1;0;11;0;0;6;2;2;6;2;7;3;0;3;2;2;1;2;0;1;1;0;0;0;2;5;1;0;0;0;0;0;0;2;6;0;0;0;0;0;4;0;0;1;0;0;1;0;4;0;10;4;1;5;2;3;1;2;1;3;3;0;1;0;5;4;1;1;3;1;3;0;0;0;1;2;4;1;4;2;3;2;4;1;3;1;1;0;1;0;0;0;2;0;5;14;2;2;0;0;1;0;2;1;1;0;2;1;0;2;0;1;0;2;1;1;0;0;1;0;0;0;0;0;0;0;1;0;0;1;1;0;0;1;0;0;1;0;0;1;2;1;1;2;0;1;1;2;0;0;0;0;1;2;0;4;1;0;3;1;1;2;1;0;0;0;1;0;0;0;0;0;0;0;2;0;4;1;1;0;2;2;0;0;1;0;3;1;0;1;3;0;0;1;2;2;2;2;4;9;7;3;2;4;2;7;0;9;9;8;21;1;10;15;260;574;78;237;74;;58;335;6;3;5;2;10;20;6;5;2;5;36;4;4;2;10;13;1;5;5;1;11;2;2;1;6;11;2;7;4;2;1;2;0;0;1;0;2;0;1;1;1;2;0;0;3;2;1;0;1
13075;14;49;51;8;11;23;9;22;36;14;21;21;27;18;26;209;10;2;11;12;8;4;6;0;2;24;54;13;7;10;5;3;13;8;10;19;6;21;5;10;15;26;6;4;3;0;11;5;11;10;8;6;6;4;3;6;8;7;8;5;5;33;10;13;10;17;6;4;3;0;3;6;13;8;12;7;3;4;15;17;3;16;2;7;4;3;6;1;12;1;11;14;10;2;7;6;3;14;4;3;4;15;12;10;8;20;1;1;6;10;5;4;2;5;5;6;4;20;4;6;4;7;4;2;7;2;2;4;2;7;15;5;1;11;4;13;5;2;1;3;0;6;5;1;1;0;2;4;1;3;1;1;4;6;2;3;0;3;0;3;0;4;10;2;3;1;4;0;1;3;0;4;0;0;0;3;4;1;9;3;8;3;7;3;3;10;2;4;0;1;4;1;9;10;1;6;6;3;6;3;3;4;2;11;2;0;6;2;5;2;13;3;1;5;19;2;3;0;3;4;2;0;3;29;3;1;4;1;4;0;3;3;3;4;2;1;2;0;10;2;0;3;1;5;3;5;4;1;2;0;0;1;3;3;0;3;1;2;5;1;0;2;1;0;1;2;1;0;5;1;1;1;1;3;2;0;1;0;0;0;0;10;0;6;0;2;0;1;1;3;0;1;1;0;5;4;3;2;1;2;1;1;0;3;2;3;1;0;1;2;1;0;2;2;5;1;3;4;6;2;3;2;1;0;12;13;11;60;63;19;5;16;28;41;8;32;19;19;8;7;23;201;319;101;765;141;656;59;;70;14;7;18;8;12;57;16;12;8;13;77;8;7;3;26;29;2;8;10;10;12;4;6;10;8;12;5;9;1;20;3;7;4;3;1;2;3;2;3;1;4;5;4;2;2;1;6;7;3
13076;11;27;54;9;9;191;12;23;35;12;18;19;34;8;59;353;9;0;3;6;2;3;4;2;5;11;30;8;2;10;1;2;2;9;10;32;54;157;3;10;14;16;19;10;4;0;6;5;1;1;7;9;19;4;5;6;4;5;12;4;1;29;8;8;11;15;1;6;0;2;1;0;12;3;4;5;0;5;5;14;1;6;2;3;4;2;1;2;7;1;4;4;6;4;13;10;6;8;8;7;2;4;4;5;5;7;0;3;11;7;5;4;0;2;8;1;1;5;5;3;2;3;2;1;6;2;0;0;0;2;0;0;1;4;0;4;2;2;0;3;3;2;3;2;0;0;0;0;2;3;2;0;1;1;5;0;0;1;0;0;0;3;2;0;1;0;0;0;2;0;0;0;0;0;0;0;0;1;5;4;3;1;4;1;1;2;1;2;2;0;0;0;3;3;2;4;3;0;3;1;2;0;1;4;3;0;4;0;1;1;3;5;2;3;1;2;3;2;2;2;2;1;1;12;0;0;2;1;2;1;1;1;1;2;1;0;0;1;3;1;1;4;2;1;1;0;2;0;1;0;2;4;6;0;0;2;0;1;0;0;0;2;1;0;2;0;1;2;0;0;6;1;0;1;1;2;1;0;0;1;0;1;0;4;0;5;0;0;6;1;0;0;0;0;2;3;2;0;2;0;0;0;1;0;1;1;0;0;1;0;2;0;0;1;0;3;2;3;4;0;1;0;0;0;7;4;2;17;15;6;3;11;5;10;4;7;26;11;160;1;4;9;326;1235;214;297;128;376;144;;7;2;8;7;3;16;5;3;6;4;37;2;4;3;17;15;10;6;11;2;6;8;4;7;7;22;6;7;3;8;0;3;3;2;3;3;1;2;2;0;2;3;2;1;1;4;2;1;3
14511;2;15;11;2;5;5;4;5;9;3;1;2;5;1;4;59;20;3;15;5;7;2;3;17;3;14;41;3;7;3;1;4;4;4;6;12;1;7;1;1;5;6;3;1;3;5;6;4;3;2;5;4;4;3;0;5;3;5;0;1;1;28;8;14;25;47;7;4;2;3;0;4;19;9;10;4;2;11;10;23;1;22;2;3;3;6;3;4;8;1;17;10;3;2;10;6;2;7;3;4;1;5;3;6;17;23;6;3;7;2;2;3;2;12;7;3;11;37;11;13;3;10;9;4;14;2;0;8;5;6;10;6;1;7;2;11;8;8;3;2;4;4;9;0;3;2;2;1;4;3;4;1;0;7;1;0;0;2;1;2;1;7;7;1;3;1;2;1;4;2;1;4;3;1;2;2;3;1;41;14;14;4;17;8;8;5;3;8;4;3;10;1;20;6;5;9;15;3;11;2;6;3;7;7;10;0;7;2;10;2;10;3;3;6;9;4;12;5;5;16;8;2;13;74;2;2;1;2;7;6;0;4;5;9;1;4;2;6;17;7;5;5;4;4;1;6;4;2;2;1;7;4;5;3;3;0;0;2;14;3;3;4;4;5;5;2;7;10;10;4;3;1;3;2;0;8;1;3;3;12;2;17;2;34;3;4;4;6;5;4;3;3;2;5;9;4;5;6;1;4;4;3;4;3;13;8;1;1;2;6;3;4;4;3;1;3;5;3;15;0;0;8;1;2;6;17;4;16;5;10;11;6;7;6;17;13;5;11;1;10;7;6;24;10;16;8;19;9;22;5;;2134;1219;177;876;598;122;75;137;112;714;125;237;11;66;21;6;15;5;22;15;2;8;16;12;4;12;52;35;29;9;18;6;7;8;5;3;10;9;3;4;11;7;2;9;6;8;23;33
14521;4;5;1;0;3;1;4;3;1;0;3;2;2;2;1;34;5;5;2;2;0;2;3;0;1;7;18;4;0;0;0;2;2;1;0;2;0;3;0;1;2;3;1;2;4;0;3;3;1;1;2;0;5;2;1;1;1;3;1;2;0;8;2;5;3;6;2;3;2;3;1;1;4;2;4;2;4;2;8;11;0;3;4;1;2;1;7;1;7;1;6;3;3;3;5;2;2;2;1;1;0;2;5;3;1;1;0;2;3;2;4;3;2;2;5;2;2;12;1;3;3;2;2;3;10;2;1;5;5;3;6;0;0;5;0;5;6;0;1;3;0;1;2;0;0;2;0;0;0;0;2;0;2;2;5;1;0;5;1;3;1;4;2;0;0;0;0;0;5;3;0;0;0;2;2;0;2;1;8;2;5;1;7;2;5;12;2;4;1;7;2;3;2;3;4;2;2;1;8;1;3;1;4;4;2;3;6;2;1;1;9;7;2;2;4;0;3;1;3;3;2;0;6;25;0;3;7;3;2;4;3;3;3;5;3;5;0;2;8;1;4;4;2;2;1;2;2;1;5;0;2;3;3;1;1;4;3;0;5;2;3;2;3;4;6;3;2;6;10;4;9;1;1;1;2;5;3;3;4;8;1;4;7;15;1;1;3;4;6;1;2;3;0;1;2;4;0;0;2;0;0;4;0;4;6;0;0;1;2;4;0;3;4;1;1;4;1;7;7;1;0;1;1;1;3;2;1;16;5;3;7;2;5;12;6;4;1;3;0;4;3;4;10;3;9;6;15;7;18;5;1277;;482;289;779;434;143;84;67;112;421;112;79;3;42;9;1;6;4;12;7;5;5;12;4;2;7;32;17;33;2;14;3;0;4;4;4;5;7;3;2;5;7;2;4;8;6;22;19
14522;3;4;2;1;1;3;4;9;4;2;6;3;8;3;3;47;13;3;7;2;4;1;2;4;1;13;33;4;2;10;0;10;6;4;2;3;0;5;1;5;3;4;0;3;1;1;3;0;3;1;5;1;3;0;1;1;2;4;0;2;3;12;2;12;12;10;3;8;3;3;2;0;5;9;10;7;1;2;11;15;3;14;4;8;3;9;7;4;5;2;0;6;3;4;4;4;0;4;10;2;2;5;8;8;9;9;2;3;3;5;2;5;4;5;4;4;3;20;4;6;3;4;4;3;5;1;0;4;2;9;7;5;8;6;6;10;7;0;3;3;3;0;1;0;3;4;0;1;0;2;3;3;3;3;2;1;1;3;1;2;0;3;4;0;1;1;1;0;4;3;1;2;2;0;0;1;5;1;21;8;9;2;9;5;4;9;2;6;6;6;6;0;9;9;5;8;8;0;7;5;4;3;3;8;3;0;9;7;6;1;5;5;6;6;6;4;4;4;2;4;2;0;9;35;2;0;5;4;2;1;0;2;6;4;5;5;0;3;8;2;8;6;2;4;1;0;2;2;3;0;3;4;7;2;0;0;2;5;4;3;0;2;3;1;7;3;0;5;9;4;3;2;4;2;0;4;1;2;3;4;1;11;4;17;0;4;3;2;3;2;1;1;2;3;5;1;2;1;2;0;1;2;4;3;9;1;2;0;2;3;3;0;0;6;1;1;5;4;3;1;0;1;1;2;4;15;1;14;11;19;15;7;11;6;17;8;3;10;4;15;9;8;10;6;18;11;25;10;19;8;1100;398;;69;347;724;69;51;304;201;504;269;139;8;58;19;3;9;10;14;14;4;5;20;12;2;12;29;19;25;0;9;2;3;7;2;2;5;13;1;6;9;4;4;5;14;4;13;34
14523;2;6;6;5;2;4;7;1;6;3;8;0;2;2;2;21;2;1;2;2;4;3;2;1;5;4;13;1;1;3;1;2;2;5;3;1;0;4;0;3;0;3;1;1;0;0;5;3;7;1;2;2;2;3;2;0;3;3;2;0;1;16;2;10;5;12;2;1;1;2;4;2;12;1;8;2;2;2;6;9;0;6;4;3;0;4;2;0;5;1;12;4;0;4;10;2;1;2;4;2;0;0;1;5;3;15;6;0;2;5;1;10;2;9;1;1;2;10;5;5;4;4;3;0;7;2;2;7;5;2;5;3;1;6;1;9;2;3;3;0;1;5;3;2;1;1;1;2;1;6;1;0;3;1;4;0;0;1;0;3;1;6;4;0;0;0;0;0;1;4;0;2;0;0;1;1;1;0;9;3;8;2;7;4;2;2;3;4;3;3;2;1;7;1;4;2;4;4;11;5;4;2;0;2;5;2;7;4;0;1;8;3;4;4;7;0;4;3;2;4;3;0;4;33;1;6;4;1;4;4;2;2;7;3;1;1;0;0;8;3;6;9;1;2;1;0;2;1;4;2;3;8;1;0;2;1;1;3;6;7;1;4;5;4;7;7;6;8;12;7;71;12;8;6;5;75;7;8;4;28;2;6;6;25;5;4;5;8;7;4;4;1;0;4;6;1;4;0;3;1;2;6;2;5;8;0;0;1;2;5;2;6;3;4;1;2;3;3;6;1;0;1;1;1;2;8;0;6;9;5;6;2;6;5;8;5;5;5;1;4;5;5;10;2;3;5;9;6;15;6;156;163;67;;422;228;22;18;40;17;255;31;19;1;41;14;1;9;4;24;7;4;4;7;6;5;2;30;35;35;3;10;4;2;5;5;3;3;8;2;3;7;6;6;10;11;80;214;18
14524;0;6;4;1;2;3;5;5;6;2;2;3;5;5;1;32;13;2;8;6;6;1;2;2;0;10;30;2;7;2;1;4;2;2;3;2;0;5;0;1;2;6;2;1;6;4;1;1;7;1;5;3;5;3;2;0;2;2;1;2;2;19;3;12;9;16;7;6;5;2;0;1;10;2;0;4;2;1;4;14;3;12;4;8;4;1;3;2;4;0;7;3;5;0;4;4;2;4;6;4;1;4;2;2;4;9;10;6;0;4;1;5;0;3;3;3;3;17;1;3;4;4;2;4;5;6;2;7;0;7;5;4;3;7;2;6;4;7;2;4;0;2;4;1;3;1;3;1;4;3;2;2;1;1;4;0;1;7;0;2;1;4;3;1;1;1;3;0;1;2;2;0;1;0;0;2;1;0;14;5;8;1;11;5;5;7;1;4;3;1;6;3;5;1;2;5;7;0;9;4;1;1;2;3;0;2;4;0;8;3;11;7;5;2;4;1;3;4;0;5;3;6;10;45;1;5;5;5;5;5;7;3;4;3;0;3;3;2;8;8;2;7;4;3;3;0;2;1;1;1;5;4;7;4;2;2;0;2;7;2;3;5;6;7;2;10;2;5;15;1;12;2;8;3;6;14;3;3;1;8;2;7;4;30;1;3;4;0;2;0;0;0;0;4;8;4;0;2;3;4;1;4;2;3;4;0;8;3;0;6;1;5;7;4;4;2;1;1;3;0;5;1;0;0;5;6;2;8;3;5;4;2;6;4;10;9;0;7;1;7;4;0;16;5;11;10;26;11;20;4;790;632;331;451;;305;31;30;66;40;425;89;40;5;62;30;2;16;2;28;15;4;9;13;8;5;9;47;63;50;2;19;4;6;8;1;7;13;11;4;2;9;5;3;13;22;20;141;217
14612;15;46;38;6;10;13;12;21;23;8;19;12;15;9;14;301;55;5;25;10;10;5;8;5;7;52;114;2;4;26;2;7;11;13;9;16;6;16;6;9;12;13;5;5;2;1;17;26;9;4;8;4;11;6;6;9;2;10;7;3;4;79;13;73;20;36;13;11;2;5;4;6;21;11;9;17;3;12;53;99;3;58;6;16;4;4;13;6;26;4;10;35;11;5;14;16;11;27;15;7;6;11;14;16;30;39;7;4;11;11;11;10;6;15;12;10;31;124;14;24;13;13;14;20;20;14;8;16;10;14;29;8;3;27;8;32;16;10;8;11;7;10;11;4;1;5;4;0;10;4;4;6;7;8;7;3;2;4;4;9;3;9;26;6;0;3;2;2;3;6;1;7;2;1;5;4;7;1;110;35;25;6;45;22;11;13;4;11;3;9;29;7;55;22;10;51;52;3;35;5;13;7;8;48;21;5;18;8;11;3;38;22;15;19;26;5;16;5;11;23;22;8;27;294;3;4;9;4;6;12;11;8;18;13;5;10;7;5;53;7;11;16;9;6;5;7;9;4;9;1;9;5;5;1;2;2;2;6;37;5;3;6;3;5;15;7;5;20;29;7;16;11;12;5;4;18;5;8;9;10;4;43;15;79;2;6;17;8;8;3;1;3;14;7;24;5;10;10;6;10;2;6;4;12;35;10;7;3;7;12;2;7;10;7;9;9;2;14;20;1;5;7;6;1;10;90;16;62;35;64;149;27;32;28;216;50;12;45;9;80;19;12;80;20;31;34;62;36;71;18;527;442;625;183;285;;1946;646;2367;3425;1118;169;283;23;185;97;9;23;17;29;38;13;17;44;29;12;27;115;38;110;6;59;11;16;28;14;11;26;21;9;10;32;21;4;20;24;19;25;24
14625;9;1;5;1;2;2;5;4;2;3;3;1;3;0;2;40;4;0;2;0;3;4;3;3;1;5;19;5;4;3;0;0;2;2;4;3;1;2;4;1;3;4;1;2;2;1;1;3;3;2;0;4;3;0;1;5;0;4;1;0;1;6;0;7;4;10;4;3;1;2;1;2;2;7;4;3;2;3;9;17;0;5;2;6;5;0;3;2;4;2;4;3;6;0;2;3;2;5;4;1;1;5;2;4;4;2;0;4;3;0;4;1;0;4;4;2;4;13;3;2;4;3;1;5;8;4;1;4;4;6;2;6;2;3;0;3;4;2;5;4;4;5;0;3;1;0;1;2;3;4;1;1;2;1;0;1;1;0;1;2;0;1;1;2;0;0;2;0;4;3;0;2;0;0;1;1;4;0;9;8;11;2;7;5;5;8;1;5;1;1;5;2;6;4;5;4;8;2;9;4;2;7;4;1;8;1;9;2;4;1;9;1;5;2;2;4;2;5;6;8;1;4;2;29;1;2;3;1;3;4;0;4;5;2;2;1;1;2;9;1;1;3;5;0;0;2;4;0;0;1;0;1;1;1;1;0;2;2;3;0;2;4;3;0;1;0;3;2;3;1;6;1;0;0;1;0;1;2;1;0;4;3;1;7;0;2;4;0;4;2;2;1;3;0;6;2;2;3;0;0;2;0;3;1;1;3;3;0;0;2;4;3;3;1;2;2;1;2;3;2;1;0;2;0;3;58;4;11;9;19;34;7;12;9;162;20;3;4;3;117;7;3;16;1;10;11;12;10;26;7;74;43;77;21;33;1516;;711;221;310;223;37;32;5;39;14;3;7;2;13;11;1;2;7;5;5;5;14;7;24;1;8;5;5;6;2;1;6;5;3;6;4;4;0;8;3;1;5;5
14626;3;5;3;1;1;6;2;8;5;1;4;1;4;2;7;43;6;5;5;3;1;1;0;2;0;10;26;2;1;7;0;1;2;3;2;0;0;5;3;1;4;3;1;3;4;0;2;5;2;2;4;2;4;0;0;4;3;3;3;1;1;12;4;11;20;12;4;11;5;2;2;8;24;2;1;4;3;16;6;12;4;12;3;3;2;2;6;4;4;0;7;5;4;4;2;13;0;6;2;0;2;5;4;2;7;12;8;0;5;6;3;12;0;3;1;5;6;16;7;7;4;3;6;6;4;2;2;4;0;5;17;1;1;4;2;9;5;5;5;4;4;3;4;0;4;4;5;2;4;0;0;0;5;1;5;3;1;0;2;4;2;8;3;1;1;1;4;0;3;1;1;2;1;1;0;0;6;1;12;8;7;3;4;6;5;8;2;7;3;0;5;0;10;2;2;2;14;9;5;2;4;1;2;2;7;1;6;4;7;5;10;5;3;3;4;1;5;1;1;5;10;1;9;32;1;1;4;1;4;2;1;3;7;4;1;0;1;2;6;2;4;6;1;2;0;1;1;2;4;0;2;3;4;0;3;2;0;1;6;2;4;2;4;0;2;2;1;5;5;3;4;2;2;3;0;2;3;5;0;3;3;13;6;12;0;3;1;1;2;1;3;3;3;1;2;4;4;5;1;2;1;0;1;5;6;0;2;0;0;3;1;1;6;4;3;3;1;8;5;0;0;0;0;3;7;76;11;16;5;18;17;2;11;14;26;8;4;10;4;102;12;4;22;6;11;10;24;9;24;5;59;37;65;17;37;771;687;;88;122;241;29;21;6;40;12;1;5;2;7;10;1;5;7;6;1;6;19;3;15;2;6;2;3;5;3;2;4;2;3;3;6;1;4;5;6;3;5;9
14627;1;4;6;1;3;4;8;4;2;3;4;2;4;0;2;31;3;9;5;1;1;3;1;4;0;8;12;3;3;2;0;1;4;1;2;6;0;5;1;2;0;0;1;1;0;0;3;3;4;3;1;3;3;1;3;3;5;3;2;6;0;9;3;3;6;5;2;3;1;0;0;0;7;5;7;1;3;11;5;10;2;5;1;6;1;3;3;1;7;1;4;4;7;0;3;7;2;2;3;1;2;4;6;4;6;7;2;0;1;3;2;4;0;3;2;2;2;9;2;4;2;4;3;3;6;2;3;4;2;3;3;2;1;8;2;9;5;2;2;1;3;2;2;1;0;2;1;0;1;3;2;4;4;1;8;0;0;2;0;4;0;5;3;1;0;0;0;0;1;1;0;1;2;0;1;0;2;0;9;5;6;1;6;5;6;6;1;7;0;2;4;1;6;2;1;6;4;0;7;0;1;3;0;3;0;2;7;1;2;2;6;2;3;6;3;4;0;3;0;5;8;5;4;26;2;0;4;3;1;1;3;4;3;3;0;0;2;4;10;3;2;3;3;4;1;2;6;0;1;0;1;4;4;1;5;1;1;2;3;1;0;1;2;2;1;1;2;3;4;1;2;4;1;1;3;8;2;0;6;1;1;5;2;7;0;1;3;0;2;2;2;0;2;0;3;2;4;1;0;0;0;4;1;2;6;0;0;0;1;0;0;1;1;1;0;0;1;2;7;0;1;0;0;0;0;15;4;13;8;14;172;5;7;6;78;7;5;11;0;16;11;3;8;7;16;8;32;8;24;8;121;66;367;30;56;1571;240;69;;279;282;71;184;2;42;18;2;21;3;12;12;1;9;11;9;5;16;19;12;20;0;5;3;1;0;1;1;9;5;3;4;6;4;1;4;2;3;6;7
14628;0;1;1;1;4;2;4;2;5;1;8;2;4;0;0;24;5;5;2;4;3;3;3;0;3;6;12;5;1;4;0;0;6;4;0;4;0;1;5;1;2;1;1;0;0;1;1;1;0;0;0;3;0;0;0;2;2;0;2;3;1;4;4;9;4;9;1;5;0;1;2;1;3;1;6;4;5;0;6;8;2;6;2;8;0;1;4;1;3;0;2;3;2;3;4;6;1;4;4;0;0;6;0;2;1;12;2;3;2;1;1;3;0;2;1;4;3;9;0;3;2;3;3;3;8;2;0;1;5;2;4;3;3;8;1;5;5;2;1;3;2;4;1;0;0;1;6;1;2;2;1;0;3;1;1;1;2;0;0;0;0;2;2;1;0;0;1;1;2;2;0;0;0;1;1;2;4;1;4;4;5;1;4;6;4;6;2;3;2;0;6;1;4;1;5;3;5;0;5;3;5;2;1;4;2;3;5;3;1;2;3;1;4;1;6;3;1;0;1;3;1;2;3;19;4;5;3;2;2;0;0;0;2;1;4;2;0;4;7;0;1;4;1;1;1;0;1;0;0;3;0;2;2;1;2;1;2;1;3;2;1;3;0;2;5;2;1;1;7;1;4;0;1;3;1;6;0;1;0;1;0;1;1;6;1;2;4;0;1;1;1;0;0;3;1;4;0;6;2;1;1;0;2;0;3;1;3;0;0;1;0;1;2;1;3;1;3;4;0;0;2;2;0;2;2;14;4;16;4;9;15;2;5;4;28;10;5;11;2;17;9;4;14;3;12;9;16;2;24;6;89;68;254;18;44;2195;344;114;363;;163;35;33;3;29;10;5;6;1;12;9;2;2;13;5;4;7;21;3;14;0;4;0;3;3;1;1;4;4;1;2;5;1;3;3;3;6;10;5
14713;21;46;41;5;5;16;33;21;22;9;19;19;20;6;15;360;63;12;22;21;27;13;16;10;14;74;167;12;15;35;5;10;13;23;16;18;8;28;17;15;18;11;13;15;4;5;40;26;12;10;11;12;11;10;6;9;4;12;5;8;5;105;14;98;39;67;26;17;13;12;1;4;27;18;19;21;9;20;77;162;7;56;14;28;6;9;12;17;31;2;22;48;11;4;20;27;13;37;12;7;12;26;30;22;42;52;14;12;7;9;11;14;3;12;14;14;32;181;18;46;16;19;18;17;33;15;3;27;14;20;66;19;8;45;11;60;23;9;18;20;12;21;11;14;10;9;4;4;15;7;3;7;4;20;5;8;0;4;4;11;5;16;41;4;5;5;2;4;6;7;4;6;4;2;14;4;12;4;79;16;31;16;35;27;13;19;8;17;12;5;13;6;45;23;10;49;37;4;28;11;11;5;11;63;22;8;34;6;12;9;31;22;15;27;38;10;14;13;15;19;25;9;17;268;6;8;8;9;12;11;9;12;14;13;11;11;7;10;45;3;8;22;12;8;10;9;11;3;15;5;10;14;14;0;7;6;5;7;27;7;8;7;6;6;17;11;8;27;25;16;15;15;13;7;11;24;8;9;5;4;5;25;9;70;6;10;9;10;18;4;10;5;9;7;28;7;8;9;4;6;9;5;13;21;34;1;3;3;9;14;6;5;11;7;11;8;4;12;26;2;5;11;6;5;18;57;18;90;40;36;72;28;44;29;44;36;29;63;16;43;43;19;87;33;68;39;85;30;91;26;594;335;451;198;289;862;184;168;228;166;;4005;3157;108;609;171;22;295;42;456;113;27;113;593;115;34;168;181;81;140;19;104;37;59;50;36;28;41;40;20;12;50;39;11;44;52;44;65;183
14729;2;5;3;2;1;1;3;5;6;0;2;10;1;0;4;26;3;1;2;2;4;0;4;2;1;6;17;4;4;4;1;1;2;2;3;0;0;5;1;1;5;3;2;5;1;0;3;3;4;1;5;2;7;2;2;5;5;3;1;0;1;5;3;6;5;6;4;2;2;1;1;0;5;0;4;3;0;3;6;9;0;4;0;4;0;2;1;4;1;0;0;3;2;0;3;1;1;3;1;2;2;5;2;6;7;9;1;2;0;0;1;4;3;2;3;4;1;10;2;8;2;3;3;2;5;3;0;2;1;7;4;2;1;10;1;4;2;5;3;0;1;0;1;1;1;3;1;0;3;0;0;2;0;2;2;0;2;0;0;1;0;2;3;0;0;0;1;0;0;0;0;0;0;1;0;1;2;0;12;5;3;2;7;3;1;4;1;4;1;0;1;1;2;6;1;7;10;2;9;2;2;2;2;4;3;1;4;1;3;1;1;3;4;3;5;1;3;0;3;3;5;2;2;22;3;1;1;3;0;2;1;4;2;2;5;1;4;2;3;2;1;3;0;1;2;1;0;0;0;2;3;5;1;0;0;1;2;1;5;0;1;0;2;2;1;3;2;3;4;0;3;3;5;1;1;2;1;1;1;2;0;2;3;8;0;6;2;0;8;2;2;1;2;1;2;1;2;0;3;1;3;1;2;0;5;0;0;0;2;3;0;1;4;2;1;1;1;6;2;0;1;1;2;1;3;7;1;12;8;5;19;5;4;3;7;3;4;6;1;7;6;5;9;2;11;11;23;7;17;5;105;52;311;43;84;146;37;28;66;32;2381;;475;10;98;17;1;40;6;151;9;5;21;112;15;9;26;22;20;24;2;9;2;10;11;6;8;6;5;4;4;6;8;1;7;12;4;20;167
14730;2;2;7;0;2;1;3;2;1;1;3;0;1;3;1;16;9;2;1;2;5;3;1;4;0;5;12;3;5;6;2;4;0;0;2;0;4;1;0;4;1;3;3;2;0;0;2;0;2;0;0;1;8;0;0;6;1;2;0;0;4;3;2;3;8;5;0;1;0;4;4;3;0;2;1;1;1;3;2;13;1;9;0;4;0;1;4;0;3;1;3;1;6;0;6;5;5;4;3;3;3;6;3;1;8;1;3;6;2;5;0;7;0;2;1;1;1;9;1;2;1;0;6;2;4;3;4;4;1;4;3;3;1;4;1;3;1;6;1;3;2;2;0;0;1;3;2;1;2;2;0;1;0;1;1;0;2;0;0;1;1;2;2;1;0;0;0;0;0;3;1;2;2;1;0;0;0;3;6;4;6;0;8;6;2;4;1;4;1;2;5;1;1;2;4;1;3;3;7;1;2;0;0;2;4;0;3;3;3;1;3;3;2;1;2;4;0;1;4;4;4;1;7;13;2;2;4;4;3;1;2;4;2;1;1;2;0;2;8;0;1;2;0;1;0;2;1;2;2;2;2;3;1;2;1;2;3;1;1;1;2;1;2;2;1;4;0;0;3;1;0;2;4;0;0;3;2;3;1;1;0;1;0;10;1;1;1;0;0;1;0;2;0;4;1;1;2;2;2;0;2;0;2;2;4;2;1;2;2;1;2;1;1;1;0;0;3;1;11;1;0;1;1;0;4;7;3;14;3;7;107;10;6;4;9;14;5;9;1;5;7;3;7;4;12;6;11;5;14;5;63;136;218;53;96;162;85;92;262;72;1762;507;;20;100;15;3;208;11;36;14;6;18;145;17;5;149;19;10;7;2;6;6;5;10;3;4;6;6;5;5;6;1;4;2;5;2;9;13
15001;1;2;5;0;4;3;0;2;1;1;7;4;0;1;0;28;9;1;1;3;2;3;1;1;2;3;15;5;2;0;1;3;4;2;2;1;1;0;1;2;2;0;1;1;1;0;4;4;1;2;1;2;2;2;1;4;0;1;0;0;0;8;2;9;5;7;4;2;2;0;2;5;3;2;0;7;0;2;5;12;0;3;2;5;1;4;1;0;3;0;1;5;6;2;6;3;9;5;3;0;1;3;4;2;3;9;7;0;9;4;1;3;1;5;6;2;3;8;4;5;3;0;1;0;1;4;0;1;0;5;3;3;1;3;0;2;2;4;3;1;0;0;1;1;0;1;3;1;2;1;1;0;1;3;2;2;0;0;2;1;1;4;0;0;0;4;0;1;1;0;0;2;1;0;1;0;0;0;10;0;1;1;2;2;2;3;2;0;2;3;3;2;0;7;0;0;5;2;1;3;1;3;0;1;0;0;1;1;3;0;8;3;1;2;1;0;1;2;3;2;2;1;1;21;0;2;0;0;2;2;0;0;1;1;0;0;1;0;2;0;1;0;2;1;0;0;0;0;2;0;0;0;1;0;3;0;2;1;1;0;0;0;0;1;1;3;0;1;4;0;0;0;1;0;1;1;0;0;0;1;1;3;2;6;1;2;2;2;0;0;1;0;3;0;1;3;2;1;0;2;1;1;0;1;5;0;0;0;1;3;0;0;0;0;1;2;0;2;3;0;0;3;0;0;9;4;1;12;2;7;4;7;3;3;3;3;4;21;0;3;5;1;9;2;2;5;13;2;7;0;8;5;8;2;6;40;2;2;6;5;162;13;21;;121;72;5;353;15;15;19;21;9;36;65;11;223;14;1;8;1;2;2;2;2;1;3;3;3;1;0;2;1;0;0;0;1;2;1
15002;6;25;20;0;11;0;7;9;14;5;9;7;5;7;11;143;53;7;19;11;20;8;10;13;15;44;115;5;8;23;3;10;6;11;10;15;4;13;1;6;10;8;10;9;4;3;14;16;8;0;8;4;9;3;9;8;6;6;4;2;2;39;5;32;19;55;7;7;12;5;5;5;24;7;12;7;6;9;20;45;3;24;9;18;5;1;9;5;18;1;13;24;10;4;23;15;6;16;9;5;2;10;10;12;28;56;11;11;11;8;4;6;0;7;6;9;19;57;7;13;9;14;6;6;16;6;2;10;6;10;25;6;5;19;2;23;9;8;10;7;6;12;8;8;4;2;5;0;5;9;4;4;3;15;1;2;0;2;4;5;1;7;13;2;2;1;8;3;1;6;0;3;0;1;2;4;12;3;31;8;11;5;10;10;3;12;1;8;0;5;11;0;11;9;4;14;19;6;14;8;4;2;4;17;6;5;10;5;5;5;13;6;6;3;16;4;11;5;5;4;10;1;7;69;2;3;4;4;2;1;4;4;6;3;4;6;4;2;6;3;2;7;4;4;1;2;4;0;5;3;2;2;1;1;1;4;1;1;14;1;2;3;2;2;6;2;1;11;13;4;8;2;4;3;6;2;3;2;2;3;3;19;4;21;1;2;4;1;1;3;6;1;2;6;15;5;2;2;1;1;1;1;4;0;9;0;1;1;3;5;1;2;6;2;2;2;0;2;11;1;2;5;1;0;15;11;4;33;13;21;10;10;13;14;13;15;12;26;1;13;17;8;33;16;26;15;34;17;35;12;50;31;43;28;38;183;33;26;22;22;881;83;96;85;;179;30;293;52;157;116;66;311;1912;175;52;81;69;24;57;0;28;19;34;12;13;23;13;14;8;3;15;6;3;13;19;8;13;14
15003;10;23;28;2;6;8;9;8;11;3;16;7;14;4;12;164;131;21;56;47;36;78;12;25;20;39;154;7;11;28;6;4;13;23;11;16;8;19;3;11;10;10;11;4;6;2;10;17;5;5;6;4;8;3;7;8;3;13;2;9;2;51;9;42;17;51;5;12;13;7;2;6;24;5;8;13;3;6;22;50;5;23;5;12;5;3;6;4;15;0;16;17;5;2;19;15;3;24;8;9;5;20;23;9;33;48;7;7;11;9;4;10;0;8;9;9;14;53;6;13;10;7;15;11;7;8;0;14;7;6;25;7;0;13;0;22;11;5;8;2;9;5;8;4;2;4;4;2;3;3;0;2;6;8;1;4;1;5;0;7;2;8;15;2;1;2;5;3;1;2;2;0;2;1;2;4;5;0;38;9;22;3;11;9;11;8;2;7;1;4;4;2;19;12;1;12;19;1;21;4;1;6;2;14;3;4;11;3;8;1;9;4;2;7;9;1;5;3;7;8;8;1;10;79;2;4;1;0;3;1;7;4;8;7;4;3;5;2;15;2;4;1;2;5;6;2;0;2;3;0;2;3;4;0;2;2;2;1;9;0;2;1;1;1;4;6;3;5;7;4;2;8;1;1;1;3;3;1;3;1;2;15;5;28;1;3;6;6;4;3;2;0;4;3;7;4;1;1;0;3;6;2;1;3;9;0;3;2;2;4;2;1;3;2;2;5;2;4;18;1;2;2;3;0;28;18;8;56;13;16;2;22;10;13;5;12;11;40;17;4;16;10;45;16;13;22;30;21;22;18;22;9;17;5;12;88;8;14;12;8;308;19;12;58;229;;120;122;1801;51;1403;867;60;74;775;176;39;38;7;32;2;10;7;14;5;4;8;6;14;4;2;6;5;3;5;8;4;5;2
15081;3;7;5;3;2;10;2;2;4;1;3;2;7;1;5;66;34;6;76;104;7;21;4;4;7;7;48;0;0;11;2;5;1;17;3;6;106;17;0;3;11;1;70;3;1;0;4;1;2;1;2;0;1;1;0;0;0;6;2;1;0;8;3;3;4;5;2;6;0;1;0;4;1;0;4;0;2;1;2;4;0;6;1;2;1;0;1;1;3;0;7;1;5;0;0;3;1;3;9;2;0;3;4;4;1;2;0;2;2;2;1;2;0;0;1;3;0;2;0;2;1;0;2;0;4;1;0;1;0;0;2;1;1;5;1;2;2;1;1;0;2;0;0;0;0;2;0;0;3;2;2;0;1;1;1;2;2;0;2;0;0;1;0;0;2;0;1;0;0;0;0;0;0;0;1;0;1;0;0;1;1;0;2;1;0;0;0;1;2;0;1;0;2;0;2;3;1;0;2;0;0;0;1;2;0;0;2;0;0;0;1;0;2;1;1;0;1;0;0;1;1;1;4;7;0;0;0;0;0;0;1;1;0;0;1;0;0;0;2;0;0;2;0;0;0;0;0;0;0;0;1;0;0;0;0;0;0;1;0;0;0;0;0;0;0;1;0;0;0;0;0;0;0;0;0;0;0;0;0;1;0;2;0;1;0;2;0;0;0;0;0;1;2;0;2;2;1;1;1;0;1;0;1;0;0;1;0;1;0;0;0;0;0;1;0;0;0;0;0;0;1;0;0;0;3;0;1;9;3;2;0;7;0;5;1;2;5;8;19;2;4;1;17;11;8;10;8;6;4;19;3;2;2;3;2;11;4;2;3;3;35;4;6;2;39;163;;5;128;2;31;23;7;6;28;212;5;7;0;3;0;4;1;2;1;1;3;2;1;1;3;1;0;0;2;0;0;0;0
15082;2;4;5;0;3;4;6;6;3;1;3;0;3;0;2;34;27;7;5;4;6;3;2;1;3;8;31;2;2;5;1;3;3;7;2;1;2;1;1;3;11;6;4;0;1;0;2;2;4;4;2;1;6;4;0;2;0;12;1;0;0;16;3;11;4;9;0;6;4;0;0;3;10;6;4;1;1;3;9;10;0;13;2;2;0;2;4;2;5;2;9;8;4;0;11;5;9;6;7;3;0;8;3;5;8;14;6;3;6;1;3;6;0;1;1;1;9;12;2;7;1;4;1;1;6;3;0;0;1;4;7;0;1;3;1;5;3;2;1;1;1;0;3;0;1;0;0;1;1;3;0;1;1;4;1;0;0;0;1;2;1;0;1;0;0;0;0;0;3;1;0;0;0;0;0;5;0;1;5;4;3;2;2;3;0;4;3;5;0;3;3;1;4;5;4;2;9;1;1;1;0;1;2;3;2;9;3;0;3;2;1;1;2;1;0;0;1;1;1;1;2;0;1;17;0;1;3;0;1;1;1;1;5;0;0;1;0;3;8;1;4;1;1;0;0;2;0;3;0;1;1;0;2;0;1;0;0;0;2;0;0;1;3;0;2;1;1;2;1;1;0;0;0;1;2;2;0;0;0;0;0;9;0;8;1;1;1;2;0;0;0;0;2;3;2;1;3;0;2;1;0;2;3;2;2;0;1;1;1;0;5;2;3;1;0;2;1;2;5;5;0;0;0;0;8;6;0;9;5;13;2;4;6;8;2;5;6;29;1;2;8;5;10;1;7;13;18;4;12;1;13;4;10;6;10;36;4;7;7;7;294;34;143;399;354;142;13;;28;20;52;84;35;154;220;14;187;13;8;11;0;5;0;8;4;2;4;1;5;2;3;6;4;3;3;8;4;4;3
15083;2;6;2;2;7;5;2;3;7;0;5;4;4;5;1;37;54;15;90;43;18;234;6;10;26;10;46;3;4;10;1;5;1;13;5;4;2;3;0;3;5;2;7;1;1;0;4;3;0;2;3;6;6;4;5;2;0;1;1;0;2;12;1;3;7;6;2;2;0;1;1;2;5;0;1;1;4;0;1;6;0;3;2;0;2;2;0;1;2;1;6;4;2;0;5;1;0;2;2;2;3;4;2;0;4;3;2;3;5;2;3;4;0;0;1;0;2;7;2;3;0;0;0;0;10;0;2;2;0;2;4;2;1;4;0;6;3;1;2;4;3;1;1;0;1;1;0;0;0;0;0;0;1;1;0;0;0;0;0;0;0;2;0;0;0;0;3;0;1;0;0;0;1;0;0;0;0;0;6;0;1;1;2;3;1;3;0;0;3;1;0;1;0;2;1;1;1;0;1;0;1;1;2;1;0;1;1;0;4;2;0;2;1;1;1;3;1;3;0;1;1;2;0;6;0;2;0;1;1;0;1;0;2;1;0;2;2;0;2;1;0;1;1;1;0;1;0;0;0;1;2;1;1;2;0;0;2;0;1;0;0;1;2;1;1;1;0;3;0;2;0;1;1;0;1;0;2;1;1;1;1;2;0;0;0;1;0;0;1;0;0;0;1;1;0;0;1;1;0;1;1;2;0;1;0;0;0;0;0;1;0;1;2;1;0;2;1;3;0;0;1;0;0;1;7;1;1;8;8;6;3;8;6;5;4;10;8;14;3;3;11;2;11;5;7;14;11;12;16;7;11;6;9;2;4;15;5;4;7;2;70;8;13;9;81;1348;125;26;;8;215;136;29;16;233;119;5;13;7;10;2;5;4;5;1;1;7;1;4;4;2;1;0;0;2;3;2;2;1
15084;1;2;2;0;2;1;1;2;1;2;5;3;3;0;3;26;6;1;2;1;5;5;0;6;0;6;19;4;3;4;1;5;6;3;3;3;0;0;0;1;3;1;1;3;3;1;5;1;2;9;0;2;8;0;3;1;13;9;7;0;0;14;2;5;5;7;3;6;1;1;1;3;6;2;1;3;2;1;5;8;2;4;3;4;3;1;0;3;6;2;5;3;2;3;8;6;4;1;17;4;1;5;10;5;11;6;11;1;8;5;3;5;3;1;2;7;1;8;2;4;0;8;3;2;6;3;4;3;2;3;8;4;0;4;3;3;4;1;1;4;4;2;6;3;3;3;0;2;3;1;2;0;1;3;0;0;0;0;1;2;0;5;3;0;0;1;7;0;0;2;1;0;0;0;0;1;2;1;3;2;5;2;3;4;1;4;3;1;6;2;4;0;1;3;3;3;7;1;1;0;3;0;1;3;3;2;3;0;0;4;3;2;3;0;4;0;5;4;1;3;3;0;4;13;0;2;1;1;1;1;5;3;3;1;3;1;3;1;5;2;4;1;1;4;2;3;0;2;1;3;6;2;1;0;0;0;3;0;1;1;1;1;1;0;1;2;4;2;2;0;1;1;1;3;3;2;3;1;1;0;0;3;0;11;0;7;1;1;7;2;1;1;1;1;0;6;3;6;0;2;1;1;0;2;5;1;2;1;2;5;1;1;1;0;2;6;5;1;2;0;1;2;1;1;2;3;0;12;5;6;3;4;6;2;7;6;2;8;0;3;9;5;5;3;8;3;17;5;9;6;22;15;24;14;39;45;14;14;11;6;361;114;37;10;228;34;10;23;11;;39;15;54;374;37;17;19;50;93;64;4;25;8;7;9;7;48;5;15;38;3;12;69;4;10;93;15;34;81
15085;6;8;10;1;7;4;7;5;7;6;9;4;8;5;4;52;114;29;28;30;245;56;16;15;74;74;76;5;8;29;6;3;6;14;7;7;2;12;3;3;7;6;7;1;0;2;4;8;7;4;5;2;9;2;1;7;3;1;2;4;3;19;4;8;6;9;6;4;3;12;3;4;4;2;3;5;2;2;5;12;3;6;4;5;1;2;2;5;1;0;3;8;3;1;6;1;2;8;7;4;3;10;12;8;5;10;3;3;1;3;9;7;0;2;5;6;2;14;4;3;1;2;7;3;9;3;1;2;1;3;5;2;3;8;2;12;6;2;4;4;4;3;3;1;2;3;1;0;1;2;0;2;1;3;1;2;0;1;2;2;2;3;5;2;1;0;2;0;3;1;1;0;0;0;1;1;2;0;6;5;6;2;5;2;5;1;0;6;2;2;2;1;3;3;3;2;5;3;8;0;0;1;2;1;3;1;5;1;2;1;4;5;3;1;3;2;2;3;5;4;1;0;3;18;1;2;2;4;1;2;0;3;3;4;0;0;0;0;6;1;0;7;0;3;0;2;3;0;0;0;4;2;1;1;2;0;1;0;0;2;0;1;0;2;1;1;2;0;2;0;0;1;0;0;1;4;2;0;0;0;2;6;1;11;0;0;1;0;4;0;1;1;1;2;1;5;0;1;3;0;1;0;0;4;3;0;0;0;0;3;0;0;2;1;1;1;0;0;2;1;0;1;1;0;8;1;2;18;9;9;7;10;8;8;5;4;4;11;3;2;8;3;21;5;14;13;24;16;18;10;5;12;8;4;8;53;4;7;7;8;135;8;8;104;363;730;98;138;340;163;;106;243;222;777;120;126;24;3;18;0;5;12;47;10;11;10;3;9;2;5;4;2;1;7;6;5;2;4
15086;0;2;2;1;1;2;6;5;4;0;1;3;2;0;3;22;15;2;6;8;7;8;3;2;1;6;30;3;2;8;4;1;2;7;2;3;0;2;1;2;2;0;5;1;0;0;0;0;2;0;5;2;2;1;2;2;1;1;2;1;2;6;4;2;5;7;3;1;1;2;1;3;1;2;1;2;0;0;2;4;3;0;0;1;0;1;4;1;5;7;15;1;1;1;3;1;1;2;1;2;0;3;2;1;1;7;2;1;0;2;4;0;0;5;2;4;1;3;2;0;3;5;1;0;2;0;1;2;0;1;2;0;0;5;0;2;0;0;3;0;0;0;2;0;1;2;0;0;0;4;0;2;0;0;0;1;0;1;0;0;0;2;0;0;0;0;1;0;0;0;0;0;0;0;0;1;3;0;4;1;0;0;2;0;1;0;0;1;2;1;1;1;0;4;0;1;4;0;0;0;0;1;0;3;0;3;2;0;0;0;0;1;0;1;1;1;1;0;1;2;1;3;1;4;0;0;0;1;1;0;1;0;1;1;1;0;0;0;1;0;0;2;0;0;0;0;0;1;2;0;0;0;2;0;1;0;2;0;3;0;2;3;0;0;0;1;0;1;2;1;1;1;2;1;0;0;0;1;0;0;0;1;0;4;0;0;0;2;1;0;0;0;0;0;0;0;0;0;0;0;0;1;1;1;0;0;0;0;0;2;0;0;1;1;0;0;2;0;2;0;1;0;1;0;46;3;0;19;7;9;0;25;8;7;2;3;5;46;7;3;3;4;10;5;8;6;13;5;13;4;7;9;3;1;3;15;1;1;4;2;53;4;3;23;65;614;23;95;127;5;40;;15;11;129;114;13;7;0;4;1;1;0;2;1;1;0;1;4;1;0;3;2;0;0;2;0;0;0
15087;1;1;3;1;4;1;1;4;2;3;1;4;3;2;2;17;8;4;6;1;12;5;5;2;2;23;28;1;5;4;1;1;1;4;2;2;0;4;0;1;2;0;0;0;0;2;2;1;0;1;3;3;4;0;2;4;0;3;0;5;0;8;0;1;12;5;0;3;0;2;1;1;4;0;6;1;0;2;2;5;0;3;1;4;0;0;2;3;1;0;1;0;1;1;4;1;5;2;0;0;4;4;3;1;7;7;1;1;2;4;7;0;0;1;1;1;1;4;2;2;2;4;4;2;2;2;0;5;1;0;3;1;3;1;0;12;2;3;5;2;1;1;1;0;0;2;2;0;2;0;2;2;0;2;0;0;1;1;0;1;3;5;0;0;2;0;0;0;0;2;1;0;0;1;0;1;3;1;3;1;6;0;1;2;0;2;0;0;1;0;4;0;4;2;2;0;2;0;5;0;0;0;1;0;0;1;3;0;1;1;2;2;2;1;1;1;2;0;1;4;4;3;1;13;1;1;2;1;0;0;0;2;3;2;1;0;1;2;2;0;0;0;0;1;1;0;0;0;3;2;0;1;0;2;0;0;1;0;0;0;1;0;0;0;3;0;0;1;2;0;1;0;0;0;1;2;0;1;1;0;0;0;0;6;0;1;0;2;3;2;0;1;2;0;0;1;1;1;0;2;0;4;4;2;2;1;2;0;1;2;3;0;0;1;1;3;1;2;1;2;0;1;0;1;1;3;2;8;3;5;4;2;2;4;0;7;1;4;0;0;1;2;7;1;5;3;19;6;8;2;11;4;8;1;9;34;7;7;9;4;140;11;26;15;328;61;10;27;19;50;157;26;;218;222;14;17;50;6;13;3;11;5;115;6;11;105;7;9;21;0;12;7;3;4;8;0;2;1
15088;2;5;5;0;2;6;5;4;1;1;5;2;5;1;1;28;7;3;4;2;8;2;4;2;1;11;24;2;5;7;6;1;4;7;4;5;0;0;7;2;2;1;3;0;3;1;1;2;1;0;2;2;4;2;1;3;5;1;0;0;1;4;1;5;3;9;0;0;0;0;1;0;5;2;5;6;2;0;6;9;1;5;4;3;0;4;3;2;7;1;10;3;3;1;16;5;2;3;6;3;2;3;5;5;6;9;1;0;6;2;8;1;1;1;1;4;4;5;3;1;2;3;5;3;3;2;0;2;0;4;10;2;0;5;0;2;4;0;3;1;1;1;3;0;1;2;1;0;1;4;1;1;1;0;0;0;0;0;0;2;0;2;1;0;0;2;0;0;0;0;2;3;0;1;0;3;0;1;6;2;4;1;4;3;3;3;2;2;3;0;1;1;2;3;0;0;3;0;2;0;0;1;2;5;2;4;3;0;3;1;6;4;1;3;1;1;2;0;0;2;0;2;5;11;0;2;3;2;1;0;3;1;3;0;1;1;0;0;4;4;4;1;3;2;3;1;1;0;0;0;0;0;2;0;3;0;1;0;1;0;1;3;3;1;6;1;1;4;0;1;2;1;0;1;3;4;0;1;0;0;0;2;3;10;1;2;0;1;2;2;3;2;5;0;0;2;2;1;1;1;0;0;1;1;3;3;0;0;0;1;0;1;3;2;0;2;0;3;4;2;0;0;0;0;7;2;1;9;3;7;8;2;2;2;10;7;5;13;3;2;4;3;8;4;8;12;20;7;13;4;16;9;17;7;13;39;9;7;10;13;413;87;124;28;1449;58;8;190;19;351;46;15;262;;119;12;31;26;9;16;1;11;3;10;7;5;26;7;3;9;4;9;11;2;5;8;3;6;5
15089;2;5;4;1;0;5;5;2;6;2;2;1;2;1;1;34;26;18;12;8;19;22;5;12;10;13;45;2;2;9;3;3;8;3;5;4;0;6;2;1;9;3;4;2;1;2;3;5;4;3;2;1;3;6;0;0;3;4;1;1;1;8;7;9;11;10;3;2;4;1;2;1;20;6;6;2;1;2;4;10;2;2;5;5;2;2;7;3;2;0;10;1;3;2;23;2;6;2;6;3;3;5;4;3;4;7;1;0;15;1;3;3;0;6;4;6;1;7;1;0;0;3;2;2;6;0;0;5;2;2;3;0;1;2;0;8;4;2;2;2;0;3;0;2;5;1;1;0;1;2;0;2;3;1;1;2;0;0;0;1;0;1;2;0;1;1;0;0;1;1;1;0;1;0;2;0;5;0;5;1;3;0;3;4;2;5;1;1;3;0;2;0;1;1;0;2;5;1;7;0;3;1;0;3;2;2;2;2;3;3;5;1;0;1;2;2;4;2;1;5;2;1;2;10;0;0;2;0;3;2;4;4;3;1;0;2;1;2;5;3;2;4;0;0;0;1;0;0;1;0;2;4;2;0;0;0;3;0;2;0;0;2;4;0;2;4;0;0;0;3;0;1;0;1;2;1;1;2;0;0;1;0;1;4;0;0;3;1;1;1;3;0;1;2;2;0;1;2;1;2;1;0;2;1;5;3;0;0;0;1;1;0;1;1;0;1;0;1;9;0;1;2;1;0;4;3;3;13;11;8;5;10;8;9;3;4;5;12;3;5;9;0;12;8;12;9;9;5;17;5;7;7;9;2;6;32;6;8;8;6;140;18;14;64;297;747;33;184;242;73;355;138;232;103;;76;66;21;7;13;1;4;3;11;3;7;6;0;6;4;1;4;4;0;3;3;2;3;8
15090;1;6;5;2;0;3;3;3;3;2;2;2;3;1;5;43;15;6;14;19;10;6;1;4;4;4;52;3;3;9;1;3;4;8;2;3;17;16;3;3;9;3;10;4;4;0;0;4;1;0;0;1;6;0;2;3;2;0;1;1;0;7;4;3;18;10;1;1;1;0;0;0;8;4;5;1;0;3;3;6;0;4;2;4;1;1;3;0;4;0;8;3;5;3;3;2;1;6;2;1;5;2;2;6;5;9;11;0;4;5;1;2;0;3;3;2;1;4;2;4;1;2;0;4;3;0;0;2;1;2;6;0;0;1;3;3;1;1;3;1;3;1;2;0;0;1;1;0;2;2;0;1;0;0;2;0;0;2;0;0;0;0;2;2;0;0;1;0;1;1;0;0;0;0;1;0;1;1;4;2;4;1;2;1;0;2;0;2;2;1;1;1;1;0;0;0;0;3;0;1;2;1;2;2;1;0;2;0;1;3;2;1;2;0;2;1;0;1;1;1;1;4;2;11;0;0;0;0;0;1;1;0;2;0;1;1;1;0;2;1;0;0;0;2;1;0;0;0;0;0;1;0;1;0;0;0;0;2;3;0;0;3;0;2;0;0;0;0;0;0;0;2;0;0;0;0;0;0;0;1;2;1;1;3;0;0;1;0;0;0;0;0;0;0;2;0;1;0;1;0;1;2;0;1;1;0;3;1;0;0;0;0;0;1;0;2;1;1;4;0;0;0;1;0;15;1;2;23;10;4;2;75;7;4;2;5;37;12;126;3;6;2;29;8;11;10;23;12;14;17;4;5;6;1;4;19;6;5;3;3;60;4;3;7;55;259;213;15;111;4;39;107;8;10;43;;9;8;2;6;0;3;3;2;1;4;3;3;0;1;1;3;0;1;1;3;0;2;1
15091;3;3;5;1;1;2;5;4;3;1;4;2;7;1;2;31;3;1;3;2;6;3;0;2;0;9;18;1;5;4;0;0;3;4;4;4;0;5;2;4;2;1;2;2;3;1;0;1;3;0;0;2;0;0;2;3;0;2;0;0;0;8;0;4;5;4;0;0;4;3;2;1;2;3;3;0;1;3;4;9;1;1;2;2;1;0;1;0;4;0;3;3;6;1;8;2;2;2;1;4;0;2;3;0;1;2;3;2;2;4;4;1;0;2;2;2;3;4;0;3;0;1;3;0;2;2;0;2;0;1;2;3;1;3;0;1;1;4;2;4;1;2;1;2;3;0;1;0;2;0;0;3;0;0;1;3;0;1;1;2;0;0;3;0;1;2;0;0;0;0;1;0;0;2;0;1;0;0;5;3;5;1;3;6;0;1;1;1;0;0;2;0;4;1;1;2;4;3;3;4;1;0;0;1;0;0;5;0;0;0;1;2;2;1;0;1;2;0;1;1;3;3;0;7;1;0;1;1;0;0;0;0;1;2;1;1;0;0;2;1;1;2;1;1;0;1;0;0;2;0;1;2;3;1;0;1;0;0;0;1;0;0;1;2;0;0;2;1;3;0;2;0;0;0;0;3;0;1;1;2;0;2;1;5;1;0;2;1;0;1;4;1;0;1;0;0;0;1;0;0;1;0;2;0;1;0;0;0;0;1;2;0;2;2;0;1;2;3;2;1;0;5;1;0;13;6;1;15;2;15;57;9;5;3;4;6;2;54;1;6;60;4;10;2;10;6;11;3;12;4;8;4;10;2;9;51;11;9;9;8;189;20;123;271;122;54;6;160;15;13;19;18;11;27;35;14;;13;9;14;2;1;1;2;4;0;4;3;3;1;2;2;1;2;2;4;2;1;2
16051;8;15;18;3;6;8;6;8;10;3;9;7;6;6;5;106;16;6;4;7;6;3;8;4;4;52;58;4;7;17;1;4;3;4;9;6;3;9;1;2;7;9;3;3;0;2;9;7;3;7;1;1;11;2;2;5;3;2;5;3;4;26;10;29;20;22;7;5;3;4;2;4;29;7;8;7;4;7;18;56;6;23;3;9;5;3;0;3;11;3;8;21;8;3;14;10;4;8;12;5;3;7;11;13;24;25;4;5;5;4;4;9;2;13;9;11;16;68;7;22;6;15;5;13;17;11;1;13;6;11;27;12;4;18;7;35;33;20;15;16;9;15;8;9;1;2;1;4;6;5;2;5;5;6;0;2;0;3;1;1;2;5;22;4;1;3;2;0;4;2;0;4;2;0;3;1;6;0;36;12;14;3;13;11;7;6;2;4;7;5;11;3;14;10;4;18;16;3;8;9;3;2;1;17;8;8;9;3;7;5;12;10;3;10;10;4;9;7;3;9;6;2;9;70;1;2;3;2;5;1;6;5;6;5;8;3;2;1;12;2;2;3;5;3;3;3;8;1;3;2;6;4;5;0;0;0;4;5;10;0;1;2;0;1;5;2;1;16;9;12;6;6;7;7;3;7;10;6;7;4;2;13;7;34;2;4;1;2;5;5;6;2;2;4;25;6;14;13;6;10;2;5;8;9;11;3;2;0;1;2;0;6;2;5;5;3;2;1;12;1;0;0;1;3;11;5;4;27;11;9;7;9;11;12;4;10;2;7;2;7;7;4;18;11;16;10;29;8;20;11;37;18;22;26;41;136;22;13;15;12;343;22;16;8;67;34;4;7;9;50;18;7;48;20;13;11;8;;56;166;83;256;72;72;157;262;182;134;639;662;47;544;363;32;106;62;47;44;23
16052;1;2;6;0;1;7;1;1;3;1;5;1;1;2;1;35;2;2;3;1;1;1;0;1;0;12;15;0;7;5;0;1;1;4;1;1;0;5;0;1;3;0;1;0;0;3;5;1;0;2;2;1;3;1;0;3;0;1;1;3;0;5;8;4;20;20;5;8;5;3;5;1;15;3;3;7;1;3;4;25;4;11;3;6;2;4;1;1;2;5;17;2;1;0;8;4;7;4;3;3;4;0;8;4;13;23;1;7;2;3;3;2;0;4;2;2;1;14;1;3;3;2;2;2;5;2;1;2;2;4;9;5;1;3;0;11;8;3;3;2;4;8;1;3;2;0;0;0;1;4;3;0;1;2;0;0;0;1;1;1;1;3;2;3;0;0;3;1;1;5;0;2;0;0;0;0;2;0;8;4;6;2;3;2;2;4;1;3;0;0;2;2;3;2;1;1;8;2;5;1;1;0;0;2;4;2;2;0;3;4;1;0;3;3;3;1;1;1;0;1;1;0;5;18;1;0;3;0;2;1;2;5;2;2;2;4;2;1;7;0;2;4;1;2;2;2;2;0;0;3;1;2;1;1;0;1;0;1;3;0;0;2;1;0;6;0;1;2;1;4;5;2;1;2;2;4;2;5;2;4;1;5;1;13;1;3;3;1;3;2;0;1;0;1;1;2;3;2;3;0;0;0;4;2;7;1;2;2;1;5;0;0;1;0;1;0;2;1;1;0;2;2;0;0;2;8;1;11;1;4;3;2;2;3;1;3;2;2;1;0;0;1;7;3;5;5;6;3;9;2;32;18;15;36;83;54;7;9;10;8;156;26;9;2;26;10;1;4;6;91;5;3;10;11;7;5;5;80;;94;4;25;5;6;13;11;8;15;16;6;5;28;14;6;29;151;74;706;97
16053;3;20;20;2;3;2;1;3;6;1;7;3;6;3;3;102;24;6;1;3;9;5;4;3;3;32;49;5;5;13;0;2;5;4;9;3;2;7;1;5;2;5;0;4;0;2;9;8;1;4;2;0;3;1;3;0;3;2;3;1;0;19;6;29;6;22;4;8;6;4;0;2;18;2;10;7;2;2;26;36;3;25;2;7;4;0;4;6;14;1;5;11;4;1;11;6;2;9;1;3;4;7;6;6;7;19;3;2;4;5;3;8;0;6;9;3;13;41;6;15;0;5;9;7;5;8;1;7;6;4;13;3;5;10;3;9;13;5;5;5;3;10;6;4;2;4;0;0;2;1;2;2;4;2;2;1;0;4;2;4;1;2;11;1;1;1;5;1;1;0;0;2;0;2;2;4;4;1;33;11;8;4;10;8;4;3;2;4;5;4;18;3;22;5;5;24;14;3;10;2;2;2;1;25;6;2;7;1;1;7;7;4;1;5;15;2;8;5;4;8;6;1;5;79;0;0;0;1;1;3;2;6;6;5;4;3;3;0;13;0;2;2;6;3;7;0;3;1;3;0;1;5;0;0;1;1;2;1;15;3;2;1;1;0;7;3;2;10;8;3;3;5;2;6;8;6;4;4;3;5;1;18;2;29;6;4;7;3;1;6;1;1;7;2;13;3;5;4;3;4;2;5;2;8;16;1;7;1;1;2;1;1;3;1;2;1;4;6;11;0;1;0;6;0;7;8;3;34;11;10;5;2;11;9;4;7;7;17;3;5;2;1;21;6;13;11;21;5;25;4;35;16;20;30;39;122;16;12;17;8;317;17;12;8;61;26;1;9;3;52;13;6;10;13;5;2;5;243;123;;13;176;16;11;34;26;17;41;33;24;12;55;229;7;96;790;89;54;17
16054;3;0;2;1;0;1;1;0;1;0;3;0;1;2;0;9;4;0;1;0;0;0;0;0;2;0;5;0;0;0;0;0;1;1;0;2;0;1;0;0;0;0;0;0;0;0;1;1;0;0;0;0;0;1;0;0;0;0;0;2;0;2;0;3;2;2;0;2;1;1;1;0;1;3;5;0;0;2;2;3;1;0;0;1;1;0;2;0;1;2;0;0;0;0;0;0;0;2;1;0;0;0;0;0;1;1;0;2;0;0;0;1;3;0;0;5;0;6;1;1;0;1;0;1;2;1;0;2;1;1;3;1;0;1;5;3;5;1;2;0;0;4;0;0;1;1;0;0;1;1;2;0;0;2;0;0;2;2;0;0;2;2;0;0;0;1;1;3;0;1;0;2;0;0;0;0;0;1;4;1;3;0;4;3;2;1;0;1;1;0;1;0;5;2;0;1;2;1;9;0;0;0;1;1;3;1;1;0;2;0;0;0;1;2;0;1;1;0;4;2;0;2;0;9;1;0;1;1;0;0;1;0;1;1;0;2;0;1;3;0;0;2;0;2;1;2;0;0;2;1;1;0;1;0;0;0;0;0;1;2;0;0;1;0;1;1;0;2;1;11;0;3;1;13;1;0;2;1;4;2;1;1;2;6;0;1;0;2;0;2;1;0;0;1;3;0;3;13;3;0;1;0;1;2;1;0;0;0;0;1;3;0;1;0;1;0;0;1;0;0;0;1;1;0;2;2;0;4;1;0;0;2;0;0;0;6;0;2;0;0;1;0;1;1;2;5;3;3;2;2;4;0;0;2;2;16;3;1;1;3;25;2;2;1;3;4;1;1;0;0;1;0;5;0;1;0;1;446;176;148;;140;136;99;242;238;120;437;150;73;194;218;150;62;141;59;125;136;117
16055;2;5;5;1;0;1;1;1;4;0;4;2;4;1;3;51;5;1;2;0;2;0;3;0;2;17;22;3;2;8;0;1;2;1;1;4;0;3;0;3;1;0;0;0;0;1;1;2;0;1;0;0;0;2;1;4;1;2;3;0;0;7;0;15;3;10;0;0;2;0;0;0;2;3;1;4;2;2;6;20;3;8;0;5;1;0;3;1;5;0;5;4;2;0;1;3;5;3;3;1;3;2;0;4;8;8;1;4;0;5;3;4;0;3;0;1;7;19;2;7;2;3;4;5;2;1;2;2;4;6;4;2;4;8;2;19;5;5;4;2;1;6;4;1;1;3;1;1;0;0;0;0;4;2;1;0;0;0;0;0;0;4;8;1;0;0;8;0;0;1;0;0;2;0;2;0;1;0;18;4;6;3;4;6;2;5;1;2;3;1;1;1;11;3;0;10;8;0;4;0;1;0;3;11;8;0;4;0;0;0;10;4;2;2;6;1;5;0;0;2;2;0;4;42;2;0;2;1;1;4;1;0;4;2;2;1;1;1;5;1;0;0;0;2;3;0;2;0;2;0;2;0;1;0;2;0;0;0;6;2;0;0;0;1;1;1;0;5;1;4;1;3;2;2;2;2;0;2;1;0;1;5;1;12;0;3;3;3;1;1;2;2;0;0;3;4;3;2;0;1;1;0;1;8;8;1;1;3;2;3;0;0;1;0;0;1;0;4;3;0;5;1;0;0;4;4;2;14;4;5;1;1;1;1;5;3;2;10;3;1;2;4;11;3;3;4;12;2;7;2;11;8;10;5;13;56;3;6;3;6;152;8;7;4;29;14;0;2;2;27;7;0;4;6;3;2;3;222;25;118;6;;4;8;13;14;20;16;39;82;6;40;567;5;32;39;13;13;5
16061;3;3;2;4;4;2;3;2;0;0;0;2;4;1;1;16;6;4;1;1;6;0;31;3;3;265;24;1;0;9;1;1;1;1;3;4;0;4;0;1;1;2;0;0;1;0;1;6;2;2;4;1;1;4;0;1;3;1;3;1;0;6;1;4;2;9;3;5;1;0;2;1;4;2;6;1;0;1;2;9;0;1;0;3;3;0;0;2;2;0;1;4;1;1;2;2;2;2;12;0;1;4;4;5;4;3;11;2;0;4;2;3;0;3;3;4;4;12;0;2;0;2;3;1;0;0;1;0;6;1;3;0;2;5;1;42;3;7;24;8;3;100;0;1;1;0;0;0;2;5;0;1;0;3;0;0;0;0;0;0;0;3;2;0;0;0;3;0;0;0;0;1;0;0;1;0;0;0;3;1;0;1;0;3;0;0;1;2;2;0;2;0;2;1;0;4;2;1;1;1;1;0;2;1;1;0;3;1;1;0;1;0;0;0;2;0;1;2;1;4;2;3;1;11;1;1;3;0;0;1;0;0;2;2;2;0;0;4;2;0;0;1;0;0;0;0;0;2;1;0;1;1;0;0;0;1;0;0;0;0;0;2;1;1;0;0;0;0;0;5;0;1;0;2;2;0;0;1;1;2;0;1;1;6;0;2;1;0;1;0;0;0;0;0;1;1;1;1;1;0;2;0;0;1;1;0;1;0;0;0;0;0;0;2;0;0;2;1;0;0;0;0;1;1;1;1;2;7;2;2;1;0;3;1;3;2;2;3;0;1;1;2;1;3;3;0;5;1;1;2;2;3;3;2;2;18;4;0;3;3;71;6;1;2;20;8;1;3;2;10;7;2;8;3;1;2;3;104;13;20;2;11;;103;33;174;15;9;20;9;1;11;5;2;7;1;3;1;2
16062;2;6;3;0;0;1;4;0;3;3;1;2;5;0;0;37;15;5;4;1;19;1;18;1;3;168;31;3;4;12;1;0;2;3;4;1;2;2;0;2;5;2;0;0;0;0;3;7;1;0;4;0;3;0;0;2;2;0;1;1;0;10;7;7;6;7;1;6;3;0;4;1;9;1;4;3;1;3;3;10;2;13;1;5;1;2;1;3;12;0;3;5;1;2;6;2;4;3;1;2;5;4;3;8;7;11;6;0;2;2;2;6;2;3;4;1;7;14;3;6;3;8;2;3;4;1;0;5;2;5;9;5;1;9;0;21;4;0;9;3;1;8;2;0;0;1;0;1;2;1;0;1;0;3;0;0;0;4;0;3;0;0;6;0;2;0;1;0;0;0;0;0;0;0;1;1;2;1;4;0;6;1;5;2;4;5;0;2;4;0;4;0;4;2;4;2;9;0;6;4;0;1;1;3;1;0;1;0;2;1;2;2;1;1;5;0;1;0;3;0;2;0;4;23;0;0;1;1;2;1;2;0;1;0;0;0;0;0;5;2;1;0;0;3;1;2;1;2;1;0;1;0;2;1;0;0;0;0;2;0;1;0;2;0;0;1;0;2;1;1;2;0;0;1;0;0;1;1;1;0;0;2;2;7;0;1;0;2;0;0;0;3;1;0;5;1;2;3;0;7;0;1;0;2;8;0;1;0;0;0;1;0;1;1;1;2;0;3;3;0;3;1;0;0;3;1;2;7;3;4;0;1;3;2;0;4;2;2;0;0;2;1;3;1;0;2;5;4;4;3;7;3;3;3;2;28;7;2;5;2;105;5;6;0;45;15;3;3;7;3;51;4;126;10;15;2;3;122;12;36;6;16;118;;19;60;118;9;20;14;1;16;11;2;5;7;2;6;1
16063;1;3;4;3;1;2;4;3;1;0;4;2;4;1;2;36;6;3;0;2;8;2;6;1;0;16;23;1;7;9;1;3;5;4;2;3;0;2;0;0;5;1;0;1;2;1;2;3;0;0;3;0;2;1;0;2;2;2;0;1;0;13;4;9;12;18;2;1;1;1;0;3;7;4;6;1;3;1;4;20;1;3;0;6;0;4;0;4;6;2;4;6;3;4;7;3;3;3;2;3;4;3;5;6;8;15;8;4;3;7;1;3;0;6;2;4;2;29;1;12;1;5;4;3;18;3;5;7;1;7;12;6;4;16;6;44;113;267;24;10;6;144;4;0;1;0;0;3;3;0;1;5;2;3;3;1;2;3;1;0;1;6;4;0;0;0;2;0;2;0;2;3;1;2;1;1;0;0;13;3;10;2;4;4;3;2;2;4;3;1;4;1;3;2;1;5;11;1;7;1;0;2;3;5;3;1;5;1;3;0;2;4;2;7;4;3;5;3;1;2;2;4;3;21;0;1;1;0;1;1;2;2;2;0;0;2;0;1;4;1;0;0;1;4;1;4;4;0;0;1;0;2;4;0;0;0;0;0;3;0;1;4;0;1;1;1;1;2;4;6;2;0;0;3;0;0;1;2;4;1;0;4;3;13;2;0;0;1;1;0;2;1;0;1;8;4;5;7;1;2;2;2;3;6;6;2;1;0;3;1;0;0;3;1;1;0;2;1;8;3;0;1;1;0;2;4;1;10;2;2;3;4;2;4;2;5;2;5;4;0;5;0;6;3;5;5;16;4;11;2;8;4;10;5;11;35;3;5;2;8;103;6;7;1;21;5;1;5;1;12;12;3;11;3;3;0;0;191;18;49;32;24;25;21;;120;15;299;218;17;13;49;13;9;9;5;9;4;3
16064;2;2;4;0;1;1;2;2;0;1;3;4;2;4;1;17;3;1;2;0;2;0;5;6;1;36;18;1;6;3;2;2;1;1;0;2;0;2;1;0;6;2;2;0;0;0;0;0;0;0;2;0;2;0;2;1;1;1;2;0;1;2;3;7;3;9;1;1;5;5;1;3;3;0;0;5;1;2;1;8;0;2;3;8;1;0;2;0;6;2;0;3;3;1;2;2;3;2;1;0;3;1;3;4;1;4;5;4;5;1;2;2;2;6;1;3;3;15;0;3;3;3;4;2;5;1;0;7;4;4;6;4;1;6;3;24;12;8;9;6;7;47;1;3;1;0;1;1;2;0;0;0;1;1;0;1;1;1;0;1;0;0;3;1;0;0;1;0;1;0;1;1;0;0;0;0;2;0;3;3;4;0;2;0;2;0;2;2;2;1;2;0;2;1;0;1;1;1;1;1;1;0;0;1;2;0;3;3;2;0;2;6;0;2;2;3;1;0;2;1;1;2;3;14;0;0;0;0;0;1;4;2;2;0;0;0;0;0;1;1;0;0;1;1;3;0;1;0;0;0;0;0;1;0;1;0;0;0;2;0;0;1;0;0;0;0;0;0;1;4;0;0;0;1;2;2;1;0;0;2;0;2;3;3;0;1;2;0;0;3;1;0;0;0;2;1;4;3;2;1;3;0;0;0;3;1;1;0;0;0;1;0;0;1;1;1;1;1;4;0;0;0;0;0;0;0;1;2;0;0;2;3;2;2;3;3;0;2;1;0;0;2;3;3;8;1;9;4;2;4;4;6;3;9;8;25;5;3;0;2;69;5;1;0;13;6;0;1;3;3;6;1;12;3;2;1;1;238;11;43;12;18;164;64;118;;104;12;147;43;7;29;17;6;9;8;7;3;5
16065;1;1;0;0;0;0;0;1;2;0;0;1;1;0;3;11;4;4;0;0;1;0;6;2;1;16;11;2;2;2;0;5;1;3;2;0;2;1;0;1;3;2;1;0;0;0;2;8;1;0;1;0;2;0;1;0;0;0;0;0;0;2;3;2;1;3;1;1;1;2;0;0;1;1;0;0;0;1;4;3;1;0;0;3;0;2;4;1;1;0;0;0;1;2;0;2;1;2;5;1;1;4;6;2;7;2;2;1;0;1;0;6;0;0;2;1;0;7;0;4;2;1;1;1;2;1;0;1;0;3;4;0;0;2;2;5;2;4;4;2;1;2;0;0;1;0;0;0;1;2;0;0;2;2;0;0;0;1;0;1;0;2;2;0;0;1;0;0;0;0;0;0;0;0;0;1;0;2;4;0;1;0;1;1;1;0;1;2;1;1;0;0;0;1;2;2;0;3;0;4;0;0;0;0;1;0;5;0;1;0;3;1;0;0;3;0;1;1;0;3;2;0;0;5;0;2;0;1;0;0;2;0;0;0;0;1;0;2;2;1;2;1;0;2;1;0;0;0;0;0;0;1;0;0;0;1;0;0;2;1;0;0;2;2;1;0;0;0;1;0;0;0;0;3;0;0;0;0;0;1;0;3;0;3;0;1;0;0;1;0;1;0;1;1;2;0;0;2;0;0;1;0;0;1;2;2;0;0;0;2;0;0;0;2;0;0;1;1;3;0;3;5;0;0;0;0;0;1;3;0;0;3;1;1;0;3;0;0;0;1;2;0;1;1;3;4;5;0;4;1;7;1;4;4;2;10;2;1;3;1;43;5;5;2;35;12;1;7;3;42;17;4;125;23;11;4;1;163;18;19;5;21;20;136;16;117;;11;26;116;2;23;14;9;4;5;1;1;3
16066;0;2;1;0;2;6;2;3;2;0;3;4;1;0;0;21;2;1;1;0;2;0;0;1;0;10;9;1;3;0;4;3;3;2;5;0;0;2;5;0;1;2;0;1;0;0;3;1;1;2;4;0;3;2;1;1;1;1;2;0;1;3;1;5;3;6;1;2;1;4;1;0;3;1;2;2;0;1;5;11;1;8;0;0;2;0;1;1;4;0;5;1;2;2;9;2;2;4;5;0;1;2;2;6;3;6;6;5;5;2;3;4;2;0;3;1;3;26;0;4;2;3;3;6;10;6;3;7;3;8;8;3;2;7;7;8;59;23;5;5;0;15;1;0;1;0;9;0;1;0;1;2;3;5;0;0;0;1;0;2;1;1;4;1;1;1;3;0;2;0;0;0;1;0;3;1;4;0;16;4;4;1;7;6;3;5;0;1;2;1;1;1;6;1;3;4;8;2;3;1;0;0;1;1;0;0;1;0;2;2;5;0;0;4;1;2;2;5;0;2;3;4;3;21;0;2;4;4;0;1;2;0;4;2;0;1;0;1;5;0;2;4;1;3;2;0;1;0;2;1;1;2;3;2;3;1;1;0;1;1;3;1;3;0;1;6;0;8;4;23;0;6;2;20;2;2;3;1;4;1;1;7;2;20;0;3;4;1;3;3;3;0;1;13;23;5;19;96;5;4;2;6;14;7;5;0;1;1;0;3;3;1;2;4;2;2;2;3;4;0;0;1;1;1;2;3;1;3;5;2;0;2;2;1;1;0;1;1;0;0;3;1;3;4;5;6;10;6;8;2;9;4;6;4;9;25;1;7;4;6;52;8;3;2;12;6;1;1;3;4;1;0;3;4;1;1;0;200;24;38;267;23;11;10;287;20;10;;106;13;162;82;14;26;26;19;5;9;5
16067;1;5;3;4;5;1;3;4;2;2;2;0;1;0;0;22;2;1;3;0;1;0;2;3;3;8;12;1;4;3;0;1;1;0;3;0;4;1;0;1;1;1;1;1;1;2;4;5;1;0;0;5;6;2;1;2;4;4;2;1;0;7;0;7;2;6;1;5;2;1;0;0;7;5;1;0;3;1;2;7;0;7;0;8;0;1;2;3;2;0;0;1;1;0;3;3;0;2;1;2;2;2;1;1;6;5;1;1;2;1;1;0;1;3;2;1;3;15;5;3;1;6;5;2;5;2;0;5;3;4;8;5;3;4;4;13;5;10;8;10;4;22;2;1;1;1;1;0;1;0;1;1;3;0;0;0;0;1;1;1;1;4;4;0;0;0;1;0;2;1;1;0;0;0;0;3;4;1;4;3;5;1;6;4;3;2;4;5;1;3;2;0;1;2;1;4;7;1;4;0;5;0;2;3;3;2;9;0;2;3;2;4;2;1;5;2;2;2;0;4;2;1;0;15;1;0;1;4;0;2;0;2;0;0;0;0;0;2;3;1;2;2;1;1;4;0;1;1;1;0;1;1;2;0;0;1;1;0;3;0;1;0;0;2;2;4;0;2;4;2;3;4;2;3;1;1;2;1;5;0;3;3;1;10;0;2;2;0;1;4;0;1;0;1;5;3;2;6;2;1;2;2;3;3;2;0;0;0;0;2;1;3;2;0;1;0;1;1;4;0;1;1;1;0;1;3;1;6;3;3;0;2;4;3;2;2;1;5;3;0;2;2;7;3;5;2;9;3;10;5;6;7;10;5;18;31;8;8;8;4;65;11;7;4;12;7;0;8;3;14;4;0;10;6;2;0;3;511;22;48;31;39;28;22;214;215;26;105;;53;38;210;43;9;32;14;9;24;7
16068;0;0;0;1;1;3;0;1;1;0;0;0;0;0;1;5;1;0;0;0;0;0;1;1;1;5;1;1;0;2;0;0;0;0;1;0;0;0;1;1;0;3;0;0;0;0;1;0;0;1;0;1;3;0;0;2;0;1;0;0;0;3;1;2;1;7;0;1;0;0;2;1;5;1;0;0;2;1;0;2;1;5;3;2;0;0;0;1;1;0;0;1;3;0;0;3;1;2;3;2;0;0;5;1;1;2;0;0;2;1;0;1;0;1;1;0;1;5;0;1;1;1;0;2;2;0;0;5;1;2;4;1;1;1;1;3;2;1;3;4;0;3;0;0;0;0;0;1;0;1;0;0;0;0;0;0;0;0;0;0;0;0;2;0;0;0;0;0;0;1;1;0;0;0;0;1;1;0;2;1;0;0;2;0;1;0;0;0;0;1;1;0;2;2;0;1;1;0;2;0;0;1;1;2;0;1;0;0;1;0;5;3;0;2;0;0;0;1;4;0;1;0;0;6;0;2;0;0;0;3;1;1;0;0;0;0;0;0;1;0;0;0;0;0;0;0;0;0;1;0;0;0;0;0;0;0;0;0;2;2;2;0;1;1;0;0;0;1;1;1;0;0;0;2;1;0;0;0;0;1;0;1;0;2;0;0;1;1;2;3;0;1;0;0;0;1;2;1;2;1;0;2;1;1;1;0;0;0;0;1;0;0;1;0;0;0;0;0;0;0;0;1;0;0;0;2;0;4;2;3;0;1;0;1;1;0;0;1;0;2;0;1;1;1;1;4;3;1;4;2;1;3;3;7;4;11;1;1;3;1;25;6;4;4;14;3;1;3;7;46;6;0;23;12;4;0;3;469;11;27;9;81;5;26;15;59;161;16;66;;9;40;80;7;9;5;4;6;6
16069;0;1;1;0;0;1;1;1;0;0;0;0;0;0;0;11;1;0;0;3;1;2;0;1;0;1;3;0;0;0;0;2;0;1;0;0;0;0;1;0;0;2;0;0;0;0;0;0;0;0;0;2;1;0;1;0;0;0;2;0;0;2;0;2;2;5;3;1;0;0;0;0;2;0;0;2;0;0;2;5;0;1;0;1;1;1;0;0;2;0;1;0;3;0;0;0;1;2;0;1;1;0;0;0;0;2;1;2;1;1;0;0;1;0;0;0;2;3;0;2;1;0;2;0;1;2;0;2;0;0;2;0;0;1;0;0;5;2;0;2;0;2;0;0;1;1;0;0;0;0;0;0;0;0;3;0;0;0;0;0;0;1;2;0;0;0;1;0;0;2;0;0;0;1;0;0;0;0;2;0;1;0;4;1;1;3;2;1;4;0;2;0;3;3;0;0;4;1;0;0;0;0;0;1;1;1;1;2;0;0;0;0;0;0;2;2;1;0;2;2;0;1;0;7;0;0;0;0;2;2;1;0;0;0;0;1;0;1;2;2;0;1;0;0;0;1;0;0;0;1;1;0;0;0;2;1;1;0;1;0;1;0;0;1;3;0;0;7;8;50;0;10;2;121;1;3;6;4;2;0;0;10;1;10;3;2;4;0;0;1;0;1;0;4;7;0;7;50;13;3;0;2;5;4;1;0;2;0;0;1;1;0;1;2;0;2;2;0;1;0;2;0;0;0;1;0;0;0;2;0;1;1;0;0;0;0;0;3;0;2;2;0;2;2;2;4;4;1;1;0;6;3;5;3;4;13;1;1;1;6;19;2;3;1;7;3;0;1;3;3;1;0;3;1;1;1;0;91;10;14;125;10;0;5;24;4;3;164;23;6;;56;2;62;15;8;6;4;3
16070;3;4;3;1;1;3;1;1;3;0;3;0;2;3;1;30;8;5;3;1;4;3;2;1;2;15;14;1;1;8;0;2;1;0;2;6;0;2;0;1;1;4;3;0;0;0;6;2;2;2;1;1;2;0;0;0;1;3;1;1;1;9;1;9;10;9;3;5;2;2;0;3;5;2;5;4;0;5;3;12;3;11;1;4;2;2;4;2;4;0;3;4;2;0;2;4;3;4;4;0;1;6;4;7;4;6;1;0;1;3;1;3;0;3;5;1;9;14;3;3;4;6;7;4;4;6;2;5;1;6;7;1;5;7;3;7;9;5;5;2;0;7;2;1;0;1;1;0;3;0;2;0;2;1;1;0;2;2;0;6;1;4;5;0;0;0;2;1;3;1;0;3;0;0;1;5;5;0;16;11;7;2;8;3;4;1;1;6;2;1;6;0;10;2;0;3;5;1;8;2;1;2;2;6;1;1;4;2;2;0;2;2;4;3;2;3;4;3;3;7;2;0;7;37;1;0;3;1;2;3;4;1;4;3;1;2;0;1;10;2;3;3;1;0;1;3;2;0;1;0;1;2;0;0;1;0;0;2;5;3;0;4;0;2;1;2;0;7;3;9;1;6;2;11;0;4;2;1;2;2;0;16;1;22;0;1;3;1;4;3;1;2;2;3;6;1;6;8;4;2;1;4;5;4;5;0;1;0;0;0;0;1;1;2;1;2;2;0;4;0;0;0;2;0;2;2;1;9;1;2;3;2;2;1;1;1;2;4;0;3;2;1;4;1;2;8;10;2;4;5;10;7;8;8;5;46;3;5;2;8;56;8;6;1;18;12;1;3;1;10;8;3;10;6;0;3;1;469;23;66;71;46;16;15;42;29;19;89;183;32;62;;53;23;113;19;11;13;5
16071;0;2;2;0;1;1;1;1;1;0;2;1;2;0;1;13;3;4;1;1;0;0;1;5;1;7;2;0;1;2;1;2;1;1;0;2;0;1;0;0;2;2;0;0;2;0;0;0;2;0;2;2;1;1;1;2;0;1;1;3;0;2;0;3;3;4;2;1;0;0;0;4;6;0;2;2;0;2;2;8;0;2;1;1;0;0;1;3;3;0;4;0;0;1;1;2;0;3;0;2;1;3;1;0;1;5;2;2;0;2;0;3;0;2;2;0;2;4;2;3;0;2;3;1;4;2;1;2;0;0;2;2;2;2;2;3;9;4;3;0;3;0;0;0;1;0;0;0;2;3;0;1;2;0;0;0;0;2;2;1;0;3;3;0;0;0;0;0;1;0;0;0;0;0;1;1;1;1;5;1;2;1;9;0;1;0;1;2;3;1;1;0;0;2;1;1;3;0;0;3;1;1;1;1;2;0;0;0;1;1;0;0;1;1;4;1;0;0;5;1;0;0;1;7;0;0;0;0;1;0;0;2;0;1;1;0;0;0;2;0;1;1;0;1;0;1;0;0;0;1;0;0;0;0;0;0;1;0;0;1;0;0;1;0;0;0;0;3;3;1;0;0;1;3;0;1;2;0;0;0;0;2;0;4;0;1;1;0;0;2;1;0;0;0;3;0;1;1;0;2;0;2;0;0;4;2;2;0;0;0;3;0;1;0;2;0;2;2;1;0;0;0;0;0;1;2;0;3;2;0;0;0;2;1;0;3;1;5;0;1;2;3;4;0;5;1;7;4;5;2;10;4;1;5;9;18;2;4;1;2;56;2;3;0;14;10;0;6;2;79;2;0;12;6;7;3;0;269;27;154;8;512;4;7;16;23;16;15;31;75;7;66;;1;38;77;15;6;2
16072;0;0;3;0;2;0;2;2;0;0;2;0;0;0;0;17;2;0;2;0;3;0;2;0;0;1;3;0;0;1;0;4;0;0;1;0;0;1;0;1;1;0;0;0;0;0;1;0;3;0;0;0;0;2;0;0;0;0;2;0;0;5;0;2;1;4;3;3;0;0;0;0;6;0;2;1;1;3;0;8;0;2;0;1;0;0;0;0;1;0;4;1;4;0;2;0;2;1;3;1;2;0;2;1;8;7;6;0;0;2;2;2;2;2;2;0;0;4;0;5;2;2;0;1;2;0;1;2;1;0;1;2;0;1;0;0;4;2;0;0;0;3;0;0;1;7;2;0;0;0;0;0;1;0;0;0;0;0;0;0;0;0;0;0;0;0;0;0;1;0;1;0;0;1;0;1;2;0;5;3;3;0;2;1;2;1;0;0;4;2;1;0;2;0;0;0;2;0;1;1;1;1;2;1;0;0;2;2;4;0;2;0;0;0;0;0;0;3;2;2;0;2;2;10;1;0;1;0;0;1;0;1;1;2;3;0;0;0;2;0;3;2;3;1;0;0;1;1;0;3;0;0;1;0;4;0;0;1;0;1;1;0;6;0;1;2;0;13;7;73;3;7;3;221;3;8;103;11;18;0;1;6;4;18;0;1;4;1;4;4;2;1;0;0;5;1;5;3;8;3;0;0;1;1;2;0;0;0;0;2;0;2;1;3;2;0;0;2;1;0;0;0;0;0;1;1;0;4;2;0;1;0;0;0;0;0;1;1;0;0;0;0;3;0;2;0;6;0;2;1;5;2;4;7;9;8;2;2;1;0;23;2;5;1;8;1;2;5;0;4;1;2;1;2;1;0;0;38;9;16;20;6;2;2;10;3;3;34;9;2;76;27;3;;126;6;3;5;1
16073;0;1;3;2;0;0;2;1;1;2;3;0;1;3;1;7;2;1;1;2;1;2;8;2;0;5;17;2;4;3;0;1;1;1;0;0;0;1;1;0;0;1;0;0;0;0;0;1;0;0;1;0;0;2;0;1;1;2;0;0;0;3;1;2;7;4;1;2;0;0;0;0;2;0;0;1;2;2;3;4;1;3;1;8;4;3;2;1;3;1;2;1;1;0;0;2;2;0;2;1;2;0;11;3;0;9;0;3;6;1;1;3;0;0;0;0;1;8;0;2;0;1;1;0;2;5;0;3;2;0;2;4;1;2;1;2;1;1;5;1;0;2;1;0;2;1;0;0;2;6;2;0;1;1;0;0;0;0;0;1;0;1;2;0;0;1;0;0;1;0;0;0;0;1;0;1;5;1;6;1;1;1;7;3;1;2;3;0;2;1;1;1;2;3;0;3;2;0;2;2;0;1;2;0;3;0;0;0;1;0;2;2;3;2;1;0;0;2;1;3;1;2;2;12;2;0;0;1;0;1;1;0;2;0;0;0;0;0;2;1;2;5;1;0;0;1;0;1;0;0;0;3;2;1;1;4;0;0;1;1;2;2;0;2;1;0;3;6;6;5;3;6;6;15;2;8;35;1;3;1;2;4;3;13;0;2;3;2;3;0;2;0;2;3;3;2;0;1;0;2;0;0;2;1;3;0;0;0;0;1;0;2;0;1;1;1;0;1;4;0;0;1;0;0;0;2;0;5;3;0;0;0;2;0;0;2;0;3;2;1;1;0;3;1;6;8;8;2;5;1;9;9;5;11;9;35;5;6;6;3;59;3;6;0;18;6;2;0;2;13;5;0;2;2;7;1;0;138;22;88;10;38;5;5;14;11;7;21;24;4;14;118;31;102;;62;192;26;7
16074;0;2;2;0;2;2;0;1;2;1;3;1;1;1;2;11;1;0;1;1;4;1;0;1;1;4;4;2;1;0;0;0;0;0;0;0;0;0;2;0;0;0;1;1;0;0;1;1;1;0;0;0;3;1;1;0;1;0;0;1;1;0;0;2;0;5;1;0;0;0;0;2;0;2;0;1;1;0;0;6;0;5;2;2;0;0;0;0;0;0;1;0;0;0;1;0;0;2;0;3;2;2;3;1;1;1;1;0;1;1;3;1;0;0;1;2;0;5;1;1;2;0;2;1;7;1;0;3;2;2;2;5;4;2;1;4;2;1;2;4;1;3;0;0;1;0;0;0;0;1;0;0;0;2;0;0;0;1;0;0;0;0;0;0;0;0;1;0;1;0;0;1;0;0;0;1;1;0;0;3;3;1;1;0;1;1;1;2;1;0;1;0;0;0;1;2;1;1;2;0;0;3;0;2;0;1;3;0;0;2;2;1;2;0;0;2;1;0;2;1;1;0;0;10;0;0;1;4;1;1;0;0;0;1;2;2;0;2;2;0;1;4;0;0;1;0;2;0;2;0;0;1;2;1;0;1;1;0;2;2;0;0;0;0;1;0;0;1;3;1;5;1;2;3;1;1;2;2;3;2;0;3;2;6;0;0;3;1;1;0;2;0;0;0;1;0;0;0;1;0;0;1;2;0;0;0;0;0;1;2;0;0;0;0;0;0;1;0;0;0;0;2;0;0;2;4;0;2;0;4;0;1;2;1;2;5;0;2;3;1;2;1;4;0;4;7;6;2;6;1;11;7;8;16;17;29;5;1;5;6;87;9;7;0;23;7;1;5;1;88;2;0;8;10;7;3;1;55;185;528;4;37;2;5;8;8;4;13;13;14;6;25;90;8;61;;84;135;18
16075;0;0;2;0;1;0;3;1;1;1;1;1;0;0;2;9;3;0;1;0;1;0;2;0;0;5;6;2;4;1;1;0;0;1;2;0;0;1;0;0;1;1;0;0;0;0;2;0;0;1;5;0;1;1;0;1;0;0;1;0;3;0;3;10;2;4;2;2;4;1;2;0;7;1;1;0;0;2;4;9;0;3;5;0;2;0;0;5;2;0;2;0;0;1;4;0;0;0;1;2;1;0;0;6;2;6;0;3;1;1;2;0;0;2;0;0;1;3;1;1;0;0;2;0;3;0;0;1;1;2;2;0;0;3;0;2;4;1;3;5;0;3;0;0;1;1;0;2;2;1;1;1;0;0;0;1;0;0;0;3;1;0;0;0;0;0;0;0;1;0;0;0;0;0;0;0;3;0;4;3;0;2;1;2;5;1;0;0;1;1;3;0;1;1;2;0;1;0;2;0;1;1;0;0;2;2;0;3;1;1;1;0;0;0;0;2;1;1;0;0;0;0;4;16;1;0;1;0;3;0;1;2;3;1;1;4;1;0;1;4;1;1;0;1;2;1;1;0;1;1;1;1;3;1;2;0;2;0;7;1;2;2;4;1;2;0;0;3;7;2;30;1;4;3;1;64;14;5;2;2;1;6;0;12;0;3;3;0;3;1;0;0;2;2;5;0;0;0;1;0;1;0;1;1;5;0;0;0;1;1;0;4;2;1;0;1;0;1;0;1;0;2;2;0;0;0;0;3;2;0;0;2;2;2;2;1;1;1;0;0;3;0;2;0;1;3;5;3;3;4;10;5;7;119;18;25;3;4;6;2;62;10;3;1;10;6;1;0;0;13;4;0;4;4;3;0;0;57;90;89;2;19;3;5;8;6;4;10;6;7;6;11;14;7;182;71;;140;6
16076;0;2;2;0;3;0;4;1;1;2;1;1;0;1;0;8;1;0;0;0;3;0;0;0;1;4;6;0;1;2;0;0;0;2;0;1;1;0;0;0;2;1;0;0;0;0;1;0;0;1;3;0;2;0;1;3;0;4;1;0;0;1;2;5;4;3;0;0;1;3;0;1;2;2;0;0;0;0;1;1;0;0;0;1;1;3;1;0;0;0;1;1;0;0;2;0;2;0;0;2;0;1;0;0;4;4;0;0;2;5;1;2;0;0;1;0;1;7;1;2;2;0;2;0;4;1;0;1;0;4;3;1;2;2;1;3;2;1;0;4;0;2;0;2;1;2;0;0;0;0;1;2;1;1;0;1;0;0;0;1;0;0;0;0;0;0;0;0;0;1;0;0;1;1;0;2;0;3;5;2;1;2;1;3;0;1;0;2;4;1;4;2;1;1;0;0;2;1;2;0;1;1;1;1;2;1;3;1;2;0;1;1;0;0;3;1;0;0;1;0;0;0;1;10;0;0;2;1;1;1;1;1;2;3;2;0;0;3;3;1;0;1;1;2;0;0;2;0;0;1;0;1;0;0;4;2;1;0;2;0;3;0;0;0;3;2;1;3;3;0;6;3;1;0;4;3;1;4;0;5;0;3;3;3;0;3;1;2;3;1;0;1;0;3;0;0;0;1;2;0;0;0;1;3;1;0;0;0;2;1;0;0;0;0;0;1;1;4;1;0;0;0;0;0;0;1;0;2;3;2;0;2;2;2;2;2;0;4;0;2;1;1;7;1;2;2;6;4;10;5;24;26;16;228;148;44;5;4;2;4;98;14;8;5;24;4;1;4;3;33;4;2;5;3;2;1;2;62;527;51;4;15;3;6;17;5;0;17;23;5;5;23;10;3;26;109;107;;55
16077;0;1;1;0;0;0;2;1;1;0;0;2;1;0;1;14;2;2;0;0;2;3;1;2;0;3;7;0;0;1;3;0;0;0;0;0;0;3;2;0;3;1;0;0;0;0;0;0;3;0;2;2;1;2;0;2;1;0;1;0;0;5;0;4;1;9;2;1;0;1;0;0;4;2;0;0;0;1;2;7;1;3;4;2;0;1;1;2;5;0;2;0;1;1;0;1;1;1;1;0;1;0;5;4;4;8;1;0;0;3;1;2;0;0;3;3;0;5;1;5;16;0;0;0;1;0;0;0;0;1;3;1;1;2;0;1;1;1;0;1;1;0;2;0;0;1;0;0;0;0;0;0;0;1;0;1;0;0;0;0;0;4;1;0;0;1;0;0;0;1;0;0;1;0;0;0;1;0;4;1;4;0;0;1;3;3;0;5;0;0;2;0;1;1;1;0;1;0;2;0;3;0;2;1;0;0;2;1;0;1;1;1;1;1;0;0;4;1;1;0;0;0;0;12;0;0;2;0;1;0;2;3;2;0;1;0;0;0;4;0;2;2;0;0;0;0;0;0;0;0;1;3;1;2;0;1;0;3;2;0;0;3;0;0;0;0;0;0;5;2;1;0;0;1;1;2;1;0;1;0;0;1;1;6;0;2;1;0;1;1;0;0;0;0;0;2;0;0;1;0;1;0;0;0;1;0;0;0;0;1;0;0;3;0;1;1;1;0;1;1;0;0;0;0;0;3;0;1;0;1;4;2;1;2;4;1;1;2;1;1;1;0;2;0;2;2;6;3;1;2;44;23;30;23;248;30;6;6;4;3;190;162;18;3;24;10;0;4;1;67;6;2;2;9;2;3;2;19;88;27;7;4;1;2;3;5;3;6;6;3;6;9;3;1;4;13;8;52;
