metadata keys;;type;timeunit;time;Inhalt;;;;;;;;;;;;;;;;;;;;;;;;;;;;;;;;;;;;;;;;;;;;;;;;;;;;;;;;;;;;;;;;;;;;;;;;;;;;;;;;;;;;;;;;;;;;;;;;;;;;;;;;;;;;;;;;;;;;;;;;;;;;;;;;;;;;;;;;;;;;;;;;;;;;;;;;;;;;;;;;;;;;;;;;;;;;;;;;;;;;;;;;;;;;;;;;;;;;;;;;;;;;;;;;;;;;;;;;;;;;;;;;;;;;;;;;;;;;;;;;;;;;;;;;;;;;;;;;;;;;;;;;;;;;;;;;;;;;;;;;;;;;;;;;;;;;;;;;;;;;;;;;;;;;;;;;;;;;;;;;;;;;;;;;;;;;;;;;;;;;;;;;;;;;;;;;;;;;;;;;;;;;;;;;;;;;;;;;;;;;;;;;;;;;;;;;;;;;
metadata values;;movement;year;2019;BBSR Wanderungsmatrix;;;;;;;;;;;;;;;;;;;;;;;;;;;;;;;;;;;;;;;;;;;;;;;;;;;;;;;;;;;;;;;;;;;;;;;;;;;;;;;;;;;;;;;;;;;;;;;;;;;;;;;;;;;;;;;;;;;;;;;;;;;;;;;;;;;;;;;;;;;;;;;;;;;;;;;;;;;;;;;;;;;;;;;;;;;;;;;;;;;;;;;;;;;;;;;;;;;;;;;;;;;;;;;;;;;;;;;;;;;;;;;;;;;;;;;;;;;;;;;;;;;;;;;;;;;;;;;;;;;;;;;;;;;;;;;;;;;;;;;;;;;;;;;;;;;;;;;;;;;;;;;;;;;;;;;;;;;;;;;;;;;;;;;;;;;;;;;;;;;;;;;;;;;;;;;;;;;;;;;;;;;;;;;;;;;;;;;;;;;;;;;;;;;;;;;;;;;;
Zeilenbeschriftungen;01001000;01002000;01003000;01004000;01051000;01053000;01054000;01055000;01056000;01057000;01058000;01059000;01060000;01061000;01062000;02000000;03101000;03102000;03103000;03151000;03153000;03154000;03155000;03157000;03158000;03159000;03241000;03251000;03252000;03254000;03255000;03256000;03257000;03351000;03352000;03353000;03354000;03355000;03356000;03357000;03358000;03359000;03360000;03361000;03401000;03402000;03403000;03404000;03405000;03451000;03452000;03453000;03454000;03455000;03456000;03457000;03458000;03459000;03460000;03461000;03462000;04011000;04012000;05111000;05112000;05113000;05114000;05116000;05117000;05119000;05120000;05122000;05124000;05154000;05158000;05162000;05166000;05170000;05314000;05315000;05316000;05334000;05358000;05362000;05366000;05370000;05374000;05378000;05382000;05512000;05513000;05515000;05554000;05558000;05562000;05566000;05570000;05711000;05754000;05758000;05762000;05766000;05770000;05774000;05911000;05913000;05914000;05915000;05916000;05954000;05958000;05962000;05966000;05970000;05974000;05978000;06411000;06412000;06413000;06414000;06431000;06432000;06433000;06434000;06435000;06436000;06437000;06438000;06439000;06440000;06531000;06532000;06533000;06534000;06535000;06611000;06631000;06632000;06633000;06634000;06635000;06636000;07111000;07131000;07132000;07133000;07134000;07135000;07137000;07138000;07140000;07141000;07143000;07211000;07231000;07232000;07233000;07235000;07311000;07312000;07313000;07314000;07315000;07316000;07317000;07318000;07319000;07320000;07331000;07332000;07333000;07334000;07335000;07336000;07337000;07338000;07339000;07340000;08111000;08115000;08116000;08117000;08118000;08119000;08121000;08125000;08126000;08127000;08128000;08135000;08136000;08211000;08212000;08215000;08216000;08221000;08222000;08225000;08226000;08231000;08235000;08236000;08237000;08311000;08315000;08316000;08317000;08325000;08326000;08327000;08335000;08336000;08337000;08415000;08416000;08417000;08421000;08425000;08426000;08435000;08436000;08437000;09161000;09162000;09163000;09171000;09172000;09173000;09174000;09175000;09176000;09177000;09178000;09179000;09180000;09181000;09182000;09183000;09184000;09185000;09186000;09187000;09188000;09189000;09190000;09261000;09262000;09263000;09271000;09272000;09273000;09274000;09275000;09276000;09277000;09278000;09279000;09361000;09362000;09363000;09371000;09372000;09373000;09374000;09375000;09376000;09377000;09461000;09462000;09463000;09464000;09471000;09472000;09473000;09474000;09475000;09476000;09477000;09478000;09479000;09561000;09562000;09563000;09564000;09565000;09571000;09572000;09573000;09574000;09575000;09576000;09577000;09661000;09662000;09663000;09671000;09672000;09673000;09674000;09675000;09676000;09677000;09678000;09679000;09761000;09762000;09763000;09764000;09771000;09772000;09773000;09774000;09775000;09776000;09777000;09778000;09779000;09780000;10041000;10042000;10043000;10044000;10045000;10046000;11000000;12051000;12052000;12053000;12054000;12060000;12061000;12062000;12063000;12064000;12065000;12066000;12067000;12068000;12069000;12070000;12071000;12072000;12073000;13003000;13004000;13071000;13072000;13073000;13074000;13075000;13076000;14511000;14521000;14522000;14523000;14524000;14612000;14625000;14626000;14627000;14628000;14713000;14729000;14730000;15001000;15002000;15003000;15081000;15082000;15083000;15084000;15085000;15086000;15087000;15088000;15089000;15090000;15091000;16051000;16052000;16053000;16054000;16055000;16056000;16061000;16062000;16063000;16064000;16065000;16066000;16067000;16068000;16069000;16070000;16071000;16072000;16073000;16074000;16075000;16076000;16077000
01001000;;268;81;47;86;28;339;52;86;43;220;2503;61;53;53;400;11;0;5;6;4;4;5;1;2;9;38;5;3;9;3;12;2;5;15;16;4;24;5;8;14;23;6;4;3;2;18;9;7;5;3;4;9;6;5;9;4;10;2;6;2;45;13;16;11;12;5;2;3;0;2;1;3;6;6;2;9;2;6;21;1;5;3;8;6;0;2;3;9;0;6;11;4;4;8;7;7;12;12;4;3;9;9;5;8;19;3;3;4;7;1;1;0;5;1;2;5;16;3;7;1;4;4;2;6;3;1;1;0;6;6;0;1;8;2;10;4;3;3;1;2;2;3;4;2;1;2;2;2;4;2;0;2;2;0;0;0;2;0;2;0;2;6;0;0;0;2;1;0;2;3;2;1;0;0;0;5;0;12;2;4;2;3;4;6;2;0;2;2;1;1;0;4;6;1;5;4;2;7;0;1;0;0;9;4;3;6;2;7;0;2;6;4;2;4;0;3;1;1;5;2;0;4;27;1;1;1;1;0;0;0;0;3;1;1;1;3;1;10;0;0;1;1;2;2;2;3;2;3;0;1;1;2;4;3;0;1;0;4;0;1;0;0;1;2;1;0;1;4;1;1;1;0;0;1;0;1;1;0;0;1;2;3;10;0;1;2;2;1;0;0;0;5;1;3;1;0;1;1;2;1;1;0;1;3;0;1;0;1;0;1;2;1;0;1;1;2;2;4;0;3;3;0;0;1;2;1;7;5;2;2;2;2;1;0;4;3;3;0;2;2;2;17;9;8;9;14;10;9;10;6;1;4;2;1;12;1;3;0;2;18;1;2;2;4;4;1;1;3;1;1;1;0;1;4;1;2;5;1;4;0;2;0;2;1;0;0;0;0;0;0;2;1;1;0;0;0;0;1;;
01002000;244;;236;288;133;76;185;223;213;1914;3218;352;338;130;134;1186;37;5;9;22;19;7;8;10;6;44;148;22;11;23;1;8;8;23;31;64;11;70;12;27;26;38;17;15;9;2;35;26;16;8;11;3;15;10;6;16;8;14;12;6;2;107;17;50;25;32;10;10;4;3;3;0;12;8;12;17;3;12;38;76;3;30;6;21;6;5;8;4;21;4;12;41;7;5;14;14;10;18;11;9;3;22;16;13;17;37;5;5;6;8;5;9;1;11;6;8;18;55;10;18;5;11;6;11;6;6;3;13;5;9;18;9;5;14;0;16;9;3;11;6;5;7;13;4;1;3;2;2;8;5;1;1;2;10;0;1;1;2;2;2;2;3;17;1;0;3;1;0;2;2;1;2;0;0;5;1;5;0;31;11;13;1;11;11;5;4;2;4;3;1;5;4;23;12;0;15;25;0;15;2;2;3;3;22;8;1;9;1;6;2;13;13;5;9;16;3;8;2;4;15;8;4;11;111;2;0;1;7;2;4;2;0;10;9;2;2;2;4;10;2;5;5;8;4;4;0;5;0;0;1;1;0;1;4;2;1;1;1;6;2;0;0;1;1;3;2;3;6;6;1;1;3;0;2;4;1;1;0;1;2;0;10;7;22;2;2;1;1;5;2;2;0;2;2;8;4;0;1;1;4;1;0;1;1;14;0;1;0;4;1;1;1;3;3;3;4;1;6;9;0;1;2;1;1;4;7;2;25;5;10;3;1;9;9;1;5;3;10;3;2;5;6;66;24;20;24;36;48;44;21;9;2;3;3;3;40;7;7;3;3;65;7;5;2;21;17;8;3;1;4;9;4;2;5;9;7;4;10;2;8;1;5;1;5;2;3;0;0;1;2;0;4;1;0;4;0;2;0;2;;
01003000;87;242;;51;37;649;47;1860;81;81;100;60;306;30;509;867;29;5;8;10;9;5;5;5;6;35;86;10;10;18;4;7;10;14;18;32;5;65;8;21;16;38;19;7;2;5;20;15;5;9;9;8;9;6;8;7;10;7;7;5;0;83;11;19;17;22;4;9;3;3;1;0;10;6;8;5;3;7;11;50;2;25;9;10;2;3;4;6;12;3;5;36;5;5;16;14;8;17;3;7;3;17;12;9;19;22;5;4;3;5;3;2;5;8;12;8;6;31;3;12;1;3;5;3;6;1;0;8;4;6;9;8;0;16;5;9;6;5;4;5;2;3;3;6;3;3;0;0;5;3;1;1;4;5;3;3;0;1;1;2;1;5;9;0;0;1;0;1;0;1;0;2;2;0;1;2;5;0;28;7;5;6;7;4;2;5;0;5;1;1;4;4;19;2;5;12;10;3;15;1;6;1;2;20;7;2;5;2;3;2;10;9;4;6;15;0;6;4;1;5;6;0;3;56;2;0;4;3;2;2;0;2;6;5;1;5;2;1;9;4;1;3;2;2;2;1;1;0;2;0;1;0;2;1;1;2;1;1;5;1;0;0;1;0;2;1;1;7;3;2;0;1;1;3;3;1;1;3;1;0;3;12;3;17;0;1;3;4;3;0;1;0;2;1;18;3;0;1;2;0;3;3;1;6;13;3;2;2;2;2;1;1;4;3;6;4;1;2;5;1;3;2;3;0;0;5;5;21;5;5;1;3;1;8;4;5;2;3;9;2;3;5;89;48;28;40;41;581;49;60;5;3;3;2;5;33;3;6;2;2;51;0;2;2;12;12;2;3;2;2;5;1;1;3;5;4;3;9;2;11;1;1;2;1;7;3;2;1;0;0;1;2;1;0;0;0;0;1;1;;
01004000;69;367;110;;90;105;94;113;137;228;754;140;777;136;119;251;8;1;1;0;5;1;0;1;2;6;13;3;4;8;1;6;4;4;8;17;0;9;0;6;9;10;4;2;4;0;6;3;3;1;3;7;2;2;2;8;5;3;3;3;1;13;2;8;4;6;4;1;3;1;1;0;5;0;6;3;3;0;4;11;2;4;3;3;2;0;5;0;4;2;4;3;5;2;7;3;1;4;1;0;1;2;5;1;1;7;4;4;0;1;0;5;0;1;2;4;4;7;3;3;1;4;2;1;3;3;2;5;2;1;1;0;0;4;0;5;1;0;3;0;0;0;0;1;1;1;0;0;1;0;0;0;1;2;1;0;0;0;0;0;0;1;2;0;0;0;4;0;1;1;0;0;2;0;1;0;0;0;10;1;4;1;3;3;1;2;0;0;0;1;1;0;2;3;1;4;7;1;0;0;1;1;1;1;1;1;2;0;0;1;0;4;1;4;1;0;5;3;1;2;1;1;2;27;0;0;1;1;1;2;0;0;1;2;0;0;0;0;11;1;0;2;0;0;2;0;1;0;0;0;1;0;1;0;1;0;0;0;4;0;1;0;0;0;0;1;0;0;0;0;0;0;0;0;0;0;0;0;0;1;1;2;1;2;0;0;0;0;0;0;0;0;0;0;1;0;3;0;1;0;0;0;0;1;1;0;1;0;0;0;2;1;0;0;2;0;0;1;1;1;0;0;1;2;1;0;0;4;1;0;2;4;2;0;0;1;0;2;0;1;0;0;8;4;5;13;8;11;9;5;1;2;1;0;3;4;1;1;0;0;7;1;4;1;3;7;3;0;1;3;0;0;0;2;2;1;0;2;0;3;0;1;0;1;2;0;0;0;0;0;0;0;0;0;1;0;2;3;0;;
01051000;112;192;50;56;;33;316;38;173;41;240;166;99;347;38;434;16;3;4;9;11;2;5;6;3;17;33;7;2;14;4;6;6;7;28;25;5;23;4;15;13;27;5;4;4;2;8;7;7;4;14;8;12;5;2;5;3;4;2;2;0;30;7;15;8;7;3;7;1;1;3;4;5;2;4;5;7;5;7;14;5;8;2;9;6;2;6;5;7;0;3;9;1;1;11;8;7;5;5;4;2;6;4;7;7;10;1;3;1;2;1;4;1;7;3;7;1;7;1;4;1;3;3;3;2;2;2;3;0;3;9;7;3;12;4;5;5;2;8;3;2;2;3;3;0;3;0;2;1;1;1;3;1;0;4;0;0;1;1;3;0;2;4;0;1;0;2;0;0;0;1;2;0;3;0;1;2;1;3;1;3;3;5;1;1;3;0;2;0;2;0;0;4;7;4;3;5;1;7;1;1;3;2;1;2;2;1;1;2;1;7;0;4;3;2;0;4;2;1;3;2;2;2;12;2;0;1;0;1;1;1;0;3;1;0;2;0;2;3;0;2;2;0;1;1;0;0;0;0;0;0;1;0;0;1;0;0;0;0;1;0;3;0;0;2;1;0;2;1;1;1;2;1;0;0;0;2;0;0;2;0;1;0;7;0;1;1;0;0;0;1;0;4;0;2;2;0;4;0;4;0;2;0;3;4;0;0;0;1;3;0;0;1;3;0;1;0;0;2;1;1;1;1;1;1;3;0;4;7;2;1;1;1;2;1;3;0;4;1;1;2;1;14;3;11;6;14;10;14;13;5;4;5;2;0;7;1;0;0;2;9;3;3;0;9;3;0;3;5;0;5;0;4;2;3;5;1;3;1;4;0;2;1;3;1;0;0;2;3;0;0;1;1;1;3;2;1;6;0;;
01053000;57;111;551;26;33;;36;180;88;39;58;45;126;34;731;1895;16;5;2;6;12;3;4;2;5;19;56;9;1;15;3;7;5;18;17;227;18;298;3;24;27;49;39;7;1;6;13;10;5;5;9;4;11;4;2;8;5;6;8;2;3;33;10;17;5;10;3;4;2;4;4;0;8;3;3;3;6;5;6;18;3;12;3;4;2;4;3;3;11;1;3;19;9;5;7;9;2;7;8;2;0;8;4;7;6;3;3;5;1;0;5;4;2;6;2;2;4;15;5;6;2;3;3;0;10;5;0;4;0;4;8;3;4;4;2;6;2;3;5;3;4;2;2;1;2;1;1;0;3;6;2;1;1;5;0;0;0;1;2;0;1;3;6;1;0;0;0;0;0;4;0;1;3;0;1;0;5;0;8;2;7;0;0;4;2;5;1;4;3;2;3;0;5;2;3;8;10;0;3;4;1;5;1;5;1;2;3;2;4;0;5;5;6;3;5;0;2;2;1;8;3;1;2;22;0;0;1;4;1;1;1;3;2;2;3;0;0;0;5;1;2;2;1;2;2;0;5;0;2;3;1;1;1;0;1;1;2;0;2;0;0;2;3;0;1;2;1;2;3;0;0;0;1;0;4;1;0;0;0;0;0;2;0;10;0;0;3;0;1;2;1;0;4;0;6;7;1;1;1;3;0;2;1;3;4;0;1;0;1;1;0;1;0;2;1;2;1;5;2;1;2;2;4;0;4;2;1;6;2;2;2;4;7;2;0;4;5;3;6;1;2;5;50;34;31;23;25;171;29;264;6;2;3;3;1;10;2;2;1;3;17;1;4;2;7;14;3;3;3;4;7;1;1;2;1;8;0;3;0;7;0;2;1;1;1;2;1;0;0;1;0;2;2;1;2;0;0;1;0;;
01054000;497;243;63;39;302;48;;62;108;46;164;677;68;75;50;480;12;5;3;8;16;5;4;6;5;24;63;10;8;15;2;9;10;14;19;34;5;30;9;25;33;24;10;9;3;3;16;8;9;5;10;6;14;4;5;15;11;8;7;6;6;43;9;20;10;17;6;6;2;7;3;7;10;8;9;15;6;8;10;34;3;16;5;8;2;5;2;7;13;0;5;17;6;2;7;10;8;12;11;12;2;15;12;11;10;13;4;4;0;10;10;7;4;9;7;7;4;16;2;6;11;4;6;7;10;7;0;3;4;3;13;3;3;7;0;11;5;7;7;9;3;6;4;8;3;4;3;2;6;2;2;6;3;3;3;2;6;2;0;2;3;5;7;3;1;1;4;2;1;5;4;2;1;0;2;1;2;1;14;5;11;7;8;3;1;5;2;4;3;0;4;3;6;9;4;9;8;0;9;4;3;3;2;10;7;3;5;2;1;5;6;4;4;5;5;3;3;3;3;10;5;2;5;32;1;1;3;2;1;3;0;3;4;2;6;3;8;3;11;1;1;6;4;5;1;1;1;1;2;1;2;4;2;3;4;1;0;0;4;2;0;2;2;1;2;1;0;2;2;2;1;2;2;0;2;3;0;2;1;1;0;3;0;5;0;2;2;0;2;0;0;1;5;0;5;2;2;0;3;2;2;1;2;1;7;0;0;2;0;3;4;1;6;5;7;3;2;7;7;0;3;0;3;2;1;2;0;10;6;3;6;6;3;5;2;1;6;0;1;4;5;5;15;8;9;16;22;17;16;10;2;1;4;2;3;10;3;3;3;3;30;4;5;1;4;11;2;4;4;2;9;1;4;1;0;4;6;3;0;4;2;3;3;2;6;1;1;4;2;1;0;3;0;0;1;0;1;0;1;;
01055000;65;301;1650;42;35;149;57;;70;342;127;71;298;34;235;572;20;4;3;6;22;8;4;4;5;29;63;17;10;23;5;10;11;10;16;43;7;46;3;14;22;34;14;9;4;3;10;6;4;5;10;12;12;1;3;6;4;10;3;3;2;41;6;17;10;9;4;4;3;3;1;2;10;4;11;8;5;9;11;19;2;12;2;10;1;4;3;7;10;2;6;16;5;5;10;6;12;18;12;7;3;16;11;4;11;17;5;7;4;5;4;12;3;5;8;9;3;21;2;4;3;2;1;7;3;4;1;5;3;8;4;3;2;8;5;10;3;7;7;6;5;4;4;5;2;3;0;1;1;1;6;3;2;4;0;0;0;1;1;0;1;3;8;2;0;1;1;0;1;0;1;0;2;1;1;2;2;0;4;5;6;2;5;5;1;4;2;3;0;0;7;1;5;10;4;4;5;3;11;0;7;0;4;5;4;3;7;2;0;6;4;4;2;0;7;4;2;1;2;7;2;2;1;26;0;2;8;0;2;3;1;1;4;1;1;2;1;2;8;0;3;4;2;3;2;0;3;0;1;0;0;0;3;0;2;1;0;0;5;0;4;0;1;1;0;1;0;2;3;0;1;1;0;0;4;2;0;0;0;0;1;3;3;10;0;1;1;0;0;0;1;1;0;1;4;4;3;1;1;0;2;3;2;2;7;4;0;1;2;2;0;0;1;3;1;1;0;6;2;0;1;1;0;0;1;0;2;8;5;4;1;2;4;6;1;5;3;5;5;4;5;3;50;29;24;24;36;135;39;43;4;2;2;2;1;15;4;4;2;2;15;1;4;2;10;6;2;2;2;2;7;2;1;4;2;2;2;5;3;5;0;3;3;2;5;2;0;2;4;0;0;4;2;1;0;2;2;2;1;;
01056000;87;230;111;82;215;115;145;118;;53;176;98;928;938;157;4131;27;6;8;10;9;1;7;5;5;30;80;20;7;17;3;9;5;20;60;169;10;93;14;50;33;155;29;14;6;2;23;12;13;11;11;8;14;11;4;10;5;18;9;9;3;79;19;25;10;17;3;9;3;6;0;3;15;6;11;10;6;9;20;33;4;22;11;14;9;6;6;6;27;1;11;24;6;2;7;10;5;20;8;6;1;13;12;11;13;13;5;4;1;12;2;4;0;6;3;14;5;24;6;9;6;6;8;5;9;4;4;7;6;8;14;6;4;12;1;13;6;3;2;4;7;4;3;6;2;3;0;0;3;3;2;1;2;4;0;2;1;7;0;4;4;5;6;0;0;1;3;1;1;2;0;0;2;0;1;1;8;0;15;3;10;3;7;10;6;6;1;1;1;2;3;3;10;8;1;10;14;3;12;4;1;4;1;15;4;2;6;2;2;3;12;12;4;6;9;2;5;3;3;6;2;2;5;48;3;4;1;2;4;2;2;4;4;6;2;3;4;1;9;3;1;4;3;2;2;3;6;1;2;1;3;5;1;3;4;0;1;1;6;1;0;1;0;0;3;2;1;5;7;1;2;0;1;0;0;0;1;1;2;0;0;3;1;21;1;0;1;1;0;0;1;0;2;2;5;0;3;0;4;1;1;1;4;0;4;0;3;2;0;3;0;2;1;4;1;1;3;5;7;2;0;0;2;0;3;3;3;5;9;7;3;6;9;10;1;4;6;12;10;5;5;6;46;21;31;29;31;26;42;53;9;4;9;4;8;18;1;10;8;8;25;6;5;2;15;12;4;2;4;4;10;4;2;7;7;12;5;10;3;12;0;5;2;6;4;0;0;3;2;0;0;2;3;0;5;1;4;1;0;;
01057000;54;1536;100;214;31;37;53;366;41;;448;89;250;31;49;217;8;1;1;4;9;0;4;3;2;14;27;5;5;5;1;3;1;6;7;14;5;14;2;5;11;8;7;5;2;0;4;4;8;0;8;3;5;3;0;1;5;2;3;10;2;17;5;10;8;9;2;1;0;1;1;3;3;3;3;2;0;4;7;9;2;9;1;5;1;0;0;3;4;0;3;10;2;2;2;4;4;5;3;3;2;2;2;3;2;8;6;1;0;5;3;3;0;1;6;3;1;10;1;7;0;3;3;3;2;0;0;2;1;2;4;0;0;6;0;2;1;3;2;2;2;1;1;2;2;3;0;1;4;1;0;0;2;1;1;1;0;1;0;0;0;4;1;0;0;0;3;0;0;1;1;1;0;1;2;0;0;2;6;2;2;0;1;3;0;2;1;1;1;0;1;0;3;3;0;4;2;0;4;0;1;1;0;4;6;1;3;0;2;2;8;6;3;2;8;2;0;0;1;6;3;0;1;10;1;2;2;0;0;0;2;2;1;1;2;0;0;0;4;1;0;3;1;2;0;0;1;0;0;0;1;0;0;1;1;1;1;0;1;3;0;1;2;0;0;0;0;1;1;0;0;0;0;0;0;0;0;0;0;0;0;1;1;3;0;2;0;0;4;2;1;0;1;0;2;2;0;0;0;0;1;0;1;1;1;0;1;0;0;1;0;0;1;2;0;0;0;2;2;0;0;1;1;0;1;0;2;5;7;0;1;4;2;0;3;3;3;8;2;0;1;5;14;11;10;10;21;25;15;20;2;3;2;1;0;8;3;3;3;2;5;2;1;1;5;4;1;2;1;0;2;1;1;0;1;3;6;1;0;0;0;0;2;1;2;0;1;0;0;0;0;0;0;0;0;1;1;0;1;;
01058000;278;2538;142;650;283;91;232;151;187;442;;967;405;270;128;586;19;3;2;9;10;7;9;3;3;23;83;13;9;16;2;9;5;23;22;33;9;39;7;14;21;31;11;7;11;3;21;12;10;10;5;4;15;7;2;9;8;9;2;10;6;62;10;21;13;17;5;9;0;7;2;0;11;4;13;8;5;10;16;29;7;26;3;8;5;6;4;5;16;0;8;21;7;4;9;16;6;8;5;10;5;9;5;8;8;18;6;3;4;9;2;6;2;9;7;12;7;25;3;7;6;6;7;5;7;5;1;7;1;6;11;8;4;16;4;8;5;2;5;6;7;9;4;4;4;3;4;3;9;5;1;1;2;4;2;0;0;0;0;3;2;3;7;1;0;0;1;1;4;1;1;1;0;4;0;2;3;2;15;4;7;4;5;6;2;3;4;4;1;9;2;2;9;7;2;7;12;3;7;3;3;2;0;10;9;0;5;0;5;5;11;6;0;2;4;3;2;1;2;6;2;3;4;29;0;0;5;0;1;4;1;1;2;5;1;4;4;0;13;2;5;4;4;1;4;3;2;0;2;2;0;2;3;2;0;2;0;2;3;0;3;3;7;2;0;0;3;1;3;3;1;1;1;4;0;3;0;0;0;0;2;6;4;8;0;2;0;2;2;3;1;1;0;0;4;0;2;5;0;1;0;0;2;3;5;0;2;0;1;0;1;2;1;2;3;3;3;5;3;1;3;5;1;2;3;3;2;15;5;4;0;5;5;6;2;5;2;15;3;4;4;4;27;12;15;23;24;27;33;23;1;0;5;3;3;18;1;6;3;9;22;4;0;1;8;6;3;3;3;2;11;2;7;2;4;3;3;5;2;9;1;2;3;7;2;3;0;2;4;0;0;3;0;2;1;0;0;2;0;;
01059000;2130;376;76;57;151;42;668;52;73;70;732;;87;53;49;326;15;0;5;4;11;5;1;1;5;19;35;10;3;9;5;6;6;8;20;25;2;19;4;7;14;16;9;6;2;0;8;7;7;4;9;4;7;7;5;11;8;9;4;10;2;34;10;7;9;11;2;3;3;1;1;2;5;7;9;3;5;15;8;16;2;12;3;2;2;2;2;4;9;4;5;7;4;3;7;2;6;7;12;1;10;3;12;5;6;7;1;6;3;2;8;4;1;6;6;5;0;15;3;4;0;2;5;4;6;2;2;6;3;7;9;4;5;7;2;3;4;2;3;5;0;2;1;6;0;4;1;6;4;2;2;4;3;3;1;2;0;1;0;1;0;1;4;1;1;2;1;0;2;1;1;1;0;1;0;0;1;1;4;6;4;0;5;5;1;2;3;2;2;5;1;0;8;5;6;3;3;1;9;2;2;2;2;6;8;0;2;3;0;0;4;0;2;1;5;1;2;2;0;5;2;3;5;24;0;2;3;0;1;0;1;2;3;1;1;2;1;2;11;1;1;1;1;4;3;3;1;0;0;0;2;1;3;1;1;3;0;0;2;0;2;3;1;3;2;1;0;2;5;1;1;0;0;1;1;3;1;0;1;0;1;4;0;10;0;4;1;3;0;0;0;4;0;2;2;3;0;1;1;2;2;2;1;2;1;2;2;2;1;2;0;1;3;2;2;4;0;2;2;4;0;1;0;0;2;0;1;7;2;3;2;2;4;4;2;2;4;6;4;2;5;1;21;8;11;19;18;15;21;12;3;3;6;0;2;10;1;10;3;3;9;1;1;1;6;6;1;2;1;1;3;1;2;3;4;1;2;6;1;4;0;3;1;1;3;0;0;1;0;1;0;0;0;0;0;1;2;0;2;;
01060000;117;466;384;589;191;275;181;443;1001;324;519;247;;354;645;2530;18;4;7;6;10;2;6;6;9;23;64;11;5;12;4;5;7;19;19;125;7;72;2;27;26;85;17;9;2;3;16;11;8;10;7;6;11;3;1;4;8;11;8;6;2;43;12;17;4;11;3;4;3;4;0;2;4;4;16;8;8;5;9;26;1;14;2;5;2;2;2;5;8;0;6;12;2;2;8;23;3;7;11;8;6;8;13;3;12;13;5;0;4;5;4;5;3;4;6;5;4;18;2;7;4;5;6;3;8;2;1;9;0;6;9;5;2;8;0;8;7;5;6;4;0;5;3;2;3;1;2;1;3;2;1;5;3;3;4;0;2;0;1;2;2;2;7;1;1;2;1;1;4;0;0;2;3;0;1;2;5;2;15;3;5;7;9;2;5;6;3;3;4;2;6;0;11;8;3;7;9;3;7;1;7;4;1;10;5;3;5;6;2;4;9;6;4;5;7;0;4;6;5;5;3;0;2;30;2;2;2;2;3;1;2;4;2;3;4;0;0;1;7;1;3;2;2;7;1;0;2;0;3;0;0;1;3;0;0;4;0;0;3;0;1;0;1;0;2;1;0;3;3;0;2;4;1;2;2;2;1;1;1;2;1;2;4;11;0;1;3;1;3;2;1;0;4;0;4;3;1;0;3;1;4;1;0;1;6;3;2;0;0;1;3;1;3;1;3;4;3;2;9;0;1;0;6;1;3;8;0;12;4;1;3;8;8;8;1;6;3;9;13;4;8;8;38;22;28;33;39;51;42;54;8;3;5;6;3;11;5;6;1;1;27;1;0;2;6;11;1;7;2;3;7;2;5;3;4;6;3;9;3;8;1;3;3;0;1;0;0;2;4;1;1;4;1;0;2;3;1;2;4;;
01061000;78;179;45;98;353;28;70;41;714;31;323;73;267;;42;572;4;3;3;2;4;0;1;1;1;14;38;1;1;8;1;4;4;11;30;30;5;21;2;18;12;36;9;2;4;1;7;9;10;3;6;4;5;3;4;5;4;3;3;5;0;30;21;9;2;12;2;0;0;2;1;1;5;2;1;2;3;3;4;11;0;7;0;2;3;0;2;3;4;1;4;9;4;4;5;6;5;6;5;0;1;4;6;6;4;10;1;1;1;6;0;1;1;4;3;1;3;8;0;2;2;3;4;4;4;2;0;1;8;5;4;2;0;4;1;5;0;0;3;1;0;3;2;0;1;3;1;0;1;0;0;2;1;3;1;3;1;0;0;0;0;0;2;0;0;0;1;1;0;0;0;1;0;2;0;1;0;0;8;2;1;2;2;0;1;3;0;1;0;1;4;1;5;7;2;4;2;2;1;1;2;0;1;2;3;4;2;0;0;2;2;3;1;3;2;0;1;0;1;2;0;0;4;10;1;4;1;2;0;0;0;1;3;2;0;0;0;2;7;0;1;4;0;3;0;1;1;1;1;0;1;1;1;0;1;0;2;0;1;0;0;1;4;0;0;0;0;1;1;0;0;2;3;0;0;2;1;0;0;0;0;2;1;7;1;0;0;0;0;0;0;0;2;1;3;2;0;1;0;2;0;0;0;4;2;1;0;0;1;1;0;2;3;1;3;0;0;1;5;4;1;1;0;0;1;0;1;5;4;3;4;1;2;0;0;4;2;1;4;0;4;3;21;8;11;8;13;15;13;9;2;0;3;4;2;5;1;2;2;3;11;4;0;0;5;5;2;3;1;1;3;1;1;1;4;0;1;4;2;3;0;0;1;0;2;1;0;1;2;0;1;2;0;0;0;0;0;0;0;;
01062000;70;164;523;56;51;967;47;305;154;55;93;56;678;41;;3260;20;1;7;7;11;3;4;4;3;26;54;17;7;11;2;8;4;10;23;162;12;137;4;40;28;78;18;4;4;4;13;17;6;6;7;4;11;6;4;13;7;6;5;2;2;41;9;14;7;6;4;4;2;4;3;5;4;1;6;4;3;8;12;26;2;18;0;6;4;1;9;2;12;0;6;20;3;4;9;9;5;7;7;2;3;7;4;5;8;12;2;3;3;6;2;3;0;5;5;4;4;18;2;5;0;3;2;3;3;5;2;7;1;2;9;3;1;12;0;6;4;4;7;3;4;1;2;5;0;3;0;3;7;3;1;1;3;3;2;0;0;1;0;3;1;3;7;0;1;1;3;1;2;0;1;0;0;1;0;2;2;0;9;3;6;2;6;6;7;2;1;3;1;5;4;1;5;3;2;11;9;0;10;6;2;2;0;10;5;0;2;1;6;1;9;3;7;4;2;2;4;4;1;10;2;2;5;38;1;0;2;1;0;2;1;2;7;1;0;3;1;1;11;0;1;7;1;3;2;0;5;0;1;1;0;2;5;0;0;1;0;0;4;0;2;0;0;1;2;2;1;1;2;1;0;2;0;0;2;1;0;2;0;0;0;3;0;8;0;0;1;0;2;1;1;1;0;1;3;0;3;0;0;0;0;1;1;0;4;0;2;0;2;2;3;2;1;2;3;1;1;3;3;1;0;0;3;2;1;4;2;11;7;2;0;5;3;1;4;6;5;6;18;2;1;3;52;25;30;30;29;86;31;85;2;0;0;2;2;13;3;4;1;2;12;2;0;4;11;5;2;1;3;2;4;1;1;2;3;5;0;6;0;10;0;3;1;0;1;1;6;1;0;1;1;3;0;0;2;0;1;1;1;;
02000000;307;808;838;192;463;2840;496;770;5821;234;616;413;3783;724;4970;;230;31;78;83;85;26;59;59;37;255;818;115;74;123;23;57;68;177;268;4688;207;1288;86;487;332;1844;268;123;48;33;278;132;104;70;110;65;109;61;36;100;88;107;99;51;36;835;132;391;90;184;46;55;32;30;22;18;92;50;84;92;31;59;176;598;30;178;34;97;29;27;34;50;120;12;40;335;77;51;71;106;64;137;90;54;35;124;106;77;102;134;33;27;21;57;46;42;13;54;62;61;66;527;55;115;39;51;50;75;64;65;14;77;39;54;83;31;26;103;10;124;46;17;50;47;23;30;43;25;10;14;12;3;45;18;11;12;30;49;12;6;8;20;8;22;17;36;112;9;3;12;20;6;15;21;4;14;4;5;9;8;29;8;269;60;84;22;89;51;36;36;10;23;16;21;44;23;145;49;27;128;134;10;94;21;21;18;10;185;74;27;66;18;26;17;112;69;29;50;80;21;46;22;26;73;60;11;42;1005;18;9;36;24;21;31;9;17;49;37;26;21;33;11;124;7;18;41;47;21;19;20;35;12;10;7;7;14;16;4;13;4;7;4;62;9;7;7;13;6;16;10;2;32;47;9;14;14;10;9;15;10;3;7;5;7;5;47;20;155;8;16;19;9;20;14;15;9;17;10;60;21;16;10;3;15;13;9;10;17;77;7;17;10;11;19;9;8;24;24;18;12;13;27;55;10;14;17;23;7;13;23;14;111;45;51;8;27;30;53;16;35;40;53;72;18;28;41;307;216;172;197;207;255;217;475;45;18;26;19;19;190;25;36;30;27;362;32;10;16;95;106;40;18;21;22;53;12;22;18;19;42;13;58;11;59;10;38;13;12;17;9;8;12;7;5;3;14;14;3;6;9;6;3;6;;
03101000;12;38;27;6;15;8;21;23;29;10;20;14;14;5;17;347;;604;356;983;251;516;65;1168;1395;240;880;47;34;228;25;35;45;473;43;74;21;59;13;32;58;49;47;34;4;11;52;44;13;12;45;20;42;15;9;48;11;43;29;9;8;95;12;46;13;25;0;8;6;4;2;4;12;6;10;14;4;9;24;69;3;37;6;12;3;4;3;10;15;0;6;31;7;5;13;19;9;31;17;11;7;23;32;20;17;28;4;4;2;16;12;14;3;7;9;5;14;63;8;11;1;9;7;12;8;10;0;8;3;7;20;7;1;15;3;31;5;8;9;5;5;9;12;0;4;6;2;0;4;2;1;5;3;9;2;4;2;3;2;6;3;6;20;1;2;3;1;1;1;5;1;1;0;0;0;4;5;0;54;17;11;1;17;10;11;7;4;3;2;2;5;1;33;3;6;17;18;3;11;6;2;3;2;12;4;1;8;0;9;1;8;7;3;6;9;2;8;3;2;11;6;3;30;126;2;1;4;0;8;3;3;0;6;3;2;1;4;1;17;2;5;10;6;1;1;7;1;0;1;0;0;2;3;1;1;1;3;1;10;0;0;0;0;1;5;1;0;8;6;2;0;3;0;1;0;1;1;1;0;1;0;15;4;27;0;1;5;0;3;1;0;1;3;3;11;6;0;3;0;2;2;0;3;4;6;0;4;0;1;1;1;2;6;2;0;2;3;1;9;0;1;3;1;0;2;6;4;22;8;7;0;8;6;8;3;3;4;11;4;5;5;2;18;7;10;6;11;12;12;10;10;5;8;7;5;55;3;8;5;3;89;6;5;5;36;81;28;8;46;2;92;9;5;5;21;10;3;19;0;20;2;6;5;4;4;1;3;4;4;1;1;6;1;0;2;1;0;2;1;;
03102000;2;6;6;0;1;1;3;9;3;0;2;0;4;2;7;45;664;;56;87;279;67;23;404;531;47;193;10;15;217;8;8;10;18;10;8;2;9;2;2;9;7;9;4;3;3;5;6;5;1;13;10;5;3;0;2;6;8;10;2;2;21;6;6;11;10;5;4;3;4;2;1;6;1;1;5;2;2;4;8;0;12;1;7;1;4;1;4;9;0;3;7;4;2;6;3;8;4;6;4;2;11;10;3;10;9;4;7;2;4;2;4;0;3;2;4;5;9;2;3;4;5;2;2;3;2;0;2;1;3;4;2;4;7;1;12;1;2;5;5;7;9;3;4;0;0;2;1;1;2;0;3;3;2;3;2;0;1;0;0;0;1;0;0;0;0;0;0;1;1;0;2;2;1;1;1;3;0;8;4;7;1;2;2;3;4;2;1;0;1;1;1;4;1;2;3;2;0;5;6;2;2;0;3;5;2;4;0;0;3;0;0;7;1;2;1;0;1;5;2;2;0;2;15;3;0;0;0;0;3;0;1;1;1;1;2;0;1;3;0;3;1;1;0;1;1;0;0;4;1;1;1;1;0;0;2;2;0;4;0;2;0;2;1;1;0;0;0;3;1;2;1;0;2;0;2;0;0;0;0;0;2;0;6;0;0;0;0;0;0;0;1;2;1;5;3;1;0;2;2;2;2;0;2;4;0;0;0;0;0;0;0;1;0;0;1;1;1;5;1;0;1;0;0;1;3;1;3;0;1;0;1;1;2;1;4;2;3;3;2;1;11;4;5;3;3;2;3;4;3;0;2;2;2;4;5;1;2;1;3;9;4;4;1;6;25;11;4;16;0;38;9;1;3;9;1;1;7;0;3;0;0;2;2;1;0;3;2;1;0;1;1;0;1;0;0;1;0;0;;
03103000;3;14;6;0;2;6;7;10;8;3;5;4;7;0;6;78;440;33;;1198;37;718;12;54;76;44;184;3;14;41;3;12;7;30;7;5;3;19;4;4;14;7;20;7;5;1;10;12;4;1;6;2;3;7;4;7;4;14;5;2;5;29;3;11;6;8;2;2;0;2;1;1;1;1;6;4;4;1;5;25;6;13;1;8;3;4;3;4;9;0;1;7;2;3;9;5;4;7;2;5;2;9;14;11;4;5;2;0;3;0;5;3;0;3;2;6;3;20;3;3;4;0;4;4;2;3;0;4;4;2;2;1;2;9;0;10;5;2;6;1;6;3;3;2;1;1;0;1;3;5;0;1;0;1;1;3;0;1;0;2;1;1;5;1;0;1;0;1;0;0;1;4;1;0;1;1;4;1;23;11;8;2;10;6;4;7;1;4;0;1;5;0;9;3;6;3;3;4;2;3;1;1;1;5;2;0;5;0;2;0;3;0;2;2;0;1;1;1;2;9;0;1;15;48;0;0;0;2;0;3;1;0;2;3;1;0;3;0;10;1;3;0;0;0;0;1;0;3;2;1;1;1;0;1;2;0;0;0;1;0;2;1;0;2;3;0;0;3;4;0;0;0;1;0;0;0;0;0;0;0;0;4;3;15;1;2;3;1;0;0;1;1;1;2;1;0;2;1;0;0;3;0;0;1;5;0;3;0;0;0;0;0;1;2;0;1;1;2;5;0;1;2;0;0;1;3;2;4;0;2;0;2;1;1;6;1;1;3;2;1;2;0;9;3;3;1;2;2;6;2;3;4;9;2;9;12;2;1;2;1;29;1;6;1;14;57;74;3;100;2;25;6;2;3;11;13;1;4;0;1;0;3;0;2;4;0;0;1;0;1;0;1;0;1;2;0;0;1;0;;
03151000;3;17;12;3;5;13;13;17;9;5;11;9;9;4;6;108;855;67;901;;58;202;17;205;120;54;363;16;12;60;7;8;17;218;8;20;23;36;4;19;28;17;122;8;1;4;15;15;3;10;15;3;15;6;1;6;2;8;4;4;3;29;6;8;5;7;5;6;1;2;0;4;6;3;5;4;4;2;8;19;2;8;3;2;3;1;0;1;6;0;0;9;4;4;6;5;1;6;3;5;3;12;19;8;6;7;3;2;1;4;8;4;2;4;8;3;2;18;1;4;4;4;2;1;4;6;0;3;0;0;6;3;1;9;1;13;5;1;12;2;7;3;1;3;1;3;1;2;1;1;0;2;2;2;0;2;0;1;1;2;1;3;6;1;0;1;0;2;3;0;0;0;2;0;1;0;5;1;16;6;5;2;8;6;0;4;1;1;4;4;3;0;3;1;3;5;5;0;3;1;1;3;2;3;3;1;5;0;3;0;4;4;3;3;5;1;0;2;0;3;2;2;6;19;0;0;0;3;1;6;3;1;0;1;2;0;2;0;3;2;1;1;4;2;0;1;1;0;1;0;3;4;1;1;1;1;0;0;3;0;0;0;0;0;1;0;0;2;1;0;0;0;0;0;2;0;1;1;0;1;0;3;7;8;0;0;0;0;1;2;0;0;3;3;1;2;0;0;1;2;3;0;2;2;1;0;0;0;1;4;1;1;0;2;3;1;0;2;2;0;0;0;2;0;1;0;1;10;4;2;2;6;2;2;0;1;3;6;2;0;5;1;8;0;6;5;11;7;12;4;2;1;4;3;6;17;4;5;6;5;23;0;1;1;10;62;104;1;52;4;33;8;1;2;8;17;3;8;1;3;1;2;1;1;0;1;2;0;0;0;1;1;0;0;0;0;3;2;1;;
03153000;5;17;20;6;9;5;7;20;10;8;9;6;11;4;10;114;323;199;48;49;;41;138;54;216;326;412;19;24;231;20;13;21;35;19;12;4;17;5;12;24;23;14;8;3;6;19;16;20;8;13;6;13;10;5;9;11;14;27;8;7;43;16;22;26;43;4;6;10;2;2;1;13;8;8;4;3;7;18;26;5;30;3;5;4;2;7;6;10;1;10;19;6;5;12;12;8;11;3;6;7;14;11;13;23;36;5;10;7;5;6;6;2;6;9;7;14;31;2;5;7;14;8;4;15;5;3;7;3;13;18;2;3;19;3;28;16;8;13;9;7;9;7;4;2;2;1;1;5;6;0;0;2;7;1;3;2;1;0;14;0;11;9;1;3;0;3;1;1;2;0;2;2;0;1;1;6;0;17;3;11;2;8;4;3;3;0;2;3;0;5;2;14;3;7;7;10;1;6;6;0;2;3;8;3;1;4;2;4;1;4;3;5;3;7;2;6;3;0;5;3;0;6;33;0;1;4;3;1;4;4;4;4;2;3;5;1;1;8;1;1;3;3;0;1;2;2;2;8;4;1;3;4;0;1;3;0;0;8;1;0;2;2;1;0;2;0;3;9;3;6;2;1;0;1;2;1;3;0;0;0;9;2;16;0;5;4;0;1;1;0;0;0;3;4;3;1;2;1;0;4;1;1;1;9;2;3;0;1;3;3;1;1;0;2;3;1;1;8;0;2;3;2;0;6;5;7;8;3;1;2;6;6;2;0;4;3;7;4;0;3;1;19;3;7;5;10;11;9;3;8;0;7;5;3;22;4;5;2;2;56;1;5;4;39;41;8;10;15;3;245;4;7;5;21;4;2;12;3;12;3;1;6;31;4;7;3;3;0;2;0;5;1;1;1;3;1;1;1;;
03154000;1;10;5;1;8;2;3;6;5;3;6;3;3;2;4;28;517;53;497;210;53;;13;61;174;38;121;6;15;33;5;5;10;18;5;5;8;10;5;3;17;5;14;4;1;2;4;6;2;0;5;2;9;1;1;3;2;3;5;2;5;20;2;4;1;1;1;1;0;0;0;0;5;2;2;3;2;1;3;12;0;5;0;2;1;2;1;1;5;0;3;3;0;4;4;2;3;7;3;5;3;4;5;2;4;6;3;2;0;0;0;3;0;0;1;4;1;5;0;3;1;1;0;0;3;1;0;2;1;0;1;1;1;3;0;6;1;6;9;2;1;5;1;0;1;0;0;0;2;0;0;2;0;1;0;1;0;0;0;0;3;2;2;0;0;0;1;1;0;0;0;0;0;0;0;0;1;0;5;1;1;1;4;1;4;3;0;0;1;0;0;0;4;2;1;1;3;0;1;0;1;1;0;2;1;0;0;0;0;1;3;5;3;5;5;4;0;3;2;1;6;0;0;9;1;0;0;0;1;0;0;0;1;1;0;0;0;0;1;1;0;2;0;1;0;0;0;0;0;0;0;1;1;0;1;0;0;0;0;0;0;1;0;0;1;0;0;0;1;1;0;1;1;0;0;1;0;0;0;0;0;1;0;2;0;0;0;1;1;0;1;1;0;0;2;0;0;0;1;0;1;1;0;0;2;0;0;0;0;0;0;1;3;0;0;2;0;1;1;0;0;0;1;0;1;1;2;6;2;0;3;3;0;0;3;2;4;2;2;0;0;1;0;2;2;3;3;3;4;4;0;2;1;2;1;7;2;1;2;3;14;3;2;0;9;61;22;5;261;3;58;7;1;5;19;10;4;5;2;2;0;1;1;5;1;0;0;0;1;0;0;0;0;2;1;2;0;1;0;;
03155000;5;10;12;0;2;8;3;14;6;3;8;5;5;3;4;72;51;19;11;19;136;16;;14;21;1015;223;12;35;193;180;16;18;27;10;5;2;21;4;16;11;7;10;6;3;3;15;9;3;6;4;6;9;5;5;9;1;16;9;6;6;20;6;15;6;12;2;3;0;5;0;2;5;4;10;10;4;2;9;18;5;5;4;5;0;2;3;6;5;0;1;11;6;1;9;4;1;8;2;9;35;19;9;19;7;12;8;6;2;7;6;8;2;6;5;5;5;16;4;8;2;8;5;6;7;3;1;4;5;8;9;3;1;19;0;54;10;10;109;18;14;30;1;1;0;1;1;0;0;1;0;3;2;2;1;2;0;2;0;5;2;0;6;0;0;0;3;0;3;1;0;1;2;1;2;1;4;1;7;3;3;1;6;5;1;6;3;2;0;2;1;0;1;7;2;6;6;2;9;1;0;1;3;5;3;4;4;7;5;3;6;6;6;4;6;1;3;6;2;6;2;3;1;9;0;0;2;1;1;1;0;0;3;1;1;2;0;2;5;0;2;2;3;4;0;2;1;0;1;1;0;1;2;1;1;1;1;0;2;1;0;0;0;0;0;0;0;0;2;0;1;1;0;1;3;1;3;1;0;0;0;0;4;12;0;1;0;1;1;0;1;0;6;1;10;2;1;1;0;1;3;1;0;2;6;0;0;0;1;0;1;0;1;1;1;4;0;0;10;0;0;4;1;0;0;0;0;6;0;0;0;1;0;6;2;0;2;1;0;0;3;0;5;3;4;5;3;4;2;2;6;5;3;2;1;10;1;3;3;1;22;2;1;2;11;8;4;5;4;2;12;4;10;4;2;2;1;10;2;3;1;1;26;17;4;7;2;3;2;0;0;3;0;1;1;2;1;1;1;;
03157000;2;6;11;5;7;3;8;10;8;4;2;3;11;1;1;58;700;275;44;183;62;60;20;;142;52;632;7;26;324;12;17;16;62;16;10;2;18;10;7;24;4;15;6;5;2;10;11;7;9;8;5;7;1;6;9;6;16;4;5;6;23;5;5;2;4;0;7;1;0;0;1;6;6;6;5;1;5;7;12;4;8;3;4;0;1;2;3;1;0;2;6;5;1;6;3;4;8;3;6;5;6;11;4;3;6;1;2;2;3;1;11;0;3;1;1;1;9;2;3;1;2;2;2;6;5;0;3;3;3;5;3;0;5;0;9;6;1;4;6;1;2;4;3;0;0;0;2;1;2;2;1;3;0;0;2;1;1;1;2;1;3;1;0;0;0;0;0;1;0;1;2;0;0;1;0;1;1;6;3;1;3;1;5;2;1;1;1;3;0;1;1;1;1;0;3;3;2;4;2;0;5;3;2;5;1;3;0;0;0;3;0;0;1;1;2;0;1;0;1;1;0;6;14;0;3;2;2;2;0;0;1;2;2;3;1;0;1;3;2;4;4;0;0;0;1;0;0;2;0;0;1;1;0;0;0;0;0;3;0;0;2;1;1;0;0;0;3;0;0;0;2;2;0;1;1;1;1;1;0;0;2;2;3;1;2;2;0;0;0;2;0;0;1;1;1;2;0;0;6;3;3;0;1;1;0;0;0;0;0;0;1;1;1;1;2;1;1;1;0;0;1;2;2;3;2;1;3;1;1;4;0;4;1;1;0;4;4;2;1;2;1;2;2;3;4;4;4;3;7;5;1;5;0;4;8;2;1;4;1;13;0;1;1;15;22;11;4;14;4;27;4;4;0;7;3;1;6;2;1;0;1;1;2;2;2;0;0;0;0;0;0;0;1;1;1;0;0;0;;
03158000;3;13;7;2;4;4;9;9;7;6;11;5;7;3;4;71;1186;498;86;136;246;232;18;165;;81;189;3;12;138;14;9;11;36;14;3;8;14;2;8;11;13;15;9;3;2;12;12;7;3;4;6;6;0;2;3;4;6;2;0;4;16;3;8;5;8;2;0;0;0;3;1;3;1;1;6;0;3;6;18;2;8;5;5;0;0;1;3;3;1;6;9;4;0;3;11;3;6;4;5;5;6;7;7;5;5;2;1;1;2;1;1;0;0;1;0;4;12;1;4;3;2;2;2;2;4;0;2;3;3;7;2;3;4;0;10;2;2;5;4;3;2;1;0;0;1;0;0;1;1;0;2;0;1;2;0;0;2;0;0;1;2;3;1;0;0;0;1;0;0;0;0;0;0;0;0;4;0;20;4;3;3;0;5;2;4;0;2;0;2;0;1;2;3;4;4;6;0;3;0;0;1;0;2;0;2;3;0;0;0;3;2;0;2;2;2;1;0;0;3;0;0;3;20;4;0;1;1;1;2;3;0;0;1;1;1;0;0;3;2;0;0;0;1;1;0;0;0;2;0;0;0;0;1;1;0;1;1;2;0;0;0;0;0;4;1;0;1;2;2;0;0;0;0;0;0;0;2;0;1;1;3;0;3;0;0;0;1;0;1;0;1;0;1;6;1;1;1;0;2;0;0;0;1;1;1;0;0;3;0;0;1;2;0;1;3;0;1;4;0;0;0;1;0;0;2;0;10;2;2;0;5;0;2;1;3;1;2;2;1;2;0;7;0;4;8;6;3;7;2;3;1;7;2;0;9;1;2;0;2;22;2;2;2;18;39;12;0;29;0;92;4;1;1;12;3;2;6;2;8;0;1;3;2;2;0;1;2;0;0;0;1;1;0;0;0;1;0;0;;
03159000;42;93;85;20;24;28;29;39;52;19;46;37;45;21;37;614;472;59;115;126;335;53;1269;90;88;;1149;87;122;321;101;79;74;92;59;66;33;100;33;61;67;118;48;29;20;35;76;96;28;28;57;46;87;27;38;41;26;127;56;28;19;214;45;153;55;111;41;31;23;17;9;23;68;25;43;49;21;30;145;205;21;80;34;45;28;28;57;25;94;14;24;113;23;33;58;73;45;111;55;53;66;71;83;108;78;97;45;31;12;27;76;69;16;59;60;52;34;154;12;53;34;48;47;41;73;35;21;32;27;56;70;59;33;101;25;481;61;56;447;129;67;302;30;9;23;13;23;7;23;36;27;16;25;18;6;13;3;103;7;29;6;13;41;7;11;10;13;8;9;5;5;17;17;7;7;9;19;5;91;44;75;27;87;66;23;70;16;29;45;15;61;14;56;70;19;77;64;17;63;20;33;30;28;67;33;21;59;24;43;15;40;34;23;48;59;14;25;20;32;34;42;18;22;170;7;15;29;5;3;32;2;3;11;5;5;6;6;8;26;31;8;23;5;8;6;91;12;4;11;0;3;10;97;44;0;5;8;10;15;29;5;5;21;79;16;3;35;16;34;8;4;3;11;1;13;6;12;28;5;32;3;18;18;77;2;19;5;54;11;6;5;52;11;100;48;29;25;5;3;4;13;29;55;19;45;10;41;2;4;25;27;13;19;12;1;7;25;6;43;17;21;29;24;12;10;12;6;44;24;26;5;34;19;15;15;24;6;26;10;13;24;13;42;22;26;26;20;27;39;46;32;30;41;27;34;99;33;30;36;43;192;37;37;11;66;73;15;27;22;25;68;8;36;22;37;23;12;104;22;62;8;23;264;137;30;44;22;12;15;22;10;31;23;12;5;10;4;18;17;;
03241000;38;130;121;15;49;45;77;96;91;30;88;48;73;27;63;1169;617;167;206;348;278;114;189;836;160;552;;165;968;2139;164;743;1742;1484;122;111;41;186;42;116;686;83;127;132;31;35;201;186;77;80;118;68;137;60;59;85;61;170;103;33;36;409;59;185;67;119;26;23;23;16;10;16;50;37;51;48;18;43;100;277;22;108;18;67;17;16;20;32;76;13;25;148;39;28;58;85;44;191;87;115;61;186;276;92;68;99;29;22;20;34;26;32;16;26;50;40;41;240;25;45;23;30;26;33;36;32;4;45;17;42;52;16;18;74;7;125;42;27;47;31;34;29;25;27;9;10;6;6;26;14;6;10;19;24;6;9;4;11;3;13;4;22;63;6;3;7;10;2;6;10;6;7;1;3;6;13;17;1;128;40;46;19;45;36;19;35;11;14;8;5;27;11;66;33;20;59;62;8;49;16;9;9;4;65;24;11;29;8;18;6;46;24;16;20;38;11;25;8;10;33;25;6;31;334;9;8;10;14;12;14;7;4;33;24;18;9;7;7;58;7;17;27;14;10;8;10;8;6;13;2;9;11;11;2;5;3;5;4;26;6;5;4;8;1;10;10;3;14;25;6;6;4;5;2;6;8;0;2;5;8;5;44;12;81;2;9;8;2;9;7;5;3;16;8;36;10;11;4;3;9;11;11;8;16;40;6;7;6;5;18;5;8;15;14;15;10;7;19;43;10;8;15;11;3;19;15;12;56;19;17;6;26;17;18;9;18;17;35;17;10;15;12;82;24;42;31;54;33;65;27;38;14;24;13;36;111;11;31;15;9;207;19;18;16;100;152;60;25;61;8;102;31;20;24;59;42;17;54;10;39;3;23;21;39;15;9;11;7;7;5;1;16;9;4;6;5;6;2;4;;
03251000;7;14;15;3;6;8;14;19;12;2;14;12;13;6;9;169;30;5;5;14;15;7;17;10;6;32;211;;14;31;8;305;30;28;54;24;5;17;122;87;39;29;8;303;209;13;142;143;29;30;30;78;44;26;5;24;345;126;420;41;16;1365;37;23;11;10;5;9;3;3;1;2;12;9;8;3;7;10;12;30;0;13;5;7;8;0;3;11;11;5;4;38;19;8;14;34;9;29;20;24;6;20;204;9;8;12;7;4;4;4;7;8;1;4;10;10;7;15;3;7;3;2;2;3;8;4;3;5;4;6;13;2;3;3;0;14;5;0;5;5;2;0;3;0;0;4;2;0;3;5;1;3;3;2;1;1;1;1;4;1;1;3;5;2;0;2;0;0;1;6;0;1;1;1;2;1;3;1;11;4;3;2;11;4;4;5;2;1;0;1;2;0;6;5;0;7;6;0;12;2;1;1;2;5;6;1;4;2;2;1;3;8;4;3;2;1;1;2;0;7;3;0;2;28;0;0;0;0;1;1;2;0;4;5;0;2;1;1;4;0;1;6;0;0;5;1;1;0;1;0;0;3;2;1;2;0;0;0;3;0;0;0;5;0;0;5;0;1;1;5;2;0;0;0;1;4;0;0;1;1;0;1;1;8;0;3;0;1;4;1;1;3;1;0;3;3;3;0;1;1;1;3;2;1;1;0;2;2;3;1;1;1;0;1;2;3;0;0;1;1;4;3;0;0;2;2;1;7;4;3;2;2;0;3;0;4;4;5;4;2;6;7;7;6;6;9;12;8;15;3;3;2;5;2;1;5;2;1;3;5;16;2;1;5;5;9;2;1;2;7;5;4;0;2;4;5;0;5;1;1;0;2;0;2;0;0;2;2;1;0;0;2;0;1;0;0;2;1;2;;
03252000;6;12;10;2;2;4;2;12;8;1;10;4;4;1;7;81;37;13;14;10;16;6;30;21;14;81;746;10;;243;238;28;294;24;12;12;7;16;5;17;20;16;7;12;0;6;19;27;12;5;16;9;14;7;3;9;10;17;29;1;7;39;5;22;8;11;5;4;3;4;2;5;7;5;5;5;4;8;9;24;2;8;4;13;6;2;3;4;5;0;7;18;5;2;10;7;6;42;15;29;45;351;67;56;9;12;2;7;3;4;14;7;2;4;8;7;3;13;7;4;4;0;1;2;3;1;0;3;1;4;7;11;4;15;1;9;3;6;14;3;4;2;2;4;0;1;0;1;4;0;1;3;3;2;0;0;0;1;1;2;0;1;1;1;0;0;1;1;0;1;0;0;1;1;3;0;1;0;10;2;2;3;4;1;2;9;1;3;0;0;2;2;7;2;2;5;9;3;6;4;1;1;0;2;0;1;2;3;1;6;3;3;4;1;4;2;3;0;1;2;1;0;6;21;2;1;2;3;0;0;0;1;3;2;1;1;2;0;2;2;0;0;2;0;0;3;0;2;0;1;0;2;1;0;0;1;0;2;3;0;1;0;1;0;1;2;0;1;4;1;0;1;1;0;3;1;2;0;0;0;0;3;2;7;0;0;1;0;0;0;0;0;2;2;5;1;2;1;0;2;0;1;0;3;3;2;0;0;0;0;1;1;2;3;1;1;0;2;7;1;0;0;1;0;6;2;1;5;1;1;1;2;1;4;1;0;2;4;3;0;3;2;6;4;2;7;5;1;6;2;4;1;0;0;1;5;0;0;1;3;19;2;7;1;6;13;2;3;6;1;13;0;2;1;5;2;0;5;1;9;0;2;2;3;1;2;0;1;2;1;1;0;1;0;0;0;2;1;4;;
03254000;16;29;22;9;14;15;24;31;18;10;19;20;10;10;9;218;240;161;38;59;210;41;182;321;123;239;1802;32;260;;240;56;75;94;29;23;7;42;7;27;55;27;22;26;14;8;37;57;17;17;28;23;25;12;13;17;14;22;38;10;10;79;15;25;14;23;11;12;7;6;0;3;11;10;6;11;3;7;17;49;3;21;3;11;0;4;9;9;15;5;6;30;10;5;10;20;7;45;15;15;19;37;41;23;19;17;8;5;5;10;8;5;3;6;7;8;10;39;4;11;4;7;4;4;13;4;3;5;6;9;16;8;4;18;2;37;9;6;13;10;10;14;3;2;1;5;1;0;1;3;0;4;2;7;1;0;3;1;1;4;1;4;14;0;0;2;1;0;6;2;1;1;1;0;1;2;6;1;30;10;14;2;18;4;7;6;1;4;4;4;6;0;13;9;7;15;13;2;15;7;5;3;0;13;3;1;6;1;4;1;12;7;3;9;8;5;4;8;5;9;3;2;5;48;3;0;6;3;5;2;0;5;4;5;1;2;1;0;13;0;4;6;3;5;2;1;2;1;1;0;1;5;0;1;2;1;1;1;5;0;1;2;2;0;3;3;0;4;4;1;1;2;0;0;1;2;0;3;0;0;1;4;3;13;2;1;2;1;1;2;1;1;1;0;10;4;1;3;1;4;0;0;4;5;7;1;4;2;1;2;1;2;2;2;5;2;0;5;8;1;0;2;5;0;3;2;0;17;4;2;2;5;5;4;2;4;1;6;0;2;0;3;13;9;6;9;14;10;15;3;3;3;4;3;5;23;4;5;6;5;60;6;5;2;21;44;9;4;19;2;31;6;7;8;14;7;4;15;4;11;0;5;8;9;3;2;1;1;5;1;0;4;6;0;3;5;0;0;0;;
03255000;4;6;4;0;3;1;5;2;6;1;4;5;1;2;5;47;26;14;4;8;18;5;164;9;9;91;211;3;246;229;;16;22;15;10;6;1;6;1;7;7;5;4;7;4;1;11;14;9;2;3;6;11;1;2;4;3;6;5;4;0;12;5;7;5;9;1;3;1;2;0;0;8;1;4;2;0;2;2;14;2;4;2;9;1;0;0;2;3;0;1;8;4;3;8;6;5;17;9;13;385;57;11;48;5;9;1;1;3;2;6;6;0;3;9;1;2;7;1;0;1;1;2;2;4;1;0;3;0;4;6;2;0;5;0;9;2;0;30;6;5;5;2;0;0;0;0;0;1;0;0;2;0;1;0;0;1;1;0;0;0;2;2;1;0;0;2;1;1;0;0;0;0;0;0;0;1;0;6;2;1;4;3;0;1;2;1;1;1;0;1;2;5;1;1;2;3;0;3;1;0;0;2;1;3;0;2;1;3;0;3;2;0;0;0;0;0;1;0;0;2;2;1;7;0;0;1;0;0;0;0;0;5;0;0;0;0;6;2;0;0;0;0;0;1;0;0;0;0;0;0;1;2;1;1;1;0;0;0;0;1;0;0;3;0;1;0;1;2;0;0;0;0;0;0;0;1;0;0;0;0;0;0;1;0;0;1;0;1;0;0;0;0;0;2;0;1;0;0;0;1;0;2;0;0;0;0;0;0;2;0;0;1;0;0;0;0;0;0;1;2;0;0;0;0;1;1;1;1;2;0;2;0;0;1;2;0;0;0;0;2;1;1;0;3;3;3;1;1;2;1;0;0;0;1;0;1;0;0;0;8;1;0;0;5;5;0;1;3;0;6;2;0;1;1;0;4;1;0;1;0;1;2;6;0;2;1;1;3;0;0;1;2;0;0;0;0;0;1;;
03256000;4;11;8;4;9;5;10;9;2;3;8;7;11;6;3;59;31;14;9;20;11;4;20;16;10;32;668;328;30;64;12;;135;64;16;12;3;23;10;40;108;11;11;152;11;8;28;35;14;11;13;12;24;5;5;13;15;23;36;6;1;115;15;10;5;8;1;2;2;3;1;0;5;6;4;4;1;4;5;15;4;11;0;0;1;3;2;4;5;2;3;11;3;6;6;14;9;31;13;29;5;16;276;17;5;6;4;2;2;2;1;6;2;5;2;2;1;7;0;1;0;2;2;0;0;1;1;1;2;2;7;1;1;2;2;2;3;1;2;4;3;2;0;0;1;2;3;3;2;0;2;1;1;1;2;0;1;4;0;0;0;2;2;0;0;0;0;0;1;1;0;0;0;0;0;3;1;1;8;0;2;0;1;4;4;1;1;2;1;1;2;2;3;3;0;2;1;0;1;1;1;1;1;3;2;0;0;0;2;0;4;1;3;0;0;0;0;4;0;4;3;0;0;15;0;0;2;1;0;3;0;1;3;1;0;0;2;1;1;1;0;0;0;1;0;0;0;1;1;1;2;1;0;0;1;0;2;0;2;1;0;0;0;0;1;0;1;1;0;0;0;0;0;0;4;1;0;2;0;0;1;1;1;4;0;1;1;0;0;0;0;0;0;1;2;1;0;1;0;0;3;1;1;3;2;0;0;0;0;4;0;1;2;2;2;2;0;1;0;4;3;0;0;0;0;0;3;1;2;1;1;1;0;5;0;2;2;4;0;2;1;0;1;2;3;6;8;4;5;3;2;1;1;4;4;6;2;2;1;2;9;0;2;2;8;7;4;3;7;2;4;6;4;4;1;2;1;4;2;2;1;2;1;0;0;1;2;2;2;2;0;1;1;0;1;1;0;0;0;;
03257000;6;10;13;1;3;4;6;11;13;2;10;8;4;1;4;92;33;7;13;11;14;6;10;27;12;36;1263;31;299;92;25;144;;30;11;12;4;11;7;8;39;5;5;10;1;3;17;47;7;4;15;8;14;10;4;9;4;31;9;4;6;31;5;14;16;8;4;1;1;3;0;1;11;4;7;7;5;8;4;34;2;11;2;4;2;3;2;3;18;0;6;28;9;2;9;14;10;89;22;79;17;192;578;31;8;15;1;5;3;4;4;7;1;4;12;2;2;11;1;3;2;2;1;2;2;3;2;0;1;1;8;0;0;10;1;8;3;3;8;8;7;3;4;1;1;1;0;0;3;1;1;1;2;2;0;0;0;1;0;1;0;3;5;3;0;1;1;0;3;2;0;2;1;0;1;2;3;0;12;5;2;2;2;4;1;1;2;0;1;0;4;1;2;1;2;8;4;2;3;1;1;2;0;3;5;3;5;0;3;0;3;4;5;2;4;2;2;4;1;5;0;2;3;14;0;0;3;0;0;1;0;2;2;1;1;0;1;0;6;3;3;2;3;2;3;0;2;0;1;0;2;1;0;0;2;0;1;0;2;0;0;1;0;0;1;0;0;0;2;0;0;0;0;1;0;3;1;1;1;3;1;1;2;8;3;2;1;1;3;0;0;2;1;0;3;3;1;1;1;0;3;0;1;1;5;0;0;0;0;4;0;0;0;1;2;4;4;1;4;1;1;7;1;1;1;1;0;2;2;0;1;2;4;3;3;2;0;3;1;3;3;2;4;3;6;4;7;4;5;4;4;2;5;2;4;7;3;2;1;2;18;5;3;7;7;15;3;4;3;0;12;5;0;3;6;4;4;4;2;4;0;1;0;8;2;4;1;0;1;0;0;3;0;1;1;0;0;0;0;;
03351000;8;28;21;3;8;12;16;17;19;9;18;10;13;4;15;185;182;19;39;201;24;29;24;69;26;78;1110;47;45;103;11;62;44;;31;29;22;80;18;49;308;22;106;35;6;2;28;26;13;21;14;13;34;12;10;29;14;15;17;16;7;62;14;14;10;17;2;5;3;4;3;1;7;7;6;5;5;6;12;24;1;9;2;15;1;1;5;4;16;0;9;12;4;2;9;12;8;17;8;9;5;18;18;15;14;10;3;2;6;5;2;6;1;5;4;6;0;13;3;3;3;0;3;4;7;5;4;1;3;6;7;6;5;13;1;10;4;2;7;5;6;5;4;5;3;0;1;5;4;4;5;1;3;1;2;0;2;0;0;0;1;4;2;0;0;0;0;0;1;1;0;4;0;0;0;1;2;0;8;2;6;3;5;1;3;6;0;1;2;0;3;0;6;6;0;3;5;0;2;1;2;1;1;8;5;3;2;3;1;5;8;3;3;3;7;3;2;2;4;4;2;2;4;26;0;0;1;1;1;4;2;1;4;2;1;1;0;1;7;2;2;1;1;3;0;0;0;1;1;1;0;0;2;2;1;0;0;0;2;0;2;2;2;4;0;4;0;2;1;0;2;0;0;1;1;0;0;0;0;0;0;3;1;3;0;2;1;0;0;0;1;1;0;0;2;1;2;0;2;0;1;2;2;2;3;2;2;1;2;6;1;0;1;1;2;3;0;1;5;0;0;6;0;1;3;0;1;11;2;3;0;4;5;6;2;6;1;5;6;1;5;4;14;6;12;10;6;9;12;12;10;3;3;2;9;6;2;2;7;3;22;3;2;4;13;22;26;4;8;1;16;6;1;3;5;9;5;7;0;5;1;3;1;7;2;1;1;2;6;3;0;2;2;0;0;3;1;1;0;;
03352000;11;31;20;9;22;11;17;13;42;9;18;20;25;14;13;309;24;13;11;14;17;7;12;13;10;31;160;49;17;31;2;15;13;11;;39;1;34;195;194;33;402;11;39;30;11;120;39;37;23;28;21;27;36;8;22;30;22;22;79;19;375;1453;8;9;14;6;5;2;0;2;5;4;6;10;5;4;4;8;26;3;11;7;5;3;3;7;6;12;2;5;13;12;5;12;8;4;15;6;9;7;12;18;8;7;10;6;6;3;7;5;10;1;7;7;7;4;16;0;4;2;3;4;5;4;7;1;3;4;5;8;9;1;7;1;7;2;5;0;1;2;2;5;1;2;4;2;3;8;4;4;3;1;3;1;3;1;7;0;0;1;0;6;0;0;2;0;0;2;1;0;1;0;0;1;3;5;0;9;2;4;0;6;2;5;5;1;2;3;1;2;1;6;1;5;3;4;2;3;1;2;1;1;6;4;0;5;1;0;0;3;3;2;1;6;0;5;1;1;4;3;2;1;16;0;0;0;0;1;1;1;0;4;1;1;2;1;2;8;2;0;6;4;2;0;0;1;0;2;1;1;1;0;0;0;1;0;1;2;0;0;0;4;0;1;0;0;2;3;0;0;3;0;0;1;1;1;0;0;2;0;1;0;6;0;2;1;1;2;0;0;0;0;0;4;2;1;0;0;1;1;1;2;1;3;1;0;0;1;4;1;0;3;2;2;2;0;2;3;0;1;2;0;0;3;1;1;5;3;2;2;1;2;4;1;2;6;5;2;1;1;3;15;6;7;10;12;8;9;12;4;2;1;2;2;9;6;2;2;1;19;3;3;3;5;5;2;2;3;1;4;1;3;3;2;6;1;4;3;3;0;2;1;1;2;4;2;1;2;2;0;2;1;0;1;1;0;1;0;;
03353000;27;77;69;17;30;185;48;72;152;24;46;39;99;23;109;2856;28;18;8;13;10;5;8;8;9;40;115;17;9;20;6;19;11;38;50;;27;729;19;350;237;626;91;30;8;5;37;24;11;17;17;12;19;10;5;11;13;16;9;6;3;86;17;19;7;10;5;7;2;4;1;3;8;7;10;4;2;6;10;24;1;15;7;7;5;3;6;4;15;0;5;23;6;2;6;14;9;9;10;7;7;6;6;3;6;11;1;2;1;8;2;8;1;7;2;5;6;22;4;7;3;2;4;7;6;5;1;6;4;4;10;4;0;9;1;9;9;5;10;5;2;5;3;4;7;2;1;2;3;0;3;1;7;4;2;1;2;0;1;4;2;4;7;3;0;0;2;0;0;4;2;1;1;0;0;2;4;2;8;7;8;3;7;4;5;6;5;1;3;5;6;2;5;8;7;6;3;3;4;3;6;5;2;7;4;1;3;3;2;1;5;3;5;5;5;0;3;3;0;7;7;3;2;45;3;0;0;1;2;1;4;1;4;1;1;0;3;0;12;0;2;4;0;5;4;2;2;1;2;1;1;4;1;0;1;0;0;0;4;0;0;0;0;2;1;0;1;1;6;0;0;0;2;0;1;2;2;0;0;1;4;2;3;13;0;4;3;1;0;2;1;0;0;2;5;1;2;1;1;2;1;3;0;2;4;1;1;0;5;2;2;2;1;2;3;2;1;6;3;1;1;0;2;0;3;1;2;10;7;4;0;6;6;5;3;6;5;9;10;2;12;8;33;17;27;24;38;27;27;56;10;2;4;7;2;14;5;3;2;3;23;2;3;3;9;8;9;4;9;2;6;4;1;3;3;5;4;9;2;6;0;2;1;3;1;0;0;1;4;2;0;4;1;0;0;1;1;1;2;;
03354000;2;7;9;1;10;11;7;5;12;4;5;4;8;1;9;109;20;1;7;14;9;7;3;2;2;16;48;4;4;10;1;4;4;16;3;20;;155;0;7;15;9;162;1;3;0;8;5;1;1;3;3;1;1;0;1;4;0;2;1;2;13;1;3;5;0;0;0;1;0;0;0;2;2;2;2;0;1;4;4;0;3;0;1;0;0;1;0;1;0;0;3;0;0;4;3;0;1;0;0;5;3;8;2;2;3;0;0;0;2;3;2;1;0;0;5;0;2;0;1;0;0;0;2;2;0;0;0;0;1;1;3;2;3;0;3;1;1;1;1;3;2;0;0;0;0;2;1;0;0;1;1;0;0;2;3;0;1;0;0;0;0;1;0;1;0;2;0;0;0;0;0;0;0;1;0;1;0;3;2;1;1;1;0;1;1;0;0;0;3;0;0;2;1;2;4;0;0;1;0;0;1;1;2;2;0;0;0;0;0;4;2;0;0;3;0;1;0;1;1;0;1;0;4;1;0;1;0;0;2;0;0;1;0;3;0;0;0;1;0;0;1;1;0;0;0;0;0;0;0;0;0;0;0;0;0;0;2;1;0;0;0;0;0;1;0;0;1;2;0;1;0;0;0;0;0;0;0;2;0;0;0;0;1;0;0;0;0;0;0;0;0;0;0;0;0;1;0;0;1;0;0;0;0;0;0;3;0;0;0;1;0;0;2;0;1;0;1;1;0;0;0;1;0;1;0;1;2;1;0;0;0;0;2;0;0;0;2;20;0;0;1;8;13;4;10;2;7;4;47;1;0;2;0;1;2;0;3;2;3;14;0;1;0;3;14;90;1;6;0;4;2;0;2;0;27;1;3;0;1;0;0;0;0;0;2;3;0;0;0;0;2;0;0;1;1;0;0;0;;
03355000;31;71;78;13;20;202;31;48;70;16;26;28;43;22;89;1131;58;9;14;29;16;7;14;14;13;69;188;15;17;40;7;20;15;74;32;570;166;;11;38;118;84;608;20;2;5;47;32;11;11;17;8;21;10;5;13;5;19;11;7;6;73;10;18;3;15;2;6;2;2;1;2;8;6;7;5;5;3;19;30;3;10;2;4;1;1;4;5;13;5;4;25;2;5;6;9;2;10;3;6;6;9;19;10;9;14;6;5;0;6;3;8;0;2;3;4;7;19;4;9;2;3;3;7;4;10;2;3;3;4;9;7;3;16;2;18;2;1;2;3;3;4;4;2;1;2;2;0;4;2;2;5;3;4;4;0;1;1;0;5;2;2;9;3;1;1;2;1;0;1;1;1;0;0;1;2;3;1;17;2;4;2;9;8;0;1;0;3;3;1;1;0;8;4;2;11;10;1;8;2;3;1;0;16;7;5;1;2;3;2;8;5;3;6;7;1;2;1;5;4;6;1;7;40;0;1;2;3;0;4;2;0;4;3;0;5;2;1;5;0;3;4;0;1;1;1;5;0;1;0;2;2;0;1;0;1;1;0;5;0;0;0;1;0;1;1;1;5;10;3;1;2;2;1;2;0;0;0;0;2;1;5;2;11;1;3;1;2;6;1;0;0;1;2;8;3;1;1;0;0;3;3;0;2;11;0;1;0;0;2;0;2;0;2;1;2;0;4;6;8;2;2;2;0;1;3;0;14;7;0;2;7;5;4;6;0;7;10;8;3;3;4;31;28;18;20;24;28;15;138;6;2;3;2;1;13;4;5;3;3;38;2;1;1;11;14;15;4;6;1;9;1;2;1;1;13;0;10;2;10;1;2;1;5;0;0;0;1;1;0;1;2;1;0;0;1;0;0;1;;
03356000;6;11;7;0;4;7;12;2;6;3;7;7;4;2;7;97;10;3;7;4;11;1;3;8;3;11;51;81;5;6;2;7;3;17;246;16;0;10;;266;22;18;6;146;39;8;50;18;10;16;10;11;8;18;4;12;47;5;16;63;7;1524;74;8;3;8;5;1;0;2;3;0;3;0;1;2;0;3;3;14;0;6;1;0;6;0;1;1;6;2;3;16;2;1;6;4;5;4;0;3;1;3;8;4;6;4;2;2;1;0;2;1;0;1;2;4;3;4;0;2;4;0;1;0;1;2;5;2;2;1;4;0;2;4;0;5;4;0;2;2;0;2;3;1;1;1;0;0;0;5;0;3;1;0;0;0;0;0;0;2;0;1;5;0;0;1;0;0;0;1;0;0;0;0;0;1;0;0;7;4;6;0;3;0;1;0;0;1;0;0;1;0;1;0;3;6;3;0;4;0;2;0;0;4;1;3;2;0;1;0;1;0;1;0;4;0;4;1;1;5;3;0;2;17;1;0;0;0;1;0;0;1;1;0;0;3;0;0;3;0;0;4;1;1;0;0;0;0;1;0;0;0;0;0;0;0;0;0;1;0;0;1;3;0;0;1;0;1;1;0;0;1;1;1;2;0;0;0;1;0;0;4;0;2;0;2;0;1;0;1;0;0;0;0;3;3;0;0;0;1;1;0;0;0;0;1;0;0;1;1;0;1;0;1;1;2;0;3;1;0;0;1;2;0;0;1;2;3;2;0;0;3;3;5;1;3;0;3;2;0;1;4;6;2;7;5;6;5;7;5;0;0;1;1;1;2;1;2;0;0;6;1;1;1;2;1;0;0;0;1;2;1;2;0;1;5;0;2;0;1;0;0;0;2;2;0;3;1;0;0;0;0;1;0;1;1;0;0;0;;
03357000;14;33;26;2;18;15;10;21;33;10;21;13;31;12;15;417;27;6;6;7;12;7;11;9;15;35;160;83;10;28;7;44;9;34;192;182;9;58;203;;264;357;22;360;26;10;81;29;22;22;22;23;46;17;9;18;30;25;22;20;7;436;64;10;5;9;2;4;1;0;2;0;7;4;4;5;5;5;6;22;3;7;4;6;1;6;1;5;16;0;6;20;7;2;13;14;3;6;7;2;7;10;15;5;5;8;3;10;3;7;5;3;0;2;7;7;2;16;1;8;3;3;2;2;1;1;0;2;1;10;4;5;2;4;1;14;1;3;8;1;1;4;3;0;3;3;3;1;1;2;3;4;5;4;4;6;2;2;0;2;1;1;3;0;1;0;2;3;1;3;1;0;1;1;0;1;2;2;9;2;10;1;3;1;2;4;0;1;3;1;0;1;3;4;1;4;4;4;6;0;1;3;1;6;4;3;3;1;1;1;3;4;0;3;2;1;2;3;4;3;3;4;1;19;4;0;2;2;3;1;2;1;1;2;0;0;1;0;7;0;4;4;0;1;1;1;2;0;2;3;1;1;0;0;1;0;1;0;1;1;0;0;0;1;1;2;0;1;1;0;0;1;0;1;1;1;0;1;0;0;1;2;1;9;0;2;0;0;1;0;0;0;0;1;2;0;3;1;1;0;2;1;1;1;3;0;4;0;0;0;0;0;0;0;0;3;2;2;4;0;0;3;2;3;2;1;4;2;3;2;2;3;3;5;2;1;4;6;4;2;1;7;16;9;15;19;17;6;12;11;2;1;0;1;2;7;5;0;2;2;15;3;2;1;7;8;6;4;1;3;5;2;2;2;4;5;0;6;3;4;0;3;2;3;0;0;1;1;2;0;1;0;1;2;1;2;0;2;1;;
03358000;12;23;22;4;11;26;14;34;33;4;15;18;27;5;18;283;984;18;51;48;22;17;24;39;25;875;740;68;50;100;10;137;44;418;39;199;24;118;26;293;;65;93;117;9;4;442;993;15;14;6;18;27;7;15;35;11;138;19;20;9;93;10;6;7;6;4;5;0;1;1;0;6;4;11;2;0;6;7;14;3;13;3;8;4;3;2;0;4;0;6;8;12;3;15;10;5;12;8;7;5;20;17;6;10;2;2;5;5;2;2;5;0;5;5;7;3;11;3;6;1;5;5;4;4;0;3;5;2;1;8;4;3;4;3;2;2;3;10;4;5;6;2;3;3;7;1;0;5;1;2;3;1;2;1;0;3;2;0;1;1;2;4;2;0;2;0;0;1;3;0;0;3;0;3;3;3;3;6;5;2;1;9;7;6;6;2;2;2;1;5;1;3;2;0;2;7;3;7;1;1;0;5;6;9;0;6;0;4;1;4;3;5;1;4;1;3;0;2;4;2;2;3;21;1;1;3;2;2;0;0;0;4;2;0;0;1;0;6;0;2;1;2;3;3;0;2;0;2;5;0;4;1;0;3;2;1;0;2;0;0;1;0;0;2;1;1;1;3;0;0;0;1;2;1;0;0;0;0;0;1;2;0;2;0;3;0;0;0;2;2;2;1;0;3;1;3;0;2;1;1;1;1;2;4;0;3;0;0;1;3;1;1;1;1;1;3;0;5;0;0;2;1;0;1;0;2;2;3;4;0;1;5;6;1;3;4;3;5;3;9;3;12;6;14;7;10;8;11;25;5;1;2;1;2;11;4;3;1;3;20;3;1;3;11;13;7;5;3;5;6;4;3;4;5;8;2;7;2;4;0;1;1;7;3;0;2;0;3;0;0;0;1;1;4;0;0;1;1;;
03359000;31;54;33;15;22;40;23;37;105;13;42;30;61;41;53;1330;32;8;7;9;13;5;5;7;7;41;109;24;9;26;3;13;11;25;436;439;9;91;21;419;54;;24;34;12;2;48;25;11;10;20;15;22;13;3;15;11;16;24;10;4;89;33;13;3;13;1;4;2;1;3;2;7;7;5;3;2;8;6;18;1;12;6;3;3;1;4;5;11;2;12;15;7;4;12;17;11;7;9;7;3;6;12;8;9;6;3;2;5;7;9;4;0;10;2;6;5;19;1;3;5;4;2;0;9;1;2;7;1;5;5;9;2;9;2;8;2;1;8;3;4;7;2;2;1;7;1;0;3;1;1;2;3;1;1;1;1;2;0;1;0;2;4;0;0;1;2;1;1;1;0;2;0;2;0;0;5;1;9;4;4;1;4;4;0;6;2;5;2;2;2;0;9;1;6;4;2;2;5;2;4;1;0;6;2;5;4;5;0;0;6;3;1;5;3;3;2;1;3;6;6;1;4;19;0;1;2;0;3;1;1;1;3;2;2;6;1;0;2;0;3;2;2;3;0;1;1;1;0;0;3;2;6;0;0;1;0;1;4;0;0;0;0;0;0;4;0;1;3;1;0;0;0;0;2;1;0;2;0;1;1;1;2;9;0;4;0;1;1;0;0;0;2;1;2;0;0;0;5;0;1;2;1;1;3;1;0;0;1;3;1;2;1;0;2;2;2;2;3;2;0;1;1;0;0;1;0;9;3;5;2;2;5;4;0;1;4;1;3;2;2;3;22;10;17;24;30;15;28;24;6;2;4;2;1;14;5;7;2;4;19;2;1;2;7;14;4;1;1;1;6;3;1;1;1;6;2;9;0;2;0;0;1;4;0;1;0;0;1;1;0;1;0;0;0;1;0;2;1;;
03360000;6;23;19;5;10;22;10;17;24;4;14;14;14;3;25;223;44;10;21;92;13;11;6;12;9;29;152;7;16;23;8;15;6;103;6;72;141;442;5;20;93;17;;5;2;1;22;7;8;6;8;2;6;3;1;6;7;10;8;7;2;26;5;6;3;6;1;3;0;2;0;2;3;7;4;1;3;5;7;10;0;3;1;4;0;0;1;1;7;0;1;3;2;2;3;3;2;4;2;3;0;3;4;3;3;4;2;2;1;3;1;5;1;5;1;3;0;6;0;1;1;3;1;2;3;3;1;3;0;1;2;2;0;1;3;7;1;0;0;0;5;4;2;3;0;2;0;0;2;1;1;1;3;3;1;0;0;0;0;1;0;0;1;0;0;1;0;0;1;1;0;0;0;0;1;0;2;1;8;4;1;2;1;2;2;2;2;2;0;0;0;0;3;4;1;1;5;0;2;1;0;0;1;1;0;0;1;1;1;0;3;1;0;0;6;2;1;0;1;1;1;0;1;12;2;0;3;0;0;0;0;0;1;2;0;0;1;0;5;0;2;0;0;2;0;0;3;0;0;3;2;0;1;0;1;1;0;0;1;1;0;0;2;0;2;0;0;1;0;2;0;1;0;1;0;1;0;0;1;1;1;0;1;7;0;1;1;0;1;1;1;1;0;0;3;0;2;0;0;0;0;0;1;0;3;0;1;0;1;0;1;0;2;2;2;0;0;3;0;0;0;0;1;0;0;0;0;6;3;1;4;3;4;3;0;1;2;2;8;1;0;1;6;4;5;5;9;10;8;19;5;2;2;1;1;5;3;4;0;1;14;2;3;0;11;13;58;5;7;0;6;1;1;1;3;14;3;1;0;3;0;1;0;1;1;0;1;1;1;0;0;0;0;1;0;0;0;1;2;;
03361000;6;14;6;3;7;8;12;8;13;4;9;9;10;4;8;145;21;3;3;12;12;4;5;5;5;16;161;338;9;21;4;206;8;24;53;25;1;23;151;444;125;25;6;;42;10;66;25;13;14;16;14;20;7;1;13;48;17;17;18;3;1025;32;11;10;1;2;1;1;0;1;3;4;4;0;3;3;6;3;13;7;12;1;4;2;2;3;3;6;0;1;13;5;7;5;9;5;11;9;4;1;9;12;10;8;7;1;5;0;3;0;2;0;0;3;3;2;8;1;8;3;4;3;2;1;5;0;3;1;2;5;1;3;5;1;7;1;1;3;0;1;1;1;2;5;1;3;0;1;1;2;3;0;1;1;1;0;1;0;3;1;1;5;0;2;1;2;0;2;0;0;1;1;0;0;1;0;2;5;2;2;0;2;2;1;0;1;4;0;0;0;0;2;1;2;3;4;0;6;1;0;4;0;5;4;4;1;1;1;0;4;4;3;2;4;0;1;0;1;5;0;1;1;17;0;0;2;1;1;0;1;0;2;0;2;0;0;2;1;0;3;2;0;1;0;1;3;1;0;1;2;0;0;1;0;1;1;0;1;0;0;1;3;0;0;1;0;0;5;1;0;1;1;0;0;1;0;0;0;0;0;2;0;1;0;0;1;0;4;2;1;0;1;0;4;5;3;0;1;0;1;0;0;1;4;0;1;0;1;2;0;0;0;0;2;0;0;1;3;3;1;0;3;1;0;2;0;1;2;4;0;3;5;3;1;2;3;2;1;0;1;0;8;4;7;5;8;6;4;8;0;0;4;2;1;4;1;0;1;2;13;0;3;1;6;7;0;2;3;1;3;2;0;3;5;2;5;3;0;0;0;0;1;1;1;0;2;1;1;1;0;2;0;1;0;0;0;0;0;;
03401000;1;6;5;1;5;4;2;2;7;1;6;4;1;0;1;61;7;3;6;2;5;2;2;7;2;12;53;220;5;10;0;9;4;8;40;11;2;7;47;25;15;13;2;50;;6;112;12;31;33;15;36;31;14;2;13;795;15;42;105;12;570;32;5;5;11;0;1;0;5;2;1;2;2;2;4;2;1;0;14;0;4;2;2;3;0;1;4;5;1;2;9;4;0;9;10;2;8;7;4;1;3;13;8;2;8;3;3;0;6;0;0;1;1;2;5;4;10;1;3;4;0;0;0;5;1;3;4;1;2;2;0;0;0;1;4;0;2;1;1;1;2;0;0;0;1;0;0;1;1;2;1;0;1;1;0;0;0;0;0;0;0;1;0;1;2;1;0;0;0;0;2;0;0;0;2;0;1;3;0;3;0;3;0;2;0;1;0;1;0;0;0;1;2;2;3;0;0;1;5;4;0;0;0;0;3;2;0;0;1;2;3;0;3;1;1;3;0;0;1;1;2;3;10;1;0;1;1;0;1;0;0;0;1;0;1;0;0;3;0;1;1;0;2;0;0;0;0;0;0;0;0;1;0;1;0;1;0;0;0;2;0;0;0;1;0;0;0;4;0;1;0;0;0;0;0;0;0;0;0;1;0;0;1;0;1;0;0;0;0;0;0;0;2;1;1;0;0;1;0;0;1;0;1;1;0;0;0;1;1;0;0;0;1;1;0;0;2;5;1;3;1;0;0;0;0;3;0;1;0;0;0;0;0;0;0;2;2;1;0;0;0;6;1;3;3;2;4;4;7;0;0;4;0;0;4;2;0;1;1;6;1;1;0;0;4;0;1;0;3;3;5;0;1;2;2;0;1;0;0;1;0;1;0;2;3;1;0;0;0;0;0;0;0;0;1;0;0;0;;
03402000;0;8;7;0;1;0;5;1;3;0;2;5;4;2;1;57;14;2;6;4;7;2;2;1;3;9;53;12;2;9;0;5;4;6;7;9;0;11;3;7;6;13;0;5;4;;97;21;17;33;660;26;70;12;5;226;11;15;9;12;17;57;14;12;6;9;2;1;5;1;1;1;4;1;6;3;2;3;2;8;1;10;1;2;0;0;0;0;5;2;3;17;9;6;6;10;4;5;4;4;3;5;4;4;5;8;1;6;1;2;6;3;1;2;3;2;1;4;0;0;1;1;0;1;2;0;1;0;2;3;3;0;1;1;0;2;3;0;8;1;2;0;3;0;1;2;0;2;0;0;0;0;0;1;1;0;0;0;0;1;1;2;2;0;1;0;1;0;0;2;0;1;0;0;1;1;2;0;17;5;3;1;10;4;0;2;0;0;1;0;2;0;2;0;1;5;3;1;2;0;0;1;0;2;1;1;2;0;3;1;3;1;0;3;2;2;1;0;0;1;0;0;2;9;0;0;2;2;0;0;1;0;0;0;0;2;0;1;3;0;1;0;0;1;1;0;0;0;0;1;2;0;0;0;1;0;0;0;1;0;0;0;1;0;2;0;0;2;1;0;1;0;0;0;0;0;0;0;0;0;0;1;0;4;2;0;1;0;0;0;2;0;1;2;6;0;0;0;0;1;0;2;0;1;2;0;2;0;1;5;0;0;1;0;1;0;0;2;2;2;1;0;0;0;0;1;0;5;0;0;0;0;0;0;0;4;1;0;1;0;1;0;5;1;2;0;5;1;3;2;5;0;1;1;2;3;1;3;0;0;3;3;0;0;2;3;0;1;1;0;2;0;2;1;0;5;0;1;0;2;0;1;0;1;1;0;0;1;0;0;0;0;0;0;0;2;0;0;2;;
03403000;14;30;32;5;6;14;15;10;15;8;16;5;21;11;10;349;73;8;37;36;11;10;23;33;21;78;401;127;22;63;10;41;27;31;99;49;7;56;39;75;28;50;13;69;91;44;;115;146;1806;158;362;210;274;30;232;1105;91;126;346;77;433;55;39;8;29;3;7;3;3;2;3;8;4;14;6;6;8;21;60;5;27;9;10;6;3;3;5;15;2;11;81;7;9;20;40;9;32;17;11;4;12;23;13;14;28;9;7;4;7;4;6;3;4;15;6;6;38;2;11;4;2;4;2;4;5;1;3;2;4;15;2;1;14;1;17;5;0;7;6;2;4;4;2;0;1;1;0;3;2;3;4;3;4;2;0;1;2;0;0;4;3;6;2;0;1;4;0;1;2;0;0;0;2;0;0;3;0;14;5;8;1;6;1;2;6;1;3;1;3;1;2;6;4;2;6;9;1;6;6;1;3;0;14;7;2;5;0;5;0;4;7;1;2;8;1;5;0;1;2;2;1;6;50;4;3;1;4;4;1;1;0;2;3;2;0;2;0;9;1;0;3;7;0;0;0;2;1;1;0;0;1;0;1;2;0;1;1;3;1;0;1;0;0;1;0;0;2;3;1;0;0;0;1;0;1;1;1;1;2;0;6;0;12;2;4;2;1;0;1;0;0;1;0;7;1;1;3;1;2;1;2;1;1;7;0;1;0;1;3;0;0;1;2;0;0;2;6;5;0;1;3;1;0;2;0;2;9;3;8;0;4;2;1;0;4;3;5;2;1;3;0;13;7;7;3;13;2;11;4;7;0;3;1;4;16;3;1;3;3;42;1;0;1;8;17;5;0;1;0;6;0;5;0;2;1;1;9;2;6;3;0;0;3;4;0;0;2;2;0;0;1;1;1;3;1;0;1;1;;
03404000;9;27;16;5;5;7;10;10;13;6;11;8;12;5;9;255;75;11;69;80;7;13;24;31;27;98;484;165;52;76;20;45;42;37;35;70;5;38;20;55;21;54;23;35;11;22;135;;22;54;80;139;359;34;129;100;42;3357;245;41;41;146;21;89;26;61;12;12;8;10;5;5;20;18;19;26;8;16;34;109;5;44;6;15;4;4;8;15;21;5;11;262;64;45;33;984;69;120;97;101;13;46;123;45;24;58;9;16;3;12;15;16;4;8;34;22;9;39;5;16;6;3;4;7;6;9;1;6;4;6;8;3;5;21;1;21;4;3;7;3;3;1;8;4;4;4;2;2;6;3;3;4;2;5;2;1;0;2;0;3;2;3;14;0;0;4;1;0;0;3;0;2;2;0;1;5;4;0;21;7;6;0;11;7;5;4;1;3;1;0;2;0;14;6;5;11;18;1;9;4;4;4;1;11;9;2;6;1;3;4;13;3;4;5;12;5;6;4;3;9;4;0;3;65;1;1;1;2;2;4;2;0;3;1;4;0;1;0;8;0;1;3;2;1;0;1;1;1;2;0;0;0;1;1;3;0;0;0;2;1;2;1;2;0;2;1;0;6;4;4;0;1;0;1;2;1;0;0;0;0;0;4;1;19;0;2;2;1;1;2;2;0;2;3;13;4;1;1;0;2;1;0;0;8;5;1;1;0;0;1;0;1;0;2;0;0;1;4;5;2;1;3;1;2;1;0;1;9;4;2;0;1;1;8;0;1;3;3;1;0;2;2;10;3;2;5;7;5;11;5;7;0;1;2;6;17;0;4;0;0;37;2;0;1;5;14;1;0;3;1;2;0;1;2;0;4;1;7;2;9;0;3;2;0;1;0;0;3;2;1;1;1;0;0;0;2;0;1;0;;
03405000;3;21;8;5;2;4;6;7;13;5;14;6;11;3;8;112;18;12;3;5;9;7;8;2;5;15;79;24;9;16;3;12;10;15;35;9;0;9;9;13;10;10;3;15;24;13;222;31;;100;99;47;59;972;7;65;42;25;39;58;150;131;45;10;4;13;5;5;4;5;2;4;6;6;10;5;3;6;9;21;0;13;10;12;5;6;3;5;8;5;9;17;7;3;16;17;5;10;5;8;4;10;17;8;9;16;5;4;11;9;4;6;0;6;5;9;1;10;6;2;1;4;3;2;6;2;2;1;2;1;6;1;6;5;1;3;3;1;5;3;0;1;5;5;2;0;2;2;4;3;1;3;2;0;0;3;0;1;0;0;0;3;7;0;1;0;2;0;2;0;0;2;2;0;2;2;2;0;6;4;8;3;6;0;1;5;0;1;0;0;1;3;4;2;2;2;2;2;6;0;0;0;0;3;3;1;4;2;1;1;3;6;2;2;1;1;2;1;2;2;3;0;1;11;0;0;1;2;1;3;0;0;3;2;0;0;0;2;5;0;1;1;0;0;1;1;2;0;1;0;2;0;2;0;2;0;1;0;1;0;0;1;0;1;1;0;0;1;1;2;0;2;1;1;0;0;0;1;1;1;0;2;0;5;0;2;0;0;0;1;1;1;1;2;1;2;1;0;1;0;4;3;0;2;2;1;4;0;0;2;0;0;0;2;0;1;0;1;2;0;1;4;0;1;0;1;0;4;2;2;3;4;5;1;1;2;0;1;1;0;2;3;13;1;3;5;10;3;6;3;4;1;8;2;5;7;1;4;1;2;12;1;1;3;4;6;0;0;6;3;3;0;2;4;8;3;3;7;2;1;0;3;1;1;5;1;0;0;4;1;0;0;0;0;0;0;1;0;0;;
03451000;1;11;6;0;4;6;7;10;7;5;5;3;4;3;8;97;13;6;3;3;7;4;7;5;1;13;76;30;7;11;4;9;5;10;16;11;2;9;13;19;9;11;2;19;20;23;1364;42;75;;79;360;80;230;7;318;205;22;34;180;35;121;19;10;5;10;0;3;1;2;3;3;4;1;6;2;6;6;8;16;0;11;4;4;0;0;3;2;3;0;9;28;3;3;14;12;0;7;2;3;3;8;15;6;5;13;2;4;3;1;5;5;0;3;7;4;2;7;2;4;0;1;0;5;6;1;4;3;2;5;3;2;2;3;0;2;2;2;3;2;0;0;2;3;0;1;0;0;1;0;0;1;3;3;1;0;0;0;0;1;1;2;6;0;0;0;1;0;0;2;2;1;0;0;2;1;2;0;7;2;1;4;2;2;3;1;0;1;0;0;2;1;2;2;1;1;6;1;6;0;2;0;0;4;1;1;2;1;2;0;5;3;1;2;3;0;1;1;0;1;1;0;1;13;0;1;1;1;1;0;2;0;1;0;0;0;0;1;2;0;3;0;1;0;1;1;0;0;0;0;0;0;2;0;0;1;0;0;0;0;0;0;1;0;0;0;0;0;1;0;1;0;0;0;0;3;0;0;0;3;0;1;0;4;2;1;1;2;0;0;1;0;1;0;0;0;1;0;1;0;0;0;0;1;4;0;1;0;0;1;0;0;0;4;0;1;0;0;2;0;2;0;1;0;0;1;0;4;5;0;1;1;0;0;2;1;2;3;1;0;1;1;5;4;5;4;7;2;3;3;2;3;2;1;1;6;3;6;0;1;7;0;1;2;3;8;1;2;2;0;4;1;1;0;0;3;0;2;1;2;0;1;0;0;0;3;0;0;0;0;0;0;1;0;1;0;0;0;1;;
03452000;6;18;10;5;5;5;17;10;12;6;9;9;4;5;6;149;27;5;8;13;14;4;11;3;8;32;135;26;21;21;2;16;14;18;20;13;3;14;10;23;14;25;3;20;14;653;255;72;100;110;;65;122;112;17;524;27;27;27;29;537;134;23;22;17;22;8;13;6;7;5;9;20;14;18;13;8;18;13;26;6;20;6;14;5;8;14;13;19;5;9;48;21;10;34;37;8;13;13;8;3;19;16;13;15;30;12;2;7;14;16;17;2;5;13;20;3;15;2;5;4;1;2;6;6;6;3;4;4;5;12;5;4;6;6;10;4;3;9;9;7;2;6;5;5;1;0;3;4;9;2;5;12;2;2;3;4;3;0;3;0;7;4;2;0;1;1;0;0;3;1;1;0;0;0;1;2;1;12;4;5;3;7;4;6;7;1;3;0;0;2;0;5;7;4;2;7;3;5;5;6;4;2;5;7;6;9;1;8;3;4;7;1;3;9;1;2;1;2;8;6;2;2;16;1;2;5;3;1;2;1;1;1;0;3;3;2;0;3;3;0;2;1;2;0;2;3;0;0;0;0;1;2;0;3;1;0;0;0;0;0;0;0;0;0;0;0;4;1;2;0;1;1;0;0;0;1;0;1;4;0;1;1;5;1;5;1;0;2;1;0;1;3;0;6;3;3;2;2;2;1;1;1;1;4;2;5;0;1;3;2;0;4;0;2;0;2;7;3;3;0;2;0;0;1;2;0;5;8;3;0;1;2;4;7;1;0;5;1;1;4;0;12;1;3;8;10;9;7;7;6;0;1;1;2;9;1;10;0;2;15;3;4;0;5;3;2;8;2;2;5;2;1;2;2;4;2;3;3;1;0;2;1;4;3;0;1;3;2;0;0;0;0;1;0;0;3;0;1;;
03453000;5;9;7;5;6;4;7;7;11;1;4;3;9;3;5;93;22;8;5;5;9;4;4;6;6;18;99;80;22;20;4;10;12;19;33;5;1;10;7;11;9;13;7;18;26;19;384;157;63;296;54;;440;33;17;274;274;322;389;31;16;101;19;17;9;15;7;1;4;5;2;0;12;11;7;6;4;3;7;26;1;15;4;7;2;2;6;5;7;5;3;40;10;13;16;33;5;16;16;10;4;12;21;11;11;15;2;7;7;8;6;8;3;5;12;6;0;12;1;4;2;1;4;1;2;1;3;5;0;2;6;6;3;7;0;5;2;0;3;6;3;0;3;2;0;1;2;6;2;1;0;2;1;4;3;1;4;0;0;2;1;2;2;1;0;4;1;0;0;0;0;2;4;1;0;2;1;1;7;2;5;1;8;1;1;7;3;4;1;2;3;2;1;4;1;3;3;5;7;5;0;2;4;3;3;4;8;2;2;0;6;0;4;0;1;3;2;1;3;1;2;1;1;15;1;3;2;2;0;1;1;1;1;1;0;0;0;1;3;1;1;1;0;4;2;2;2;2;0;0;0;1;2;1;1;1;0;0;2;0;2;2;1;1;0;0;0;2;1;1;0;0;2;0;0;1;0;0;0;1;2;1;0;6;1;4;0;1;3;0;0;0;2;0;0;0;3;0;0;0;1;1;1;1;3;0;0;1;0;0;0;3;6;1;3;3;0;0;9;0;1;0;1;1;2;1;0;5;0;3;0;2;3;1;0;0;1;3;3;0;4;3;2;2;4;5;9;2;11;8;2;1;2;0;3;7;1;4;3;0;9;0;3;0;2;6;1;0;3;3;0;1;1;1;3;2;1;1;3;3;0;0;2;0;1;1;0;1;4;0;1;0;0;1;1;0;0;2;1;;
03454000;7;12;15;2;12;7;8;13;13;6;8;11;9;2;6;188;43;12;9;9;13;10;10;12;7;43;216;46;24;44;10;25;18;24;29;14;7;33;16;34;13;24;7;11;26;61;242;410;44;76;104;401;;27;567;901;49;301;122;22;23;143;36;67;36;49;9;16;6;8;4;9;25;22;21;18;6;23;28;86;5;32;8;18;5;9;13;13;22;5;22;263;68;25;40;493;35;37;41;23;6;25;35;34;38;60;11;17;13;20;11;15;5;14;13;20;4;22;3;13;7;5;8;5;11;5;0;5;4;9;18;6;4;13;2;10;7;2;6;7;9;4;8;1;3;8;2;3;1;6;2;5;6;5;2;4;2;4;4;1;1;9;8;2;0;0;2;1;3;1;3;3;1;4;2;0;5;1;19;2;5;4;9;11;6;7;7;1;8;2;6;3;12;5;6;9;16;2;12;5;8;5;1;11;5;3;11;1;4;5;6;6;4;8;7;2;9;6;4;7;2;2;3;33;0;2;4;2;0;4;0;1;3;3;2;0;0;4;7;0;1;7;1;2;2;2;1;1;1;1;2;4;6;1;2;0;5;2;4;3;1;1;1;0;2;6;0;2;2;2;1;1;2;2;1;2;0;3;0;1;0;1;1;7;0;3;2;1;1;3;1;2;1;0;3;0;2;0;0;1;1;0;2;1;8;1;0;0;1;4;2;0;1;3;5;6;1;8;9;0;2;1;2;0;2;2;3;2;4;2;1;3;5;4;2;3;2;2;1;1;0;5;19;3;7;13;13;10;11;18;1;2;5;4;4;16;5;4;6;0;16;1;0;3;4;10;4;4;9;14;4;1;6;1;5;2;1;7;4;4;0;0;2;1;3;3;2;2;4;0;1;0;0;0;1;5;1;0;5;;
03455000;8;11;3;0;5;7;9;3;6;6;9;9;2;4;2;72;16;0;0;12;7;1;2;1;1;17;59;18;2;15;7;11;6;8;29;12;0;12;21;9;7;11;4;16;15;16;302;34;763;195;112;29;36;;5;70;43;19;20;137;285;74;20;6;3;10;2;4;2;0;0;1;9;4;8;3;1;6;10;10;3;7;1;2;5;3;1;1;10;0;5;11;4;2;8;11;3;4;1;3;3;6;8;5;7;14;4;4;3;5;4;7;1;1;4;4;1;7;0;1;2;1;1;0;2;2;0;2;4;2;4;0;0;3;1;5;2;3;4;2;2;2;3;4;1;1;1;1;2;2;0;1;2;1;1;0;0;1;0;0;0;0;1;0;2;1;1;0;0;1;2;1;1;2;2;0;1;0;0;2;4;0;1;0;1;3;4;0;4;0;4;1;3;4;3;1;2;0;6;0;1;2;1;0;0;2;1;0;2;1;1;0;0;1;0;1;2;1;4;2;1;1;1;11;1;3;3;0;0;0;0;1;1;2;1;1;0;0;1;1;2;6;0;0;0;1;1;0;0;1;0;1;0;0;1;1;0;0;1;1;0;0;0;0;0;0;0;0;0;0;0;0;1;0;0;0;0;0;1;0;0;3;2;0;0;0;0;0;0;3;0;3;0;0;1;0;0;0;0;1;0;0;0;1;1;0;1;1;0;2;0;0;0;0;1;2;0;0;2;1;0;0;1;2;2;2;1;6;3;0;1;6;1;2;0;4;1;2;0;2;0;1;8;1;4;7;3;3;5;4;1;1;2;1;1;3;1;3;1;1;3;2;1;0;1;3;0;0;2;1;4;0;3;1;3;1;0;5;0;1;1;2;0;0;1;0;0;0;0;0;0;0;0;0;1;1;0;1;0;;
03456000;4;8;4;1;0;0;0;5;8;1;0;0;1;3;5;61;13;2;2;3;3;0;7;4;5;8;74;12;3;10;3;6;8;8;4;6;3;3;0;7;7;9;2;1;1;9;40;151;9;10;18;17;552;4;;20;6;42;24;4;6;32;5;35;10;22;6;8;3;3;0;2;15;5;8;5;6;6;8;41;3;14;1;7;2;1;4;3;4;5;6;113;108;19;23;190;13;19;10;7;1;9;8;18;13;30;3;7;3;4;2;4;0;6;7;8;0;13;0;3;3;1;3;3;3;0;2;1;1;3;6;1;4;3;2;4;2;0;3;1;2;1;1;1;1;0;0;1;5;1;1;0;1;2;0;2;2;0;1;6;1;3;4;1;0;0;0;0;2;0;0;0;0;1;0;1;2;0;4;2;5;6;1;3;0;3;1;1;0;3;2;0;2;3;0;2;5;0;7;0;1;0;2;0;3;0;2;1;2;0;3;3;0;1;1;0;0;1;1;2;0;2;0;12;0;0;1;1;2;0;0;1;1;0;1;1;0;1;4;0;0;1;1;0;0;0;2;0;1;0;0;2;2;0;0;0;0;0;0;0;0;1;0;1;1;2;0;1;1;0;0;1;1;0;0;0;1;1;1;1;0;1;1;7;0;1;0;0;1;2;0;1;1;1;2;0;3;0;0;0;2;0;1;2;3;1;0;0;0;3;0;0;0;0;0;0;1;1;1;0;0;1;1;0;0;0;0;1;1;0;0;0;1;0;0;2;3;1;2;0;2;1;2;0;6;4;1;2;5;1;0;3;2;3;3;5;2;1;4;2;6;0;0;0;5;3;1;1;2;1;2;1;2;2;1;1;1;2;3;2;0;0;0;0;0;0;0;0;0;0;0;3;0;0;1;0;0;0;0;;
03457000;9;16;9;7;6;8;5;7;15;4;7;7;6;0;7;144;26;6;4;4;14;5;6;10;9;17;101;26;12;21;5;9;11;7;20;8;0;22;11;15;8;15;4;14;19;195;262;70;55;254;492;291;773;60;19;;33;30;31;23;61;116;31;15;16;15;1;4;8;12;2;2;10;12;6;4;2;13;12;39;2;17;3;7;0;4;5;6;4;1;7;41;16;6;10;33;9;11;7;3;6;16;11;6;10;20;6;12;3;14;6;8;1;7;10;10;4;11;2;4;2;6;7;1;3;5;0;2;2;3;8;5;2;10;1;7;5;2;5;5;5;1;2;4;2;6;0;4;5;3;1;2;3;4;0;3;1;3;0;1;1;7;5;1;0;0;2;0;4;0;1;0;0;1;2;1;0;1;9;6;4;0;5;5;4;1;0;3;1;1;7;0;1;3;1;2;7;3;6;2;3;2;1;5;0;2;3;0;6;0;4;0;2;0;3;3;1;1;0;1;1;1;0;9;0;1;4;1;0;1;2;3;2;1;1;0;1;0;5;2;1;1;0;2;1;2;1;0;2;2;0;0;1;1;2;1;0;1;2;0;4;2;1;1;0;1;0;0;2;0;0;0;0;2;1;1;1;0;0;0;1;2;1;4;0;3;2;0;1;0;1;1;0;2;5;1;1;1;0;2;3;1;3;3;5;2;0;1;1;2;0;2;1;1;1;2;0;2;1;0;2;1;1;0;0;1;0;1;2;5;0;1;2;3;0;1;2;4;1;0;1;0;5;3;7;6;11;6;10;6;4;1;2;1;1;6;6;1;1;0;12;1;2;2;2;4;0;1;0;1;3;4;1;0;1;3;0;1;3;1;2;1;1;1;1;0;0;0;2;0;0;1;2;0;2;0;1;0;0;;
03458000;5;8;6;1;6;5;10;11;7;4;5;9;8;3;5;114;14;5;2;2;8;3;2;1;1;16;71;288;7;14;2;23;8;11;28;16;3;6;46;26;8;16;3;62;534;12;925;42;33;238;33;479;48;58;6;42;;37;236;161;15;376;20;11;6;10;5;2;1;2;0;1;11;6;6;8;2;5;5;18;2;11;3;12;3;0;1;4;6;1;2;21;8;15;8;18;6;14;14;6;1;7;10;8;5;9;0;4;0;2;1;1;1;3;3;6;1;14;2;5;3;5;2;1;3;2;0;2;1;3;4;0;0;2;1;6;3;2;2;6;2;0;4;2;0;1;1;0;0;1;1;0;1;2;0;0;0;0;1;1;1;3;1;0;2;0;1;1;0;0;3;0;0;0;0;1;0;1;8;2;3;1;1;2;1;2;1;2;2;2;2;1;3;4;1;4;6;1;1;0;2;1;1;4;5;2;5;2;2;0;4;4;4;1;3;0;1;3;1;0;5;0;0;11;0;0;1;0;0;0;0;3;1;1;0;1;1;0;4;0;0;3;2;2;1;1;0;0;3;1;1;3;1;0;1;0;1;0;3;0;0;1;0;1;1;2;0;0;1;0;0;0;2;0;1;0;0;0;0;0;1;1;2;5;0;3;0;1;1;1;0;0;0;2;3;0;0;1;0;1;2;0;1;2;4;0;0;0;0;3;0;0;3;1;0;4;0;0;2;2;1;1;0;0;1;0;0;1;5;3;0;4;7;2;1;4;1;3;2;2;2;1;8;7;13;3;16;2;10;19;3;0;2;3;7;3;0;3;3;1;9;0;2;0;5;6;1;1;2;2;1;0;0;1;4;1;0;4;0;3;0;1;1;2;0;0;0;2;0;0;3;1;0;0;0;1;2;0;3;;
03459000;11;14;14;2;9;8;13;10;9;4;10;9;11;5;5;156;84;5;85;128;17;9;44;28;38;207;547;294;38;133;32;61;134;43;80;154;18;33;23;73;27;120;12;39;21;22;254;2922;36;75;75;440;495;38;217;157;43;;615;44;49;99;16;53;24;37;13;10;7;3;5;6;16;18;11;6;7;20;22;66;10;37;10;16;5;10;12;6;27;3;13;211;39;36;30;744;139;186;380;331;9;71;269;57;25;51;16;15;11;18;16;16;2;13;26;31;6;35;7;10;2;8;7;4;4;5;6;7;3;7;17;4;5;18;4;10;10;5;2;6;3;7;5;3;3;7;2;2;8;8;2;3;5;6;6;2;2;6;0;3;0;8;7;1;2;0;2;1;2;2;1;1;0;1;0;0;5;3;11;4;6;6;8;5;2;8;1;4;3;1;6;0;8;6;1;11;9;2;9;10;6;4;3;10;5;3;11;0;4;1;5;4;5;2;10;3;4;5;3;3;11;1;2;47;2;0;0;2;1;6;0;2;3;4;3;2;2;1;4;0;3;3;0;1;0;2;3;1;0;0;1;0;4;0;3;2;2;1;1;1;0;1;1;0;1;0;1;2;1;1;1;4;1;3;3;0;0;4;0;0;1;0;1;11;1;2;3;8;3;2;2;1;1;5;6;6;4;4;1;1;2;4;3;5;2;1;4;0;4;4;1;2;5;1;7;4;2;0;4;1;1;2;1;1;4;1;1;4;5;3;1;3;1;4;1;4;4;6;1;3;3;3;8;4;7;8;10;10;13;4;3;4;7;3;5;12;3;10;2;3;23;3;2;4;9;14;3;5;4;3;7;2;4;5;6;4;7;6;3;3;4;2;2;2;0;2;2;1;2;1;0;3;2;1;5;5;1;0;0;;
03460000;6;10;11;3;3;2;4;5;6;2;6;4;6;2;10;113;28;7;4;6;10;6;9;8;4;24;135;517;13;30;4;23;9;18;21;13;3;21;10;26;12;9;11;18;34;6;157;237;35;32;23;417;105;14;26;25;215;426;;18;7;119;18;21;8;11;5;4;2;0;2;3;6;4;8;4;1;2;11;29;4;11;4;8;2;2;2;4;9;1;5;73;17;13;11;64;15;24;17;11;3;13;60;16;12;28;6;2;5;7;6;6;3;7;10;7;3;13;3;3;4;2;3;0;4;4;0;5;2;1;7;3;0;6;2;5;3;11;3;2;2;1;2;2;5;1;0;0;3;4;2;1;3;3;0;2;0;0;1;0;0;4;2;1;1;1;0;0;0;0;0;1;1;0;1;1;2;2;4;4;1;2;3;4;1;2;2;1;0;0;1;1;8;3;2;3;6;1;1;2;0;1;3;3;1;3;4;0;0;1;8;0;2;3;1;0;5;5;2;0;7;1;1;17;3;0;1;0;1;2;1;0;1;2;0;1;0;0;4;0;0;3;1;0;0;1;0;0;1;1;1;3;2;0;0;0;0;0;5;0;0;3;1;0;1;0;0;1;3;0;0;1;0;1;0;2;0;0;0;0;0;2;1;5;0;2;1;0;0;1;0;1;2;0;2;3;1;0;0;0;4;0;2;0;4;0;0;1;1;0;1;0;1;0;2;0;1;0;4;1;1;0;0;2;0;1;1;2;5;0;1;0;0;3;0;2;4;1;1;1;2;4;6;2;6;6;6;3;6;11;1;2;3;0;0;4;4;1;1;2;5;0;0;1;5;8;2;4;3;2;4;0;0;1;3;3;0;4;0;4;0;1;1;1;1;1;0;1;1;0;0;0;0;0;0;1;1;0;1;;
03461000;5;11;4;1;6;3;6;5;7;1;7;4;11;2;3;80;11;5;3;5;8;4;2;4;3;8;57;35;4;11;3;7;2;9;79;7;1;9;49;21;10;16;6;18;81;11;344;22;57;201;23;33;24;191;1;28;154;8;22;;16;262;111;4;2;5;2;1;0;2;0;1;5;3;4;3;2;4;2;11;0;5;1;3;1;2;3;1;3;2;2;8;2;1;4;6;2;6;5;5;1;5;7;3;9;8;8;1;1;3;5;4;0;2;3;5;0;5;0;1;0;0;1;1;8;1;0;1;1;0;6;1;1;3;0;2;3;1;4;1;2;0;0;2;1;2;0;1;0;1;0;0;0;0;1;3;1;1;0;0;1;0;1;0;0;0;0;0;0;4;2;1;0;0;0;0;0;0;0;1;2;0;0;3;1;2;0;1;1;0;1;0;4;3;1;2;4;0;1;0;0;0;1;2;2;1;4;1;3;2;3;4;1;0;1;0;2;1;2;0;4;1;1;11;0;0;0;2;1;0;0;0;1;0;0;1;0;0;1;0;1;0;0;2;0;0;1;0;1;0;0;1;0;0;0;1;0;0;1;1;0;0;0;0;1;2;0;0;1;0;0;0;0;1;0;0;0;0;0;0;0;0;0;2;0;3;1;1;0;0;0;3;0;0;0;2;3;0;0;0;1;0;0;0;2;0;0;0;0;1;5;0;1;0;0;0;0;2;2;0;0;1;0;0;1;2;0;4;2;2;0;1;0;5;0;2;0;3;0;0;2;1;6;5;4;3;2;3;9;2;1;0;2;1;2;8;1;1;4;1;10;0;0;0;4;5;1;1;0;1;4;3;0;0;0;0;0;4;1;0;0;0;1;2;0;1;0;2;1;0;0;0;0;0;1;0;2;0;0;;
03462000;3;7;3;0;3;5;5;3;1;4;4;3;2;0;4;44;5;2;1;9;9;3;1;2;2;12;38;9;6;4;1;3;2;4;16;1;3;3;9;6;14;6;0;4;4;21;96;20;160;40;519;18;29;304;2;85;14;7;12;13;;31;5;8;4;4;2;4;2;2;0;6;5;1;6;2;1;3;2;8;4;7;2;7;3;1;4;5;11;0;2;8;3;2;9;6;2;5;2;5;1;7;8;3;9;5;1;0;0;3;4;4;0;2;2;5;0;6;0;1;2;0;1;0;1;2;1;1;1;2;3;3;0;1;0;7;1;3;2;3;0;1;1;2;0;0;0;3;3;5;0;0;3;2;3;0;0;0;0;1;0;0;1;0;0;0;0;0;0;0;0;0;0;1;1;1;2;2;0;1;1;0;2;1;1;0;0;0;0;0;0;0;1;0;0;0;2;0;1;0;1;1;4;0;0;1;2;0;2;0;3;5;1;0;1;0;0;0;1;2;1;0;0;5;0;0;0;0;0;0;0;1;0;1;0;1;2;0;1;0;0;0;0;1;0;0;1;0;1;0;0;0;0;0;0;0;0;0;2;0;0;0;0;0;0;1;1;0;1;0;2;0;0;0;0;0;0;1;0;0;0;2;0;2;0;3;0;0;0;0;0;0;3;0;0;0;0;0;0;0;0;1;0;1;1;0;0;0;0;1;0;1;0;2;4;0;0;1;0;0;0;1;0;0;0;0;0;0;2;0;0;3;2;0;2;0;0;2;0;2;1;0;2;0;2;5;6;1;2;1;0;3;0;0;0;1;1;1;0;1;3;1;2;0;1;2;1;1;1;0;3;1;0;2;2;1;0;2;0;1;2;2;0;0;1;1;0;0;0;0;0;2;0;2;0;0;0;0;1;;
04011000;36;103;59;20;21;34;41;44;75;23;58;41;37;20;43;1135;91;18;30;22;33;22;18;16;14;127;413;1973;34;71;12;134;38;55;422;93;10;65;2414;470;106;83;22;1592;725;39;410;128;90;109;81;88;108;69;29;89;517;91;105;299;27;;642;110;34;76;18;28;11;19;5;11;35;17;34;26;11;28;72;185;8;58;15;27;7;9;15;15;45;6;19;123;23;17;30;67;17;57;27;28;14;47;71;28;44;69;16;14;10;21;20;21;4;14;22;17;27;116;20;22;12;10;11;18;17;20;1;21;10;16;22;14;7;34;7;54;10;8;13;12;8;11;10;6;3;4;3;5;15;7;5;5;6;14;6;3;0;4;6;12;3;16;35;5;0;3;7;2;6;5;5;7;0;4;6;4;12;3;73;27;31;9;19;13;13;13;2;7;4;3;11;2;43;17;15;31;37;3;30;7;7;5;8;40;16;6;17;5;9;8;27;16;10;14;19;8;15;4;7;24;15;6;14;207;5;2;7;3;4;9;7;8;17;12;10;4;3;2;39;5;7;9;19;8;2;4;8;1;8;1;4;3;4;2;2;1;4;2;13;2;0;5;3;5;9;5;2;6;13;3;3;5;2;2;5;0;1;2;0;1;2;16;8;43;0;7;7;3;6;2;4;1;6;5;19;5;4;2;3;2;3;5;0;9;22;3;3;2;4;11;1;1;8;5;7;6;2;9;20;3;4;7;10;4;3;7;11;28;12;10;6;7;6;7;1;9;5;7;4;4;8;6;43;18;21;30;29;21;31;18;14;4;9;8;7;66;8;9;5;3;108;11;5;7;24;35;7;4;4;6;15;1;3;9;4;7;5;16;6;24;2;9;5;5;4;5;2;2;5;3;0;3;2;2;4;5;3;2;2;;
04012000;10;12;13;5;7;8;8;7;16;5;12;6;12;3;2;141;20;4;4;4;5;4;3;4;4;10;66;39;6;10;6;8;6;10;1835;21;2;12;67;60;22;30;2;34;25;6;64;12;32;19;16;16;27;26;3;22;21;21;14;108;8;522;;12;18;16;5;10;3;0;5;1;7;8;1;4;3;4;3;18;1;12;2;7;4;4;2;3;8;2;4;11;3;1;15;8;2;11;11;7;2;8;16;8;11;17;9;5;5;0;5;12;0;4;7;4;4;10;3;3;6;0;6;1;7;3;5;3;3;1;6;3;1;2;0;6;3;2;2;2;4;0;2;1;2;0;0;0;0;2;4;1;2;3;0;1;0;3;0;4;1;5;4;1;2;3;1;1;0;1;0;1;2;0;1;1;1;0;9;5;8;1;2;6;1;8;0;1;0;3;1;2;11;7;1;4;7;3;3;4;1;1;1;7;1;3;6;0;2;1;3;4;2;1;2;3;3;2;0;4;1;2;6;22;0;8;4;0;1;1;0;1;0;0;2;0;0;1;4;0;1;1;1;2;2;1;3;0;1;0;3;1;0;0;0;1;3;2;3;0;0;0;2;0;3;0;0;1;0;1;2;0;0;1;0;2;0;0;2;2;1;3;1;7;1;3;0;0;1;0;2;1;0;0;4;0;1;2;0;1;2;0;0;1;8;1;2;0;2;4;1;2;0;0;0;2;1;3;5;0;1;1;0;0;1;1;2;2;2;2;0;2;0;4;3;0;1;1;0;1;4;1;13;2;7;2;7;7;5;2;5;1;3;3;7;11;3;4;1;0;8;1;2;1;7;2;2;4;3;3;9;3;1;2;7;1;1;4;1;0;0;1;1;0;0;0;0;0;0;0;0;0;1;1;0;0;1;0;0;;
05111000;11;35;34;5;8;15;30;16;35;9;18;18;21;7;23;522;32;7;10;8;8;6;8;2;5;39;153;17;13;19;8;7;11;12;15;17;2;20;6;13;9;15;4;7;4;12;36;47;11;12;46;21;47;14;27;26;10;44;16;5;15;99;9;;1053;727;662;501;246;153;82;447;670;251;4213;3766;643;370;282;1167;160;385;110;219;63;259;81;184;195;38;100;299;131;52;190;101;66;122;70;35;19;58;44;72;256;240;73;48;45;149;97;94;25;67;89;91;37;360;27;71;23;25;29;60;27;37;9;40;27;36;39;16;12;42;4;31;18;13;17;9;20;6;46;44;20;8;6;15;35;29;11;13;34;44;18;12;21;15;3;18;9;19;52;9;1;4;9;1;8;9;6;7;6;3;7;7;19;4;142;29;36;12;33;25;19;18;3;11;6;9;20;10;61;23;8;72;70;10;40;12;10;6;9;63;23;12;23;4;11;8;37;32;22;16;27;5;19;8;11;17;24;4;16;534;5;4;11;10;5;16;5;7;17;17;16;3;10;5;64;1;8;21;21;14;4;10;13;3;6;3;2;5;9;2;7;4;1;1;20;2;1;4;4;4;9;5;0;9;18;6;8;5;3;5;5;6;5;2;1;1;2;22;14;67;3;7;11;6;4;1;3;2;10;8;26;12;5;4;3;6;9;5;2;8;30;3;6;4;4;6;0;10;20;6;7;1;11;14;37;4;1;10;12;3;5;4;2;25;11;6;4;8;3;10;3;7;3;11;2;5;6;7;20;11;11;11;10;7;17;5;10;5;3;5;5;51;7;6;7;4;81;5;8;3;21;23;4;3;2;9;8;5;1;6;7;5;2;18;6;12;5;3;6;4;5;4;0;3;2;0;1;6;3;0;0;4;1;0;4;;
05112000;9;14;14;3;10;7;15;20;13;6;12;15;16;3;7;111;22;14;11;6;10;3;4;7;4;12;66;13;8;14;7;7;12;7;11;16;1;7;4;2;9;16;3;5;7;4;15;18;13;9;35;16;40;16;18;28;5;24;10;4;15;34;17;854;;774;480;105;676;983;26;53;150;479;369;270;248;3317;95;325;51;160;51;79;36;80;36;43;76;144;195;84;126;38;279;65;46;52;33;22;15;33;25;36;237;211;55;36;77;79;37;50;16;48;54;75;10;67;10;21;9;11;22;7;16;9;8;17;6;12;20;15;5;23;4;23;17;11;8;6;13;178;15;19;10;10;3;13;14;14;6;5;17;13;16;13;9;3;4;6;4;10;14;1;2;1;11;1;6;6;4;6;1;2;4;3;11;2;41;11;22;3;30;17;10;12;3;5;8;10;8;1;17;10;8;10;29;5;25;9;7;3;9;15;7;3;14;7;11;3;16;15;8;9;7;3;7;7;13;17;9;2;7;95;4;3;6;4;1;4;3;3;7;8;3;4;3;3;21;1;6;3;7;3;5;4;4;2;4;0;1;6;5;1;2;4;4;1;8;1;2;1;1;5;4;3;1;3;6;3;0;3;1;2;5;2;2;2;1;2;3;11;6;28;0;3;1;3;5;4;2;4;9;4;6;4;7;2;2;2;4;4;3;6;18;4;1;2;2;5;1;5;5;4;7;6;2;4;19;4;3;9;10;1;3;3;1;12;2;4;2;2;3;6;4;3;0;8;2;2;6;1;8;5;14;7;8;8;17;6;9;7;9;9;1;15;5;6;4;6;31;9;6;3;18;9;3;4;4;6;8;7;6;3;9;3;0;9;3;7;2;1;1;1;4;4;1;4;4;2;2;4;2;1;1;1;2;2;0;;
05113000;9;25;19;4;11;7;27;21;17;8;26;9;14;9;15;243;52;6;10;3;17;5;12;9;8;28;138;14;9;20;5;4;16;12;27;19;2;15;3;4;11;9;8;6;5;4;23;36;14;14;54;14;74;24;24;33;9;35;10;7;12;60;12;804;693;;133;96;1319;693;41;73;246;466;1052;511;609;808;158;475;49;202;154;154;132;114;52;67;157;644;1139;253;314;98;1031;206;56;83;49;47;42;59;47;62;1025;483;92;157;204;498;82;111;64;61;226;131;40;136;15;34;10;16;15;20;25;19;2;23;12;19;39;12;8;38;8;44;13;6;17;7;32;25;17;22;12;8;7;9;14;22;7;10;25;23;7;8;14;6;3;11;3;12;39;3;1;3;6;4;3;2;4;2;5;1;2;3;12;4;66;21;25;9;24;14;13;14;5;9;5;2;5;4;61;15;15;33;30;6;27;8;12;3;7;27;14;8;19;4;6;5;25;12;10;10;17;5;7;11;11;23;15;4;13;169;7;4;8;4;6;5;5;5;11;13;5;4;5;1;22;3;5;2;6;7;6;3;10;4;6;2;6;9;5;2;3;5;3;1;8;0;1;2;1;1;6;4;1;14;22;3;6;2;1;3;3;1;2;4;0;4;5;24;7;43;1;2;10;4;3;5;4;1;4;9;21;3;4;2;1;4;5;9;4;7;20;0;3;0;5;6;4;3;8;9;5;5;1;14;25;6;4;7;6;2;1;6;4;17;7;6;4;5;6;3;4;9;6;7;2;3;5;6;28;4;10;5;10;6;15;3;12;2;6;6;6;57;4;12;11;8;57;6;3;5;20;23;2;4;5;9;7;4;7;7;3;3;2;16;5;15;4;7;3;4;5;6;6;4;10;4;0;10;2;3;2;2;3;0;2;;
05114000;2;7;4;2;4;4;6;9;10;0;4;9;3;5;6;62;6;1;0;3;5;3;4;3;1;5;30;7;1;5;4;1;7;4;6;2;1;0;3;3;5;3;2;4;4;0;4;8;7;5;23;5;16;3;6;11;6;11;5;1;2;18;4;472;468;166;;234;32;43;7;24;65;363;125;417;1399;490;50;251;20;127;29;60;17;96;20;23;41;16;34;61;30;15;47;19;11;22;15;11;8;12;6;23;54;64;17;14;18;24;10;19;8;20;22;22;4;29;12;10;10;4;4;11;4;5;3;7;4;8;10;6;5;14;1;9;4;1;4;2;6;2;5;8;6;3;3;6;7;8;2;2;9;12;11;6;9;2;0;3;2;5;14;2;1;1;6;0;1;4;1;2;1;1;2;4;4;2;18;12;11;8;10;1;2;4;1;4;2;3;2;3;8;4;8;8;17;2;4;2;2;2;5;9;6;2;10;1;3;2;6;4;3;3;5;6;2;4;1;2;4;0;3;45;0;0;3;2;4;6;1;0;4;2;4;1;2;1;8;2;1;3;1;2;0;4;2;0;0;0;3;0;3;1;0;2;0;0;5;0;3;1;2;2;3;0;0;4;7;1;2;1;2;0;6;3;2;0;0;1;1;3;1;14;0;2;2;0;3;2;2;0;5;2;6;2;1;2;2;0;6;3;2;4;7;1;2;1;1;2;1;2;2;1;1;2;1;6;12;0;2;1;3;3;0;4;5;6;3;3;3;2;5;2;2;1;0;6;0;0;5;4;5;2;3;4;3;6;8;1;4;4;1;1;2;11;4;5;1;4;13;0;3;2;4;4;0;2;1;3;5;0;3;3;3;0;1;2;3;3;0;0;1;1;1;2;0;1;0;1;0;1;0;1;0;0;1;0;0;;
05116000;5;5;6;8;5;1;10;9;8;1;9;6;6;2;6;78;6;4;2;3;4;3;1;3;4;10;29;9;2;7;2;6;5;7;9;8;0;5;0;2;2;6;1;3;2;1;5;15;4;2;19;8;11;7;6;8;1;11;7;3;8;21;5;496;140;118;248;;30;32;15;27;103;238;287;1330;2199;255;138;293;23;274;363;196;248;1478;21;29;182;7;30;67;63;18;125;102;17;24;18;24;23;45;12;21;61;66;17;117;15;23;18;22;18;30;95;37;5;39;4;11;4;5;10;7;11;9;1;11;8;4;12;6;6;16;1;10;7;4;3;3;3;2;10;13;11;9;3;8;9;14;7;7;9;20;10;7;7;7;0;3;2;9;12;0;4;0;2;0;6;1;5;2;4;1;4;3;5;0;17;9;11;1;16;5;3;14;1;1;4;7;0;2;10;9;5;10;20;1;10;2;4;3;1;2;5;3;9;2;2;3;13;9;5;9;6;2;2;1;2;6;6;3;6;42;3;0;1;1;4;4;1;3;5;3;1;0;3;3;8;2;1;6;1;5;3;4;2;0;0;3;3;1;4;1;1;1;4;0;3;0;0;1;1;0;4;0;3;1;3;3;1;3;0;0;0;2;1;5;0;1;2;4;2;14;1;2;0;2;3;1;0;1;7;2;5;3;0;0;0;1;3;0;2;3;6;0;1;0;1;5;1;2;4;1;4;5;1;3;10;1;1;2;3;2;0;2;3;4;2;2;1;2;2;3;1;2;3;2;0;0;1;3;3;4;5;1;6;2;5;4;3;1;0;2;5;11;3;5;3;3;14;1;3;1;5;2;1;3;5;0;3;1;1;2;2;2;2;4;1;1;1;3;2;2;1;1;1;1;2;0;0;1;0;0;1;1;0;0;0;;
05117000;1;6;5;1;2;1;8;8;7;1;10;6;3;3;2;47;5;2;4;3;1;0;2;4;2;12;18;2;2;8;0;2;3;4;2;2;0;2;4;3;2;1;2;0;3;5;3;8;4;1;17;3;21;3;11;14;1;9;6;2;6;13;3;201;544;991;54;24;;702;10;13;46;79;195;54;50;223;29;103;15;50;12;24;6;14;16;12;28;80;72;52;39;19;111;19;8;13;11;6;6;9;18;12;107;71;12;11;22;39;13;14;6;16;14;18;3;22;6;7;3;2;7;7;5;3;1;6;2;3;8;5;6;8;1;5;4;1;8;3;2;8;1;4;3;1;1;3;4;2;2;2;4;5;7;2;2;0;0;1;2;9;10;0;0;0;2;0;1;5;1;1;3;2;0;1;2;1;14;3;4;2;8;4;4;8;2;2;1;2;3;2;12;2;1;4;4;0;7;0;1;2;0;9;1;2;6;3;4;5;4;2;2;2;4;0;2;1;2;1;4;0;7;38;1;4;2;0;2;3;2;0;0;3;2;4;4;0;3;0;1;0;2;2;0;1;3;2;0;0;0;3;0;0;2;0;0;0;3;0;1;0;1;0;0;1;0;1;4;0;0;0;0;0;0;0;1;1;0;0;0;2;0;4;0;1;4;3;0;2;0;0;1;1;2;2;1;1;0;0;2;2;1;1;2;0;1;0;1;2;2;1;1;2;5;1;1;0;6;0;1;1;1;0;1;0;1;0;0;1;0;1;0;1;1;1;0;1;0;1;2;2;8;0;2;4;5;1;5;1;2;0;1;0;1;12;0;6;3;3;17;4;0;1;2;5;0;2;0;0;1;1;1;0;1;2;2;4;1;2;0;0;0;0;2;0;0;0;1;0;0;4;0;0;1;0;4;1;2;;
05119000;1;2;3;4;4;2;9;9;5;2;5;3;2;5;4;32;5;1;3;1;0;3;5;0;4;9;20;1;7;4;0;3;4;5;4;3;1;0;0;4;2;2;1;2;3;0;4;6;8;2;22;4;17;4;10;11;2;5;1;1;5;19;0;156;856;604;45;39;579;;9;25;54;115;81;52;38;748;34;73;13;41;17;27;8;18;10;12;25;503;120;30;81;16;244;26;16;26;10;3;0;9;17;13;133;79;23;14;39;39;22;29;7;9;15;36;1;20;3;9;1;4;2;2;5;1;2;3;5;8;8;3;1;7;2;7;5;2;9;2;6;2;3;4;3;2;1;1;5;7;18;6;5;8;5;4;5;1;1;1;3;3;4;0;2;1;3;0;1;1;0;3;3;1;0;1;8;0;14;3;13;4;6;4;3;4;0;5;3;1;2;1;7;5;0;3;11;0;7;0;0;1;4;3;4;1;4;0;5;1;7;5;2;3;3;2;7;1;1;3;2;0;0;27;0;1;2;0;2;0;0;0;0;3;1;0;0;2;6;0;0;1;0;3;1;0;1;0;1;1;2;1;1;1;4;0;1;0;2;3;0;0;1;0;0;1;0;0;0;1;0;4;0;0;1;1;0;0;1;1;2;3;3;7;1;0;1;0;0;0;2;1;1;1;2;1;1;0;2;1;1;0;0;3;4;1;0;0;3;2;1;2;1;0;1;0;0;2;9;0;0;2;1;1;1;0;2;1;2;2;1;3;1;1;2;1;0;1;0;1;3;0;1;2;6;1;7;2;3;3;1;3;3;3;0;3;1;0;3;0;7;0;1;0;4;6;0;4;0;2;4;1;0;2;1;1;1;2;5;4;0;0;1;1;0;2;0;1;0;0;0;0;0;0;0;0;1;0;0;;
05120000;6;3;2;1;1;0;4;9;1;5;2;1;2;0;1;28;5;3;2;1;2;0;3;0;0;3;15;1;1;4;0;1;1;0;5;2;1;1;0;0;2;4;0;2;0;2;3;6;3;1;17;1;8;6;1;10;2;3;3;2;4;5;1;96;25;53;12;16;7;9;;140;622;10;109;32;10;14;20;140;38;30;9;35;14;13;307;270;35;1;17;18;8;11;30;7;6;17;7;4;2;7;6;5;40;41;32;9;13;80;9;54;6;12;7;17;2;9;2;2;6;2;1;2;4;1;2;2;1;3;1;5;2;5;3;5;1;1;1;0;1;1;5;9;4;1;0;1;7;4;0;1;1;6;2;0;2;3;2;0;3;4;4;2;2;0;0;0;1;3;0;2;2;0;1;2;3;1;7;1;0;0;5;1;2;3;0;1;2;1;5;0;0;4;2;1;7;0;4;2;0;0;0;4;3;0;4;1;1;1;3;6;5;3;3;3;0;0;1;8;1;0;1;15;0;0;0;0;0;1;2;1;3;1;0;2;2;1;4;0;0;0;1;2;0;0;1;2;0;2;0;0;1;0;2;0;0;0;1;2;0;0;0;0;1;0;0;2;0;0;2;1;0;0;2;0;0;3;0;1;0;1;0;4;0;1;0;0;0;0;1;0;0;0;1;0;0;0;1;0;1;1;2;0;3;3;0;0;1;3;0;1;1;1;1;1;1;3;3;2;0;2;0;0;0;1;0;1;0;0;2;1;1;2;0;3;0;0;0;0;2;1;1;2;0;0;5;3;3;3;1;1;1;1;0;6;2;5;3;1;5;5;1;0;2;2;1;1;1;1;1;1;0;1;1;0;3;1;1;2;0;0;0;2;1;0;0;0;1;0;0;1;1;0;0;0;0;0;0;;
05122000;3;3;3;0;3;2;7;12;2;4;5;3;3;2;0;23;4;0;3;3;1;0;4;5;0;4;17;3;5;2;1;6;2;1;5;3;3;2;2;4;1;4;1;1;2;1;2;8;2;6;17;2;12;4;3;9;0;3;5;8;5;9;1;290;42;68;25;27;17;16;171;;462;31;675;88;32;25;46;236;90;55;18;52;15;20;68;229;53;6;16;21;14;6;27;12;10;13;7;6;6;10;9;7;36;45;26;8;11;60;12;26;5;16;11;17;5;15;1;8;3;5;3;3;8;7;1;7;5;5;8;2;2;12;2;5;1;3;2;3;2;2;10;8;5;3;0;3;4;13;2;1;3;3;4;8;8;0;0;7;1;5;8;0;0;0;1;0;2;0;0;0;0;0;5;2;3;1;9;7;3;0;4;4;5;2;2;1;2;0;0;0;5;5;3;3;6;3;8;1;2;2;0;5;5;3;1;1;3;1;7;1;2;1;0;1;1;3;2;4;5;2;1;21;0;1;2;2;0;0;1;1;5;2;1;2;0;0;4;1;0;1;2;7;0;0;1;1;1;0;2;1;0;0;0;0;3;0;5;0;1;1;1;1;1;2;0;1;2;0;0;1;1;0;0;1;0;1;0;0;1;2;1;9;0;0;1;0;1;0;1;0;1;1;3;0;1;0;1;2;3;2;1;1;2;0;1;3;0;3;0;0;2;6;2;0;1;2;5;0;2;1;4;2;2;0;1;1;1;1;0;1;0;3;2;1;1;2;1;2;0;2;6;1;5;1;5;0;4;1;4;0;0;3;3;11;0;8;1;3;8;0;0;2;3;8;1;1;0;0;3;2;2;0;3;2;0;0;2;0;0;0;1;1;0;1;0;3;1;0;0;4;0;0;2;0;1;2;1;;
05124000;3;17;11;7;10;7;19;23;15;9;16;9;12;2;6;99;12;7;2;2;12;1;8;3;2;20;59;9;9;8;8;3;7;3;13;12;6;7;1;11;3;7;8;3;1;7;16;23;8;9;40;7;29;13;23;23;4;16;17;8;13;32;11;609;136;290;63;89;57;44;722;474;;60;935;176;74;75;100;404;88;116;35;86;28;71;238;160;118;19;57;79;49;33;110;51;26;51;27;21;21;28;27;33;170;200;149;34;34;1069;34;120;14;29;50;83;14;49;9;20;6;11;10;10;13;12;4;12;9;11;18;17;6;22;3;17;5;8;8;5;14;1;16;20;20;8;3;5;11;14;6;9;13;13;6;13;10;8;1;9;2;5;21;2;2;2;2;1;3;0;1;3;0;2;1;3;6;1;25;11;18;12;18;7;5;13;3;6;3;4;7;4;13;14;6;14;16;2;17;3;3;3;6;15;8;4;15;3;10;3;16;11;9;9;13;4;8;3;4;11;8;3;3;58;1;1;5;4;4;5;1;2;9;7;2;3;4;3;17;2;2;6;5;5;5;1;2;0;2;1;2;2;2;3;1;1;0;1;4;2;1;4;6;3;4;2;1;1;7;1;3;4;1;4;4;2;1;2;0;2;2;7;2;21;0;5;3;4;2;7;1;0;5;0;9;2;2;8;3;1;1;2;4;5;8;0;2;0;0;7;1;1;3;5;3;2;1;4;8;4;1;9;8;3;1;2;4;9;8;2;1;2;3;6;2;9;0;9;2;2;7;7;10;5;6;4;12;4;11;2;13;4;6;2;5;25;5;7;1;0;29;2;3;2;8;8;3;4;5;5;9;4;1;4;3;1;1;5;5;7;0;4;2;3;4;3;1;3;2;0;0;1;3;2;1;2;2;0;0;;
05154000;4;11;6;0;5;2;13;8;8;3;5;9;6;3;5;73;9;3;2;5;3;3;3;4;4;16;47;5;8;10;2;8;3;10;17;9;0;7;3;5;10;8;4;8;1;2;9;17;9;9;14;11;25;5;17;15;10;14;7;7;6;25;5;313;371;221;356;95;61;91;13;23;68;;92;111;447;1225;75;252;30;136;37;59;29;61;23;36;93;28;52;109;317;27;99;44;30;40;23;17;15;31;25;31;105;86;24;17;15;39;24;35;11;31;51;37;3;31;2;4;9;10;7;7;5;7;1;7;4;6;15;4;7;13;2;4;5;2;2;10;6;2;16;7;7;5;3;11;11;10;2;4;8;10;3;4;9;7;1;3;3;4;9;0;2;0;3;0;4;6;4;1;1;2;4;3;5;4;19;9;15;4;7;5;5;10;1;4;3;3;7;2;8;10;4;9;15;3;13;3;1;4;6;8;3;3;12;5;3;3;8;8;3;5;8;4;5;3;4;7;6;3;7;47;3;1;5;6;1;2;1;2;6;4;3;2;2;2;8;1;2;5;2;2;3;2;1;0;1;0;2;4;5;0;4;2;0;0;10;1;0;2;1;3;1;2;0;1;2;2;0;2;0;2;0;0;1;0;0;2;0;5;0;13;1;0;3;0;4;2;3;2;2;6;5;3;1;1;2;1;3;4;3;3;6;0;1;3;2;2;3;0;3;7;4;3;1;4;6;2;1;2;4;2;4;4;3;11;7;3;2;3;6;2;1;2;2;7;0;0;2;0;7;1;4;2;6;7;11;9;1;1;4;1;1;8;6;6;3;1;16;2;4;0;5;4;2;5;3;3;4;1;3;3;2;1;0;7;1;7;4;1;2;3;0;1;1;2;2;0;0;2;0;0;3;1;2;0;3;;
05158000;9;13;12;3;8;5;27;22;14;9;13;14;12;7;10;118;9;2;7;10;9;3;9;3;8;13;53;12;8;13;6;6;10;13;18;11;4;8;1;10;6;13;5;8;3;3;12;24;7;8;51;12;44;12;15;27;14;18;6;7;18;34;3;2479;402;783;175;121;219;89;123;972;1062;133;;482;186;198;118;524;406;205;66;137;48;118;86;332;143;43;106;109;66;48;155;48;36;47;25;18;13;35;23;41;178;158;65;29;37;286;27;70;10;43;57;57;16;55;6;16;12;13;11;14;15;18;3;20;13;12;24;9;12;22;5;16;4;2;14;6;11;9;17;22;24;5;5;12;19;26;8;13;24;22;8;13;12;9;1;5;6;8;18;4;1;1;2;1;3;7;3;2;2;2;2;8;7;1;34;14;15;10;17;10;10;10;5;6;2;2;7;4;19;11;6;13;23;2;16;6;8;4;7;15;13;6;7;0;7;4;16;13;8;9;9;1;10;10;0;16;7;5;6;93;4;0;7;6;3;4;6;6;13;3;5;5;4;8;16;3;3;17;7;6;6;2;3;0;1;1;2;4;4;1;4;2;0;0;6;1;0;1;5;3;2;3;1;3;8;2;2;6;0;4;3;0;0;3;1;2;0;4;3;19;3;4;2;1;5;3;1;1;4;4;12;5;5;4;0;1;2;3;4;9;11;0;3;0;1;9;1;3;6;2;5;1;4;7;21;5;3;4;4;2;2;2;1;8;6;2;0;6;3;6;1;4;6;5;3;6;3;3;8;3;10;5;12;10;14;6;8;5;3;4;5;18;7;12;5;5;29;4;8;4;6;11;2;1;2;3;3;2;4;6;3;2;4;6;3;6;0;1;1;4;4;2;2;2;3;0;0;2;1;0;3;2;2;0;2;;
05162000;4;15;16;0;15;8;20;12;12;4;11;17;7;2;7;120;6;3;3;3;7;4;4;0;2;18;47;11;5;8;6;3;4;8;11;7;4;8;2;5;8;9;5;6;2;2;6;14;8;6;37;10;25;11;10;19;6;11;5;4;9;25;6;2125;248;187;548;1161;74;59;46;89;199;199;545;;831;249;124;887;107;352;160;517;94;414;87;114;145;19;49;110;77;42;94;59;32;35;25;19;12;27;31;50;75;118;29;21;18;62;44;51;18;64;47;65;11;57;7;17;9;11;14;18;23;15;3;20;6;13;26;9;8;29;1;15;8;4;9;6;11;6;22;34;17;4;7;12;18;20;11;10;25;25;14;12;21;12;1;5;3;13;24;4;1;0;4;1;4;2;2;5;1;4;3;4;7;0;34;13;17;4;15;11;5;12;5;6;6;6;7;2;16;11;5;24;20;1;24;4;5;3;0;15;18;6;9;1;6;4;12;15;11;4;13;6;8;3;4;11;8;3;3;106;2;2;4;1;3;6;2;5;9;8;4;3;6;7;16;2;4;11;11;3;2;3;4;1;7;5;4;3;6;4;4;1;2;1;4;0;0;1;1;0;2;1;0;3;8;0;0;4;2;2;2;2;0;1;4;0;1;9;5;26;1;4;5;4;3;2;2;0;1;5;12;2;1;0;1;2;5;5;1;5;8;3;4;0;1;6;3;12;12;6;7;2;2;10;15;2;5;10;5;1;1;2;0;15;2;0;1;6;2;3;1;5;3;7;1;4;3;3;6;2;7;3;16;5;13;4;1;4;2;2;4;22;4;7;4;4;16;4;3;2;6;9;0;0;3;2;8;2;2;0;3;2;3;4;4;5;0;2;1;1;1;0;3;0;4;2;0;4;5;2;2;3;0;2;3;;
05166000;3;5;8;1;7;5;15;5;5;3;13;9;7;4;2;54;7;0;0;1;2;2;0;2;2;10;24;9;2;5;2;4;6;5;9;5;0;7;2;7;5;4;5;8;1;1;8;12;2;1;18;4;17;3;4;9;1;10;5;2;6;17;3;576;196;132;1170;1157;64;48;30;46;101;533;192;530;;315;80;274;30;280;88;103;38;431;56;61;105;15;41;83;71;34;83;49;44;33;45;24;23;49;36;54;57;109;18;17;33;39;41;59;13;38;68;54;5;32;2;7;3;5;7;3;5;5;5;8;6;3;16;1;4;16;0;8;5;1;6;3;3;2;8;21;7;4;4;4;6;6;5;2;7;17;8;10;13;2;1;1;3;4;12;1;1;0;2;0;3;3;4;0;5;0;3;1;5;2;13;4;5;2;8;7;4;3;0;2;5;3;7;1;7;8;8;11;14;4;9;0;2;1;3;13;4;2;8;2;8;0;9;4;3;5;8;1;6;1;5;5;8;2;3;33;0;1;4;3;1;2;2;7;3;1;0;2;1;1;7;0;1;9;2;3;4;1;3;0;1;1;1;0;2;0;0;1;2;1;5;1;0;1;2;0;1;1;3;1;4;0;0;1;0;0;1;0;0;1;3;2;0;3;1;11;2;2;3;1;5;0;1;1;0;2;5;1;1;5;2;2;2;1;2;5;6;0;1;4;1;2;1;0;4;3;3;5;0;3;3;1;1;1;1;2;2;1;2;4;6;3;1;1;1;3;1;5;1;2;1;1;1;4;6;2;8;4;7;1;8;2;4;1;1;3;1;9;4;5;2;5;12;1;3;2;4;5;0;4;2;2;7;1;0;1;2;1;3;6;0;2;5;1;1;2;3;0;4;0;0;1;0;2;2;0;0;1;0;2;0;;
05170000;9;13;8;4;5;7;15;9;14;6;13;13;10;3;5;84;6;1;2;5;5;5;5;5;1;18;42;10;8;10;4;6;10;11;14;9;5;5;1;8;9;8;8;2;1;5;7;13;9;5;28;14;30;8;16;21;3;16;4;6;9;26;3;414;2232;486;396;82;157;507;12;31;80;1378;148;202;240;;75;278;21;156;46;67;24;49;28;44;68;145;129;147;522;42;377;60;29;42;39;19;15;34;25;48;174;158;31;22;55;57;34;59;8;44;32;77;3;39;2;14;7;12;4;2;7;7;0;12;5;5;18;5;8;27;4;8;7;2;7;7;11;8;10;15;8;3;2;6;15;11;5;6;21;17;6;6;6;9;4;1;1;5;11;0;1;3;2;1;3;4;2;1;2;1;1;6;10;1;20;8;14;5;12;8;2;6;2;7;4;3;7;4;8;7;2;15;15;0;12;4;3;1;3;12;10;2;6;0;11;2;9;13;5;7;9;2;4;3;4;10;5;3;6;44;1;0;4;6;5;5;2;2;10;2;5;4;3;3;11;1;5;2;1;5;3;2;1;3;2;3;2;5;2;2;3;1;1;0;3;0;1;2;5;2;6;3;1;5;4;0;1;1;1;0;2;0;0;0;4;0;1;4;1;14;0;0;3;3;1;1;1;0;3;1;7;1;1;1;2;1;4;1;1;6;8;1;1;1;9;2;1;1;4;2;5;1;1;8;14;0;2;1;2;1;1;4;1;8;3;3;0;3;4;6;0;2;1;5;4;4;3;1;4;3;7;5;12;6;10;3;3;3;5;2;3;9;3;7;5;3;20;5;2;0;4;7;1;3;3;3;6;0;1;3;4;2;2;9;0;4;3;0;1;2;4;1;2;4;3;3;1;4;2;0;2;1;0;3;1;;
05314000;8;37;25;6;8;6;18;10;14;5;9;11;11;4;12;255;23;2;7;8;9;2;6;8;6;47;87;7;5;15;2;5;5;6;11;10;2;14;4;6;4;5;7;9;7;4;24;21;10;8;24;9;26;11;7;12;6;19;7;5;1;58;6;413;94;126;42;58;32;23;18;41;95;89;127;122;125;71;;1848;78;363;413;579;775;153;129;150;4918;7;33;148;56;27;53;55;34;60;20;21;16;32;24;34;69;102;22;69;18;42;33;44;44;97;66;36;41;201;14;53;7;21;19;28;21;29;3;22;20;18;40;14;15;47;4;27;16;5;5;7;12;9;110;638;64;13;6;16;114;339;14;24;63;49;11;14;21;17;0;13;13;11;105;7;1;2;8;2;7;8;1;3;3;3;3;10;25;3;79;16;30;9;21;18;13;11;3;12;8;3;4;2;45;19;5;60;58;4;34;5;4;6;1;60;18;6;14;4;10;4;30;19;8;14;36;7;18;6;8;15;17;8;10;217;4;1;5;6;5;3;8;6;10;14;6;5;6;3;24;0;2;12;9;2;3;3;6;8;5;1;4;2;5;0;5;2;4;3;19;1;2;3;4;2;3;4;2;5;11;3;0;5;2;4;1;3;1;0;3;1;3;22;5;36;0;7;5;3;4;5;2;0;8;0;25;12;1;2;0;3;3;6;0;7;25;6;5;1;4;7;1;3;6;3;3;2;3;7;31;11;1;8;11;4;3;6;2;39;8;3;3;5;5;11;5;5;1;12;1;1;2;3;12;2;7;5;10;8;10;4;10;1;4;5;2;42;6;10;1;3;74;4;5;3;30;30;1;2;0;3;5;1;1;1;5;4;2;16;4;21;10;8;2;2;5;2;3;3;3;2;0;6;2;1;2;2;2;0;2;;
05315000;16;62;55;8;14;19;48;29;33;18;35;20;32;8;28;707;63;6;22;14;16;5;16;8;14;64;217;37;24;34;11;14;24;24;28;29;8;39;12;19;23;23;9;15;14;7;59;72;20;12;62;17;78;20;38;32;16;67;24;13;15;149;23;1332;281;404;192;229;82;76;181;281;393;217;605;1170;214;217;1475;;1385;929;953;7013;1308;363;827;3526;3459;30;81;363;159;74;176;144;89;158;107;56;45;92;82;115;203;283;85;108;47;146;127;160;137;234;181;103;58;422;44;97;33;39;43;58;47;41;9;68;44;59;86;43;41;90;16;70;37;10;29;24;31;16;102;230;152;28;16;39;122;214;31;55;118;98;51;72;101;53;7;26;17;28;122;9;1;8;14;2;16;20;4;14;14;6;14;14;35;5;195;67;63;23;66;33;26;28;10;18;20;8;33;20;98;47;25;99;102;11;66;22;13;12;15;119;55;26;48;10;22;7;69;40;20;26;56;16;35;11;16;45;34;14;36;564;10;5;13;8;16;14;10;11;25;18;18;14;19;7;64;4;7;27;27;14;9;9;16;2;6;1;5;8;10;4;8;1;4;5;32;3;5;9;7;3;8;4;2;26;27;6;3;8;8;10;4;4;5;4;6;6;6;32;13;87;1;10;15;7;14;5;8;4;14;11;48;22;14;7;1;10;13;10;9;18;48;8;11;5;6;15;5;13;20;16;17;13;4;26;75;18;17;37;18;9;10;11;7;44;16;9;5;15;14;9;4;12;6;16;4;9;9;12;25;24;14;15;19;8;26;16;22;6;10;12;14;82;12;21;6;13;153;12;5;8;27;30;9;7;3;11;14;4;5;7;11;7;4;31;7;22;46;17;6;7;8;4;2;8;5;5;0;7;5;5;7;2;3;4;2;;
05316000;2;4;2;1;4;1;7;8;8;3;4;3;0;3;0;29;6;3;4;2;2;0;4;1;0;7;15;4;3;4;1;1;5;3;4;1;1;4;3;5;0;0;3;4;0;3;9;5;2;2;15;7;9;3;7;4;1;6;3;3;5;10;1;182;37;59;22;25;17;12;67;165;96;19;527;94;26;24;81;864;;75;55;181;48;21;94;1103;161;4;12;24;9;7;32;14;12;15;11;2;6;6;8;12;21;39;17;12;9;23;10;27;10;22;11;12;6;23;2;5;5;5;4;3;4;4;2;6;3;5;7;4;9;14;0;4;5;0;4;3;4;4;9;25;16;4;4;4;13;19;2;6;11;16;7;3;10;4;0;1;1;5;9;1;0;2;1;0;2;2;6;3;3;0;1;3;10;1;6;7;7;1;8;5;1;4;0;2;1;0;2;2;8;3;2;5;8;2;4;1;4;2;5;5;3;3;1;2;2;2;4;4;4;3;3;1;1;2;6;7;3;2;4;26;0;3;3;2;2;5;0;2;0;0;3;1;1;0;8;0;4;3;3;2;0;0;2;1;1;2;3;2;0;0;0;1;2;1;5;0;0;1;2;0;4;0;0;0;2;1;1;1;1;0;0;1;1;1;0;0;1;2;3;4;0;1;0;2;0;0;2;0;2;0;4;2;2;3;0;1;2;0;1;0;5;3;2;0;0;4;2;3;4;3;2;4;1;0;9;3;2;3;2;3;0;1;0;4;5;1;0;1;2;2;1;1;3;3;0;2;4;4;2;0;1;2;3;2;6;2;3;1;1;0;1;6;3;0;2;1;7;2;3;0;2;4;0;2;1;0;2;1;1;2;1;4;0;5;0;1;0;1;4;0;1;0;2;3;0;0;0;0;1;0;2;0;1;0;1;;
05334000;9;32;25;2;7;4;11;6;21;6;17;14;12;6;13;270;53;6;23;9;16;9;10;6;7;32;113;13;11;20;5;7;6;10;9;14;3;22;6;12;16;10;7;6;3;5;16;32;8;12;18;9;36;9;10;19;8;34;13;6;5;76;6;583;132;197;115;244;52;37;29;56;137;110;175;293;182;117;366;1346;75;;1812;418;225;1490;101;150;310;22;45;175;65;33;88;66;42;68;51;31;21;37;29;64;116;149;37;31;24;60;59;61;28;79;63;59;51;159;13;46;15;20;28;25;25;23;2;28;8;16;44;18;21;40;5;24;13;6;10;12;13;6;51;50;13;9;10;15;46;37;13;11;21;61;21;37;23;24;1;18;15;22;53;2;2;4;6;2;9;12;5;6;1;2;7;9;25;3;190;52;49;13;55;19;25;22;4;10;7;6;21;6;79;30;20;38;51;8;43;10;10;7;5;45;23;12;25;8;16;8;32;26;15;24;27;13;25;7;13;39;15;6;36;317;6;1;8;2;4;5;12;6;17;13;8;15;5;3;46;5;6;12;13;10;10;5;10;1;6;4;3;5;7;2;1;1;4;2;21;1;5;4;6;4;3;4;2;11;14;4;1;5;0;3;9;3;1;1;4;0;5;31;6;55;1;7;11;7;8;4;3;4;9;5;23;9;3;10;3;3;9;3;5;8;37;4;7;3;4;7;2;8;10;5;8;4;4;11;34;8;9;20;19;12;4;5;0;18;4;8;2;4;3;5;3;2;3;6;2;3;7;6;18;3;12;7;6;3;11;7;20;3;5;4;7;53;11;12;8;11;70;6;7;5;16;21;3;2;4;5;6;2;3;2;4;2;6;13;3;19;2;8;3;6;1;2;5;4;3;2;1;4;9;0;3;3;3;2;1;;
05358000;3;8;7;2;3;1;4;6;8;0;8;5;8;3;3;44;4;4;2;5;7;0;4;5;3;12;23;7;1;6;2;6;2;7;5;3;0;2;0;5;4;4;1;1;1;6;8;7;6;4;15;7;8;5;4;6;7;4;2;1;7;14;1;149;59;58;46;106;29;31;15;35;59;75;97;147;99;59;140;594;51;1915;;605;431;526;74;64;211;15;32;38;39;20;56;38;28;16;37;19;20;43;30;29;23;64;15;8;14;38;20;40;12;55;25;32;8;45;4;5;7;4;7;8;11;1;0;2;4;6;14;3;7;11;2;7;8;5;6;6;1;4;9;36;10;5;8;4;18;13;3;8;9;31;12;13;13;3;3;4;8;4;10;1;0;4;1;2;0;3;1;0;2;1;1;0;9;1;19;5;7;5;8;5;1;5;4;3;2;3;4;4;6;14;6;5;16;3;9;2;8;1;4;10;6;1;10;3;4;1;8;6;4;6;5;2;8;6;5;5;5;4;3;39;1;0;2;4;2;4;4;0;6;1;2;3;2;1;8;0;3;2;3;2;0;1;0;0;1;1;2;1;3;3;0;0;0;0;3;0;0;4;1;3;3;3;0;0;4;0;0;0;2;1;0;1;3;1;0;0;0;5;3;11;0;2;2;1;1;0;1;0;2;0;4;4;1;0;2;0;2;3;1;3;7;2;0;0;4;1;1;1;2;2;2;2;0;4;13;2;3;6;2;0;2;1;1;6;6;6;0;1;3;2;5;1;1;3;2;2;0;4;5;3;7;4;10;3;9;4;4;0;2;5;2;10;2;9;1;1;9;1;0;2;4;6;0;0;2;1;2;0;2;0;1;1;1;1;2;2;0;1;0;0;2;1;0;1;1;0;0;0;1;0;1;3;0;1;2;;
05362000;10;17;13;5;11;6;19;20;15;6;11;12;7;3;8;166;9;2;3;8;4;1;7;4;3;16;46;11;9;6;7;2;8;13;17;11;0;11;0;6;12;4;6;1;2;5;15;14;8;10;34;10;29;8;7;25;3;11;5;7;11;25;7;266;109;101;65;137;25;28;52;70;106;74;165;645;102;88;494;4120;194;489;1171;;1044;174;141;341;1088;13;28;63;55;20;77;37;21;35;25;15;13;39;26;45;64;75;34;21;24;46;35;49;20;64;38;39;8;67;11;20;12;12;17;14;25;17;3;25;11;19;23;11;11;26;6;10;12;11;7;9;7;8;29;118;41;12;7;17;43;68;17;17;47;35;22;30;53;16;0;7;4;23;26;2;2;5;9;3;7;7;1;10;2;4;5;4;15;2;28;10;14;6;17;10;7;7;5;3;6;3;7;4;16;13;9;19;33;6;20;7;3;4;4;13;17;2;21;2;9;1;17;14;10;11;15;7;7;8;5;10;6;5;15;82;4;3;5;5;7;7;7;8;8;13;9;5;6;4;42;2;4;8;6;10;8;4;2;2;5;1;4;3;3;4;3;5;4;0;6;3;5;2;3;1;5;8;0;4;7;2;2;1;3;1;3;1;1;4;3;0;1;4;1;18;1;9;10;5;4;2;2;3;5;3;7;6;38;3;2;3;4;5;0;3;9;2;0;2;2;6;6;5;10;4;4;4;0;7;13;5;6;7;4;5;2;3;3;8;4;6;1;5;2;8;4;5;3;6;0;0;5;4;7;6;10;9;6;3;10;6;10;5;11;7;5;18;8;6;6;7;34;3;3;6;6;8;1;1;2;9;10;5;4;3;6;6;3;12;6;4;2;4;2;4;7;3;4;3;3;1;1;0;0;1;1;2;0;2;2;;
05366000;1;3;4;0;0;2;4;3;7;2;7;4;4;2;2;24;2;1;3;1;0;0;2;1;0;6;14;2;2;4;1;1;2;3;7;7;3;6;1;4;5;3;0;0;0;1;7;6;5;4;8;2;5;2;3;9;2;4;3;2;3;6;6;134;50;36;43;29;20;27;20;27;33;53;71;103;45;76;284;656;60;316;481;571;;71;63;97;650;10;56;25;39;25;65;32;14;13;24;15;17;20;30;28;27;66;14;15;15;36;24;84;24;49;34;43;3;21;5;13;6;3;8;6;5;7;0;4;5;6;10;3;6;5;3;6;5;1;5;1;2;2;31;146;10;7;4;7;30;29;11;9;12;38;17;56;157;9;3;2;2;6;14;1;1;0;0;0;3;1;1;3;2;1;2;1;5;1;9;5;6;2;2;7;5;3;1;3;2;1;4;2;9;7;4;8;8;0;5;2;0;0;2;7;5;4;5;6;6;2;6;0;3;3;2;4;1;4;5;7;1;0;3;24;2;0;4;1;1;3;0;1;4;1;6;2;2;1;5;0;2;3;3;0;3;1;1;0;0;1;2;4;4;2;0;1;1;0;2;3;1;0;0;0;3;3;0;1;1;0;4;1;2;0;0;0;3;0;0;0;1;3;1;5;0;2;3;0;0;0;1;1;1;0;2;4;3;0;0;2;1;3;0;4;4;0;0;2;3;1;1;4;1;1;3;1;3;3;9;1;3;3;2;1;0;1;0;6;0;2;0;3;3;2;0;2;0;4;0;1;1;0;3;1;4;3;4;3;1;2;0;1;3;1;1;4;3;4;2;2;9;0;1;1;3;3;0;4;1;0;4;3;2;0;1;0;1;0;1;4;0;0;2;3;1;1;1;0;0;2;0;0;2;0;1;2;1;0;1;;
05370000;3;6;6;3;2;1;12;6;5;2;7;7;1;4;1;34;3;0;2;4;1;2;5;1;1;6;17;1;6;5;2;0;5;2;8;5;0;1;2;2;1;4;1;2;2;4;2;5;2;6;13;4;18;0;1;8;2;6;3;3;4;12;2;236;98;58;75;619;17;19;20;26;67;117;99;254;308;87;62;247;18;1354;540;135;80;;33;35;96;5;21;40;39;22;61;40;36;21;29;20;14;28;32;38;33;65;16;11;17;33;24;41;14;30;39;36;5;25;2;9;1;7;6;4;5;5;1;3;1;8;12;5;3;9;5;3;3;2;3;1;3;2;5;13;5;6;1;4;12;12;4;2;13;15;6;3;15;6;1;2;5;2;5;2;0;0;1;1;1;3;0;6;2;0;2;1;5;2;11;0;7;1;2;5;0;6;2;1;3;2;2;0;3;7;1;4;5;1;11;3;4;0;2;3;5;2;6;5;3;2;7;8;5;3;2;2;3;2;2;3;2;2;1;22;0;2;2;0;2;1;2;1;3;2;2;2;2;1;12;0;2;1;3;4;3;2;0;1;2;2;4;5;0;0;0;1;4;2;1;0;4;2;1;2;0;1;0;2;1;0;1;2;1;0;0;4;3;0;1;3;1;5;1;8;0;2;2;0;3;2;4;0;2;2;4;4;0;2;0;1;4;2;0;2;5;0;4;0;0;4;1;0;5;3;2;4;2;1;9;2;2;2;2;1;1;0;0;3;0;2;1;3;4;4;1;3;0;2;3;1;1;4;2;1;7;3;5;5;6;1;4;1;2;1;2;6;3;4;1;1;7;2;5;2;5;4;0;1;2;2;5;0;0;3;0;2;3;4;1;0;2;0;0;3;0;1;2;0;0;0;2;2;0;0;0;0;2;1;1;;
05374000;7;6;8;2;7;8;15;9;6;2;7;9;3;2;7;54;7;0;6;11;1;2;9;1;0;7;28;5;4;6;2;3;5;2;13;5;2;4;3;1;1;3;3;7;4;4;5;6;10;3;24;7;23;10;7;10;4;13;4;3;13;14;4;110;40;51;22;30;14;12;276;45;200;27;94;52;19;21;168;862;77;103;51;131;36;28;;532;541;7;20;50;14;10;33;31;17;20;17;11;6;25;14;24;63;71;40;14;10;86;29;459;161;187;21;36;8;36;4;14;4;10;10;5;15;5;3;5;4;13;29;24;5;27;0;15;7;4;8;6;11;4;15;25;184;6;6;2;18;34;8;9;38;14;5;9;4;2;2;2;5;3;13;0;1;2;0;1;4;2;1;5;1;3;3;1;3;1;19;10;5;5;12;8;8;12;4;8;3;0;4;3;11;6;1;4;13;4;13;3;6;3;3;6;8;2;11;1;1;2;11;12;10;5;9;3;5;4;4;9;9;7;5;35;2;1;0;2;2;2;1;3;4;3;4;2;2;2;8;4;2;3;2;1;2;0;3;2;3;0;0;1;3;0;4;1;3;0;4;0;0;1;2;1;1;2;2;4;3;2;2;1;2;1;4;1;1;2;0;0;0;4;1;11;0;8;1;1;2;1;2;1;1;0;6;5;2;1;0;2;2;0;0;1;6;2;2;4;0;4;3;2;5;4;8;0;0;5;5;0;3;4;2;0;1;2;1;10;4;0;1;3;1;2;1;4;0;5;0;2;3;1;0;1;6;5;9;1;7;3;5;2;2;4;6;8;7;6;5;6;16;1;3;0;6;4;0;1;0;1;2;2;2;1;4;3;5;1;0;3;0;0;3;0;5;0;2;1;4;0;1;2;1;0;4;0;1;2;1;;
05378000;7;8;9;3;5;4;12;12;8;8;10;14;6;6;5;62;10;6;5;4;1;3;5;2;3;12;28;6;5;10;0;2;4;11;10;4;0;4;3;6;6;4;1;4;6;7;6;12;3;4;30;6;16;4;9;10;5;9;3;4;6;27;4;170;43;73;30;35;19;14;315;224;155;31;267;117;40;46;207;2283;845;161;59;266;65;33;777;;695;6;16;59;18;10;31;14;14;24;14;2;8;16;10;22;40;51;21;8;14;49;19;52;24;52;23;23;6;35;9;12;3;6;6;8;8;9;6;10;8;11;20;12;11;24;5;7;6;2;3;1;1;2;16;41;31;9;3;10;17;36;3;9;19;23;5;7;13;6;0;2;2;3;18;1;0;2;4;1;2;2;2;2;2;2;7;4;10;0;27;10;7;3;15;6;4;10;2;5;6;2;2;7;9;3;4;16;16;2;12;4;1;2;2;16;8;4;6;0;2;6;10;10;4;4;10;1;2;4;0;10;8;3;3;55;4;3;3;3;5;4;4;5;5;2;6;4;4;1;10;2;1;4;3;4;9;0;1;0;1;0;3;0;0;0;0;0;1;1;3;1;1;1;1;0;0;1;1;1;2;2;1;1;2;0;1;2;1;2;0;2;1;4;2;13;2;3;3;1;0;3;2;2;2;1;6;5;1;0;2;3;2;3;3;4;7;1;3;0;2;2;3;1;3;8;5;7;5;6;8;1;4;6;2;3;1;0;2;7;4;2;3;1;1;3;3;1;0;2;1;1;1;1;4;1;0;4;8;2;6;4;4;4;5;1;3;12;5;6;3;1;15;1;4;0;1;4;0;4;3;1;5;2;2;3;3;2;2;6;2;4;0;2;5;1;4;1;3;1;3;0;0;3;2;0;1;1;1;1;3;;
05382000;8;26;15;8;10;5;19;21;17;14;29;25;11;7;16;153;17;4;7;8;8;4;4;4;4;27;64;11;8;12;7;7;10;15;17;14;4;13;2;14;5;9;8;6;6;2;13;15;15;12;47;11;26;12;11;24;10;24;15;9;20;34;9;278;89;113;48;63;35;35;46;71;128;84;179;143;60;76;3741;2438;170;360;180;1010;938;66;678;561;;17;51;103;51;23;68;50;35;49;43;18;14;39;35;37;62;112;49;27;20;60;40;70;41;137;48;46;20;122;20;35;17;21;24;28;20;19;4;24;26;23;42;24;22;45;10;12;19;8;12;6;10;11;100;659;462;21;9;26;110;1040;26;32;143;54;21;18;50;18;3;13;11;6;50;6;1;4;10;3;5;6;7;6;3;4;7;7;26;8;48;22;18;4;19;15;11;7;6;5;3;10;9;4;29;15;7;25;36;5;24;8;5;6;3;30;14;6;21;6;11;2;18;12;5;12;16;11;7;5;7;19;13;5;7;125;7;4;10;11;3;7;4;8;13;7;7;10;11;6;33;8;3;16;10;10;8;3;5;1;4;4;3;7;12;2;4;1;2;3;16;1;3;5;2;0;6;4;0;4;8;1;2;5;4;0;3;4;2;2;4;2;1;9;5;22;0;4;10;3;5;6;1;1;3;1;12;10;6;1;2;5;3;2;7;7;13;1;7;2;4;8;2;7;8;1;13;4;4;12;26;11;8;4;11;5;1;8;3;14;13;11;1;11;9;9;2;8;8;12;3;3;10;7;16;11;9;12;12;13;24;11;4;7;10;4;3;37;5;9;1;3;60;0;6;5;11;18;3;1;7;6;13;3;1;3;10;5;4;16;2;7;1;7;3;5;4;2;1;5;4;3;1;3;5;6;4;0;0;4;3;;
05512000;0;2;3;3;1;0;8;2;2;3;2;2;1;0;1;18;1;2;3;0;0;2;0;0;0;2;12;1;0;1;0;0;1;1;5;1;0;3;0;0;3;1;0;1;4;2;2;4;5;2;10;3;13;2;8;10;0;5;3;4;6;1;0;73;126;377;14;6;57;369;5;9;24;38;28;13;13;160;13;35;5;24;4;9;5;7;6;4;18;;210;31;78;20;628;14;10;7;6;4;1;7;5;6;75;43;10;8;31;30;14;11;1;4;11;20;2;6;2;2;0;1;4;2;4;1;0;1;1;1;3;1;3;5;0;2;1;0;1;4;3;0;1;1;1;1;0;3;2;4;0;2;0;2;1;3;1;1;1;4;2;1;3;1;0;3;0;0;0;0;0;1;0;0;1;2;0;0;1;1;1;1;0;2;3;0;0;0;0;0;3;0;1;1;1;1;6;0;2;0;0;0;0;3;2;0;4;1;2;0;1;1;4;0;0;0;3;0;1;6;1;0;0;8;1;1;0;1;2;4;0;0;1;1;2;0;1;0;1;3;2;1;0;2;2;0;0;0;0;0;0;0;0;0;0;0;0;0;1;0;0;0;1;0;1;0;0;2;0;1;0;0;0;0;0;0;0;1;1;1;0;1;2;3;0;0;4;0;0;0;0;2;1;0;0;0;0;0;0;1;0;0;0;0;1;0;1;0;1;1;0;0;1;0;1;0;3;2;2;0;3;1;1;1;1;1;0;0;0;0;0;0;0;0;1;2;0;1;0;1;0;1;4;1;2;0;7;1;2;3;0;1;1;0;0;1;1;1;2;0;4;0;0;0;2;1;0;0;0;0;0;1;0;1;0;0;0;1;0;1;0;0;3;1;3;2;0;0;3;0;0;1;0;0;1;0;0;1;0;;
05513000;3;10;4;3;5;3;11;15;5;3;3;10;5;3;4;45;5;8;1;3;10;3;6;7;1;11;28;6;7;6;3;5;8;6;13;4;1;5;5;3;7;6;0;3;1;2;6;17;15;7;22;8;41;8;14;19;3;21;8;4;7;25;7;127;182;1005;37;27;85;162;16;16;71;59;98;55;32;178;22;98;12;43;15;23;9;26;17;13;34;278;;49;168;60;1993;41;21;33;22;9;14;14;8;21;580;239;51;39;371;122;30;54;9;25;40;94;3;23;6;13;8;4;5;3;11;2;3;10;6;7;9;6;1;10;4;6;2;4;5;5;10;2;4;7;12;7;3;4;5;7;1;6;6;3;3;1;3;3;1;2;2;6;5;2;2;1;2;0;1;1;1;0;2;0;0;3;4;0;13;8;6;4;7;6;3;5;0;0;2;2;4;1;11;6;3;4;18;4;12;3;4;3;6;5;5;3;11;3;10;3;6;7;4;3;8;3;5;5;5;6;2;5;2;27;0;7;1;3;1;3;2;2;3;0;2;1;2;1;9;1;2;2;1;0;1;1;1;0;3;0;6;0;2;2;1;0;1;0;5;0;0;10;1;0;1;3;0;1;2;0;3;2;0;1;0;2;3;2;1;1;1;2;5;14;0;4;2;1;1;1;0;2;1;2;3;3;1;0;1;2;3;3;6;2;5;1;0;1;2;6;0;0;1;0;4;2;2;2;12;3;3;2;0;0;4;1;0;5;2;1;0;1;1;1;2;2;0;0;0;4;1;2;5;2;7;4;2;0;10;3;2;3;0;9;6;7;6;7;3;0;8;3;4;2;4;7;2;3;3;1;6;0;2;1;2;3;0;5;4;4;0;0;0;1;1;2;1;0;1;0;2;2;0;1;2;1;2;3;2;;
05515000;12;46;41;4;9;11;21;14;21;5;16;13;12;4;18;476;38;3;8;9;4;3;11;8;9;51;140;30;16;20;7;11;21;9;15;13;2;21;9;12;6;17;1;6;9;16;68;244;14;19;42;34;197;11;97;33;15;158;51;3;12;120;15;477;84;224;51;37;46;35;16;18;92;106;85;93;87;121;170;582;20;131;30;53;16;39;37;45;78;25;59;;658;1522;301;2078;1347;209;165;82;47;110;96;150;135;325;46;219;27;63;104;94;23;45;274;225;16;146;6;29;13;7;14;15;9;16;0;13;10;12;27;10;9;36;3;30;9;3;12;6;11;9;19;11;7;6;1;2;16;7;8;4;7;20;5;3;4;4;3;6;6;10;49;4;4;4;3;1;4;1;2;1;1;1;2;7;8;1;61;16;18;3;13;11;12;9;4;4;2;7;7;6;28;10;3;36;37;1;13;5;4;2;2;60;13;5;9;1;9;1;23;10;10;13;25;5;16;6;8;14;10;6;13;141;3;0;1;3;5;3;2;2;4;10;4;7;8;2;15;2;3;8;7;6;4;0;3;0;3;0;0;4;1;0;2;3;1;1;11;1;1;0;1;2;4;1;0;8;7;2;1;0;1;0;0;1;1;2;3;0;1;11;1;23;3;3;4;1;1;5;0;0;4;1;16;10;4;5;2;8;5;0;2;6;18;1;2;0;2;5;1;2;4;5;0;2;1;2;14;4;1;1;6;4;4;1;0;24;5;4;1;5;1;6;2;4;2;9;2;1;2;1;18;2;4;2;8;4;15;5;7;2;3;3;1;36;3;5;2;4;82;1;2;3;21;12;3;3;2;2;3;2;0;2;3;4;1;12;4;14;1;6;3;3;0;2;1;1;3;1;0;4;2;1;3;0;0;0;1;;
05554000;4;8;7;7;3;3;9;7;10;3;11;5;5;5;8;100;8;1;7;3;7;2;4;1;1;15;45;13;6;10;6;3;7;7;8;6;2;3;0;8;11;8;2;3;8;7;17;84;9;5;27;12;89;3;214;20;6;33;14;6;11;39;8;215;118;225;31;28;37;71;6;22;73;257;58;40;38;435;49;226;25;114;25;44;16;17;18;22;43;45;89;697;;444;406;493;67;46;52;20;21;54;47;79;124;176;23;31;40;49;40;48;12;37;49;61;6;39;2;15;3;5;8;4;10;4;2;7;7;1;13;6;2;11;0;8;8;5;10;7;6;6;11;4;5;1;3;3;10;10;1;5;7;6;3;5;3;1;0;6;2;3;15;1;2;1;3;0;3;1;1;3;2;3;0;5;2;0;28;1;8;4;7;3;8;8;2;1;4;0;9;2;11;10;1;6;12;5;6;1;3;5;1;10;6;1;11;2;4;1;4;9;6;0;4;8;5;5;9;6;10;2;5;42;2;2;5;2;1;4;3;0;6;5;4;0;2;4;11;2;0;4;2;4;0;2;1;0;1;3;2;3;2;0;1;1;1;1;3;0;0;0;2;0;1;5;0;2;3;2;0;3;2;1;2;0;0;2;1;1;3;7;0;9;0;2;1;0;3;0;2;0;3;1;7;4;1;2;0;0;1;3;2;1;6;1;1;0;0;6;2;2;6;6;2;3;0;4;4;1;0;2;3;2;0;2;1;8;3;3;0;3;1;6;1;1;0;1;4;1;4;1;4;3;4;3;6;1;10;5;6;0;5;3;3;11;2;7;5;4;16;0;4;1;4;6;0;3;0;7;3;4;1;2;3;0;3;2;1;5;3;5;1;1;1;1;0;2;2;0;1;0;1;2;2;1;0;0;0;;
05558000;2;9;8;0;6;0;14;7;4;2;4;6;4;1;4;71;3;3;1;3;2;3;2;3;2;16;26;14;3;8;4;3;6;6;7;6;3;4;2;2;5;6;8;1;0;4;8;52;8;4;14;21;43;5;29;15;9;41;11;4;4;17;7;77;30;74;14;17;16;20;5;5;31;24;16;8;7;36;40;120;8;36;10;14;6;4;8;8;13;16;48;1197;518;;393;317;155;38;27;11;5;21;14;43;99;231;11;90;45;35;24;33;8;17;48;418;4;23;2;9;3;2;3;2;7;3;4;4;3;6;7;6;2;7;4;4;6;3;1;3;3;1;6;3;5;0;5;2;4;5;1;2;4;6;5;4;0;1;0;2;1;1;5;1;0;0;1;0;2;2;3;0;0;0;1;5;1;0;9;1;8;5;5;7;2;4;4;0;1;2;0;2;5;3;0;7;11;0;8;0;2;2;1;3;3;4;6;3;6;1;8;2;3;3;3;2;4;0;1;3;4;5;1;26;0;0;4;1;1;1;0;5;5;4;1;2;3;3;6;4;4;3;3;0;1;0;1;0;1;0;0;1;2;0;2;0;1;0;2;2;0;1;0;1;1;3;1;1;4;1;1;1;1;0;2;0;2;0;2;3;1;4;3;6;1;3;0;0;1;3;0;0;1;0;2;0;1;0;0;0;1;1;0;2;2;2;0;1;3;2;2;2;3;0;1;4;0;2;4;2;2;2;2;1;0;2;0;2;2;0;0;1;2;4;0;4;1;3;2;0;5;2;3;3;4;5;6;3;7;5;3;5;1;2;1;9;1;3;0;0;12;3;1;3;1;3;3;5;0;2;3;1;0;1;1;4;0;5;1;3;0;2;2;0;2;0;2;2;0;0;1;1;0;0;0;1;0;1;1;;
05562000;7;18;16;11;19;6;26;24;15;13;19;22;8;5;12;105;15;11;2;5;10;4;7;8;3;19;66;23;9;8;8;12;15;8;17;9;5;11;11;7;7;15;4;13;4;6;22;33;14;17;70;20;77;19;24;41;9;42;14;11;17;38;10;247;226;801;59;41;112;205;23;39;114;94;144;80;45;406;81;233;29;99;29;73;24;40;33;37;79;589;1355;334;572;619;;156;80;54;63;33;19;37;48;54;797;1157;100;83;770;236;74;121;20;54;109;491;8;51;4;19;11;15;15;8;21;7;3;11;7;10;31;10;11;20;7;17;9;4;8;3;15;3;12;13;9;7;8;6;17;16;4;9;10;11;1;5;4;7;1;6;3;11;16;3;4;2;4;1;4;3;4;9;3;0;4;6;11;3;24;11;10;9;19;6;9;18;1;6;2;1;4;3;8;13;9;13;24;4;21;3;5;8;4;16;8;1;5;5;8;3;12;13;8;13;10;2;7;5;5;15;10;5;8;69;2;3;5;4;5;4;3;2;10;7;4;5;4;5;16;1;5;8;3;3;12;2;4;3;5;1;2;3;10;0;2;3;3;0;6;2;2;0;5;1;3;5;1;3;6;3;7;7;0;2;0;1;1;3;0;3;0;6;3;16;0;10;1;1;5;2;1;1;5;5;8;3;2;0;3;2;5;3;6;2;14;1;3;0;2;3;0;3;9;4;3;1;1;7;21;3;2;4;2;2;2;5;2;12;11;6;0;4;4;6;1;5;3;6;1;2;9;4;10;2;11;11;15;11;14;7;10;3;6;3;2;12;4;12;3;2;26;3;4;2;12;7;2;5;4;5;10;1;2;5;9;3;2;6;4;5;0;2;6;0;4;3;3;5;2;0;0;3;1;2;2;1;2;2;3;;
05566000;7;18;14;1;9;10;15;15;7;6;10;10;14;5;7;139;28;5;7;10;12;3;7;8;9;38;99;48;14;25;9;17;16;6;19;9;3;15;7;10;9;13;7;8;9;12;48;906;15;19;49;40;707;15;301;38;14;792;67;10;18;70;9;170;57;103;23;21;28;23;10;19;48;53;63;51;24;66;60;198;24;81;22;37;6;17;26;21;42;11;48;1653;516;321;162;;313;125;144;68;32;111;76;110;85;177;31;83;34;60;36;57;11;32;74;103;13;39;3;11;8;10;6;3;9;5;3;11;8;6;16;3;8;22;1;17;16;3;2;8;10;11;7;10;8;0;4;2;9;7;1;3;5;8;4;1;2;4;2;3;2;13;16;1;0;3;2;1;1;1;1;3;1;1;0;1;9;1;24;5;12;2;13;10;4;10;1;2;3;3;6;1;10;13;5;8;15;3;11;6;1;5;4;9;11;6;7;7;1;9;10;9;8;4;7;4;4;2;3;8;7;2;3;57;1;2;5;0;1;0;4;4;8;2;4;1;3;1;11;0;2;7;6;4;3;3;2;3;0;0;1;2;5;0;0;4;0;3;6;1;2;2;4;1;8;3;0;5;4;0;1;2;1;0;1;3;1;3;1;4;2;10;3;14;0;4;4;2;5;0;4;0;3;1;7;3;1;2;1;3;2;2;1;3;11;5;1;2;6;5;2;1;4;3;2;7;3;8;20;4;1;6;6;2;3;5;1;9;6;5;1;5;4;6;1;5;2;6;1;1;4;2;8;4;10;6;10;6;11;5;6;4;12;2;2;13;9;11;1;3;24;0;1;3;13;11;2;3;4;7;6;1;2;0;3;2;6;7;1;5;0;1;2;3;0;1;1;0;1;0;0;2;1;1;1;1;0;0;2;;
05570000;3;13;11;2;5;4;14;13;8;2;11;10;8;3;4;79;9;4;2;1;4;4;5;4;1;12;40;12;11;11;2;7;8;9;12;12;4;4;0;4;8;9;4;3;4;2;15;82;5;9;16;23;48;7;20;14;8;167;24;2;5;32;6;88;34;77;15;16;11;15;14;9;27;15;27;13;8;22;36;121;5;53;12;18;10;10;15;8;27;11;37;1149;58;161;82;323;;206;827;39;16;58;35;148;75;196;32;468;17;26;57;37;11;15;380;136;3;27;3;6;4;6;7;4;10;5;3;8;2;9;8;9;6;11;2;8;3;4;3;7;11;3;3;6;3;3;1;0;8;10;3;0;3;6;3;1;1;5;2;4;3;5;12;2;0;0;2;0;3;0;0;1;1;0;2;1;1;1;17;1;9;4;5;1;3;3;1;1;3;0;3;1;13;4;4;14;11;1;9;5;2;3;4;10;6;2;9;2;7;1;6;1;5;1;6;1;3;3;2;8;1;1;2;40;3;2;1;4;2;0;1;2;6;3;3;1;1;3;7;1;3;4;3;5;5;1;1;3;1;0;1;4;4;2;1;0;3;0;7;0;1;3;3;0;1;0;0;0;2;1;0;2;2;1;1;0;1;1;1;0;2;1;1;13;0;1;1;1;2;2;1;2;3;1;5;2;2;2;0;4;1;0;1;3;7;0;2;1;0;5;1;1;2;3;3;6;1;11;6;2;5;4;3;0;3;1;0;4;2;3;0;2;5;3;2;4;2;8;0;1;3;4;4;3;4;2;6;2;9;5;2;1;2;2;3;10;3;1;4;0;16;2;4;4;5;7;2;19;2;2;4;2;3;3;3;1;1;10;2;3;1;2;5;0;3;0;2;0;3;0;3;0;2;2;1;1;0;1;0;;
05711000;11;18;19;3;5;4;19;15;14;5;8;7;9;4;12;225;37;6;8;6;12;6;10;3;10;46;207;20;47;29;24;31;72;19;14;8;3;10;5;10;16;7;3;9;5;9;31;108;19;12;10;15;31;14;17;19;11;204;24;11;8;82;11;176;54;104;18;25;19;16;17;9;51;34;73;66;42;47;107;204;13;91;35;76;15;23;17;21;84;9;27;424;265;31;106;504;145;;2021;1895;678;1655;429;416;71;156;32;151;20;43;54;46;54;35;278;68;13;62;8;15;4;14;10;13;10;7;1;7;3;10;18;6;5;24;5;24;12;4;18;10;16;5;8;9;4;3;3;1;8;7;0;2;7;12;1;1;1;7;0;0;3;5;17;2;2;2;2;1;1;3;0;3;1;0;1;3;6;1;41;11;8;7;10;12;3;6;2;6;2;2;5;1;12;6;3;21;23;1;21;7;2;2;6;12;11;4;11;2;4;6;16;12;5;4;12;1;10;2;5;14;8;2;6;86;1;0;2;2;6;3;0;0;7;4;2;3;8;2;14;1;2;4;4;5;2;1;5;0;1;0;0;1;5;2;0;1;2;0;5;3;1;2;0;0;4;1;0;6;4;2;5;0;4;1;1;1;0;3;0;1;0;4;2;22;0;3;2;2;2;5;1;0;3;1;13;2;1;2;1;3;2;2;5;5;11;3;3;1;1;3;2;6;2;3;3;5;1;3;11;2;2;4;6;0;3;2;2;20;3;4;1;5;6;5;2;3;1;12;0;4;3;2;13;22;6;3;7;3;10;4;7;1;1;3;2;20;2;4;6;0;42;1;6;1;13;17;2;2;0;3;9;3;6;1;4;9;4;6;1;9;0;7;1;1;4;2;0;3;1;0;0;0;2;0;4;1;0;0;2;;
05754000;13;11;11;5;11;5;21;19;14;7;15;14;6;6;4;139;23;9;3;4;6;2;10;2;5;22;100;19;22;20;14;17;39;15;14;16;2;9;1;9;7;8;5;8;8;3;22;103;7;13;28;27;51;12;9;16;20;451;19;3;10;48;5;104;36;51;12;14;9;11;10;15;30;16;22;22;9;26;33;135;9;55;16;22;8;15;15;13;30;2;14;203;35;32;56;98;791;1953;;308;53;488;167;621;55;110;21;77;13;33;41;29;6;19;367;55;4;38;4;12;3;10;8;5;9;7;1;10;9;7;21;4;3;16;2;25;6;8;12;10;19;5;10;8;3;7;5;0;11;6;4;1;7;5;0;3;1;4;2;8;2;3;12;3;2;1;3;1;4;0;1;1;0;0;2;2;4;0;25;11;8;1;10;6;4;10;4;3;5;4;8;2;16;10;6;12;13;7;13;2;4;5;5;8;8;3;9;0;3;4;12;9;8;4;5;6;7;4;5;9;9;3;6;52;1;5;2;4;3;2;3;3;4;3;2;1;2;4;9;1;2;4;1;5;3;3;1;4;2;0;1;4;4;0;1;1;0;1;6;0;1;1;3;0;6;3;0;4;8;0;5;4;4;3;0;3;0;1;2;2;1;4;1;12;1;2;2;2;4;3;2;2;2;2;11;6;3;1;1;5;0;3;1;4;7;2;1;1;0;5;2;4;7;3;5;6;3;8;8;5;1;2;5;0;6;0;2;11;3;3;4;7;4;2;2;6;4;5;1;0;1;1;10;5;9;4;10;4;10;8;4;4;8;3;5;17;3;6;5;2;21;1;3;9;7;16;5;8;4;14;8;1;3;4;16;1;6;12;3;3;1;2;19;2;5;1;0;4;7;2;3;3;0;3;2;1;3;0;1;;
05758000;4;15;9;2;7;0;12;19;11;4;9;8;12;4;7;99;22;4;5;6;7;3;6;6;7;25;142;23;30;14;9;28;86;8;9;6;1;5;9;10;9;6;3;7;5;6;15;115;8;5;15;12;24;6;9;6;10;353;23;7;9;35;5;68;25;30;13;11;15;13;8;6;18;15;19;17;13;25;18;80;8;45;8;20;7;10;7;9;28;9;25;99;33;13;37;54;43;1282;288;;107;800;1533;164;28;74;19;31;11;23;16;29;11;13;44;30;8;21;2;8;3;3;4;3;6;5;1;4;4;4;10;10;3;8;1;13;9;5;4;5;10;2;2;4;2;3;0;1;4;6;1;2;3;4;0;0;1;3;0;0;0;2;6;0;0;0;3;2;0;2;0;1;1;0;2;4;3;1;15;6;5;2;10;1;2;3;2;0;5;1;3;2;5;4;1;5;9;5;6;2;3;5;2;5;3;2;10;2;4;1;12;6;3;2;4;5;1;3;0;5;4;0;1;26;2;0;1;3;3;2;2;1;4;1;4;1;0;0;8;1;3;4;2;4;0;0;1;1;2;2;4;3;0;1;4;0;0;0;2;0;0;0;0;1;2;3;0;0;1;1;7;0;1;0;2;1;0;0;0;0;0;0;0;9;0;2;3;0;1;0;0;2;2;2;3;2;5;0;0;1;2;1;0;3;3;1;1;2;2;0;0;2;3;1;3;1;0;0;2;0;4;0;1;0;2;4;0;5;1;2;4;4;1;1;0;4;3;5;0;2;0;1;6;0;6;6;3;7;5;1;4;1;2;3;3;7;4;5;1;0;11;3;2;4;7;7;4;2;3;1;9;0;1;4;4;4;0;8;1;2;0;0;0;1;2;3;0;1;5;0;0;1;3;1;1;1;0;1;1;;
05762000;1;6;10;0;5;4;8;4;4;5;1;5;3;4;2;52;10;5;4;4;9;1;30;5;6;64;71;5;59;22;400;4;20;1;9;2;0;5;4;5;4;0;1;3;1;2;4;21;7;4;8;4;4;3;2;5;3;10;1;4;4;19;1;76;34;26;18;8;7;9;12;20;17;19;33;28;16;25;20;59;16;45;18;32;11;21;19;15;35;10;30;79;33;22;46;34;34;128;117;79;;402;74;714;20;89;22;25;14;41;100;46;21;25;73;58;4;25;3;4;1;5;2;1;10;1;1;5;1;3;15;2;5;17;3;107;11;3;182;21;136;12;3;0;3;1;2;0;5;4;2;2;2;4;0;0;1;0;0;0;1;0;4;0;0;1;1;0;1;1;0;0;3;1;1;1;7;1;10;3;3;0;4;1;1;3;1;1;0;1;3;0;4;3;3;4;8;2;7;5;0;2;0;4;3;1;5;0;4;0;5;2;3;0;2;1;4;1;1;0;3;3;2;19;0;0;3;1;3;0;0;3;1;1;1;1;0;0;4;0;0;3;1;3;0;1;0;0;1;0;0;0;2;0;0;0;1;1;3;0;0;3;1;0;2;1;1;3;1;1;0;2;0;0;3;3;0;0;0;0;0;2;1;4;1;0;1;1;0;1;0;2;1;2;5;1;3;2;0;0;1;1;0;1;3;0;0;0;1;0;2;1;3;2;3;0;2;1;0;0;0;3;0;0;0;1;0;3;0;2;3;3;2;0;1;1;1;1;0;1;1;1;2;3;1;3;3;8;2;0;1;0;3;1;3;4;1;1;3;3;7;2;2;1;5;7;0;2;3;3;6;1;2;4;1;5;0;4;1;5;0;0;1;1;3;0;0;1;0;0;0;2;0;0;0;1;0;0;0;;
05766000;9;15;22;4;13;8;22;28;13;6;11;13;5;3;9;149;31;8;13;9;10;5;22;7;13;34;200;19;434;32;65;29;250;15;18;10;10;8;4;10;19;11;7;8;4;3;21;62;11;6;22;17;17;9;15;14;8;75;20;14;13;56;7;91;30;70;17;30;11;10;9;15;41;20;26;26;11;23;40;129;6;47;12;25;6;13;17;11;33;6;20;114;32;21;44;56;60;1423;480;839;393;;386;736;48;80;34;35;17;36;40;31;7;25;86;43;6;37;6;16;6;8;9;4;9;3;5;9;7;13;20;14;4;23;5;30;9;5;16;19;29;4;6;3;6;2;1;0;8;13;2;7;6;6;3;6;8;2;3;5;6;6;14;1;0;4;2;1;4;1;1;0;4;1;0;3;6;0;25;12;8;6;8;8;4;3;3;2;7;2;11;4;18;7;6;15;20;2;12;7;2;3;3;11;8;3;15;2;5;4;10;7;9;4;12;4;8;2;1;7;3;2;5;42;2;0;5;2;2;1;3;4;8;4;4;3;1;1;5;0;1;4;2;6;0;1;3;0;1;0;2;1;5;0;2;0;1;0;8;1;2;3;0;4;0;1;0;6;4;2;2;1;2;1;0;0;0;1;2;0;1;8;3;17;0;4;5;0;1;4;2;1;4;4;8;8;2;0;0;0;3;2;0;6;4;3;6;0;1;5;2;1;3;2;5;5;5;6;10;6;1;4;1;1;2;0;2;8;5;5;2;2;4;4;3;1;2;5;3;2;4;2;9;5;11;5;6;14;12;7;7;4;5;3;4;17;7;8;5;6;31;1;1;3;10;17;4;7;3;6;6;7;3;7;9;4;7;7;1;6;1;3;2;1;5;0;3;1;2;0;1;3;1;1;4;1;1;1;0;;
05770000;6;17;13;4;5;0;17;20;10;7;14;9;8;5;9;147;41;12;7;11;9;3;8;16;5;29;335;228;75;38;12;318;667;14;20;12;1;15;6;14;18;8;6;22;8;5;22;160;19;13;27;17;29;9;14;8;10;253;61;7;4;87;21;64;32;56;12;13;9;12;5;3;22;11;20;19;7;16;31;107;8;43;10;18;6;14;12;7;20;2;21;122;18;17;36;74;36;509;131;1444;32;327;;134;53;69;20;27;10;14;20;17;3;13;37;22;5;28;3;8;5;8;9;5;11;7;5;7;5;7;14;4;3;15;2;20;6;4;12;8;7;2;3;5;4;4;2;0;8;6;1;4;4;6;2;3;0;3;1;8;1;7;11;1;2;0;4;0;1;3;1;0;1;0;0;2;2;0;17;8;4;6;13;4;4;9;1;6;2;0;7;2;10;6;6;11;16;3;5;2;3;3;1;7;4;2;7;4;7;5;7;14;4;7;6;3;4;1;3;2;4;2;1;50;3;0;4;4;2;2;0;2;6;4;5;2;2;4;8;4;3;2;2;3;3;2;2;0;5;3;0;4;3;1;2;0;2;1;3;1;3;1;0;0;3;3;0;6;3;3;1;1;1;0;0;2;1;0;1;1;4;4;1;8;0;2;2;1;2;2;0;2;3;0;7;3;2;0;1;3;2;4;3;2;5;1;3;0;0;1;1;3;2;4;4;0;0;1;5;1;2;2;1;1;1;1;0;8;7;6;1;4;4;4;0;5;5;6;0;1;3;3;5;1;5;5;7;6;9;2;5;5;5;1;6;10;3;2;2;2;30;3;2;2;11;16;5;1;8;3;4;3;2;7;4;5;5;6;3;9;1;5;1;3;2;1;1;1;3;0;1;0;0;0;0;1;0;2;0;;
05774000;8;15;18;2;5;3;17;9;14;6;13;5;7;4;6;142;20;4;7;10;6;3;14;5;9;36;119;16;45;24;38;12;32;14;9;6;4;14;3;8;11;4;3;7;6;4;19;39;7;8;22;8;32;9;18;10;7;45;13;3;6;45;6;142;37;86;21;17;15;13;6;12;51;21;26;32;22;35;53;165;12;99;14;28;7;10;19;20;43;9;26;174;47;27;52;55;107;472;586;131;543;755;105;;74;158;24;72;20;31;276;59;13;33;716;60;12;53;9;21;8;5;9;4;12;7;1;10;5;10;27;11;4;32;1;63;10;8;43;12;70;5;8;5;3;4;1;2;8;4;3;1;7;4;1;2;7;8;1;4;3;7;15;1;0;2;4;0;0;1;0;2;3;1;1;1;6;0;26;13;14;0;7;10;5;5;3;4;2;2;9;2;13;11;5;13;17;3;17;3;7;5;1;15;9;5;5;6;3;2;16;5;1;5;8;1;7;3;8;10;10;1;12;75;1;0;2;2;2;1;2;1;9;5;2;2;0;2;14;1;1;7;3;2;3;4;5;1;2;0;2;2;5;0;2;1;0;0;4;0;0;1;2;1;5;3;0;2;3;3;1;0;1;3;1;2;1;1;1;2;1;5;1;14;1;3;2;2;1;3;3;0;1;2;12;1;3;1;2;1;2;3;2;2;10;0;0;0;1;4;2;1;6;2;3;2;4;3;13;0;0;2;1;1;1;1;2;8;2;8;2;2;0;4;2;3;5;2;4;1;6;0;8;4;4;6;7;3;9;4;6;2;2;3;6;14;6;3;5;5;31;5;4;2;10;8;2;0;2;5;7;1;2;2;5;1;1;11;4;10;1;3;4;2;8;1;1;3;6;1;2;4;2;1;1;5;0;1;0;;
05911000;8;21;12;4;9;1;23;17;7;8;9;10;7;2;7;139;30;5;8;1;5;2;6;4;6;22;80;8;7;14;10;7;8;10;16;9;6;8;5;7;6;16;1;3;5;7;21;23;15;10;34;8;50;14;12;20;5;29;16;7;15;48;6;361;207;1038;52;48;117;107;51;43;184;81;179;89;54;165;85;257;25;121;18;55;21;23;37;40;69;80;612;137;121;99;920;78;73;59;46;33;22;38;64;55;;1078;132;66;1153;1356;76;150;21;40;120;230;25;71;12;18;6;12;16;8;16;14;3;22;7;16;26;13;5;27;2;23;13;5;11;5;18;8;17;12;9;9;1;3;12;11;2;5;8;12;8;9;5;7;2;9;5;11;20;0;2;3;6;1;5;1;1;4;1;1;2;2;5;1;53;15;9;6;14;5;8;4;1;7;4;4;9;2;27;15;3;18;21;2;17;3;2;8;3;19;9;2;10;7;9;3;15;13;7;6;17;5;10;3;3;9;9;3;12;85;4;0;9;2;4;2;7;3;5;1;3;5;1;3;15;3;4;6;2;0;5;2;1;0;5;3;1;2;3;0;3;1;0;0;7;1;0;1;2;0;6;3;0;7;11;3;3;2;1;1;2;1;0;4;0;1;1;10;2;21;0;0;4;1;6;1;2;1;4;3;15;2;5;4;3;2;2;3;3;4;14;0;1;1;1;9;0;2;5;0;5;3;1;4;20;2;2;3;7;0;0;8;4;14;5;3;3;5;1;3;3;2;1;6;5;2;3;1;17;4;5;8;6;5;8;5;13;3;7;3;3;26;5;9;8;2;40;3;3;2;14;12;1;3;4;2;8;4;2;4;2;1;2;10;2;8;3;5;2;1;4;0;1;2;3;0;0;7;3;1;0;2;1;4;0;;
05913000;10;28;22;5;12;8;23;29;23;12;14;15;6;8;12;250;77;6;8;12;18;3;10;7;6;32;145;21;12;14;12;6;13;11;19;12;9;16;4;4;7;14;6;15;6;6;22;50;25;13;50;13;67;10;21;17;11;52;21;11;18;69;12;438;212;576;58;52;82;78;38;48;218;69;133;102;56;133;122;374;41;173;31;74;23;30;59;52;96;41;190;314;143;242;1548;143;162;146;100;46;37;68;63;141;1108;;422;277;280;957;245;549;53;74;399;3463;47;114;20;35;17;20;11;17;29;16;12;22;14;17;28;19;10;39;2;35;20;12;20;13;20;4;22;19;21;9;2;5;13;22;7;17;15;15;7;6;6;8;2;10;6;25;29;1;0;5;7;0;4;5;2;8;0;2;2;6;15;3;69;17;26;9;25;19;13;16;3;14;7;6;10;5;71;19;8;23;39;6;35;8;7;5;6;33;10;7;15;4;12;7;19;12;13;13;22;6;11;4;9;15;9;8;11;141;5;7;2;4;6;5;8;2;13;8;1;3;4;2;25;3;11;15;5;5;2;4;7;4;7;0;3;7;3;1;3;3;5;3;13;1;0;2;2;1;5;3;0;10;10;4;6;7;5;3;3;1;3;4;3;1;1;24;5;47;0;5;5;2;7;3;2;3;9;6;19;9;8;3;1;2;2;5;4;7;17;0;5;5;3;4;2;5;7;5;7;2;2;12;30;2;1;7;8;5;6;7;1;17;6;6;3;7;5;1;4;4;3;5;3;1;2;10;28;2;20;12;12;10;15;4;11;2;6;2;10;63;5;15;5;1;64;2;5;3;21;20;4;5;4;4;8;1;1;5;6;6;5;17;4;13;0;5;3;6;5;7;1;10;5;4;4;9;4;1;6;2;0;1;2;;
05914000;4;4;5;4;4;5;7;19;8;3;5;7;4;2;4;40;9;6;1;3;2;1;2;1;2;8;24;8;6;3;0;3;0;4;15;2;4;2;1;7;5;5;7;2;3;0;6;12;3;3;15;5;26;5;3;22;0;9;7;2;13;23;5;97;42;102;15;18;20;14;39;17;149;31;64;32;21;29;30;100;14;42;10;31;13;18;37;28;35;9;41;45;22;21;98;30;30;30;16;9;6;27;20;27;175;435;;39;44;1063;65;717;24;37;76;310;5;24;6;7;2;4;4;1;8;9;6;6;5;10;10;7;8;13;1;10;6;3;6;4;5;3;6;1;2;2;4;1;7;7;0;3;12;4;2;4;4;0;3;4;3;3;5;1;1;2;4;1;2;1;1;2;2;0;0;1;7;2;14;2;5;3;9;7;3;4;0;2;1;2;8;0;2;4;7;5;8;2;4;3;1;1;2;4;5;2;3;0;2;0;8;5;0;4;5;3;3;1;0;9;4;0;2;23;0;2;4;2;1;0;1;4;4;0;1;2;2;6;5;1;4;1;0;2;1;5;0;0;0;0;0;1;2;0;1;0;4;0;5;0;1;1;4;0;3;2;0;0;2;0;0;1;0;1;0;0;0;1;0;0;0;3;4;15;0;2;4;0;2;3;0;0;2;1;3;4;0;0;0;1;4;0;2;1;9;0;1;0;0;0;0;0;2;1;1;2;1;1;8;1;1;2;3;0;1;0;1;6;0;1;1;4;0;1;2;1;1;3;3;1;1;2;5;2;6;5;12;0;3;4;6;0;2;1;1;3;1;4;4;3;7;0;1;0;0;5;2;3;2;1;3;3;7;1;3;0;1;5;0;2;1;2;3;0;1;1;0;4;3;0;0;1;0;1;0;1;0;0;0;;
05915000;5;7;8;1;2;4;8;8;4;2;4;7;9;8;2;42;7;2;3;1;1;1;3;3;3;8;26;9;8;3;3;3;12;5;4;2;0;7;1;7;4;7;1;3;1;3;10;21;6;4;14;13;15;7;9;10;1;21;9;2;5;19;2;96;39;87;15;13;14;27;10;5;46;34;32;24;14;34;33;80;9;39;10;28;5;17;23;16;28;6;46;220;38;97;116;79;503;72;82;22;18;35;31;89;95;320;29;;38;47;107;112;24;33;541;698;3;19;7;8;3;2;9;3;5;1;2;9;3;2;10;2;6;6;1;6;4;1;9;4;9;0;7;2;4;3;1;2;4;4;1;0;3;5;1;3;0;1;0;1;3;3;8;0;0;0;4;0;0;1;0;1;1;1;0;5;4;2;12;3;6;6;6;6;1;5;0;3;0;1;2;1;4;1;0;3;10;0;9;1;4;0;1;2;1;1;1;2;8;1;5;2;5;4;4;5;3;4;1;3;6;0;2;26;2;2;1;0;1;2;2;2;1;2;2;2;0;1;1;0;3;0;3;0;0;0;0;0;0;0;4;2;1;0;1;0;0;0;1;1;0;0;2;1;3;0;0;1;0;1;0;0;1;1;2;1;2;1;0;0;1;3;2;10;1;2;0;0;1;1;0;0;1;1;4;0;1;0;2;1;1;4;2;4;3;1;0;1;0;1;1;0;3;0;1;0;2;2;4;0;1;0;5;0;1;1;0;5;5;1;0;2;0;1;1;1;0;1;2;2;2;1;0;2;5;1;5;0;2;0;3;4;2;5;3;8;0;2;0;6;13;0;0;2;7;6;1;2;1;3;2;1;1;0;1;3;1;6;2;0;0;4;1;1;3;2;1;2;1;0;0;0;3;0;0;0;0;1;2;;
05916000;2;3;5;0;1;4;2;7;6;2;4;7;3;1;2;23;4;2;3;4;1;1;4;0;0;7;20;3;7;2;3;1;1;8;7;2;1;1;2;3;2;4;0;3;1;1;6;6;9;7;16;11;17;6;8;9;2;7;7;5;2;11;4;62;78;215;13;10;34;55;7;11;49;21;30;20;10;57;13;49;6;23;10;17;6;7;11;12;16;36;446;27;40;42;1048;23;15;18;19;4;4;5;16;14;902;258;51;25;;140;31;49;9;16;25;88;3;15;0;5;2;0;4;1;5;3;1;2;2;5;6;3;3;7;1;2;0;2;5;0;2;2;7;4;4;1;1;1;4;1;5;5;3;1;4;3;1;0;1;3;3;5;6;2;0;0;3;0;1;1;2;0;4;0;1;3;3;0;3;3;3;4;3;5;2;7;0;1;1;0;3;1;3;3;0;3;9;2;1;0;0;0;6;2;1;1;3;1;6;1;4;3;0;5;1;4;0;0;1;2;3;0;5;18;0;0;1;1;1;2;1;2;1;0;0;1;1;1;5;0;0;4;1;1;0;0;0;0;1;1;1;0;2;1;0;1;1;0;3;0;0;1;1;4;2;0;1;0;1;1;2;3;0;0;1;0;0;1;1;0;2;2;0;6;0;0;1;0;0;2;1;1;3;1;1;1;1;4;1;0;0;1;1;1;1;0;3;2;3;2;1;2;2;0;3;1;0;3;5;1;0;2;1;1;0;0;0;1;2;0;0;2;0;1;1;3;1;0;0;1;0;1;3;1;5;1;1;1;4;3;1;1;4;6;1;2;2;7;3;0;3;2;1;1;4;4;2;2;1;2;3;1;0;2;2;0;1;2;4;3;3;0;0;1;0;2;0;1;3;1;0;1;0;0;2;0;0;1;0;;
05954000;7;9;8;2;6;6;19;25;9;8;17;9;5;5;6;84;8;6;4;4;5;1;8;2;2;10;37;12;10;11;6;3;2;5;15;8;2;7;2;4;5;7;4;8;2;1;8;13;8;15;42;6;32;12;13;32;4;15;0;2;20;33;1;165;77;397;29;30;36;40;77;45;701;28;211;50;28;54;54;162;24;55;21;40;9;22;101;40;40;20;95;81;37;51;224;38;35;31;23;15;10;28;20;28;1156;853;959;35;115;;55;294;18;42;75;245;6;27;9;6;8;6;4;6;8;8;5;12;9;8;20;12;9;19;0;6;7;2;9;5;14;5;5;6;7;6;1;8;15;9;2;4;10;6;3;6;3;4;1;4;4;5;11;5;1;1;1;1;2;2;0;1;0;1;2;4;1;1;16;9;8;3;7;3;2;11;2;4;0;2;6;1;10;5;1;12;11;1;8;4;3;1;2;12;11;1;7;3;4;2;13;8;13;7;6;3;2;2;3;7;0;3;2;42;2;2;3;2;2;1;2;4;2;2;6;2;4;4;7;1;1;4;3;8;1;1;1;2;1;0;1;3;1;0;0;1;1;1;4;2;1;0;1;2;3;1;0;7;2;2;0;2;2;4;0;2;0;0;1;0;1;1;4;14;0;1;0;1;7;1;0;0;1;2;3;3;3;3;1;0;2;4;5;2;6;0;3;0;2;3;0;0;6;0;5;3;1;7;4;3;4;3;3;1;1;2;0;7;4;0;0;2;7;4;3;1;3;7;1;4;7;6;3;0;8;6;8;11;5;4;5;3;8;4;3;13;4;6;6;2;25;0;2;2;4;4;1;3;0;1;3;2;5;3;1;1;5;11;4;3;1;3;0;5;6;2;1;0;1;2;0;3;1;1;2;1;2;0;1;;
05958000;6;7;10;3;6;4;5;7;9;2;7;5;5;1;3;72;9;4;1;1;3;2;3;3;0;29;43;6;13;8;6;4;8;7;12;7;3;2;4;7;9;6;3;5;1;10;9;18;5;7;21;10;13;6;4;9;2;16;5;1;5;18;6;108;49;97;21;20;13;14;11;8;45;20;37;29;15;25;47;169;12;61;11;27;12;15;32;22;39;10;34;134;24;23;74;43;48;75;55;20;70;47;24;414;111;290;63;72;34;59;;255;155;118;736;141;8;44;7;13;5;7;7;6;11;7;1;8;4;14;35;10;7;65;3;57;16;4;29;11;327;3;8;4;7;3;1;1;7;3;3;5;7;3;1;4;1;2;0;3;5;4;10;0;3;1;0;1;2;0;0;3;5;0;1;1;6;1;18;9;4;5;6;4;3;7;1;1;0;1;0;0;7;5;2;9;11;1;7;5;3;2;4;10;8;2;7;1;3;5;12;7;0;6;7;4;2;2;4;8;9;2;6;36;1;1;1;2;3;3;1;3;6;4;6;1;1;3;9;0;0;4;2;2;4;3;1;2;1;0;1;0;3;0;0;1;0;0;5;1;0;3;4;0;4;1;0;4;6;0;3;3;2;3;0;2;0;1;1;0;0;2;2;10;0;3;1;2;0;1;0;3;4;1;7;0;3;0;1;1;1;3;1;5;2;1;4;0;1;2;0;1;1;1;2;3;2;5;4;3;2;2;3;0;1;3;0;3;3;2;0;0;4;2;1;4;1;0;1;0;1;0;3;3;7;4;4;0;3;5;7;4;3;2;6;8;6;6;1;5;19;1;4;0;5;5;3;2;1;0;3;2;2;5;3;2;2;6;4;2;0;4;3;3;4;1;1;8;3;2;0;0;0;0;0;1;1;2;1;;
05962000;4;15;8;2;8;5;11;22;14;4;12;8;9;3;7;89;10;8;4;4;6;6;5;8;4;22;38;10;9;10;9;6;13;5;22;6;1;9;5;6;12;8;7;3;7;2;13;19;16;5;44;6;32;14;9;32;6;24;15;8;11;30;6;152;62;150;29;29;25;26;47;27;130;27;69;48;27;50;83;227;24;80;30;52;16;13;336;54;73;16;49;134;39;41;110;48;45;59;31;18;12;39;38;78;208;663;708;87;47;282;304;;312;156;233;648;8;49;8;17;9;6;14;8;17;10;7;9;6;8;31;18;6;38;4;15;7;6;8;6;18;4;6;12;18;6;2;3;11;7;8;9;21;9;1;2;5;9;4;4;3;5;16;0;0;0;2;2;1;6;3;4;0;0;3;6;4;0;18;9;12;8;9;8;8;10;2;14;3;3;5;0;11;12;4;16;18;2;13;8;2;4;2;8;8;3;12;1;8;5;9;8;10;7;5;5;3;3;1;8;6;3;6;55;1;2;8;2;1;3;2;3;5;7;4;2;1;1;9;2;6;4;3;2;4;0;6;0;3;1;3;6;1;0;4;0;2;0;3;1;1;0;1;1;1;8;0;5;7;0;2;1;3;3;4;1;1;0;1;3;0;3;4;12;0;8;1;1;2;0;3;4;1;3;13;6;1;2;0;1;3;5;2;3;13;2;0;0;2;1;1;1;5;3;10;4;2;12;13;0;7;5;4;0;1;1;2;4;3;3;0;6;2;2;4;1;2;7;2;5;5;1;12;1;13;6;12;10;8;5;5;3;3;5;1;11;3;11;4;5;19;7;4;1;7;8;0;2;1;4;2;3;1;4;3;3;3;10;3;5;1;2;2;3;9;4;3;1;2;4;0;4;2;2;0;2;2;0;0;;
05966000;1;6;5;0;2;4;4;5;2;0;2;1;3;1;0;20;3;1;1;0;3;0;1;1;0;7;13;3;2;6;0;0;0;1;4;2;0;1;4;1;0;0;1;1;1;2;1;4;4;3;10;3;10;3;1;3;2;3;1;1;4;8;0;51;23;26;14;10;9;16;15;12;20;21;20;21;5;26;44;157;8;46;13;19;7;12;187;28;50;5;33;34;10;11;31;13;19;16;15;5;14;16;16;31;30;69;36;15;15;27;228;385;;593;37;38;3;25;5;4;1;1;6;4;3;4;1;7;4;7;18;24;1;30;5;4;1;1;3;3;7;4;10;3;49;1;1;2;10;3;2;3;12;7;3;0;0;0;0;1;1;2;8;0;4;0;1;0;0;4;0;1;1;0;0;1;0;0;8;6;4;4;5;3;3;3;1;1;0;0;1;0;3;5;1;4;7;1;5;0;2;0;0;6;2;0;5;1;5;3;2;4;2;3;2;0;1;0;2;5;2;0;1;15;0;1;3;0;2;0;0;0;3;1;2;1;0;3;1;0;0;6;2;1;0;0;0;0;0;0;1;0;0;0;0;0;0;1;1;0;0;0;0;0;1;1;0;0;0;0;0;0;0;3;0;0;0;0;0;0;1;0;3;4;0;2;0;0;0;1;1;0;0;0;5;3;0;0;0;0;0;0;1;3;2;1;0;0;1;2;0;1;2;0;0;3;0;2;5;0;1;0;1;0;1;1;0;1;1;1;0;1;1;0;0;1;0;0;0;1;1;0;1;0;2;0;3;3;2;0;1;0;1;0;2;2;0;0;1;0;5;2;0;0;1;3;2;0;0;3;0;1;2;0;2;1;0;0;0;0;0;1;2;3;2;0;1;2;0;0;0;1;2;0;1;0;0;1;0;;
05970000;3;10;17;1;4;7;9;9;10;3;6;8;3;2;2;76;11;4;6;6;3;0;3;2;1;15;44;6;1;9;2;4;8;3;7;10;2;8;3;6;8;10;1;2;5;7;11;13;6;7;20;6;12;5;6;7;2;8;7;6;9;27;5;123;38;90;22;25;21;12;18;18;45;23;66;53;28;45;129;383;24;102;72;97;45;34;190;65;174;9;30;62;28;21;42;39;21;40;24;13;23;33;19;30;65;115;51;64;18;36;136;171;517;;196;54;15;85;11;22;11;21;15;20;21;11;5;14;12;29;115;295;30;226;10;25;7;3;9;11;47;6;23;17;921;3;0;7;18;24;4;13;154;8;4;6;4;4;3;4;4;8;31;1;0;0;5;5;3;4;1;5;2;0;5;5;8;4;36;10;19;2;19;10;6;8;1;8;7;3;11;2;18;10;6;11;20;3;16;8;4;6;5;17;9;3;9;1;4;5;12;6;11;11;11;7;7;6;1;10;3;4;4;49;0;1;5;0;1;2;1;2;8;7;2;3;1;4;10;0;0;5;1;4;0;1;1;1;3;2;0;3;5;0;2;0;2;1;8;1;2;4;3;2;1;3;0;3;6;0;0;1;0;3;3;1;0;0;2;1;1;6;1;13;0;3;4;1;5;1;2;1;4;2;9;7;2;2;0;3;3;3;0;3;8;1;2;1;0;4;0;2;1;3;6;6;6;5;15;4;4;7;4;2;2;4;0;8;1;3;1;6;2;1;1;1;0;3;2;2;0;2;9;0;9;4;8;3;9;4;11;0;3;6;3;22;2;5;0;1;19;7;2;3;5;9;1;1;2;4;5;0;1;2;3;2;2;9;1;3;1;3;0;3;7;2;0;1;5;0;1;1;0;0;0;2;0;0;1;;
05974000;3;12;10;3;3;5;10;14;10;4;9;5;6;5;6;85;15;5;8;6;3;1;4;4;4;25;50;9;17;14;15;4;12;3;13;4;3;3;2;6;4;8;3;5;2;1;14;30;13;8;22;9;24;7;6;7;4;31;12;6;6;33;10;149;68;101;43;20;30;24;12;10;59;71;92;68;41;60;55;157;18;108;41;50;16;27;45;26;77;18;75;247;88;76;149;92;425;174;349;64;122;148;81;782;126;477;96;419;43;113;671;288;70;67;;374;6;40;6;10;5;4;11;8;8;6;4;7;5;8;17;8;8;28;2;19;10;6;16;8;22;4;10;7;6;3;2;3;6;5;1;8;6;7;3;2;4;4;1;2;4;4;6;0;0;0;2;1;3;1;0;1;0;0;2;1;4;0;24;13;11;3;7;4;6;3;2;2;1;0;4;3;8;5;1;8;15;1;7;4;1;2;2;6;7;1;11;1;3;1;6;10;3;7;6;1;2;1;5;4;3;0;3;59;2;0;2;1;3;5;3;2;5;5;4;4;0;3;10;0;4;1;6;3;3;1;2;3;0;2;4;0;3;3;1;2;1;0;3;2;0;0;1;1;5;1;2;3;5;2;2;3;0;1;1;1;2;1;2;0;1;5;2;15;1;3;7;1;0;2;1;0;3;0;6;2;2;0;0;0;2;1;4;2;5;0;4;0;0;1;1;1;2;2;2;3;3;4;8;1;4;6;7;0;1;1;2;12;4;5;0;5;2;0;4;4;3;1;0;1;5;2;3;2;6;4;10;4;7;7;7;6;6;1;6;11;2;6;4;4;17;2;3;2;6;12;4;1;4;5;6;4;2;3;0;3;0;9;2;6;4;4;2;3;0;5;2;3;1;0;4;9;1;0;0;0;0;1;0;;
05978000;5;12;7;1;11;7;18;15;8;4;16;12;5;5;7;72;5;4;2;1;5;1;8;2;5;14;47;12;16;9;7;4;6;8;18;5;2;7;1;11;8;5;4;6;6;4;13;22;9;7;41;13;51;16;8;23;6;31;8;11;16;23;7;128;67;164;25;28;27;32;21;18;79;43;107;93;54;73;81;157;16;56;64;113;67;66;34;24;128;25;98;361;157;480;615;260;150;71;72;36;105;42;32;96;273;2572;258;837;86;182;219;625;272;186;1265;;2;34;4;8;4;5;7;3;10;8;1;13;4;7;11;7;5;19;0;13;6;5;14;5;19;6;4;7;8;3;4;0;4;5;2;5;9;7;2;3;6;2;0;4;4;5;7;0;0;1;3;0;5;4;0;4;0;3;6;3;4;0;13;8;7;5;9;11;5;8;4;6;2;1;5;1;14;4;4;7;13;1;9;4;3;2;1;10;6;5;10;3;3;2;7;10;4;7;6;7;4;2;2;4;5;5;5;35;0;3;5;3;4;3;4;2;2;1;3;1;0;0;6;2;5;5;2;2;3;1;2;1;1;0;3;2;2;0;0;1;1;0;2;0;0;2;1;0;2;3;2;1;1;1;3;5;1;2;2;2;0;1;1;0;2;5;4;13;4;1;1;3;0;1;2;1;1;1;3;8;4;0;5;1;4;1;1;2;7;1;1;0;0;7;0;1;1;3;2;0;1;4;14;0;0;7;5;0;3;0;0;7;3;3;0;1;2;6;2;4;2;4;0;2;3;1;5;3;10;5;11;3;10;4;7;0;7;7;3;9;1;2;3;6;18;2;4;2;5;7;4;5;3;6;5;6;2;5;7;3;2;5;0;3;1;3;2;3;3;2;1;2;6;1;1;3;4;1;1;2;0;0;1;;
06411000;4;12;10;1;6;3;7;2;6;2;4;3;2;3;6;130;21;1;2;5;12;0;4;3;4;17;37;4;2;9;5;0;2;2;5;4;1;3;3;0;1;1;1;5;0;2;8;8;4;1;1;2;5;1;4;3;5;7;0;2;3;30;5;50;11;31;4;5;3;4;0;4;10;6;19;7;5;6;36;68;5;41;6;11;6;4;7;6;25;0;3;18;4;1;7;7;5;10;8;6;5;8;4;6;18;20;2;2;2;10;5;6;3;11;5;2;;755;106;174;326;3006;505;121;139;123;166;370;71;134;126;46;60;73;25;38;64;29;24;29;32;11;12;4;4;17;7;3;10;4;8;21;25;9;3;3;1;5;6;23;10;28;206;9;2;2;24;2;22;14;4;11;6;6;7;12;48;3;105;32;36;6;29;11;16;19;7;12;11;3;12;5;76;35;13;78;95;11;125;9;3;6;5;37;15;9;17;2;7;6;17;18;3;13;23;5;10;6;5;17;14;1;17;166;3;2;2;3;2;6;2;0;9;5;0;5;1;1;22;0;4;2;8;5;3;3;4;1;1;2;3;2;1;2;6;0;1;0;13;1;0;1;1;1;5;3;0;5;8;1;4;2;4;4;2;2;4;0;0;0;2;15;4;28;0;5;5;5;1;3;3;2;42;3;25;77;6;2;3;4;44;13;3;8;15;2;10;1;1;2;2;1;6;6;4;3;2;3;25;6;5;3;7;4;0;0;1;8;4;5;0;3;0;1;1;0;1;3;0;0;0;0;6;1;6;2;4;6;6;4;9;5;8;2;1;31;4;7;1;6;46;3;3;1;13;7;0;1;1;4;1;3;1;5;0;1;2;14;0;9;2;4;2;2;4;1;0;2;3;1;1;6;2;1;1;2;1;1;0;;
06412000;11;47;44;13;12;13;25;22;25;10;27;14;19;10;30;632;43;6;14;19;25;6;17;9;4;69;172;12;11;27;4;4;15;16;18;28;4;22;2;13;10;11;6;10;8;3;26;24;9;9;20;11;30;8;5;12;9;22;9;8;10;89;13;348;56;115;29;28;12;14;7;12;36;22;45;68;25;30;141;423;17;99;23;55;22;18;33;24;97;9;26;86;23;19;30;36;24;36;28;12;13;24;21;40;62;82;22;13;16;20;32;34;10;54;24;21;545;;2090;732;235;514;1198;2729;2267;2903;93;2833;365;2426;408;171;299;235;113;123;187;53;54;76;65;37;60;15;15;72;29;11;48;34;40;74;96;58;26;11;10;33;16;40;21;68;449;24;5;19;33;5;56;32;19;15;12;12;21;32;159;7;305;71;77;22;85;44;41;58;11;28;36;12;36;16;133;75;33;181;243;31;185;27;22;22;12;114;37;23;63;20;30;11;61;42;27;41;56;28;30;15;24;42;29;8;24;828;9;10;9;11;15;15;9;10;24;24;12;11;18;5;78;5;9;21;29;9;13;3;13;2;8;4;7;7;9;3;5;8;9;5;43;6;4;8;14;10;13;5;2;28;26;12;9;7;5;9;9;6;2;6;3;3;7;35;14;151;8;12;27;14;8;9;12;14;126;11;82;230;30;14;6;10;89;40;13;30;50;2;13;7;7;23;4;10;22;15;16;9;8;27;89;18;15;21;25;19;2;7;2;44;15;14;6;17;7;8;3;14;1;13;3;4;9;5;19;5;16;9;19;11;16;7;18;13;13;23;13;99;17;20;7;12;172;19;10;8;34;26;4;10;6;8;11;3;3;7;10;4;6;47;8;23;1;15;11;9;28;12;6;12;12;6;6;14;5;3;3;2;5;6;3;;
06413000;6;3;4;2;1;1;3;1;6;0;3;2;2;0;2;63;9;1;2;2;2;3;6;1;1;4;23;6;2;4;0;1;0;3;2;4;1;1;2;2;3;1;0;2;1;1;3;7;3;0;5;0;6;0;1;1;1;5;1;3;1;14;5;30;15;19;6;3;2;4;1;3;7;5;13;7;1;0;15;39;8;16;1;7;4;0;3;7;17;2;8;6;1;4;12;5;2;6;2;2;3;4;4;4;13;10;6;5;6;3;6;14;0;8;1;6;84;1606;;96;38;125;203;171;724;150;28;1805;55;263;71;25;39;31;21;18;32;9;12;17;9;6;12;3;3;13;7;1;12;3;4;10;14;4;3;2;3;1;6;7;6;12;50;3;2;0;7;3;7;2;3;6;3;3;4;2;33;2;47;12;16;7;8;5;7;11;3;4;10;1;4;1;13;9;7;12;28;9;32;8;5;3;5;11;8;4;18;3;1;2;15;7;5;2;5;3;2;0;2;4;3;1;3;80;1;0;2;4;2;5;1;4;8;5;0;1;1;1;14;0;1;2;3;4;0;4;3;2;3;0;3;3;3;0;2;0;1;1;5;0;0;1;1;1;3;5;0;2;1;2;0;0;0;0;2;0;2;1;5;4;1;2;8;23;1;5;3;2;2;4;1;1;38;2;11;88;8;4;0;3;25;13;1;10;6;2;0;0;2;3;4;3;5;4;4;1;1;3;10;3;1;5;0;1;0;2;2;3;2;7;2;1;0;0;0;0;0;3;4;0;1;1;2;2;4;1;3;1;1;0;10;0;1;3;1;11;2;7;3;0;24;1;3;2;5;2;0;3;1;0;3;1;0;3;2;1;1;7;3;2;0;3;1;0;6;0;2;3;3;1;0;0;3;3;0;1;0;1;0;;
06414000;3;13;14;2;4;12;14;5;14;8;10;8;7;2;4;151;4;1;6;6;5;1;4;4;4;23;35;3;6;9;4;1;4;8;4;10;2;10;0;3;3;4;3;2;1;4;8;12;7;2;5;5;16;1;4;4;4;13;5;3;1;21;4;77;15;24;10;12;3;8;3;5;20;6;10;21;4;8;47;118;8;35;6;26;10;8;11;13;47;3;11;23;9;13;14;12;9;10;10;4;4;10;14;12;12;18;5;2;7;8;14;10;6;19;6;10;144;834;84;;69;117;592;155;146;698;21;157;2146;119;113;52;226;70;17;37;53;16;16;20;25;13;43;11;8;171;33;13;31;17;48;213;73;28;17;8;8;13;6;34;7;30;1194;7;8;4;30;1;163;22;22;14;20;7;7;18;596;9;60;22;28;8;27;19;14;16;4;6;4;5;13;6;34;24;7;44;81;10;71;12;6;6;5;40;12;7;26;6;6;3;25;19;14;20;14;4;12;7;7;13;10;6;11;154;2;2;6;4;4;5;2;5;10;7;3;5;12;1;21;1;4;6;10;2;8;4;4;0;3;1;3;3;9;4;3;0;0;1;14;1;4;5;5;3;3;3;1;8;8;2;0;7;7;2;6;1;2;1;2;2;1;9;7;33;0;6;7;6;9;0;4;7;22;1;21;34;10;4;4;3;16;12;5;12;19;2;1;6;2;9;2;4;9;5;7;4;3;10;31;4;6;7;11;6;2;5;0;18;4;5;0;2;7;4;1;1;1;8;1;1;1;1;11;7;5;5;8;4;10;5;3;5;6;4;8;29;4;3;5;2;47;1;6;4;15;9;3;3;2;1;2;1;1;3;1;4;3;23;2;5;1;4;3;3;7;0;1;4;5;2;0;5;2;0;3;0;2;1;1;;
06431000;5;8;9;3;7;4;12;5;10;1;7;7;3;1;3;45;3;3;4;2;4;2;2;3;4;10;30;5;3;5;5;0;3;5;5;3;4;3;2;3;3;2;3;2;2;1;3;3;4;3;11;3;2;5;0;3;0;2;2;2;6;9;4;23;13;18;7;5;3;0;1;4;9;4;13;7;6;8;11;42;3;18;4;13;1;5;7;7;16;3;4;9;4;3;7;9;3;13;5;6;5;5;3;10;0;18;5;3;1;7;3;3;3;8;2;4;309;268;47;65;;457;222;28;48;36;219;86;20;46;62;19;24;34;11;23;16;16;14;7;13;12;7;8;2;21;3;1;12;5;7;10;6;6;5;4;1;5;67;23;13;207;89;20;7;26;266;3;101;79;45;27;11;7;21;101;37;8;48;19;22;7;31;18;19;32;7;6;12;3;12;4;54;72;13;227;902;52;1311;6;6;8;9;27;11;6;29;2;14;3;16;10;7;10;16;6;5;8;6;11;15;6;4;63;2;3;1;4;8;5;2;3;7;9;2;1;1;3;9;1;1;7;5;4;1;2;1;3;2;0;0;3;1;1;3;3;1;0;4;2;4;3;3;3;1;3;1;2;7;2;0;7;2;0;3;2;1;1;1;0;2;5;2;22;0;5;4;0;5;6;4;4;11;2;4;18;0;1;1;10;13;4;1;7;8;0;2;2;6;5;2;2;6;3;2;5;4;5;15;2;4;12;6;3;2;2;0;6;5;6;1;5;2;3;6;3;2;3;0;0;2;0;4;2;2;2;2;1;8;3;5;0;6;3;5;16;1;9;4;2;19;1;3;3;7;8;3;3;3;3;1;0;0;3;0;1;2;6;3;5;2;3;2;3;5;3;0;2;2;0;1;1;0;0;2;1;1;7;2;;
06432000;5;8;7;3;1;5;17;9;7;2;11;12;7;2;4;74;8;4;4;4;4;4;6;3;0;16;30;8;4;5;3;1;0;6;7;2;1;7;4;3;3;9;5;5;0;3;6;8;7;1;5;8;9;2;1;10;6;8;7;4;3;16;7;24;14;12;10;6;3;2;4;2;12;6;9;9;6;7;16;54;6;26;6;11;9;8;13;7;19;2;1;10;9;5;18;7;4;6;8;2;3;13;6;4;8;17;9;7;5;8;10;7;1;17;8;4;2406;525;116;149;638;;893;66;205;88;590;810;47;127;107;37;40;57;25;33;46;25;10;15;20;13;8;6;3;22;16;5;12;12;9;12;19;10;6;4;3;7;10;14;8;26;151;7;5;1;40;0;33;17;12;6;11;7;5;17;51;3;36;17;27;3;23;16;10;14;7;8;16;5;10;3;25;29;14;71;92;15;110;12;13;13;3;15;6;6;19;0;10;5;24;14;4;13;16;2;10;7;10;11;10;2;10;83;3;3;4;4;4;5;2;5;6;6;3;3;1;4;7;3;4;8;1;10;2;1;3;2;4;3;1;3;6;3;2;2;0;2;6;2;1;4;7;1;4;4;0;6;9;5;3;3;1;4;3;4;3;0;0;0;4;9;6;16;0;6;7;7;6;4;2;2;115;6;25;237;8;4;1;6;109;18;5;18;12;3;6;1;1;0;3;4;6;4;10;4;1;11;22;3;3;8;9;4;1;0;3;7;2;5;0;3;4;5;3;6;2;7;1;0;3;1;8;5;6;3;5;7;6;7;5;5;3;5;4;22;3;15;4;3;34;5;4;0;7;8;3;5;1;2;11;1;3;4;1;2;4;10;14;7;2;4;1;3;6;5;1;3;7;1;2;1;2;0;0;2;2;0;0;;
06433000;3;6;8;1;5;4;15;7;6;3;6;7;7;3;8;67;6;4;10;2;4;0;3;3;2;10;31;8;9;5;6;1;6;11;8;6;0;5;1;4;3;7;1;1;1;0;2;7;1;1;15;3;5;4;5;4;7;5;3;1;5;16;5;31;15;21;7;12;4;6;3;7;14;12;14;15;8;17;10;47;10;23;4;19;5;2;11;7;24;4;7;10;6;4;9;5;9;6;13;7;2;5;9;7;21;30;4;3;5;8;6;11;5;17;6;9;429;1042;184;536;292;850;;136;232;618;77;480;178;159;83;42;78;43;24;20;32;14;19;16;23;10;12;2;6;74;15;7;13;22;32;41;30;7;8;9;3;10;6;16;7;38;529;6;0;6;51;3;151;13;27;12;14;4;5;14;299;5;37;24;21;8;23;9;17;14;6;6;5;4;9;1;16;19;9;29;71;8;85;9;9;8;3;13;8;3;24;5;7;9;10;13;6;6;9;0;7;9;3;9;9;6;7;69;4;0;2;3;4;6;9;4;30;5;1;2;2;0;17;1;7;7;3;4;3;3;1;1;1;4;3;5;12;0;1;4;0;0;5;1;1;4;4;5;3;4;1;4;0;2;2;5;3;2;2;3;1;1;1;1;1;7;5;16;1;5;5;5;4;2;0;3;14;1;10;38;9;5;0;5;27;13;6;12;8;1;3;2;6;3;0;3;3;3;7;3;3;4;19;0;11;5;9;4;2;1;0;6;5;3;1;1;4;3;6;2;1;6;3;3;1;4;4;2;5;3;5;2;6;1;6;4;10;5;9;19;10;9;9;6;27;8;9;3;8;15;1;2;0;1;8;0;0;5;0;0;2;6;3;2;4;2;1;5;8;4;2;2;6;1;1;6;4;2;3;0;1;3;1;;
06434000;2;8;10;2;13;3;18;11;11;6;11;8;8;4;6;108;7;1;7;3;4;1;3;6;2;25;33;5;5;5;1;3;1;8;9;10;2;10;2;3;1;8;4;2;4;1;5;9;4;2;9;7;9;4;5;7;5;4;2;4;5;18;4;35;12;14;3;3;6;3;3;5;5;10;15;21;1;8;27;68;7;34;8;10;3;4;3;4;24;2;11;27;8;6;12;7;9;12;5;5;3;7;4;8;11;14;4;3;4;6;7;7;4;18;4;6;128;1652;132;150;29;104;124;;232;754;14;240;180;888;200;128;263;90;41;28;42;16;25;20;20;6;10;3;4;10;7;3;18;9;6;28;31;9;5;2;6;5;3;10;5;8;68;5;1;4;16;2;8;8;7;4;2;2;3;11;33;5;43;15;7;5;15;6;6;8;3;5;8;3;5;5;31;13;9;54;53;7;36;2;6;6;1;24;15;2;12;0;11;6;24;9;8;7;16;4;8;4;5;15;8;0;3;143;4;3;7;5;4;9;0;3;4;10;12;4;6;3;18;1;1;14;8;10;4;2;6;3;4;2;2;9;6;6;0;2;1;1;8;0;2;1;4;0;8;1;1;5;17;5;1;5;1;1;1;0;2;0;2;1;3;8;2;24;0;4;7;4;5;2;0;1;17;3;20;22;14;5;6;5;13;5;4;9;8;1;5;0;1;2;1;2;6;4;7;1;2;10;10;2;4;4;4;4;0;4;1;9;2;4;0;3;4;2;0;0;0;1;0;1;2;2;11;2;3;5;11;1;5;3;5;2;1;3;3;22;4;6;7;5;25;2;1;3;7;9;0;0;2;3;6;1;8;4;4;2;2;14;4;9;1;6;3;2;6;4;3;4;5;1;1;3;3;2;2;1;3;1;0;;
06435000;10;13;8;5;10;3;25;14;4;5;8;8;10;8;11;87;7;2;5;4;10;1;9;2;3;31;41;4;7;10;3;2;6;9;14;7;1;9;2;4;5;8;5;4;3;1;4;9;7;5;19;5;12;9;6;4;2;9;3;1;4;22;7;37;13;34;11;9;3;8;5;3;12;12;17;17;9;13;32;68;4;26;7;20;8;3;6;8;22;7;10;14;7;5;20;8;7;16;8;6;7;13;11;12;10;20;10;13;12;12;12;9;3;26;10;14;184;1531;414;153;61;205;177;185;;160;41;917;77;1389;281;71;69;141;156;57;372;56;33;50;36;25;12;6;10;21;6;6;10;12;13;17;28;11;8;5;2;3;8;12;3;17;84;2;4;4;15;1;15;5;11;8;8;9;7;8;44;5;49;18;20;5;28;8;11;18;11;10;17;4;13;4;25;26;11;34;61;21;48;8;9;10;7;19;9;5;23;4;10;2;18;12;10;9;15;7;9;6;2;9;12;9;8;86;4;2;3;6;6;5;7;6;13;7;3;3;9;4;16;3;7;8;9;6;5;2;3;5;2;1;3;9;9;4;6;0;7;3;10;2;0;4;5;2;4;0;1;6;6;3;3;6;5;6;7;4;3;3;3;2;5;9;8;33;6;6;6;8;5;7;1;1;124;9;50;652;77;11;3;9;77;102;16;22;14;2;5;5;6;8;2;0;5;7;9;7;5;7;18;5;4;7;5;0;2;4;2;8;6;8;4;3;1;0;6;9;3;4;2;3;8;5;10;1;6;8;9;4;10;8;8;3;6;12;11;19;13;15;12;6;38;9;6;0;14;9;7;6;3;6;6;2;4;7;2;2;4;18;5;7;3;8;4;5;19;4;3;14;10;7;1;6;2;2;5;5;4;7;2;;
06436000;3;8;5;1;3;8;10;9;10;7;8;9;5;1;7;90;6;0;2;4;9;2;3;4;4;20;28;6;4;5;1;2;3;9;6;5;1;4;2;2;2;5;1;3;1;1;3;6;0;1;14;5;10;3;3;10;3;3;2;2;5;18;2;36;15;17;6;7;5;2;5;3;12;3;19;16;1;4;32;65;5;22;8;16;10;6;6;13;14;1;5;15;8;3;9;6;1;10;11;7;4;7;3;6;10;18;2;2;2;10;7;12;3;8;4;4;146;1893;145;624;48;116;606;939;204;;23;302;469;281;119;50;206;73;29;27;32;17;13;19;21;8;8;3;9;37;7;3;19;12;29;60;37;9;9;1;1;3;4;11;2;16;257;6;3;4;10;1;47;10;5;8;8;1;9;3;128;3;32;19;19;7;17;13;10;10;2;8;6;3;6;4;22;20;7;39;58;7;31;6;9;8;2;22;16;1;12;2;9;1;19;9;9;5;14;4;4;5;8;11;5;4;5;105;1;0;5;7;4;9;2;2;10;13;4;2;2;3;17;2;4;6;9;5;3;1;7;1;1;1;1;2;6;0;1;3;2;0;7;4;1;3;5;1;4;4;2;4;7;2;1;3;0;2;4;4;0;0;0;0;2;8;6;16;1;3;3;4;6;4;2;2;17;1;13;38;9;3;2;6;16;13;5;11;5;1;2;1;0;5;0;1;3;5;5;4;2;10;19;3;4;2;11;6;1;0;0;5;6;1;3;0;6;3;0;1;2;7;0;4;3;0;6;1;4;5;5;3;6;2;14;4;3;4;4;22;3;7;3;3;29;5;3;0;7;9;0;3;1;2;5;0;0;3;3;2;0;4;0;7;2;3;7;3;7;7;4;5;6;2;1;4;3;1;1;1;2;1;1;;
06437000;0;1;1;2;1;0;3;2;3;0;0;1;4;2;1;12;3;1;1;0;0;0;1;0;0;8;4;2;1;1;0;0;0;2;1;0;0;0;0;2;2;3;2;2;0;0;2;4;2;1;4;1;3;2;2;3;0;6;0;0;3;7;1;11;9;4;3;2;1;1;0;4;4;3;3;1;3;2;5;17;0;4;1;3;5;3;2;1;6;1;2;2;2;0;5;2;1;2;3;1;2;3;5;0;1;4;4;3;1;1;2;3;2;8;4;5;158;99;23;24;228;442;64;12;45;16;;72;11;32;29;10;8;19;6;11;11;10;5;4;5;1;3;1;1;7;0;2;5;7;4;7;4;0;2;1;1;0;1;6;0;8;26;0;0;1;9;2;10;5;0;1;0;0;1;3;10;0;14;4;7;2;5;9;9;11;6;4;10;1;4;1;11;17;2;34;49;42;97;1;3;2;4;7;2;5;5;0;3;0;1;5;5;5;7;2;0;2;3;3;1;0;1;21;0;0;1;0;0;1;1;0;1;0;2;1;1;0;2;1;1;3;2;5;1;0;1;0;2;0;1;0;2;1;2;1;0;1;0;0;0;1;2;4;0;1;1;5;2;1;2;1;0;0;1;0;1;0;0;0;0;2;1;4;0;2;1;0;2;2;2;4;36;2;11;37;2;1;0;4;182;7;0;6;0;1;0;0;2;4;1;2;0;2;4;3;0;4;6;0;1;1;3;2;0;0;0;3;1;0;0;1;2;0;2;1;0;0;0;1;0;0;1;0;6;0;2;0;2;2;3;4;1;0;0;6;1;3;0;3;9;1;1;0;1;0;0;0;0;0;2;0;1;3;2;0;0;2;0;1;0;1;1;0;1;1;4;4;1;0;1;2;0;0;0;1;0;1;0;;
06438000;5;12;5;3;10;5;24;14;14;7;13;11;11;3;6;91;10;4;6;2;8;2;5;3;2;17;44;5;7;8;4;2;6;8;9;11;1;2;2;5;4;8;6;5;3;1;5;5;5;3;16;6;9;10;2;6;3;11;8;2;5;17;2;40;12;30;8;14;8;6;1;10;15;13;21;15;8;9;33;69;4;26;6;21;8;4;9;7;25;2;12;15;3;3;13;10;8;11;11;4;2;12;6;9;22;23;8;10;6;8;5;13;4;24;11;10;356;1901;1170;162;108;965;471;244;1265;290;112;;90;363;146;61;68;78;57;26;58;27;22;35;13;14;11;10;4;27;8;1;12;8;18;31;24;8;16;7;2;6;2;14;8;21;118;8;4;6;13;2;37;10;13;7;12;7;6;9;61;5;57;21;27;9;31;16;13;24;9;10;20;3;9;7;35;35;12;44;65;13;52;9;9;6;4;19;9;7;11;3;10;4;18;16;11;8;11;5;6;5;7;13;11;6;9;125;5;3;4;5;4;3;5;8;17;11;4;1;7;3;25;1;3;9;7;9;5;2;4;4;4;2;3;5;7;0;3;2;1;2;10;2;2;2;4;2;4;4;2;6;7;4;4;8;4;3;5;4;2;1;3;1;1;8;11;33;1;14;4;5;5;4;1;4;120;4;19;339;10;7;4;8;91;34;6;14;16;3;0;2;5;9;4;4;4;2;9;2;1;13;27;6;5;3;8;4;2;4;1;8;8;7;2;11;1;5;1;3;0;3;1;2;1;2;6;2;5;5;11;4;6;7;7;7;8;4;5;23;16;17;7;4;39;9;7;4;8;12;1;7;4;3;5;1;6;6;1;1;0;17;4;6;2;7;4;1;16;3;1;9;7;3;1;8;1;1;7;4;3;2;0;;
06439000;6;10;3;1;3;4;10;10;9;1;5;9;6;1;2;74;4;0;3;3;2;6;3;2;1;10;20;3;2;5;1;3;3;1;5;1;4;5;3;2;3;4;2;1;0;3;8;8;2;5;8;6;6;4;3;5;1;6;3;0;4;8;4;27;9;12;1;6;3;2;4;4;9;11;5;6;10;9;20;45;5;21;5;10;8;9;8;10;22;4;2;10;6;5;14;6;3;4;6;3;2;9;5;9;8;7;4;4;4;8;9;10;2;14;8;3;71;350;32;1404;32;60;132;126;64;239;19;81;;51;70;36;389;46;14;10;19;9;17;14;12;5;25;9;11;77;9;8;29;19;39;347;52;12;12;5;3;9;4;10;9;5;284;4;1;0;8;3;41;18;10;2;4;5;9;8;199;3;20;8;15;3;11;8;5;7;2;6;7;2;10;1;14;15;6;20;33;2;25;6;2;4;3;14;16;4;14;7;1;3;17;6;2;6;14;2;4;1;3;15;8;3;3;67;1;2;5;2;1;7;3;1;5;6;3;8;2;1;14;1;2;5;4;7;3;1;1;1;2;1;2;3;4;2;1;1;0;3;6;2;3;5;2;0;3;3;2;4;7;0;1;2;1;1;0;1;2;2;0;0;2;3;0;15;1;3;5;2;3;4;1;2;9;4;14;11;4;1;1;3;10;3;1;5;4;0;3;0;1;1;2;2;1;3;3;7;2;6;14;3;4;9;5;2;1;1;1;4;2;4;2;4;5;1;6;5;1;2;0;0;5;1;8;3;1;3;4;6;5;5;5;6;4;1;2;9;1;4;10;1;15;5;1;0;11;5;0;3;2;4;2;1;2;2;3;1;1;13;3;7;0;3;2;6;9;2;1;3;4;1;1;3;1;5;0;2;1;0;2;;
06440000;7;12;9;3;5;4;14;8;7;5;12;10;12;3;8;70;9;1;6;4;5;0;5;5;2;17;40;7;2;7;3;5;3;5;12;5;4;3;3;8;5;6;0;5;7;4;6;8;5;4;11;4;14;8;3;8;3;8;6;6;3;24;5;36;8;24;8;7;7;9;3;7;9;16;9;11;4;11;28;60;3;30;11;15;5;5;7;6;30;3;5;17;18;7;11;11;11;10;8;5;7;11;6;8;13;20;10;4;6;7;13;7;3;30;10;5;149;1450;184;160;76;150;140;567;1231;201;26;315;80;;1223;282;132;212;343;61;105;38;52;81;66;36;14;6;4;8;4;3;16;16;9;20;26;8;8;4;1;3;1;16;5;11;62;6;5;3;10;0;15;8;6;6;13;3;3;5;33;3;36;14;18;6;12;15;9;16;3;8;10;1;8;2;28;17;9;38;45;10;38;6;10;3;4;17;11;5;15;2;12;3;13;17;4;9;11;9;7;2;5;13;12;3;7;73;3;3;7;2;1;3;1;5;14;12;4;7;3;5;14;5;5;9;3;6;2;3;8;6;5;2;3;2;9;2;2;2;0;0;9;2;0;2;3;1;2;4;0;7;9;4;1;3;4;2;4;4;2;3;3;1;1;5;4;22;1;3;6;3;1;5;1;2;19;5;22;65;4;6;1;2;23;12;4;9;13;2;3;1;1;6;4;8;5;4;4;3;3;2;20;4;6;7;4;3;1;2;3;8;7;5;1;3;3;3;0;2;0;8;2;0;4;3;5;1;7;2;14;7;9;4;8;2;6;12;3;25;8;7;6;2;35;4;5;1;10;5;3;4;1;6;4;2;6;4;5;4;1;13;5;9;3;3;4;8;9;7;2;1;8;4;1;5;2;1;4;2;1;3;0;;
06531000;8;20;15;0;11;8;14;7;10;3;11;9;8;4;6;121;19;7;1;8;4;4;13;3;5;45;77;7;10;16;3;2;8;11;12;13;2;10;1;8;9;7;3;3;4;3;14;15;4;3;15;6;14;3;7;10;6;16;5;3;4;30;4;51;18;42;12;11;4;6;4;8;16;14;22;19;9;17;54;116;10;35;12;17;6;8;20;15;40;3;15;29;13;9;18;14;13;17;22;7;8;20;14;23;21;35;17;7;6;10;23;19;17;90;15;15;309;766;77;263;166;192;169;289;512;186;24;254;167;2116;;1409;281;2072;483;747;227;1069;141;209;336;95;21;8;24;10;7;3;15;16;6;29;49;20;6;6;1;4;2;13;7;13;78;4;2;7;6;3;11;6;3;6;6;4;8;11;35;5;56;21;25;8;24;14;15;13;3;11;8;4;19;2;38;22;9;42;49;8;44;10;6;5;4;28;22;5;17;5;10;2;24;8;9;8;21;7;10;13;10;10;10;3;3;83;1;2;8;10;4;5;5;0;6;3;6;6;1;1;16;0;3;7;6;8;3;2;4;1;2;2;3;0;4;3;3;0;2;1;12;2;3;1;4;4;0;1;1;9;15;4;2;5;2;6;5;2;2;3;2;4;1;13;7;21;2;8;5;3;2;6;1;3;12;3;26;25;19;2;3;4;17;10;2;6;15;1;1;2;0;7;1;5;10;6;1;2;3;5;24;8;2;5;10;1;0;5;2;13;3;2;0;1;1;3;0;5;1;7;5;0;4;2;11;3;3;4;5;4;10;5;11;9;8;11;10;30;7;10;5;4;60;7;2;2;16;16;2;2;6;1;11;3;5;3;5;1;3;23;3;15;4;5;6;4;12;5;1;7;8;4;1;9;0;6;2;1;2;3;5;;
06532000;2;8;3;3;15;5;12;10;7;2;6;5;10;1;3;45;5;4;4;8;5;3;2;4;1;11;24;1;3;6;4;1;4;2;10;4;1;6;4;5;2;3;0;1;1;1;5;2;1;3;7;6;8;5;4;5;1;1;2;2;4;15;6;26;19;18;6;3;6;2;2;6;10;8;17;9;7;8;25;47;6;17;6;12;7;6;17;6;28;5;4;10;7;0;11;8;5;17;6;6;0;11;9;12;16;19;7;4;3;10;11;24;21;267;12;6;41;208;22;57;11;41;23;79;54;30;5;47;25;215;1352;;327;430;55;39;19;16;25;26;42;6;11;5;43;9;0;0;15;11;9;26;177;3;3;3;6;3;0;4;1;4;43;2;1;2;6;1;7;4;5;4;2;1;3;0;11;1;15;9;15;7;11;5;2;6;4;6;4;4;10;0;12;12;8;20;18;4;17;6;2;4;3;13;5;3;7;2;2;2;6;9;5;8;7;1;2;3;4;12;5;1;3;34;0;0;2;2;1;3;0;3;2;2;1;3;3;2;4;0;0;5;4;4;2;4;2;0;3;1;2;0;0;1;1;1;1;1;2;0;1;2;3;2;3;1;0;2;5;2;0;3;0;0;1;1;3;0;1;1;2;2;2;12;1;6;5;6;5;0;2;2;5;3;6;8;1;7;0;0;6;4;3;5;7;5;4;0;2;7;1;1;1;1;3;3;2;6;6;2;4;3;4;3;3;3;0;1;1;1;3;0;6;2;0;2;1;6;0;2;0;1;3;3;4;2;6;2;6;4;3;6;3;3;1;9;8;6;1;2;21;2;1;0;4;4;0;4;3;5;2;1;2;0;1;0;1;10;3;4;0;2;2;3;4;1;0;3;2;1;0;2;0;0;1;1;0;1;1;;
06533000;2;6;3;1;3;2;7;2;6;1;7;6;1;1;4;36;5;3;2;2;5;1;3;1;1;12;15;4;0;2;1;7;3;2;3;6;0;5;1;4;3;4;0;1;1;3;5;1;2;3;10;5;8;2;1;6;2;6;4;1;1;8;2;19;15;14;3;8;1;3;1;1;10;6;9;10;6;9;28;67;8;15;6;13;10;4;7;11;26;1;7;12;2;2;10;7;6;8;4;3;4;6;7;5;5;16;9;2;7;4;6;9;8;33;5;5;60;260;44;186;14;38;56;134;45;79;4;47;262;95;203;367;;68;18;19;16;8;14;12;11;7;46;13;28;10;6;4;35;36;14;569;549;6;7;3;2;5;3;7;2;12;88;0;2;1;3;0;7;7;4;4;6;1;4;2;25;2;19;3;4;3;7;7;1;7;3;0;4;0;6;1;10;7;5;11;27;3;18;0;1;4;4;8;6;0;4;5;4;0;8;3;1;6;3;3;3;8;1;6;5;4;3;36;3;1;2;5;0;0;1;0;2;3;5;2;4;1;5;3;2;5;2;5;4;3;1;0;0;1;1;3;0;3;2;2;0;0;6;0;1;0;3;0;2;0;2;2;3;0;3;4;2;0;2;0;1;1;1;0;1;0;4;12;0;1;3;1;3;2;1;2;6;2;6;13;2;2;1;1;3;1;1;3;3;1;0;1;1;0;1;3;4;1;2;2;1;4;3;0;3;3;2;1;0;1;0;2;0;0;3;1;0;1;2;2;0;3;0;1;3;1;5;1;3;3;3;1;4;2;3;1;0;3;1;8;1;5;1;0;11;3;1;2;4;2;0;0;4;1;2;0;2;2;1;5;1;6;0;1;0;0;0;0;3;2;0;2;4;0;2;3;1;1;3;0;0;0;2;;
06534000;9;31;22;2;4;5;11;18;11;5;13;6;7;5;10;165;29;6;4;3;15;4;14;3;6;82;84;6;10;20;4;6;7;8;13;11;7;13;2;4;10;13;2;4;1;6;19;13;6;6;9;5;10;5;3;7;3;16;5;3;6;40;5;67;32;40;13;15;6;6;5;11;23;16;19;26;9;19;78;125;6;45;11;28;7;6;22;17;42;1;12;52;9;10;21;14;15;26;16;13;15;22;12;26;33;48;18;11;13;18;58;39;12;227;24;21;107;485;51;132;84;85;98;117;173;81;23;128;67;241;959;438;91;;252;161;137;52;100;310;369;37;21;10;20;5;5;1;12;10;9;19;30;10;7;1;2;9;1;14;8;11;91;3;1;2;7;2;2;4;2;11;7;4;8;6;22;2;44;17;22;4;27;13;12;13;4;10;6;7;8;3;39;26;7;58;50;10;49;12;5;3;6;53;17;5;22;4;10;4;21;11;9;16;31;10;7;7;5;12;8;3;7;101;1;4;6;5;5;4;1;1;5;7;2;2;3;1;16;0;3;5;4;4;0;2;4;2;7;4;2;1;5;2;2;3;1;0;15;0;1;0;4;0;4;1;0;8;9;4;2;5;3;2;1;1;0;3;3;2;4;13;3;27;1;3;9;1;9;1;4;1;10;3;23;16;6;2;3;4;10;7;1;9;14;3;3;1;2;3;3;2;5;6;3;2;4;7;16;3;4;6;3;1;2;10;2;14;5;4;0;1;7;3;3;1;1;6;1;0;5;1;26;2;8;7;12;4;14;7;9;6;2;0;9;48;4;6;5;3;84;6;3;2;28;18;4;1;2;5;4;2;1;3;7;1;3;27;3;15;0;9;4;3;13;3;2;3;4;1;0;7;3;1;1;3;0;1;2;;
06535000;2;4;1;2;8;1;6;3;1;1;7;4;2;0;2;19;3;1;1;0;2;1;4;1;2;12;9;1;3;3;2;1;1;1;6;3;0;1;1;3;3;2;1;2;3;3;1;3;1;0;7;2;0;0;0;2;1;2;5;4;0;3;2;8;1;12;3;6;2;3;2;1;4;1;0;5;0;3;6;10;0;7;5;6;4;3;4;3;7;0;4;2;2;0;3;2;1;3;9;3;3;4;1;5;3;3;3;1;2;0;4;4;2;12;8;5;20;123;20;16;5;15;21;26;112;16;2;27;7;206;448;58;18;202;;47;423;92;21;136;18;12;3;3;1;6;1;0;1;3;2;5;1;1;1;1;0;2;0;2;3;2;15;0;2;2;2;0;3;0;0;1;0;2;0;2;4;1;12;3;3;3;3;3;4;2;2;4;4;2;4;1;4;0;0;7;8;2;9;0;3;1;1;3;4;1;7;0;2;0;7;0;3;0;3;0;0;1;2;4;3;0;0;12;3;0;0;3;3;0;0;0;1;3;1;2;1;1;4;1;0;2;0;2;0;3;1;0;2;0;0;0;0;0;1;1;0;0;1;0;1;0;2;1;1;0;2;0;1;0;2;2;0;0;0;2;0;0;0;1;1;1;1;3;0;2;3;0;0;1;2;2;3;1;12;5;8;0;0;2;5;4;1;3;2;0;1;3;0;1;1;0;0;3;0;0;0;2;3;0;0;2;1;1;0;2;0;3;1;0;0;1;0;0;0;1;0;2;0;1;0;0;2;3;1;4;3;1;4;0;3;0;1;2;1;6;1;2;4;0;15;2;1;0;6;1;1;0;2;1;3;0;1;1;1;1;1;4;1;2;1;2;3;1;9;3;1;6;4;0;4;1;4;1;1;2;0;0;1;;
06611000;3;24;24;0;5;7;11;12;15;6;10;5;12;5;9;219;41;13;20;11;17;5;50;8;10;404;142;5;17;21;11;6;11;14;11;16;2;19;2;5;6;10;5;6;4;1;18;12;6;2;14;4;8;6;4;12;4;15;2;2;1;48;8;59;26;43;9;13;6;11;3;7;22;6;21;20;11;18;29;97;9;31;3;15;8;8;9;5;15;5;9;32;11;4;17;9;6;29;20;16;102;27;19;56;29;40;10;6;8;15;44;14;1;21;31;5;59;194;30;75;46;53;32;37;76;38;7;52;34;76;119;60;24;154;41;;163;145;4041;799;265;342;7;3;0;4;5;1;7;7;3;9;8;6;1;0;1;1;2;10;1;11;24;2;0;5;3;1;2;2;1;7;2;1;3;2;6;1;40;19;14;4;14;8;7;12;4;6;8;3;8;4;30;11;3;21;34;1;18;6;4;3;2;24;13;8;12;4;5;3;15;11;4;5;9;3;9;6;6;13;6;5;8;97;5;0;7;3;4;5;2;3;6;10;3;3;4;0;14;0;1;4;4;3;4;2;7;0;3;0;0;3;2;2;1;1;2;3;9;2;3;3;4;0;4;3;1;3;7;4;1;3;3;2;1;4;2;2;1;3;4;10;4;32;0;4;1;4;2;0;1;1;9;6;16;8;11;9;2;4;3;4;2;3;15;2;4;1;2;8;0;2;8;3;1;2;1;4;14;3;0;3;4;2;4;6;1;17;4;4;0;3;4;4;3;3;6;3;1;3;3;1;13;4;7;5;7;7;8;0;13;0;4;3;10;34;4;12;2;3;84;4;4;2;17;18;5;2;4;2;11;2;5;7;7;4;1;27;4;11;1;10;21;18;19;16;2;6;7;1;0;7;4;1;4;1;2;0;1;;
06631000;2;9;12;6;5;1;2;12;9;2;7;7;6;2;3;79;7;1;7;7;4;3;6;2;6;33;43;7;6;11;5;1;5;5;6;4;0;9;3;3;2;5;2;2;2;2;3;7;4;4;7;1;11;4;1;7;3;11;2;2;1;19;5;21;12;19;9;6;4;1;1;3;17;7;6;6;4;7;21;55;4;16;4;8;6;0;4;9;17;4;2;18;7;3;10;8;2;10;4;3;8;19;8;17;11;18;3;3;5;5;9;8;4;14;11;5;69;272;50;53;14;34;34;32;341;24;10;56;17;72;135;24;11;91;451;162;;253;42;68;27;30;11;2;6;4;0;2;6;7;3;8;6;9;3;1;2;1;3;4;4;10;47;2;0;0;2;0;11;6;1;9;0;1;7;6;10;3;51;15;17;9;17;14;10;17;5;8;7;5;10;0;12;18;4;17;40;9;20;5;5;10;2;14;10;7;7;1;9;6;12;9;9;11;8;5;3;2;9;12;8;6;8;69;6;1;2;5;6;4;2;2;6;6;5;3;2;3;12;4;4;1;2;3;3;3;7;3;3;0;3;3;2;1;3;1;4;1;8;1;2;1;3;4;2;4;4;10;10;1;0;9;4;2;4;1;0;5;7;1;1;11;4;30;2;6;5;3;4;4;1;0;12;8;73;13;109;62;8;10;13;15;17;17;11;2;3;2;3;3;1;4;6;4;2;3;1;6;8;2;2;0;4;1;1;3;1;2;4;3;5;4;4;4;3;2;2;5;2;1;2;1;3;1;5;2;7;6;6;6;8;4;5;1;2;29;2;4;3;2;40;4;1;5;6;14;1;3;1;1;3;0;0;4;1;2;3;38;3;15;2;11;9;5;113;5;2;55;10;1;5;13;0;0;4;1;1;0;2;;
06632000;1;5;4;1;1;3;7;8;4;1;4;1;3;1;3;36;2;3;2;3;1;1;9;4;0;40;29;2;3;2;2;3;7;7;10;6;2;3;0;2;4;3;1;0;0;0;3;1;2;0;2;0;7;1;2;3;4;2;4;0;2;8;3;14;9;6;0;4;3;0;1;0;5;3;2;4;3;8;7;19;1;6;1;3;2;1;5;1;7;0;5;6;2;1;6;8;2;7;8;1;8;10;8;5;4;16;1;2;2;5;9;0;2;9;5;4;34;141;12;41;56;48;48;39;79;46;3;64;35;107;142;50;36;150;101;210;312;;97;297;64;208;6;4;1;2;2;0;5;4;0;2;3;3;2;3;1;1;0;1;0;4;10;0;0;3;4;0;4;2;2;0;0;2;2;1;1;0;11;2;3;1;7;4;4;5;1;2;2;1;7;1;6;7;4;7;14;3;6;5;3;0;3;5;5;1;6;2;1;1;8;3;1;3;4;2;1;2;1;6;2;1;0;22;1;0;2;4;1;1;1;1;4;2;1;5;1;1;6;0;2;2;0;4;2;1;0;0;0;1;1;1;3;2;0;1;0;1;3;0;0;0;0;0;2;1;1;2;2;0;0;1;0;1;3;3;0;0;0;0;1;2;0;12;2;2;1;1;0;2;2;0;0;1;10;0;8;9;2;0;0;3;3;2;8;0;2;0;0;3;1;1;1;4;2;3;3;2;4;0;1;1;2;0;0;0;0;3;0;0;0;3;1;3;1;2;0;7;0;3;2;0;5;2;2;2;3;2;2;2;6;2;3;2;4;11;0;3;0;4;23;2;3;2;9;2;1;1;5;0;3;1;1;1;1;0;0;18;2;7;3;5;9;3;227;8;4;13;12;2;3;10;2;2;3;8;3;2;0;;
06633000;3;12;8;2;9;4;13;14;8;7;2;10;8;4;4;66;16;6;11;9;16;3;108;6;5;415;59;9;15;19;30;5;5;12;5;10;3;12;5;4;8;4;5;7;4;6;8;5;6;3;13;2;9;5;0;8;4;7;2;1;6;10;7;15;13;16;4;6;4;5;1;3;12;4;9;5;3;10;18;44;2;14;4;14;7;3;5;3;13;0;6;15;10;3;14;12;7;19;11;8;221;22;7;36;8;18;5;2;6;6;27;14;4;7;12;16;13;66;10;17;8;15;15;18;18;15;3;19;10;26;52;20;10;89;20;3045;37;76;;753;269;282;4;6;1;3;3;2;3;4;3;3;6;0;3;2;1;0;1;1;4;8;12;2;3;0;2;2;4;4;2;2;2;0;1;2;4;1;18;4;9;1;8;2;7;10;1;2;1;3;3;0;8;6;3;12;15;6;8;6;4;3;5;6;4;1;6;3;3;1;7;7;0;2;5;4;4;2;1;6;6;4;2;36;2;1;7;1;4;1;5;5;6;1;1;2;4;0;4;0;0;2;2;4;4;1;1;3;3;0;1;4;0;0;2;0;1;2;5;2;0;0;3;0;2;0;1;3;4;1;3;4;0;3;1;0;2;0;1;1;2;5;3;9;0;4;3;3;1;2;0;2;1;2;6;4;3;1;1;2;0;2;1;6;4;0;2;0;2;2;2;1;1;3;2;2;0;6;5;1;0;0;2;2;4;2;0;2;1;4;0;2;2;2;0;2;2;3;3;0;4;2;4;0;4;3;6;7;6;4;6;8;2;3;3;14;1;2;2;2;38;3;4;2;7;5;1;2;4;4;5;0;4;3;1;3;2;18;4;8;0;3;19;7;15;12;3;0;4;2;3;5;1;1;0;1;0;2;1;;
06634000;1;5;10;6;8;4;9;4;8;3;3;7;4;1;6;49;14;5;4;7;6;3;11;4;3;90;31;3;4;7;5;2;4;7;6;2;2;4;0;3;8;10;2;1;1;0;6;5;6;2;8;2;6;4;3;4;0;5;5;0;5;17;1;22;7;13;3;5;3;4;4;4;7;5;5;6;5;6;4;26;3;13;7;12;2;9;6;5;9;3;4;11;4;5;7;8;5;12;17;6;24;14;8;12;6;18;4;4;0;8;18;8;0;9;10;15;22;85;11;16;12;17;19;13;40;16;1;22;9;43;111;29;15;243;106;783;66;253;641;;316;138;4;4;2;3;1;1;11;7;4;3;8;4;4;1;1;3;2;1;1;3;15;2;0;0;1;1;2;6;2;4;2;0;0;1;3;0;16;3;5;2;6;5;2;6;2;1;2;2;4;2;6;5;2;12;15;2;16;1;2;1;1;12;4;4;3;1;4;1;4;2;4;1;2;11;3;5;2;6;6;3;3;27;1;0;5;0;2;3;0;2;5;1;0;2;0;2;2;1;0;1;0;6;0;2;2;1;2;0;3;1;2;1;2;0;3;2;3;1;4;1;1;0;2;0;1;1;6;0;0;1;2;1;1;1;0;3;0;0;0;6;1;10;0;1;0;0;4;3;0;0;2;1;6;4;5;5;3;1;3;1;1;15;5;0;1;2;1;1;1;1;0;2;1;1;0;7;5;0;1;1;4;0;1;1;1;1;1;1;1;3;2;0;2;3;2;3;0;5;4;3;4;3;2;3;5;3;7;4;4;3;3;3;5;11;4;8;2;3;18;2;2;2;8;4;3;1;3;2;1;1;0;3;4;1;4;16;1;8;1;0;7;4;12;7;1;7;8;1;0;6;3;1;0;1;0;0;0;;
06635000;2;4;3;0;2;3;7;3;5;3;5;6;1;1;3;48;11;2;2;5;10;2;7;1;0;44;38;2;9;7;6;2;2;5;5;6;2;2;1;4;4;2;1;1;0;1;1;4;1;1;5;4;3;3;2;8;3;5;1;0;3;14;3;25;8;22;4;7;2;4;4;7;11;5;10;5;5;10;12;41;5;18;1;7;3;1;11;9;8;2;7;14;8;7;21;6;13;15;12;9;124;21;9;92;19;21;10;8;3;9;312;16;7;49;34;12;25;96;14;30;12;19;23;16;23;12;2;16;11;30;164;35;17;340;23;316;28;24;260;276;;27;7;5;5;6;3;3;6;2;0;7;5;1;1;1;1;0;0;3;0;2;17;0;0;0;3;1;5;0;1;2;1;2;0;3;3;1;13;3;5;2;7;3;3;1;1;3;3;1;5;0;5;7;0;14;13;1;15;3;5;2;6;7;1;3;6;0;5;1;16;4;4;4;4;2;1;2;1;4;3;1;1;24;3;0;2;1;0;3;0;2;3;1;1;2;0;0;10;0;2;4;1;0;1;3;0;0;3;2;1;1;1;0;1;0;0;0;2;2;1;1;2;0;5;3;1;5;0;1;1;2;0;0;2;0;0;0;1;3;1;1;1;6;1;2;1;1;5;0;1;1;4;2;5;5;2;1;0;0;2;1;0;1;8;0;1;0;1;1;0;1;1;3;6;2;2;1;6;1;2;0;2;2;3;1;1;6;1;2;1;3;3;2;0;1;3;2;0;0;0;1;5;3;4;0;3;2;5;2;5;3;5;2;0;11;5;2;3;1;19;7;2;1;10;12;2;1;2;4;6;1;0;1;0;2;1;10;2;7;2;3;6;5;8;3;2;1;2;0;0;2;0;0;2;1;0;1;1;;
06636000;4;5;6;0;3;2;8;5;5;2;3;3;1;3;5;37;17;5;1;6;13;2;36;1;1;247;46;2;5;14;7;3;3;6;4;5;5;2;2;5;7;2;2;5;1;2;7;4;2;0;7;5;5;2;1;5;0;2;2;2;2;10;3;5;7;12;4;4;3;2;2;2;2;2;4;3;4;4;8;23;1;7;3;3;2;5;3;1;10;0;3;8;2;1;4;6;4;4;7;1;9;4;2;8;8;8;0;1;4;6;3;6;2;7;5;2;11;39;2;10;8;13;9;6;13;9;1;10;4;13;30;10;8;28;9;349;39;191;274;146;27;;5;1;2;4;0;0;3;0;2;4;2;1;1;1;0;2;1;3;0;2;8;2;0;0;0;0;2;2;2;0;0;1;3;3;4;0;32;5;10;6;4;4;3;4;0;3;5;1;4;0;8;4;2;2;3;1;6;8;0;2;2;10;2;4;2;1;5;0;12;3;2;1;5;1;2;0;2;3;4;2;3;17;0;0;1;0;2;1;2;1;1;1;14;0;2;1;3;0;1;1;2;3;0;1;1;0;3;2;0;3;1;1;2;0;0;0;2;0;3;4;2;0;3;1;1;2;6;1;0;1;1;2;3;1;1;0;1;0;1;11;1;7;0;2;3;1;1;1;0;0;4;0;8;4;2;1;1;1;1;2;2;3;1;1;2;1;1;3;1;1;1;1;1;15;0;1;4;0;1;0;1;0;2;2;0;2;5;0;2;2;1;2;1;1;3;3;0;1;3;2;4;0;6;1;5;3;4;0;5;1;0;0;2;7;0;3;1;1;18;1;0;2;8;4;3;2;1;1;5;0;1;1;0;3;0;25;5;11;2;5;91;6;100;63;2;8;10;6;3;7;2;0;6;5;4;0;1;;
07111000;3;9;6;4;0;2;3;3;8;1;7;3;1;0;3;57;8;3;1;5;6;0;2;2;2;10;27;2;2;7;1;1;6;3;6;2;0;4;2;2;6;3;0;2;1;4;6;4;6;2;6;0;3;4;2;3;1;4;1;3;1;17;3;51;21;19;6;12;7;5;5;9;18;14;15;18;13;9;150;168;6;55;13;35;23;8;14;14;97;2;10;17;7;6;9;6;2;9;9;0;2;5;4;11;13;13;8;3;4;6;2;12;6;13;6;9;16;76;7;46;5;11;16;12;10;13;1;21;20;16;20;10;40;17;4;8;8;5;5;1;7;4;;136;62;49;30;91;1752;403;242;614;537;55;64;29;46;32;2;17;11;9;134;7;1;2;11;5;19;8;8;9;7;1;9;8;55;4;28;10;13;2;7;6;4;5;2;2;3;3;2;4;17;10;3;13;22;2;23;5;2;3;4;13;8;3;8;3;6;4;11;4;1;2;5;0;7;3;2;8;8;1;8;55;0;1;0;3;2;0;1;3;1;7;3;2;1;1;10;1;2;1;1;2;2;0;4;1;0;1;2;1;1;0;0;1;0;0;5;1;2;0;1;1;0;2;0;5;4;1;0;0;3;0;0;0;0;1;1;0;2;2;1;14;1;3;3;0;3;0;1;1;9;2;4;1;1;3;0;2;4;2;0;3;5;0;2;0;0;4;0;0;2;1;4;1;0;2;23;4;4;12;8;3;0;0;3;5;2;9;0;4;0;1;3;0;2;3;0;0;0;2;9;2;3;3;3;1;3;1;5;1;3;2;2;19;0;1;2;0;15;0;0;3;14;9;0;3;1;1;1;0;2;6;0;1;0;9;1;10;0;3;0;3;0;1;1;1;1;1;0;1;0;0;0;1;0;0;1;;
07131000;1;2;3;2;5;1;8;3;1;2;4;5;1;5;4;25;2;1;1;3;5;1;0;1;0;6;12;3;4;5;1;3;1;3;4;2;1;1;0;0;7;3;0;2;0;2;4;3;1;2;7;5;6;7;5;9;1;4;2;1;3;10;3;38;19;17;9;12;2;7;3;12;20;4;11;25;11;14;423;195;16;58;27;88;153;9;15;29;390;1;8;14;8;4;13;7;3;6;5;1;0;2;3;5;10;20;5;5;6;5;11;9;3;7;6;5;4;22;5;13;3;4;6;2;3;2;2;4;5;4;15;10;9;10;0;3;4;0;4;1;6;1;146;;27;15;4;40;430;211;16;37;49;41;25;14;99;15;0;4;7;9;29;3;1;2;5;1;8;5;3;1;5;1;4;6;8;4;12;4;7;0;6;3;6;8;1;1;2;3;4;2;7;4;0;9;11;2;17;0;0;0;2;5;2;2;5;0;1;0;8;4;4;5;2;0;2;0;2;2;2;1;2;30;0;0;1;0;0;2;1;1;1;5;4;1;2;0;9;0;0;4;2;1;4;0;1;1;0;0;1;1;0;1;1;0;1;0;1;0;0;1;0;2;1;1;1;3;1;0;0;1;0;1;3;1;1;1;0;0;1;5;2;8;0;1;0;0;1;1;1;0;1;2;4;1;2;0;0;1;2;0;1;2;2;0;0;0;3;2;1;1;1;0;3;1;4;1;10;2;1;3;5;4;0;0;0;1;3;1;2;4;1;1;2;2;1;0;0;2;1;1;0;0;2;0;7;0;3;7;1;1;2;2;2;7;1;2;2;3;9;0;1;0;6;4;3;1;0;1;1;0;1;0;2;2;0;2;0;2;0;0;2;0;0;1;3;0;0;1;0;3;1;0;0;0;0;0;0;;
07132000;1;5;4;1;0;0;3;2;2;5;1;2;0;5;1;20;6;2;0;3;3;0;1;0;1;8;9;0;2;5;1;2;1;2;5;2;0;5;1;2;0;5;0;3;0;2;3;3;4;3;8;4;2;2;0;2;2;2;3;4;0;5;0;28;10;14;4;4;3;6;3;6;18;8;16;13;8;12;74;148;7;25;10;36;11;7;154;20;284;5;5;9;5;6;10;5;7;4;3;2;1;7;7;6;10;16;9;5;5;11;8;11;42;720;4;7;5;30;1;13;2;7;9;6;7;7;1;10;7;9;24;43;28;29;4;6;6;2;2;4;7;1;86;29;;7;9;10;64;372;11;31;606;12;18;3;2;2;4;3;2;5;22;0;2;1;1;2;4;3;2;1;0;0;8;6;7;0;3;4;6;2;4;5;2;3;1;1;4;1;4;2;7;4;0;2;6;2;5;2;0;2;2;2;3;1;5;1;6;2;2;7;1;3;2;0;1;0;3;1;3;0;0;11;0;1;2;0;0;1;1;0;1;0;2;1;4;0;6;0;1;0;0;1;1;1;1;1;0;0;0;1;0;0;0;0;0;2;0;1;1;1;3;1;0;0;1;1;1;0;1;1;1;1;0;0;2;0;1;0;0;1;1;5;0;2;2;4;0;0;0;2;0;0;2;2;0;0;0;0;2;3;0;0;5;0;0;0;2;3;0;1;2;2;3;1;2;6;6;4;0;2;5;3;0;2;1;4;6;2;0;5;2;1;1;2;0;0;2;0;0;2;2;1;0;2;5;1;4;1;1;0;5;1;2;6;1;1;3;2;6;0;2;3;1;2;0;0;1;2;1;2;1;2;2;1;1;5;0;3;1;1;0;2;0;0;0;1;1;0;0;0;2;0;1;1;0;0;0;;
07133000;6;3;4;0;1;1;3;1;5;1;6;2;4;1;1;26;3;2;0;3;3;2;2;2;0;9;10;2;0;3;0;2;1;2;1;3;2;5;0;2;2;0;3;0;1;1;0;1;0;3;1;0;4;1;0;7;1;5;1;1;1;3;2;10;11;9;5;8;2;3;0;7;8;5;8;10;3;4;16;27;0;16;5;8;4;7;7;3;17;0;5;6;3;3;6;5;2;3;4;1;2;5;3;5;8;11;6;1;3;2;4;6;2;5;1;2;19;94;13;125;19;22;67;14;14;24;4;20;44;13;21;4;8;15;6;10;6;1;5;4;1;0;51;11;3;;295;17;33;14;211;20;14;31;35;6;10;26;3;56;15;22;308;4;12;5;23;5;241;15;173;7;39;104;6;13;638;9;15;5;15;5;7;7;6;10;1;3;2;0;3;4;10;11;5;22;47;2;26;3;7;0;3;9;7;1;6;4;3;1;6;5;5;4;6;3;2;0;1;6;3;1;2;25;4;0;2;0;2;1;0;1;1;2;4;0;2;0;4;0;1;1;1;4;1;1;0;1;0;2;1;2;2;0;2;0;0;1;7;2;2;0;0;1;0;1;0;2;3;2;1;4;1;0;2;1;0;1;1;0;0;1;2;7;3;3;0;0;2;1;0;4;3;0;9;3;3;0;1;2;4;4;0;6;8;0;1;0;0;2;1;4;2;1;2;0;1;2;36;4;5;9;13;17;0;2;3;3;1;0;0;2;3;1;0;3;1;3;0;0;2;6;2;1;4;1;2;3;2;3;2;2;3;2;0;8;3;1;0;0;11;2;2;1;2;1;1;0;0;4;7;2;0;2;1;0;3;4;1;5;0;2;1;1;3;1;0;1;3;1;0;0;0;0;1;0;1;0;1;;
07134000;1;3;2;0;1;2;2;0;0;0;4;0;2;0;2;17;4;0;0;1;2;0;1;1;0;6;5;2;0;4;0;1;2;2;1;0;0;0;0;0;1;0;2;0;0;0;0;1;4;0;0;1;2;0;2;2;0;3;1;0;0;3;2;12;6;5;1;2;2;2;4;0;2;4;1;5;1;4;16;16;0;12;3;4;6;2;3;2;6;0;4;5;1;0;8;9;3;1;2;1;2;4;3;4;3;3;5;1;5;1;1;2;1;2;3;5;8;46;7;21;9;7;17;14;10;13;3;11;6;4;7;4;5;6;2;5;4;0;2;1;2;2;31;4;6;293;;16;24;18;108;8;13;72;128;17;6;65;8;65;12;9;75;5;7;4;10;6;20;6;13;6;29;83;6;7;42;11;7;4;5;5;8;0;4;5;2;2;3;2;3;3;14;6;1;8;16;0;10;5;1;5;1;6;7;1;9;1;1;1;3;3;1;2;7;2;1;2;4;0;1;2;0;16;0;0;1;0;0;2;0;1;2;0;1;3;0;0;6;0;0;0;1;0;1;3;0;0;1;0;0;1;1;0;1;1;2;0;3;0;1;0;3;0;0;0;0;0;1;0;0;0;0;0;1;0;0;1;0;0;3;2;0;9;1;1;1;0;1;0;0;0;3;2;2;4;0;2;0;1;0;0;1;5;3;2;0;0;1;2;1;0;0;1;6;1;1;0;79;24;35;38;21;175;0;0;0;2;0;0;0;2;1;0;2;1;0;0;0;0;1;0;2;0;2;1;4;2;1;0;2;3;1;0;1;6;0;5;1;1;4;0;0;0;1;2;0;0;0;1;2;0;1;0;0;0;0;3;2;0;1;0;1;0;2;0;2;2;2;0;0;1;0;0;1;1;0;1;0;;
07135000;1;1;3;0;0;0;0;1;3;0;2;2;2;0;1;8;1;0;0;0;1;0;0;0;0;2;3;0;2;0;0;3;1;1;1;2;0;0;0;2;1;0;0;0;0;0;0;1;0;0;3;5;3;0;0;1;1;3;0;1;1;3;2;10;4;5;1;5;0;2;2;4;6;3;4;6;4;2;22;41;2;25;6;9;10;1;6;3;15;0;4;2;4;2;3;2;1;2;0;3;1;0;2;0;2;3;2;9;2;6;1;1;2;5;2;2;1;14;1;8;1;6;4;2;2;0;1;4;0;3;3;1;2;5;1;0;1;0;1;2;5;0;113;28;3;11;17;;274;45;145;36;24;66;165;19;141;28;0;6;7;8;33;1;0;3;5;2;6;2;2;2;2;7;2;1;9;4;5;0;2;0;5;2;0;1;1;0;3;0;2;0;3;3;0;2;9;0;3;0;2;0;2;3;1;2;4;1;0;0;1;3;1;0;1;1;0;0;4;0;3;0;2;8;0;0;0;1;1;0;1;1;1;0;5;1;0;0;1;0;1;0;1;1;1;0;1;0;2;0;0;1;1;0;0;0;0;0;2;0;0;0;0;0;1;1;1;2;1;0;0;0;0;0;1;4;0;0;0;0;0;1;3;1;0;0;0;1;1;0;0;0;1;0;1;1;0;3;1;0;0;1;0;1;2;0;0;0;0;1;1;0;1;3;1;0;1;5;7;2;4;6;2;6;0;1;0;0;1;0;1;0;0;0;0;1;0;0;0;2;0;0;2;0;3;0;1;0;0;2;1;0;1;1;2;1;0;0;1;1;1;0;0;0;1;1;1;0;0;0;1;0;0;0;0;0;0;4;1;1;1;1;0;2;3;0;1;0;0;0;0;2;0;0;0;0;1;2;1;;
07137000;4;5;2;3;7;1;13;3;5;3;5;6;4;2;2;40;3;4;1;2;1;2;3;2;2;7;16;4;2;3;2;5;1;3;6;2;0;3;3;5;2;0;1;3;0;1;1;1;4;0;6;3;9;2;6;2;1;5;2;2;4;12;1;34;14;17;11;14;4;7;3;11;11;10;16;19;9;13;133;152;10;63;15;43;38;11;15;15;102;2;3;13;9;5;14;8;5;10;6;4;2;7;3;8;12;20;5;2;2;9;6;7;5;17;5;7;11;57;7;35;5;8;7;13;12;15;3;13;19;16;22;12;30;14;4;6;7;4;3;7;4;3;1343;402;65;35;21;328;;974;252;268;447;76;56;23;85;23;10;18;15;9;77;4;6;8;9;4;15;9;7;7;5;6;10;7;28;4;9;4;8;5;6;5;3;8;0;4;3;1;3;1;11;8;7;12;23;4;13;8;2;3;1;11;1;3;12;1;4;3;6;2;4;2;8;4;3;2;4;3;5;7;2;41;0;0;2;3;2;1;2;5;5;4;1;0;2;2;9;4;0;3;4;1;3;2;2;0;2;1;2;2;1;0;2;0;1;0;7;0;1;3;5;0;0;0;0;3;1;1;1;1;1;0;2;0;0;1;2;1;2;7;4;8;1;5;0;1;1;2;0;1;1;0;3;3;3;1;0;2;2;3;2;2;5;3;2;0;6;2;3;1;2;1;1;4;1;5;19;7;4;8;3;5;2;1;0;3;1;0;1;1;5;1;1;2;1;8;1;1;3;3;0;1;3;3;6;0;2;5;3;3;1;3;4;6;4;10;7;1;17;3;1;1;6;3;0;2;2;1;0;0;4;4;2;1;2;7;3;1;0;1;3;1;0;2;1;0;2;0;0;3;1;0;0;2;0;1;1;;
07138000;1;5;1;0;5;1;6;3;4;5;5;2;3;2;1;29;5;1;0;4;3;0;5;1;0;6;16;5;2;0;2;2;2;8;6;3;0;2;1;1;3;2;1;2;0;1;5;2;5;1;11;1;9;4;1;5;0;3;2;1;4;11;1;39;16;19;6;12;3;6;10;5;19;9;18;13;11;14;274;214;13;55;19;60;32;11;38;24;683;2;6;17;8;9;15;9;1;5;6;6;1;12;7;8;23;23;3;4;1;8;6;20;3;20;12;8;8;43;6;20;4;5;10;11;7;11;1;16;11;9;23;10;36;13;5;8;5;2;2;5;6;2;403;191;430;23;18;33;879;;60;127;457;45;17;10;22;13;2;5;5;8;51;2;1;3;5;1;9;7;8;6;1;0;8;2;26;2;21;7;5;2;8;2;5;3;1;2;1;3;4;2;11;6;2;10;18;2;10;2;2;4;1;6;8;1;5;4;2;1;9;7;2;4;3;3;4;2;6;6;0;4;0;30;0;0;4;1;1;2;1;2;4;1;4;1;2;4;8;0;2;4;0;5;1;2;1;2;2;0;0;6;2;1;2;1;0;1;1;0;1;2;2;0;0;3;1;1;4;0;0;4;0;0;2;2;0;0;1;3;0;1;1;8;1;4;1;1;1;2;0;0;3;1;5;7;4;0;0;4;6;0;1;3;8;0;0;1;0;0;1;1;1;2;1;0;1;2;10;4;4;6;5;3;0;0;0;6;1;2;2;0;3;3;0;1;2;5;0;2;3;1;4;0;2;2;2;1;8;3;4;3;3;5;2;7;1;4;4;1;14;2;0;1;1;2;6;5;4;2;4;3;1;2;2;4;1;5;2;1;0;0;0;0;2;0;0;4;0;2;1;2;1;1;0;0;0;1;1;;
07140000;1;3;3;0;3;2;1;1;3;4;3;3;1;0;0;18;1;1;1;3;2;0;1;0;0;3;6;1;2;0;0;0;3;0;1;0;0;0;0;1;0;1;1;1;0;2;1;2;1;2;3;3;3;7;1;1;0;3;1;0;0;3;2;15;6;7;2;6;0;16;1;2;4;2;5;5;4;5;18;39;4;13;6;13;13;3;5;4;26;1;2;7;6;6;9;1;2;1;3;1;1;1;1;7;4;5;3;1;5;4;2;1;2;2;2;4;8;46;4;52;3;6;22;7;8;13;2;11;21;10;10;7;12;9;0;2;4;0;3;5;0;1;288;24;10;174;109;153;174;51;;73;46;43;121;7;12;28;3;18;6;11;148;2;7;3;10;5;29;11;11;3;7;6;7;11;146;6;11;2;5;4;5;1;0;2;1;2;2;1;1;2;10;8;3;9;23;2;14;3;3;0;1;3;2;3;7;0;3;4;8;3;3;3;5;5;4;2;5;4;2;3;1;14;0;0;3;1;2;3;1;3;1;2;1;1;3;0;4;0;0;1;0;4;0;0;1;1;0;1;1;3;1;0;0;0;0;1;1;0;1;1;1;0;3;0;0;1;2;2;0;1;0;0;1;1;1;1;0;0;1;3;2;7;0;1;1;3;0;1;2;0;4;0;2;3;5;0;0;1;2;0;0;0;2;0;1;0;0;1;1;0;2;0;1;5;0;2;14;7;3;4;1;6;0;0;0;2;0;3;1;0;1;0;1;0;1;0;0;0;3;0;5;2;4;1;1;1;1;4;5;0;2;0;3;3;3;1;2;2;3;1;2;1;2;2;1;0;2;1;1;0;1;1;2;0;0;4;1;2;1;0;0;0;3;0;1;1;1;0;0;0;0;1;0;0;0;1;0;;
07141000;2;3;2;0;1;2;3;2;2;2;5;6;2;0;3;19;2;2;0;3;0;4;2;2;3;4;12;1;1;1;0;0;0;1;3;0;0;0;2;0;6;0;2;1;0;0;0;1;2;0;10;2;6;4;1;5;1;5;0;3;4;10;3;19;4;10;4;4;2;2;2;2;8;10;9;5;7;8;28;52;3;22;5;14;9;3;3;11;28;1;7;4;6;2;4;6;1;5;2;2;1;2;3;4;8;9;3;0;4;5;0;4;2;14;3;6;20;77;5;108;7;12;22;25;21;26;3;14;215;12;41;32;582;26;5;8;8;5;1;5;3;2;573;34;23;22;11;25;311;132;95;;432;15;22;8;10;7;3;8;6;11;101;4;2;2;8;22;18;6;7;5;8;2;8;8;40;3;14;3;2;4;1;5;2;4;0;4;1;3;0;0;11;8;5;10;15;2;11;4;1;0;2;5;4;0;6;1;5;0;4;4;0;2;5;1;2;0;2;3;3;3;0;23;0;1;3;1;4;1;0;0;2;3;0;3;2;3;2;0;6;2;1;4;2;1;2;2;0;0;1;1;0;0;2;0;0;2;0;0;0;0;0;0;1;1;1;2;3;0;1;1;0;0;4;0;0;2;0;1;0;2;0;10;1;2;1;0;3;0;1;0;1;1;5;5;3;1;0;1;2;0;1;4;2;0;1;0;0;1;0;2;6;1;1;2;2;4;15;3;0;7;2;4;1;0;1;2;2;1;0;2;1;0;0;3;0;2;0;0;0;0;3;2;4;3;3;2;8;1;4;6;1;2;2;4;1;5;5;3;11;0;2;0;4;3;1;0;0;1;2;0;0;0;3;0;0;5;1;1;1;1;0;0;4;2;0;0;2;0;1;3;0;0;1;0;0;0;0;;
07143000;0;4;3;0;6;1;7;3;4;2;4;6;5;1;3;33;4;1;1;0;2;3;3;3;0;9;14;3;2;8;0;4;2;2;6;4;2;2;1;6;1;2;0;0;3;1;4;4;4;7;17;5;9;5;1;10;5;2;4;3;3;8;4;33;11;27;5;4;1;6;1;6;13;9;13;15;6;16;65;135;11;36;7;24;11;10;23;20;93;1;4;12;6;3;11;6;6;9;7;1;3;4;8;6;12;19;10;5;4;5;8;20;7;123;5;8;24;102;13;64;14;13;23;14;20;29;2;22;34;19;68;143;415;42;4;13;5;7;3;10;5;5;430;39;526;22;16;19;366;434;50;331;;39;31;10;7;17;2;24;8;20;91;2;0;3;8;6;8;5;6;3;13;5;6;8;20;5;24;10;7;2;8;5;2;6;3;7;2;3;6;0;20;12;3;16;22;1;16;4;1;2;6;10;2;4;7;0;3;3;8;8;4;5;4;3;3;2;1;1;7;2;2;33;2;2;2;2;3;2;2;1;3;2;0;3;2;1;10;3;0;5;1;2;0;0;2;0;1;2;1;1;6;0;2;1;0;1;4;0;2;2;3;0;5;4;0;5;1;1;0;2;0;1;3;1;0;0;0;1;0;3;2;8;0;1;2;1;1;3;0;2;2;2;6;7;2;1;1;3;5;1;1;2;3;4;1;1;1;2;1;2;2;0;1;0;0;2;21;2;7;3;3;2;0;0;0;2;2;2;0;2;0;2;1;3;0;5;3;1;0;1;2;1;1;5;5;7;2;4;6;0;5;2;1;3;2;2;2;0;11;3;1;0;1;2;3;1;0;4;3;1;1;1;0;2;0;5;1;2;1;1;0;1;3;3;0;1;1;3;1;0;2;0;2;0;5;0;0;;
07211000;5;8;6;0;2;2;5;3;7;2;6;3;3;3;3;63;7;1;4;2;4;3;1;3;0;8;28;2;2;5;0;2;5;2;1;6;1;3;0;1;0;1;2;1;0;0;7;9;2;4;6;1;4;5;2;2;2;6;2;4;1;17;2;67;13;25;10;14;6;8;7;8;18;11;17;27;8;9;81;164;11;69;26;33;32;15;12;15;55;0;4;22;6;6;8;2;5;14;3;2;1;6;9;7;23;21;9;2;5;7;7;14;8;11;6;9;12;78;10;31;7;7;14;17;4;10;0;11;8;5;18;5;9;11;1;5;7;2;3;1;2;2;92;68;17;35;60;55;104;56;46;33;53;;397;337;78;3484;5;49;15;34;103;17;12;318;10;13;22;19;12;27;29;1102;22;21;31;18;35;8;13;5;12;6;5;6;2;4;1;2;6;4;33;13;2;23;36;3;21;8;4;7;1;16;10;3;11;1;4;5;15;7;3;9;14;2;4;2;5;10;1;1;5;65;2;0;0;0;3;4;1;2;3;5;4;4;4;1;10;1;1;1;1;2;1;0;2;1;0;0;2;1;0;0;0;0;1;2;4;0;0;1;0;0;2;3;0;4;7;0;0;0;0;0;2;1;1;1;0;0;1;5;4;13;1;1;0;1;2;2;0;6;1;1;8;1;1;0;1;0;4;1;1;2;7;1;1;2;1;4;0;0;3;1;3;3;4;2;131;105;31;87;31;51;1;3;1;10;0;1;0;0;0;0;0;0;0;4;0;2;0;0;4;3;1;2;2;4;2;0;6;1;2;3;2;12;1;1;1;4;23;4;0;0;6;4;0;4;1;1;4;1;1;1;2;1;1;4;1;5;0;2;1;1;3;0;0;0;1;1;0;2;0;0;1;1;0;2;0;;
07231000;1;1;4;0;0;2;5;4;3;2;4;1;3;0;2;18;0;3;1;1;1;3;0;0;1;4;8;7;2;2;1;0;1;2;1;1;0;3;0;2;4;3;6;2;0;1;2;1;0;2;7;1;3;0;2;2;2;4;2;2;0;6;3;14;14;11;4;7;1;22;1;1;9;4;10;10;4;16;14;54;5;24;5;19;13;4;3;5;21;1;5;5;2;3;9;8;3;2;1;1;3;5;2;4;10;10;2;3;2;3;4;5;1;4;2;3;9;26;5;17;6;3;8;2;7;8;1;7;6;8;8;2;3;8;0;2;6;2;0;1;4;2;68;18;8;40;99;141;55;31;107;36;20;418;;222;146;424;3;33;14;9;53;0;8;3;4;7;9;5;10;4;16;10;8;7;22;6;13;1;3;1;6;5;2;7;0;2;0;4;2;1;10;7;4;9;19;0;10;3;1;0;4;7;5;1;8;0;2;0;3;9;3;4;5;2;2;3;0;2;0;3;1;20;0;0;1;1;5;1;2;1;1;1;3;0;2;0;4;2;1;2;0;0;2;1;2;0;0;1;0;0;5;1;1;1;0;0;6;0;0;1;0;0;5;0;2;1;0;0;1;1;0;0;1;0;0;0;2;0;0;2;1;5;0;0;0;0;3;2;0;0;3;0;2;1;1;0;1;0;0;0;0;3;4;0;0;0;6;3;0;0;0;1;6;1;2;1;35;34;13;18;9;20;0;0;0;2;2;1;2;3;3;2;0;1;0;1;0;2;1;3;1;0;1;6;1;0;5;1;1;0;1;1;1;6;1;2;1;2;6;1;1;0;6;0;0;0;1;0;0;2;0;0;3;0;0;3;1;0;0;2;0;0;1;1;0;1;1;0;0;0;0;0;0;0;0;0;1;;
07232000;5;1;2;3;2;0;1;0;1;1;1;2;1;1;0;9;0;0;0;2;1;1;1;0;1;3;5;0;0;4;0;2;1;0;1;1;2;0;1;1;3;1;0;2;1;0;2;2;0;1;3;0;3;0;1;1;1;3;2;0;2;3;2;16;5;8;4;4;6;2;1;3;5;3;8;11;3;3;25;75;3;45;7;20;46;5;4;4;17;1;8;2;1;0;3;3;1;3;1;2;0;3;2;3;0;5;2;2;1;1;5;1;2;4;3;2;1;13;5;5;1;2;8;1;2;1;0;3;6;2;7;6;1;4;0;1;4;0;2;0;0;2;42;10;10;4;22;15;23;12;7;10;8;391;210;;206;301;3;19;8;6;31;0;4;1;5;2;3;4;4;3;8;5;3;4;6;1;6;4;4;1;2;3;1;0;3;1;3;0;0;1;4;6;0;10;11;2;7;5;4;1;0;3;3;1;5;0;5;0;0;1;4;2;3;3;0;0;1;1;2;0;2;8;0;0;0;0;0;0;1;0;2;0;3;1;0;1;1;0;1;1;1;1;1;0;3;0;0;0;0;0;2;0;0;0;1;0;1;0;0;0;0;0;0;1;0;0;0;0;0;2;0;2;0;0;1;0;0;1;1;2;0;7;0;0;0;1;1;1;0;0;0;0;2;1;0;0;0;1;0;4;0;0;2;0;0;0;1;0;0;0;1;2;1;0;1;0;13;20;1;10;4;3;0;1;0;1;2;0;0;1;3;1;0;0;2;1;0;0;2;0;2;0;0;3;0;1;2;2;0;4;0;1;2;4;2;4;0;2;9;2;0;1;1;3;1;2;2;0;0;0;1;1;2;1;0;1;0;0;0;0;0;0;3;0;0;0;0;0;0;0;0;1;1;0;3;0;0;;
07233000;0;0;0;0;1;0;4;1;1;0;1;2;0;0;1;5;1;0;1;1;0;0;1;1;1;0;4;3;2;3;3;0;0;1;5;0;0;4;0;0;1;0;0;0;2;0;4;2;1;0;1;0;4;1;1;0;3;1;1;0;0;4;0;19;10;11;4;8;0;0;1;1;6;4;11;12;9;11;34;84;3;29;12;27;117;14;8;8;28;1;1;3;4;3;2;4;0;1;3;0;1;3;1;1;5;9;1;2;1;1;1;1;0;2;1;2;4;13;1;2;2;4;4;3;1;1;0;3;4;5;7;6;5;7;1;0;2;0;3;2;1;0;48;58;4;7;8;147;80;13;12;9;11;104;179;229;;34;2;5;4;6;16;4;0;1;4;0;3;3;2;1;4;5;4;2;8;2;4;0;1;2;1;1;1;2;0;1;0;0;2;0;5;3;1;3;11;0;2;0;1;2;0;2;3;2;3;0;1;0;5;1;0;1;2;0;1;0;0;1;2;1;1;4;0;0;0;0;1;2;2;0;2;1;0;1;1;1;2;1;2;0;0;0;3;2;0;0;0;0;0;2;2;0;2;1;0;0;0;0;0;0;0;1;1;0;0;0;1;0;0;1;0;0;0;1;0;0;0;0;1;0;0;1;0;0;1;0;0;1;0;1;1;0;1;0;0;1;3;2;1;0;0;0;3;0;0;0;0;1;0;2;7;0;1;1;0;1;10;9;5;5;6;5;0;0;0;1;2;2;0;0;0;1;0;1;1;2;0;0;0;1;0;0;1;1;0;0;1;0;2;1;0;0;1;2;0;4;0;0;3;0;0;0;4;0;1;0;2;1;2;0;0;1;0;0;0;1;2;1;0;1;0;1;0;4;1;0;0;0;0;1;0;0;0;1;0;0;0;;
07235000;0;3;4;3;4;1;1;3;2;3;8;2;3;1;4;22;2;3;2;1;3;0;0;2;0;1;7;1;3;3;0;0;1;1;1;1;0;1;0;0;3;2;1;2;0;0;1;2;1;0;5;1;2;4;0;2;3;5;2;2;3;3;0;25;6;9;1;7;3;1;1;0;8;6;6;11;2;10;19;58;2;33;2;14;8;3;3;8;22;0;3;10;4;2;7;3;2;4;0;1;3;0;6;3;4;6;4;1;2;3;3;5;0;3;2;2;6;41;4;15;6;3;6;6;5;4;2;10;5;4;10;0;4;11;4;4;3;2;1;1;0;2;76;65;52;63;72;44;133;69;47;52;79;1854;511;376;56;;19;52;12;61;95;14;14;19;31;16;25;29;15;32;38;119;32;42;63;38;16;8;10;6;7;6;2;2;2;2;1;1;1;2;8;6;2;16;17;0;13;1;0;4;0;13;6;6;6;0;2;1;4;6;6;3;7;2;2;2;3;2;3;4;1;27;1;0;1;1;0;3;0;0;1;3;1;0;1;0;4;1;4;1;2;1;1;1;0;0;0;1;0;1;0;0;1;1;0;0;3;1;1;1;1;4;1;2;0;2;1;1;0;1;0;0;2;1;0;0;3;0;1;1;1;9;0;2;4;1;0;1;0;0;1;0;4;0;0;0;0;0;1;0;0;3;4;1;0;0;0;0;1;0;1;0;0;0;2;4;83;263;24;63;15;89;0;0;1;2;3;0;0;3;1;3;0;1;0;1;0;2;5;1;2;0;1;0;1;1;2;0;0;2;1;2;2;3;1;6;0;1;6;3;1;1;2;3;0;0;1;0;0;3;0;1;0;1;0;2;1;1;1;0;1;1;2;0;0;1;1;1;0;0;0;0;0;0;0;2;0;;
07311000;1;2;0;1;0;0;0;1;0;1;1;0;1;0;0;10;1;1;0;1;0;0;1;0;0;3;6;0;0;0;0;0;1;0;2;2;0;0;1;1;0;1;0;0;0;0;2;0;1;0;1;1;1;0;1;0;0;1;0;1;1;2;0;2;1;1;0;1;0;1;0;0;1;1;2;4;2;2;0;9;2;2;2;4;2;0;1;1;1;0;1;0;3;0;0;1;1;2;4;0;0;0;0;0;1;3;1;0;0;1;2;3;0;4;0;1;3;22;3;10;54;8;8;4;6;2;4;4;4;5;5;1;3;4;0;1;1;1;4;0;0;0;3;0;1;8;11;1;5;1;4;4;5;3;6;1;3;1;;35;12;378;20;27;5;19;103;9;48;251;43;15;16;12;10;456;7;6;9;1;4;1;8;3;5;5;0;1;2;1;5;0;9;9;2;21;151;3;58;0;3;2;0;2;2;0;6;0;2;1;4;1;2;1;6;1;0;2;0;1;2;2;0;7;0;2;0;0;1;0;0;0;0;1;2;0;0;1;2;0;1;3;1;1;0;0;1;0;0;0;2;0;0;0;0;0;0;0;0;0;0;0;2;0;0;1;1;1;0;0;1;0;2;0;0;0;0;0;0;0;1;1;0;3;0;0;3;0;0;0;0;0;0;0;1;1;1;0;1;0;0;1;0;3;0;0;1;0;2;0;0;0;0;0;1;1;0;0;4;1;4;4;3;2;0;0;1;1;0;0;0;0;0;0;1;0;1;1;1;0;1;0;4;0;0;0;1;0;0;0;0;1;0;0;1;1;0;1;0;0;1;0;3;0;2;1;0;0;1;1;1;0;1;0;0;3;0;0;4;0;0;0;0;0;0;0;0;0;0;0;0;0;0;0;0;0;0;3;0;;
07312000;1;4;2;0;1;1;4;2;3;0;2;0;3;4;3;41;5;0;3;2;2;2;0;1;2;14;23;0;1;4;2;0;0;2;3;3;1;2;0;1;0;1;0;0;0;1;3;1;3;0;2;2;2;2;0;2;2;2;4;0;1;15;5;27;11;15;6;8;2;0;2;0;6;1;11;7;3;5;17;42;4;41;7;7;6;3;2;5;13;2;2;8;2;3;4;4;3;6;5;5;0;4;5;3;14;16;11;1;2;8;6;3;0;3;4;1;37;70;15;33;27;16;17;10;13;12;1;16;11;13;21;5;5;11;4;11;5;4;5;4;5;2;23;9;6;51;50;8;18;18;19;7;25;46;16;16;7;32;36;;39;88;72;58;70;15;34;37;48;105;183;41;1526;192;42;64;37;150;54;22;19;1;26;11;12;16;6;5;5;3;9;2;45;29;18;39;114;8;73;3;3;12;5;16;8;4;19;3;5;2;15;7;3;7;12;5;8;3;3;10;4;5;11;80;1;4;2;2;4;3;3;3;6;4;2;1;0;1;15;3;0;3;1;2;1;0;2;2;3;1;1;1;2;0;5;2;0;0;6;3;1;0;0;3;0;1;1;6;5;2;1;1;5;2;2;0;0;1;0;1;0;10;1;16;0;4;3;0;0;3;4;1;3;1;11;4;1;2;0;3;2;1;1;8;11;0;1;2;2;6;3;4;6;4;2;1;1;8;109;16;36;26;78;30;4;5;1;6;4;1;1;1;2;2;0;4;0;2;0;0;1;0;4;1;3;2;4;4;3;0;10;1;3;3;2;13;2;2;0;2;10;3;2;2;7;3;2;2;1;0;1;2;0;0;1;0;1;2;0;9;0;2;0;3;3;0;2;1;0;0;0;5;0;0;0;0;0;0;0;;
07313000;0;2;1;1;1;0;1;2;1;0;4;2;2;0;3;12;2;0;0;1;0;0;0;0;1;2;9;2;1;5;0;1;0;1;2;1;0;2;0;1;3;0;0;0;0;1;4;2;1;0;3;4;1;0;1;0;0;0;1;0;2;3;1;9;4;7;3;5;0;3;3;1;4;4;5;3;4;2;13;23;1;13;4;10;4;2;1;1;9;3;1;10;4;4;4;5;2;2;0;0;1;0;0;2;2;5;2;1;3;1;1;5;2;2;2;3;1;27;4;8;13;2;4;4;5;8;3;6;10;5;5;3;3;9;0;3;1;1;1;2;2;0;20;5;4;20;10;8;16;9;9;6;7;14;9;4;6;10;12;34;;36;41;77;25;28;11;20;7;46;15;177;27;19;930;38;16;81;25;5;9;2;10;6;6;5;0;0;1;1;4;6;113;55;18;22;74;5;39;5;5;12;1;20;3;4;13;1;6;2;7;6;1;8;12;0;6;0;4;4;1;2;1;14;1;1;1;1;0;0;1;1;2;0;3;0;2;0;1;0;0;1;0;1;0;1;1;1;1;0;0;0;2;0;2;2;0;0;1;1;1;0;1;0;0;0;0;1;1;3;0;0;1;0;1;0;0;1;0;0;1;2;3;7;1;1;1;1;0;3;0;0;1;0;4;2;1;0;0;0;2;0;0;1;3;0;1;1;0;1;1;0;2;0;0;1;0;0;43;16;27;28;29;18;0;0;1;3;1;0;0;0;2;2;0;0;0;0;0;0;0;0;1;0;1;0;2;0;1;2;5;0;1;0;0;7;2;3;0;2;13;1;1;0;0;1;0;3;0;0;1;0;0;0;2;0;0;3;0;2;2;0;1;1;0;0;0;0;0;0;0;1;0;0;0;1;0;0;0;;
07314000;1;3;3;3;5;4;5;4;2;1;2;3;1;3;8;35;3;1;0;2;2;0;3;0;1;7;23;2;2;4;1;1;0;1;1;4;1;2;1;1;0;2;0;2;1;1;2;6;1;0;1;4;5;3;1;2;5;3;7;1;1;11;4;24;17;22;5;7;3;5;1;4;9;7;3;12;3;5;14;38;9;24;8;18;7;2;3;4;12;1;5;7;1;3;17;6;2;7;6;2;1;6;0;4;3;19;2;8;6;4;1;6;0;10;1;4;23;82;12;28;236;37;37;12;17;10;10;21;11;9;13;3;11;10;5;10;9;4;1;2;3;3;16;5;3;25;10;6;16;12;10;7;12;26;6;2;7;7;467;73;31;;66;106;17;113;162;7;82;608;82;84;33;21;75;1373;36;25;47;18;19;7;30;16;18;33;6;5;6;6;7;5;59;78;17;120;1347;17;389;12;14;8;1;9;9;5;23;1;12;6;16;16;7;14;12;8;7;7;5;6;8;5;9;51;1;6;1;4;4;3;4;0;4;4;1;2;1;2;6;3;1;1;3;1;2;5;2;2;4;0;6;6;4;1;0;2;3;0;7;0;1;1;2;0;3;3;0;5;3;2;3;2;2;2;0;2;0;4;0;0;1;6;0;14;0;4;2;4;2;4;2;2;2;0;6;8;4;0;1;2;4;3;2;2;5;0;3;0;1;2;2;4;4;2;2;3;2;2;25;6;15;9;12;6;3;6;0;2;1;5;0;0;0;1;4;0;1;3;1;2;2;2;4;1;4;0;7;0;5;3;5;3;4;8;5;8;1;3;5;2;17;3;2;0;5;8;3;3;1;3;0;0;0;0;3;1;2;4;4;4;0;1;2;1;2;1;2;3;0;2;0;2;0;2;0;0;1;1;1;;
07315000;7;17;16;3;3;3;9;9;7;2;6;4;6;2;9;152;17;1;4;4;6;2;4;3;2;34;62;3;7;9;6;0;3;4;6;8;4;9;3;3;1;5;1;1;1;1;14;15;6;2;5;3;11;3;2;2;3;7;2;1;2;35;8;78;20;35;10;12;3;6;1;7;18;11;17;23;7;16;72;161;10;53;11;24;7;10;11;16;38;2;9;48;8;3;12;12;10;16;6;3;3;11;7;12;26;30;8;7;5;9;10;12;5;17;8;4;173;609;71;1190;86;116;491;65;66;233;17;119;250;70;61;30;71;64;12;19;45;11;13;12;16;5;105;24;13;300;53;17;67;37;121;77;71;58;29;18;15;32;14;54;29;51;;21;12;23;61;7;565;56;68;32;37;20;22;51;2315;23;99;15;32;8;40;19;17;20;6;7;5;7;13;7;71;36;14;78;117;8;84;7;5;10;5;65;21;12;22;6;11;2;21;17;6;14;32;3;17;7;11;14;12;5;12;169;5;1;4;4;5;6;5;0;8;6;2;4;3;0;14;3;5;8;3;3;7;3;5;1;1;0;5;2;2;5;3;0;1;2;17;4;4;1;4;2;4;3;1;10;6;3;1;1;1;1;1;0;1;0;1;0;4;16;5;27;0;6;8;4;3;4;1;4;21;3;33;25;3;1;1;4;15;10;3;12;20;1;3;0;0;4;1;3;7;4;3;2;5;4;50;17;11;18;30;17;2;1;3;19;3;3;0;6;1;5;0;3;1;4;0;0;2;1;8;10;5;3;7;2;8;2;12;5;5;2;2;34;1;9;2;6;60;2;3;4;12;15;3;1;3;3;5;1;1;4;1;1;1;17;3;14;0;8;1;6;6;1;2;5;1;0;3;3;0;2;0;3;1;1;0;;
07316000;1;1;0;1;0;2;0;1;0;1;0;2;0;0;0;15;2;0;1;0;0;0;0;0;0;2;6;0;2;1;0;1;1;1;2;2;0;1;0;0;0;0;0;0;0;0;0;1;1;2;2;0;0;0;0;0;0;6;0;0;0;6;0;6;2;3;2;1;1;0;0;1;1;6;3;6;1;0;8;15;2;1;2;5;3;0;2;1;3;0;2;4;0;0;2;3;1;1;0;0;2;0;0;0;0;2;2;2;0;0;0;0;0;0;1;0;9;24;2;9;16;10;7;3;6;1;0;5;5;2;2;2;0;4;0;7;2;0;0;0;0;2;7;1;1;12;3;1;2;2;2;2;3;7;3;0;2;2;12;53;89;82;24;;15;36;11;5;6;488;15;57;33;5;281;120;9;16;15;5;7;7;8;5;5;9;1;2;0;0;2;1;38;14;8;30;97;3;43;4;4;1;1;10;7;1;6;3;4;1;4;3;2;2;5;1;3;2;2;2;0;0;3;17;0;2;0;0;0;0;0;0;3;0;0;0;0;3;3;3;0;1;2;0;0;1;1;0;0;0;0;0;2;1;0;0;1;0;0;0;0;0;0;0;3;0;0;2;1;0;0;0;0;0;0;0;0;0;1;0;2;0;0;4;0;0;1;0;1;1;0;0;3;1;4;0;0;0;1;0;2;1;0;2;5;0;0;0;1;0;1;2;1;1;3;1;1;2;10;3;7;4;5;2;2;0;1;2;1;0;0;1;0;0;2;0;0;2;2;0;0;0;1;0;0;1;4;1;0;1;5;0;0;1;0;6;0;2;0;0;9;1;0;0;0;2;1;0;0;0;1;2;0;0;1;0;1;3;1;1;0;0;0;1;3;0;0;0;0;1;0;0;3;1;0;0;0;0;0;;
07317000;0;1;0;0;0;1;2;0;1;0;0;3;1;0;0;6;1;0;0;0;0;1;0;1;0;2;5;1;1;0;0;0;0;0;0;1;0;0;0;1;0;0;0;1;0;0;2;1;1;1;2;2;1;0;0;2;0;0;0;0;0;1;4;15;5;4;4;1;2;0;2;2;8;6;3;5;1;5;2;3;2;4;0;4;2;1;2;2;2;0;4;1;1;1;11;2;0;2;1;0;0;1;0;0;2;8;5;0;9;1;4;0;2;0;4;3;2;7;0;2;9;7;1;0;4;2;0;2;4;2;3;0;3;2;0;0;5;0;1;0;3;2;7;1;1;10;15;3;5;2;0;6;2;17;2;5;1;11;1;102;21;20;15;6;;9;6;75;6;14;11;15;45;23;37;12;14;634;4;3;2;3;3;0;1;2;0;0;0;1;2;1;11;12;5;9;16;3;7;7;3;2;2;4;1;1;7;1;1;0;5;4;1;4;3;0;3;1;0;0;0;1;0;3;0;0;2;0;0;0;0;0;0;0;2;1;0;0;3;0;0;2;0;0;1;0;3;0;1;0;0;0;2;0;2;0;0;1;3;0;1;0;1;1;1;0;0;1;0;1;0;0;0;0;0;0;0;0;0;0;1;1;2;3;0;1;0;0;0;0;0;0;1;1;5;1;0;0;0;1;2;1;0;0;4;1;1;0;0;2;2;1;2;1;0;0;0;0;49;4;20;10;33;7;1;0;0;0;0;1;0;0;0;0;0;3;0;0;0;0;0;0;0;1;0;2;0;0;3;0;2;0;1;0;3;3;1;1;0;1;3;0;1;0;1;1;0;0;0;1;1;0;0;1;0;0;0;1;0;2;0;1;0;1;1;0;0;0;0;0;0;0;1;2;0;0;0;1;0;;
07318000;2;3;1;0;1;5;0;0;1;2;0;1;0;0;0;16;1;0;0;1;1;0;1;0;0;2;4;1;0;1;0;0;1;0;1;0;0;2;0;1;2;0;1;0;0;1;4;2;2;2;1;3;2;2;0;2;0;0;2;0;0;1;0;6;2;2;0;0;1;0;0;0;2;1;3;0;0;1;6;6;2;4;1;0;0;0;1;1;1;0;1;4;1;0;4;4;0;0;0;5;0;4;1;1;3;7;2;0;1;2;0;0;0;1;1;1;7;23;1;12;25;6;6;2;2;2;0;2;3;3;6;0;4;4;0;1;0;0;1;1;0;1;18;23;25;45;13;5;31;36;41;17;42;8;10;8;6;21;43;38;29;143;103;61;15;;38;5;56;117;22;223;37;27;98;795;67;37;16;3;8;2;9;3;5;7;2;3;2;1;5;5;39;54;8;40;114;2;120;3;3;2;0;10;4;3;9;2;3;2;8;3;4;3;5;0;3;1;1;1;4;3;3;16;0;0;1;0;0;0;0;0;1;2;0;2;0;0;3;0;0;1;0;0;3;1;1;0;2;2;0;0;3;0;0;1;0;0;1;0;0;0;1;1;0;0;0;1;2;0;0;1;0;0;0;0;0;0;0;0;0;1;1;3;0;0;0;0;0;0;0;0;0;0;3;5;1;1;0;0;0;0;4;2;5;1;0;0;1;3;1;0;1;1;2;1;0;1;6;1;0;0;4;0;0;0;0;0;1;1;0;0;0;0;0;0;2;2;0;1;2;0;1;0;0;0;1;0;1;0;1;0;2;1;0;3;2;3;0;0;6;0;1;0;2;0;0;0;0;0;1;0;1;0;1;0;1;0;0;2;2;0;0;0;0;2;0;1;0;0;0;2;0;0;0;0;0;1;0;;
07319000;1;4;2;1;3;1;2;0;3;0;5;1;2;0;2;20;4;1;2;2;4;1;2;0;2;1;6;1;0;3;0;2;0;2;1;1;0;0;0;0;2;0;1;3;0;3;1;0;5;3;4;1;1;0;0;3;0;4;2;1;0;4;0;14;6;7;5;5;0;0;0;3;8;3;3;8;2;3;7;23;1;10;1;11;4;1;3;3;5;4;0;3;4;1;1;2;2;4;2;1;0;5;2;2;5;7;5;2;0;2;1;3;3;6;1;3;24;47;9;36;257;31;44;11;16;9;8;19;11;12;10;5;4;9;3;1;5;1;4;1;1;0;8;4;3;33;6;4;14;1;17;12;9;7;3;1;4;5;89;33;9;142;80;10;7;11;;10;790;134;106;17;14;11;19;140;69;8;23;9;8;2;9;5;5;7;2;5;1;3;0;7;23;22;5;38;166;6;83;5;3;2;1;6;6;2;19;4;4;3;6;9;3;2;3;2;2;4;0;3;5;3;2;20;1;0;0;4;1;0;1;1;2;4;3;2;1;0;8;1;3;3;1;0;0;1;0;0;2;0;2;2;0;0;0;1;1;0;3;0;2;1;2;1;1;0;0;1;2;0;2;2;1;0;2;1;0;0;0;1;0;0;3;6;0;3;1;0;1;0;0;0;2;2;3;6;0;1;1;2;4;3;0;2;4;1;0;0;0;0;0;3;2;4;2;1;1;4;15;3;5;3;12;4;0;2;0;0;3;0;0;0;0;0;0;0;1;0;0;0;0;3;1;1;0;1;8;0;2;0;7;3;1;0;1;6;0;7;0;1;5;3;0;1;4;0;0;1;0;2;0;1;2;0;1;0;1;2;0;2;0;2;0;0;1;0;0;1;2;0;0;2;0;0;1;0;0;0;0;;
07320000;0;0;3;0;1;0;0;0;1;0;1;0;1;4;0;6;0;1;1;1;0;0;0;0;0;0;1;1;1;2;0;0;0;0;0;0;0;0;0;2;0;0;2;1;0;0;0;1;0;0;1;2;0;0;0;0;1;1;1;0;0;2;0;3;2;1;0;0;2;0;0;1;0;1;3;1;1;2;5;6;2;4;1;4;2;2;0;2;3;1;1;2;0;0;3;0;1;0;0;0;0;4;0;3;9;0;2;0;0;3;1;2;0;2;0;0;3;12;1;7;2;3;1;4;2;2;1;5;2;0;1;0;1;3;0;0;0;1;1;0;0;0;6;1;1;7;12;3;9;3;3;9;1;12;5;3;1;11;7;45;20;8;15;4;80;1;2;;11;8;7;11;39;31;11;3;4;382;8;2;2;2;4;0;0;5;2;0;0;4;1;1;10;8;2;6;11;1;5;3;2;1;2;2;3;0;2;0;2;0;1;0;0;0;1;2;2;1;1;0;3;0;0;5;0;0;1;0;0;0;0;3;0;2;0;0;1;2;0;0;3;0;1;0;1;0;0;0;0;0;0;0;0;0;1;0;0;0;1;0;1;0;2;0;0;1;1;0;1;1;1;2;0;1;0;0;0;1;0;0;0;1;0;3;0;0;1;0;0;1;0;2;0;0;2;1;4;0;0;0;0;1;0;0;3;0;1;0;0;2;0;0;0;0;1;1;0;4;85;12;42;18;223;10;0;1;1;0;0;0;0;1;0;0;0;0;0;0;0;0;0;1;0;0;1;3;0;1;2;0;2;0;0;1;0;1;0;0;2;2;1;0;2;0;5;0;3;0;1;1;0;1;0;0;0;0;0;1;0;0;0;0;0;0;0;0;1;3;0;0;0;0;0;0;0;1;1;1;1;;
07331000;0;3;0;0;2;2;1;5;2;1;0;1;0;2;6;18;2;1;1;0;2;1;0;1;1;5;10;0;0;4;1;4;3;3;4;1;2;2;3;1;0;1;0;1;3;0;0;2;0;2;10;3;3;3;1;5;0;3;0;0;1;5;0;9;4;3;3;4;1;2;2;2;1;4;1;5;2;1;11;19;5;11;0;7;2;2;5;1;11;0;1;7;5;0;1;8;1;3;1;1;2;1;2;3;6;5;0;2;2;5;2;6;1;3;4;3;27;60;10;109;70;32;66;9;14;32;8;15;33;11;19;5;9;9;1;3;2;1;3;2;1;3;22;3;7;369;28;6;16;7;34;18;13;10;14;3;4;7;40;52;20;71;412;9;8;9;575;15;;93;334;15;26;21;12;52;594;10;14;3;2;1;6;5;1;11;2;1;2;0;3;2;14;18;8;22;100;6;41;4;3;5;1;8;5;7;2;0;7;2;9;7;1;3;5;3;2;4;2;4;1;4;4;14;3;1;2;0;0;0;1;1;4;2;0;2;0;0;6;1;1;1;0;2;1;0;1;0;1;2;1;1;1;0;0;0;3;0;2;1;2;0;0;0;3;0;0;0;3;1;2;1;1;1;0;2;2;0;1;1;0;4;0;7;0;1;1;0;0;1;1;1;3;1;3;8;6;2;2;0;2;1;1;1;5;0;2;0;2;0;1;1;4;0;1;0;0;6;10;1;1;6;8;2;2;1;0;2;1;2;0;0;0;3;2;0;0;1;1;0;1;2;2;4;2;2;0;0;4;1;1;2;7;1;1;3;0;3;1;0;4;0;3;0;0;0;0;0;0;0;2;4;0;1;3;1;3;2;0;2;0;1;1;0;3;0;0;3;1;0;0;1;3;1;3;2;1;2;0;;
07332000;1;1;4;1;4;0;8;3;1;1;2;4;3;1;1;24;2;1;0;2;2;1;2;1;0;5;10;2;0;1;0;0;0;2;0;3;0;1;2;1;2;2;1;0;1;2;1;2;1;4;3;0;2;1;1;4;2;5;1;0;1;10;1;15;12;5;2;5;3;0;1;1;4;2;4;3;0;4;7;25;2;11;7;7;8;1;5;0;7;0;0;6;6;2;4;4;0;3;1;0;4;4;5;2;1;4;3;1;0;2;0;4;0;1;0;0;22;51;7;24;53;11;13;8;9;8;5;7;14;4;10;5;3;7;5;3;6;4;3;3;1;2;9;8;2;25;8;3;10;5;8;10;7;15;8;6;4;8;161;131;67;327;77;508;22;68;97;10;100;;339;44;109;24;130;478;22;38;27;8;10;3;9;7;6;11;4;4;1;2;5;2;47;31;9;52;256;5;107;7;1;5;8;20;4;3;14;0;6;0;11;3;6;4;10;1;4;3;3;3;4;0;3;37;0;1;0;1;0;0;1;0;4;2;3;0;1;1;6;0;1;0;4;4;0;1;1;0;0;0;1;2;1;1;1;2;1;0;4;0;1;2;0;0;2;0;0;4;6;1;0;0;1;1;0;0;0;1;1;0;1;5;3;7;0;5;0;0;1;1;2;0;6;1;7;2;3;0;0;0;1;0;1;1;5;0;3;1;0;2;0;4;1;3;5;0;2;12;18;4;7;6;12;4;1;3;0;1;3;1;0;1;1;3;0;2;0;2;0;0;0;0;0;1;2;0;3;1;0;0;4;1;4;2;5;4;0;1;2;3;11;2;1;0;3;2;0;1;0;2;4;1;1;1;4;1;1;7;2;2;0;1;1;0;2;0;1;0;2;0;0;0;0;1;0;0;0;0;1;;
07333000;0;0;0;0;1;4;0;1;0;0;2;1;0;0;4;5;1;0;1;0;0;0;4;0;0;1;4;0;1;1;0;3;0;0;1;1;0;0;1;2;1;2;0;0;0;0;1;0;2;0;2;0;1;0;1;3;0;0;0;0;0;4;2;8;6;7;1;4;1;1;1;2;2;0;2;3;2;4;7;8;2;8;1;0;2;0;0;1;5;1;0;2;2;0;2;2;1;1;2;0;0;1;2;0;2;4;2;2;3;1;5;2;0;7;0;1;9;25;4;25;23;7;13;4;7;4;3;5;8;7;4;4;7;4;1;1;2;6;1;4;2;3;12;2;1;167;18;2;12;9;17;7;8;11;2;5;4;8;32;244;16;67;74;15;15;11;58;10;234;257;;9;171;49;14;36;53;22;8;2;1;2;1;3;2;6;2;4;0;1;3;3;10;10;2;13;69;4;27;3;4;1;0;3;2;1;4;0;2;0;1;2;2;4;6;0;0;2;0;2;1;2;3;16;0;0;1;5;0;0;1;0;2;0;0;0;0;1;3;0;0;3;0;0;0;1;0;0;1;0;0;1;0;1;0;1;1;0;1;0;0;0;2;0;0;0;0;1;0;0;1;0;3;2;0;0;0;2;0;1;2;0;1;5;0;1;1;0;2;0;0;0;1;0;4;5;4;0;1;0;2;0;0;1;0;2;2;0;2;0;0;0;0;0;3;2;1;6;10;3;8;1;13;3;0;1;1;0;0;0;0;0;0;0;0;1;0;0;1;0;0;0;1;0;1;2;2;1;1;1;2;2;0;0;0;4;2;4;0;0;8;0;0;0;1;1;0;1;0;0;0;0;1;0;0;0;1;3;0;0;0;0;1;0;0;0;0;1;1;0;0;1;0;1;1;0;0;0;2;;
07334000;0;5;3;1;0;0;5;0;1;1;0;3;5;1;0;21;2;0;2;3;3;1;2;0;1;6;7;3;0;1;1;0;7;0;3;3;0;1;1;1;2;0;0;0;1;0;3;1;2;2;4;6;6;0;1;3;1;2;1;0;3;6;0;13;8;13;2;7;1;5;0;1;4;1;4;6;1;2;4;19;2;9;0;6;1;2;2;2;5;1;2;2;4;2;6;1;5;0;1;0;0;3;1;0;6;2;2;0;0;1;3;2;0;1;1;4;11;34;9;15;18;9;9;4;9;6;1;5;5;11;8;3;7;8;4;7;4;0;3;3;3;2;7;4;4;10;12;4;7;6;5;6;4;19;12;2;4;6;21;43;266;78;40;79;26;148;12;11;20;68;14;;17;10;670;169;7;52;48;19;21;6;24;8;7;13;7;4;5;5;6;15;415;347;73;45;95;9;88;28;14;31;7;20;8;7;33;1;10;4;11;10;5;5;10;5;6;1;2;6;8;6;1;31;1;2;1;1;0;1;1;1;2;2;0;0;2;1;4;2;2;4;2;3;1;0;1;0;0;0;3;1;4;0;0;1;1;1;1;2;0;2;0;3;2;0;1;3;2;0;0;1;0;0;1;1;0;0;2;0;1;1;2;4;0;1;3;0;0;0;1;1;3;2;2;2;2;0;1;2;1;0;0;3;6;0;2;3;1;2;1;3;7;3;0;1;1;2;16;1;5;6;6;3;0;3;0;1;2;1;4;0;0;0;3;0;0;1;1;1;0;1;0;0;3;1;2;1;1;0;0;1;4;0;2;8;3;3;0;0;9;0;1;0;1;3;0;0;2;4;0;0;1;1;0;0;0;4;2;1;0;1;1;0;3;0;0;2;1;0;0;1;1;0;0;0;0;0;2;;
07335000;1;2;1;1;0;3;5;1;1;2;0;3;0;1;2;14;2;0;5;1;0;1;0;1;0;3;3;1;0;3;3;0;3;2;2;1;1;1;0;1;2;1;0;1;1;0;0;0;0;0;2;4;9;1;2;0;0;0;0;0;2;2;2;8;4;7;0;2;2;1;0;1;1;3;2;2;0;5;5;16;1;8;2;6;2;3;0;2;4;1;0;3;2;1;4;0;1;0;5;3;0;6;2;2;0;1;2;1;3;0;0;2;0;4;3;5;3;38;3;22;19;8;7;3;1;8;2;9;3;3;8;0;3;4;1;2;2;0;1;2;0;0;15;4;3;34;28;4;5;3;8;7;11;28;8;12;6;16;15;1360;31;25;48;36;38;10;11;39;27;72;207;16;;413;17;24;19;223;14;7;6;1;7;5;3;5;0;2;1;1;2;4;14;11;1;19;55;4;24;1;3;2;1;9;1;2;7;4;6;0;1;2;2;2;7;4;4;1;0;2;3;5;1;16;0;0;1;2;0;0;2;0;1;0;1;1;1;1;3;0;0;2;1;0;0;3;0;0;0;0;0;0;1;0;0;1;1;0;1;0;1;0;0;3;1;2;2;0;4;0;0;0;0;1;0;0;0;0;1;0;2;3;1;5;0;2;2;0;0;0;0;1;2;2;5;5;1;0;0;0;1;0;2;2;5;0;2;0;0;3;0;2;3;4;0;1;1;3;67;10;39;18;97;15;0;0;1;2;0;0;0;0;0;1;0;0;2;5;0;1;1;3;1;1;1;3;0;2;1;2;0;0;0;1;2;4;1;1;0;0;7;0;1;1;0;3;1;1;1;1;0;0;1;0;3;1;1;1;0;1;0;1;0;0;1;0;0;1;0;0;0;1;0;0;2;0;0;0;0;;
07336000;0;1;0;0;1;0;3;1;0;1;1;0;1;0;2;4;0;1;0;0;1;0;0;1;1;3;2;1;1;1;0;3;1;2;3;0;0;1;0;0;3;0;0;0;0;0;0;0;0;0;0;2;1;0;1;0;0;0;0;0;3;3;1;3;2;2;1;1;2;0;1;1;2;1;0;2;0;1;4;14;0;4;1;3;1;2;1;0;2;0;5;3;6;1;1;2;1;3;1;0;4;2;1;1;1;2;0;3;0;1;1;0;1;0;0;1;5;19;6;6;6;5;4;1;6;1;1;3;7;3;6;4;0;4;3;1;0;1;2;1;0;2;32;42;38;170;124;15;76;59;34;31;53;21;34;21;8;46;13;253;16;61;80;17;33;8;30;43;36;59;65;31;408;;33;26;52;82;7;1;3;1;3;2;3;4;0;0;0;0;2;1;8;6;3;5;20;4;20;2;1;1;1;5;3;0;6;0;0;1;1;4;0;2;4;1;1;0;0;3;3;0;0;7;0;0;0;1;1;1;0;0;1;2;2;0;0;0;1;0;0;0;1;1;1;0;0;1;1;3;1;0;1;0;0;2;0;0;3;0;2;0;0;2;1;0;0;2;0;0;1;2;0;0;0;0;0;0;0;0;0;0;1;1;0;0;0;0;0;0;0;1;1;0;1;1;3;1;1;0;1;1;0;1;3;0;1;1;0;0;0;1;0;2;2;0;2;0;83;13;84;22;210;91;0;0;0;0;0;0;0;0;0;1;0;1;0;0;0;0;0;0;0;1;0;1;2;0;0;0;0;1;0;0;2;1;0;0;0;2;3;1;0;1;2;1;0;0;1;2;0;0;0;0;0;0;0;1;2;0;0;3;0;0;1;0;0;1;0;0;0;1;0;0;0;0;1;1;0;;
07337000;1;2;2;1;1;1;3;1;1;0;1;2;1;0;0;17;2;0;0;1;1;0;5;4;0;3;7;1;0;1;1;0;3;1;1;0;1;0;4;0;2;1;3;0;0;1;4;4;1;2;0;0;2;1;0;0;2;1;0;1;1;6;1;6;2;6;2;2;1;2;3;3;6;3;3;4;0;5;5;20;0;10;0;2;1;1;2;3;7;0;2;4;4;1;1;0;1;1;3;1;1;3;2;3;2;4;0;2;2;0;2;3;0;5;0;0;8;39;3;7;10;6;3;4;7;1;4;10;5;7;10;3;0;6;1;3;3;2;2;2;1;3;11;5;3;6;11;4;13;5;4;7;7;16;4;5;2;4;10;52;927;41;38;269;44;43;11;13;9;140;12;512;21;12;;83;8;247;25;10;8;2;8;5;7;8;6;4;2;5;1;7;138;82;27;32;83;2;57;8;8;11;3;20;5;6;21;0;2;2;6;6;1;7;12;5;3;2;1;6;6;3;1;22;2;3;1;1;0;1;2;0;3;1;1;1;0;1;3;1;2;3;0;1;2;1;2;3;1;1;1;0;4;0;1;0;1;0;1;0;0;1;0;0;0;0;0;5;3;0;0;2;0;1;0;3;0;0;1;0;1;1;0;4;0;3;0;2;2;0;1;0;0;1;5;1;4;2;0;0;1;0;2;1;2;0;0;0;0;3;0;0;2;3;1;1;1;3;18;4;6;5;15;0;1;0;0;2;0;0;0;0;1;1;1;0;1;2;0;0;1;0;2;1;1;0;1;0;0;1;1;2;1;1;0;7;1;2;0;1;6;0;0;0;0;1;0;1;0;1;0;0;0;0;1;0;2;4;0;1;0;1;0;0;0;0;2;1;0;0;1;1;0;0;1;2;0;4;0;;
07338000;1;3;2;1;2;1;3;1;1;0;6;0;2;0;1;22;2;0;1;2;3;1;3;0;1;7;16;1;0;4;1;1;0;4;4;1;1;0;0;1;0;1;4;0;0;0;1;5;3;0;6;1;2;1;3;1;7;2;0;2;2;6;1;10;4;3;3;4;2;2;0;1;3;3;5;3;2;2;12;25;3;11;2;4;4;1;2;3;8;0;1;6;3;2;9;3;2;0;1;5;0;5;5;2;5;4;0;3;3;4;2;5;0;7;1;3;18;43;3;18;97;13;16;4;13;7;7;17;9;8;11;4;5;12;1;4;2;3;0;2;3;3;9;3;8;18;25;2;10;3;10;4;6;10;8;1;1;6;383;63;54;989;57;151;14;576;157;5;73;651;70;176;36;12;114;;25;34;31;8;12;2;13;4;7;9;5;3;3;2;1;4;67;62;6;86;443;9;225;8;5;10;5;15;6;6;10;4;3;4;16;6;2;5;8;4;0;4;5;12;8;4;1;36;1;2;1;6;2;1;0;0;1;1;0;1;4;2;7;0;1;6;0;0;1;2;1;0;2;2;1;0;3;0;1;0;1;0;1;0;1;0;3;0;2;1;0;1;3;0;0;2;2;0;1;0;1;0;0;0;0;4;1;5;0;2;1;2;0;0;1;0;0;2;8;2;0;3;0;3;2;2;1;2;3;0;1;0;2;1;1;1;5;0;6;1;0;5;17;8;4;10;7;2;1;1;0;5;1;2;0;2;0;1;1;2;0;3;1;0;1;1;4;0;1;0;3;1;4;1;2;1;2;1;0;5;0;8;3;1;11;4;2;5;5;2;0;0;0;0;3;0;2;0;0;0;0;3;0;3;0;2;0;3;1;0;0;2;0;0;0;0;0;0;0;0;0;0;0;;
07339000;4;7;5;2;5;2;9;6;6;1;3;5;2;3;4;36;3;0;3;0;5;3;4;0;0;10;17;2;4;3;0;1;3;6;8;9;0;3;2;4;4;8;1;1;0;0;2;5;2;0;7;3;6;0;6;9;1;1;1;1;0;15;0;22;9;8;3;6;2;4;1;2;2;2;15;10;4;6;20;52;3;19;8;14;3;5;6;7;16;1;4;13;2;1;12;2;4;5;8;5;2;1;5;5;8;13;7;2;5;7;3;8;1;14;6;6;60;154;29;411;32;51;223;31;38;96;9;44;142;27;36;11;25;23;9;7;14;8;3;5;5;4;60;18;11;946;49;15;58;28;240;45;35;25;19;7;3;27;11;43;18;48;1776;11;8;332;70;7;812;26;69;15;26;14;28;28;;16;28;11;12;5;11;6;10;6;3;2;5;5;5;3;17;12;4;35;58;6;36;6;3;1;4;25;9;4;14;3;4;4;14;5;2;8;12;5;5;5;12;9;11;1;4;46;0;3;2;2;2;1;1;4;7;6;4;3;2;2;8;0;2;5;3;4;0;4;3;2;1;1;2;4;2;0;3;3;1;1;5;0;1;1;1;1;2;1;0;5;6;2;1;1;1;0;1;5;0;0;0;1;1;6;2;12;0;4;1;2;4;0;2;4;8;0;11;5;5;0;1;5;4;3;1;4;6;2;2;1;5;2;4;0;3;4;2;8;0;5;18;7;3;8;8;4;0;1;0;5;2;6;2;5;1;0;3;1;2;3;1;1;1;0;8;5;3;4;4;3;5;2;8;3;1;2;3;12;1;6;0;2;21;1;2;2;8;7;2;2;0;1;1;0;3;2;3;2;1;11;1;5;0;3;1;3;6;0;1;1;2;0;0;3;0;3;2;1;0;0;0;;
07340000;0;0;1;0;0;1;2;0;0;1;0;2;2;0;0;15;0;4;0;2;0;0;1;0;0;3;1;3;3;2;1;4;1;0;0;1;0;0;0;1;0;0;1;0;0;2;0;1;3;5;0;1;0;1;0;0;2;2;0;2;1;1;0;5;4;3;2;0;1;3;0;0;4;1;2;3;0;4;4;5;0;7;1;7;4;3;0;2;6;0;1;2;0;2;4;2;1;0;2;0;1;1;0;2;1;2;4;0;0;0;2;2;0;1;0;0;3;14;1;10;2;1;3;7;6;4;2;4;4;2;4;2;0;1;1;1;1;3;1;0;0;0;9;3;2;7;14;2;7;4;5;4;4;20;7;6;1;7;3;151;72;21;41;18;697;7;9;365;12;21;18;31;184;67;149;16;7;;19;5;4;2;8;2;0;6;1;0;0;1;3;1;30;21;7;15;27;2;19;1;4;3;1;7;8;1;7;0;3;2;6;9;3;2;6;0;0;0;3;2;3;1;0;14;1;1;1;4;0;0;0;2;1;0;0;2;0;0;3;0;1;4;0;1;1;0;0;0;0;0;1;0;1;1;0;0;0;1;0;0;0;0;1;0;1;1;0;1;0;0;0;0;1;0;0;0;0;0;0;0;1;0;1;2;0;3;1;0;1;0;0;1;2;0;2;0;0;0;3;1;4;1;1;1;2;0;1;0;0;1;1;2;2;5;0;1;0;1;71;5;35;16;166;7;0;0;2;1;0;0;0;1;0;0;1;0;0;0;1;0;0;1;0;1;0;0;0;0;3;1;2;1;1;0;0;2;1;1;0;1;7;2;2;0;0;2;0;0;0;1;2;0;0;0;0;0;0;1;0;1;1;0;0;1;0;0;1;0;3;0;0;1;1;0;2;0;0;2;1;;
08111000;15;29;21;2;18;9;17;13;25;7;22;11;11;5;24;487;48;7;21;6;11;7;7;9;20;41;123;9;12;40;6;7;10;10;8;10;2;17;7;7;7;12;5;12;6;7;16;20;12;5;14;7;16;6;3;13;9;19;3;1;6;83;14;179;38;58;19;16;13;11;5;6;32;17;34;47;9;19;83;251;13;109;17;36;12;9;15;20;50;2;13;58;23;5;29;24;14;38;25;15;10;20;14;16;42;57;20;12;6;20;12;19;8;22;19;15;85;358;59;55;49;39;42;38;49;38;11;64;26;35;42;18;18;38;9;35;38;7;13;17;9;25;30;13;4;19;9;7;24;7;11;17;17;19;15;6;2;18;9;33;22;46;76;23;8;11;17;4;9;22;10;39;12;7;37;25;27;12;;2630;4431;584;4469;3177;207;407;100;216;76;88;481;45;367;230;106;181;226;90;184;211;371;388;167;217;117;67;199;156;172;99;369;85;82;597;724;232;201;153;143;255;256;114;47;903;12;5;14;16;25;22;23;15;48;35;36;24;20;4;119;8;26;27;30;25;16;16;18;5;15;5;12;11;18;2;6;6;1;5;36;6;9;3;18;8;14;10;3;23;27;7;6;17;9;10;10;8;8;4;4;7;10;41;19;152;7;46;17;12;17;12;8;10;15;12;87;26;20;11;9;18;21;19;13;35;89;7;23;14;14;37;19;43;102;48;31;27;29;69;68;9;16;17;20;7;5;13;6;27;9;11;4;11;12;12;5;9;1;16;2;5;6;1;24;10;8;12;13;9;11;4;37;14;18;16;15;108;14;19;13;9;133;11;7;4;33;30;0;6;3;7;8;3;9;8;10;3;10;32;7;30;0;16;4;4;14;7;2;7;5;5;4;18;6;3;6;1;1;7;3;;
08115000;5;10;9;0;2;2;13;6;7;3;5;10;7;6;12;82;13;7;8;6;5;2;5;9;6;9;36;7;11;9;3;6;7;11;7;11;2;4;1;8;5;5;3;6;3;4;6;3;0;2;12;1;11;8;3;12;2;5;4;7;1;36;7;31;15;18;5;8;6;8;4;5;18;10;17;21;6;11;32;64;3;35;6;18;4;10;11;9;13;3;8;15;7;4;18;10;4;10;7;8;7;11;8;9;12;22;5;6;4;5;7;11;2;11;11;9;21;81;10;30;17;12;16;11;17;13;4;24;9;11;22;10;12;13;5;15;14;2;2;3;3;2;5;4;2;8;1;3;8;5;0;10;5;6;5;2;1;1;0;14;5;18;26;6;3;5;7;6;11;15;6;18;11;3;12;9;10;2;1879;;825;150;1039;321;69;148;27;57;27;29;120;18;163;118;43;67;79;22;80;210;1384;515;307;71;28;25;75;114;72;62;171;30;20;322;921;153;55;55;33;85;63;44;20;222;2;7;10;10;9;15;15;5;16;17;6;9;4;3;43;5;9;15;9;6;6;3;8;6;5;8;9;6;9;3;2;4;4;3;11;4;6;4;7;2;6;5;2;8;10;5;1;1;1;4;3;6;3;3;2;2;3;14;7;40;1;14;9;7;10;4;9;1;4;4;24;12;5;7;4;3;8;5;10;20;30;2;10;3;3;15;8;16;38;17;9;13;8;31;19;1;11;12;6;10;1;6;0;7;5;5;5;6;3;10;3;5;3;8;0;5;6;4;7;7;16;2;8;6;3;2;13;4;11;6;8;36;7;21;10;10;43;8;5;3;8;12;2;4;2;4;3;2;3;5;4;1;1;9;3;8;2;2;1;3;2;0;2;4;4;0;0;5;1;3;4;1;1;7;1;;
08116000;2;14;17;2;9;7;11;10;16;7;12;11;9;4;11;129;16;3;9;6;4;5;5;3;3;24;43;4;4;11;2;4;5;4;9;14;1;2;1;9;7;12;2;6;1;2;9;6;8;5;9;3;11;4;3;8;3;18;5;5;4;23;7;37;23;25;9;16;7;5;4;6;14;6;21;16;10;13;26;81;6;50;14;22;12;8;8;18;24;9;8;13;7;7;11;8;6;15;11;6;6;11;7;10;12;29;9;5;7;14;5;17;11;8;5;11;31;114;18;25;25;22;32;9;22;21;8;23;14;19;23;11;6;17;2;21;16;5;7;5;8;8;13;4;4;9;4;2;11;8;8;5;11;14;6;3;4;4;5;18;16;24;35;6;3;6;12;2;5;12;4;23;7;4;9;8;14;5;3306;924;;1656;774;966;93;154;51;119;36;57;290;22;156;109;54;97;91;48;93;80;182;137;103;107;71;20;89;67;103;51;233;49;42;1358;593;159;116;173;88;134;107;71;18;260;5;7;10;13;13;14;7;10;33;20;15;5;5;8;43;5;10;18;17;5;9;10;8;0;5;6;4;9;18;2;7;2;6;1;21;3;2;4;9;1;11;3;5;11;25;1;5;5;1;5;6;8;4;3;3;8;9;18;9;75;4;23;12;5;20;6;5;13;5;6;28;12;8;10;6;4;5;7;7;12;49;4;21;9;14;17;10;27;67;31;20;23;14;38;23;4;4;14;6;10;5;3;1;10;6;7;2;4;9;5;10;4;3;10;1;9;11;6;12;5;9;4;12;7;11;2;15;10;9;10;14;52;14;17;7;11;55;17;14;3;19;17;2;2;5;7;7;2;3;7;4;6;4;14;8;11;4;4;2;4;6;2;1;6;3;2;4;8;5;6;1;1;5;0;3;;
08117000;0;4;7;5;4;3;12;2;7;1;3;3;4;1;3;35;4;4;1;3;3;2;2;0;0;4;20;4;6;4;0;1;2;2;2;1;0;2;2;0;3;3;2;1;3;0;4;1;3;2;1;1;4;1;1;2;0;3;4;2;3;7;1;17;5;9;3;1;4;5;4;4;4;6;7;6;6;4;6;29;3;9;6;5;3;6;6;2;6;4;3;4;9;1;13;7;6;5;2;8;0;7;5;2;5;17;0;1;8;5;1;7;2;4;3;6;5;43;5;11;13;5;9;5;11;5;3;8;7;10;10;4;4;3;1;3;7;2;2;0;8;1;5;1;1;4;4;1;8;4;4;9;4;8;4;1;0;5;0;3;5;13;9;3;2;2;3;0;1;4;2;4;0;2;6;3;2;2;525;115;1032;;162;293;28;46;19;44;12;168;396;8;54;43;20;32;36;9;42;22;41;37;18;32;24;14;27;15;26;16;88;17;18;130;142;35;150;319;47;50;54;22;5;112;4;1;7;7;6;3;7;3;13;9;6;5;5;8;19;3;2;11;8;6;6;5;7;0;6;3;4;3;6;3;2;2;3;0;7;3;0;5;8;1;5;3;1;5;8;1;2;2;0;1;2;5;4;1;1;0;1;6;6;19;1;13;5;2;5;7;5;7;3;5;15;2;1;2;3;5;4;6;2;8;30;2;12;2;5;10;14;16;92;11;17;15;11;23;3;1;3;7;9;1;0;4;1;4;1;2;1;2;1;0;4;2;0;3;2;1;2;0;3;0;1;5;9;2;5;1;2;2;7;3;5;13;11;3;4;1;13;3;3;4;2;2;2;2;3;6;5;0;2;3;5;1;5;3;0;0;2;1;2;0;4;3;0;0;0;0;1;1;2;2;4;1;0;2;0;;
08118000;4;10;18;4;10;9;15;12;14;3;10;13;17;2;12;114;17;9;6;13;6;9;7;3;4;22;45;9;8;16;3;3;2;8;16;14;4;10;2;7;9;9;3;2;0;7;8;9;5;5;20;4;15;6;4;5;7;8;7;6;6;35;4;35;19;28;10;4;9;5;6;7;15;10;16;17;13;18;28;81;11;37;7;29;10;5;16;9;21;1;14;16;12;4;17;10;10;16;15;7;1;14;16;11;20;32;10;13;5;11;6;18;6;13;15;8;19;97;16;30;32;23;22;15;32;18;13;29;13;13;33;11;12;32;6;16;15;5;12;13;7;8;8;4;5;12;9;4;7;4;9;7;13;13;8;3;4;7;6;20;14;28;35;6;4;7;15;0;13;8;7;22;8;8;18;15;13;9;3160;1169;747;163;;1447;334;1401;152;174;51;50;208;26;253;211;70;127;118;124;177;187;213;738;81;108;60;23;92;58;86;51;174;34;33;213;299;90;85;56;38;106;103;58;24;224;6;7;13;10;10;10;9;8;24;18;8;9;11;7;51;7;8;22;15;11;9;5;5;3;5;9;6;9;7;1;6;1;3;2;18;3;5;3;2;5;8;4;1;12;16;10;2;8;4;6;11;6;1;3;5;3;7;23;14;55;2;29;7;5;9;4;9;6;12;4;51;14;14;11;9;12;14;13;9;16;40;5;18;4;8;19;10;19;42;29;17;16;9;43;36;6;4;8;12;7;2;5;3;14;6;7;8;7;6;4;6;6;1;8;5;3;6;4;5;1;9;7;18;7;11;2;16;17;12;16;20;42;14;22;11;9;63;14;13;2;15;14;5;3;2;12;6;6;5;7;3;5;9;18;9;10;3;8;6;6;7;6;4;11;7;5;3;6;5;2;11;2;4;3;1;;
08119000;5;13;5;0;6;2;7;14;9;7;8;8;3;1;9;79;6;2;8;2;8;1;3;1;3;14;37;2;3;7;4;5;2;10;6;4;0;7;3;4;4;9;1;1;0;2;2;8;7;4;9;3;8;2;4;5;1;8;0;3;4;17;4;23;15;17;3;7;3;9;2;11;7;9;6;6;3;10;9;54;6;26;4;9;8;5;4;8;17;2;10;13;9;2;12;8;3;9;14;5;3;16;9;11;12;20;9;2;5;4;4;15;1;18;6;11;13;65;9;19;18;18;10;11;13;9;6;11;7;15;13;10;7;13;6;10;6;5;0;2;6;8;12;4;1;12;4;2;12;9;3;10;5;11;7;4;2;5;2;18;4;26;22;3;6;5;2;5;5;4;3;12;4;2;10;13;6;12;2102;336;892;341;1218;;108;299;78;375;34;46;841;13;114;72;28;60;72;54;85;51;78;90;46;77;33;13;48;39;42;24;132;28;25;144;197;70;66;52;36;65;76;33;11;158;3;8;8;7;8;7;6;1;13;17;6;5;9;4;28;0;3;11;7;10;9;6;4;4;2;3;5;3;13;3;2;5;4;1;13;2;4;8;4;5;7;5;1;9;13;0;2;3;4;2;8;4;2;4;1;2;4;8;4;37;1;21;7;3;9;10;11;6;8;4;24;7;4;0;1;7;4;4;3;17;27;7;10;3;4;12;10;10;25;16;15;10;13;31;27;6;3;2;6;3;2;5;4;4;8;1;1;1;4;3;3;6;2;3;0;1;5;4;1;2;9;6;11;10;12;3;17;12;11;8;7;25;16;17;5;11;37;12;5;2;14;7;2;3;2;10;3;1;7;7;3;2;7;11;7;10;1;5;0;5;7;2;1;4;4;3;2;7;1;2;3;0;4;1;1;;
08121000;3;2;2;0;0;1;1;4;1;0;7;1;6;0;2;51;6;1;8;1;1;0;0;4;1;7;22;2;0;5;0;3;2;3;2;3;0;4;2;2;2;3;1;4;1;1;3;3;1;3;3;2;4;3;3;1;0;1;1;1;1;13;2;21;12;9;5;4;5;3;1;0;8;6;10;6;5;7;7;29;4;18;1;11;1;5;2;2;9;8;4;8;7;2;9;4;1;3;9;4;1;4;3;9;7;10;5;2;4;2;2;3;5;6;3;4;13;53;10;11;14;9;9;7;8;10;4;11;5;5;7;7;2;9;1;9;9;2;1;7;4;0;7;2;2;4;4;0;1;4;0;2;6;3;1;3;4;2;1;4;5;23;13;4;2;3;8;4;1;5;2;8;1;1;8;9;6;1;250;69;81;26;311;114;;3201;217;87;35;10;36;12;82;71;23;54;71;197;145;29;22;34;14;29;18;9;34;12;14;13;43;15;13;44;57;18;18;21;10;24;24;12;21;99;0;2;4;4;7;3;7;4;5;5;1;1;5;0;13;0;7;6;4;2;6;3;2;0;4;3;1;4;0;1;3;1;2;2;7;4;3;2;4;2;1;3;1;5;3;1;1;2;0;2;3;2;2;1;2;4;6;6;4;30;0;7;7;1;3;1;2;5;4;4;27;4;3;3;2;8;7;3;5;8;18;2;4;0;3;7;1;2;10;4;0;3;4;7;5;1;2;2;5;0;1;1;0;0;2;3;1;1;1;0;1;2;3;1;0;1;3;0;0;2;1;1;1;0;1;3;9;2;3;2;4;17;4;5;2;3;17;4;4;3;3;4;0;1;0;2;1;1;0;2;2;1;2;9;5;5;1;1;1;1;0;5;0;3;1;1;0;2;1;0;2;1;0;0;2;;
08125000;4;9;7;3;3;3;7;5;8;3;12;7;10;4;7;60;6;2;5;4;6;2;5;7;3;6;29;4;4;7;1;0;1;2;9;8;1;4;3;1;6;2;4;2;0;3;5;6;1;3;12;6;9;4;2;1;2;2;4;0;1;8;5;17;10;15;9;7;4;1;1;3;14;12;9;12;3;12;17;45;1;16;4;10;5;9;4;5;15;1;4;10;5;6;9;6;4;8;9;7;3;11;8;10;8;11;4;8;2;7;8;7;2;9;9;6;15;67;10;16;41;18;18;8;13;8;18;20;8;15;23;2;7;10;1;9;14;4;8;6;2;6;6;7;2;5;7;1;4;7;4;5;7;6;2;4;1;8;3;13;8;25;23;5;5;13;12;7;10;9;8;14;9;1;14;16;10;11;373;106;114;45;903;216;2743;;752;208;84;20;71;12;177;298;37;143;141;749;547;45;54;110;24;51;21;5;50;25;27;14;81;13;16;53;98;27;30;20;16;36;28;10;20;93;4;3;7;7;5;3;11;6;11;4;3;5;3;5;19;6;4;4;4;13;4;3;4;4;1;1;4;3;6;4;3;4;3;0;10;0;5;2;4;2;5;4;1;6;9;6;1;7;1;0;8;4;0;3;0;0;3;11;9;29;1;22;6;3;3;7;3;7;5;3;50;6;6;8;3;8;7;9;4;19;23;2;6;5;4;12;10;7;15;8;11;3;5;10;17;2;6;4;9;1;1;5;1;6;4;10;5;3;8;5;3;4;0;6;0;6;5;1;5;2;7;3;9;2;12;8;11;14;8;4;7;25;7;14;5;3;26;9;11;3;11;3;2;5;1;4;2;6;6;6;2;2;5;8;3;5;0;4;1;2;4;2;1;4;7;2;0;8;1;3;1;1;0;2;2;;
08126000;1;3;2;0;1;0;2;1;0;2;3;2;1;1;1;14;0;1;1;3;3;0;0;0;0;2;7;3;0;4;2;1;1;3;1;7;1;4;0;3;1;1;2;1;0;0;2;0;0;0;0;3;7;1;0;2;0;1;0;0;0;3;1;9;7;11;0;3;0;1;0;0;8;6;2;3;0;3;2;13;1;8;1;0;0;3;4;0;3;0;8;2;0;0;10;3;2;1;4;0;0;6;0;5;2;10;3;3;0;2;1;1;2;5;2;2;4;14;1;5;11;1;2;6;5;4;4;7;1;2;9;2;2;7;4;4;6;2;1;3;0;0;2;1;1;4;0;1;3;4;3;1;2;0;2;1;1;2;1;5;1;8;6;0;0;1;3;1;4;7;4;3;0;0;4;4;5;3;112;31;41;13;104;66;182;552;;446;193;8;45;2;57;30;7;36;36;123;56;14;10;10;8;13;6;6;13;4;10;1;22;10;1;18;31;13;13;6;8;12;12;4;5;30;2;3;0;0;2;1;3;0;6;6;2;0;0;2;6;0;1;6;2;1;1;1;3;2;0;1;0;3;3;0;1;0;3;1;3;1;0;2;1;0;5;0;0;5;1;3;1;2;0;0;3;1;2;0;0;0;2;5;3;19;3;28;2;0;0;6;2;4;2;2;34;2;1;2;0;5;7;4;5;22;8;0;2;1;4;2;1;1;11;3;4;2;4;4;4;1;0;1;3;1;0;0;0;2;1;0;1;1;3;0;3;1;0;4;0;2;0;1;2;0;3;0;3;1;0;3;2;3;4;4;4;3;5;2;1;0;4;1;0;1;6;2;0;5;2;1;4;0;0;3;0;0;0;3;1;1;1;0;0;0;1;0;1;2;0;0;1;1;0;0;0;0;1;1;0;;
08127000;2;3;8;5;1;0;4;4;2;3;3;5;0;2;3;28;1;0;3;1;1;0;3;0;0;13;6;4;2;5;0;4;0;4;2;4;0;6;1;4;5;3;4;1;0;0;2;2;2;2;1;3;4;0;1;2;1;4;3;1;1;4;0;8;9;13;3;1;1;4;0;2;4;5;3;6;0;4;6;21;2;12;5;3;1;2;1;3;9;0;6;4;2;1;3;5;5;5;6;2;2;4;3;8;7;11;9;1;2;3;0;6;4;5;6;0;13;35;4;8;8;7;4;0;7;3;8;7;7;4;8;6;3;8;1;7;13;1;6;1;2;2;7;1;3;4;0;1;1;4;5;3;5;4;1;0;0;0;1;4;3;5;7;1;0;2;2;0;1;2;3;3;2;0;1;4;4;1;229;43;83;39;124;236;80;171;397;;132;26;395;3;49;24;16;48;37;32;47;16;20;21;13;31;14;7;20;6;14;8;44;11;11;26;66;14;36;24;10;13;27;14;8;85;2;0;8;3;4;2;8;5;6;3;4;3;2;4;13;7;3;2;6;8;2;2;3;1;2;1;1;4;6;1;3;0;0;2;11;3;0;5;8;1;6;1;0;7;10;0;1;7;4;1;4;2;2;6;1;1;21;19;10;58;2;364;2;5;6;16;11;15;4;4;56;2;3;0;3;7;4;9;3;19;18;1;10;3;0;8;10;9;18;2;11;5;11;5;4;3;1;2;2;3;1;2;0;4;4;1;1;3;3;1;0;1;1;2;1;2;2;4;3;2;6;2;4;1;4;3;4;4;4;0;5;12;4;13;7;4;24;2;3;0;6;0;0;4;0;1;2;2;3;3;1;1;2;5;0;4;0;4;0;3;1;0;3;2;1;0;4;7;2;2;1;0;4;1;1;;
08128000;1;3;1;5;3;1;7;5;2;1;1;1;1;1;0;27;4;0;1;1;0;0;3;6;0;6;12;0;2;0;1;1;7;8;6;0;1;6;0;2;0;2;1;1;2;0;0;1;1;0;2;0;3;0;0;3;3;3;1;0;0;5;0;11;8;9;3;3;1;0;2;0;10;0;5;7;1;5;5;22;1;12;1;9;1;3;4;2;6;0;3;4;1;0;6;0;2;4;3;4;0;4;0;2;3;11;5;2;0;5;2;3;3;3;2;3;9;46;8;13;10;9;7;4;12;8;8;7;5;5;6;8;2;4;2;8;7;5;3;2;3;7;2;3;1;3;1;0;3;0;0;4;3;1;2;2;0;2;0;6;4;10;10;3;1;1;3;0;3;1;0;4;1;0;2;4;6;1;77;21;29;12;44;24;44;60;164;105;;5;27;6;41;20;7;35;47;214;48;7;6;12;4;18;9;8;14;4;10;6;19;6;5;16;25;4;10;5;7;7;10;5;7;63;3;2;0;4;2;4;1;2;5;6;5;1;4;1;5;2;2;9;1;6;1;2;1;2;4;1;0;1;7;2;0;0;0;1;8;3;2;3;5;0;3;5;2;8;9;3;1;7;1;3;4;1;1;1;1;3;2;10;4;31;2;45;2;2;6;23;2;7;15;10;282;16;18;3;9;37;166;223;16;274;9;2;1;0;1;4;1;3;4;2;2;3;3;5;3;4;2;0;1;0;0;0;0;2;4;0;0;6;2;1;0;0;1;0;0;0;1;0;3;0;1;0;3;0;1;0;1;0;3;3;1;10;6;1;0;0;10;0;1;1;6;1;0;4;1;1;2;2;0;3;1;1;1;7;0;1;3;2;1;0;3;4;2;1;3;0;4;2;4;2;0;0;0;2;1;;
08135000;2;3;5;0;2;0;0;1;5;2;6;1;0;2;1;24;1;3;1;1;1;0;2;0;0;5;15;0;1;0;0;1;1;1;3;0;0;3;0;1;5;1;1;2;0;0;3;1;0;0;6;4;4;1;1;0;0;3;4;0;1;9;0;3;6;8;2;4;1;2;0;1;1;3;2;1;2;3;4;13;2;14;4;2;0;0;2;3;4;2;1;2;2;1;2;3;1;2;1;1;1;0;1;2;4;5;4;0;2;3;2;1;0;5;2;2;7;24;5;6;5;5;2;0;4;7;1;6;0;2;3;4;2;5;3;1;3;1;4;2;1;0;1;1;0;1;0;1;2;2;0;1;0;2;1;1;1;1;1;1;3;4;8;0;1;0;0;0;3;4;0;5;1;0;0;4;3;3;120;28;58;132;37;37;9;17;12;23;12;;511;1;29;15;8;20;16;6;17;15;8;9;7;21;11;2;18;7;13;7;35;9;6;26;46;13;162;156;30;27;43;14;3;79;3;4;2;4;2;2;7;5;4;7;3;5;7;1;10;6;4;1;2;5;6;2;2;1;1;6;1;0;3;2;3;1;2;1;7;5;0;1;2;0;2;1;2;1;10;2;2;1;1;2;2;1;1;1;1;0;3;9;1;18;1;17;3;1;2;0;1;7;3;0;15;1;2;1;3;2;1;4;1;1;59;2;12;7;7;16;315;89;136;6;6;12;44;19;1;0;0;3;3;0;3;1;0;1;1;0;0;0;4;3;3;2;0;6;0;7;2;0;2;0;3;1;0;2;7;3;3;1;6;5;1;9;1;3;5;2;7;0;0;1;5;6;0;0;1;1;1;0;1;0;0;4;0;2;0;3;0;3;0;0;0;1;0;0;3;0;1;0;0;0;0;1;2;0;1;;
08136000;0;10;7;3;4;1;9;7;4;0;6;3;3;3;4;50;6;7;5;3;2;0;2;4;1;8;20;2;0;5;1;3;0;3;2;1;0;1;1;2;3;1;0;1;0;1;3;2;2;2;4;4;5;3;3;4;2;4;3;1;2;7;4;19;10;8;6;5;3;2;0;5;9;10;5;8;5;5;15;36;1;17;4;3;2;3;7;7;10;0;2;11;8;3;9;8;7;6;3;5;4;8;4;2;4;7;5;5;5;4;2;13;6;10;9;2;13;46;3;12;12;6;7;8;14;9;3;8;2;7;15;5;2;7;1;7;9;3;5;2;4;1;3;4;2;2;1;0;7;2;5;4;5;8;0;0;0;3;1;4;4;12;14;1;1;2;2;1;3;3;2;7;3;1;6;4;4;2;634;152;306;354;294;639;73;120;53;506;39;543;;13;94;99;46;71;47;31;108;43;53;57;29;63;59;32;109;39;50;37;128;67;44;114;144;50;164;111;73;87;114;35;14;159;9;1;5;4;6;7;2;4;11;7;4;2;4;5;31;6;5;13;8;4;8;4;7;1;3;1;2;7;6;4;4;4;4;4;14;0;3;5;3;3;3;6;1;10;12;0;2;6;3;2;3;1;4;1;1;2;12;22;18;55;1;160;5;7;8;14;7;17;4;5;47;6;8;3;0;7;4;6;7;12;52;3;11;7;8;11;49;35;78;10;11;13;251;24;9;1;4;2;5;1;4;2;0;3;3;5;2;1;2;3;3;1;1;1;0;0;1;2;0;2;4;2;10;2;4;4;8;6;8;7;3;18;3;15;3;4;22;3;2;0;12;6;1;0;0;2;7;1;1;3;2;4;1;10;4;15;0;4;1;1;3;3;0;1;2;1;7;4;2;4;0;2;1;0;0;;
08211000;1;4;1;1;3;0;2;1;2;1;3;0;2;0;0;28;0;0;0;0;2;1;0;0;0;1;9;1;2;1;0;0;2;0;1;0;1;1;2;1;0;1;0;0;1;1;0;0;2;0;2;1;3;4;0;0;2;1;0;0;3;5;4;12;4;4;0;2;0;0;1;0;2;3;7;4;3;0;4;20;1;6;2;1;0;0;1;3;3;2;3;5;4;1;3;1;0;1;4;0;0;2;5;0;2;3;1;1;0;3;0;2;1;2;0;1;4;27;4;4;5;5;1;5;5;4;0;7;2;6;4;3;0;3;1;1;2;0;0;2;0;0;3;4;0;5;1;0;1;0;2;0;0;3;1;0;0;2;3;4;3;6;8;2;3;6;5;0;0;5;0;13;2;1;5;2;1;7;39;12;18;5;17;9;10;10;0;4;5;1;9;;142;84;1040;24;26;4;28;15;13;23;16;37;17;15;140;4;13;3;18;9;4;8;9;4;4;2;1;9;4;4;1;37;2;0;3;1;1;1;2;2;3;2;2;0;1;0;4;0;0;1;4;1;1;0;1;1;0;2;0;0;1;3;0;0;0;0;3;0;0;0;1;1;3;3;0;1;0;0;0;1;0;0;0;0;0;0;0;0;0;2;0;7;1;3;2;2;2;0;0;0;1;1;4;2;1;0;0;1;1;0;0;1;8;0;0;1;0;2;0;2;0;2;0;2;3;3;9;0;0;2;2;0;0;1;0;5;1;0;0;0;2;0;0;3;0;0;0;0;3;1;2;0;2;1;4;0;4;0;1;0;0;0;1;7;0;2;1;0;9;2;0;0;0;1;0;0;0;0;0;0;0;0;0;1;0;2;0;0;1;0;0;0;0;0;0;0;0;2;0;0;0;0;0;0;0;0;0;;
08212000;3;19;12;3;4;7;13;9;9;8;9;5;7;3;2;178;30;2;11;4;6;2;2;0;2;23;66;5;2;16;4;3;1;5;2;7;4;13;3;3;5;3;1;1;2;1;13;12;6;4;5;0;9;4;2;7;1;15;4;3;3;41;8;79;19;32;10;10;6;5;5;5;17;6;15;14;5;10;50;137;12;76;10;11;4;6;9;6;25;0;9;30;10;6;12;8;8;12;11;1;4;11;8;8;22;28;5;2;4;9;4;8;4;14;10;8;71;220;23;44;47;31;20;23;21;23;6;33;11;17;36;8;7;26;1;25;21;3;8;7;5;6;21;7;4;10;9;5;14;4;6;6;17;29;5;0;2;10;9;45;103;60;64;30;13;35;20;7;13;33;11;691;13;8;162;55;23;31;548;219;191;59;280;114;82;164;50;62;35;30;108;166;;4402;868;1296;394;66;374;252;240;384;75;284;130;97;331;55;82;38;142;103;51;84;139;40;60;31;45;96;70;57;25;396;3;5;3;5;10;14;7;4;18;16;8;9;3;3;57;4;6;9;6;5;7;5;5;0;7;5;5;3;4;1;3;2;3;2;20;2;4;4;5;1;5;6;3;11;11;3;2;6;0;2;6;6;4;1;1;1;5;31;7;61;3;9;6;5;4;8;1;3;13;9;38;17;5;3;3;4;13;11;4;11;44;2;14;5;2;9;6;9;22;12;12;6;10;9;47;11;5;17;23;13;2;10;2;12;3;1;3;3;5;6;6;2;1;4;0;5;4;3;7;5;3;3;6;3;5;3;13;3;6;5;6;50;6;4;3;1;66;6;4;2;21;19;3;5;3;1;2;1;3;5;2;0;1;17;3;14;2;10;3;2;4;2;0;3;4;1;3;7;2;0;2;3;2;2;1;;
08215000;1;7;9;0;9;8;8;11;8;2;5;12;7;7;4;79;13;5;7;2;2;3;5;1;3;14;36;3;5;10;4;5;2;5;9;6;0;4;1;0;5;3;4;2;2;1;4;7;4;4;7;5;7;4;2;7;2;9;2;3;3;12;5;30;24;9;5;9;7;4;1;7;15;10;14;15;7;12;24;61;6;26;10;14;4;9;11;8;22;4;15;15;7;6;9;10;8;12;2;7;1;5;11;10;10;25;2;2;5;11;5;8;1;10;9;4;28;103;13;27;65;31;27;13;25;17;15;28;12;14;27;14;5;21;4;14;15;3;3;11;6;4;10;7;2;12;11;7;9;10;8;8;12;17;11;7;1;9;12;25;72;90;37;24;22;54;20;7;17;34;9;457;15;12;114;73;13;39;260;100;86;36;166;63;76;307;23;29;22;12;46;112;3241;;823;254;310;70;1032;340;272;851;52;125;52;34;156;21;53;20;77;39;23;47;82;34;22;20;17;38;37;23;7;139;5;5;7;5;5;12;3;7;15;13;3;4;5;4;28;3;3;9;6;9;7;1;6;1;7;1;2;4;4;4;4;3;3;0;8;6;3;6;5;6;5;2;0;10;9;4;2;6;3;4;2;3;3;1;2;2;1;14;2;37;1;16;10;5;5;8;2;2;7;4;24;11;4;4;3;5;6;4;5;8;25;2;5;5;4;8;4;4;15;8;8;5;4;15;28;4;8;8;13;5;1;0;2;8;6;1;5;3;4;5;4;5;1;5;3;3;3;6;5;2;8;6;12;2;16;5;8;9;11;8;6;30;4;16;6;5;28;8;7;4;10;6;0;2;2;3;6;1;2;1;3;5;1;8;5;10;2;3;2;3;5;3;3;4;6;2;2;6;3;4;1;0;2;0;1;;
08216000;2;7;4;5;4;4;6;7;2;2;6;3;3;1;1;33;6;1;2;5;4;1;2;0;3;5;18;4;1;4;0;0;0;4;5;4;0;1;0;1;1;7;0;2;1;0;1;1;3;2;3;2;3;2;1;7;2;3;1;1;1;13;6;13;8;10;6;5;1;1;3;1;10;4;7;4;3;4;9;36;1;15;3;5;2;6;4;4;11;2;6;7;6;0;10;4;5;3;7;0;3;6;4;1;5;10;2;3;7;2;1;4;1;8;4;0;8;41;7;15;14;6;11;6;10;7;4;5;1;7;12;5;5;9;3;4;6;2;3;2;0;3;5;3;3;4;4;2;4;2;0;2;4;5;4;1;1;2;5;11;20;18;22;2;10;6;8;0;5;8;6;80;5;2;37;10;5;19;130;45;49;12;51;33;27;31;10;8;9;3;25;1117;697;627;;67;70;8;87;52;105;66;65;111;37;29;746;20;30;14;62;30;14;23;37;14;10;4;10;18;17;8;5;71;2;0;2;1;3;2;3;1;5;5;1;4;1;3;9;1;1;4;3;2;2;3;4;1;1;1;4;5;5;0;1;1;2;2;4;0;0;2;3;4;3;2;1;4;2;0;1;7;2;1;1;0;0;1;0;1;0;7;3;18;1;7;5;2;3;6;2;3;4;3;12;7;1;0;1;3;3;4;1;1;11;2;2;0;1;8;0;6;7;3;1;4;4;3;21;1;1;7;4;1;0;2;0;4;2;3;2;2;2;1;0;12;1;1;1;3;1;1;6;2;5;3;2;0;2;2;6;2;2;5;5;12;8;7;2;5;17;1;3;0;7;4;0;3;0;3;3;2;3;2;3;0;2;7;3;4;0;1;1;2;1;1;0;1;2;3;0;3;0;0;1;1;1;3;0;;
08221000;0;26;14;0;2;2;8;5;10;5;10;3;2;1;6;188;20;4;3;4;7;4;9;3;6;43;80;4;1;12;3;4;5;4;2;5;5;5;2;4;1;0;1;3;1;2;9;9;5;0;9;2;5;1;2;2;3;6;4;2;0;28;7;78;12;43;6;8;5;3;3;2;13;7;17;20;5;4;59;137;7;51;11;15;3;4;9;10;19;6;5;48;7;4;7;5;5;21;7;5;5;13;5;10;18;40;7;0;4;10;6;7;3;14;9;3;90;284;19;40;212;46;27;35;28;32;29;30;17;21;32;13;10;46;5;20;17;4;6;5;10;4;20;6;3;15;7;4;10;9;5;4;9;22;6;5;3;11;23;42;16;90;90;23;8;33;24;1;12;39;5;34;14;5;25;71;22;7;382;167;172;103;216;140;87;189;42;69;49;50;1330;30;771;293;98;;2531;124;3975;50;78;58;39;631;98;55;184;47;339;53;135;85;60;94;519;50;71;71;71;82;78;1387;10;284;7;2;6;3;6;8;8;5;12;7;6;5;7;4;28;2;2;8;10;8;10;4;9;0;6;0;2;3;2;1;4;1;1;0;34;3;2;2;4;1;5;3;2;18;20;3;5;3;1;5;6;3;0;2;5;1;1;26;2;37;1;12;10;10;5;2;4;2;8;4;42;15;3;1;4;2;15;7;8;12;24;1;2;6;3;7;2;5;15;10;3;4;3;5;31;9;4;10;14;6;3;2;2;16;2;2;0;0;4;4;2;5;0;5;0;0;1;0;10;6;3;3;3;1;10;1;9;5;2;1;1;81;7;8;0;6;68;3;1;3;22;12;0;2;3;1;4;1;1;4;2;2;0;19;0;18;4;7;3;4;6;0;0;3;3;0;1;13;4;1;1;3;0;5;1;;
08222000;2;20;17;5;4;16;7;10;17;2;14;8;14;0;11;170;13;3;4;4;7;4;5;4;6;30;56;8;2;18;6;1;4;3;4;9;2;11;3;7;5;8;5;4;5;2;7;8;3;4;10;3;13;4;3;5;3;9;6;3;1;38;6;100;29;41;12;16;5;6;6;2;24;9;24;20;18;8;63;147;4;40;8;29;12;6;9;13;35;3;9;25;11;8;14;22;7;15;14;7;4;11;11;10;21;38;5;9;8;15;9;20;3;18;17;10;103;400;47;76;1086;81;74;34;48;50;41;62;26;36;38;16;22;38;5;22;24;13;8;14;8;6;22;16;5;27;13;6;21;7;20;15;27;23;16;4;6;14;206;82;47;1492;122;119;13;127;186;7;92;379;79;81;50;16;65;610;42;28;354;137;202;57;205;130;99;181;41;69;46;35;79;37;445;379;110;621;;93;2691;63;73;77;40;114;77;54;172;42;80;36;112;90;61;101;75;39;39;63;56;68;81;54;20;230;1;4;6;8;12;7;8;6;16;14;9;7;4;1;34;4;3;12;10;9;5;5;8;3;6;0;2;3;2;2;8;5;4;2;14;2;5;5;5;1;6;7;3;13;17;4;2;7;2;1;4;2;0;2;4;1;5;24;7;69;4;9;14;4;8;7;4;4;19;4;24;12;3;3;4;3;18;9;5;7;35;1;3;1;3;6;4;5;15;8;9;5;7;15;68;9;17;21;25;12;1;6;4;13;4;7;3;4;2;3;2;3;1;5;3;3;6;3;11;4;1;3;9;4;12;7;11;3;5;8;4;34;4;14;4;9;54;6;6;5;13;11;0;5;0;4;3;2;1;3;6;6;3;16;2;11;2;2;3;4;7;4;3;5;8;1;1;7;1;4;1;1;1;1;3;;
08225000;1;1;4;0;1;3;2;0;5;3;2;0;6;3;3;21;2;0;1;2;0;2;2;3;0;3;8;0;1;0;1;1;0;1;2;2;0;0;1;3;2;1;1;1;2;0;1;2;1;2;2;6;0;2;0;1;3;3;1;2;1;6;0;9;9;10;2;1;0;4;0;1;4;1;5;4;0;2;9;22;1;9;3;4;4;3;4;1;5;0;3;4;1;1;3;5;2;5;10;2;1;3;6;5;2;3;2;0;4;5;1;2;2;1;3;2;8;45;6;10;48;16;10;4;18;4;40;15;4;10;10;2;6;9;5;8;14;3;4;4;1;1;4;0;3;3;3;0;3;3;1;3;3;2;2;1;2;2;2;11;5;14;5;2;1;4;2;1;1;8;5;9;4;6;2;11;4;0;95;30;37;14;76;21;138;474;114;38;265;2;25;6;74;61;11;140;131;;465;15;18;18;9;22;8;6;23;4;9;5;17;12;4;26;25;15;8;4;6;12;14;7;6;42;0;1;4;1;2;1;3;1;4;2;2;2;2;2;8;0;2;3;0;2;3;0;1;0;0;4;1;1;1;0;1;2;1;1;4;2;1;4;2;1;0;1;0;4;3;0;1;2;0;2;2;0;0;2;0;0;2;3;4;15;0;5;6;2;0;2;3;2;14;4;68;12;5;8;2;11;102;16;5;21;3;4;2;0;1;1;2;4;4;2;0;5;1;5;6;0;5;1;1;1;0;0;0;2;3;2;0;3;0;0;0;0;0;5;3;0;0;2;0;1;2;3;4;0;3;1;4;2;6;6;4;4;1;7;0;3;12;1;1;0;2;1;1;0;0;1;1;0;1;0;0;0;3;4;3;2;2;2;1;0;1;2;1;2;2;0;0;2;4;1;2;1;2;0;2;;
08226000;2;13;13;2;11;9;12;13;14;3;12;14;8;3;4;126;13;3;5;5;5;0;8;5;1;24;54;8;9;10;2;5;5;5;12;11;0;3;4;3;4;6;3;6;5;1;8;13;4;4;15;2;8;9;2;14;7;5;2;2;6;29;4;53;20;28;10;13;5;3;4;8;17;13;17;22;10;11;29;93;9;37;14;14;10;14;9;12;32;3;6;26;7;8;15;17;10;7;16;7;10;20;7;11;17;19;10;7;5;14;10;14;3;20;10;14;119;241;28;71;1505;101;64;40;49;42;103;61;21;40;52;17;14;48;7;21;15;12;10;12;17;4;18;7;10;33;19;6;17;7;10;21;10;26;9;6;5;7;71;53;45;338;106;59;12;182;81;8;50;157;35;103;28;19;78;310;31;28;230;67;87;34;134;70;119;520;47;45;38;31;97;32;409;1117;95;3124;2254;489;;68;50;60;26;130;50;26;96;24;36;18;83;44;31;42;75;22;37;17;27;36;41;61;9;193;4;3;9;9;7;6;3;4;14;14;9;3;6;7;35;6;7;13;10;7;5;4;10;6;6;1;4;8;10;2;3;4;0;1;15;0;6;3;7;5;7;6;2;11;24;2;1;4;3;4;6;4;2;3;3;3;5;15;6;36;2;16;8;2;8;2;6;4;13;6;30;17;11;1;3;7;22;9;4;20;29;2;7;6;6;8;2;7;23;8;7;17;7;12;44;9;14;13;17;14;4;2;3;10;4;8;9;1;5;4;3;5;4;9;0;5;5;4;6;4;7;11;14;6;17;5;15;10;10;9;10;41;14;15;8;8;55;14;7;3;15;11;0;2;3;3;13;2;3;7;6;4;4;16;3;14;3;8;2;3;9;5;0;4;9;3;4;7;3;1;7;4;3;1;2;;
08231000;2;7;3;1;1;0;4;4;4;0;3;1;3;6;1;36;5;2;7;3;2;1;3;1;3;2;15;4;2;7;1;2;2;4;3;4;0;0;1;2;0;2;1;1;1;0;4;2;4;1;5;3;10;2;3;3;3;11;4;4;2;13;1;9;7;13;5;10;3;1;0;3;2;8;3;2;0;4;16;24;2;9;6;7;0;3;1;5;9;0;3;3;5;1;4;7;1;5;5;3;6;9;1;2;2;10;3;5;1;4;3;5;2;9;7;2;4;28;5;12;16;5;9;5;9;6;2;13;3;8;11;7;5;6;1;4;10;0;6;1;1;1;4;0;1;2;4;3;4;3;3;5;1;3;1;0;0;3;3;8;8;20;11;4;4;7;3;0;1;5;1;24;3;2;15;6;5;2;197;151;74;20;161;49;39;55;13;21;12;10;24;26;264;362;85;39;52;16;60;;378;1926;34;40;22;12;63;16;18;16;45;15;15;40;53;21;12;15;6;24;16;15;8;66;2;1;3;2;2;1;1;2;4;6;2;2;2;4;5;2;6;3;1;3;1;5;0;0;1;2;3;2;1;2;3;0;2;1;6;1;0;0;1;1;6;2;2;1;8;5;0;1;0;1;2;3;1;1;0;4;3;4;5;21;1;3;3;0;2;3;1;2;2;3;7;6;0;1;1;2;4;0;0;5;13;1;4;2;4;4;2;8;9;4;7;1;3;8;14;0;3;9;4;2;0;0;1;5;1;2;0;1;2;2;0;1;0;2;1;1;3;1;2;2;2;2;2;0;2;0;3;3;1;5;3;8;1;10;5;2;13;5;0;1;3;3;1;1;1;0;2;0;0;1;0;2;0;6;2;2;1;0;0;1;4;1;0;0;2;0;1;1;2;1;0;1;2;1;0;;
08235000;3;2;5;1;4;4;6;3;1;1;5;6;0;5;2;24;5;1;3;0;0;0;4;0;1;0;14;5;0;3;1;2;1;2;6;2;0;4;1;2;0;7;2;0;0;0;4;2;4;1;6;0;3;0;0;8;0;3;3;2;1;11;1;9;7;4;1;3;1;3;0;4;6;1;8;5;0;6;6;16;5;10;3;6;3;2;8;4;5;0;5;2;6;3;2;5;3;4;3;3;5;11;2;3;7;8;3;4;3;3;3;2;0;4;1;1;6;23;3;2;7;8;6;4;5;3;1;9;5;5;4;2;6;7;2;3;6;0;7;3;5;1;5;0;2;2;1;0;4;4;1;0;5;5;2;4;1;2;2;10;8;11;8;3;8;4;3;0;5;7;5;20;2;5;12;0;3;8;291;897;128;43;158;80;28;58;16;24;6;9;34;22;200;245;127;42;36;16;58;371;;360;491;46;22;11;53;63;44;28;61;14;13;86;222;67;16;13;14;33;31;25;1;50;5;1;4;4;5;3;2;3;6;5;3;2;1;2;9;4;0;3;4;7;3;2;3;2;3;3;5;2;1;1;3;8;3;1;5;0;1;1;1;2;3;9;1;2;6;2;0;3;0;0;2;1;3;3;0;0;1;5;5;14;0;6;2;4;1;3;4;1;0;2;5;3;2;4;2;1;4;3;3;1;12;2;2;2;6;5;1;3;7;7;12;5;6;6;3;0;0;5;2;1;1;2;2;1;2;3;3;3;0;4;4;2;0;3;0;0;4;1;2;0;2;2;6;0;3;1;6;4;5;7;7;6;10;4;2;7;11;6;6;2;5;3;0;3;2;2;3;0;1;4;2;2;1;1;0;2;0;3;0;1;1;0;1;2;3;1;2;2;0;2;0;1;4;0;0;;
08236000;2;3;1;1;0;2;5;1;5;1;8;3;4;0;2;29;2;1;2;5;2;2;2;1;1;4;8;3;4;3;2;4;3;8;9;2;2;2;2;2;1;1;0;0;2;5;3;2;2;3;6;4;6;3;0;2;1;2;4;1;5;9;1;13;9;7;2;5;0;2;1;2;3;5;7;6;1;4;8;28;1;8;2;6;3;3;2;2;7;0;2;7;2;3;8;2;3;4;4;4;3;6;6;2;5;7;0;1;5;5;4;3;1;5;1;3;11;28;5;11;13;8;5;3;7;6;2;7;4;7;6;1;1;8;4;4;7;2;3;6;0;1;4;0;4;3;5;2;0;2;3;1;2;6;0;4;0;6;2;5;19;14;12;6;1;2;3;1;0;3;3;32;4;7;17;9;4;12;320;278;99;32;434;64;40;109;13;25;4;8;26;25;342;879;76;48;55;11;68;1854;413;;39;43;18;14;61;10;22;8;56;12;16;44;71;28;19;18;16;25;34;15;7;68;2;0;1;2;4;2;4;1;5;4;5;3;0;2;10;2;6;4;4;1;1;3;2;0;0;0;3;2;6;1;3;0;2;0;4;0;1;2;1;3;3;3;0;3;2;1;4;1;2;0;2;1;3;0;1;0;0;4;4;11;2;9;3;1;1;0;3;3;0;0;11;3;3;0;0;4;2;3;2;6;6;2;2;2;2;1;3;6;9;3;5;8;2;10;8;0;3;5;4;2;2;1;0;1;1;2;0;1;0;2;3;6;0;5;0;2;1;2;5;0;1;1;7;1;4;4;3;4;3;2;4;11;2;10;5;6;15;6;5;0;4;7;1;2;0;2;2;1;0;0;1;0;2;3;4;1;1;1;2;0;1;1;1;4;1;0;1;1;0;1;3;0;1;0;0;;
08237000;1;3;4;0;5;2;5;1;2;3;2;3;2;1;1;19;1;1;0;0;1;0;3;2;0;4;11;1;8;3;0;1;1;0;2;1;0;2;0;1;2;2;0;1;0;0;1;0;0;0;4;1;4;1;0;2;0;2;1;2;2;9;0;7;3;6;3;4;0;6;0;1;9;3;5;4;1;2;9;13;3;7;0;6;1;2;5;4;3;1;3;4;4;2;6;3;1;4;5;3;0;2;2;0;5;1;4;1;4;1;0;8;0;2;3;3;5;19;2;5;6;4;6;2;2;4;2;5;4;5;6;3;2;5;0;1;5;2;1;2;4;3;2;1;1;4;4;2;3;0;0;0;6;3;3;3;1;1;1;3;1;5;8;2;2;3;1;0;1;3;1;2;1;1;7;2;3;3;188;201;87;24;72;35;13;20;5;11;5;10;26;30;77;45;67;33;32;6;28;23;423;39;;48;27;21;162;386;62;26;72;19;10;72;239;142;16;13;13;18;29;20;4;39;2;1;5;2;2;2;3;2;3;1;0;1;1;0;7;0;2;2;2;1;1;3;3;0;2;1;1;0;2;2;0;1;1;1;3;0;0;1;2;0;3;1;1;3;4;0;0;0;0;2;2;1;0;0;0;1;0;7;0;15;0;2;1;2;1;3;0;0;3;3;9;7;6;3;3;2;7;3;2;3;7;1;2;1;2;3;3;5;14;4;4;8;2;4;10;2;1;0;1;2;0;0;0;0;3;1;3;0;2;6;0;3;0;3;1;7;2;1;0;1;4;2;4;4;4;4;4;2;4;1;4;10;2;2;2;2;12;1;1;1;6;0;0;0;5;2;4;0;0;1;0;1;1;3;4;1;1;1;2;1;0;2;0;1;1;0;1;2;0;0;4;1;0;2;3;;
08311000;8;26;24;1;5;5;15;1;11;5;13;8;6;2;9;220;18;7;3;6;9;3;8;1;5;31;61;1;2;10;3;4;4;2;5;8;3;15;4;6;6;5;3;6;1;5;16;15;1;4;4;3;10;3;1;4;3;8;4;4;2;43;5;87;17;31;7;13;3;6;3;6;12;9;12;13;12;6;71;169;5;42;10;13;4;3;11;14;30;4;5;51;3;8;12;7;6;11;7;6;1;12;7;9;19;33;7;4;7;16;8;9;1;9;5;3;29;161;10;31;21;14;11;21;18;18;3;15;8;16;26;5;8;25;8;25;18;4;9;6;3;11;14;6;3;9;4;4;11;5;4;10;7;24;6;2;3;9;2;15;18;13;67;7;2;9;5;0;1;9;1;14;3;6;15;14;12;6;281;82;129;41;128;96;40;71;16;50;21;13;48;45;286;129;108;150;110;21;117;37;43;45;48;;3763;1521;654;85;271;69;242;391;189;61;163;45;58;31;33;108;99;50;11;253;9;4;5;5;3;3;7;3;10;9;6;6;8;4;36;3;4;12;16;10;5;4;7;2;3;2;1;1;4;4;5;2;4;1;23;1;1;1;3;5;9;3;0;11;14;3;4;6;3;3;5;1;1;5;2;3;2;18;8;45;3;9;4;2;7;1;2;2;3;4;39;7;4;6;2;4;6;5;1;7;34;2;10;1;6;13;4;3;18;14;9;6;4;12;45;11;4;10;15;3;3;3;2;15;10;2;2;1;5;3;3;4;2;4;3;1;4;2;10;2;1;3;6;2;12;2;10;3;7;4;2;59;4;6;4;1;109;2;3;5;15;16;3;3;3;1;4;3;1;3;1;1;0;16;2;18;1;6;1;2;2;1;0;2;3;5;2;1;2;2;1;2;2;2;0;;
08315000;5;10;13;0;4;1;11;8;8;2;12;6;5;3;3;76;2;2;1;3;6;0;7;1;2;11;23;6;3;5;2;3;2;2;2;3;3;5;4;3;4;6;2;4;0;0;2;5;4;5;4;3;6;1;1;3;3;7;3;2;6;13;2;27;18;12;3;7;2;4;1;4;12;8;13;14;2;5;17;66;4;21;4;16;7;3;4;4;18;2;5;18;0;3;12;6;4;10;8;2;1;8;11;6;8;7;3;4;1;11;7;4;1;18;6;6;12;57;6;16;16;9;7;9;8;7;3;9;9;11;11;7;5;18;6;13;9;0;3;7;3;9;7;6;3;8;5;7;8;9;5;4;2;3;3;2;3;4;1;9;7;7;24;6;0;3;5;2;4;6;2;10;6;3;8;3;6;3;118;37;51;22;51;30;20;26;8;17;11;5;25;20;133;63;42;64;60;11;62;17;20;20;24;3025;;1200;397;45;331;43;158;701;285;27;54;40;20;18;19;48;36;25;3;98;5;1;9;3;7;2;4;3;9;5;5;5;6;1;16;3;1;13;5;4;3;3;1;0;0;5;4;2;2;1;2;2;1;1;8;0;1;2;4;2;3;0;4;3;7;0;1;3;1;3;2;1;1;2;3;0;4;10;4;21;2;9;1;4;6;6;1;3;1;3;10;4;2;6;2;2;1;6;5;7;18;1;3;1;1;6;3;5;7;6;7;8;2;12;24;3;3;9;4;3;0;2;2;10;5;4;2;3;5;2;1;4;1;2;1;7;2;1;5;0;4;4;2;3;4;1;3;3;4;4;2;20;6;9;4;4;32;5;2;1;7;10;2;2;2;5;4;1;1;3;2;1;2;6;5;5;1;5;1;3;2;2;2;3;1;0;0;6;2;0;0;4;3;1;5;;
08316000;4;3;1;1;0;1;7;6;3;0;6;1;5;0;1;30;3;1;0;0;0;0;1;2;1;2;14;0;2;1;3;1;1;1;0;0;0;4;2;1;5;1;1;3;0;0;0;2;1;2;7;0;5;1;1;4;2;3;2;0;1;7;1;12;8;6;2;0;1;2;3;3;6;0;2;6;3;0;6;21;0;14;3;3;1;2;1;6;13;0;7;5;2;2;4;2;1;8;4;1;1;6;1;3;6;9;1;2;0;4;0;1;0;6;5;4;9;35;3;5;8;9;3;3;3;2;2;9;1;7;8;1;2;9;2;4;3;2;1;2;0;1;4;1;1;4;0;0;0;0;0;3;2;4;0;1;2;2;0;5;3;9;11;1;0;3;3;2;5;8;3;4;1;0;4;6;1;2;68;12;19;13;31;16;10;11;4;8;3;1;15;15;98;40;30;38;30;4;23;11;14;12;20;1207;974;;792;29;79;12;71;113;55;12;36;12;8;8;11;15;18;17;0;54;0;0;4;2;3;1;0;0;4;1;0;3;2;0;9;0;1;6;3;3;1;2;1;1;1;1;0;2;7;1;2;0;0;0;2;0;0;2;2;1;3;0;0;1;1;1;0;0;3;0;0;3;2;0;0;0;1;4;0;10;1;1;2;0;2;0;2;1;0;0;8;1;2;1;1;1;1;5;2;2;11;0;2;2;2;4;3;4;4;4;3;3;1;2;14;3;2;2;3;2;0;0;1;9;3;2;0;0;0;2;0;4;2;0;0;1;0;0;2;3;1;5;2;1;2;2;0;1;2;2;3;8;5;4;1;1;18;2;0;2;6;6;0;0;1;0;0;1;3;0;1;0;2;3;1;3;0;1;0;0;1;0;1;1;1;0;3;3;2;0;0;1;2;0;1;;
08317000;2;11;5;1;1;7;7;4;7;2;4;5;4;7;5;84;8;2;4;5;4;0;9;5;2;7;21;3;3;3;4;5;6;1;8;5;3;9;0;2;5;1;3;3;0;3;5;4;6;4;8;6;4;1;0;4;4;9;2;1;2;20;4;30;18;24;10;8;5;2;5;4;12;11;17;10;8;10;26;63;9;24;14;15;6;5;12;11;14;3;7;14;8;3;13;10;2;12;13;7;4;10;8;8;9;25;7;4;8;6;3;7;2;7;7;5;11;88;14;25;25;17;17;10;18;9;7;22;10;12;18;4;6;15;4;9;7;5;15;7;9;6;12;12;6;7;8;3;8;7;7;4;2;9;6;11;3;5;6;13;16;23;35;5;4;10;13;2;5;7;2;30;3;6;16;11;12;13;244;54;74;34;75;51;36;52;16;22;18;7;34;165;403;161;640;115;119;16;113;49;57;40;130;652;287;613;;154;170;43;153;128;65;37;77;31;26;17;22;59;44;17;2;115;1;4;7;4;10;6;6;5;14;10;8;1;3;4;27;2;3;8;5;6;2;3;7;1;3;0;4;8;9;4;1;2;3;1;12;1;0;4;3;1;3;6;2;8;7;1;1;1;4;1;0;4;2;1;0;2;2;6;4;34;1;11;4;1;3;2;4;4;5;6;17;8;4;5;2;6;3;3;2;7;27;1;3;3;5;6;3;7;13;8;4;7;7;6;26;4;5;10;8;6;2;8;3;8;6;3;6;2;4;6;2;2;2;7;0;4;4;0;6;3;7;4;6;7;11;4;7;14;9;7;7;22;10;9;7;6;43;5;2;3;9;6;0;3;0;2;6;1;2;2;6;0;5;13;1;5;1;5;2;2;1;2;2;7;7;0;0;5;1;2;2;1;1;0;0;;
08325000;2;5;1;0;1;0;3;3;4;1;2;1;2;1;1;20;1;0;5;2;1;2;3;9;1;1;16;2;4;2;2;1;3;4;0;1;3;0;0;1;4;4;0;0;0;1;0;1;1;0;1;1;3;0;0;4;2;3;1;1;1;5;1;6;9;5;0;2;3;3;1;2;1;4;4;3;2;5;6;17;1;3;0;4;0;1;3;3;2;1;0;2;2;2;7;1;1;5;1;2;3;7;2;2;1;4;0;2;3;0;1;3;1;4;0;3;4;21;0;6;4;3;3;2;3;4;1;4;6;4;2;1;3;3;1;6;2;1;2;2;1;4;2;2;3;2;0;1;5;1;2;2;1;1;1;1;2;0;1;4;2;5;7;0;0;0;2;1;0;2;0;1;3;0;0;6;2;0;176;61;61;18;47;26;16;15;6;10;5;11;28;7;45;23;24;28;24;6;25;16;38;10;342;82;45;25;157;;562;366;174;13;32;47;124;272;18;10;15;40;35;30;0;44;2;3;3;5;2;1;1;4;3;3;1;4;1;2;10;1;1;1;1;0;4;0;2;0;7;0;1;2;5;0;2;2;0;0;6;2;2;1;2;0;2;0;0;1;4;0;1;1;1;0;2;1;0;0;0;1;1;3;0;10;0;1;2;3;1;4;0;3;1;0;5;2;1;2;0;2;1;2;1;4;7;2;3;2;0;4;1;1;10;2;3;3;3;1;6;0;3;1;1;1;3;0;2;1;0;2;4;0;2;0;0;0;0;1;0;0;0;1;3;3;2;3;0;0;2;0;4;2;1;1;4;7;1;9;4;3;6;1;3;0;6;3;0;0;0;1;3;1;0;2;3;1;1;2;1;3;1;2;1;0;3;2;0;1;1;0;0;1;0;0;1;1;0;0;0;;
08326000;3;7;2;1;1;4;3;5;2;1;6;2;3;3;3;34;8;3;5;2;4;2;2;2;3;10;24;3;1;4;0;4;0;2;2;1;0;2;2;3;0;0;1;1;1;1;6;4;6;1;4;1;8;3;0;3;1;3;0;1;3;9;4;20;12;13;2;5;3;2;1;3;12;1;4;6;4;2;10;40;4;19;7;10;6;3;2;5;14;1;8;8;7;1;16;7;7;3;1;4;3;8;8;3;2;12;7;4;4;8;3;11;3;8;5;4;9;49;7;10;7;6;9;8;8;6;0;6;5;5;8;5;3;9;0;5;8;2;1;7;2;2;7;2;2;4;1;2;6;3;2;2;3;7;2;3;1;9;1;3;4;12;11;2;0;2;2;1;4;4;4;5;3;1;4;5;5;6;248;103;114;35;111;65;29;59;23;25;20;21;35;13;96;73;44;40;42;11;66;28;46;30;72;283;278;119;218;577;;725;442;76;137;72;102;128;32;26;23;109;74;62;7;91;5;1;4;0;5;7;3;3;11;4;3;6;3;2;14;1;3;10;3;7;5;5;7;0;1;1;5;3;4;0;3;1;1;1;4;2;1;2;4;1;2;0;3;4;6;2;2;1;1;2;1;0;0;1;0;2;2;8;3;22;2;9;3;2;2;4;2;1;3;4;6;1;5;4;3;2;2;5;3;3;22;2;6;3;4;9;3;3;14;9;16;2;1;12;13;2;3;6;8;6;1;1;1;2;4;2;4;4;2;2;7;2;0;10;1;3;4;1;1;1;7;3;4;1;4;2;6;5;7;1;7;23;5;9;2;5;21;6;3;2;10;9;0;6;1;2;3;1;0;4;4;0;3;8;2;5;1;1;0;0;3;2;1;2;3;2;1;7;1;4;3;2;0;0;0;;
08327000;1;2;6;2;1;2;3;0;2;2;4;1;1;0;0;24;2;1;3;0;0;3;1;0;2;2;11;3;1;2;2;2;1;5;2;2;0;1;0;2;0;1;0;1;2;0;1;6;0;0;5;2;0;0;4;0;1;3;1;3;5;3;2;10;6;6;2;0;4;1;1;3;2;2;2;5;1;4;6;17;5;8;0;1;1;3;2;1;3;0;3;3;1;0;1;3;0;1;1;2;1;4;3;5;1;8;0;0;1;2;1;4;0;1;1;2;5;15;3;5;6;7;6;2;5;0;0;2;1;5;5;4;1;4;0;2;3;2;0;0;2;1;6;4;1;1;2;0;4;1;0;3;1;3;2;2;0;0;0;3;3;7;6;0;2;1;1;0;0;3;0;4;2;1;0;2;3;2;125;57;52;14;38;23;13;15;5;6;2;6;18;6;42;22;10;24;26;3;24;11;17;13;32;79;52;14;54;418;711;;430;17;36;38;66;203;24;12;15;75;57;127;3;51;1;1;4;2;3;2;1;5;4;4;1;2;2;2;12;1;1;5;3;2;3;2;2;1;2;1;0;1;3;0;1;0;1;0;3;0;0;0;0;0;1;1;0;1;3;1;2;0;2;2;3;0;0;0;0;3;0;2;2;11;0;2;3;3;2;1;3;2;0;2;7;1;3;1;1;0;4;2;2;5;11;3;2;2;1;2;1;2;13;12;4;5;1;6;8;0;7;2;5;2;1;2;4;2;2;1;2;0;1;1;1;2;1;2;0;0;0;2;3;2;2;0;2;2;2;0;0;5;4;1;5;9;1;3;4;2;10;2;3;0;0;0;1;0;0;2;1;0;1;2;5;1;0;2;2;1;2;0;1;1;0;1;0;1;0;1;0;2;0;2;1;1;3;1;5;;
08335000;11;13;8;0;8;4;13;9;7;5;9;1;7;2;9;120;10;6;2;8;8;1;5;0;2;17;45;3;6;8;6;2;3;1;3;6;4;18;4;1;2;8;3;1;2;1;7;4;5;1;7;4;8;2;5;2;2;3;1;2;1;22;8;42;15;20;8;12;7;4;4;5;14;10;13;8;4;4;31;90;5;36;9;12;6;9;5;7;15;3;7;26;4;5;11;11;6;13;5;4;4;10;6;10;16;17;11;2;10;12;3;8;3;10;6;10;15;86;15;27;13;21;15;13;8;15;2;11;10;19;20;5;9;21;2;10;11;6;7;8;4;8;9;4;3;6;8;2;7;2;1;3;7;9;2;1;0;3;1;11;5;13;28;4;1;4;9;2;4;10;1;12;1;0;7;7;13;4;379;137;163;71;127;108;39;60;18;39;17;28;73;17;149;66;52;90;85;15;64;36;40;41;65;281;157;57;130;145;434;470;;115;237;114;159;136;64;66;99;693;273;297;16;244;4;3;8;7;5;8;1;3;12;16;8;7;7;6;36;2;4;13;15;4;4;8;8;0;5;3;3;4;6;1;5;1;5;4;16;0;3;2;3;1;8;7;1;10;9;3;1;3;4;2;2;2;3;1;2;2;2;16;8;49;1;12;4;4;5;5;4;4;7;3;28;1;9;2;1;3;4;5;2;10;39;4;23;11;7;18;10;11;39;64;12;21;5;35;20;2;6;4;3;1;1;2;3;12;5;6;1;2;2;6;2;5;2;4;3;2;5;1;10;2;9;2;8;6;12;4;8;3;9;0;6;30;6;13;5;3;46;6;8;1;13;10;1;6;3;2;3;0;4;7;4;0;3;12;4;9;1;4;0;2;4;4;1;5;2;5;0;6;1;0;2;2;0;3;2;;
08336000;3;11;8;4;5;5;7;10;7;4;11;6;6;3;2;52;7;3;3;2;4;0;3;0;4;11;18;2;6;6;0;3;2;6;9;4;5;7;3;2;3;7;3;2;0;1;8;2;4;5;8;3;9;5;2;4;1;7;3;4;1;19;4;22;11;12;5;3;0;4;6;2;6;6;11;9;5;7;14;55;4;15;4;15;1;3;6;2;12;1;6;10;3;8;15;6;3;12;5;6;4;7;8;6;6;11;5;2;1;7;3;7;0;9;6;6;14;46;10;12;14;11;12;7;12;7;5;13;6;4;15;8;4;13;2;8;6;5;5;2;3;11;3;5;2;4;0;2;5;2;2;1;11;2;5;1;3;8;4;7;4;14;14;3;2;3;6;1;0;4;3;8;3;3;9;7;5;8;83;24;41;8;33;30;16;14;6;11;7;8;14;10;101;38;19;53;38;3;37;13;16;12;12;414;643;92;148;16;54;13;135;;794;17;38;18;14;13;11;32;28;22;4;84;5;2;4;2;2;1;1;1;8;6;7;2;1;3;16;1;1;8;6;7;4;2;7;1;2;1;3;2;2;1;3;0;3;0;5;1;0;3;5;0;5;2;2;4;8;0;0;4;1;1;3;0;0;0;1;3;3;6;2;24;1;5;5;3;6;3;3;2;2;6;9;5;0;1;0;2;2;2;2;3;15;1;6;1;3;3;3;1;7;9;17;1;2;5;12;5;3;5;5;2;2;2;1;9;2;4;4;2;3;4;3;3;0;5;0;3;2;0;5;4;9;7;7;3;8;5;6;10;7;6;10;16;7;9;2;5;29;5;8;2;7;8;4;3;0;6;6;0;0;5;2;0;4;6;3;7;1;2;2;0;3;0;0;6;2;1;1;5;0;1;4;1;2;2;2;;
08337000;1;6;5;1;6;2;7;8;2;1;5;4;1;1;2;37;1;1;1;1;1;1;7;4;1;5;13;4;5;3;0;2;4;2;3;7;1;4;3;2;3;3;1;3;1;0;4;6;3;1;3;2;11;1;3;7;2;7;2;1;3;11;1;15;13;8;5;2;1;1;6;1;7;5;6;3;4;6;10;28;1;11;2;6;0;2;10;6;7;0;5;8;3;4;12;7;3;3;3;6;4;5;8;4;4;15;3;6;3;6;0;2;1;5;4;4;3;28;1;8;6;5;4;3;7;2;3;8;2;5;4;4;4;9;2;5;5;1;2;2;7;4;7;1;1;4;1;3;10;1;3;1;9;6;2;4;0;5;0;2;2;8;10;3;1;3;2;0;3;1;0;4;2;1;4;4;7;4;91;26;33;8;28;21;19;8;2;8;4;4;21;8;73;27;16;34;34;7;30;14;16;8;15;244;243;58;76;28;173;44;283;617;;22;38;23;21;8;10;46;32;24;4;64;5;2;0;0;4;7;5;2;8;3;2;3;1;7;8;1;1;9;4;6;7;1;3;1;2;0;1;2;2;1;2;0;0;0;5;1;1;1;0;1;3;2;0;2;3;2;0;2;0;0;1;1;1;3;0;1;1;6;0;12;2;3;3;2;1;1;2;2;0;0;6;5;2;3;4;3;4;2;1;1;10;1;4;1;6;7;1;5;10;8;2;7;0;8;6;1;1;2;4;3;2;2;3;2;5;1;3;1;3;2;4;5;3;6;0;1;2;6;5;1;5;2;5;1;5;2;5;6;5;6;4;14;6;4;3;9;18;7;5;4;8;4;2;2;8;4;1;1;3;3;5;1;6;7;5;3;5;2;0;0;4;1;2;3;2;1;2;0;1;0;0;3;3;0;0;;
08415000;3;10;6;2;6;0;6;5;4;2;1;5;3;5;7;73;5;3;4;1;4;4;4;1;1;18;17;1;3;3;1;1;5;6;4;9;1;5;3;1;3;4;1;1;2;0;5;3;1;2;8;2;6;3;0;0;1;3;5;1;7;16;3;28;19;13;2;3;3;1;4;2;9;1;8;5;2;8;14;43;3;17;7;5;1;3;5;7;13;2;9;14;4;5;10;3;5;7;8;3;2;6;6;8;9;19;5;8;5;6;7;5;1;5;8;4;12;63;4;9;12;11;7;12;9;9;7;16;2;12;12;4;0;12;0;11;9;4;1;5;1;1;4;2;1;2;4;0;4;8;4;4;2;7;2;2;0;8;5;4;2;11;10;3;0;2;5;1;4;5;1;10;1;2;4;4;11;3;600;257;988;123;210;129;44;58;16;34;14;22;73;11;96;43;26;48;52;12;41;41;73;38;59;69;28;18;44;44;54;32;133;24;18;;1311;340;77;198;116;57;109;188;13;162;8;2;3;3;6;6;1;7;10;8;6;6;3;3;24;5;6;10;4;8;3;1;4;1;3;1;3;3;3;1;2;1;2;1;12;1;1;3;5;1;5;3;0;5;8;2;5;5;3;1;1;4;3;1;0;5;3;12;6;35;1;10;9;4;7;2;4;1;4;2;20;1;2;2;4;3;2;4;3;5;30;4;10;2;4;11;10;14;46;15;7;8;5;20;13;6;1;3;5;1;2;2;4;5;3;1;0;0;2;4;2;0;3;2;2;4;1;0;7;0;7;1;5;1;9;3;8;5;4;6;3;20;9;2;12;4;23;6;4;2;1;7;0;7;0;1;5;0;3;3;1;1;1;8;3;6;0;2;0;2;4;1;2;1;1;0;2;3;0;0;1;0;4;3;4;;
08416000;3;22;17;4;5;4;4;6;6;5;5;4;2;1;1;126;16;2;4;4;3;0;3;1;4;26;34;0;2;6;3;3;2;5;2;5;1;10;1;1;5;4;1;4;1;1;8;8;3;2;6;0;6;0;0;4;3;5;0;0;3;22;5;41;12;24;6;6;5;7;2;4;12;6;7;12;5;8;42;76;5;34;8;12;5;2;5;11;18;2;6;36;5;8;9;10;6;15;8;2;1;8;7;7;15;13;4;5;5;12;5;8;2;9;8;0;20;95;9;29;15;16;10;13;8;11;4;11;8;13;20;4;4;32;1;13;12;6;3;5;6;4;11;7;1;8;3;1;4;4;5;2;4;11;4;5;2;6;2;10;8;14;46;5;0;7;3;2;1;8;5;9;3;2;7;7;12;5;837;803;511;119;290;197;57;109;37;64;28;29;131;12;148;96;47;128;72;20;95;67;225;68;277;192;66;25;88;121;87;80;188;48;41;1249;;757;98;82;94;96;128;103;10;205;6;3;4;9;2;8;11;6;13;11;10;4;7;1;38;5;4;9;6;7;10;2;5;4;3;0;1;4;7;4;5;1;3;0;24;0;4;3;1;2;9;1;2;11;15;4;5;5;3;1;4;4;0;1;2;3;4;30;8;38;1;12;10;3;6;2;6;1;4;6;38;5;2;4;2;3;4;6;5;10;40;3;12;2;5;12;5;8;28;18;7;9;5;15;23;1;5;3;8;2;2;1;3;8;6;2;1;2;2;5;3;0;1;4;2;0;4;3;9;1;4;0;5;2;22;2;8;4;10;8;7;40;5;7;7;4;82;6;2;0;14;11;0;4;2;6;5;0;1;2;2;1;3;11;3;19;0;4;0;2;4;1;1;1;2;0;0;2;3;0;2;1;0;1;2;;
08417000;2;2;0;5;0;3;4;2;3;0;3;2;2;2;0;23;2;1;0;3;2;1;2;1;2;5;13;4;4;4;0;0;0;0;3;1;1;1;0;1;0;1;4;0;4;1;0;3;2;0;5;1;4;0;3;4;1;1;2;0;0;4;2;7;5;6;3;6;0;0;1;4;4;4;2;4;1;5;6;15;1;4;4;6;3;4;1;2;3;0;1;4;2;0;2;5;3;10;2;3;2;2;3;3;5;4;1;1;0;1;2;3;1;2;4;4;5;21;4;9;6;4;9;1;5;1;0;3;2;7;9;3;2;4;0;3;4;1;1;1;2;0;1;2;0;1;0;1;2;1;1;1;4;2;0;0;2;2;1;3;1;3;6;0;0;3;1;0;2;3;0;3;1;2;2;4;3;1;268;114;146;32;84;61;22;23;10;12;6;16;32;2;44;27;13;19;25;14;28;16;57;23;126;41;27;14;43;300;124;194;148;20;28;278;568;;29;32;45;74;82;314;4;72;2;2;5;2;3;3;4;3;6;7;6;1;1;2;9;4;1;5;3;3;2;1;2;1;3;0;0;2;4;0;3;3;0;1;2;1;0;1;3;2;5;0;1;2;2;0;0;2;2;1;2;0;0;2;0;0;0;2;4;16;1;3;0;2;1;1;2;2;1;0;13;3;1;2;1;5;1;3;1;7;12;0;5;2;0;6;0;4;18;12;6;9;3;4;8;1;0;5;1;1;0;0;0;0;2;1;1;0;0;2;6;1;0;1;0;2;3;2;4;0;4;6;1;1;0;2;4;2;2;3;3;8;2;6;2;2;16;4;5;2;5;1;0;1;3;0;1;3;0;0;4;1;0;3;2;1;0;0;0;1;1;0;1;1;2;1;1;1;2;0;3;0;0;0;0;;
08421000;1;5;7;0;2;1;3;2;5;1;4;1;2;0;3;61;10;1;2;1;1;1;0;4;0;10;20;3;1;3;1;1;0;3;8;4;0;3;2;2;1;2;1;1;1;0;3;2;1;2;5;2;4;1;0;2;0;2;2;0;0;7;4;23;10;14;2;3;0;5;2;3;12;4;9;3;1;4;13;40;4;17;3;7;2;4;2;2;5;1;5;8;5;2;4;6;2;6;2;1;0;5;6;6;8;9;3;3;0;3;3;3;2;5;3;4;11;46;2;13;5;6;7;7;10;6;0;5;4;7;6;4;1;6;0;8;4;5;6;1;2;3;5;1;0;2;1;1;3;3;2;1;1;10;0;3;0;5;2;1;4;7;16;2;0;1;1;1;0;0;2;3;0;2;2;2;3;1;227;59;109;117;69;50;23;21;10;25;9;152;117;3;56;23;8;38;33;8;31;10;12;28;16;50;19;11;33;12;25;17;84;17;20;65;83;25;;1573;340;86;137;32;27;222;4;4;4;10;5;8;6;2;11;15;6;9;8;2;41;5;6;9;12;5;5;3;4;2;2;1;3;3;4;2;1;2;2;2;15;4;0;1;5;2;9;5;0;9;9;0;5;5;1;0;4;0;2;2;3;0;3;19;3;33;2;13;4;1;6;3;3;3;3;4;23;2;1;3;2;3;2;2;3;5;97;3;34;31;14;49;39;151;2001;25;19;52;16;38;8;0;2;5;4;0;0;1;1;4;4;2;2;2;0;0;2;1;2;3;1;0;1;3;5;1;2;1;1;2;3;2;3;1;3;4;1;16;3;2;3;4;18;3;1;3;6;7;0;0;0;0;1;1;3;1;2;3;2;5;2;5;0;3;2;3;3;1;1;2;6;1;0;3;0;1;1;2;2;0;0;;
08425000;2;2;2;3;5;4;2;3;1;1;2;0;3;0;0;25;3;5;1;1;1;1;2;0;3;4;8;1;3;4;0;1;1;5;5;7;0;1;0;3;5;4;2;5;0;0;3;4;2;2;2;5;4;0;2;3;2;4;3;1;0;5;2;13;4;16;3;7;4;3;1;1;4;1;6;1;4;1;7;22;3;3;5;3;0;0;4;1;16;1;3;3;3;2;4;3;3;1;2;0;1;2;8;4;4;6;4;2;4;3;2;5;1;1;0;4;3;22;1;3;2;2;6;2;4;6;2;6;3;7;4;4;4;4;4;2;6;7;8;5;3;4;2;1;1;2;2;0;5;1;3;2;1;5;1;1;1;0;0;4;3;11;5;2;1;0;3;0;1;7;0;7;1;0;2;3;5;0;150;48;113;273;57;44;11;19;11;21;6;251;83;3;34;16;18;30;25;4;25;17;15;22;7;33;11;4;19;8;16;13;77;11;11;148;74;35;1291;;679;47;123;46;10;107;3;3;2;2;2;2;4;1;9;11;7;11;3;4;20;4;5;4;4;7;3;4;2;0;3;1;5;4;2;4;3;1;1;1;9;0;2;2;6;0;1;1;2;3;6;4;2;1;2;1;1;3;2;0;3;2;1;7;2;19;1;12;1;5;5;2;2;4;2;1;12;0;5;3;0;4;4;6;1;5;58;2;17;19;7;29;31;144;1065;13;18;48;13;26;8;1;5;2;0;0;1;1;1;1;0;2;6;0;3;2;3;2;1;3;0;3;4;2;3;1;3;1;2;1;3;4;5;6;2;5;3;12;3;9;3;1;14;3;1;2;4;2;2;2;2;4;1;0;0;5;1;0;2;4;2;3;2;2;0;3;4;1;0;2;0;0;4;3;0;1;2;0;1;0;1;;
08426000;0;4;3;1;2;0;2;1;5;1;1;2;2;0;0;33;3;4;0;2;2;1;3;2;1;8;6;3;7;3;4;1;7;3;2;1;0;2;0;2;0;3;1;1;0;2;1;0;1;0;4;2;6;1;0;3;2;4;0;1;1;4;3;9;7;12;1;1;1;5;0;2;6;4;3;3;2;4;9;22;3;8;2;9;3;2;5;3;7;1;6;4;3;4;15;7;3;4;2;1;0;1;2;2;2;7;6;3;3;1;2;4;0;1;2;1;6;28;4;4;4;6;3;11;4;2;2;5;3;5;5;3;2;5;1;5;3;3;4;5;1;1;3;5;2;1;1;3;3;3;4;0;1;4;1;1;0;1;0;1;2;6;13;2;0;5;2;2;4;2;5;7;2;1;0;4;17;1;163;24;66;42;45;27;17;15;8;19;2;38;40;2;38;14;3;30;28;10;20;16;11;13;6;40;17;8;27;14;18;16;116;13;18;101;81;49;341;638;;123;560;334;2;121;5;2;8;4;4;4;9;5;9;11;3;12;1;1;17;3;4;8;5;1;8;4;3;1;7;3;6;6;10;0;3;4;2;2;11;0;3;2;2;1;1;4;0;2;5;2;1;3;2;0;0;3;0;3;0;0;3;10;4;23;1;8;2;1;1;4;0;1;2;0;13;3;1;2;2;2;1;3;1;4;56;10;37;148;5;18;15;45;344;41;21;191;7;41;6;0;0;2;2;1;0;0;0;2;0;1;0;4;0;1;1;2;1;0;0;3;1;0;2;0;5;4;1;0;6;1;2;3;1;1;3;12;4;2;2;1;11;4;6;0;4;2;2;4;2;2;8;1;0;1;1;0;1;1;2;2;1;0;0;0;2;1;0;1;3;0;4;0;2;1;1;4;0;1;0;;
08435000;6;12;9;2;3;5;11;9;5;4;8;4;5;2;10;91;7;4;3;2;6;4;6;0;1;10;26;3;2;11;0;6;2;5;5;3;1;11;3;5;0;2;1;3;0;1;4;8;3;1;4;2;4;2;2;5;1;5;0;4;2;20;5;17;15;15;5;4;4;1;2;3;9;9;7;9;1;12;18;42;2;25;4;10;2;4;5;3;16;2;4;13;3;2;13;8;5;12;4;3;2;10;6;7;5;6;7;1;5;5;2;1;3;7;5;3;8;51;9;10;13;11;6;16;12;5;4;17;7;12;9;5;3;8;2;11;3;4;5;3;5;5;5;1;3;4;2;1;5;2;2;4;1;6;0;1;2;2;2;4;3;12;15;0;1;4;3;1;4;5;2;6;3;4;2;4;6;3;211;63;69;28;79;44;20;25;10;20;8;20;34;5;70;28;16;44;38;6;35;13;16;17;19;102;40;24;46;27;68;75;782;35;34;54;93;56;89;46;122;;1172;450;10;233;4;3;8;7;5;11;3;6;15;11;8;8;4;5;35;2;5;12;12;5;9;2;6;4;1;0;7;3;3;5;4;1;2;0;10;1;3;1;0;1;2;4;0;6;9;4;2;6;3;3;3;2;0;2;3;3;3;11;3;29;2;7;4;1;5;4;3;5;6;3;12;5;5;3;0;4;3;3;2;5;35;6;27;8;6;11;6;9;32;317;11;23;4;48;17;2;2;3;2;0;1;3;1;5;2;6;2;4;4;4;4;8;2;2;2;2;1;1;4;0;8;1;9;4;6;3;9;4;6;5;5;27;6;9;1;4;33;8;3;1;2;7;2;1;2;4;3;2;5;1;1;5;4;9;5;13;1;3;2;1;6;2;1;0;4;2;1;4;0;0;2;1;1;3;4;;
08436000;5;11;3;0;4;6;5;4;4;5;2;1;4;3;0;67;6;2;3;2;0;0;6;4;2;13;21;2;4;8;3;3;0;2;6;3;2;4;0;6;2;6;6;2;1;1;9;9;0;2;4;2;7;3;0;4;3;5;1;2;1;13;1;16;5;10;5;7;1;2;0;2;9;9;6;4;4;5;12;42;5;17;2;7;3;2;10;3;12;2;10;16;5;1;9;4;5;4;7;4;7;10;5;5;9;15;6;4;6;6;7;6;2;6;7;6;9;39;4;11;13;14;9;6;5;5;1;9;7;7;9;2;6;6;3;10;6;2;6;1;3;2;4;2;3;5;4;0;0;4;3;5;7;5;7;1;1;0;1;7;1;12;13;2;1;1;6;2;1;3;2;8;2;1;2;5;6;3;266;48;102;50;71;52;24;22;7;18;10;28;60;5;67;31;13;49;37;16;36;20;31;17;21;115;31;21;47;25;56;51;292;27;33;100;122;68;166;112;686;1188;;523;14;243;11;2;7;11;6;11;4;7;22;15;10;13;5;5;34;9;2;17;12;6;11;7;4;1;5;0;2;8;4;2;6;1;3;2;18;3;4;3;4;4;8;2;1;8;8;3;3;4;2;2;2;1;2;3;5;2;1;18;3;34;1;9;9;6;4;1;3;7;2;4;19;6;4;3;2;3;4;8;3;6;83;16;113;118;9;18;10;20;98;602;34;156;12;239;14;1;3;6;4;5;0;2;0;11;3;3;2;1;2;1;3;5;2;6;2;3;4;2;5;0;2;3;5;6;4;6;5;5;3;2;6;24;9;10;6;6;31;5;3;3;5;7;0;3;2;2;5;0;4;4;3;2;3;10;4;3;0;5;0;1;4;0;0;3;2;0;5;4;1;0;3;1;1;1;2;;
08437000;2;0;2;1;1;4;3;2;0;2;1;6;4;2;4;22;2;0;2;3;0;0;2;0;1;2;5;1;0;2;0;2;2;5;2;0;1;1;2;3;4;3;1;2;0;1;0;1;0;0;2;0;5;0;0;3;0;1;1;0;1;4;0;9;3;5;6;3;0;1;0;1;5;3;2;3;2;0;1;15;0;4;4;3;2;0;0;1;7;0;0;4;1;3;9;5;4;1;3;0;0;2;3;2;4;1;2;2;2;4;2;2;0;1;2;3;5;16;3;7;6;3;2;2;3;2;1;3;3;2;7;1;3;4;1;3;6;0;3;2;3;3;0;1;0;0;0;1;1;4;3;0;2;1;1;2;2;3;0;2;0;4;6;1;0;0;1;1;2;2;0;1;1;0;2;5;2;4;202;111;145;56;130;85;26;80;18;61;24;34;32;7;46;64;53;30;28;20;70;33;44;43;40;94;55;40;106;48;71;139;357;69;59;186;153;405;72;73;392;371;537;;4;56;4;1;0;5;3;5;2;2;7;4;3;5;1;1;10;0;3;2;2;2;5;0;3;0;0;2;2;1;4;1;2;2;1;0;4;2;2;2;3;2;6;3;1;3;3;0;1;3;0;0;2;1;2;0;0;0;0;2;1;10;1;4;2;1;1;0;3;2;1;0;4;1;0;3;0;4;2;2;2;2;16;2;10;2;3;5;1;10;30;30;3;9;3;11;2;2;0;3;3;2;0;1;0;2;1;2;2;0;0;0;0;0;0;6;0;0;5;1;2;1;3;1;3;0;5;0;5;4;5;1;3;8;3;2;2;2;8;1;3;1;3;3;3;0;1;1;0;1;1;0;2;0;1;5;1;0;2;0;1;0;0;2;0;2;0;0;0;2;1;0;1;0;2;2;1;;
09161000;1;4;4;2;2;2;2;1;3;4;6;5;3;1;3;41;29;1;12;9;1;1;1;2;4;9;23;2;1;5;2;2;2;1;0;2;1;1;2;1;0;5;0;1;0;2;2;2;0;2;1;3;3;0;1;0;0;6;1;0;0;6;2;15;2;6;0;2;2;3;0;1;9;7;6;7;2;2;8;26;3;24;4;6;2;2;2;3;7;0;1;4;2;1;3;3;5;6;5;3;0;1;2;11;5;17;3;3;1;2;6;2;1;3;2;1;9;34;2;10;3;5;3;4;6;5;0;5;4;5;9;2;3;3;0;4;7;3;3;1;2;1;3;0;2;0;1;0;3;4;1;3;3;3;1;7;0;3;1;5;0;8;4;2;0;1;5;1;1;1;1;0;0;0;0;1;2;1;46;27;25;6;36;11;24;16;3;5;4;5;12;1;12;8;4;8;13;0;7;8;4;6;2;13;5;6;6;3;7;2;11;5;2;8;6;1;17;8;4;21;14;5;;543;16;17;19;29;31;18;1675;43;77;53;43;27;16;18;66;457;1001;53;21;23;21;20;9;4;18;7;152;30;22;6;9;14;14;8;81;3;8;12;50;11;28;12;2;12;25;7;9;9;4;6;3;9;4;3;6;12;9;30;22;139;5;14;11;12;23;6;43;54;7;8;28;7;3;12;5;6;6;8;5;8;64;3;5;5;29;35;13;13;14;4;6;11;49;11;3;0;2;1;0;2;1;2;1;4;4;1;0;0;1;1;1;0;0;1;0;0;3;0;3;0;2;2;3;4;2;3;11;4;4;3;12;23;5;9;5;1;26;6;5;0;5;5;2;0;2;4;4;0;0;4;1;0;1;3;2;3;0;1;3;0;2;0;1;1;1;1;0;2;1;0;2;1;1;3;0;;
09162000;24;84;59;7;16;25;36;33;57;14;28;24;36;21;25;1101;92;14;34;19;31;15;16;11;10;89;274;18;18;39;4;10;22;28;24;37;10;39;19;8;17;26;12;14;9;4;38;33;12;16;21;12;26;13;7;13;15;31;8;8;4;147;23;462;82;139;38;46;31;36;14;21;67;36;76;115;30;35;194;515;30;152;29;90;22;17;28;60;105;5;29;116;31;14;50;40;31;77;53;28;14;49;29;47;63;113;25;22;15;29;28;38;14;40;42;27;88;713;60;121;49;67;60;101;73;81;20;104;34;59;56;33;27;59;14;69;64;22;28;29;22;23;34;25;11;21;15;10;38;28;19;14;25;44;14;11;2;24;12;34;21;45;122;23;6;25;14;3;18;30;8;19;14;7;23;24;39;11;590;176;224;88;197;123;67;86;20;65;43;72;133;39;203;105;61;181;152;27;150;40;49;47;34;209;96;57;118;29;61;28;208;82;68;107;159;57;187;107;113;205;203;46;1282;;326;290;263;1144;2448;2617;226;1127;1939;4881;711;980;960;1128;9904;215;1025;1308;2498;614;766;364;206;115;249;126;218;429;346;117;245;122;185;45;478;58;75;135;105;73;200;120;37;150;140;53;58;74;48;31;64;66;32;39;27;49;35;206;120;685;32;100;89;68;118;43;73;76;55;48;228;60;58;52;38;46;41;56;69;94;1155;128;166;73;565;491;95;147;141;148;297;279;201;230;88;19;16;22;29;7;7;22;7;75;22;22;13;25;15;33;17;29;12;38;2;12;16;7;41;13;24;25;33;9;26;15;71;37;33;37;42;248;41;49;30;30;391;36;27;9;62;52;7;23;11;22;13;5;15;20;26;15;15;72;24;55;7;36;10;8;17;7;6;32;14;8;3;26;7;12;15;13;18;19;10;;
09163000;1;0;3;1;1;1;0;2;0;0;1;0;3;0;1;27;1;1;1;0;4;0;2;0;0;0;6;0;1;1;0;0;0;0;1;0;0;2;1;1;1;0;1;0;0;0;1;1;0;1;2;0;0;1;0;1;0;1;1;0;0;2;1;7;7;3;4;6;0;0;1;0;0;3;1;3;4;3;0;10;0;2;0;3;1;0;4;1;0;0;0;2;2;1;0;1;0;3;3;1;0;0;8;2;6;3;1;1;3;3;2;2;2;2;3;0;2;9;1;5;3;2;4;3;1;3;3;5;0;3;4;1;2;3;3;8;4;2;0;1;1;0;0;0;0;2;0;0;1;0;1;0;1;0;2;0;0;0;2;0;1;2;5;0;0;0;1;0;1;0;0;0;0;1;1;1;0;0;17;4;7;2;5;1;2;3;0;4;0;2;9;1;3;3;3;4;4;0;5;2;1;3;3;5;3;0;2;2;3;0;8;2;3;5;5;3;9;1;5;7;5;1;13;315;;26;22;23;13;45;3;14;23;19;8;8;52;49;46;3;7;1789;9;121;18;13;11;3;9;3;5;8;12;6;9;5;1;2;18;0;2;3;6;4;5;6;2;8;6;1;1;3;3;4;3;5;2;1;4;6;4;6;3;21;0;6;3;3;6;5;3;2;6;0;10;1;4;1;1;0;1;2;0;4;28;8;6;1;8;6;3;2;4;0;6;4;6;4;1;1;0;0;0;0;1;0;0;1;0;1;0;0;0;1;1;0;0;1;0;0;1;1;0;1;1;0;7;1;1;1;2;2;3;0;1;5;4;3;1;1;7;2;1;0;3;4;0;2;0;0;4;2;0;0;0;0;2;0;6;2;2;1;0;1;0;0;0;3;0;1;3;2;0;0;1;0;0;0;2;;
09171000;0;2;2;0;0;0;1;0;2;0;0;0;0;0;1;13;0;1;1;0;0;0;1;1;3;2;1;1;0;0;1;5;1;1;2;1;0;1;2;0;0;1;0;3;0;0;1;3;2;0;3;1;0;0;0;0;1;0;2;0;0;2;0;7;1;0;2;1;2;0;2;0;5;3;1;3;3;1;1;9;3;3;0;7;4;2;1;1;3;0;2;2;2;0;0;0;1;1;1;1;0;0;0;1;5;5;9;6;0;1;0;1;0;2;1;0;5;11;2;3;4;7;2;3;2;0;1;2;2;4;2;0;0;2;1;3;1;1;2;0;0;1;0;4;1;0;2;1;1;1;0;0;0;0;0;0;1;1;1;1;0;3;1;0;0;0;0;1;1;1;1;3;0;0;2;0;2;1;8;6;4;4;3;2;3;2;4;0;0;2;2;0;2;3;1;4;4;2;1;1;1;1;3;2;2;0;2;1;3;1;1;1;0;3;5;3;1;4;2;3;2;3;18;280;21;;42;11;7;13;6;29;27;13;3;4;11;535;34;5;4;75;5;312;6;23;31;7;15;6;9;29;53;9;386;5;33;1;37;0;2;6;3;0;9;1;2;1;4;2;1;0;0;2;1;1;2;0;1;2;1;9;1;23;0;2;2;2;2;0;1;1;3;1;4;1;0;2;0;2;0;1;2;2;18;2;2;3;5;8;1;1;6;0;2;6;2;4;2;0;0;0;0;0;0;0;0;1;0;0;0;0;0;0;3;0;1;0;0;3;2;1;1;0;0;2;1;3;3;0;8;4;0;1;5;7;1;0;6;1;11;0;0;0;8;5;0;1;1;0;1;0;1;3;1;0;0;3;0;0;0;0;0;1;0;1;2;0;1;1;2;0;0;0;2;0;0;0;1;;
09172000;1;2;2;0;3;0;2;6;3;0;2;2;0;1;1;14;4;5;0;0;1;0;2;0;0;3;18;0;1;1;0;2;1;1;2;2;0;3;0;1;1;4;3;1;1;0;0;0;0;2;1;0;1;0;0;0;0;4;1;0;0;4;0;7;5;5;1;0;1;2;0;3;0;0;2;2;3;3;3;11;3;4;1;4;1;1;3;3;6;1;1;1;3;1;3;2;0;0;2;4;5;1;2;1;3;9;2;1;1;5;2;3;1;1;3;4;0;9;1;4;3;1;3;2;3;3;0;2;4;4;5;3;1;1;0;0;2;1;2;2;0;2;4;5;0;3;1;0;0;2;0;3;1;0;1;1;3;2;2;3;1;1;2;0;0;0;0;0;0;1;3;1;0;1;0;0;3;1;14;5;11;8;6;4;1;4;2;4;3;0;2;0;5;2;1;3;4;2;6;3;1;1;4;11;6;0;4;1;1;5;7;1;3;2;5;6;3;5;6;6;4;1;10;182;24;53;;9;12;17;5;13;14;10;11;7;16;31;38;8;12;96;9;471;10;6;11;10;5;6;5;12;29;5;21;9;7;0;26;2;3;11;4;5;10;4;4;5;5;2;2;5;4;4;2;2;3;3;3;1;4;4;4;26;3;3;5;2;4;4;12;1;3;4;11;3;6;2;1;2;3;1;5;5;22;3;4;3;4;15;3;3;3;2;8;3;4;8;3;2;0;1;2;1;1;2;0;2;2;1;1;2;3;2;1;0;1;0;1;2;3;0;3;0;3;1;0;1;3;3;5;6;5;9;3;6;5;5;0;4;7;0;1;1;4;3;0;0;2;1;3;0;2;3;2;2;2;2;1;1;2;2;1;1;2;0;1;3;1;0;2;0;3;2;1;0;1;2;4;;
09173000;3;2;2;0;0;6;6;3;3;2;6;1;1;1;0;27;1;1;3;1;2;0;4;0;1;2;8;2;0;4;0;2;0;1;1;3;0;4;0;3;0;3;3;0;1;0;4;1;0;1;3;0;1;2;0;7;0;1;1;0;5;9;1;6;5;9;0;2;1;2;1;2;9;1;5;2;3;5;6;7;7;9;2;4;2;2;3;1;4;0;0;3;3;2;5;2;1;3;2;1;2;7;4;2;3;5;3;1;1;2;4;2;2;2;1;2;1;12;3;5;5;4;0;6;7;7;0;10;0;0;1;1;1;3;3;2;3;1;3;4;3;3;0;2;1;1;1;0;5;3;5;1;6;0;1;1;2;0;0;0;0;1;2;1;0;0;0;0;2;1;1;0;3;0;4;3;4;1;15;10;9;8;8;2;2;3;0;4;1;8;10;1;7;4;3;8;6;3;7;4;3;3;1;11;5;3;6;3;7;2;11;3;2;4;2;4;6;5;7;10;15;2;24;774;20;18;16;;37;50;17;20;43;70;167;25;316;26;259;13;12;104;162;39;396;9;13;6;11;11;12;16;18;5;15;6;13;2;27;2;6;6;2;3;7;13;5;6;11;1;6;4;3;1;2;4;2;1;2;3;8;8;5;29;4;8;5;2;7;7;8;6;2;1;10;2;3;7;6;5;4;0;1;4;45;4;10;2;15;27;9;11;7;5;22;15;10;17;4;0;0;0;0;0;1;1;1;3;1;4;3;0;1;2;2;0;0;3;0;1;0;2;5;2;2;1;5;1;5;1;4;5;4;5;2;9;1;4;4;4;12;6;0;2;6;5;0;2;0;2;2;1;0;0;4;1;5;13;2;6;1;2;1;0;3;2;0;1;2;0;0;2;1;4;4;2;0;1;2;;
09174000;2;2;0;0;1;0;3;8;5;1;5;3;3;0;0;23;2;2;2;3;1;3;0;1;5;3;13;1;6;0;0;0;0;4;3;3;1;2;1;2;4;3;0;1;0;1;1;3;0;0;2;3;2;0;0;2;0;2;1;0;0;3;1;7;3;10;3;1;0;0;0;1;7;2;3;2;0;9;3;10;3;6;3;2;1;1;1;5;10;1;2;5;2;1;2;4;1;4;4;0;0;2;3;4;2;3;1;0;2;3;3;6;1;1;3;2;5;12;2;4;4;8;7;1;4;3;3;5;3;5;2;2;1;2;3;3;4;1;2;2;0;0;0;2;1;2;3;1;3;4;0;0;6;5;2;0;0;5;1;4;1;7;6;2;0;2;0;1;0;2;2;0;2;2;1;3;3;1;18;10;13;6;11;9;3;3;5;2;3;4;8;3;4;6;5;7;10;1;6;1;2;5;3;4;2;3;10;0;2;1;12;4;5;4;5;3;13;8;11;7;11;3;35;1608;15;17;16;37;;76;18;68;292;410;21;51;30;30;314;80;236;71;86;25;40;30;11;11;23;21;27;54;35;19;19;12;20;3;27;5;9;17;14;5;15;16;6;6;13;7;3;9;12;3;6;11;1;3;2;5;3;8;10;34;5;13;5;5;9;3;7;7;3;1;10;3;5;6;0;4;2;4;3;12;127;8;6;5;241;74;15;12;5;10;20;27;19;12;3;0;0;3;0;0;1;0;0;3;3;2;2;4;3;4;0;1;0;6;0;5;1;4;2;0;3;1;4;1;0;7;7;3;9;4;4;16;8;11;6;8;20;8;6;0;3;3;0;2;0;3;4;0;2;2;2;4;2;6;3;2;0;0;0;1;2;0;0;2;5;3;1;0;3;2;2;0;3;3;1;;
09175000;0;4;2;0;0;4;1;4;3;3;8;0;1;2;4;36;4;1;0;0;1;0;3;3;3;4;17;2;0;2;2;1;2;7;0;4;0;3;0;2;1;0;0;2;0;1;1;0;2;1;4;3;0;2;0;1;2;1;1;0;1;10;2;15;3;6;4;7;0;0;1;0;4;2;5;6;4;6;5;7;1;9;1;5;1;4;4;2;7;2;4;4;2;0;5;1;2;2;3;3;0;2;0;0;6;3;1;1;3;0;6;2;0;1;5;2;9;19;4;9;2;2;2;5;6;0;2;8;5;7;2;2;0;7;2;5;4;2;3;4;0;0;2;2;1;1;2;3;2;3;1;1;2;1;4;0;1;3;1;2;5;1;4;0;0;0;1;0;1;2;0;1;0;2;1;0;2;1;19;7;12;8;10;2;4;9;3;4;4;7;6;0;13;8;2;9;9;3;3;3;6;6;3;9;4;4;10;2;8;4;16;6;7;5;5;2;8;2;7;8;18;3;25;1611;51;34;29;47;86;;9;565;131;77;14;28;67;189;647;14;38;448;61;63;29;29;14;4;19;18;11;63;32;11;38;7;22;4;37;4;7;11;10;4;17;13;2;9;12;3;5;5;2;2;2;6;4;0;4;7;2;13;8;39;1;11;5;5;7;3;5;4;1;1;12;3;3;2;2;2;0;5;7;13;53;3;10;5;25;26;5;15;9;5;18;12;6;13;3;2;0;2;2;1;0;1;2;4;3;5;5;4;0;3;1;3;0;3;0;0;0;0;4;2;3;6;2;1;6;2;6;6;3;5;5;14;8;4;3;10;23;1;6;0;6;6;1;2;3;6;0;0;0;1;2;1;2;5;6;3;1;5;0;1;1;0;0;5;0;0;2;8;1;0;1;1;0;0;3;;
09176000;0;1;3;0;0;2;0;3;1;3;0;2;1;2;1;25;4;1;6;7;1;0;1;3;1;3;10;2;0;3;1;0;4;2;2;3;0;1;0;0;0;3;0;0;0;0;2;0;1;0;2;1;0;0;3;1;2;3;1;0;0;7;0;7;0;9;3;0;0;0;0;0;3;2;5;5;0;0;5;14;0;8;0;1;0;2;1;2;6;0;4;5;4;1;1;1;2;5;3;2;0;3;3;2;3;11;0;1;0;1;0;2;2;3;5;3;3;17;2;2;4;3;2;1;1;0;2;5;1;1;3;6;2;4;1;0;7;0;4;4;1;2;1;1;0;0;0;1;5;4;0;1;2;1;0;0;0;3;0;0;1;2;3;2;0;0;0;0;2;0;0;0;0;0;0;1;1;0;21;9;8;3;18;3;5;7;2;4;2;6;9;2;8;6;2;4;4;0;5;2;3;1;4;11;3;1;3;2;5;3;5;1;7;4;8;0;7;5;4;5;5;2;1394;257;9;9;7;8;21;11;;11;33;20;10;9;7;6;40;251;365;15;8;11;11;16;7;7;6;2;199;19;10;3;7;5;8;9;75;5;6;6;161;8;32;9;6;13;18;5;1;4;7;3;4;2;4;3;3;7;6;25;11;101;7;17;12;5;12;9;90;111;1;5;13;3;4;5;2;3;2;3;3;2;47;5;5;3;29;22;9;8;5;4;10;8;45;7;4;0;0;1;2;0;0;1;0;1;0;2;0;1;4;1;3;1;1;5;0;3;2;0;1;0;2;5;1;0;5;1;8;8;4;1;6;13;5;0;1;6;14;4;4;1;5;2;0;3;2;4;1;0;2;4;2;2;2;2;1;6;2;3;0;0;1;2;3;3;1;0;0;3;0;0;0;2;2;3;0;;
09177000;2;1;2;0;1;1;2;2;1;0;2;5;6;3;2;26;1;2;0;3;1;1;0;2;0;1;8;0;2;1;2;2;1;4;2;5;1;2;0;1;1;1;0;0;0;0;0;0;1;0;5;1;1;1;0;1;2;0;1;0;2;7;2;5;7;3;2;5;0;1;0;1;3;4;2;4;2;6;1;11;0;9;3;3;3;1;2;3;10;2;2;2;3;3;4;4;0;4;4;0;1;5;1;4;3;5;0;1;1;1;6;5;0;1;1;1;2;10;4;4;2;3;5;4;6;3;1;8;5;3;1;0;0;4;2;4;2;2;3;4;0;0;1;0;0;5;0;2;4;3;2;0;5;0;0;1;1;2;0;6;2;4;2;1;0;1;0;0;0;0;0;2;1;0;0;2;3;1;14;8;8;3;9;7;4;4;3;2;1;2;8;2;4;1;6;4;3;4;11;1;3;1;3;3;1;0;1;1;6;1;10;5;4;3;5;5;5;6;5;6;10;3;14;811;18;50;17;25;55;368;13;;513;45;16;23;31;330;225;16;52;104;32;48;22;128;13;9;22;17;26;372;41;10;52;22;43;5;31;5;5;8;6;6;17;16;2;7;11;5;3;6;7;3;2;14;5;6;6;4;2;9;6;29;3;10;10;9;5;3;6;6;1;3;10;4;3;2;1;4;2;2;3;4;38;10;6;7;27;26;6;6;7;2;13;11;10;3;2;0;1;6;2;0;0;1;1;7;3;5;0;2;3;1;0;3;1;2;0;4;5;0;1;3;4;3;5;0;6;1;7;6;5;6;12;10;11;14;4;7;18;7;4;0;5;1;0;2;0;0;2;1;1;2;6;2;5;3;6;1;1;0;0;0;2;3;0;4;2;1;1;2;1;4;2;1;4;5;3;;
09178000;1;4;3;3;2;1;8;6;4;1;5;1;8;0;5;63;8;4;5;1;4;1;3;2;3;9;24;7;1;4;1;2;5;3;2;4;0;3;6;5;2;2;1;2;1;0;6;4;3;2;2;3;4;5;1;6;2;8;1;2;0;15;4;14;7;11;5;4;3;3;3;6;7;9;11;7;3;5;10;29;3;12;4;6;1;1;8;5;15;2;7;5;3;4;7;10;1;8;9;1;3;5;6;10;9;7;3;1;1;3;6;6;1;4;5;1;8;28;7;10;8;8;12;3;11;6;2;18;10;11;9;3;3;11;3;5;7;4;3;3;4;7;4;3;2;6;1;2;4;5;3;2;5;4;4;1;0;1;3;5;2;9;9;0;0;0;2;0;1;1;0;1;4;0;3;2;2;2;32;13;21;7;14;13;7;8;3;6;6;9;19;5;13;16;6;9;10;5;12;5;5;5;1;15;10;3;19;2;9;6;13;8;8;15;13;5;13;13;12;12;21;12;80;1641;27;26;23;58;289;128;47;580;;127;24;35;38;66;520;43;378;87;47;52;45;286;22;21;37;29;189;513;68;21;46;35;59;6;68;8;11;23;16;9;41;25;17;11;11;5;7;14;7;4;5;13;5;6;3;18;5;14;15;66;0;15;13;15;17;6;14;12;1;5;19;11;14;3;5;6;7;9;5;10;85;6;15;8;43;40;10;17;18;10;22;28;21;16;5;5;1;4;1;1;2;5;0;12;3;4;3;6;4;2;3;7;2;6;2;0;5;3;4;3;7;4;8;3;6;5;13;14;11;11;18;24;10;14;14;6;42;5;3;4;5;2;0;5;1;4;4;0;0;5;3;0;2;8;7;5;1;2;2;1;5;5;2;3;3;1;3;1;0;1;2;3;6;2;1;;
09179000;1;6;1;0;5;3;8;7;7;3;7;8;6;1;5;49;6;2;2;0;3;2;4;1;4;9;23;3;0;7;3;1;1;1;4;5;2;4;1;3;1;3;1;2;2;0;1;3;2;0;3;1;6;0;0;4;1;0;1;4;3;11;2;12;10;14;6;7;4;5;2;0;6;2;6;8;8;2;10;25;4;12;3;9;3;5;5;6;11;1;5;4;3;6;8;12;2;3;5;0;3;1;4;5;7;4;4;2;3;6;4;1;2;4;3;3;4;27;6;5;2;6;6;3;8;8;1;10;4;7;7;4;6;4;4;5;4;0;4;3;0;2;1;1;2;4;0;3;4;5;2;1;3;2;1;0;1;6;1;3;1;6;8;3;1;1;1;2;3;4;1;4;0;0;2;2;7;2;26;14;23;8;8;8;5;5;9;7;4;10;11;3;15;8;5;8;12;3;11;5;8;3;3;12;8;3;7;7;4;3;16;10;6;12;13;8;16;12;7;12;18;2;51;2826;35;39;67;121;582;128;47;113;187;;87;414;74;92;404;63;93;108;522;78;137;28;23;11;24;20;37;47;63;17;28;14;18;5;34;8;12;22;18;10;15;26;5;9;17;7;11;5;10;5;6;11;6;6;2;17;6;12;10;60;2;18;8;7;7;8;7;10;8;89;25;12;7;8;7;5;7;6;4;17;204;19;15;7;249;179;21;39;25;15;71;67;28;37;5;2;1;0;2;3;2;4;0;9;3;7;4;5;0;1;3;4;2;2;2;3;2;4;6;5;5;1;4;0;4;2;11;10;7;15;8;20;8;14;11;6;31;5;5;1;9;3;3;4;2;4;6;1;2;5;2;0;6;5;6;7;1;2;2;4;2;1;0;3;3;1;0;2;4;1;5;4;2;1;1;;
09180000;1;3;2;0;1;6;10;7;1;2;2;6;5;1;3;21;0;0;2;0;2;0;3;1;2;6;9;1;0;0;1;3;1;2;4;3;0;2;0;1;1;0;0;0;0;1;2;0;0;1;1;5;0;2;2;3;1;1;0;0;0;7;2;6;6;2;1;3;2;1;0;2;4;3;3;9;3;3;5;11;0;4;3;6;4;3;2;2;5;0;1;0;1;1;3;6;0;0;3;3;0;0;2;3;2;1;4;3;2;4;3;3;1;4;1;3;1;12;1;5;5;1;5;6;6;2;0;2;2;3;3;3;6;5;2;1;3;0;4;4;1;4;1;1;2;3;0;4;4;1;0;1;3;2;2;6;0;2;0;2;1;4;2;3;2;0;0;2;1;0;0;4;0;0;4;0;3;1;19;4;9;2;7;4;3;4;1;6;5;3;3;7;7;2;3;6;6;0;6;1;2;2;2;8;4;0;6;0;3;2;19;5;2;2;5;0;7;1;7;9;6;4;20;348;7;10;23;168;22;18;16;25;32;29;;52;27;20;53;10;18;35;63;29;394;2;6;5;8;6;4;7;16;6;2;2;6;0;21;3;6;7;6;5;13;8;0;4;7;2;2;4;9;4;2;2;6;8;2;3;0;13;6;26;1;10;8;4;4;7;7;2;0;0;9;3;8;3;3;2;6;4;3;6;61;12;18;3;12;21;5;11;15;6;52;11;4;29;3;2;1;0;1;0;0;2;0;2;2;5;0;1;0;1;2;1;1;2;1;0;2;0;6;2;0;2;4;1;1;1;3;8;3;2;1;12;7;9;2;2;10;1;3;1;2;3;0;0;2;2;0;0;0;1;2;0;1;2;2;3;1;0;0;0;0;1;0;0;1;0;0;2;4;1;0;1;2;1;4;;
09181000;3;5;2;0;0;0;3;4;1;1;4;2;1;0;1;22;2;0;1;0;1;1;3;1;1;5;6;0;0;1;0;1;1;4;3;2;1;2;1;2;1;3;0;0;0;0;0;4;1;1;2;0;2;0;0;5;0;1;0;0;0;5;1;3;5;4;3;0;0;0;0;0;1;1;4;4;2;5;3;17;1;7;1;5;4;2;0;3;11;0;3;4;1;1;1;1;4;3;1;2;0;2;0;2;5;3;1;1;0;3;3;2;0;0;0;0;0;10;0;2;1;1;4;2;1;5;0;6;4;3;5;4;0;6;3;4;5;4;0;2;5;1;2;3;0;4;0;0;2;5;2;2;1;2;0;0;0;2;0;0;0;1;4;2;0;0;0;1;0;0;0;0;0;1;1;0;4;3;19;6;7;7;6;5;3;2;1;6;0;2;8;1;10;4;3;5;9;3;5;1;1;2;1;9;2;1;5;1;4;2;12;2;3;7;7;2;10;8;15;10;15;3;5;599;8;6;12;29;45;18;5;14;30;189;55;;21;12;67;12;17;27;165;8;295;7;6;5;7;4;13;8;13;6;8;2;9;5;26;0;0;6;6;0;4;2;1;6;10;1;5;2;2;2;1;6;5;0;1;2;2;6;3;17;0;6;8;3;4;2;4;6;2;1;14;3;2;0;3;2;0;7;4;2;268;64;29;9;92;368;9;23;12;6;350;171;16;31;1;0;4;1;4;0;0;0;1;5;2;2;1;1;1;1;0;1;1;4;0;3;3;1;2;1;2;0;5;0;3;0;3;4;5;1;3;5;1;6;1;4;18;3;1;1;6;2;0;0;0;2;1;0;3;4;3;3;1;4;2;2;0;1;1;3;4;0;1;2;2;0;0;1;0;0;1;0;0;1;2;;
09182000;1;1;0;0;1;1;10;4;3;0;2;1;2;1;2;20;3;0;2;1;3;0;4;1;0;7;3;3;1;2;0;1;0;2;3;2;1;2;0;0;3;3;0;0;0;0;4;3;0;0;2;1;0;1;0;0;3;5;1;1;2;5;1;10;7;4;1;2;0;0;0;1;2;2;2;4;3;1;1;11;1;10;2;2;2;1;2;2;2;1;1;4;2;0;3;0;3;0;2;4;1;1;2;0;1;4;0;1;1;2;0;2;0;2;3;3;3;21;2;4;0;5;2;5;7;3;0;6;1;3;3;1;3;1;0;5;5;0;0;4;1;3;2;2;0;2;2;0;2;4;2;0;3;0;3;1;0;2;1;1;1;0;4;1;0;1;0;0;0;2;0;2;3;0;1;0;3;1;12;3;7;2;9;4;5;4;2;4;2;3;1;1;2;4;2;6;1;2;6;1;0;4;1;8;2;4;9;1;3;3;10;4;3;5;4;0;2;4;5;6;4;3;12;552;64;10;20;346;24;66;11;21;27;28;30;13;;20;206;5;7;356;31;41;37;8;7;6;9;7;9;14;12;3;9;7;4;3;22;1;4;4;7;3;9;7;3;4;3;1;1;5;4;3;2;6;4;1;4;4;2;4;4;20;0;4;3;1;9;1;5;3;1;1;5;2;5;5;1;4;6;7;6;7;28;6;4;2;9;11;3;10;6;6;18;11;5;11;3;0;0;2;1;2;0;2;3;1;4;2;0;1;0;2;2;1;0;2;1;2;2;1;3;1;1;1;1;0;1;1;3;5;2;4;5;6;7;9;2;3;13;2;5;0;2;7;0;0;0;4;0;2;3;2;1;0;0;2;0;0;0;0;0;0;0;1;0;0;1;1;0;3;0;1;2;0;2;2;0;;
09183000;2;1;4;0;2;0;3;2;1;0;1;2;3;3;1;14;2;0;0;0;3;0;0;0;0;2;5;0;2;6;3;0;1;1;2;2;1;0;0;2;0;6;1;0;0;0;3;0;1;2;1;1;3;1;0;1;2;0;1;0;2;6;0;5;6;5;1;4;1;2;1;1;1;0;4;3;4;1;6;12;0;5;1;3;1;2;0;0;2;0;3;1;3;0;2;4;3;5;0;1;0;1;1;1;3;4;3;2;1;4;0;2;1;2;2;1;0;5;2;2;1;2;4;0;4;0;2;3;1;1;3;2;0;1;0;2;1;0;1;1;0;1;3;1;0;0;0;0;0;0;3;2;0;3;1;0;1;2;0;0;1;0;2;0;0;0;2;0;3;0;1;2;0;1;0;1;3;0;7;2;10;2;8;1;6;3;5;4;2;0;4;0;4;3;0;3;2;0;9;1;4;4;0;4;1;1;3;1;1;2;4;4;2;3;4;3;3;2;3;2;9;5;19;391;45;652;46;27;33;83;12;228;62;46;32;21;20;;62;35;32;268;19;163;42;50;21;5;23;12;14;161;58;8;200;9;27;0;31;3;4;11;6;5;13;19;0;29;6;1;3;5;6;7;3;6;0;3;2;3;4;6;4;25;1;8;1;2;5;0;3;2;1;0;9;3;4;3;1;5;8;2;1;2;28;1;5;2;7;20;4;3;3;2;8;5;6;6;3;2;0;1;1;0;0;1;1;0;6;0;0;1;0;0;1;4;0;0;0;1;0;1;2;2;2;1;2;0;2;1;6;0;1;2;4;12;1;3;7;2;8;2;2;0;4;6;0;4;1;1;3;0;0;1;4;0;2;3;1;2;0;1;0;1;1;0;0;1;2;0;2;0;1;4;1;1;0;0;1;;
09184000;9;18;11;1;2;7;17;11;12;4;13;11;17;3;7;144;14;3;9;4;7;2;6;4;3;19;49;7;10;11;2;4;12;8;5;8;4;6;2;9;14;9;4;4;3;1;9;4;9;5;5;6;6;2;4;6;5;7;2;2;2;26;7;40;14;21;9;9;6;8;3;4;7;13;17;19;11;8;30;66;2;31;12;29;5;6;11;11;45;4;9;18;3;5;12;11;7;14;9;1;2;12;10;9;12;21;4;1;8;8;4;15;1;7;8;7;8;73;13;15;10;12;10;19;6;11;4;22;7;11;19;8;8;17;4;12;9;3;13;8;4;6;7;10;8;4;8;5;19;5;1;2;7;4;6;2;2;6;1;6;4;7;15;4;3;3;3;0;2;6;3;4;0;4;4;5;8;3;76;39;31;15;27;24;8;16;7;8;7;17;28;3;30;23;13;27;28;4;28;6;4;6;6;29;21;4;16;8;9;4;38;10;11;16;25;14;34;18;25;31;34;15;69;7514;62;64;48;396;428;1031;48;443;800;539;64;139;324;154;;47;164;429;488;132;128;63;40;24;41;37;49;131;72;14;55;24;79;7;71;10;13;25;19;16;26;18;12;25;35;12;7;12;14;14;16;17;7;7;5;14;10;32;18;92;8;16;18;10;29;10;15;13;9;6;28;12;17;7;6;17;9;12;15;26;171;15;21;9;77;89;9;22;30;22;71;55;34;45;13;2;4;7;4;4;3;3;4;17;6;9;4;13;4;9;2;8;3;8;1;6;10;2;12;4;7;4;13;3;4;4;12;17;8;15;14;54;16;14;13;15;56;13;12;0;11;7;1;8;1;8;6;5;4;5;3;3;6;15;4;7;1;7;4;4;10;4;2;11;9;4;2;10;3;2;4;5;6;8;3;;
09185000;3;2;0;0;5;2;2;0;1;1;1;4;0;0;1;9;4;0;1;0;0;1;1;3;0;4;9;1;0;0;0;0;4;2;2;4;0;0;0;1;0;3;1;0;0;1;2;0;3;0;0;2;2;1;0;0;1;2;0;1;2;4;1;2;5;7;0;1;1;0;0;2;1;2;4;2;2;0;2;5;0;3;3;2;3;3;1;1;7;1;0;0;2;0;2;2;1;0;0;1;3;1;7;1;2;4;5;1;1;4;1;0;0;3;1;0;0;9;2;2;4;1;2;1;4;1;0;0;1;4;3;1;0;1;5;2;2;0;0;0;0;0;1;1;0;1;3;0;2;3;0;0;0;0;0;2;1;1;0;0;0;3;1;2;0;0;0;1;0;0;0;0;2;0;0;2;1;0;15;7;11;4;6;5;1;3;2;7;2;4;5;1;4;6;2;0;2;2;7;1;4;0;0;3;1;0;1;1;3;1;7;2;2;0;3;1;10;3;3;4;5;1;380;191;1;5;9;5;33;11;212;11;35;19;12;6;2;10;18;;282;13;19;16;21;3;7;4;3;8;36;7;8;6;6;5;5;5;33;1;3;3;17;1;10;9;2;1;7;2;3;8;4;4;0;1;7;0;1;4;6;11;5;35;1;3;6;3;4;4;7;39;2;0;7;1;2;2;4;4;1;2;0;4;100;4;8;4;145;48;15;9;8;4;9;12;172;10;3;0;0;1;0;0;1;2;0;0;2;0;1;1;0;0;0;0;0;1;1;1;0;1;1;0;0;2;4;1;1;0;2;3;4;1;8;6;0;7;4;1;11;3;1;0;5;4;1;2;1;1;3;0;0;0;0;0;0;2;2;0;0;2;0;1;2;1;0;1;1;1;4;0;0;0;2;2;0;0;1;;
09186000;2;1;4;0;1;1;0;4;2;0;2;2;3;1;0;20;3;0;5;1;2;1;2;2;1;3;9;2;3;1;0;1;0;4;0;3;2;3;0;2;5;2;4;3;5;0;4;4;2;1;0;1;4;1;0;1;2;4;0;1;0;4;3;9;3;3;0;0;1;2;1;0;4;3;4;5;1;1;2;9;2;6;0;2;3;3;1;3;5;0;5;2;2;1;1;3;2;3;0;0;1;1;2;3;3;7;3;1;1;2;2;2;2;0;1;3;2;14;2;3;2;3;5;3;4;6;2;4;5;2;4;1;0;2;0;3;5;1;0;3;0;2;1;1;2;0;0;1;0;2;0;0;2;1;2;0;0;2;0;2;0;0;5;0;1;0;0;0;2;1;0;1;2;0;1;3;4;0;16;4;7;5;9;4;3;7;3;2;1;3;8;3;2;6;1;4;7;4;3;4;0;5;1;6;1;2;5;0;3;1;6;6;2;4;3;4;6;11;7;10;9;1;864;440;14;14;14;22;115;32;401;51;250;44;23;25;26;15;65;403;;55;21;19;27;28;7;11;12;11;294;41;17;12;9;14;13;2;49;3;9;12;29;4;23;18;6;8;10;2;4;8;6;6;2;7;3;8;1;6;2;13;3;37;1;10;9;7;9;0;16;19;1;2;5;4;3;4;3;1;6;5;8;4;53;3;5;6;44;17;9;10;12;4;10;7;24;6;2;0;2;2;0;1;0;3;0;3;5;3;2;0;0;3;1;0;0;0;0;2;0;3;1;1;3;3;4;1;4;0;5;5;6;4;5;10;2;10;8;8;16;6;3;1;3;4;0;5;3;6;2;1;2;6;3;1;3;2;2;1;0;1;1;0;1;2;1;1;0;0;2;2;3;0;4;0;2;3;2;;
09187000;2;2;5;0;10;5;13;5;2;1;7;4;3;3;3;47;2;2;0;0;4;2;4;3;3;4;11;3;7;5;4;1;0;1;3;5;1;4;0;2;0;4;1;0;0;0;3;4;2;1;7;2;9;1;3;3;4;3;3;1;3;7;1;15;3;11;6;2;3;2;0;1;5;4;10;10;3;7;9;25;4;12;5;5;1;5;3;4;7;1;4;6;6;1;11;2;6;6;6;3;1;5;1;0;7;12;4;2;3;3;2;7;2;5;4;5;5;27;3;4;3;2;0;2;7;5;1;6;1;9;9;5;2;10;3;4;5;7;3;5;1;2;0;5;3;5;1;0;4;1;6;3;4;2;0;0;1;3;0;5;1;4;8;3;1;1;1;0;2;0;1;0;2;0;1;2;4;1;21;10;14;7;11;10;4;4;7;11;6;3;9;2;9;7;8;10;6;2;11;3;2;2;5;14;11;6;6;0;10;4;15;13;11;10;12;7;12;4;10;14;16;7;21;908;1592;94;105;76;31;293;11;83;56;55;30;28;238;318;213;9;17;;37;685;34;34;28;13;21;12;17;49;53;13;34;11;16;5;60;5;3;16;9;8;11;14;8;10;11;4;3;4;8;8;4;12;6;6;8;12;4;8;9;48;3;14;9;7;7;6;15;5;5;4;20;6;9;3;1;1;2;4;5;12;70;5;9;5;24;28;4;9;11;9;17;17;21;16;2;0;0;4;4;2;2;1;2;2;6;2;1;1;3;2;8;1;1;1;0;6;6;5;3;1;7;4;3;4;3;3;7;6;13;7;11;17;6;11;3;7;22;10;9;1;7;4;3;5;4;4;2;2;1;4;3;0;1;2;6;3;2;2;1;1;1;2;1;3;2;0;3;1;2;3;7;1;0;2;1;;
09188000;2;4;3;0;1;1;6;5;7;3;5;3;1;1;0;48;3;1;2;0;0;0;0;0;0;6;10;1;0;1;1;2;3;2;3;3;2;2;3;4;3;1;0;1;0;0;3;5;1;0;4;1;0;1;4;1;1;0;1;0;0;7;2;19;2;12;2;1;1;0;1;1;7;2;5;12;1;2;9;22;0;10;5;4;0;2;4;5;7;0;2;4;1;3;3;3;5;7;3;2;2;2;1;3;0;6;1;2;1;4;1;1;0;1;6;1;10;21;4;3;8;3;3;10;7;4;2;4;2;6;9;2;0;5;1;5;5;0;5;4;0;1;2;2;0;1;1;1;2;4;4;4;2;1;1;0;1;3;0;3;0;1;5;2;1;0;0;1;1;2;0;1;0;0;2;1;5;0;24;13;13;4;7;7;0;3;1;4;1;7;6;7;10;8;5;15;8;4;6;0;3;6;2;19;13;6;7;2;4;2;20;8;4;5;10;5;10;7;11;17;11;3;25;1698;13;9;16;217;80;56;12;42;58;507;83;365;43;31;351;12;17;57;;26;380;17;11;6;8;10;15;17;28;7;15;8;14;5;37;1;1;10;1;3;15;7;1;5;18;0;4;4;7;2;5;11;3;3;2;5;1;10;8;31;1;12;4;5;6;6;4;7;2;3;7;4;10;1;1;6;6;8;4;8;93;17;16;10;37;40;8;11;12;9;50;50;10;19;6;2;0;1;2;0;3;1;0;7;0;1;0;2;0;2;0;1;0;7;0;1;4;3;4;0;5;2;4;3;4;2;7;4;2;4;2;6;8;4;7;1;13;7;2;0;4;4;0;3;0;2;2;1;2;0;0;0;4;6;2;4;3;5;0;1;0;0;2;3;0;1;0;1;3;2;1;3;3;1;2;;
09189000;0;5;4;0;3;0;3;2;5;1;1;4;1;1;1;16;3;3;0;1;2;0;0;3;0;3;9;3;2;2;2;0;2;2;1;2;2;0;0;1;3;0;0;0;0;1;5;0;1;3;2;2;5;1;0;1;5;2;2;2;0;6;0;4;4;4;3;4;4;2;0;4;4;2;9;5;2;4;8;16;2;6;4;3;2;6;1;3;5;0;1;3;4;0;3;6;5;3;4;2;1;3;1;3;1;8;5;0;1;4;7;4;0;7;3;1;3;15;0;7;4;4;2;4;7;3;1;3;2;6;2;3;2;8;2;3;0;2;3;8;1;2;2;1;1;2;4;0;1;1;2;2;0;1;4;1;2;0;3;0;0;3;1;0;0;1;1;0;0;2;1;2;0;1;2;2;5;1;25;7;8;1;7;6;2;5;3;2;2;5;9;0;6;2;2;5;6;1;5;2;1;1;1;12;5;2;2;4;7;1;6;4;4;3;6;3;4;2;1;9;5;6;13;454;121;444;402;37;12;37;11;35;45;28;22;13;34;152;69;8;6;542;25;;23;21;22;9;8;12;12;23;32;4;50;9;13;1;51;3;1;10;2;4;10;7;5;5;6;3;3;3;3;3;6;7;4;4;2;5;2;7;3;28;0;8;0;4;7;4;4;6;2;2;10;4;1;6;1;2;6;2;5;6;46;3;5;4;8;16;6;2;4;5;12;3;14;5;2;1;0;1;1;1;0;0;1;3;1;2;2;4;1;2;0;3;1;4;0;4;4;2;3;0;0;2;3;0;2;1;4;1;6;11;5;8;7;2;4;6;12;2;3;2;5;2;0;0;1;2;5;0;1;1;0;1;0;4;1;3;1;1;0;0;2;0;2;1;3;1;4;1;1;1;2;1;0;1;0;;
09190000;0;2;4;0;0;2;7;1;1;0;4;1;1;0;3;21;3;0;1;1;0;1;1;1;0;5;5;3;0;3;0;3;1;2;2;2;1;2;1;2;2;1;4;0;0;0;0;2;3;1;2;0;9;0;0;3;1;2;1;1;0;5;2;4;3;5;4;0;1;0;3;1;7;5;2;3;1;1;4;7;0;7;2;7;4;4;4;0;7;0;0;8;2;1;2;2;1;2;5;0;1;2;2;0;3;4;0;2;0;1;7;3;3;5;2;4;3;8;3;4;3;3;2;4;4;0;0;3;0;3;3;4;5;2;0;3;3;1;3;0;2;1;0;1;0;0;3;0;1;2;2;0;0;1;0;1;0;1;0;1;0;2;1;0;0;0;1;0;1;0;1;1;0;1;0;3;0;0;9;4;8;3;3;1;2;3;3;3;3;6;12;4;5;4;6;5;4;2;5;1;4;3;1;11;7;2;4;4;2;3;12;3;3;7;8;2;11;4;5;9;10;5;13;537;14;6;14;317;15;26;6;16;33;48;326;286;28;14;73;9;11;34;220;17;;6;6;9;12;4;6;6;19;4;6;2;10;6;29;0;2;5;8;2;8;6;2;8;8;1;3;4;5;1;2;5;6;2;1;3;4;7;7;22;0;4;4;2;5;5;5;9;1;0;14;4;0;1;4;6;5;2;2;6;128;54;29;6;14;49;7;9;9;8;190;35;7;27;5;0;1;1;3;0;2;1;1;4;0;2;0;1;1;0;1;4;1;3;0;2;2;1;6;3;4;1;4;1;9;1;2;5;2;2;3;9;5;10;1;2;14;4;3;0;5;3;0;1;0;2;2;4;0;3;2;1;0;9;3;3;0;0;0;4;2;0;2;2;0;0;1;1;1;1;2;0;0;3;0;;
09261000;0;1;1;0;0;0;0;3;2;1;2;0;0;0;3;19;2;3;0;1;0;0;2;0;1;6;7;0;1;1;0;1;1;2;2;3;0;0;0;0;1;1;0;1;2;0;1;2;0;1;2;1;4;0;0;1;4;1;0;0;0;9;0;11;5;6;2;1;1;3;0;0;3;1;5;2;0;4;0;11;0;4;0;3;2;0;0;1;1;0;1;2;4;1;4;3;1;4;4;1;0;2;0;3;2;4;2;0;2;0;4;0;1;1;0;1;3;7;2;4;0;1;3;2;2;0;1;4;3;2;3;1;0;3;2;4;3;1;4;3;1;0;1;0;0;0;0;0;1;0;0;1;0;2;0;0;2;0;0;0;1;1;1;0;0;1;0;0;2;1;1;2;3;0;1;0;0;0;10;4;5;5;6;7;4;1;2;1;2;4;4;0;2;5;4;4;2;0;2;4;1;2;0;3;3;2;3;1;4;0;1;2;2;5;3;0;7;3;1;3;8;1;27;306;11;29;9;8;17;20;11;96;159;26;2;10;9;52;50;8;18;43;5;18;5;;21;40;58;21;61;1904;40;19;53;41;194;3;78;4;9;13;4;8;32;10;1;6;3;4;3;18;3;0;9;4;1;3;1;1;1;4;7;39;1;4;0;1;3;3;2;1;2;5;9;5;2;3;1;5;0;1;0;4;21;2;2;1;8;9;6;1;3;0;5;2;8;3;3;2;0;0;3;0;1;0;0;5;0;1;3;0;0;0;2;2;0;0;0;1;1;0;3;1;0;0;1;3;0;2;4;1;1;2;3;12;1;3;1;2;10;3;1;0;2;0;1;0;0;4;0;0;0;0;3;1;0;5;1;1;0;1;0;1;1;1;0;1;0;2;0;1;1;0;1;0;1;3;0;;
09262000;2;5;5;0;1;3;1;3;3;2;2;1;3;1;1;44;5;1;2;1;1;1;0;0;3;6;10;0;1;3;0;1;2;3;0;4;0;3;0;0;1;0;0;2;1;0;7;2;3;1;1;0;2;0;3;2;0;3;1;0;0;6;1;17;7;7;2;3;1;0;1;4;5;2;3;4;3;3;12;18;2;4;1;3;1;0;1;0;7;0;3;6;1;4;5;3;2;3;2;2;0;0;2;2;2;7;4;0;3;2;2;3;1;3;4;4;2;28;1;4;3;2;3;7;4;2;0;4;2;4;3;2;2;6;1;5;4;2;1;1;2;1;6;3;0;1;2;0;2;1;0;0;4;1;1;0;0;1;0;2;2;2;6;1;0;0;1;0;0;1;1;0;0;0;4;0;1;1;20;11;10;4;7;7;4;8;3;2;3;1;5;2;10;5;4;8;7;1;4;2;1;0;2;9;3;2;6;1;3;1;2;4;2;6;8;0;7;3;7;9;4;1;12;254;7;21;10;5;10;12;6;11;18;15;6;5;8;13;36;4;5;22;15;18;6;28;;18;85;112;5;25;1101;23;54;15;24;3;56;6;2;5;5;4;22;5;3;9;6;1;2;2;1;2;2;5;1;1;3;4;1;11;3;41;2;7;6;3;4;0;6;4;1;2;13;1;1;1;2;1;2;3;2;7;22;2;4;3;7;13;2;3;6;6;4;5;1;3;3;0;0;1;5;0;0;0;0;4;0;0;2;0;0;0;0;3;0;0;0;1;0;0;2;0;1;0;4;0;1;0;5;1;3;1;0;10;0;4;1;2;13;2;0;1;4;9;2;3;0;1;1;1;0;1;0;1;0;2;1;3;0;1;0;0;1;0;0;2;0;0;1;1;0;0;0;1;0;0;0;;
09263000;0;1;1;1;0;1;0;0;0;0;2;2;0;0;0;10;0;1;1;0;0;0;0;0;0;3;1;0;1;1;0;0;0;2;1;0;0;1;0;2;2;1;0;0;0;0;0;0;0;0;0;0;1;1;0;0;0;0;1;2;0;3;0;2;2;7;0;0;1;0;1;0;0;0;3;4;0;0;1;2;2;1;1;3;3;1;1;0;2;0;1;3;0;0;3;2;0;3;2;1;0;1;0;0;3;2;0;1;0;1;3;0;1;1;4;0;0;4;1;2;0;2;1;3;2;0;1;3;2;1;0;3;1;2;0;1;1;2;0;1;0;2;0;0;1;0;0;0;1;1;0;0;2;0;1;0;0;0;0;1;1;3;2;1;0;0;0;1;0;0;0;0;0;0;0;0;1;0;3;0;1;1;2;1;1;2;0;1;1;1;2;0;3;3;0;1;3;0;1;1;1;0;0;0;0;2;1;0;1;1;2;1;0;4;2;1;3;1;1;2;1;0;8;104;7;12;4;6;3;2;5;6;17;7;4;1;4;6;22;2;2;17;2;9;3;36;17;;132;11;27;33;32;27;15;1111;110;11;129;4;0;43;9;4;72;19;2;1;12;1;3;3;4;0;1;1;0;5;0;5;5;13;7;30;0;4;0;3;7;1;6;3;2;1;9;0;1;1;2;0;1;8;1;0;12;4;1;0;4;5;0;4;0;1;1;2;8;2;1;0;0;0;0;0;0;1;0;1;0;1;0;0;0;0;0;0;1;2;0;0;0;2;1;0;0;0;0;2;0;0;2;2;0;4;2;4;1;2;2;4;3;0;2;0;1;1;0;0;1;0;0;0;0;0;2;0;2;1;0;0;1;0;0;0;0;1;2;0;1;1;0;0;0;1;1;0;0;0;0;;
09271000;3;0;2;2;2;1;3;2;1;2;0;1;0;1;1;15;1;4;1;0;3;2;2;0;0;2;6;0;1;1;0;1;1;0;1;1;0;2;1;0;0;0;0;0;0;0;1;0;1;0;0;0;0;1;1;0;0;3;1;0;0;2;3;5;2;3;1;0;0;1;1;1;3;3;5;1;1;2;3;7;2;4;2;0;1;1;2;2;4;0;0;2;1;2;0;2;3;0;0;1;0;2;1;0;7;3;0;1;2;0;1;1;0;1;2;0;2;12;2;1;2;3;2;0;2;3;0;5;2;1;3;2;1;1;3;1;1;3;4;1;2;1;1;2;1;3;2;1;1;0;0;4;1;0;0;0;1;5;1;0;1;2;3;1;0;0;0;2;0;0;0;0;0;0;0;1;1;0;15;4;4;1;6;4;2;3;0;0;0;3;6;0;4;4;5;6;2;1;5;1;4;2;0;4;4;0;3;2;3;1;6;2;1;3;0;2;2;3;5;5;5;0;16;195;8;23;10;12;12;10;12;20;35;11;8;8;6;16;34;5;12;17;12;17;9;106;122;140;;170;46;74;526;299;117;283;287;7;118;4;8;50;14;10;45;14;5;6;5;1;2;8;4;4;8;4;1;2;4;6;3;9;8;46;1;8;4;3;11;1;2;2;5;2;14;7;5;5;2;4;7;10;3;5;21;3;5;1;9;13;2;3;5;5;4;4;7;9;3;0;0;0;0;0;0;2;0;3;0;1;3;0;1;0;0;0;0;0;0;2;2;0;1;1;2;1;4;0;3;0;5;2;1;3;1;4;3;2;2;0;6;2;3;0;3;1;0;2;0;2;1;0;1;2;1;0;0;5;1;3;1;0;0;0;0;0;1;4;0;0;0;1;0;0;0;1;0;1;0;;
09272000;0;0;0;1;2;0;2;2;0;2;1;2;1;0;2;10;1;0;0;2;1;0;1;0;0;2;3;0;0;0;0;1;3;1;0;0;0;0;0;2;0;0;0;0;0;0;1;0;0;0;1;0;4;0;2;0;0;0;0;2;0;1;0;2;2;2;0;0;0;2;1;1;4;0;1;1;0;6;0;4;1;1;1;1;0;0;0;2;3;0;1;0;1;1;3;1;0;0;1;0;1;0;2;0;1;0;2;0;1;0;1;1;0;1;2;0;1;2;0;1;0;0;0;0;1;1;1;1;0;1;3;0;2;2;0;4;0;0;0;1;0;0;0;0;2;0;0;0;0;0;0;0;0;0;0;0;0;0;0;1;0;0;0;1;0;0;0;0;0;0;0;0;0;0;1;1;0;0;1;0;2;1;2;4;0;2;2;0;0;0;0;1;1;3;2;1;1;0;2;0;2;0;1;1;1;1;1;4;3;0;1;0;2;2;1;0;2;1;1;1;1;0;4;76;2;8;6;5;9;2;1;6;12;7;0;3;3;7;14;5;3;13;3;7;2;11;155;18;161;;3;11;533;130;25;23;22;1;33;1;3;13;0;3;12;6;0;3;2;0;2;3;0;0;1;1;4;3;0;4;1;2;1;15;0;1;1;3;4;1;2;2;0;0;6;3;2;0;1;3;1;2;1;1;8;0;2;0;0;0;1;1;0;1;1;3;2;0;0;0;0;1;1;0;0;0;0;1;0;0;0;1;0;1;1;0;0;0;0;0;2;0;0;0;2;0;1;0;1;0;1;2;2;2;0;3;1;3;1;0;4;0;2;0;0;1;0;0;1;1;4;0;1;1;0;1;3;1;1;1;0;0;1;1;0;0;1;1;1;0;0;0;1;0;2;0;0;0;2;;
09273000;7;2;1;0;3;2;1;0;4;1;0;4;3;4;1;11;0;7;2;1;0;0;1;0;0;4;6;3;2;0;0;0;0;1;0;0;0;2;0;1;0;0;0;0;0;0;0;2;1;0;1;1;0;0;1;0;1;4;1;0;1;3;1;3;4;4;1;6;1;3;0;4;1;1;1;6;1;2;1;10;0;4;2;4;2;2;0;0;2;2;3;2;4;1;7;0;0;1;1;1;0;2;4;0;4;3;1;2;0;2;1;2;2;1;2;2;3;10;0;4;5;2;0;3;3;4;2;3;0;1;0;0;2;1;5;1;2;4;4;1;1;3;1;1;0;1;0;2;1;1;1;0;0;1;3;0;1;2;0;0;1;3;3;1;1;0;1;0;2;4;1;3;0;1;0;0;4;0;9;5;6;3;6;6;2;7;3;1;4;2;1;1;5;3;0;7;5;3;4;2;4;2;3;3;2;0;3;2;4;3;2;1;2;2;2;1;4;5;4;4;4;1;128;202;4;10;9;7;17;6;187;27;115;12;7;2;8;5;35;35;232;18;10;9;7;67;8;22;23;7;;185;18;18;12;53;24;3;524;4;12;38;67;14;498;73;7;4;7;1;7;5;2;2;4;5;3;4;3;10;1;8;7;45;0;14;7;7;7;4;11;6;3;1;7;6;5;3;3;2;3;2;2;5;25;1;0;1;3;7;3;5;7;1;4;3;6;7;2;0;0;4;1;0;0;0;0;1;3;3;0;0;0;1;2;1;1;3;2;2;0;0;0;0;2;1;4;3;5;1;0;1;6;6;5;10;3;5;3;0;9;4;4;0;1;2;0;2;0;2;1;0;2;4;1;2;2;2;1;0;0;0;0;0;1;0;2;6;1;0;1;0;0;2;1;0;3;1;0;;
09274000;0;3;1;1;1;0;3;2;4;2;1;1;2;3;1;19;0;1;1;0;2;0;1;2;0;7;6;3;0;3;4;1;3;0;0;2;1;1;0;1;1;0;0;1;1;0;1;0;3;0;2;2;2;2;2;0;2;3;1;0;0;7;3;2;1;4;0;4;1;0;0;1;3;1;2;5;1;5;5;9;2;6;2;3;2;0;1;0;3;0;2;1;1;1;2;2;1;1;2;1;0;1;3;0;3;5;0;2;8;0;3;3;1;2;2;1;1;9;1;5;0;2;2;3;5;1;1;3;2;5;4;4;2;3;1;2;1;1;1;2;5;1;1;2;2;0;1;0;1;1;1;2;3;3;0;0;0;0;0;1;1;1;3;1;2;2;0;0;0;4;0;0;0;1;0;0;0;3;16;7;6;5;9;5;1;7;1;3;0;0;7;0;4;3;0;3;2;1;6;4;4;1;2;2;2;0;4;1;6;0;8;4;3;9;5;3;1;2;5;6;4;2;19;325;8;33;12;14;27;33;22;219;234;20;8;5;8;121;50;7;45;28;10;27;12;1591;21;28;63;18;154;;54;26;106;138;450;2;114;3;6;28;14;5;84;24;5;6;6;4;4;5;5;1;6;8;2;5;1;9;2;4;3;29;0;6;7;2;5;5;5;7;2;1;6;4;5;0;1;1;4;1;5;5;23;2;5;2;11;11;4;9;5;2;6;6;5;6;3;0;3;0;1;0;0;1;0;0;2;0;1;1;0;1;1;2;2;1;0;2;2;0;1;0;4;1;5;1;2;1;2;5;6;9;1;9;8;7;2;4;17;3;0;2;5;0;2;0;1;4;2;0;1;1;0;0;1;3;4;0;0;0;2;0;0;1;0;1;0;0;0;3;0;1;0;1;0;3;2;;
09275000;1;1;1;0;2;0;5;4;1;0;1;1;2;0;0;16;4;1;1;2;1;0;1;1;0;3;7;5;1;2;0;0;1;0;0;1;2;2;0;0;4;1;0;0;0;0;1;0;1;2;2;3;4;0;1;2;4;2;1;0;2;5;1;4;10;9;1;6;1;0;1;1;6;4;3;3;4;4;5;13;0;8;1;1;4;2;0;0;7;1;1;0;1;1;9;2;1;2;0;0;1;8;8;1;1;5;1;5;3;1;2;3;0;3;3;0;1;9;2;2;2;6;3;0;3;4;0;2;11;2;3;2;1;1;0;0;2;1;1;4;1;3;2;3;0;0;0;2;1;4;1;0;1;1;1;4;0;0;0;1;1;3;4;0;2;0;1;0;1;2;0;0;1;0;0;1;2;0;9;6;4;1;6;4;2;7;2;4;3;0;6;2;3;4;1;3;3;0;2;0;3;1;1;5;1;1;5;2;1;3;6;3;1;3;0;3;2;5;3;2;3;2;11;229;5;59;23;9;13;10;8;16;31;11;6;8;16;36;32;4;8;31;14;24;7;41;1118;32;375;462;19;33;;56;393;39;68;5;96;2;5;22;7;6;27;9;4;5;8;1;20;4;0;2;0;8;3;3;1;5;6;13;10;54;2;4;2;1;5;6;6;6;5;5;8;14;2;2;0;0;1;1;5;4;22;4;9;1;6;5;2;7;3;2;8;7;6;7;6;2;0;0;1;0;0;0;0;1;1;2;3;2;3;1;0;1;0;2;1;4;4;1;4;0;0;0;0;1;0;1;2;3;5;6;4;8;3;5;2;1;7;3;1;0;4;2;0;0;0;0;2;0;0;1;0;0;1;4;2;6;0;0;0;1;0;1;0;1;0;1;0;1;0;1;2;1;4;0;1;;
09276000;0;2;0;0;0;0;0;0;1;0;0;2;0;1;1;2;0;1;0;1;0;0;1;0;0;1;5;0;1;0;0;3;0;1;1;0;0;1;0;0;0;0;3;0;0;0;4;0;1;0;0;0;1;2;0;0;0;3;1;0;0;0;0;2;1;2;0;1;1;0;0;1;4;0;0;1;1;1;0;3;0;2;1;1;0;0;0;0;4;0;3;0;0;0;1;3;1;0;2;0;1;0;2;2;2;1;1;0;2;3;0;1;0;0;0;1;1;4;0;2;0;0;0;0;0;0;2;0;0;2;2;2;2;0;1;0;1;0;1;1;0;0;0;0;1;2;0;0;0;0;0;0;2;0;0;0;0;0;0;0;0;0;1;0;0;0;1;0;0;0;1;0;0;1;0;0;3;0;4;0;2;1;4;2;2;3;2;2;1;5;2;1;1;5;1;0;2;0;1;1;0;1;0;1;0;1;2;0;0;0;0;1;0;2;1;1;2;0;3;1;6;1;7;100;1;8;7;4;1;6;2;7;8;3;3;1;4;3;17;1;7;9;4;6;1;16;38;34;332;128;10;21;76;;21;99;34;0;48;3;7;151;5;3;18;19;3;2;2;3;2;1;1;3;2;5;1;0;0;2;2;6;1;27;0;4;0;0;2;2;4;1;5;4;6;1;3;2;0;0;0;1;1;3;6;0;0;1;0;2;0;5;12;0;9;1;3;6;0;0;0;1;0;0;2;0;1;0;1;0;1;1;0;0;0;0;0;0;0;1;1;0;1;1;0;0;2;1;2;1;1;3;0;1;3;2;0;0;5;2;3;0;1;0;0;2;1;0;0;2;1;0;0;0;0;0;0;1;0;1;0;0;1;1;2;1;0;0;1;0;0;3;0;0;2;0;0;1;0;;
09277000;2;1;1;1;1;0;1;2;3;0;0;0;0;1;2;13;0;0;0;0;0;0;0;0;0;4;6;0;0;3;0;5;0;0;2;0;0;1;0;2;1;0;1;0;0;2;0;4;0;0;4;1;3;0;0;0;1;0;0;0;1;1;1;3;4;5;6;2;0;1;0;0;6;1;2;0;0;3;5;12;0;1;1;1;0;2;4;0;12;0;5;2;1;1;4;1;0;3;1;2;0;1;1;2;7;4;3;1;0;1;2;2;0;2;1;3;0;8;0;0;2;2;1;0;2;4;0;2;3;1;0;1;0;1;1;5;1;1;1;0;0;1;1;1;0;1;1;0;1;0;0;0;0;2;0;1;0;1;0;1;0;1;0;0;3;0;1;0;0;0;0;0;0;0;0;2;0;1;5;5;7;5;4;0;2;0;1;5;2;1;1;0;1;1;3;2;1;2;9;4;1;2;3;2;2;2;2;2;2;1;3;4;3;3;1;2;5;4;1;4;1;0;7;224;4;266;19;6;9;17;4;22;25;12;4;4;13;139;32;5;5;31;8;44;4;41;67;14;86;23;9;73;405;11;;31;221;1;43;5;3;17;4;1;13;7;5;3;3;0;2;2;3;0;2;0;1;1;0;4;0;5;1;18;0;5;5;4;3;2;2;1;4;2;5;2;1;0;3;0;2;1;1;1;18;1;7;0;3;7;3;6;5;4;0;2;5;5;1;0;0;0;1;0;1;0;0;1;0;1;0;4;2;3;0;0;0;0;0;0;1;0;1;0;2;1;1;0;4;2;2;0;1;3;3;2;1;1;1;1;2;3;1;1;2;1;0;3;3;0;2;0;4;2;0;0;0;3;1;1;0;0;0;0;0;1;0;2;0;0;3;0;0;1;1;0;1;0;0;;
09278000;0;0;0;1;1;3;2;0;0;2;1;1;0;0;1;7;3;0;0;0;0;0;1;1;0;1;4;1;0;0;0;1;1;1;4;0;0;1;0;0;0;0;1;1;0;0;0;1;1;0;0;0;2;2;0;0;0;3;1;0;1;4;0;10;0;8;0;1;0;0;0;1;1;0;1;1;1;0;1;2;0;0;2;3;0;1;2;2;2;0;0;2;2;0;5;4;3;0;3;1;0;0;0;0;1;1;0;1;0;0;0;0;0;4;0;1;0;5;0;4;0;1;1;0;1;3;1;1;0;1;2;1;1;2;0;0;0;0;1;2;2;1;0;1;0;2;3;0;0;1;0;1;0;1;0;0;0;0;0;0;0;0;2;0;1;0;0;0;1;0;2;1;0;0;0;0;0;0;8;4;2;1;3;3;0;3;3;3;2;0;4;1;0;2;1;1;3;0;3;0;2;0;1;1;0;1;2;1;2;1;2;2;0;1;1;0;2;0;1;5;3;1;8;124;2;6;4;2;4;4;7;12;14;8;3;1;5;6;14;8;6;10;10;8;8;33;16;1006;234;15;41;122;39;130;25;;193;3;146;3;5;130;7;5;169;24;4;3;3;0;4;4;7;1;1;7;1;0;3;4;2;6;4;19;0;2;2;6;3;4;2;3;1;0;8;4;5;1;1;1;0;1;0;1;13;1;2;3;3;4;2;2;3;1;2;5;2;3;4;0;0;1;1;0;0;1;0;1;0;0;0;0;0;3;0;0;3;0;1;0;0;0;0;0;3;0;0;0;1;0;1;1;1;3;0;4;2;2;0;1;4;2;0;3;1;1;0;0;0;1;3;0;1;0;0;0;4;1;1;1;0;0;0;0;2;0;0;0;0;0;0;1;0;3;1;0;0;2;0;;
09279000;2;0;1;0;0;2;0;0;0;0;1;1;0;0;1;7;0;0;1;1;1;0;0;0;0;2;4;1;1;1;0;0;0;1;0;0;0;3;1;1;0;2;1;0;0;0;0;0;0;0;0;0;1;0;0;1;1;1;0;0;0;2;0;0;2;4;3;2;1;0;0;0;3;1;0;0;1;3;2;4;0;3;1;4;2;0;1;1;4;0;0;1;1;0;1;1;5;0;0;0;0;1;0;1;1;7;4;1;0;0;1;1;2;0;0;3;1;8;1;0;0;2;1;1;0;1;0;2;2;5;4;0;2;2;0;3;2;0;2;0;0;1;0;0;2;0;1;0;2;1;0;1;1;2;0;0;0;1;0;0;0;1;1;0;0;0;0;0;2;0;0;0;0;0;3;0;1;0;6;3;5;1;6;3;1;6;1;0;2;1;2;0;3;2;6;0;1;2;2;3;1;0;1;3;0;0;1;1;0;2;0;0;0;3;2;0;1;3;1;3;5;1;14;174;4;29;9;7;14;11;5;17;27;11;5;4;7;21;45;4;22;17;6;14;7;152;24;102;250;20;25;299;78;30;245;172;;0;63;3;4;24;5;5;36;11;1;1;4;1;0;2;2;1;2;3;3;3;0;4;0;2;6;19;0;4;0;1;4;1;1;2;1;2;3;4;2;0;0;1;0;6;4;1;15;6;3;1;2;4;0;4;1;0;3;1;5;7;0;0;0;0;0;1;0;1;0;2;0;0;0;5;1;1;1;0;0;0;0;1;2;1;0;0;0;0;0;0;0;0;2;1;3;2;0;10;1;1;0;3;5;0;0;0;4;2;0;3;1;5;0;2;1;0;4;0;0;2;0;1;2;0;0;0;1;0;0;0;3;0;0;1;0;1;0;0;0;0;0;;
09361000;0;3;0;0;0;0;0;0;0;0;2;2;2;3;0;7;4;2;2;0;1;0;0;0;0;2;5;0;0;0;0;0;0;1;1;1;0;0;0;1;0;3;0;0;0;0;2;1;0;0;0;0;0;1;0;0;0;1;0;0;0;1;3;2;2;3;0;1;1;0;0;0;1;0;2;0;0;2;0;5;0;3;0;2;2;0;1;3;0;0;1;2;0;1;1;0;3;1;1;0;0;3;2;0;1;2;1;2;0;1;0;3;0;2;3;0;3;6;0;4;0;1;0;1;1;1;0;1;4;2;3;1;0;0;1;0;0;2;0;3;0;0;0;0;0;2;0;0;1;0;0;0;1;0;0;0;0;0;3;1;0;0;0;0;0;0;0;0;0;1;0;1;1;0;0;0;0;0;5;2;1;1;1;2;1;1;2;3;3;1;3;1;2;0;0;1;0;5;0;1;1;0;1;2;2;0;1;1;1;0;1;0;0;1;0;0;3;3;0;0;1;1;4;55;2;1;2;4;3;6;7;3;7;7;2;2;3;1;6;1;5;6;2;2;2;5;4;13;5;0;6;3;5;2;1;4;1;;103;32;888;19;26;31;27;111;13;5;24;2;2;1;7;2;5;4;1;3;5;6;4;17;14;93;4;3;6;9;24;6;4;5;1;2;9;1;0;1;3;1;2;1;2;0;10;0;3;3;1;7;0;1;4;0;3;1;6;1;0;1;0;0;0;2;0;0;0;0;1;1;1;0;1;0;0;0;2;0;0;0;1;0;0;0;0;1;1;0;3;0;0;2;4;4;1;8;2;0;0;1;7;0;0;0;0;3;0;2;0;0;2;0;0;0;0;0;2;0;1;1;0;1;0;0;2;0;0;0;0;1;3;0;2;0;0;1;2;1;0;;
09362000;1;10;6;4;2;3;5;4;5;1;4;2;4;2;4;80;15;0;3;2;7;0;2;1;4;8;27;0;2;5;3;0;3;2;0;3;4;3;2;1;1;3;1;1;1;2;2;4;0;2;0;2;1;0;1;1;3;4;2;0;0;11;1;30;8;13;1;2;3;5;0;2;11;2;5;4;3;5;12;36;4;16;3;7;2;0;0;6;14;1;3;11;3;3;6;3;1;0;1;1;1;4;2;6;8;12;3;1;0;1;3;2;5;5;6;3;9;60;2;12;5;8;3;9;6;10;2;5;4;7;6;5;2;8;4;9;9;0;3;2;3;2;5;0;3;2;1;2;3;0;0;3;3;4;2;1;0;2;1;4;1;5;19;0;2;2;2;0;2;0;0;2;1;2;0;2;2;0;48;13;23;9;17;11;4;5;3;10;3;8;16;0;12;5;5;16;18;3;14;3;4;5;2;22;8;2;13;1;6;6;14;8;3;10;24;7;18;6;4;12;12;2;64;587;15;22;24;24;25;29;39;21;67;32;30;16;12;23;85;24;47;53;34;40;26;60;49;117;67;22;551;83;57;43;46;158;40;95;;85;141;319;223;140;3261;803;128;21;45;9;20;20;12;7;11;10;10;5;10;30;4;47;24;180;6;19;24;12;22;8;23;14;12;10;48;9;18;7;5;8;10;11;6;13;54;11;15;8;19;28;11;13;12;12;18;19;21;23;8;2;1;4;3;0;2;3;1;7;6;1;2;1;1;1;4;1;2;3;1;1;3;0;3;3;1;0;3;1;2;0;9;5;4;5;3;44;13;6;4;4;54;5;3;0;6;11;0;0;1;4;1;0;0;3;4;1;2;7;1;7;1;6;1;1;1;1;1;2;1;0;1;3;1;2;1;2;4;1;0;;
09363000;2;1;0;1;0;0;1;0;2;0;0;1;0;1;1;9;1;0;2;0;3;0;1;2;0;1;3;1;2;1;0;0;0;0;0;0;1;0;1;2;1;0;0;0;0;0;1;0;0;0;0;0;1;0;0;0;1;1;0;0;0;0;1;2;4;1;0;1;1;3;0;0;2;0;0;1;1;1;1;2;0;1;2;1;0;1;1;1;1;0;2;2;1;0;0;1;0;1;0;0;0;2;2;0;0;3;1;1;0;0;1;0;0;1;1;1;1;6;4;2;2;0;2;1;3;0;0;0;2;1;1;4;0;0;0;4;3;2;1;0;2;0;1;0;1;2;2;1;1;0;0;0;2;2;0;0;0;1;0;2;4;4;1;0;0;0;1;0;0;1;0;0;0;1;0;0;0;0;7;2;3;2;1;2;3;2;0;1;0;4;2;0;1;0;1;4;2;4;2;1;1;0;1;2;2;1;1;0;1;0;0;1;1;3;0;0;3;5;3;1;3;1;7;54;0;2;1;1;2;3;4;5;2;4;2;1;3;0;9;3;7;6;7;7;2;2;4;4;5;0;10;4;1;2;2;6;0;37;70;;60;25;10;867;26;106;126;7;34;4;8;3;18;3;3;8;3;1;0;30;5;11;8;61;4;6;7;7;10;3;4;2;2;3;9;3;2;2;2;2;1;2;0;6;6;1;2;0;1;1;0;0;1;1;0;0;3;0;1;0;0;0;0;0;2;1;0;1;2;1;3;1;4;1;0;1;2;0;1;0;0;0;1;0;0;0;0;0;0;0;3;2;0;5;5;7;2;2;0;0;14;5;0;1;2;1;1;0;0;0;0;0;0;0;0;0;0;1;1;2;0;1;0;1;0;0;0;0;1;0;0;1;1;2;0;1;0;1;0;;
09371000;0;1;0;0;0;0;0;0;2;0;2;5;1;2;1;9;0;1;2;0;1;0;3;0;0;0;4;2;0;0;1;0;0;2;0;0;0;0;1;1;2;0;0;0;1;0;1;0;2;0;2;0;3;1;0;1;0;2;0;0;0;4;0;3;3;2;2;0;1;0;0;1;3;1;1;2;0;2;3;7;1;2;2;1;0;0;0;0;1;0;5;1;1;1;0;1;0;0;5;0;1;2;1;1;3;4;0;0;0;0;1;0;0;1;2;2;0;8;2;2;0;5;0;0;1;0;0;5;2;4;3;3;2;0;0;3;0;0;0;0;3;0;1;0;0;1;3;1;1;1;1;0;2;3;0;0;0;0;0;1;2;0;3;0;0;0;2;1;1;0;0;3;3;3;0;0;0;0;12;3;0;2;6;5;1;4;0;0;0;4;4;0;2;3;4;2;11;4;1;0;2;0;0;3;0;0;3;2;1;0;4;1;2;2;2;2;2;1;1;1;0;1;8;79;4;4;7;3;7;5;8;7;7;6;3;2;4;3;11;4;8;3;2;5;6;3;5;2;5;0;16;2;3;4;4;8;2;915;94;64;;16;79;130;45;214;23;12;26;3;7;7;85;1;14;6;6;9;5;10;5;28;23;167;5;13;16;7;143;6;20;2;4;1;14;1;3;2;2;3;1;2;4;8;8;1;2;0;0;6;6;3;3;2;7;2;3;2;4;0;0;0;0;0;0;1;0;0;0;0;3;0;1;0;0;0;1;1;0;0;0;0;2;0;0;5;1;0;3;0;4;2;1;2;2;5;3;2;3;0;11;1;0;0;7;2;1;1;0;1;2;0;0;1;2;0;1;2;2;3;0;0;1;0;0;0;0;0;0;0;0;0;0;0;1;0;1;1;0;;
09372000;2;2;0;1;3;2;0;1;1;2;0;0;1;1;3;9;1;0;0;4;0;4;0;0;0;3;11;0;0;3;0;2;0;0;0;0;0;0;0;1;0;1;0;0;3;0;2;2;1;0;2;0;0;0;0;0;0;1;1;0;1;3;0;2;5;5;0;0;7;1;0;1;8;0;1;2;0;2;7;5;0;3;1;0;0;0;1;4;1;0;2;0;2;0;5;1;2;1;1;1;1;0;0;5;0;5;7;1;4;0;2;1;0;0;5;1;1;6;3;1;1;3;2;2;8;0;1;2;2;2;3;1;1;2;1;5;1;0;1;4;2;0;0;0;2;1;0;0;4;0;0;0;3;0;1;0;1;0;0;1;0;2;4;1;0;0;2;0;2;2;0;0;0;0;0;1;1;0;10;4;5;1;3;4;1;1;0;0;1;0;1;0;2;4;6;3;3;0;1;3;1;5;1;1;2;0;3;0;1;0;1;3;1;2;2;4;1;2;0;6;3;3;16;133;3;2;7;0;4;5;7;9;14;7;1;1;7;6;20;4;8;9;4;6;3;7;15;55;54;12;31;14;16;135;15;122;22;18;257;18;20;;14;20;184;273;8;3;10;2;7;4;5;3;4;4;0;1;2;8;2;9;7;57;2;4;3;7;8;2;3;3;0;0;7;2;4;3;2;1;2;2;2;3;14;1;1;1;1;8;1;3;2;2;2;3;0;2;3;0;3;0;1;0;0;2;0;1;1;0;2;2;0;0;2;0;0;0;0;1;1;1;0;0;1;6;1;1;1;2;5;3;2;0;4;6;3;0;0;0;6;1;5;0;1;2;0;0;0;0;0;0;1;1;3;0;0;1;0;0;3;0;0;0;1;1;1;1;0;1;1;1;1;1;2;0;3;2;1;;
09373000;2;1;0;0;2;1;2;0;1;1;9;0;3;3;0;10;3;2;0;3;3;0;0;1;2;2;5;0;0;0;1;4;0;0;1;3;0;0;2;3;2;3;1;1;1;0;1;1;0;0;3;0;3;0;2;0;2;4;0;2;0;2;1;3;2;2;3;1;1;3;2;3;8;7;0;2;5;3;8;8;1;6;1;3;1;3;2;2;1;0;2;0;0;1;2;1;3;2;2;1;0;0;1;2;3;4;0;1;0;1;7;2;0;5;1;0;1;9;1;8;1;3;4;4;3;3;0;9;0;2;4;2;1;3;0;2;5;0;2;0;1;2;1;0;0;2;0;0;0;0;0;2;0;1;0;0;1;0;0;3;0;1;6;0;0;0;2;0;1;0;0;0;0;0;1;3;2;1;13;1;7;2;2;2;2;3;1;4;1;3;4;0;7;4;1;4;5;2;5;2;1;3;1;6;4;1;1;0;6;0;2;1;3;1;6;2;4;3;5;3;6;5;44;120;3;4;6;1;9;11;142;5;7;6;1;5;4;4;14;12;17;10;4;3;5;8;5;9;11;6;42;5;6;3;3;7;2;32;202;13;103;21;;16;145;38;11;10;20;3;4;11;14;6;13;9;5;8;5;11;5;50;50;348;14;24;18;26;242;18;190;20;2;2;11;2;0;3;8;6;1;0;3;7;13;1;2;1;6;6;4;0;5;2;6;3;9;4;0;0;1;1;0;1;0;1;0;0;0;1;1;0;2;0;1;3;0;0;0;1;1;0;1;2;1;2;2;2;0;1;4;2;2;4;6;5;1;5;3;3;9;1;2;2;2;0;0;0;0;1;2;1;3;0;1;2;3;5;3;1;0;1;2;1;0;0;0;0;0;0;0;0;3;2;0;2;2;0;3;;
09374000;0;1;2;1;1;0;0;0;2;0;0;0;1;0;0;8;1;0;0;1;4;0;0;0;1;3;3;0;0;1;0;0;0;3;0;0;0;0;0;0;0;1;1;0;0;0;1;1;1;0;1;0;0;0;0;0;0;1;0;0;0;1;0;4;3;1;1;0;0;1;0;1;1;2;1;1;0;1;2;9;0;4;0;1;0;3;1;0;1;1;0;0;2;0;3;0;1;3;3;0;3;0;1;0;0;3;3;2;5;2;2;2;0;1;1;0;1;7;0;2;2;1;0;1;2;3;3;3;1;0;4;4;0;0;1;3;1;0;0;0;0;0;0;0;0;0;7;0;0;0;0;0;1;1;0;0;0;0;0;1;0;1;5;0;2;1;0;0;0;0;1;0;4;0;0;0;1;0;9;5;3;0;3;4;1;1;0;2;1;4;3;1;4;4;3;0;2;3;4;0;0;2;1;1;2;1;2;0;0;0;4;0;3;1;2;2;1;1;0;11;2;0;10;92;3;1;5;4;6;3;8;4;14;3;0;1;2;1;16;6;6;8;2;2;7;1;2;4;8;0;9;4;9;2;1;5;4;36;91;860;145;19;13;;33;174;249;10;74;2;2;4;69;4;4;10;2;8;2;29;6;14;7;73;3;9;7;1;17;3;5;2;0;0;6;2;4;1;0;2;0;1;7;5;9;2;3;0;1;2;1;2;0;1;3;1;1;1;0;1;0;0;0;1;0;0;0;0;0;0;0;1;0;0;0;0;0;1;0;0;0;0;0;0;0;0;1;0;0;0;5;0;1;6;5;6;0;3;2;1;10;2;1;2;1;2;0;0;0;1;1;0;0;0;0;0;0;3;2;1;0;1;0;0;1;0;0;1;1;0;0;0;0;3;0;1;2;1;1;;
09375000;4;4;5;0;2;2;1;0;1;0;3;0;2;0;4;25;5;0;3;1;0;0;1;0;2;4;13;4;5;0;0;1;0;0;2;1;0;2;1;3;5;1;1;0;2;0;1;3;3;2;1;1;1;0;0;0;0;2;2;0;0;4;2;9;4;5;3;1;5;1;0;3;6;1;6;1;2;1;10;13;2;4;0;3;0;0;1;3;5;0;1;4;1;0;8;0;4;1;1;1;0;2;2;2;3;2;0;1;4;2;2;1;1;0;0;1;3;23;2;4;5;4;1;1;2;4;0;1;1;4;1;2;1;2;3;4;2;3;1;2;0;1;1;4;1;1;1;2;7;1;1;1;1;4;0;1;0;4;1;3;0;3;2;0;1;0;0;1;3;0;0;0;0;1;2;1;4;1;18;3;7;2;11;4;3;8;1;6;1;1;3;0;6;4;2;9;12;1;3;1;1;2;3;5;3;2;7;0;0;2;7;3;2;5;2;6;8;7;5;6;3;4;26;222;3;9;15;11;13;11;31;20;36;14;8;5;11;9;29;8;21;22;15;10;12;28;13;86;41;17;504;73;31;20;21;283;33;23;2530;21;47;258;168;29;;649;19;12;16;5;5;6;5;5;4;9;2;4;5;10;4;22;9;83;6;12;11;7;17;6;9;6;0;5;18;2;3;4;2;3;2;3;3;4;17;3;6;1;6;8;3;4;5;3;6;3;4;6;3;1;1;0;1;2;1;0;1;3;1;5;4;1;0;2;0;1;1;3;0;1;0;0;3;2;7;1;3;0;1;1;3;4;6;8;3;15;4;4;3;3;24;2;3;0;1;3;0;0;1;0;0;1;3;1;2;1;3;6;3;8;0;1;0;0;0;4;0;1;1;1;3;0;1;1;3;4;2;2;1;;
09376000;0;1;1;1;1;2;0;0;2;0;1;0;2;1;3;13;1;1;2;0;0;1;0;0;3;5;7;2;1;0;2;2;4;1;3;0;0;0;1;4;3;6;1;0;0;0;1;3;1;0;0;0;4;0;0;2;0;3;1;0;2;2;3;5;4;2;0;6;1;1;0;0;2;1;2;0;0;3;4;6;0;4;0;4;3;1;2;1;5;1;1;0;5;1;4;3;0;4;2;1;1;2;3;4;3;4;1;0;2;0;4;1;0;4;0;4;3;15;2;2;4;3;4;1;1;0;3;1;2;5;4;4;2;3;1;0;0;1;1;4;3;0;3;2;0;1;0;2;1;1;0;0;1;0;1;1;0;1;3;1;2;3;0;0;1;0;0;0;1;1;1;0;2;0;0;1;1;1;10;5;5;0;3;3;3;1;3;2;1;1;4;0;3;4;0;3;8;0;3;1;3;0;0;0;2;1;2;3;3;3;5;4;2;3;2;1;5;4;1;2;3;0;13;122;8;5;4;6;8;4;10;10;21;8;3;1;5;3;19;5;8;15;7;7;7;13;10;20;21;4;57;20;18;13;6;33;10;128;427;123;225;320;55;189;389;;45;4;19;2;6;4;12;3;4;16;2;5;1;14;1;14;13;80;1;7;5;6;21;2;11;9;3;2;9;5;3;3;2;3;2;3;0;3;14;4;1;1;5;2;3;4;1;1;7;3;4;3;4;0;4;0;4;1;0;2;2;1;1;1;1;2;1;1;3;4;0;0;1;1;1;0;3;0;1;1;1;0;1;1;6;6;2;12;7;8;4;2;3;3;9;2;4;0;2;1;1;1;0;3;2;0;1;3;1;1;0;0;2;2;2;1;1;0;1;1;1;0;2;0;0;3;0;0;4;3;0;1;0;;
09377000;1;0;0;0;0;0;0;0;2;1;1;0;0;1;2;5;0;2;0;1;1;0;0;0;1;2;6;0;4;0;0;0;1;0;1;0;0;1;0;0;0;0;1;0;0;0;1;1;0;0;0;0;2;0;0;0;0;2;0;0;2;0;1;1;1;1;1;0;0;0;1;2;1;1;1;0;0;2;1;6;0;3;1;2;0;1;0;1;0;0;0;0;3;1;0;0;0;4;4;1;0;0;0;0;0;2;0;4;0;0;0;0;2;1;0;1;2;4;2;2;4;1;1;0;1;0;0;2;0;0;1;2;1;0;0;3;0;2;1;0;0;0;0;0;0;0;0;0;0;1;1;0;0;1;0;0;0;0;0;2;0;2;0;0;1;0;0;0;0;0;0;1;1;0;0;0;0;0;4;3;1;0;2;1;2;1;0;4;1;0;1;0;3;3;0;1;2;1;3;0;1;0;1;1;3;0;0;0;0;0;2;0;1;2;4;1;0;0;0;1;0;1;3;51;4;1;2;1;5;2;4;5;6;4;4;0;2;2;10;3;3;6;1;3;4;2;5;2;2;0;5;6;3;4;3;8;5;17;65;176;31;12;11;260;16;42;;7;69;4;15;5;86;1;2;23;1;12;5;307;4;11;8;56;1;7;4;7;13;2;5;4;0;1;7;0;3;1;1;2;1;0;2;1;2;0;1;0;1;3;0;1;1;2;0;0;3;1;2;1;0;0;0;0;0;0;0;2;0;0;0;0;0;1;1;1;0;2;0;1;0;0;0;1;0;0;1;2;1;0;4;2;0;9;4;4;1;1;0;1;10;0;0;0;1;1;0;1;2;3;0;0;1;1;0;0;0;2;1;1;1;2;0;0;0;0;0;0;1;0;0;2;1;1;0;2;1;3;1;;
09461000;3;1;3;0;1;1;5;1;2;0;2;1;4;2;4;55;6;0;3;0;0;1;2;0;2;6;22;2;0;0;1;2;0;0;2;1;2;3;1;3;2;0;0;3;0;0;4;3;2;5;5;1;1;1;0;3;0;4;3;1;0;10;2;15;2;10;3;3;1;5;4;1;6;5;5;5;0;4;14;29;0;12;0;2;1;2;3;1;9;1;5;8;1;1;3;2;4;9;2;1;1;5;3;5;4;6;2;3;1;2;6;1;0;3;3;0;6;40;3;8;5;4;2;3;7;4;3;8;6;4;8;1;1;8;3;8;8;6;0;1;4;0;1;0;0;1;1;1;0;1;0;0;2;6;1;0;0;1;0;0;1;0;16;3;1;0;2;0;0;2;0;2;0;0;1;2;0;1;38;7;15;2;14;10;6;6;4;10;2;3;6;1;13;7;4;11;12;3;7;3;4;3;2;13;5;0;11;2;5;4;14;3;0;7;15;2;8;3;3;4;5;1;18;164;9;6;11;7;10;11;8;11;16;8;7;8;4;6;24;9;4;14;9;8;6;10;15;12;13;20;20;28;39;9;11;6;4;10;27;16;20;28;20;18;19;16;13;;87;72;30;1632;76;70;115;106;50;67;160;68;17;91;53;242;9;15;64;17;31;16;14;12;24;43;77;15;26;33;185;28;16;20;25;27;26;2;12;5;20;32;14;16;18;15;16;19;29;24;6;0;2;3;0;0;2;2;0;4;2;2;0;1;0;0;0;1;1;1;0;1;0;0;2;2;1;0;1;0;3;1;4;2;4;8;4;21;4;6;3;2;38;1;1;2;9;3;0;1;2;2;1;0;1;1;2;0;0;11;3;11;1;3;1;0;3;3;1;5;2;0;1;2;0;5;4;1;0;1;1;;
09462000;3;4;5;1;1;5;2;0;5;0;3;4;3;3;5;70;9;0;5;2;5;1;3;3;1;18;28;3;1;5;3;0;2;7;3;3;0;5;0;1;2;5;1;2;2;0;3;2;0;1;1;2;1;1;1;0;1;4;5;0;0;8;1;22;7;9;3;4;1;0;1;0;5;4;9;8;1;1;21;31;2;11;2;3;4;3;3;4;10;0;0;10;2;3;5;4;4;4;5;2;5;2;1;7;8;12;3;2;1;4;1;7;0;2;4;1;9;50;7;14;5;6;7;16;6;11;2;7;10;8;7;4;4;9;2;9;8;3;4;4;2;2;5;1;0;1;0;1;4;0;0;2;0;5;1;1;0;1;3;5;0;5;10;2;0;2;1;0;1;3;3;3;5;0;1;1;4;0;38;13;9;11;19;15;4;8;3;12;6;5;17;3;18;9;6;14;11;1;20;2;2;5;2;10;8;3;8;3;7;1;8;6;2;7;15;3;11;5;9;6;15;4;27;175;4;5;3;9;7;7;14;7;17;14;5;10;9;4;36;5;9;17;8;7;14;5;9;9;13;2;6;5;6;2;1;4;2;27;47;31;31;10;17;56;13;19;53;81;;29;68;61;1100;27;38;87;39;240;41;58;14;60;31;231;11;29;28;24;53;12;15;11;8;12;50;9;10;14;18;12;8;10;16;27;29;5;8;2;9;15;1;4;8;4;9;6;16;6;7;0;1;4;0;2;0;1;3;7;4;0;0;4;0;4;1;0;1;2;0;1;1;0;6;0;0;0;5;0;3;1;15;4;5;17;9;29;7;3;6;4;38;2;2;5;13;7;1;4;0;1;2;1;1;2;1;0;3;5;5;13;0;1;0;0;3;0;1;6;3;0;5;4;1;4;6;4;5;1;0;;
09463000;1;2;1;0;0;1;0;0;2;0;1;0;1;0;1;10;2;0;0;0;2;0;2;4;0;3;7;1;0;1;0;1;0;0;2;2;0;2;0;1;1;0;1;1;0;0;3;3;0;2;0;1;0;0;2;0;0;2;0;0;0;2;0;8;1;7;3;1;1;0;0;2;2;0;1;1;0;3;2;12;3;6;0;6;0;0;1;1;3;0;0;3;1;0;2;3;0;1;2;1;1;1;1;1;3;3;0;2;1;1;1;2;0;3;3;1;7;12;6;1;0;1;0;1;2;0;0;3;0;4;7;3;0;1;0;4;6;2;2;1;1;0;3;0;0;0;0;1;0;3;0;0;0;1;0;0;0;0;0;0;0;0;4;0;0;0;0;1;0;0;0;0;1;0;1;0;0;0;13;3;6;0;9;0;3;4;1;1;2;3;2;0;6;5;0;5;8;2;5;4;1;2;0;4;0;1;2;1;0;4;4;6;1;6;1;1;1;2;1;1;5;1;12;69;1;3;1;1;1;0;2;3;3;3;2;2;4;2;10;1;1;5;2;3;3;3;2;1;4;2;1;5;2;0;1;0;1;2;19;6;2;0;5;3;10;3;3;58;21;;9;34;8;996;11;10;44;15;83;7;3;23;11;78;4;3;12;5;4;3;3;1;2;7;29;3;6;8;26;5;2;8;8;8;13;0;2;1;2;5;1;2;3;2;1;3;1;2;1;0;0;0;0;0;2;2;1;1;0;1;0;0;1;1;0;0;1;0;0;0;0;0;2;1;2;0;1;0;4;0;5;2;1;6;4;6;1;1;1;1;16;0;0;1;6;1;4;1;0;2;1;1;0;0;0;0;0;10;2;5;5;5;1;1;2;0;0;7;1;1;34;5;1;49;4;2;2;1;1;;
09464000;1;3;0;1;0;3;0;0;0;0;2;0;1;0;2;19;3;8;2;0;1;1;3;3;0;2;11;0;0;2;1;2;5;1;1;1;0;0;0;0;5;5;0;1;1;0;0;0;0;1;1;1;1;0;0;5;0;1;0;0;0;3;5;5;5;12;3;1;5;1;0;0;6;0;1;4;1;2;4;9;2;3;1;2;4;4;0;7;7;0;1;2;1;2;3;3;4;5;2;2;0;2;1;1;3;6;0;1;6;3;0;0;0;2;5;2;4;12;0;5;0;3;4;0;5;1;0;3;0;3;2;1;0;1;3;3;2;0;1;1;2;0;2;0;0;0;0;0;0;0;3;1;0;1;0;1;1;5;0;3;1;3;2;0;0;0;1;0;2;1;0;2;4;0;1;0;1;0;25;2;9;3;6;2;5;3;3;2;4;2;3;0;3;6;0;1;4;0;4;8;2;1;1;1;1;0;2;0;1;0;2;2;2;1;2;3;4;2;1;7;1;1;6;71;2;3;3;4;3;3;4;4;9;1;0;1;0;3;13;2;3;11;2;0;1;2;2;4;2;1;4;6;5;0;3;1;2;14;17;7;7;7;3;3;8;6;18;18;90;13;;14;31;5;12;847;7;29;9;120;4;12;10;74;1;3;10;6;10;3;2;5;2;8;18;1;7;3;3;1;4;1;4;1;14;2;1;0;2;6;3;1;3;1;3;1;5;4;3;0;0;0;1;0;1;1;0;3;3;1;0;0;2;0;1;0;2;2;0;3;2;0;0;1;2;2;0;2;0;0;14;3;7;70;11;14;2;2;2;3;18;0;0;3;6;2;0;0;0;3;0;0;1;3;1;0;0;9;4;7;0;2;0;0;2;3;0;3;0;0;1;2;0;1;5;1;23;5;1;;
09471000;1;3;2;0;0;0;2;2;4;1;1;0;1;1;1;17;3;0;2;2;1;0;0;2;0;7;5;0;5;4;0;0;0;2;0;0;0;0;0;2;2;1;1;0;0;1;1;0;1;0;1;1;1;1;0;1;1;0;3;0;0;4;2;2;1;4;2;0;3;1;2;3;2;3;6;2;1;1;4;11;2;2;0;1;1;0;1;0;6;3;1;2;1;2;5;2;3;2;4;0;2;3;4;1;2;4;0;0;1;0;0;1;1;1;4;1;4;14;3;3;4;1;2;1;3;2;2;6;1;5;4;1;1;4;0;3;8;4;0;2;0;2;0;0;2;14;2;0;0;4;0;0;0;2;0;0;0;1;0;3;1;1;4;0;2;1;2;0;3;0;1;0;2;0;0;1;5;1;14;4;8;2;10;3;2;4;3;3;6;4;5;2;8;3;4;7;7;4;10;3;1;0;1;8;2;0;5;1;0;0;4;4;2;0;7;1;4;5;6;5;3;2;8;91;3;1;3;6;4;4;4;7;16;2;4;10;6;5;16;4;6;12;6;6;12;8;2;5;6;2;5;5;4;2;3;6;0;7;13;3;7;1;22;2;10;8;7;1302;60;32;10;;64;69;275;19;32;33;195;6;5;95;35;169;3;23;188;31;28;84;8;7;5;13;56;5;17;13;294;40;2;11;56;17;16;5;7;2;6;6;2;0;4;2;1;7;21;5;3;3;0;0;1;2;1;1;2;1;0;2;2;1;1;1;0;0;0;1;1;2;1;0;1;0;3;0;3;1;3;0;1;6;3;6;5;11;5;4;5;2;15;4;4;0;4;3;1;2;0;4;2;1;0;2;0;0;0;6;2;7;0;1;1;1;2;2;0;6;1;1;7;5;0;5;1;1;4;0;2;;
09472000;1;2;2;0;1;0;2;2;2;1;3;0;1;0;0;11;3;0;0;4;0;0;0;0;0;2;5;2;1;0;0;1;0;0;1;0;0;1;0;0;3;0;0;0;1;2;1;0;2;0;0;0;8;1;1;0;0;2;0;1;0;2;0;5;2;0;0;0;1;0;0;3;4;0;0;1;1;1;3;10;2;0;1;0;1;0;2;0;2;1;1;1;2;0;0;2;2;3;4;1;1;0;2;2;1;1;2;0;0;0;0;0;1;2;3;0;2;6;0;1;1;5;2;2;4;5;3;1;1;3;1;0;0;2;0;1;2;1;1;0;1;2;0;0;0;0;0;0;0;0;0;0;1;2;0;0;0;0;1;0;0;2;2;0;0;0;0;0;0;0;0;2;0;0;0;0;4;2;5;4;3;2;1;4;2;1;0;0;2;0;1;1;2;3;1;1;2;2;4;2;0;0;1;3;2;0;3;0;2;1;1;2;0;3;4;2;2;3;1;5;2;0;4;53;2;2;1;2;4;2;5;3;10;4;2;4;0;1;9;0;3;9;2;4;3;2;2;1;5;0;5;5;1;3;3;3;2;8;15;16;86;7;12;64;5;9;88;37;1004;9;21;57;;9;88;104;26;245;25;72;4;31;13;122;6;14;20;12;57;7;12;6;2;2;17;1;1;4;11;7;0;4;6;7;3;0;3;0;3;5;2;2;4;1;3;3;1;3;2;0;0;0;0;0;0;1;0;4;1;1;0;1;1;0;1;0;0;1;0;1;1;1;1;0;1;2;2;0;2;0;4;4;1;7;5;8;4;3;0;2;16;3;2;0;2;0;0;1;0;1;0;1;0;1;0;0;0;6;2;2;1;3;1;0;2;0;0;1;1;0;2;1;0;4;2;2;5;0;0;;
09473000;0;3;0;0;1;0;4;0;2;0;0;1;2;0;0;16;2;1;0;0;0;0;2;0;0;8;6;0;1;1;0;0;0;0;3;3;1;2;1;3;0;1;0;0;0;0;2;1;0;0;2;2;5;0;1;0;0;2;0;0;0;3;1;6;2;8;0;1;0;0;3;0;3;2;4;1;0;1;4;9;0;4;2;5;0;3;1;0;1;1;6;2;3;2;0;0;0;0;0;1;0;1;1;5;1;1;0;1;3;0;0;3;0;1;1;2;1;14;0;2;0;4;2;1;4;2;0;1;3;0;2;2;0;5;0;6;5;1;0;0;2;1;0;1;0;1;1;0;1;2;1;0;1;0;0;1;0;0;0;0;0;2;4;0;0;1;0;0;0;0;2;0;0;0;1;2;0;0;13;6;6;1;2;3;0;3;0;2;0;2;2;0;4;3;2;1;5;1;7;0;1;0;0;1;1;0;2;2;1;0;4;0;0;0;3;1;1;2;4;1;3;2;7;42;4;0;1;3;2;2;3;1;6;1;5;4;2;2;6;3;1;1;2;4;2;1;2;1;3;0;1;2;3;0;1;2;0;2;8;1;1;3;5;2;3;3;4;55;34;878;8;58;7;;8;10;124;21;203;9;3;22;18;54;0;4;15;3;6;7;4;4;2;7;26;1;11;11;68;3;4;6;8;8;7;2;0;1;2;2;2;1;1;4;2;0;2;3;0;0;0;4;1;0;1;1;0;1;0;0;1;0;0;0;1;1;1;0;0;1;1;0;3;0;2;1;2;0;3;0;3;1;0;5;2;7;0;1;0;0;12;2;0;1;2;1;0;4;0;5;2;0;0;0;0;0;0;14;2;6;10;2;1;0;2;0;2;14;3;1;111;17;2;206;5;1;1;2;1;;
09474000;0;3;4;0;0;2;2;1;1;1;2;0;1;1;0;18;2;0;3;0;0;0;0;1;0;2;6;0;0;2;0;0;3;1;1;1;0;2;0;0;0;1;1;0;0;0;1;1;5;0;1;0;0;0;2;0;0;1;2;1;0;7;2;2;2;5;1;4;0;0;1;0;0;1;2;2;2;1;2;8;1;2;3;7;0;1;2;3;1;0;0;0;0;0;3;1;2;1;3;3;4;3;0;4;1;4;0;0;0;0;2;0;0;2;2;1;1;12;2;6;0;1;2;2;6;3;0;2;4;4;4;0;0;2;1;3;1;2;2;1;0;0;0;0;3;1;0;1;1;3;1;0;1;3;2;1;0;0;0;0;1;1;4;0;0;0;0;0;0;0;0;2;1;0;3;2;1;3;8;3;4;2;6;4;1;5;2;4;8;2;1;1;5;3;1;3;5;0;7;0;3;1;0;4;4;0;1;0;3;0;3;3;2;2;5;3;2;3;2;2;4;3;8;66;2;1;3;5;6;5;4;4;7;3;1;1;1;0;9;3;2;11;2;3;1;2;1;1;5;2;3;4;4;1;2;4;2;5;12;2;20;4;26;7;5;4;9;119;37;18;11;321;119;12;;11;7;17;23;15;5;372;101;323;13;17;587;44;107;50;22;8;1;3;19;0;6;7;28;8;5;7;7;10;8;0;2;2;0;3;2;2;3;2;3;5;4;4;3;0;1;0;2;0;0;2;0;1;1;2;0;0;1;0;1;0;0;3;0;2;0;1;1;0;0;0;2;5;1;1;5;2;5;4;1;13;3;2;2;1;13;2;3;2;1;3;0;2;0;3;1;0;1;3;1;1;0;3;7;5;0;1;0;0;1;1;2;1;3;0;2;2;0;4;3;1;0;2;1;;
09475000;0;0;4;0;0;1;1;1;0;0;1;2;0;1;1;15;0;3;1;0;3;0;3;4;1;1;6;1;1;0;0;0;0;0;1;2;0;3;0;0;2;3;0;2;0;0;0;0;4;0;1;0;0;1;0;1;2;1;1;0;0;2;1;5;6;5;0;1;0;0;0;0;4;1;3;1;2;3;1;2;0;5;3;2;0;4;1;1;4;1;1;2;0;0;1;1;1;1;0;1;2;3;0;0;1;2;1;0;0;3;2;1;0;2;0;5;2;6;1;2;5;0;2;0;2;1;1;2;1;1;4;0;1;6;0;1;4;4;2;0;3;2;1;0;0;0;0;1;3;0;2;0;0;2;1;0;1;0;0;0;0;1;0;0;1;0;1;0;2;0;1;2;1;0;4;0;2;0;6;6;5;0;2;6;2;6;0;2;1;2;4;0;4;1;0;4;6;4;3;1;4;0;1;1;1;2;4;2;0;2;4;3;1;3;3;1;3;3;4;4;4;2;9;47;4;1;1;2;3;0;5;3;9;5;3;2;5;7;13;0;5;10;2;3;2;0;2;0;6;2;4;4;2;3;1;6;3;5;13;9;9;4;5;10;3;10;22;19;132;15;821;18;94;14;12;;39;125;13;204;3;18;20;82;3;13;12;11;16;3;6;5;4;3;19;1;2;6;9;5;1;4;4;3;5;0;0;0;1;2;2;2;1;0;0;3;0;3;1;0;4;0;0;1;0;0;0;1;2;1;1;0;1;1;0;0;0;2;2;3;1;0;3;0;4;1;6;3;1;3;11;10;7;78;18;18;1;4;0;6;22;3;1;0;5;3;0;4;3;2;0;1;1;4;1;0;0;8;3;4;0;4;0;2;0;1;0;1;1;0;1;2;1;5;7;3;52;5;0;;
09476000;1;0;1;0;1;0;1;0;0;0;0;0;0;1;1;6;2;0;0;0;0;0;2;1;1;2;2;2;2;0;1;0;1;0;0;0;0;1;0;0;6;2;0;2;0;0;0;1;1;0;1;0;1;0;0;2;0;0;0;1;1;2;0;2;5;5;4;4;0;1;1;1;0;0;3;0;0;0;2;4;0;2;1;4;1;0;0;0;0;0;3;1;1;0;0;0;3;0;0;2;1;0;3;0;0;1;1;0;0;0;1;0;0;0;0;1;2;5;1;3;0;2;0;3;3;0;1;3;0;1;2;0;0;0;0;2;2;0;2;1;0;1;2;0;0;1;0;0;0;0;0;0;1;0;0;0;0;0;0;0;1;1;1;0;0;1;0;0;0;0;2;0;0;0;1;0;0;0;6;3;0;1;2;3;0;1;1;2;2;0;0;1;1;4;0;3;4;0;2;1;2;0;0;3;3;1;0;0;0;0;2;0;0;2;1;2;1;1;3;0;5;1;3;32;0;6;3;1;2;1;0;2;3;4;1;2;6;0;5;3;2;6;0;2;4;1;0;1;0;0;1;2;0;1;1;0;0;2;4;3;1;1;3;1;1;3;6;56;64;61;17;34;21;146;12;48;;119;196;8;0;15;6;61;2;4;8;1;5;9;1;1;4;3;14;2;2;4;13;3;3;3;4;5;3;0;1;0;3;2;0;1;3;1;1;4;4;2;2;0;0;0;0;0;1;0;0;0;0;0;0;1;0;0;0;0;0;0;0;1;0;1;1;0;0;1;2;0;1;0;2;2;2;3;1;4;5;0;4;1;17;3;1;0;8;0;0;0;1;1;1;0;0;1;2;0;1;11;1;4;1;5;0;0;0;0;1;0;1;0;4;1;1;78;30;3;13;3;1;;
09477000;1;0;1;0;0;0;1;2;1;0;0;0;0;1;0;12;2;0;0;0;5;0;2;1;0;2;3;2;0;2;0;1;0;0;0;0;0;1;0;0;1;1;0;0;0;1;0;0;2;0;2;1;3;1;1;1;0;0;3;1;1;4;1;2;6;3;0;0;3;0;0;0;0;3;0;2;1;1;1;5;0;0;1;0;1;1;0;1;2;0;2;2;0;0;1;2;3;0;5;0;0;3;0;0;1;8;0;0;1;1;0;1;1;0;1;0;1;8;1;2;0;1;3;3;4;2;0;4;1;0;3;0;0;1;0;4;1;2;2;3;3;1;0;0;0;0;0;0;0;1;0;0;3;1;1;0;1;0;0;3;0;0;2;0;0;1;0;0;0;0;1;1;0;0;1;0;1;1;8;4;3;2;6;1;1;1;1;2;1;0;5;0;2;2;0;1;2;0;1;2;3;0;1;2;1;0;0;0;1;2;0;0;0;3;1;1;3;0;2;3;1;0;3;35;2;1;3;3;1;3;2;4;2;2;1;4;1;4;8;1;2;5;3;1;2;2;4;1;3;3;2;3;7;1;1;0;1;5;14;6;10;7;4;7;4;9;10;42;270;22;33;37;239;23;17;134;74;;106;26;2;12;6;65;2;11;8;7;10;10;9;8;3;3;19;3;2;2;11;4;2;3;4;6;12;0;1;0;2;2;2;0;1;2;5;3;2;5;0;0;0;0;0;0;0;0;0;0;0;0;0;3;0;0;1;0;0;2;0;0;1;0;0;0;0;1;2;0;2;0;5;5;3;11;8;9;3;3;3;1;13;2;2;0;4;2;0;0;0;1;2;0;0;0;0;0;0;6;0;3;1;3;1;0;0;1;0;2;0;0;2;3;0;10;5;0;5;2;1;;
09478000;0;0;2;0;1;0;2;0;1;1;3;0;1;0;0;10;1;0;0;0;0;1;0;1;0;0;3;2;1;4;0;0;2;0;0;0;0;0;0;1;1;0;0;0;0;0;0;0;0;0;0;0;1;1;0;0;0;0;0;0;0;1;1;3;0;1;0;0;1;2;0;4;1;0;0;3;1;0;6;3;0;2;0;1;2;0;1;1;2;1;0;4;0;0;2;0;0;3;4;0;0;2;0;1;2;3;0;0;1;1;1;2;0;1;0;2;3;2;2;3;2;0;4;4;5;0;3;1;1;3;3;2;0;1;0;2;0;0;2;1;0;1;3;1;0;0;0;0;1;1;0;0;1;0;2;0;0;1;0;0;0;1;2;1;0;0;0;0;0;2;0;1;0;0;0;1;0;0;4;3;0;1;2;2;2;2;1;0;0;0;0;0;3;3;0;1;1;2;4;1;0;0;0;0;2;4;1;1;0;0;3;1;0;1;1;1;0;1;1;1;0;1;2;37;0;2;4;1;2;1;1;4;4;4;2;1;3;3;7;1;0;1;2;6;0;1;2;0;4;0;0;2;0;4;0;1;1;1;3;2;5;1;5;2;5;2;2;100;57;89;7;137;23;218;21;16;172;111;;13;2;23;13;65;3;3;17;5;6;6;4;3;1;4;19;3;5;8;26;1;0;3;7;5;7;1;3;0;1;3;2;3;2;0;3;0;4;0;0;0;0;0;0;1;0;0;0;2;1;0;1;0;2;0;1;1;1;1;0;0;1;0;0;1;0;0;1;0;3;0;3;4;1;6;1;8;1;2;3;0;12;2;3;0;2;1;1;0;1;2;0;1;1;0;0;0;2;7;1;1;1;2;2;0;1;2;3;5;1;0;6;3;1;18;3;1;7;2;2;;
09479000;1;1;1;0;1;2;1;0;3;0;1;1;1;1;0;10;2;2;2;0;0;0;0;2;0;1;12;0;0;3;0;0;2;0;0;3;1;0;0;1;0;1;1;0;0;0;4;0;1;0;0;0;4;0;3;1;0;0;0;0;0;9;1;2;6;2;2;2;2;2;0;0;2;1;0;1;3;5;4;4;1;3;1;2;1;1;2;2;1;1;9;1;0;2;7;6;0;2;3;2;3;3;1;0;7;6;0;1;2;1;2;0;0;1;1;5;1;3;1;2;2;1;0;1;1;2;2;4;1;0;1;3;0;6;0;4;2;1;1;1;3;1;0;0;1;1;1;0;1;1;0;0;2;0;0;0;0;1;0;2;0;0;3;1;0;0;1;1;0;1;0;0;0;0;0;0;1;0;10;2;3;2;3;4;0;1;0;2;3;1;2;0;3;3;2;0;1;0;3;5;1;1;1;3;1;0;4;1;1;1;2;0;0;4;3;3;2;0;0;1;4;0;3;44;6;1;0;1;3;3;2;3;11;3;2;0;2;1;8;1;4;5;4;4;1;3;4;2;4;2;6;4;4;1;1;1;4;6;32;31;13;8;3;26;7;18;306;17;93;11;149;16;67;9;3;201;9;26;8;;2;15;8;58;1;4;9;7;8;2;6;4;4;6;11;4;4;2;4;1;1;1;3;4;9;0;0;1;2;3;1;1;0;2;1;4;2;1;7;0;2;0;0;0;0;2;2;0;1;1;1;3;0;1;0;1;0;3;0;1;0;0;2;1;2;3;4;0;2;3;11;7;1;41;9;16;1;2;1;4;15;5;0;2;3;3;2;2;0;1;1;0;0;0;1;0;2;5;2;5;0;2;1;1;0;1;0;0;0;0;0;2;0;4;2;1;7;2;1;;
09561000;0;0;2;1;0;1;1;1;2;0;0;0;0;0;0;10;0;0;1;0;0;0;0;0;1;2;5;0;0;0;0;0;0;0;0;0;1;3;0;0;0;0;4;0;0;0;1;2;0;0;0;1;2;0;0;1;0;0;0;0;0;3;0;1;0;2;1;1;0;4;1;1;2;2;3;1;1;0;2;5;0;2;1;6;0;1;2;4;1;0;0;0;1;0;2;1;0;1;1;3;0;0;0;2;0;2;3;1;1;0;1;0;1;0;0;2;1;8;1;2;0;0;1;1;4;1;1;1;1;4;0;0;0;4;0;1;2;1;3;0;1;1;1;1;0;2;1;0;0;0;0;1;1;2;0;0;0;2;0;1;0;1;3;1;0;1;3;0;0;3;1;1;0;0;0;1;1;0;14;3;5;2;6;6;3;2;2;25;6;3;15;0;6;3;1;6;9;3;2;3;0;2;1;1;1;0;2;1;3;5;5;2;2;4;2;2;3;3;3;3;5;0;9;35;1;1;2;1;1;0;2;4;4;3;1;0;0;0;7;0;2;1;2;2;5;3;2;7;2;0;1;2;1;0;5;3;0;4;6;4;13;4;10;6;5;7;1;14;19;5;3;8;7;4;5;4;3;0;2;3;;30;39;225;18;986;22;35;21;66;21;63;1;4;34;4;3;3;4;7;1;2;2;11;5;0;5;0;3;6;5;4;4;1;2;5;20;5;1;0;0;1;0;2;3;1;0;2;0;1;0;0;1;1;0;1;0;1;0;0;0;0;1;1;1;1;1;0;3;1;1;2;1;1;4;3;5;1;2;2;6;1;1;0;1;1;1;0;0;0;0;0;0;1;1;0;1;1;2;1;0;0;0;0;0;1;0;1;3;0;0;3;0;3;1;0;2;0;0;;
09562000;4;4;11;2;3;3;3;6;1;1;2;0;3;1;3;66;11;4;6;2;6;0;3;2;1;13;33;1;4;11;1;0;2;1;4;0;0;4;1;1;2;1;0;1;1;1;7;4;1;0;2;1;5;0;0;1;0;4;0;0;3;12;4;22;6;12;3;4;6;7;0;3;1;2;3;4;5;5;22;33;5;29;3;9;3;1;3;9;11;1;3;9;4;0;4;2;2;6;3;2;2;3;4;7;10;13;2;3;0;2;3;3;1;3;7;3;13;48;10;9;4;9;5;6;8;9;2;8;6;6;11;2;4;14;0;8;7;1;3;4;1;2;3;1;1;1;0;1;4;1;4;1;2;9;2;0;1;0;0;4;3;9;14;2;0;1;3;0;4;5;0;2;0;0;3;3;3;0;56;17;17;6;17;14;10;9;5;17;10;6;17;0;21;11;1;22;19;2;19;6;5;8;5;18;7;3;6;2;9;6;13;7;3;9;20;1;22;7;13;12;12;1;44;242;10;8;6;3;8;8;17;9;16;11;10;2;8;5;41;8;3;12;6;11;7;6;6;5;8;4;11;5;8;3;4;1;3;16;53;10;26;4;40;12;21;10;7;92;55;17;8;95;33;12;455;9;13;26;22;8;22;;317;934;19;56;1465;136;130;87;52;27;5;13;45;11;11;12;19;14;3;8;15;20;33;2;7;2;6;15;1;7;13;3;3;8;10;9;9;1;0;2;2;0;2;1;0;4;2;3;0;2;2;1;0;1;1;2;0;1;1;0;7;1;4;1;1;3;9;1;13;2;2;8;7;33;5;6;6;2;32;2;2;0;7;7;0;3;1;0;2;1;1;2;0;0;1;12;4;11;4;1;1;0;3;1;1;3;5;0;3;5;1;4;3;1;4;2;2;;
09563000;1;3;2;0;0;0;1;0;2;1;1;1;3;2;1;21;2;1;1;1;3;1;1;2;1;2;19;2;2;3;0;2;4;3;0;3;1;1;2;1;2;3;0;0;0;0;3;3;0;2;1;3;1;1;0;1;1;4;1;1;1;7;1;14;10;7;3;2;2;2;2;2;5;3;2;9;5;3;6;16;2;9;1;7;0;1;1;3;5;1;2;5;0;0;1;3;3;3;5;2;0;0;3;1;2;9;2;1;0;4;3;4;4;4;4;3;3;22;3;6;3;3;6;2;9;9;2;7;0;3;4;3;2;6;3;3;2;2;1;0;0;3;2;2;2;0;0;0;2;4;1;3;1;2;3;0;0;0;0;1;1;0;5;1;0;1;5;0;3;1;1;3;1;0;1;0;3;0;18;2;14;2;7;8;4;5;4;6;7;4;14;0;8;6;7;4;8;1;5;2;8;2;2;7;6;3;6;2;5;3;7;3;4;6;4;2;5;6;6;4;3;2;19;101;5;4;6;4;4;9;11;6;11;6;2;3;7;1;14;4;6;9;0;6;3;4;4;3;8;2;1;6;4;4;3;6;2;13;21;7;30;7;74;9;9;14;6;27;32;11;8;49;27;16;130;14;11;15;8;17;42;252;;2221;73;123;283;1203;276;203;140;32;2;11;26;5;12;7;11;19;4;7;11;13;17;2;3;0;4;7;2;3;8;3;3;8;12;1;5;0;0;0;2;0;1;2;1;6;0;5;1;0;1;0;0;1;2;3;1;2;1;1;5;1;3;3;0;3;0;3;4;6;5;8;6;14;3;4;5;3;20;9;1;4;7;2;0;4;0;2;2;0;1;4;0;1;4;4;2;3;1;0;0;1;3;0;0;2;3;3;7;1;0;7;1;1;3;3;1;;
09564000;6;20;16;8;8;6;9;9;14;7;6;7;8;3;13;204;20;2;9;7;9;5;7;5;5;27;91;12;6;15;2;4;4;10;10;9;1;8;4;2;4;5;6;4;2;4;14;15;4;3;8;3;17;5;2;5;5;17;3;3;1;41;7;89;29;47;17;12;6;10;2;10;22;15;31;22;5;12;40;115;10;41;3;24;9;5;9;14;25;3;20;21;11;3;19;13;7;18;14;11;2;14;8;14;22;29;22;9;10;6;10;15;4;13;11;9;20;187;30;33;15;16;14;22;31;26;6;36;12;23;21;8;7;21;3;30;17;9;11;11;5;2;10;8;5;8;7;2;5;10;4;7;3;11;7;4;2;8;1;7;2;18;25;4;2;9;5;1;6;4;2;7;4;0;3;9;6;5;150;39;65;17;59;40;29;40;17;43;28;18;56;9;50;31;11;28;52;14;36;13;9;10;8;33;18;8;26;10;13;7;37;20;17;24;27;10;30;22;22;32;22;5;107;697;15;24;26;29;29;39;79;24;58;46;22;24;23;28;98;35;38;51;24;35;35;46;33;33;27;41;60;73;106;30;26;51;21;95;141;45;174;66;477;64;70;78;52;152;215;63;42;153;146;59;467;81;41;64;61;64;225;808;2839;;680;529;1001;1990;2471;362;1268;272;29;47;145;34;55;58;53;76;33;50;42;75;109;6;32;18;53;113;29;42;45;36;36;49;85;57;21;4;3;8;8;1;6;5;4;12;5;7;6;10;5;9;4;3;3;6;2;7;7;7;12;5;6;4;12;3;9;7;32;22;13;47;21;77;13;19;13;8;115;12;14;2;24;13;1;11;1;9;4;0;3;7;4;3;3;34;13;17;6;15;6;3;10;5;6;13;10;2;12;11;5;15;12;5;12;11;10;;
09565000;0;1;0;1;0;0;0;0;1;0;2;0;0;0;0;6;0;0;0;0;1;1;0;2;1;0;4;0;0;0;1;0;1;1;0;0;0;0;1;0;0;0;0;2;0;2;1;3;0;0;0;1;1;0;0;0;0;1;0;0;0;1;0;0;2;1;0;2;0;0;1;0;0;1;1;0;0;1;1;3;0;1;0;0;0;0;0;4;1;0;2;1;0;0;1;2;3;0;3;1;0;2;0;1;1;2;0;0;0;0;0;0;1;0;0;1;0;8;0;0;0;0;1;0;1;1;0;4;0;0;1;0;3;0;0;2;1;0;0;0;0;0;0;1;0;0;0;0;1;0;0;0;0;0;0;1;0;0;1;0;0;1;0;0;1;0;0;0;0;0;0;0;0;0;2;0;2;0;5;1;2;0;1;1;1;1;3;3;0;1;6;1;4;1;2;2;1;0;6;2;0;0;0;0;2;1;7;2;0;0;1;0;1;1;1;2;1;1;0;1;2;2;4;20;2;1;1;2;4;0;8;1;1;6;1;0;1;2;6;0;1;4;3;1;1;3;2;0;6;3;0;0;3;0;0;0;0;0;8;2;7;2;22;6;6;4;0;4;10;1;2;4;4;2;13;6;1;3;2;3;15;25;67;532;;76;26;74;50;14;576;48;2;2;6;0;1;2;2;1;0;2;4;2;7;0;1;0;2;2;2;2;3;2;0;1;2;4;0;1;2;1;3;0;1;0;0;0;0;0;0;0;0;0;0;0;2;0;0;1;0;0;1;0;1;0;2;0;1;0;1;1;0;8;0;2;1;1;0;0;2;0;0;0;1;0;0;0;2;1;0;0;0;0;1;0;1;2;0;0;0;1;1;1;0;1;0;1;1;0;0;0;0;0;1;0;3;1;1;;
09571000;1;2;1;1;1;1;3;4;0;1;1;1;4;3;2;24;1;2;0;0;1;0;3;1;1;3;7;6;2;5;1;2;1;1;1;2;0;2;0;3;1;3;1;1;1;1;4;5;2;5;4;2;2;2;0;5;2;4;5;0;0;6;6;7;9;5;1;2;2;1;0;0;7;2;6;6;0;1;2;18;1;5;4;4;0;2;5;2;4;0;0;3;2;0;5;4;5;9;6;2;1;1;3;2;3;4;4;1;0;1;2;6;2;2;3;0;4;19;5;7;2;4;6;3;4;3;3;11;4;5;8;6;2;5;1;3;4;1;2;0;0;1;1;1;1;1;1;0;3;4;0;2;2;1;0;3;1;1;0;1;2;5;9;0;1;1;3;0;1;1;0;3;1;2;2;0;8;0;39;12;12;6;19;12;15;18;24;273;44;14;148;1;13;9;6;14;14;7;17;3;4;5;5;7;5;2;10;0;6;1;12;7;5;6;14;4;17;11;10;13;12;5;16;116;5;3;5;8;12;5;17;5;15;9;8;6;6;6;20;11;8;14;7;5;13;7;6;4;6;2;6;8;8;1;1;3;1;9;20;5;14;5;24;10;9;12;5;19;25;6;3;23;13;4;17;9;8;8;5;2;904;68;89;475;50;;40;136;63;220;113;282;5;4;101;5;10;6;5;24;8;12;14;39;33;5;9;3;10;22;9;9;16;10;12;12;95;14;4;0;1;0;2;2;1;1;1;5;0;1;2;1;1;2;0;1;0;4;0;2;2;3;1;2;1;4;4;2;6;2;5;6;3;8;2;8;3;3;3;5;17;5;0;0;8;4;2;1;0;3;2;1;1;2;0;1;0;11;4;2;0;2;1;0;0;0;0;4;4;1;4;1;0;3;3;0;1;1;3;;
09572000;2;3;5;0;2;4;3;6;3;0;2;2;5;1;1;34;7;1;1;5;2;0;4;0;1;4;21;2;1;2;2;1;0;1;2;1;0;1;0;1;1;2;1;0;0;1;1;1;0;1;3;0;1;1;1;1;0;1;3;0;1;6;2;11;4;6;2;2;2;0;1;0;2;1;3;1;1;3;4;15;3;5;0;2;2;3;1;0;2;0;4;4;6;2;4;3;1;4;2;0;1;1;4;1;3;5;4;1;3;2;0;2;0;1;2;1;3;22;3;7;2;4;4;2;8;6;0;4;4;6;8;1;8;6;0;6;3;1;0;2;1;1;2;0;2;1;1;0;2;3;3;0;3;3;0;0;0;0;0;3;3;3;6;1;0;0;3;0;3;0;1;0;0;0;2;2;4;2;26;3;12;3;11;8;3;2;3;9;6;5;6;0;8;5;2;8;9;1;7;2;3;1;2;9;4;0;4;0;3;1;7;2;3;5;7;3;8;1;2;10;6;1;14;113;3;2;6;3;7;9;9;4;9;9;7;4;5;3;16;3;7;10;2;4;7;3;9;1;3;4;5;6;2;3;5;3;1;4;17;8;29;6;27;2;11;2;7;61;35;12;11;212;33;13;613;17;13;8;14;5;15;1077;218;757;16;38;;149;179;259;38;21;5;9;35;1;14;6;23;19;2;7;15;14;16;1;2;1;4;3;3;1;7;2;4;6;1;6;2;0;1;0;2;0;0;2;0;4;1;0;1;0;1;1;0;0;0;5;0;2;4;0;1;0;2;3;1;0;2;1;4;4;2;6;3;13;3;3;5;0;14;1;0;0;2;1;1;3;0;8;3;2;0;1;0;0;0;9;3;6;0;1;2;2;0;0;0;1;3;1;2;1;5;3;3;1;5;2;0;;
09573000;2;1;1;0;0;0;0;0;1;3;2;2;1;1;0;12;1;1;4;0;1;0;1;2;0;1;8;0;4;1;0;3;0;2;0;3;0;3;0;1;3;0;1;1;1;0;1;1;1;1;0;1;5;0;0;0;0;2;1;0;0;3;2;8;2;3;0;2;1;1;0;0;1;0;2;6;0;0;5;7;1;5;1;0;0;1;2;1;2;0;1;3;0;1;3;1;0;2;2;0;1;1;5;1;3;2;1;1;0;2;1;1;0;2;0;3;3;12;2;3;2;4;3;1;5;5;1;1;1;1;2;1;2;2;2;2;4;0;1;2;1;0;1;0;0;1;0;0;3;0;1;0;1;1;3;0;0;2;1;0;0;1;1;0;1;0;0;0;1;0;1;0;0;0;2;0;0;0;16;3;4;1;7;3;3;4;1;9;5;4;8;0;7;4;2;7;5;4;1;0;1;2;0;3;6;3;6;0;4;0;6;2;0;1;3;3;4;3;1;6;3;1;12;70;1;0;6;1;3;1;7;5;10;5;7;2;6;5;13;5;6;6;0;4;5;2;3;6;4;6;5;4;15;4;1;7;2;7;12;4;22;10;47;3;8;9;0;19;18;10;6;24;21;10;57;8;8;9;11;9;46;106;837;2528;78;281;160;;156;216;472;29;1;3;18;2;6;4;11;11;8;4;10;12;15;1;3;3;8;11;8;4;5;2;7;3;7;8;3;0;3;1;3;0;2;0;0;0;0;2;1;0;2;0;0;2;0;2;0;0;1;1;4;0;2;1;2;1;7;0;3;10;4;11;3;9;11;4;4;2;10;0;2;1;3;1;0;1;0;1;1;0;0;1;3;0;1;3;4;2;5;2;1;0;5;1;0;3;2;0;3;2;0;0;0;2;1;2;2;;
09574000;0;5;4;0;3;2;7;5;5;1;4;1;2;1;1;24;3;1;0;1;0;0;2;0;5;4;10;1;1;2;1;0;3;1;1;0;0;5;0;1;1;1;0;1;4;0;4;2;4;4;3;0;2;0;0;0;1;3;0;2;6;5;1;6;4;6;4;1;1;2;0;0;2;2;3;1;1;4;4;19;2;8;2;3;2;0;3;2;3;0;2;4;2;1;6;4;0;1;1;2;2;4;3;3;3;6;1;1;2;5;2;4;2;0;1;1;3;14;2;3;4;2;2;2;4;4;2;2;2;5;5;3;1;8;2;2;4;1;1;2;3;0;2;2;2;5;1;2;5;4;2;2;1;0;0;3;0;2;0;3;2;3;2;1;0;0;2;0;4;2;1;3;1;0;0;4;2;3;21;9;10;2;8;5;4;3;3;9;1;6;4;2;7;3;3;4;8;1;3;4;7;1;2;7;4;3;5;1;2;1;5;8;1;6;7;2;4;2;4;6;7;4;11;109;10;5;6;5;7;8;8;9;12;8;6;4;6;3;14;4;9;19;7;6;2;4;7;1;7;1;5;7;9;4;1;7;4;34;31;6;229;2;383;25;12;18;12;28;48;9;10;22;91;10;112;15;5;13;11;13;27;115;194;1585;71;63;191;121;;46;203;47;3;4;23;4;14;3;10;12;5;1;12;14;16;2;4;0;3;5;2;3;5;5;6;6;10;10;1;0;1;1;2;1;0;0;1;2;0;1;2;0;0;0;1;1;0;0;0;0;2;1;3;1;2;2;5;2;3;4;5;8;6;10;6;14;1;7;4;2;20;2;5;2;5;4;0;1;2;1;0;0;3;2;3;2;3;6;2;3;2;1;1;0;2;1;5;3;0;0;1;5;0;5;1;3;2;5;2;;
09575000;0;3;3;0;0;0;3;4;1;6;1;7;0;0;0;11;4;0;0;2;1;0;3;0;0;4;10;0;1;1;1;1;2;1;1;1;0;0;0;0;1;0;1;1;0;0;0;2;1;0;1;0;3;2;1;1;0;0;3;0;0;0;0;2;3;8;1;1;0;1;0;1;4;0;1;1;0;1;1;4;1;5;2;2;1;0;0;1;3;4;1;4;1;1;7;2;1;1;7;0;2;1;2;2;1;2;3;3;1;2;2;2;1;3;1;1;1;11;2;5;1;2;3;1;4;0;0;2;3;2;4;2;1;6;2;3;4;2;1;0;2;1;2;2;0;0;4;2;0;0;0;1;1;1;0;0;0;0;0;3;0;1;2;0;2;0;1;1;1;1;0;2;0;0;0;0;1;0;17;4;3;7;6;2;5;4;8;13;27;2;9;0;3;4;2;6;11;4;8;2;2;2;2;2;2;1;3;2;0;0;5;1;1;4;6;2;4;6;1;6;4;0;7;51;1;4;0;1;1;1;7;6;8;5;3;0;4;1;9;1;3;3;3;5;3;0;1;2;1;1;4;3;4;1;2;5;2;2;10;1;8;2;14;4;9;5;4;20;19;6;3;64;12;4;37;5;5;8;4;3;67;93;121;287;11;218;191;144;31;;29;17;2;6;75;2;10;7;13;105;2;5;14;61;10;5;3;2;3;3;2;3;4;1;3;3;6;3;3;1;2;2;1;2;1;2;0;2;3;0;0;1;1;0;2;0;0;2;0;1;0;0;2;0;3;0;1;0;4;1;0;1;6;1;4;8;0;7;1;0;9;3;5;0;3;6;0;0;0;0;1;0;4;1;2;1;1;6;0;3;1;1;0;3;3;0;0;4;2;3;1;1;0;1;2;0;1;0;1;;
09576000;6;2;1;0;1;2;2;5;3;3;2;0;0;0;0;16;0;1;1;0;0;0;2;1;0;4;5;1;0;1;0;0;2;2;2;0;0;0;0;0;1;0;1;2;2;2;1;1;3;2;1;1;2;1;0;3;0;2;2;1;3;3;0;4;2;2;2;0;0;1;2;1;5;0;3;3;0;1;3;6;2;3;1;3;2;0;0;0;4;0;0;1;3;1;2;3;2;1;2;0;0;1;3;1;3;4;0;0;0;1;0;1;0;1;0;0;0;5;1;2;0;3;2;1;4;1;0;4;1;1;5;6;1;3;1;0;0;1;4;3;1;1;2;0;2;0;1;0;4;2;0;0;0;3;0;0;2;3;2;1;0;0;4;1;0;0;0;0;2;0;0;1;0;0;1;0;3;0;10;4;6;0;7;5;4;5;5;4;2;4;5;1;3;6;4;6;3;1;6;2;1;2;2;1;0;0;3;2;2;0;5;4;1;0;4;1;4;2;2;2;4;0;34;85;4;2;4;4;11;4;74;4;12;4;6;4;6;6;12;11;8;6;3;6;8;8;8;7;12;6;19;23;31;7;7;13;3;11;20;4;31;10;245;5;9;9;3;15;21;4;4;11;12;4;28;13;6;6;6;16;28;63;110;907;473;165;43;116;188;34;;263;3;5;17;3;5;8;7;4;2;3;2;5;15;0;3;3;10;21;7;17;11;13;10;9;22;11;1;0;0;2;0;0;2;0;3;2;1;1;1;1;0;3;4;3;0;1;1;0;3;1;1;0;2;2;2;4;1;1;4;5;2;6;6;8;1;2;1;0;12;2;3;0;0;2;1;2;0;1;2;2;1;5;1;1;2;2;0;3;0;2;1;0;0;0;0;0;2;0;1;1;3;2;3;2;1;1;1;;
09577000;1;2;0;0;3;0;0;2;0;1;4;1;0;1;2;7;1;0;0;0;1;3;0;1;1;2;4;0;0;0;2;0;1;1;1;0;2;2;0;0;0;1;0;1;0;0;1;1;1;1;0;0;1;1;0;1;0;0;0;0;0;2;1;1;1;4;0;1;0;1;1;1;0;0;1;4;0;0;3;5;1;5;0;1;0;0;1;1;2;1;7;2;1;0;1;2;1;2;4;0;0;2;1;1;1;6;1;1;1;1;3;1;1;0;0;0;2;10;1;2;1;0;3;2;3;0;0;0;1;4;1;2;1;2;0;2;5;0;1;0;2;0;1;0;1;0;0;0;0;0;0;1;1;1;0;0;0;0;0;0;0;1;3;0;0;0;0;0;2;1;0;0;0;0;0;0;1;1;19;6;5;4;6;7;5;7;3;7;4;6;15;1;4;3;1;3;6;2;5;5;3;0;1;4;2;0;2;4;0;2;4;1;2;1;4;2;3;1;0;4;2;1;36;64;5;2;3;2;2;3;106;4;8;7;5;5;2;5;16;21;7;5;2;7;7;5;2;1;4;4;9;3;9;2;0;2;2;2;8;2;5;3;15;3;2;9;2;10;15;2;4;5;4;5;8;2;0;3;2;5;61;32;28;257;31;258;13;18;39;24;212;;2;3;21;3;3;3;3;3;1;3;3;8;34;1;3;1;3;6;9;2;11;2;5;2;133;3;1;1;0;0;1;0;1;0;0;1;1;0;1;0;0;0;1;0;0;0;0;0;0;0;2;0;0;1;2;1;0;3;2;3;1;0;3;0;2;0;2;1;10;3;2;0;3;2;0;2;0;0;0;1;0;1;1;1;0;1;0;1;0;0;0;1;0;0;3;0;0;0;0;1;0;1;1;0;1;0;0;;
09661000;5;0;4;0;1;0;3;2;1;0;0;1;2;1;0;21;2;1;1;0;3;0;0;0;0;7;11;0;0;2;4;0;3;0;2;3;0;1;0;2;0;1;0;0;0;0;0;4;1;0;3;1;3;1;0;2;0;1;1;0;2;4;0;14;6;5;0;5;2;0;0;2;2;3;4;2;2;4;7;16;1;6;1;7;1;0;0;1;4;0;2;1;3;0;4;3;3;5;1;1;5;3;1;3;5;11;1;2;0;0;2;1;0;3;2;0;35;134;26;25;8;74;12;14;92;15;25;83;10;21;11;8;2;12;4;3;11;1;3;5;3;0;6;1;0;3;0;0;4;0;3;4;1;1;0;0;1;1;0;0;3;4;19;0;1;2;3;0;1;6;0;2;0;0;1;2;9;2;31;4;8;1;10;5;3;3;2;0;11;2;4;2;12;3;2;8;14;9;13;2;2;0;0;4;3;1;7;0;5;2;6;3;0;3;3;1;3;0;3;5;4;3;4;43;0;0;2;4;2;6;3;2;1;4;1;0;1;0;8;1;2;5;0;3;0;2;3;1;4;2;2;1;1;1;1;1;2;0;8;1;1;1;2;1;0;2;0;7;11;4;2;8;2;2;2;2;3;0;2;1;1;7;7;23;2;3;1;1;3;4;1;2;;6;67;1556;7;10;3;5;439;67;12;17;6;0;4;0;1;5;5;2;0;3;2;0;1;1;7;0;2;2;0;0;1;0;0;1;1;0;0;0;0;1;0;2;0;0;1;1;0;1;2;2;3;0;3;0;2;0;3;1;5;4;2;9;3;2;1;1;13;1;0;0;2;3;0;0;0;2;0;1;0;0;1;0;0;3;0;2;0;2;1;0;0;3;0;1;1;0;0;0;2;1;1;0;0;1;1;;
09662000;0;0;2;0;3;1;0;1;5;0;1;0;0;0;1;18;3;2;0;0;3;0;0;0;0;1;6;0;0;1;0;1;0;0;3;2;0;1;0;1;0;0;0;1;1;2;1;2;0;1;3;0;0;0;1;1;0;2;0;0;0;2;1;4;5;3;2;2;2;1;0;1;9;0;6;3;0;0;2;9;1;5;2;1;1;0;0;3;2;1;3;1;2;1;4;4;3;0;0;1;0;0;6;1;4;3;3;1;1;1;2;3;1;3;2;0;3;25;1;6;2;8;1;8;7;4;2;5;0;3;2;1;1;6;2;5;8;3;3;1;0;0;3;0;0;0;3;0;0;3;0;0;2;0;1;0;1;1;1;0;2;2;1;0;0;1;0;0;2;1;0;2;2;0;0;1;2;0;17;5;2;7;7;2;7;5;3;1;9;2;2;0;7;4;7;6;5;5;6;2;2;3;2;2;0;1;6;1;5;0;3;2;2;1;4;1;2;1;2;8;4;1;7;58;2;2;3;2;1;5;1;2;4;4;1;1;2;2;8;5;3;5;2;0;0;3;6;3;3;7;8;10;13;7;5;12;4;1;11;2;6;3;6;3;3;6;1;25;17;7;10;16;3;7;6;4;7;3;3;6;2;12;13;67;1;4;9;5;9;8;4;3;29;;175;18;198;94;112;62;15;54;1371;67;11;2;4;3;11;16;5;7;8;6;4;5;9;8;4;1;0;0;0;0;0;1;0;1;2;1;0;1;0;1;1;1;1;0;0;0;1;1;3;0;0;0;0;0;2;1;2;0;1;3;0;4;1;5;2;0;6;0;1;0;4;2;0;0;0;0;1;0;0;0;1;0;0;5;1;6;3;2;0;1;3;1;0;8;0;0;1;1;1;1;2;0;1;0;0;;
09663000;5;11;10;0;2;4;7;4;5;4;4;2;5;4;6;108;19;3;7;5;7;0;5;1;4;22;44;3;2;10;0;1;2;3;3;6;2;9;0;2;2;3;2;2;1;1;10;6;0;0;5;4;2;2;2;1;2;3;4;0;1;20;3;41;12;25;6;5;1;0;3;2;8;3;8;14;2;6;27;75;4;24;3;8;0;5;5;7;13;1;2;29;5;4;7;6;5;14;6;4;3;9;7;9;16;18;3;0;3;3;9;5;2;4;1;8;25;138;15;20;9;16;16;15;34;12;6;24;3;19;25;8;2;14;8;23;50;6;8;8;8;8;7;2;1;6;1;1;4;4;4;1;2;5;0;1;1;3;2;9;2;4;35;3;0;1;1;2;4;4;0;4;5;0;5;3;5;1;84;25;27;9;37;17;29;45;24;33;217;10;36;3;34;21;9;47;28;45;31;8;3;6;6;34;18;1;18;6;11;3;21;11;7;15;36;6;24;10;6;13;19;7;23;317;11;6;8;7;12;7;17;9;26;20;10;8;7;5;36;6;5;20;13;15;14;9;12;7;5;2;5;4;5;2;3;4;5;9;42;11;11;8;15;5;17;7;2;65;43;19;9;50;11;22;19;10;13;13;19;6;27;55;42;201;9;73;28;18;24;83;17;16;77;119;;73;150;85;64;418;73;401;211;2680;50;8;17;4;20;23;9;10;21;13;15;13;21;26;16;0;1;3;3;0;3;2;1;12;5;0;2;0;1;4;1;3;1;2;3;0;2;1;14;4;2;2;8;4;4;0;8;0;6;1;4;34;3;3;4;3;73;1;0;2;14;13;0;1;1;1;1;2;1;0;1;1;0;19;0;15;3;8;1;1;10;5;0;19;5;2;5;3;1;5;1;0;2;0;0;;
09671000;1;2;1;0;0;2;8;6;7;4;2;3;2;3;5;35;1;1;4;1;2;2;1;1;2;4;14;1;0;4;0;1;2;2;5;2;0;5;3;2;2;1;0;2;1;0;1;3;4;0;3;4;2;2;3;4;1;5;4;2;2;4;2;12;9;2;3;4;0;2;1;3;10;0;4;4;1;1;12;30;1;11;2;7;2;3;3;1;15;0;4;6;2;0;6;4;6;1;6;1;1;1;0;0;5;11;0;3;1;4;6;1;0;4;1;1;74;205;45;27;13;195;26;24;490;21;57;216;11;60;28;19;9;26;11;8;23;6;3;5;3;5;4;2;3;4;4;4;4;4;0;1;5;5;1;0;0;2;0;5;0;6;30;1;1;0;2;0;7;4;4;3;2;3;3;6;8;2;21;9;7;1;5;9;6;9;1;4;23;2;4;0;16;4;5;11;22;13;19;2;4;1;1;9;3;1;7;2;2;4;8;4;3;5;12;1;4;2;3;6;3;2;7;65;1;2;6;1;2;3;6;0;6;4;4;1;1;3;15;1;5;7;3;3;8;3;4;3;1;1;3;2;9;1;0;0;3;2;9;2;1;2;4;0;3;2;2;13;12;0;1;9;2;4;8;1;7;3;3;0;9;10;4;28;1;11;7;1;1;4;3;2;1438;10;98;;24;8;2;11;563;113;16;22;13;2;6;2;2;3;2;2;2;3;6;5;5;7;8;0;0;4;1;1;2;1;0;10;2;1;1;1;0;0;0;0;2;3;0;3;0;1;1;0;0;2;4;1;4;2;5;0;2;4;0;7;6;3;7;5;14;3;1;1;3;3;1;2;0;0;1;0;3;3;1;0;1;3;1;4;1;4;1;1;7;0;1;4;2;2;0;2;1;1;0;2;0;0;2;;
09672000;1;1;0;0;1;4;1;2;3;0;3;1;0;1;0;30;1;0;0;4;2;0;1;0;2;3;7;0;5;2;1;1;0;3;4;2;1;3;0;0;1;1;2;0;0;0;3;1;0;1;0;3;6;0;3;1;0;2;0;1;1;7;0;9;5;0;9;0;0;2;4;0;4;1;5;1;0;2;5;12;1;8;1;2;1;1;2;1;8;0;0;3;6;0;2;3;0;2;4;2;0;2;0;2;3;9;3;1;2;3;2;1;2;3;1;2;8;28;6;1;2;5;7;3;60;6;3;10;3;11;8;5;4;5;9;3;115;9;3;7;4;2;1;1;0;4;2;0;2;5;2;3;1;1;1;0;1;1;1;1;1;2;5;1;0;1;4;0;1;1;3;1;1;0;2;1;1;2;16;4;8;4;9;4;6;5;2;3;12;2;3;0;4;7;0;6;5;11;7;1;3;1;3;5;3;2;3;2;5;1;3;2;2;4;1;0;3;3;4;5;1;1;3;63;2;2;5;3;1;4;2;2;8;8;2;4;5;6;9;5;2;3;3;8;4;2;2;1;5;2;2;2;7;0;5;1;1;0;7;1;3;4;1;2;1;1;3;24;9;6;3;12;2;14;5;1;1;8;3;3;2;12;7;53;0;4;10;5;5;6;4;1;16;186;199;18;;321;41;38;18;96;244;59;8;1;2;0;2;5;0;3;3;2;2;4;2;7;2;1;0;1;1;0;1;0;0;4;2;1;4;1;1;1;2;2;0;2;0;0;0;2;6;0;1;1;2;0;1;0;5;4;3;6;3;51;2;3;1;3;16;1;1;0;6;3;1;4;1;1;4;0;1;3;1;1;0;9;7;7;2;1;0;4;9;4;0;22;5;2;9;7;4;5;6;1;3;1;0;;
09673000;0;0;1;1;2;0;4;4;1;0;3;0;0;0;0;14;4;3;1;0;3;0;2;0;1;4;9;2;1;2;0;0;0;0;3;1;0;0;0;1;3;1;0;0;0;0;1;2;0;0;4;0;0;0;1;2;0;2;0;1;0;6;1;4;3;1;0;1;1;0;0;4;3;2;2;1;0;0;0;10;0;11;0;0;0;0;3;3;1;0;0;1;0;1;4;1;0;4;0;1;0;1;0;0;8;4;3;0;0;0;1;1;1;1;5;2;9;25;2;10;3;3;9;1;11;2;1;5;2;6;8;3;2;6;4;6;59;5;2;4;0;2;0;0;0;0;0;0;1;0;0;1;1;0;0;0;0;0;0;2;0;2;4;0;0;0;2;0;2;0;0;0;0;0;1;0;2;1;10;3;8;2;6;2;3;5;0;0;5;0;2;0;2;1;2;1;3;2;0;0;0;1;1;6;6;1;0;1;6;2;6;3;3;2;5;0;4;1;2;3;4;1;8;52;1;0;3;1;1;3;2;1;4;1;4;2;6;0;6;2;3;5;3;4;2;2;1;0;1;2;1;2;2;3;3;1;1;1;5;2;1;4;1;1;1;5;0;27;20;12;2;10;2;9;6;4;4;4;5;2;4;15;4;62;0;4;4;3;6;4;3;2;11;68;122;4;347;;41;19;8;23;96;34;12;2;5;1;2;3;3;0;2;2;5;0;2;4;4;1;1;1;0;0;0;0;0;0;0;1;0;1;1;1;0;0;0;1;0;0;2;0;1;0;0;0;1;2;0;1;3;0;6;1;4;6;2;3;2;0;16;0;3;1;3;2;1;0;0;2;3;0;0;0;1;0;0;16;2;4;7;7;0;1;9;0;3;89;2;2;29;11;2;7;2;3;0;1;0;;
09674000;1;0;3;0;1;0;3;1;1;0;1;0;1;0;1;10;1;3;1;1;1;0;0;0;0;2;6;2;2;4;0;0;0;2;1;0;0;0;1;1;0;0;0;1;0;0;0;3;0;1;0;2;0;0;0;0;0;2;0;0;0;6;0;1;1;3;0;1;0;1;1;0;4;0;1;1;1;2;2;6;1;4;0;1;0;1;2;1;3;0;1;2;1;1;1;3;1;0;1;0;0;0;1;1;1;6;2;0;3;0;0;0;0;0;0;2;3;13;2;4;1;1;2;1;4;2;2;1;2;4;1;1;1;1;3;2;8;2;0;2;2;3;1;0;0;1;0;1;1;0;0;0;3;4;0;0;1;0;0;2;0;1;2;0;0;0;1;0;0;0;0;0;1;1;0;0;0;0;9;4;2;1;4;0;2;1;2;2;7;1;4;0;1;4;0;0;3;5;2;2;0;0;0;3;1;1;0;0;1;0;3;3;0;1;3;3;4;1;1;5;2;2;4;44;0;0;3;0;0;1;2;4;5;2;1;1;2;1;6;0;1;4;2;2;0;1;4;0;0;0;0;6;1;3;2;1;0;2;8;1;2;2;2;2;2;1;1;176;21;44;3;239;10;74;24;6;12;8;38;5;1;28;15;60;2;6;14;4;8;11;3;1;6;121;87;5;43;56;;30;2;15;232;29;6;0;3;0;1;1;0;2;1;2;3;1;0;2;2;0;0;0;1;0;1;0;1;0;0;1;0;1;0;2;0;0;0;0;1;0;0;0;0;1;1;0;1;0;2;1;4;3;1;3;3;2;1;2;1;2;10;3;2;2;2;0;0;0;0;1;1;0;0;1;1;0;0;9;2;1;0;3;0;0;1;2;0;8;1;1;15;4;0;6;1;0;3;2;1;;
09675000;0;2;1;0;2;1;0;0;0;0;0;3;0;0;0;22;2;1;1;2;2;0;1;0;0;2;10;1;1;1;0;1;1;1;0;3;0;0;2;1;1;0;0;0;0;0;0;3;1;1;1;2;1;3;0;1;0;1;0;0;0;7;2;5;5;5;1;3;1;0;0;0;1;5;3;2;1;1;3;7;1;6;0;6;3;0;1;1;11;0;0;1;1;0;3;1;3;3;3;0;0;0;2;0;2;3;0;0;0;1;2;3;2;1;2;1;4;20;4;4;25;1;6;6;2;3;1;5;4;4;3;1;1;4;2;6;11;1;3;0;1;0;1;3;1;1;1;0;6;4;1;1;2;1;0;2;2;2;1;0;0;2;9;0;1;1;1;0;0;3;2;1;4;0;1;2;1;0;14;6;7;7;7;3;8;5;2;4;36;0;6;1;6;6;1;2;5;6;6;1;5;3;3;4;2;3;4;0;1;0;6;2;3;3;7;4;3;1;2;1;1;9;7;55;4;3;5;1;1;2;5;1;9;1;4;0;3;1;26;1;4;2;3;1;3;1;3;2;2;3;2;3;1;0;1;3;1;0;8;1;2;2;4;4;3;5;2;19;11;6;1;46;2;9;6;2;2;6;6;0;4;17;12;66;4;25;16;4;11;115;7;3;6;54;404;11;45;22;28;;9;46;220;365;4;1;5;1;8;1;4;0;2;2;3;4;5;2;2;1;0;2;1;0;0;0;0;2;2;1;0;2;2;1;0;0;0;11;1;0;1;1;0;0;0;3;8;0;1;0;2;3;3;0;1;6;1;1;0;2;11;3;1;0;2;1;0;0;1;4;0;0;3;0;0;0;0;3;3;2;2;2;0;0;2;0;0;7;2;1;1;1;1;1;1;6;0;0;1;;
09676000;1;1;1;0;4;1;5;4;3;2;2;1;2;2;1;17;2;1;2;0;3;0;0;2;1;3;4;3;2;0;0;0;0;3;1;1;0;3;1;2;0;0;1;1;2;0;0;3;4;0;1;0;6;1;0;3;2;2;1;1;1;3;0;7;10;6;1;3;2;0;2;0;1;2;4;3;2;1;8;13;1;9;2;4;1;3;1;2;8;0;5;4;2;0;6;6;0;2;2;1;0;2;1;1;0;7;3;2;1;5;2;5;0;3;3;2;62;115;21;20;21;95;16;8;68;12;163;72;7;27;18;5;4;6;7;8;12;0;4;2;4;4;4;1;0;1;3;1;4;5;1;6;3;3;0;1;3;0;2;3;0;9;16;3;0;2;3;1;3;3;1;3;4;0;2;3;3;1;21;6;7;4;18;5;5;10;8;6;157;4;3;2;11;7;5;14;18;95;22;5;4;1;1;7;2;1;9;3;3;1;7;0;3;3;10;2;3;2;1;3;4;3;6;54;2;3;2;4;4;0;2;2;7;3;4;7;3;0;6;2;2;5;1;8;3;1;3;2;3;0;1;2;3;1;1;0;3;0;6;0;1;3;1;1;2;3;3;7;5;2;3;4;4;2;5;1;1;3;0;1;3;9;5;27;1;9;3;3;2;7;2;0;430;3;109;472;11;10;2;10;;73;12;39;10;1;3;1;1;7;1;1;3;1;4;1;0;4;7;0;4;4;0;1;0;0;0;2;2;2;0;4;1;1;0;3;2;0;1;0;2;0;2;3;0;0;2;2;2;2;1;1;1;1;1;8;4;1;2;0;8;1;1;1;4;3;0;1;0;1;1;0;1;3;1;0;0;2;0;1;0;1;3;0;0;2;0;3;1;0;1;3;0;0;1;0;3;1;1;;
09677000;0;3;1;0;2;0;3;1;1;0;5;4;1;1;3;20;1;3;3;1;2;0;1;1;0;5;7;2;0;2;1;0;1;2;1;2;0;1;0;2;1;4;0;1;0;1;1;0;0;0;1;2;1;0;0;1;1;1;0;0;1;3;0;7;6;4;4;3;0;4;0;1;5;1;0;0;0;1;4;14;2;9;4;8;0;1;6;2;3;0;7;4;1;3;1;7;1;3;2;3;2;1;3;3;6;9;2;1;0;1;2;1;0;2;0;2;17;45;8;10;8;12;9;4;79;6;6;17;3;15;13;5;5;6;0;2;13;2;1;5;1;1;2;1;2;2;7;0;1;1;2;1;1;3;0;5;1;0;0;1;1;6;10;0;0;1;2;0;4;0;0;3;1;1;0;1;4;0;23;7;8;6;12;3;6;8;4;8;257;5;8;0;8;3;1;6;8;11;13;1;1;1;3;4;2;1;6;0;3;0;9;2;2;6;7;0;8;4;2;4;6;3;7;79;4;1;5;4;6;1;3;3;10;4;1;0;3;2;12;1;3;8;6;2;1;2;2;2;3;3;1;5;2;1;0;2;3;1;10;3;3;2;2;3;2;4;1;14;15;3;1;9;2;4;2;2;4;3;8;1;1;15;8;45;1;15;11;4;0;11;2;3;79;50;490;108;129;25;12;56;67;;93;367;12;3;7;0;2;4;0;0;5;4;3;2;3;6;4;0;0;0;1;1;0;0;0;3;0;0;2;1;2;2;0;1;1;1;0;0;0;2;1;0;2;2;3;0;4;1;4;1;4;2;4;7;3;4;0;2;11;3;2;1;3;3;0;4;0;2;2;0;1;1;0;1;0;10;0;3;1;1;2;0;0;2;2;7;1;0;0;2;0;0;2;0;1;1;0;;
09678000;1;4;1;0;2;2;1;2;0;0;1;0;0;3;0;18;1;0;1;0;1;1;1;2;0;3;2;0;1;0;0;0;1;0;1;1;0;1;1;1;2;0;0;0;0;0;1;5;1;0;1;0;2;1;0;1;0;1;1;0;0;2;3;2;3;9;0;0;1;5;0;2;2;0;0;1;2;2;2;8;3;6;2;0;3;0;0;5;3;0;5;3;1;1;3;2;7;2;1;4;0;1;2;0;1;4;1;1;1;1;0;1;0;0;1;1;4;19;4;6;3;6;4;4;11;4;0;3;3;3;5;2;1;4;3;8;13;3;2;5;1;1;1;0;1;3;1;0;3;0;0;0;0;1;0;1;0;0;2;3;0;0;6;0;0;0;1;0;1;0;2;1;0;0;0;2;3;2;19;4;6;3;4;4;3;7;4;3;12;4;4;0;7;3;1;5;5;5;8;3;1;2;5;2;0;0;2;0;3;5;4;2;2;4;3;1;2;2;1;7;7;1;5;69;1;1;5;4;4;4;3;3;6;7;2;2;5;4;7;3;2;7;5;3;2;2;4;1;1;3;6;9;9;4;4;1;1;1;5;2;7;2;4;4;1;7;2;24;19;8;5;42;7;9;11;4;4;1;7;5;3;24;11;54;2;16;20;9;10;12;7;2;25;1175;257;21;327;128;246;220;19;107;;170;8;0;3;3;7;5;4;3;10;1;3;2;5;6;2;0;0;3;2;0;1;1;1;1;1;3;0;2;0;1;2;1;0;2;0;1;0;1;1;0;0;2;3;1;0;0;0;1;4;3;0;8;0;0;1;2;15;2;1;0;7;1;1;0;0;4;1;0;2;0;0;0;1;10;2;4;3;8;0;1;1;2;2;14;2;0;3;7;2;5;0;0;1;0;0;;
09679000;0;1;1;0;4;1;4;2;3;6;2;5;3;0;3;35;6;0;1;1;1;0;2;1;1;8;13;6;0;1;0;1;4;0;3;4;0;8;0;3;4;6;1;0;2;0;6;1;3;2;1;0;3;4;0;2;2;4;3;2;0;9;2;13;2;8;3;3;2;0;0;0;4;1;4;1;2;3;7;29;2;7;3;4;1;1;1;5;7;0;1;9;1;1;2;0;3;5;4;0;2;2;4;1;4;4;4;0;0;2;3;3;1;3;2;0;11;58;7;8;2;12;5;2;15;11;3;13;7;9;6;5;1;8;4;10;19;10;3;6;3;4;4;2;0;1;2;1;3;1;2;3;4;1;1;3;0;2;1;5;0;3;13;1;1;1;1;0;1;1;0;1;0;0;2;2;6;1;39;9;11;9;15;10;8;15;14;12;299;6;15;3;17;10;2;16;14;22;16;3;2;5;4;14;4;2;6;2;4;2;9;7;6;2;14;5;6;2;3;3;7;0;10;118;4;3;2;5;6;5;4;5;7;13;4;3;2;2;16;1;6;15;7;7;3;4;4;2;2;1;6;4;5;2;5;2;5;2;15;0;7;1;6;5;5;6;1;28;15;5;5;31;7;8;9;9;5;4;4;5;10;19;9;83;4;33;12;6;16;91;9;9;25;59;2129;34;81;38;27;494;41;464;166;;17;2;6;2;3;11;4;2;9;5;3;9;8;8;7;2;2;2;3;0;2;1;0;3;0;1;3;4;1;2;0;2;1;1;0;0;0;0;5;0;2;1;2;3;5;2;1;5;2;3;1;10;0;4;1;1;32;0;0;1;8;4;1;1;1;3;3;2;0;2;1;0;1;9;0;5;4;2;0;1;3;0;2;16;4;0;4;6;2;1;3;2;2;0;0;;
09761000;2;9;8;1;4;3;8;7;6;0;14;7;3;1;6;115;8;5;5;4;2;1;4;3;1;12;29;5;5;5;2;1;8;3;4;4;0;3;1;4;6;5;1;2;0;2;9;4;3;6;3;3;10;5;1;5;1;4;4;4;0;24;7;22;12;13;9;11;4;7;3;4;15;6;7;13;2;11;17;52;4;26;7;18;1;5;6;7;15;1;13;12;12;2;16;12;5;16;11;1;3;6;7;12;8;16;4;2;4;3;5;10;2;6;5;4;11;53;14;14;6;8;11;4;13;7;0;12;3;8;14;6;4;9;0;14;7;1;6;12;3;7;8;3;9;1;3;3;13;3;1;3;5;5;7;3;2;7;3;3;1;10;27;4;1;5;2;1;4;4;3;6;5;0;3;3;8;2;96;24;42;26;38;29;9;16;9;22;8;48;47;3;35;22;8;21;32;2;16;11;9;9;6;25;19;11;21;8;19;11;38;16;9;30;30;10;89;49;43;35;70;18;84;971;22;20;22;35;102;37;40;30;68;136;43;203;21;18;125;99;35;61;56;33;103;22;14;12;13;6;16;19;26;6;8;12;12;7;58;7;8;9;12;7;16;14;4;15;33;10;10;17;6;3;8;12;6;7;3;7;7;32;17;124;4;28;13;11;10;9;15;28;6;8;43;10;10;6;6;9;5;14;3;16;;74;71;48;1550;4605;293;297;125;50;161;206;336;127;14;1;3;3;5;1;0;4;2;9;3;4;4;5;7;1;1;5;4;4;0;2;2;2;5;5;7;5;5;3;2;1;14;6;4;7;8;35;3;8;7;2;50;4;1;6;14;14;1;6;1;3;4;2;2;2;5;5;3;10;6;8;1;6;0;1;0;0;1;5;6;2;0;4;2;3;1;1;6;1;1;;
09762000;2;0;1;0;0;0;0;1;0;1;1;1;0;0;2;10;1;0;0;0;3;0;0;0;0;1;5;0;0;0;0;1;0;1;1;2;0;0;0;0;0;0;1;0;0;1;1;0;1;0;3;0;3;0;0;0;0;2;2;0;0;2;3;2;3;0;0;0;0;0;0;0;1;0;1;3;0;0;3;4;0;2;0;0;0;0;1;0;3;0;0;2;1;0;0;0;0;0;1;2;0;1;2;3;0;3;0;0;0;1;4;2;1;0;0;1;1;4;2;2;1;0;2;3;3;0;0;2;1;1;3;0;0;1;1;1;1;0;1;0;0;0;0;0;0;0;2;0;3;0;0;0;0;0;0;0;5;0;0;1;0;1;0;0;0;0;1;0;2;0;0;0;0;0;0;0;0;0;12;3;2;3;4;2;0;0;1;3;0;1;2;2;2;2;0;2;2;2;1;1;0;1;4;1;0;0;1;0;0;4;7;0;3;4;3;2;7;3;6;5;11;1;6;113;2;1;4;6;3;6;2;4;4;14;10;44;2;1;10;1;1;3;7;5;29;3;4;4;0;1;2;4;1;0;3;2;6;0;17;0;2;0;0;1;2;1;1;1;3;0;0;1;0;0;0;0;0;0;1;0;4;2;2;14;0;1;1;0;2;0;1;2;1;3;6;1;0;0;2;1;1;0;1;0;83;;64;17;8;34;5;4;17;7;618;142;16;43;2;0;0;0;1;0;1;0;0;1;1;2;0;0;1;0;1;2;0;0;0;0;0;0;2;1;1;0;0;0;0;0;0;1;1;1;2;4;0;1;2;0;5;1;2;0;10;3;1;0;0;1;0;2;0;0;1;0;1;1;1;0;0;0;0;1;0;0;0;0;0;2;0;0;0;0;0;0;0;0;0;;
09763000;0;3;1;0;1;0;4;2;3;1;1;2;1;0;1;26;4;1;1;0;2;1;3;0;0;1;3;0;1;5;0;2;0;3;0;1;1;1;0;1;3;0;0;2;0;0;0;2;2;0;4;1;0;0;0;5;0;9;0;1;1;4;0;6;6;5;1;0;0;0;2;1;7;2;1;1;0;1;6;13;0;4;2;2;1;2;1;0;1;0;2;3;3;0;2;3;0;1;1;0;1;1;1;1;3;5;2;1;0;2;0;4;1;0;1;5;5;10;1;0;4;1;2;5;4;5;0;4;0;2;4;2;1;1;1;3;2;1;2;2;2;1;0;2;0;5;0;0;1;0;2;0;0;1;1;0;2;1;0;2;0;2;4;1;2;1;3;2;0;2;3;0;0;0;1;1;2;1;32;5;15;7;15;12;5;12;2;2;1;6;11;0;11;7;6;4;4;2;6;3;3;3;3;7;2;2;9;5;9;2;19;7;2;6;9;4;38;14;28;32;101;6;6;148;2;2;1;6;4;7;5;7;9;14;12;26;4;3;13;6;4;13;9;3;28;4;4;3;4;3;2;7;3;2;0;0;1;0;17;2;3;3;0;0;5;1;1;3;8;1;2;4;2;1;2;2;2;1;1;0;4;5;2;22;1;10;1;3;5;2;3;3;2;1;11;2;2;2;0;2;3;1;3;5;87;69;;70;12;47;12;30;51;58;211;155;23;1278;5;0;2;1;1;1;0;0;0;0;0;1;1;2;2;1;2;0;0;1;0;1;1;0;4;1;0;1;2;0;0;2;4;3;4;0;6;12;2;5;0;1;8;1;0;0;3;3;0;3;0;0;1;0;0;0;1;0;0;4;0;1;0;2;0;0;1;0;0;1;1;0;0;1;2;0;3;0;0;0;0;;
09764000;0;1;0;0;0;1;1;1;4;0;3;1;0;1;2;8;0;2;0;1;0;0;0;0;0;2;2;0;0;1;0;0;2;1;1;2;0;0;1;0;0;2;0;0;0;0;0;0;1;0;0;0;0;0;0;0;0;2;2;0;0;2;0;6;0;1;0;0;0;0;0;0;2;4;1;1;0;0;1;7;0;3;0;2;1;1;3;2;2;1;1;1;2;0;2;2;0;1;0;2;0;0;3;1;2;5;0;0;0;0;0;1;1;1;0;0;0;4;0;1;2;1;0;0;3;0;0;1;0;1;3;4;0;1;0;3;1;1;0;2;2;1;3;0;0;0;1;0;0;2;1;0;0;0;1;0;0;0;1;2;0;1;1;0;0;0;1;0;2;0;0;1;1;0;0;0;0;1;15;4;6;3;6;5;3;5;1;3;1;6;6;0;6;6;2;3;4;0;0;1;1;2;4;3;0;0;5;1;5;2;13;1;0;2;4;2;26;19;178;12;99;5;5;68;0;1;0;1;1;1;1;2;2;7;3;14;3;2;8;1;2;3;5;1;5;2;1;3;1;0;1;0;2;1;0;0;3;1;4;4;1;0;0;3;1;1;0;1;2;2;0;0;3;1;0;1;0;1;0;0;1;3;3;11;0;4;0;3;1;0;2;0;2;0;11;1;1;0;0;2;0;0;0;3;45;14;70;;5;15;4;17;64;15;24;770;7;49;2;0;0;1;0;0;1;1;0;1;1;1;0;0;0;0;0;0;0;0;0;0;0;0;2;0;0;0;0;0;3;0;2;1;2;1;0;2;1;1;0;0;5;0;1;0;0;0;0;1;0;1;1;0;1;1;0;1;0;0;1;0;0;0;0;0;0;0;2;1;0;0;0;0;0;0;0;0;0;2;0;;
09771000;4;3;2;1;3;0;2;2;0;0;0;1;2;4;1;15;1;2;3;1;1;0;0;0;0;1;8;1;1;1;0;0;2;1;1;1;0;2;0;1;1;0;0;0;2;1;0;0;0;0;1;0;6;2;3;0;0;3;0;1;2;7;2;1;3;6;0;2;1;3;1;1;4;2;2;2;1;4;4;11;0;4;1;1;2;0;3;1;6;1;2;2;1;0;5;2;0;2;0;0;0;0;1;0;1;2;0;1;1;0;3;2;2;1;2;2;3;10;2;1;1;2;4;1;2;1;1;5;3;1;4;1;6;3;1;0;1;2;1;1;1;3;1;1;1;1;0;0;3;2;1;0;0;2;2;0;0;0;1;2;1;1;1;0;0;0;0;0;1;1;1;0;0;0;2;0;3;0;12;4;15;2;4;4;4;6;1;8;1;4;12;3;4;3;0;9;5;0;4;2;4;2;2;7;3;2;3;5;5;2;9;1;2;3;7;0;12;13;5;10;12;7;52;299;3;4;8;12;111;10;19;22;30;102;12;109;14;7;38;209;43;21;23;11;17;5;7;3;7;7;10;13;12;4;10;5;3;5;17;3;2;6;6;7;4;11;2;4;9;4;4;4;5;4;1;2;1;1;2;4;4;10;5;27;2;11;3;4;2;3;2;7;1;0;16;3;2;2;4;2;2;0;3;6;1205;13;13;15;;622;53;51;25;15;24;37;114;24;1;1;0;0;1;0;0;2;1;4;2;1;1;2;3;5;1;3;0;5;0;0;0;1;1;0;2;1;2;0;0;0;2;3;6;2;2;6;5;5;3;3;8;1;2;0;2;0;0;3;0;0;0;0;1;2;0;0;4;4;4;2;0;1;2;0;1;0;0;2;3;2;0;1;0;1;5;0;0;4;1;;
09772000;3;3;3;1;7;0;7;6;8;4;1;8;3;1;4;31;5;3;2;1;2;1;2;1;5;11;15;3;0;2;6;4;3;2;3;2;0;0;0;1;2;5;3;3;0;2;2;4;1;0;4;1;5;3;2;2;2;1;4;2;3;6;1;11;6;7;3;5;1;1;3;1;1;8;4;2;3;1;6;20;3;9;4;8;2;0;2;3;5;1;3;4;5;3;3;3;6;7;5;1;0;2;5;5;3;10;3;1;0;1;2;3;0;2;3;4;3;18;6;6;4;4;5;4;8;4;2;7;1;7;9;6;4;6;0;3;4;3;4;3;1;3;3;5;4;0;3;2;1;0;1;2;4;6;0;0;2;1;0;3;3;6;6;0;2;0;0;1;2;0;3;4;1;0;5;2;2;1;35;12;22;18;20;7;5;8;3;14;3;19;23;0;10;11;4;7;10;2;9;3;3;4;1;16;8;2;12;3;4;6;20;5;5;9;15;5;45;18;18;12;24;5;45;367;8;7;11;22;40;17;16;17;42;61;22;283;13;11;54;52;26;41;32;21;41;11;8;9;10;6;9;15;15;6;6;7;5;6;22;0;0;8;4;1;13;4;3;10;13;4;6;9;6;5;1;8;3;2;3;7;5;15;4;49;2;18;4;6;7;6;9;12;4;1;25;6;4;8;2;8;3;4;2;12;3371;44;40;12;479;;327;340;48;20;133;219;288;46;8;2;0;2;1;1;0;4;0;2;2;4;2;4;1;2;1;5;1;4;0;2;1;2;3;1;7;5;5;0;2;0;8;5;6;10;6;13;9;14;4;4;19;3;3;2;5;3;0;3;1;2;3;2;0;4;2;0;3;3;4;3;0;3;2;1;0;1;8;2;0;0;0;7;1;2;4;0;3;2;4;;
09773000;0;1;0;0;1;0;1;1;2;2;2;0;1;1;0;10;2;0;0;0;0;0;0;1;0;0;3;1;1;0;1;0;0;0;0;0;1;0;0;3;0;0;0;0;1;0;0;0;0;1;2;0;0;1;1;1;2;0;2;0;0;1;1;3;5;3;0;2;1;0;0;2;1;0;1;4;1;2;2;8;1;3;1;1;2;0;0;1;2;1;0;2;0;0;4;0;1;1;0;0;0;6;2;0;0;4;1;4;0;1;1;3;0;2;6;0;1;7;0;2;0;2;2;2;4;0;0;2;1;1;0;0;0;3;0;1;1;1;1;0;1;0;0;2;1;2;0;0;0;0;0;0;2;3;0;0;0;1;0;0;1;2;1;0;0;0;2;0;1;1;1;0;0;0;0;2;2;0;24;4;9;7;10;13;3;4;2;9;4;247;36;1;0;6;3;6;4;0;4;0;1;0;3;7;3;1;1;1;2;2;15;1;3;8;9;1;39;18;15;7;10;6;15;96;4;4;3;2;7;1;6;6;6;10;9;7;4;7;14;12;9;6;5;8;2;2;3;1;0;3;6;3;3;1;2;2;1;0;8;0;2;1;2;3;2;3;0;5;2;1;0;1;1;0;0;5;1;1;0;0;6;3;0;23;2;8;2;2;1;6;1;13;3;0;11;0;2;0;2;2;1;4;2;3;255;7;10;4;30;257;;213;61;6;10;21;235;11;0;0;0;1;2;0;1;2;0;3;2;0;0;0;0;0;0;0;0;1;0;0;0;1;2;0;0;0;3;0;1;1;2;2;0;0;0;5;1;2;1;0;12;2;1;0;1;1;2;1;0;2;0;1;1;0;3;2;1;0;0;1;0;1;0;0;0;1;2;1;0;0;0;0;0;1;0;1;1;4;0;;
09774000;3;4;4;0;0;1;3;1;1;0;0;0;0;0;3;9;3;0;1;0;3;0;0;1;0;3;8;0;2;0;0;0;1;1;1;2;1;1;0;2;0;0;0;0;0;0;0;0;0;0;2;3;0;1;0;1;0;2;1;0;0;5;0;7;2;3;1;0;2;0;0;1;3;0;0;3;0;6;3;11;5;3;0;1;2;1;0;0;3;0;0;2;4;1;6;2;1;4;4;1;2;0;1;1;0;3;1;0;1;0;0;7;4;1;0;4;4;9;0;0;2;2;5;0;3;1;0;4;0;2;2;0;1;1;2;3;0;3;1;1;2;4;1;0;2;3;0;1;3;5;1;4;1;1;0;3;3;1;0;3;1;2;1;0;2;0;1;0;4;1;0;1;0;0;3;2;3;0;51;10;17;24;11;11;2;5;3;6;2;103;23;3;7;7;4;6;5;3;10;2;8;4;0;4;5;8;7;2;3;1;11;7;4;8;11;6;162;118;44;15;26;13;12;133;5;1;4;7;11;13;8;3;14;14;9;12;5;6;13;9;13;12;9;4;14;5;2;2;7;2;5;8;3;1;1;7;5;1;17;0;1;5;6;1;7;2;2;4;8;4;1;5;2;2;3;3;0;2;2;0;3;5;4;20;4;8;2;2;4;2;2;4;2;2;13;3;6;0;3;1;1;2;6;4;248;14;26;25;34;224;264;;353;13;15;207;50;27;4;0;0;0;1;1;0;1;1;0;1;1;1;0;1;2;0;0;1;2;0;1;1;0;0;1;1;1;2;1;1;2;3;2;2;6;5;6;3;0;1;2;8;1;1;0;3;1;0;4;1;1;1;1;0;0;3;0;1;4;1;1;0;2;1;2;1;1;0;3;0;1;0;1;1;1;2;0;4;0;0;;
09775000;0;4;5;2;3;4;5;3;0;1;3;1;1;1;2;35;7;0;1;3;1;3;2;2;2;5;13;3;3;6;1;1;2;2;2;3;1;4;0;0;2;1;1;1;0;0;1;2;1;0;5;2;2;1;1;3;2;5;3;2;0;5;4;13;7;3;0;2;3;0;4;0;5;3;4;5;2;2;8;26;3;11;3;5;4;2;2;1;4;1;3;3;1;1;4;4;2;6;2;2;2;2;2;2;8;9;5;1;2;3;2;5;2;4;1;1;5;23;4;4;7;8;6;3;4;1;1;4;4;6;5;1;2;4;2;4;3;1;2;1;4;0;2;3;0;2;3;0;5;4;0;2;0;3;0;1;2;1;0;3;3;4;10;3;0;1;4;0;0;3;1;5;1;0;1;5;5;2;118;38;52;71;40;22;11;14;5;16;8;146;61;2;18;10;8;15;20;6;11;10;11;7;5;16;10;4;14;7;12;10;38;13;5;31;41;15;1501;1139;356;54;83;22;21;178;6;5;6;13;8;5;9;5;19;16;7;10;2;4;26;8;9;6;9;4;12;6;9;1;4;5;3;6;5;1;6;1;2;2;10;0;0;5;3;0;7;4;1;6;6;3;4;4;2;1;1;5;1;1;2;4;4;12;5;30;1;9;5;9;9;3;3;3;7;2;16;1;2;1;2;4;2;2;5;8;137;17;45;65;17;59;73;445;;20;29;161;29;57;7;0;1;2;2;0;0;1;0;3;2;1;1;1;0;4;3;1;0;2;0;1;4;0;2;0;3;1;5;2;2;1;6;2;3;2;1;11;0;4;8;6;12;1;2;1;4;2;1;7;3;2;1;3;0;3;2;1;2;3;1;3;0;0;2;1;2;1;1;2;1;2;0;1;1;1;1;0;1;3;1;;
09776000;0;1;0;0;4;3;6;4;1;3;5;2;6;0;4;21;4;0;3;2;1;0;0;0;0;4;11;2;1;3;1;0;0;1;2;2;0;0;3;1;3;1;0;0;1;0;1;3;0;1;0;1;4;0;0;2;0;3;1;0;0;8;2;3;2;4;1;3;0;0;1;1;4;3;4;3;0;2;3;14;3;7;2;3;0;0;2;3;5;0;1;3;2;5;2;0;4;0;4;2;1;2;2;2;0;3;5;3;0;1;0;4;0;3;2;2;2;21;1;3;1;1;0;5;5;4;0;3;2;2;4;4;0;5;1;5;5;1;2;0;4;0;4;2;0;3;1;1;1;1;0;3;0;0;1;0;0;0;0;1;0;2;6;1;0;1;0;0;1;0;3;3;1;0;2;1;1;2;41;10;18;6;15;11;1;2;0;5;0;6;8;1;16;4;0;10;9;2;9;3;2;5;4;16;8;0;4;3;4;8;61;8;8;7;10;12;29;12;29;292;563;15;8;130;1;2;4;3;5;7;4;1;7;9;7;14;4;1;13;2;4;9;9;5;6;1;3;1;3;2;2;1;3;1;2;0;2;2;16;2;1;4;1;0;3;2;0;3;5;0;0;1;3;1;2;4;1;1;0;3;3;8;1;26;1;8;2;1;4;7;5;3;6;0;10;2;0;0;0;1;2;3;1;5;71;14;56;14;3;16;6;9;25;;23;32;7;158;2;0;0;3;1;3;1;0;2;5;0;0;2;0;0;2;0;4;0;4;0;5;3;2;4;0;2;1;3;2;6;0;3;3;6;6;1;8;1;7;1;2;15;2;2;0;2;6;0;1;0;1;1;1;1;1;0;1;0;2;1;4;0;0;2;1;2;1;2;2;1;1;3;1;1;0;1;0;0;2;0;;
09777000;1;3;4;0;2;3;2;1;2;1;3;1;2;0;5;24;3;0;0;2;1;0;0;0;2;1;5;2;1;2;2;1;1;3;2;2;0;3;0;3;1;4;1;2;1;0;0;0;1;0;4;4;2;0;3;4;0;4;0;0;1;2;1;8;5;3;2;5;0;1;1;1;6;7;0;4;1;7;7;8;0;4;4;1;1;0;3;2;5;1;0;2;1;2;4;5;4;1;4;4;3;4;1;5;7;4;0;1;0;4;1;8;0;1;4;1;0;13;3;1;2;6;3;7;4;3;2;4;1;7;7;2;0;4;0;3;3;1;1;1;4;0;0;2;0;3;0;0;3;2;1;0;2;5;2;0;0;2;0;1;2;4;5;2;1;0;1;1;3;2;3;1;1;0;1;0;2;1;22;9;11;7;14;13;5;4;2;7;4;3;13;1;5;5;4;4;6;1;12;1;2;2;3;9;6;3;8;3;8;6;21;3;8;5;12;0;29;15;24;13;40;3;7;243;7;1;7;22;7;10;4;10;14;28;42;182;13;3;27;6;10;15;23;9;192;4;4;2;4;5;5;10;10;5;2;1;0;0;19;2;4;6;2;3;5;6;1;5;6;1;4;6;1;3;2;4;2;5;3;3;2;10;3;23;0;4;4;1;3;7;1;4;0;1;19;3;5;1;1;3;3;1;1;2;159;687;223;37;21;105;6;22;32;20;;395;10;279;3;1;1;3;4;0;1;2;1;1;3;2;3;0;2;4;1;1;2;4;1;0;2;2;1;3;1;2;2;3;7;0;4;1;6;4;10;9;3;4;0;3;11;0;1;0;8;6;0;1;1;2;1;0;0;1;2;0;1;1;0;1;1;2;2;0;1;2;1;1;1;1;0;0;2;1;1;1;0;1;0;;
09778000;3;5;4;5;1;4;1;3;0;0;2;0;4;1;1;14;0;0;1;0;4;1;5;0;0;6;5;1;1;0;0;2;3;1;3;3;0;4;1;0;1;2;1;0;0;0;0;0;0;1;1;2;5;4;0;1;2;1;5;1;1;6;1;5;1;3;2;3;0;0;1;0;3;1;3;4;0;6;2;8;2;7;2;3;3;2;1;1;5;0;0;3;1;2;3;7;3;2;5;1;0;1;0;3;2;7;1;1;0;4;2;2;2;0;2;4;2;7;2;2;5;2;7;1;5;4;0;4;2;3;5;4;2;5;0;2;6;4;3;4;1;4;1;3;0;0;2;0;0;0;0;1;0;1;1;2;1;4;2;0;0;4;5;1;1;1;1;3;3;0;2;0;2;1;5;0;6;0;26;7;12;14;15;9;2;6;0;3;1;10;14;2;7;8;2;7;7;4;13;2;2;5;6;7;4;3;14;5;7;5;20;6;6;6;10;4;51;40;171;22;139;9;12;223;2;7;3;13;15;9;6;6;15;24;13;95;4;2;28;9;10;12;16;8;36;8;3;1;6;3;5;5;6;3;4;10;1;2;14;0;4;5;5;2;9;4;4;4;5;0;4;3;2;2;1;3;2;3;0;2;3;6;6;31;2;12;3;4;7;6;5;4;1;0;18;2;6;3;4;2;3;4;2;6;187;176;140;758;22;162;12;190;143;28;336;;15;157;6;2;0;2;0;0;0;1;3;0;0;2;0;2;2;3;4;0;1;2;0;2;0;0;1;1;4;2;3;0;4;1;3;0;3;6;6;9;0;2;7;0;10;5;0;0;8;3;0;1;1;1;3;1;3;1;2;1;3;4;1;1;0;1;0;0;1;0;0;4;4;0;3;1;0;0;0;0;1;1;2;;
09779000;3;6;1;1;0;4;1;1;4;1;0;1;0;0;2;18;1;0;0;3;0;0;0;0;0;2;6;2;1;7;0;0;0;0;0;0;0;2;0;1;2;6;0;0;0;1;0;1;0;0;3;0;0;1;0;2;0;1;0;0;0;1;1;4;8;4;2;2;0;0;3;0;2;1;2;0;0;3;4;8;1;8;0;4;3;0;2;1;6;0;0;1;3;1;0;3;1;0;1;0;0;1;2;3;2;6;0;1;2;1;1;1;0;0;0;0;2;10;0;1;2;3;3;2;4;1;0;4;3;2;3;2;1;2;2;1;4;4;0;2;1;0;0;1;1;0;0;0;1;1;0;1;2;0;4;0;1;1;1;4;0;1;6;0;0;1;1;0;0;1;0;1;0;1;1;0;2;0;27;3;15;12;10;10;5;7;4;14;6;40;202;0;7;9;7;8;4;2;9;1;2;2;5;7;2;3;3;2;4;3;9;3;1;3;12;2;23;12;8;11;9;1;92;192;2;6;6;8;11;5;41;7;19;13;9;16;5;5;29;153;17;13;10;4;6;9;5;8;6;4;6;13;7;3;8;3;3;6;25;1;4;3;4;2;5;5;1;8;16;1;8;6;3;3;1;9;2;3;7;3;10;24;9;73;5;116;6;7;5;4;17;118;6;5;28;11;3;2;4;2;15;3;7;6;627;12;24;23;184;365;266;94;81;15;50;82;;42;5;0;1;1;1;1;1;0;0;2;0;0;0;0;1;1;2;0;0;1;0;1;0;0;3;2;0;5;1;0;1;0;3;3;3;6;1;5;4;1;2;0;7;1;0;1;4;3;0;1;2;2;1;0;1;1;1;0;1;2;2;7;0;1;0;1;0;0;1;0;0;0;1;1;2;1;3;1;5;0;2;;
09780000;1;3;5;0;1;2;10;3;3;2;4;2;2;1;1;30;3;2;0;1;6;0;4;1;0;2;11;0;0;2;2;1;0;2;5;5;2;1;2;1;1;1;1;1;2;0;3;2;1;0;2;0;6;4;3;2;1;3;1;0;2;5;5;11;2;10;5;2;1;2;1;2;4;3;4;10;5;0;5;21;4;7;2;9;5;5;7;0;8;1;0;8;0;2;5;2;3;2;6;0;2;2;3;4;4;6;0;1;1;4;5;4;0;4;2;5;3;13;3;4;6;6;4;5;4;5;3;5;1;4;4;2;2;5;2;3;3;2;1;5;1;1;7;2;2;8;2;2;2;3;0;2;0;3;3;1;3;2;0;3;0;3;4;1;1;2;2;0;0;0;2;5;1;1;6;1;2;2;42;18;24;20;16;21;10;12;4;11;5;12;15;3;11;13;4;8;11;4;14;2;9;5;9;15;13;3;11;3;6;7;32;5;3;12;14;4;46;24;43;44;243;13;14;192;5;6;10;11;2;5;5;6;14;13;21;20;7;2;20;4;7;12;16;7;36;5;4;2;6;3;3;5;12;5;4;7;2;2;20;1;2;5;4;3;5;3;4;3;13;4;0;5;3;2;6;3;6;3;1;2;5;10;12;26;0;14;4;1;4;6;2;6;3;1;21;5;8;2;3;3;4;4;2;8;109;53;1215;63;12;36;8;25;52;177;348;218;8;;5;0;1;3;1;1;0;2;0;1;1;2;1;1;5;1;3;0;3;4;0;1;0;3;4;0;7;1;4;7;5;4;5;4;4;6;5;12;8;9;5;3;16;8;2;0;5;7;1;3;1;1;4;1;1;2;0;2;0;2;1;3;0;6;1;2;6;3;0;4;4;1;1;2;2;2;2;0;1;0;0;;
10041000;9;11;10;2;4;4;8;1;9;2;9;4;5;6;2;95;9;2;6;4;7;1;5;4;5;12;43;2;3;7;2;1;3;2;4;5;0;5;3;4;8;4;4;2;0;0;15;8;4;2;5;4;6;4;5;2;2;3;4;2;2;24;6;54;34;34;14;13;2;11;6;8;31;8;17;18;7;13;41;121;12;52;11;26;13;12;6;7;26;5;24;20;11;6;18;11;4;8;5;6;1;7;4;10;18;31;5;2;11;9;3;11;4;14;2;14;25;123;16;42;24;13;26;16;19;19;7;32;12;17;20;5;8;24;4;13;6;3;4;6;4;1;26;13;5;20;80;10;19;14;10;13;14;146;40;18;12;95;6;93;41;25;71;12;42;8;10;80;8;18;12;20;64;72;20;13;12;77;65;27;30;8;34;21;17;21;0;8;4;4;10;3;58;32;19;44;83;4;48;12;8;16;7;42;31;12;33;4;8;3;23;17;7;13;26;4;6;4;7;16;13;6;4;107;3;1;5;2;1;3;2;5;6;5;3;6;3;5;15;1;1;6;7;6;3;2;4;3;2;0;1;3;3;2;1;3;5;1;14;2;2;4;0;2;6;3;1;4;5;5;1;0;4;0;3;0;0;2;0;2;2;12;3;24;1;7;5;4;3;3;3;6;3;2;18;4;1;3;0;4;1;8;4;10;15;1;4;0;2;8;1;6;5;6;2;4;2;9;;350;1193;1579;1200;304;2;1;0;9;0;0;0;1;4;4;3;0;1;1;0;0;4;2;8;2;8;3;7;1;9;2;5;4;6;5;2;28;2;4;3;4;47;3;3;1;8;7;0;4;1;0;6;0;1;2;2;1;3;13;2;6;2;2;2;3;2;3;0;2;2;0;0;4;1;0;1;2;6;1;2;;
10042000;0;1;3;0;0;0;0;2;2;0;1;1;0;0;2;10;1;0;2;2;0;3;0;0;0;2;5;1;3;0;0;2;0;0;0;0;0;0;0;2;3;1;0;0;0;0;1;1;0;3;2;1;1;1;1;2;0;0;1;0;0;2;0;14;5;6;3;4;1;3;0;0;1;2;2;3;3;4;13;27;1;18;5;8;1;2;3;2;3;0;3;3;1;3;1;1;0;4;0;0;0;4;2;1;6;7;2;1;1;0;1;1;0;0;1;2;5;26;1;9;2;2;8;4;7;5;0;6;3;3;5;1;1;3;0;1;4;2;1;4;0;0;8;1;2;3;24;4;8;3;2;4;5;125;32;23;3;282;0;12;15;3;24;1;7;2;3;9;5;6;1;0;9;12;2;0;6;7;6;2;5;3;4;4;2;1;0;1;2;0;2;1;10;3;3;12;11;0;12;0;1;1;0;7;3;0;6;1;0;0;7;2;3;1;6;1;0;1;1;1;1;1;1;20;2;0;0;0;0;1;2;1;4;0;3;0;2;0;4;0;1;2;0;0;1;1;0;1;0;0;0;0;0;0;2;0;0;0;2;0;0;1;0;1;0;0;1;0;0;1;0;2;0;0;0;0;0;1;0;2;0;2;0;5;0;0;0;0;2;0;0;2;1;0;0;1;0;0;0;0;0;0;0;0;3;0;0;1;0;3;2;1;0;0;3;0;1;3;354;;74;833;47;134;0;0;0;1;1;0;0;0;2;1;0;1;0;0;0;0;1;0;1;1;2;0;0;0;0;1;4;1;1;2;4;5;0;1;0;0;5;1;1;0;0;1;0;1;0;0;0;0;1;1;0;2;1;1;0;1;0;1;0;0;0;0;1;0;0;1;0;0;1;0;0;0;0;1;0;;
10043000;1;1;2;0;3;2;0;1;0;1;3;1;0;0;2;17;1;1;1;2;2;1;0;1;1;2;8;6;0;2;1;1;0;2;3;1;1;4;0;1;1;0;1;0;2;0;2;1;1;1;2;0;3;2;1;1;0;3;1;0;0;5;1;5;5;5;7;3;0;2;0;1;2;3;1;8;4;1;3;11;2;13;4;5;3;1;2;2;5;2;3;2;1;3;7;4;3;2;0;3;0;5;1;3;6;2;3;1;0;1;4;2;2;3;3;8;5;25;5;9;4;3;5;4;8;1;1;8;3;3;6;3;0;4;0;4;2;4;3;1;1;0;6;4;1;10;37;2;9;5;5;2;5;39;16;3;8;28;2;38;23;18;17;1;17;2;2;60;4;8;9;6;35;95;8;11;3;50;12;3;4;3;5;4;1;1;1;3;1;0;0;0;10;9;3;8;17;4;13;4;3;4;0;7;3;3;7;1;4;2;5;4;1;8;6;3;4;2;2;1;1;1;0;17;1;0;3;0;3;0;0;0;2;1;1;4;0;0;2;0;0;1;0;2;1;0;2;0;2;2;0;2;0;0;0;0;0;1;2;1;0;0;0;1;2;0;0;1;1;0;0;0;0;0;1;0;0;1;0;1;0;1;1;4;1;0;0;1;1;1;1;0;2;1;2;0;3;0;0;0;3;1;1;1;4;2;1;0;1;1;1;1;6;3;6;1;0;3;1126;76;;330;682;448;1;0;1;0;0;0;0;0;0;0;0;0;0;0;2;0;1;2;0;0;0;0;1;0;0;0;1;0;0;1;2;5;0;1;3;0;5;1;0;3;6;1;0;0;2;1;1;0;0;1;2;0;0;3;0;0;0;0;1;0;0;1;0;1;0;0;0;0;0;0;1;0;0;1;1;;
10044000;1;2;1;0;1;1;2;1;2;3;2;0;1;4;3;30;3;2;3;2;1;0;2;0;1;5;15;1;7;4;2;0;1;0;1;4;0;4;0;2;4;2;0;1;2;1;6;2;3;0;5;0;4;1;0;0;3;3;1;2;2;7;3;15;14;13;4;3;4;6;0;4;6;3;10;10;4;2;10;33;2;17;6;7;5;7;3;5;11;0;3;3;1;1;6;6;1;7;3;2;3;8;5;2;5;11;1;3;3;3;4;1;1;4;2;3;5;38;6;9;9;7;8;3;8;6;0;5;5;6;10;2;5;7;0;6;3;0;0;2;3;1;11;5;1;10;21;9;12;6;2;4;9;93;19;6;9;65;4;36;29;11;28;9;10;1;5;18;3;9;3;7;13;15;6;7;10;16;14;4;6;5;8;3;4;4;1;2;0;1;3;0;20;13;9;9;25;1;20;6;3;8;3;18;10;6;11;0;3;1;4;9;5;5;7;6;4;1;2;3;0;3;0;31;1;1;3;0;4;2;0;1;3;2;1;1;0;1;6;1;1;4;2;2;4;1;2;1;0;0;1;0;2;2;0;2;0;0;5;0;2;1;3;0;0;2;0;3;3;2;2;1;0;2;2;0;0;0;1;1;0;3;1;9;0;0;1;1;2;0;1;0;1;1;5;3;1;0;3;0;4;0;0;3;3;0;1;0;1;6;0;0;2;4;0;0;1;4;1650;867;362;;230;249;0;0;0;1;1;1;0;3;1;2;0;3;0;1;1;3;1;2;3;1;1;1;4;0;3;0;1;2;1;1;0;8;1;1;1;1;8;1;1;3;7;1;1;2;0;0;2;0;1;0;1;1;0;1;1;2;0;0;0;0;0;0;0;0;0;0;0;0;0;3;0;1;0;1;0;;
10045000;1;6;7;2;0;3;2;1;1;2;0;1;4;0;1;25;4;0;1;2;1;1;1;0;2;5;9;1;0;5;0;0;1;0;3;2;0;3;0;1;0;0;0;1;0;1;4;2;1;1;6;0;3;1;1;0;0;1;0;1;0;7;2;10;5;6;1;4;2;0;1;5;6;3;4;9;7;5;15;27;2;12;3;8;1;2;5;4;12;1;2;8;11;1;3;8;3;7;3;1;0;1;3;2;4;8;3;2;1;1;1;3;0;2;5;0;5;39;7;17;10;13;8;5;9;6;4;11;5;8;8;3;1;4;3;1;4;3;4;4;2;2;13;5;4;10;21;4;3;4;6;3;6;41;10;7;5;22;4;74;31;13;39;6;31;7;6;250;5;11;11;9;91;210;13;8;12;174;24;10;9;4;13;6;6;7;2;3;3;6;2;3;28;13;10;11;34;1;22;4;5;7;1;25;7;0;12;1;6;1;10;5;4;2;15;5;3;5;2;6;7;2;3;32;0;0;2;0;5;2;2;0;5;3;0;4;1;1;7;1;1;4;5;0;2;2;2;1;1;0;2;2;2;0;1;3;1;2;3;1;0;2;2;0;0;3;0;0;3;1;0;0;0;2;0;1;0;2;0;0;1;3;0;10;0;2;4;2;1;1;0;0;3;3;8;1;2;0;3;0;1;0;0;1;7;1;0;4;2;3;1;1;5;0;1;4;2;5;1076;49;660;116;;90;1;4;0;1;0;1;0;0;0;1;0;0;0;1;0;1;0;1;4;0;0;1;2;0;1;1;3;1;1;2;0;5;2;4;1;0;12;0;3;0;8;0;0;1;1;0;2;1;0;0;0;3;1;4;1;2;1;0;0;1;0;0;2;1;0;0;0;0;0;0;0;1;3;0;1;;
10046000;1;1;2;0;0;1;4;4;1;1;3;0;0;0;0;10;3;0;3;3;1;0;0;1;0;3;4;1;0;1;0;0;3;0;0;2;0;1;0;1;0;0;1;1;1;2;2;1;0;0;1;1;3;0;0;2;0;0;0;0;0;1;1;6;1;3;4;2;1;3;1;2;5;1;2;0;0;1;5;20;1;10;3;4;3;3;0;1;1;1;2;4;0;1;0;1;1;2;0;1;2;4;1;1;3;4;1;1;5;1;0;1;0;6;1;1;8;25;6;6;3;6;2;2;2;5;0;3;1;7;3;0;4;5;0;3;2;2;0;0;0;0;10;3;1;11;167;2;9;4;3;2;2;64;25;5;3;103;2;34;18;7;32;1;5;1;0;14;1;4;4;6;14;100;5;2;4;11;5;7;6;1;3;4;1;2;2;0;1;0;3;2;12;6;2;8;9;0;10;0;1;3;2;6;2;0;5;0;3;0;9;0;2;0;4;1;2;1;1;2;7;1;0;10;0;1;2;1;0;2;0;1;1;0;1;0;0;0;4;1;0;1;1;0;1;0;1;0;1;0;1;0;1;0;0;0;2;0;1;0;0;0;0;0;0;0;0;1;1;0;0;1;0;0;1;0;0;0;0;0;1;3;0;1;0;0;0;0;0;2;0;0;2;0;2;3;0;0;0;0;0;1;0;3;1;0;3;0;0;1;0;0;0;0;1;0;0;1;314;131;386;160;81;;0;0;0;0;4;0;0;1;0;0;0;0;0;1;0;0;0;0;0;2;2;0;7;0;0;0;0;1;1;1;1;2;1;2;0;0;2;0;0;0;2;0;0;0;0;0;0;0;0;0;0;1;0;0;0;0;0;0;0;1;0;0;0;0;0;0;0;0;0;0;2;2;0;0;0;;
11000000;4;3;1;1;1;2;1;0;2;1;2;5;0;0;3;19;3;1;0;2;1;2;0;3;3;0;11;1;5;2;0;0;2;6;1;0;2;1;0;0;1;4;1;1;1;0;1;2;1;2;0;2;1;0;1;0;1;1;2;1;0;1;1;4;3;6;1;0;0;2;0;1;2;3;6;1;2;2;5;3;1;2;1;1;2;2;0;1;2;3;2;2;2;0;2;1;0;1;2;2;0;3;3;1;4;9;0;0;0;0;2;1;0;1;1;0;1;5;0;1;0;1;1;1;2;0;0;2;1;1;1;0;0;2;2;4;1;0;0;0;0;1;0;0;0;0;0;0;1;0;0;0;2;0;0;1;0;0;0;0;0;3;1;0;0;0;0;0;1;1;0;0;0;0;2;0;1;0;5;0;2;0;3;0;1;3;0;0;1;1;2;4;1;1;0;1;2;1;6;0;0;0;0;0;1;0;3;1;0;0;1;1;2;1;1;1;2;0;2;0;3;1;2;12;0;0;1;0;0;0;0;2;0;0;1;0;0;0;0;0;0;1;2;0;0;2;0;0;0;0;1;3;1;0;0;0;0;1;0;0;1;0;0;0;1;0;2;0;1;1;1;0;0;0;0;2;0;1;0;1;1;1;0;1;0;0;0;1;0;2;1;0;0;0;0;0;0;0;1;0;0;0;0;1;2;0;0;1;0;1;1;0;1;0;1;1;0;0;3;0;1;0;1;0;;10;7;112;20;23;3;158;16;21;6;15;28;576;15;4;32;10;13;4;14;11;5;3;10;2;2;4;3;1;1;15;2;6;5;5;32;3;1;5;7;33;6;6;6;1;8;56;2;4;7;19;6;5;0;5;0;1;1;0;0;1;5;3;1;0;0;1;0;0;0;3;0;0;1;;
12051000;4;7;4;0;1;4;1;1;7;0;6;3;2;2;3;45;8;2;8;4;3;2;0;1;3;6;17;5;5;8;0;0;0;2;6;3;0;1;0;1;3;1;0;3;6;1;4;2;2;0;3;1;2;0;1;3;1;3;5;2;0;16;2;6;34;11;2;2;2;1;2;2;24;2;6;3;1;0;6;12;2;9;2;8;3;3;8;3;4;1;4;4;3;2;16;2;2;5;1;0;0;3;4;4;11;18;2;6;11;5;0;6;2;10;6;5;2;17;0;4;3;0;0;3;5;0;0;4;1;3;4;1;1;3;1;13;3;1;5;1;4;0;4;1;1;1;1;1;3;1;1;0;0;2;2;0;1;1;1;1;1;5;1;0;0;0;0;1;4;0;0;0;0;0;0;1;1;1;13;5;7;3;8;4;4;8;2;5;0;5;8;1;6;1;5;3;4;2;3;0;3;0;1;4;3;1;6;0;1;1;5;2;3;1;4;1;6;0;6;3;2;2;3;25;0;1;0;1;1;2;0;1;2;2;0;0;3;0;7;4;1;2;0;2;0;3;3;1;2;1;2;0;1;0;1;1;0;3;6;2;0;1;1;4;2;2;1;2;4;1;0;0;1;1;0;0;0;1;0;1;0;3;3;8;0;0;4;0;0;1;0;0;0;0;4;1;2;2;0;3;1;0;0;0;3;4;2;1;1;3;0;4;2;1;2;1;1;1;3;0;1;0;2;1;14;;26;66;28;128;59;13;34;18;186;69;12;20;5;917;38;9;22;4;10;8;14;6;18;6;26;4;13;4;10;171;61;54;19;20;97;9;11;3;22;12;2;6;0;4;1;3;0;3;3;4;11;11;3;14;0;7;2;0;1;2;0;3;2;1;2;4;0;1;1;2;0;1;1;;
12052000;2;3;7;0;2;4;2;3;5;1;2;4;2;1;2;21;3;0;2;0;5;0;3;1;0;4;13;1;3;1;0;0;1;1;0;3;0;5;0;1;1;1;3;1;0;0;4;2;1;0;1;0;3;0;6;2;0;0;0;0;0;6;1;8;4;10;1;5;4;0;3;0;10;1;2;2;0;2;6;8;1;1;2;1;0;2;1;3;0;0;1;3;2;0;3;2;2;4;2;2;1;1;1;1;3;5;0;2;1;2;0;0;0;2;4;2;4;5;0;2;0;0;0;2;1;1;0;1;0;3;2;2;2;1;0;4;5;2;1;1;0;2;1;1;1;1;0;0;0;0;0;2;1;0;0;0;0;0;0;0;0;0;2;0;0;1;0;0;0;0;1;0;0;0;0;0;2;0;2;0;2;3;2;1;0;0;0;2;0;0;1;0;1;1;0;0;1;0;2;1;1;0;0;1;0;0;1;1;2;2;2;0;5;2;1;1;1;1;0;3;2;3;2;13;1;0;0;0;0;0;1;0;1;0;0;0;0;0;2;0;0;0;1;0;1;0;0;0;1;1;0;0;0;1;0;0;0;0;1;0;0;0;0;0;2;2;0;1;1;3;0;0;0;0;0;2;0;0;2;0;0;0;1;2;0;1;1;0;0;0;0;0;2;1;2;3;1;0;0;0;0;0;1;3;3;0;0;0;0;0;0;0;1;1;0;0;0;0;3;0;0;1;0;0;14;28;;63;36;38;37;19;289;32;8;508;13;34;3;26;99;17;12;2;8;9;9;3;15;1;2;4;4;3;3;31;3;9;4;7;29;1;0;0;6;11;0;3;2;0;5;3;0;3;0;1;0;5;0;1;0;2;1;0;0;0;1;1;0;0;0;1;0;0;1;2;0;0;1;;
12053000;9;14;16;2;6;4;5;6;6;1;13;11;12;7;6;92;10;2;6;6;8;3;6;1;4;17;41;7;1;12;1;3;4;7;3;7;5;14;0;2;2;6;0;1;3;0;4;6;2;1;0;2;5;3;1;4;1;6;4;0;1;25;3;16;1;9;3;3;0;3;0;1;5;4;7;6;2;5;22;29;4;12;3;6;5;3;1;4;18;0;0;20;2;2;3;6;1;10;3;2;3;6;8;3;15;7;2;3;2;4;2;2;1;1;1;5;3;26;6;9;4;4;4;4;5;1;1;7;3;3;9;1;2;11;2;7;4;0;4;2;1;7;4;6;1;3;1;0;2;0;1;4;4;5;1;2;0;2;0;0;2;3;13;1;0;0;5;0;1;2;3;3;0;0;1;0;9;0;12;6;10;4;10;2;2;2;1;4;3;1;3;1;6;8;5;11;9;1;4;3;4;2;5;13;9;4;3;0;3;3;10;3;3;2;11;0;5;1;2;4;4;2;4;49;1;0;4;4;3;1;2;1;7;2;2;3;4;2;11;1;0;3;7;8;2;1;3;1;0;1;0;2;3;0;0;0;0;2;5;3;0;0;4;0;2;1;2;3;3;1;2;0;1;0;3;0;2;0;3;2;0;7;0;12;0;4;3;2;3;0;2;3;3;1;6;1;1;1;1;1;2;1;1;5;3;0;0;0;2;1;1;1;3;2;0;0;0;5;8;2;0;1;4;0;130;40;27;;62;89;26;277;53;93;22;57;63;1663;18;24;304;34;44;19;38;25;45;18;49;15;10;5;11;7;7;69;10;17;11;5;107;7;7;11;33;43;8;10;5;8;17;18;0;3;5;15;17;23;5;14;3;16;1;2;3;3;3;6;6;1;0;2;3;0;2;0;3;1;3;;
12054000;4;7;7;1;7;4;8;8;11;2;7;7;8;3;10;37;6;1;3;3;9;0;2;1;0;8;17;3;3;4;0;2;2;6;5;5;7;8;2;2;4;4;6;1;2;1;1;3;5;5;11;4;3;1;1;4;4;5;1;2;1;13;2;8;4;5;1;0;2;4;0;2;8;1;4;3;3;4;4;9;0;6;3;3;1;4;2;6;5;1;0;2;0;3;3;6;3;6;5;2;0;4;6;4;4;9;6;2;4;8;3;1;1;5;1;4;1;9;0;4;3;4;3;2;3;1;0;2;1;0;3;3;1;6;2;3;9;2;2;2;4;4;3;2;0;1;2;0;5;0;1;2;4;2;2;3;2;0;3;0;3;1;2;0;0;1;0;1;1;1;2;0;0;1;0;0;1;2;9;6;6;2;0;1;2;5;1;1;0;1;0;0;3;3;3;1;6;0;2;1;2;4;2;4;4;6;3;0;6;0;7;3;4;4;3;1;1;0;0;3;1;2;0;9;0;0;2;0;3;1;1;1;2;1;1;0;1;0;4;0;0;0;1;1;2;1;0;0;2;0;0;0;2;1;0;4;0;0;0;0;1;1;2;0;0;1;1;3;2;0;4;3;0;0;0;1;0;0;1;0;0;1;1;9;0;4;2;3;2;3;0;1;1;1;0;1;0;0;4;1;0;0;1;0;3;0;0;0;1;3;6;0;1;0;0;1;0;2;5;1;0;1;0;0;22;28;19;69;;79;18;48;404;257;15;96;42;46;19;15;41;299;35;11;58;29;54;20;105;15;4;4;7;5;10;33;7;10;7;8;47;9;3;0;18;16;1;2;3;7;9;7;9;1;11;10;14;7;4;12;0;3;2;1;0;0;4;0;3;1;4;5;0;1;2;1;1;2;4;;
12060000;2;6;4;2;2;6;6;6;3;1;7;5;8;1;2;34;4;0;3;3;2;0;3;0;0;4;18;2;2;5;0;1;4;3;2;2;2;2;0;2;4;1;0;1;1;0;4;1;1;1;3;4;4;0;1;1;2;4;0;0;0;12;4;4;4;4;2;2;2;0;1;1;0;2;9;1;4;0;3;6;6;3;1;3;1;2;2;2;9;2;3;2;0;1;5;5;3;3;4;1;5;2;2;2;1;5;1;2;0;2;0;0;1;1;0;0;0;14;2;2;1;4;3;2;3;2;0;4;0;1;6;0;1;6;2;1;2;3;7;1;5;1;0;4;4;0;0;0;3;0;0;1;0;2;3;1;1;1;0;1;2;0;1;0;0;1;0;0;0;1;0;0;1;0;0;3;2;0;5;3;4;4;3;5;2;1;0;0;0;1;1;3;4;6;2;1;4;2;2;0;2;1;1;3;3;2;1;2;1;1;4;2;0;1;2;0;3;2;3;3;2;1;1;15;0;0;2;4;0;1;1;2;7;1;3;1;0;1;1;0;3;1;0;3;4;1;0;0;0;0;1;1;2;0;2;0;1;0;3;0;0;2;1;0;1;3;0;2;1;1;0;1;0;2;1;3;0;1;1;1;0;0;1;4;1;0;5;1;3;1;1;0;0;2;2;0;2;1;0;0;1;1;0;2;1;0;1;1;0;3;0;0;0;0;0;1;1;1;1;0;1;1;1;0;34;133;38;98;64;;72;41;109;58;169;304;23;92;11;97;454;19;23;3;33;16;28;8;42;6;6;5;10;3;7;65;16;22;22;8;48;5;15;4;23;12;0;15;12;6;8;6;5;5;11;11;19;8;3;4;1;1;0;1;3;3;2;5;1;0;0;5;2;1;4;1;4;1;1;;
12061000;1;0;3;0;2;1;3;0;4;0;2;4;1;1;1;9;1;0;2;1;2;1;0;2;0;2;7;1;2;0;2;1;3;4;0;1;0;2;0;0;1;3;1;1;0;0;1;1;1;0;3;0;2;0;0;0;0;1;0;0;0;6;1;1;11;7;0;3;1;2;0;0;5;2;0;2;1;6;1;3;0;3;1;2;0;2;1;3;2;0;5;1;1;0;3;1;0;0;1;5;1;2;0;1;3;3;0;0;1;5;2;0;0;0;0;2;2;4;0;0;1;0;1;1;3;0;1;2;1;1;0;1;0;0;0;1;3;1;1;2;1;1;1;5;0;2;1;0;2;0;0;0;1;1;2;0;1;1;0;0;1;1;2;0;0;0;0;0;0;0;0;0;0;1;0;1;0;0;3;3;2;1;1;0;0;1;0;2;2;0;4;0;2;1;0;1;5;0;2;0;1;1;1;1;1;0;5;3;1;1;1;4;2;3;5;2;1;0;5;3;4;0;1;10;0;0;1;0;0;0;0;0;1;1;0;1;1;2;2;1;2;0;0;2;1;0;0;0;0;0;2;0;2;2;1;1;1;1;0;0;0;0;2;0;0;1;0;1;1;2;0;0;1;0;0;0;2;0;1;1;0;2;1;4;0;0;0;0;1;0;1;0;0;1;2;0;1;0;0;1;1;2;0;0;1;1;0;0;0;1;2;1;0;0;1;0;1;2;0;0;0;0;1;0;18;94;39;48;139;113;;78;147;111;230;112;17;182;1;50;114;38;4;1;6;5;5;0;7;3;10;5;22;1;9;186;30;11;146;20;102;14;76;4;17;11;1;6;1;7;4;1;0;2;1;2;46;8;7;12;1;2;0;1;4;0;3;0;2;2;0;3;0;2;3;2;3;2;4;;
12062000;0;7;5;1;7;4;11;12;5;10;10;5;5;3;4;53;5;6;1;6;7;5;5;3;2;9;24;3;2;2;3;0;4;4;5;2;5;4;2;3;5;4;2;1;1;1;0;3;4;5;3;1;8;1;0;7;2;1;0;1;1;7;2;4;2;7;4;5;2;4;4;0;3;3;3;1;4;2;3;10;1;5;2;5;5;3;2;0;5;0;2;5;0;2;7;5;2;2;6;1;0;4;4;3;2;5;1;0;3;4;2;2;2;3;3;3;1;10;1;1;3;0;1;2;7;3;2;1;1;1;3;2;2;7;0;6;0;2;2;0;1;0;1;3;1;1;0;0;4;1;0;0;5;0;0;0;0;0;0;0;0;2;4;0;0;0;0;0;4;1;0;0;1;0;0;2;0;1;2;1;0;2;6;0;0;2;0;0;2;1;0;0;3;2;0;3;7;1;4;1;3;0;0;1;2;1;1;1;1;0;5;2;4;4;1;0;1;0;0;1;3;1;0;15;0;2;2;1;4;1;4;1;0;0;1;2;1;0;3;0;1;4;0;0;0;1;1;0;2;2;1;4;1;2;0;0;0;0;2;0;0;1;3;1;0;0;0;0;0;2;0;0;2;0;0;2;1;2;0;1;1;1;0;8;0;1;1;0;2;3;0;0;0;0;2;3;3;0;0;1;0;1;1;1;2;0;0;0;1;3;1;0;0;1;0;4;0;1;0;0;3;2;0;0;194;15;12;262;45;40;10;;36;199;6;29;146;180;39;16;58;23;31;8;24;22;30;11;34;18;5;4;10;5;8;19;11;6;3;8;29;6;6;11;21;23;7;13;8;3;11;42;2;2;10;94;14;11;3;6;0;1;4;2;2;0;1;1;2;0;0;3;1;1;1;1;0;0;2;;
12063000;5;5;2;1;1;6;8;9;4;4;7;3;3;2;3;39;10;2;1;1;3;1;0;0;3;6;18;4;0;2;0;5;4;3;3;3;4;2;2;5;2;3;1;7;3;0;3;3;3;0;5;0;7;3;0;3;4;4;0;1;2;6;1;4;8;5;3;2;0;4;1;1;6;7;2;2;0;5;6;8;3;4;0;2;8;1;1;2;15;1;1;2;2;1;3;3;0;6;1;1;2;2;5;3;2;5;1;1;2;0;1;3;1;2;5;6;3;4;0;1;0;3;1;1;4;2;0;1;4;4;3;3;1;6;2;4;5;1;3;3;0;3;5;0;1;0;0;1;1;5;0;5;1;0;1;1;1;1;1;0;0;1;2;0;3;0;0;0;0;2;0;3;0;0;0;0;0;0;8;2;4;6;1;1;0;2;1;0;1;1;1;2;1;6;2;4;2;4;2;0;1;0;0;2;2;0;2;5;2;4;4;0;3;2;1;0;0;1;1;1;5;0;0;14;0;0;2;0;3;3;1;0;7;3;2;2;2;1;3;0;3;3;0;5;0;0;0;0;1;3;1;0;0;0;2;3;1;1;0;0;0;0;1;0;0;1;0;1;0;1;1;0;1;2;2;2;0;0;0;0;0;3;2;4;0;2;1;0;2;0;1;2;0;0;2;0;2;0;2;1;0;0;0;2;4;1;1;1;0;2;0;0;2;0;2;0;2;7;0;0;3;1;0;1;25;36;298;57;392;100;9;39;;80;15;551;28;50;13;18;52;76;32;8;37;22;42;11;63;11;9;7;6;5;2;39;10;14;9;4;37;9;6;3;19;11;4;5;7;4;7;5;4;5;10;7;15;3;3;13;0;4;0;1;0;4;6;2;3;1;0;4;1;0;2;1;4;0;4;;
12064000;7;13;7;3;8;3;13;13;4;5;10;8;10;5;2;38;9;3;3;2;7;2;3;4;2;12;21;4;6;7;2;6;2;1;9;7;4;3;1;3;8;4;4;3;0;1;4;1;3;0;5;2;5;4;0;8;0;3;1;4;1;14;1;10;1;6;3;0;3;3;2;1;6;1;6;2;2;1;4;16;2;8;1;7;3;2;2;3;8;0;2;10;2;4;1;8;1;5;5;6;0;2;5;2;6;4;0;0;5;1;2;4;2;2;4;3;0;7;1;7;0;2;2;2;6;1;1;7;1;3;5;1;5;4;2;6;3;2;1;1;1;3;1;1;0;1;0;0;3;4;0;0;1;2;0;0;1;0;0;3;2;2;6;0;0;0;1;0;3;3;0;0;1;3;1;0;2;0;8;3;2;0;1;1;1;3;1;3;1;2;1;1;4;6;2;2;6;0;1;2;2;3;3;3;3;0;7;2;3;1;4;3;1;1;5;0;2;2;1;3;0;1;3;21;1;0;3;1;3;2;3;1;2;4;0;0;1;1;3;1;0;1;2;1;2;2;1;1;4;1;1;1;2;1;1;0;0;0;0;0;0;1;0;0;2;2;1;0;0;1;3;3;0;0;1;4;2;2;1;3;1;2;3;3;2;1;0;1;0;0;0;1;1;2;5;3;0;0;0;0;1;3;0;2;1;0;1;2;2;3;0;0;0;2;3;1;1;1;4;1;1;0;1;0;38;29;22;116;268;73;19;198;95;;11;51;300;73;34;11;63;109;39;7;138;29;46;20;97;22;12;7;7;6;9;25;15;5;7;11;29;7;6;3;22;19;5;8;5;4;10;6;2;2;8;10;13;11;7;11;0;3;1;1;5;4;2;0;2;1;1;1;2;0;2;3;4;1;0;;
12065000;0;3;3;3;2;3;2;5;3;1;2;0;4;3;4;22;2;1;0;2;3;2;0;2;0;5;7;4;2;3;0;0;2;1;2;3;1;2;0;2;4;2;3;3;0;0;3;0;0;0;0;2;6;0;0;0;0;2;0;4;0;3;1;1;10;5;5;4;0;1;0;0;12;1;1;3;0;1;9;4;1;1;0;1;3;0;3;2;7;0;1;2;0;0;5;2;2;3;3;0;2;1;1;1;8;13;3;5;3;5;1;0;0;4;0;1;0;3;1;2;0;2;1;2;2;2;0;1;1;0;3;1;1;2;0;8;2;0;0;2;1;0;0;0;2;1;0;0;1;0;0;1;1;0;0;1;1;0;1;1;0;2;3;0;0;0;0;0;0;0;0;0;0;0;1;0;4;0;2;3;4;1;5;1;0;3;2;1;0;0;4;0;0;1;0;0;4;0;2;0;4;2;1;0;0;2;1;0;1;1;5;0;2;0;0;3;2;1;1;3;3;3;1;10;0;2;0;3;1;3;0;0;2;2;1;2;2;1;0;0;1;3;1;1;2;2;1;0;5;0;3;1;0;1;0;0;3;0;2;0;1;0;1;0;1;3;0;0;0;0;1;1;0;1;0;1;1;1;1;0;1;2;0;4;1;2;2;0;3;0;0;1;0;1;1;0;1;0;2;0;0;0;1;1;1;0;0;2;0;1;0;1;2;2;2;2;1;1;2;0;1;0;1;0;6;281;5;39;13;166;201;8;14;14;;33;6;15;3;152;33;9;16;2;7;24;8;7;12;4;13;5;20;11;5;238;177;33;71;32;70;9;13;2;21;7;2;2;4;7;3;0;0;3;3;2;6;5;1;4;1;2;1;1;3;0;0;5;2;1;0;1;2;0;2;1;1;1;3;;
12066000;5;4;3;3;2;5;13;6;8;0;4;4;6;1;3;40;3;7;3;2;2;1;1;3;4;6;17;5;1;0;0;3;2;4;5;3;1;1;1;4;1;3;3;0;0;1;2;4;3;2;2;2;4;1;2;3;2;4;1;5;3;13;2;3;5;6;1;5;2;2;0;1;4;2;3;3;2;3;7;10;2;11;0;3;3;2;4;2;7;5;7;4;1;2;6;3;6;9;3;3;1;3;4;4;6;6;2;2;0;3;5;5;0;6;6;2;3;9;1;3;1;1;2;1;3;0;0;3;0;1;4;0;0;5;1;1;3;1;3;3;1;0;0;2;0;1;0;0;3;2;2;3;1;4;3;0;3;1;0;0;0;2;0;0;0;1;1;0;1;0;1;3;0;0;0;0;2;0;4;6;8;5;3;1;8;1;2;1;0;0;0;0;2;2;2;2;4;0;4;1;2;2;1;0;2;2;2;0;2;1;5;3;3;3;2;0;1;1;2;1;1;0;1;14;0;2;3;3;2;3;3;0;4;3;2;0;2;2;2;1;0;4;0;1;0;1;2;0;0;1;2;1;0;0;0;1;1;1;3;0;0;0;3;1;1;1;0;0;2;0;1;1;2;0;0;0;2;0;1;2;1;0;1;2;0;0;0;0;1;0;3;1;1;0;3;1;0;1;0;0;0;1;0;1;1;2;1;0;0;3;0;0;2;0;2;0;0;4;0;1;2;3;0;0;23;75;621;110;125;243;1174;68;551;91;32;;28;111;16;105;977;47;23;6;26;18;33;9;55;9;11;8;8;8;6;63;14;16;7;14;49;3;9;5;16;20;1;6;5;7;8;3;1;3;6;7;10;7;2;8;1;2;1;1;2;1;1;4;2;1;1;4;1;2;1;5;3;0;5;;
12067000;3;6;4;0;1;4;1;3;4;1;4;2;3;5;5;42;3;4;0;4;0;4;1;7;0;5;10;2;2;4;2;2;3;5;3;5;1;4;0;3;4;4;4;1;1;0;0;2;1;1;0;4;3;0;2;1;4;4;0;0;2;8;3;8;0;5;5;4;0;0;0;1;4;2;1;3;2;2;1;8;1;2;3;3;1;0;0;0;6;3;8;0;0;0;3;2;1;0;2;2;1;3;0;4;3;0;1;0;0;1;2;0;1;3;2;3;0;4;1;1;1;1;0;2;3;0;1;2;2;0;1;0;0;3;0;9;1;0;3;1;2;1;2;0;2;3;5;0;2;2;0;0;0;2;0;0;0;0;1;1;0;1;2;1;0;1;0;0;1;0;0;0;0;0;1;0;1;0;4;3;3;0;0;0;2;0;0;2;1;0;1;0;1;3;0;1;2;1;1;0;1;1;0;2;0;2;1;0;0;0;2;2;3;1;3;0;0;3;1;0;0;0;1;1;1;1;0;0;4;1;0;0;1;1;1;0;0;0;1;0;0;0;0;2;2;0;0;0;0;0;3;0;2;0;0;0;0;0;0;0;0;0;4;0;2;0;0;0;0;0;0;0;2;1;2;3;0;0;0;0;0;2;0;2;0;1;3;1;0;1;0;0;1;1;0;1;3;1;0;0;0;0;1;0;3;0;0;0;0;0;0;1;0;0;0;1;0;0;2;0;2;0;0;2;40;13;1;77;39;20;2;124;19;217;1;19;;42;209;9;20;28;52;11;79;28;24;12;26;33;6;2;2;3;8;12;5;3;2;3;28;3;4;3;9;5;2;3;4;1;7;8;0;0;6;41;4;5;0;6;0;1;2;0;0;0;1;0;2;0;2;2;3;1;0;2;0;0;0;;
12068000;6;14;12;1;5;3;6;12;8;4;10;6;10;2;7;53;13;1;7;5;7;4;2;1;5;14;16;5;6;5;2;6;4;6;3;5;2;8;4;6;1;5;5;4;0;1;5;4;3;1;2;2;7;1;0;3;2;3;1;1;2;19;3;8;7;9;2;2;2;2;0;3;7;1;2;5;2;3;4;18;2;8;0;8;6;1;3;2;8;0;5;6;3;3;7;4;4;8;5;1;0;6;5;3;6;7;3;2;0;4;3;2;0;2;3;2;4;15;0;7;5;4;0;4;3;1;0;5;2;3;5;5;0;11;0;5;4;2;3;2;3;3;6;2;1;1;5;1;1;3;0;0;2;2;3;0;1;0;0;0;2;2;3;0;0;1;0;0;1;2;0;0;0;0;1;0;2;1;16;3;7;3;2;2;2;2;1;3;0;3;4;2;6;6;3;7;7;1;6;0;3;2;1;6;7;1;5;0;1;1;3;2;2;2;5;3;2;2;0;7;1;6;3;33;2;0;3;1;1;2;0;1;4;2;2;1;1;1;8;0;0;1;5;2;3;1;5;0;0;2;1;4;1;1;0;0;1;0;2;0;3;4;3;3;2;2;0;0;5;0;0;0;0;2;3;0;1;1;0;1;1;3;3;7;0;0;2;1;2;2;0;0;2;0;4;0;0;2;0;5;0;0;3;3;4;0;0;0;1;3;1;0;3;2;4;2;2;7;1;0;0;1;3;0;609;13;12;1191;48;94;18;182;42;67;13;44;44;;23;18;462;27;34;5;26;25;42;18;39;15;11;3;8;9;6;39;9;10;13;9;69;5;11;16;41;36;5;22;11;5;21;69;5;12;12;17;72;14;4;12;0;8;0;2;5;0;4;1;5;1;3;4;0;0;2;2;2;1;4;;
12069000;1;8;6;3;1;11;6;8;6;1;4;5;4;2;7;66;5;1;4;3;1;0;2;2;2;2;8;0;2;1;0;0;4;2;2;7;13;11;1;6;4;1;6;1;4;0;5;0;3;2;3;5;2;0;1;0;0;3;3;0;0;11;2;2;7;6;1;4;0;4;0;2;13;2;1;0;0;1;2;1;0;4;0;2;0;1;1;0;3;0;4;0;0;1;4;0;2;1;3;3;0;1;5;1;3;6;2;1;12;4;2;0;1;4;0;0;1;3;0;1;0;1;0;1;2;0;0;0;2;2;2;5;0;2;0;1;2;0;0;0;0;0;2;1;2;0;0;0;0;0;1;0;2;0;1;0;0;2;0;0;1;2;2;1;3;0;2;0;1;3;0;3;0;0;0;0;0;0;2;1;1;0;1;0;2;0;1;0;1;1;3;1;0;2;0;0;1;0;0;0;0;0;0;0;0;3;3;0;0;1;1;0;0;1;1;0;1;0;0;0;0;1;1;3;0;0;0;0;0;0;0;0;0;1;0;0;1;0;1;2;0;1;0;0;0;1;0;3;1;0;1;2;1;0;0;1;3;0;1;0;1;0;0;1;0;0;0;1;0;1;0;1;0;0;0;0;0;0;0;0;0;0;0;0;0;0;0;0;0;0;0;0;0;0;0;1;1;1;0;0;0;0;0;0;1;0;0;0;0;2;0;0;0;1;0;0;0;0;1;1;0;0;0;0;17;6;1;33;7;4;2;33;10;19;3;7;209;13;;6;5;7;44;54;44;26;16;15;16;179;0;2;4;0;0;9;4;1;4;4;20;1;0;4;4;18;18;1;3;4;5;7;0;2;5;112;3;4;2;3;1;0;1;0;1;0;0;1;0;1;0;1;2;0;1;0;1;0;0;;
12070000;0;5;2;1;1;0;2;0;5;0;2;2;0;1;4;16;5;3;1;4;5;0;1;0;0;3;11;1;1;2;1;1;1;5;1;4;0;3;0;0;0;0;2;3;0;0;1;0;2;2;2;1;1;3;1;2;1;1;0;0;0;1;0;1;3;7;3;1;4;0;0;0;4;0;0;2;2;3;1;4;0;2;0;2;1;0;1;2;1;0;6;2;5;2;2;4;1;0;0;1;3;1;1;3;2;5;5;0;3;2;1;0;1;2;2;4;1;6;0;3;0;0;0;0;5;1;0;1;0;3;1;0;3;4;1;0;1;0;0;0;0;0;0;2;1;1;0;1;0;0;0;1;0;1;1;0;1;2;0;1;0;1;2;0;0;0;1;0;1;0;0;0;0;0;2;1;1;1;6;0;1;1;2;3;0;3;0;2;2;0;0;0;2;1;4;2;2;0;0;0;0;1;3;1;2;0;1;3;0;1;2;0;1;1;0;1;0;3;2;1;0;0;0;9;1;0;1;0;2;1;1;3;1;2;1;0;1;2;1;0;2;2;0;1;0;1;0;1;1;1;1;0;0;1;1;2;0;1;0;1;0;0;0;1;2;0;0;1;2;0;1;0;2;0;1;1;2;0;0;1;0;1;0;3;0;1;0;1;2;2;0;0;1;0;2;0;1;0;1;1;2;0;1;0;3;0;2;0;0;2;0;1;4;1;0;0;2;2;0;0;0;1;1;0;3;867;31;32;14;78;24;6;14;11;171;84;7;12;4;;23;4;14;5;7;7;15;4;14;6;12;2;7;3;11;123;113;122;21;12;57;7;6;3;15;10;1;5;0;5;5;2;3;3;6;1;3;4;3;9;1;4;0;0;2;1;1;2;0;0;0;1;2;0;2;0;2;1;3;;
12071000;3;1;8;2;1;4;5;6;4;1;7;5;9;1;3;38;8;2;1;5;3;3;3;6;1;6;12;4;2;3;0;3;4;6;6;4;5;4;0;3;5;4;3;4;2;2;1;3;1;1;3;1;12;2;5;4;2;9;5;0;1;14;1;4;3;7;2;3;1;0;0;4;2;3;6;1;2;2;0;8;5;3;0;8;2;3;4;5;8;1;1;2;2;0;6;2;6;2;7;4;1;5;3;0;4;5;7;1;1;3;5;3;0;2;1;2;2;8;0;4;1;1;4;2;6;2;2;1;0;1;4;0;1;5;1;3;3;1;4;2;3;2;4;0;0;4;5;0;2;2;3;2;0;2;1;1;0;0;1;0;0;4;2;2;1;0;3;0;5;0;0;1;3;0;0;5;1;2;7;2;5;2;2;5;1;7;1;3;0;1;2;3;1;2;1;1;9;0;4;2;1;1;3;2;1;1;3;0;4;0;6;2;5;4;3;0;0;4;1;3;3;3;2;12;0;1;1;0;0;1;0;1;2;2;2;0;2;1;5;5;1;2;0;3;1;0;3;0;0;0;3;2;0;1;0;2;2;0;2;0;0;5;2;0;1;2;0;1;2;1;1;1;5;0;2;2;1;2;1;1;3;1;0;2;1;4;2;1;3;0;0;0;1;0;3;1;2;3;1;1;0;0;0;2;6;0;0;0;3;2;2;1;0;0;2;1;0;2;4;2;0;1;1;0;50;35;25;307;141;499;103;111;149;138;58;172;33;530;17;44;;48;24;4;28;16;35;1;39;12;7;12;15;3;6;36;11;14;14;6;43;4;16;4;19;14;5;15;7;7;10;7;11;6;11;8;78;10;0;6;0;4;2;6;4;3;3;7;2;3;2;1;0;1;2;2;1;1;1;;
12072000;0;5;7;1;5;3;4;6;3;1;3;5;4;0;4;31;3;2;2;3;1;0;2;2;0;4;8;2;1;2;2;2;6;5;4;3;0;3;0;4;3;3;3;2;0;0;4;4;4;0;6;1;5;0;1;1;0;4;6;0;0;7;2;3;3;6;1;3;1;3;0;4;5;1;4;3;2;5;1;7;2;8;3;9;2;0;1;1;3;0;4;0;4;1;10;2;1;1;3;5;0;1;9;0;5;5;0;0;2;2;1;4;0;2;1;2;1;4;0;0;3;2;1;1;2;1;1;3;1;2;3;8;1;1;0;3;3;1;0;1;1;1;2;2;2;0;0;0;0;2;0;0;2;0;0;0;0;3;0;3;0;1;0;0;2;0;2;0;0;0;1;1;0;0;0;0;0;0;5;0;5;0;3;1;1;1;0;0;0;1;0;1;2;1;2;1;2;0;3;1;0;1;2;4;4;2;3;1;1;3;3;1;3;1;4;0;1;1;1;0;2;2;0;6;2;0;0;0;0;0;0;0;1;2;0;2;0;1;1;1;0;1;1;0;0;0;0;1;0;0;0;0;0;0;0;2;1;0;1;0;0;1;0;0;1;2;0;1;0;0;0;1;2;0;1;2;0;0;0;0;0;1;2;2;0;3;2;0;1;0;0;2;2;1;1;1;2;1;1;3;0;1;0;1;2;0;1;0;1;0;0;1;2;1;3;2;0;0;2;0;3;0;0;0;13;15;10;58;259;22;4;12;56;78;7;36;26;20;10;4;20;;47;8;182;19;38;9;249;11;4;2;5;1;3;19;5;9;8;4;27;4;4;2;8;11;4;2;5;2;7;3;4;4;3;7;5;7;1;4;0;2;2;1;2;0;0;0;0;0;1;2;3;0;0;1;2;0;1;;
12073000;17;60;93;10;13;42;12;40;34;19;30;20;42;13;36;351;18;4;7;11;5;3;6;1;2;18;77;10;4;13;2;3;7;9;16;33;5;30;5;11;8;20;8;3;5;4;9;12;13;7;12;4;18;6;1;10;5;10;5;9;4;55;14;13;17;30;6;5;3;3;0;3;10;8;2;7;5;8;21;31;3;22;4;6;1;4;2;5;10;1;8;18;7;7;11;8;5;11;5;7;2;5;5;5;11;20;4;3;6;5;1;9;0;3;8;3;4;20;1;13;1;5;2;4;6;5;1;7;3;3;10;1;2;10;1;10;6;1;3;5;2;3;6;1;1;6;2;1;1;5;3;3;5;6;0;0;1;0;0;3;2;5;10;0;2;0;2;0;0;1;1;1;0;0;1;1;4;1;17;6;7;5;6;3;3;6;0;2;2;4;1;1;16;8;1;18;18;2;5;2;2;5;0;8;8;2;5;2;3;4;8;12;3;5;7;1;6;7;3;4;5;1;1;39;4;0;2;1;1;2;4;2;3;3;4;2;2;0;7;0;2;4;2;3;1;2;0;1;1;1;3;1;1;0;1;0;0;0;6;2;0;1;0;0;2;1;0;4;3;3;4;2;1;2;2;1;0;1;0;2;1;5;5;8;1;2;1;1;3;1;1;2;5;1;6;1;4;1;0;0;0;1;0;1;7;0;3;1;0;5;2;2;3;1;2;1;0;0;6;1;0;0;3;0;13;19;5;57;29;13;5;18;23;22;10;16;32;21;34;6;16;23;;182;325;3033;535;234;231;183;17;4;13;9;8;76;10;5;7;8;127;7;4;4;27;29;7;3;6;6;10;7;4;5;6;16;4;19;2;18;2;6;1;5;7;3;4;3;5;0;0;5;6;0;5;4;1;1;1;;
13003000;11;35;64;4;8;39;9;15;21;4;26;10;19;10;25;220;8;3;6;3;7;1;0;2;2;13;28;3;5;3;1;3;2;7;3;11;8;32;1;4;6;10;4;2;3;1;11;5;4;4;6;1;1;0;1;3;4;7;6;6;1;25;6;34;14;27;4;4;1;3;1;1;13;2;4;2;1;4;8;20;7;15;2;7;4;4;1;0;5;1;12;9;1;0;12;2;2;17;2;3;0;6;2;6;19;25;6;1;12;1;2;2;0;1;0;3;2;12;1;3;1;1;1;1;3;0;0;2;1;3;2;2;0;1;0;11;6;0;3;2;3;2;2;1;0;0;0;0;2;3;0;1;2;4;1;0;0;0;0;1;0;1;5;0;3;0;0;0;0;0;1;1;1;0;1;0;1;0;14;2;6;2;4;0;0;2;0;3;2;0;3;1;6;3;1;3;12;1;5;2;1;1;0;4;1;1;5;1;5;1;4;0;0;0;4;0;3;2;1;2;3;1;2;13;0;0;1;1;1;2;0;1;1;0;1;0;3;0;4;1;0;2;2;1;0;2;4;2;0;0;0;0;0;0;2;0;3;1;1;0;0;2;1;1;0;2;0;1;1;0;1;1;0;0;2;0;1;0;0;0;1;1;2;4;0;0;0;1;1;1;1;0;0;2;2;1;0;1;0;2;1;0;0;0;2;0;0;2;0;2;0;1;1;0;0;0;0;5;5;1;0;1;0;0;2;3;2;19;6;5;1;9;5;9;1;10;6;8;31;2;1;5;254;;173;269;177;707;206;1322;6;3;5;6;4;30;2;4;3;4;48;3;1;1;15;30;7;1;4;3;3;8;2;10;3;13;2;10;1;8;0;3;0;1;3;0;1;1;4;0;1;1;1;0;1;0;1;2;0;;
13004000;6;20;28;3;9;32;8;14;34;6;14;12;26;9;19;180;7;2;5;6;4;5;5;3;0;10;34;5;6;11;0;4;6;9;9;17;4;20;4;9;9;14;7;4;3;1;9;6;5;2;5;6;9;3;5;5;4;12;4;8;5;30;13;12;24;24;9;6;2;6;5;1;17;3;9;4;6;4;8;15;3;10;4;3;2;2;7;1;9;2;14;7;7;3;23;13;4;4;6;7;1;8;9;1;7;15;17;6;4;5;7;7;1;6;4;8;4;9;1;6;3;4;2;5;5;3;0;3;0;1;4;5;1;9;1;9;8;1;1;3;5;4;3;5;1;2;1;0;5;4;1;1;6;1;6;3;0;0;0;2;0;5;5;1;0;4;0;0;3;1;0;2;1;0;0;2;3;0;9;2;3;2;7;3;5;4;1;2;1;1;2;1;3;7;4;4;5;1;5;0;1;1;2;2;3;2;4;0;5;2;7;4;3;6;4;0;2;2;1;8;5;2;2;15;2;1;3;3;1;3;0;0;5;3;1;0;0;3;9;2;3;4;0;1;2;1;2;0;1;1;0;1;0;2;1;0;1;0;2;2;0;0;0;1;2;3;0;0;2;1;3;2;0;0;1;4;4;0;0;1;1;2;2;11;1;2;0;1;3;0;2;4;2;1;1;0;3;1;0;2;2;3;5;3;7;2;2;1;0;1;0;0;3;1;2;2;0;2;3;3;3;2;1;1;10;5;7;52;44;17;0;25;26;68;7;15;77;21;48;2;17;141;454;123;;358;249;77;749;150;15;3;8;5;12;43;12;8;11;7;70;6;5;4;28;18;8;3;7;9;15;6;1;6;4;5;8;17;4;16;0;4;2;2;1;2;2;0;8;2;0;3;1;1;3;2;2;1;2;;
13071000;3;22;37;5;7;32;13;27;25;7;19;14;24;7;24;150;5;5;4;4;3;1;3;2;4;7;26;8;3;5;2;2;4;3;13;14;8;21;4;12;15;19;7;6;2;3;5;6;4;7;2;3;8;2;2;10;2;6;2;3;2;26;3;11;6;4;0;2;1;0;0;2;14;4;6;2;3;3;6;4;1;12;2;2;8;3;3;5;6;0;7;6;4;1;14;8;2;2;6;2;3;6;3;2;9;10;3;2;6;4;4;2;3;6;5;6;0;12;0;8;6;2;2;0;2;4;1;0;3;4;4;2;0;3;2;2;4;4;3;2;0;0;1;4;7;3;0;1;5;1;5;1;1;2;5;0;0;3;0;0;0;3;4;1;1;0;3;0;1;0;0;0;2;1;2;0;3;0;3;1;4;5;4;2;0;3;0;6;0;0;0;1;2;3;1;6;7;0;2;3;0;2;2;4;3;0;3;0;3;0;4;0;1;1;3;1;1;0;4;0;1;1;1;15;0;1;0;0;2;0;0;1;2;2;3;1;1;2;6;0;0;3;0;0;0;0;1;0;1;0;2;0;3;1;1;0;3;0;2;0;0;4;1;1;0;0;0;0;4;0;0;0;0;1;0;1;0;5;2;0;0;2;2;4;0;1;2;1;4;0;1;1;1;1;1;6;2;1;0;0;1;0;2;2;3;4;0;0;0;3;0;0;1;3;1;0;1;0;2;0;1;0;0;1;9;5;3;22;13;7;4;14;16;14;3;11;19;12;20;4;6;15;2199;165;353;;399;268;135;224;8;2;10;3;4;33;4;5;1;2;51;4;4;4;10;12;4;5;6;5;7;5;3;2;8;13;6;11;2;15;1;2;1;3;2;3;4;2;5;0;2;6;4;0;0;3;2;1;1;;
13072000;13;33;42;6;9;22;16;41;29;18;28;17;33;8;22;211;10;10;5;6;2;2;6;5;3;15;41;6;5;10;2;4;10;7;14;17;3;21;6;12;9;16;7;5;3;4;7;6;16;4;5;3;8;4;2;9;6;7;3;5;1;33;10;12;35;15;3;6;2;2;0;3;34;5;4;6;2;9;10;14;3;11;1;8;2;1;5;6;15;2;8;12;3;9;20;8;4;5;5;4;4;10;6;5;8;12;16;1;12;15;11;7;2;5;8;5;3;18;2;3;2;8;3;3;4;3;0;6;3;6;7;1;4;6;2;12;6;2;10;7;5;2;3;4;3;1;0;4;5;0;1;2;6;5;2;0;0;6;0;1;3;4;3;1;0;1;1;0;0;0;2;3;1;0;1;3;2;0;16;6;7;2;4;5;2;2;1;6;2;2;1;0;14;9;2;6;7;2;4;2;2;2;2;6;2;2;10;1;3;3;8;6;7;9;1;4;3;0;5;4;5;4;4;19;2;2;2;4;1;3;3;3;3;2;4;1;1;2;8;0;1;4;1;3;3;1;2;0;4;0;1;2;1;0;1;0;1;0;4;3;0;2;1;1;1;1;0;1;0;0;1;1;1;0;3;12;0;0;1;1;1;2;0;6;0;3;3;3;3;0;2;2;0;1;2;7;2;4;3;3;2;0;2;1;1;0;0;0;1;2;1;0;3;6;1;2;1;1;7;1;1;1;2;0;7;5;5;32;22;15;2;14;23;19;7;17;15;25;15;5;12;23;673;88;269;353;;88;655;68;11;6;15;6;10;43;14;13;7;5;58;10;11;3;16;26;2;7;7;6;13;6;8;2;12;9;8;12;5;10;7;6;2;4;7;1;3;5;8;1;1;3;2;2;5;2;3;4;1;;
13073000;11;44;434;11;13;148;14;109;23;16;35;21;41;17;55;250;12;6;2;7;2;0;1;4;0;8;26;5;0;6;0;3;2;7;7;25;7;17;4;7;10;13;10;3;1;0;8;8;5;2;6;4;13;4;0;2;2;3;0;3;3;30;2;5;7;5;1;1;3;5;1;1;2;6;3;1;3;3;11;7;2;14;0;4;2;3;1;0;5;2;1;8;2;1;3;5;2;7;5;4;1;6;3;5;5;14;3;0;0;7;2;7;0;3;4;1;4;8;2;2;1;3;2;0;3;0;0;2;2;1;9;3;1;3;2;3;3;2;7;1;2;1;3;1;0;2;0;2;1;2;1;3;1;3;0;0;0;1;0;1;1;1;3;1;0;0;0;0;4;0;0;0;0;0;1;0;6;0;10;1;0;0;5;4;4;3;0;4;1;1;3;0;5;2;0;1;6;0;1;0;0;0;1;2;2;0;4;2;3;0;5;3;3;2;3;1;1;0;0;2;2;1;5;13;1;0;2;1;0;0;0;1;0;0;2;2;0;1;4;0;1;1;0;0;0;1;0;2;1;1;0;0;1;0;2;0;0;0;0;0;0;1;0;0;0;0;0;1;2;0;1;0;0;0;1;1;1;0;0;0;0;2;2;4;0;0;2;2;1;2;0;1;0;0;1;0;0;0;0;0;0;0;0;1;2;2;0;0;2;0;0;0;1;0;1;1;0;0;4;0;1;0;0;0;3;4;4;11;8;5;2;6;5;8;0;7;9;6;21;4;8;10;283;593;68;251;89;;50;350;4;4;3;3;4;20;4;5;3;7;41;2;5;1;8;14;2;6;7;4;6;0;3;2;5;9;2;5;2;5;1;2;0;4;0;0;1;1;4;1;2;0;1;0;1;2;0;1;2;;
13074000;12;50;51;10;11;24;11;26;34;8;27;24;29;16;35;239;12;3;9;9;5;4;2;0;3;21;56;7;8;11;1;5;7;13;8;20;4;25;6;9;14;25;11;5;3;1;11;8;10;7;8;3;4;3;3;4;6;7;7;6;2;35;8;15;14;18;7;5;3;1;2;6;11;7;12;6;6;3;13;18;3;19;4;9;2;3;4;2;13;1;8;11;11;4;9;6;3;12;8;3;3;14;11;9;9;17;3;4;11;6;6;7;0;6;8;7;6;20;3;9;3;4;6;2;3;7;4;5;3;6;17;4;2;12;2;10;5;1;3;5;2;4;2;2;2;3;1;1;0;4;3;2;8;5;2;0;1;1;0;5;0;3;9;1;1;1;2;1;0;3;1;3;5;0;0;2;4;2;11;4;6;3;9;4;3;8;3;3;0;4;3;1;9;5;3;11;9;0;7;3;4;4;2;11;3;0;8;1;4;0;9;6;4;3;16;4;6;1;4;4;3;2;0;29;2;0;2;0;3;1;2;1;6;4;1;0;3;1;4;2;1;0;3;2;4;4;1;0;2;0;0;1;1;0;3;2;1;3;3;2;0;2;1;0;0;0;0;1;7;1;1;2;0;0;2;0;2;2;3;1;2;9;1;7;0;2;0;0;1;3;0;0;1;0;8;1;2;2;0;1;1;0;1;4;6;1;1;0;1;0;1;0;3;6;2;1;3;7;8;0;2;6;2;0;10;11;13;61;61;18;3;17;34;38;6;34;19;27;6;5;25;209;332;129;754;143;664;57;;74;13;11;13;7;12;68;21;15;7;13;90;6;9;9;28;27;5;7;10;7;10;9;4;10;8;14;5;9;3;22;3;7;5;4;3;2;3;3;3;1;2;5;6;2;4;2;1;4;2;;
13075000;8;23;61;10;16;201;15;22;37;8;27;16;40;8;55;355;9;1;3;6;3;3;2;2;5;11;30;7;2;8;1;3;4;8;11;40;63;179;3;10;16;19;18;8;7;2;7;3;4;3;5;5;21;2;3;5;4;9;15;2;1;25;6;9;7;11;1;4;0;0;0;0;15;5;4;3;1;2;4;12;1;6;1;4;4;1;0;3;7;2;3;3;6;3;3;13;1;5;10;4;4;6;9;9;6;7;2;5;8;7;5;1;0;3;8;2;5;6;2;1;2;3;0;0;2;1;0;3;6;2;2;3;1;5;1;4;2;2;2;1;3;0;4;3;1;0;0;1;3;1;1;1;2;2;5;1;0;0;1;0;1;1;1;1;3;1;0;0;1;0;1;1;0;1;0;0;1;1;5;4;0;4;6;2;1;2;2;1;0;0;1;1;1;5;2;6;4;0;4;0;4;1;2;4;2;0;1;1;0;1;3;3;4;2;2;2;3;0;1;0;1;1;2;14;0;1;3;1;2;0;0;1;1;3;2;0;0;3;1;6;2;1;4;2;0;3;3;0;2;1;3;1;2;0;1;3;1;0;1;0;0;3;2;0;3;1;0;3;0;0;0;0;1;3;1;1;0;1;2;2;0;0;2;4;0;0;0;1;2;0;0;0;0;0;0;1;2;2;0;1;0;0;1;0;0;0;0;1;1;1;2;1;0;0;0;1;3;1;1;0;2;2;3;0;6;5;3;17;13;5;4;12;5;11;6;5;25;13;179;3;7;10;348;1420;238;310;148;388;169;;9;5;4;7;6;21;3;2;8;0;39;2;6;1;22;17;17;2;10;3;8;9;6;6;6;20;6;8;4;8;1;3;1;6;1;4;0;1;3;1;1;5;2;0;0;1;5;2;1;;
13076000;5;10;7;3;6;5;5;5;8;4;4;5;4;2;2;64;18;2;18;5;9;4;2;10;6;14;35;2;5;4;0;4;1;5;8;13;1;6;5;2;8;6;6;1;3;2;6;4;2;2;5;6;5;5;0;4;5;5;1;2;0;23;7;15;19;41;1;8;4;4;1;2;15;8;3;8;3;12;7;25;3;17;3;6;1;5;5;4;9;1;12;11;2;2;12;9;2;6;3;4;2;4;3;7;15;17;3;4;8;7;4;6;1;12;6;5;13;44;10;12;3;9;9;4;10;4;2;8;2;10;12;4;2;7;2;12;10;8;4;3;3;6;7;3;4;6;1;1;6;3;1;3;4;6;2;1;1;1;0;1;6;8;8;0;4;1;1;0;1;2;1;3;5;5;1;4;1;1;42;16;14;4;19;7;7;6;3;4;7;6;12;3;15;9;3;11;13;0;10;4;3;5;7;9;9;1;8;0;8;1;12;5;2;6;11;4;10;3;7;11;6;4;17;72;3;6;4;1;8;7;0;4;9;7;0;4;1;2;20;4;6;4;3;3;1;6;4;2;4;0;4;6;8;4;3;2;0;2;17;3;3;6;2;3;8;8;1;8;7;3;7;3;3;2;0;8;1;2;1;9;5;18;4;33;0;7;6;6;8;4;2;1;2;3;12;7;7;6;2;1;3;5;4;3;12;6;1;0;0;6;2;3;6;4;1;0;4;2;15;2;0;6;3;3;6;18;2;15;8;13;16;5;7;7;18;16;3;12;1;9;6;4;31;8;15;12;17;11;17;3;;1877;1273;170;886;584;119;92;142;116;698;136;165;7;64;21;5;12;2;22;16;2;5;17;13;5;10;50;31;42;2;11;4;5;9;6;2;10;14;3;4;10;8;1;10;11;11;20;35;;
14511000;4;5;2;0;1;1;3;3;2;1;1;0;0;2;1;36;2;4;3;0;0;3;3;3;0;6;11;6;0;3;0;3;0;1;1;4;1;1;0;1;2;2;3;0;3;0;1;1;0;3;3;3;5;3;2;2;2;4;0;4;0;5;2;4;1;6;2;5;2;4;2;0;3;2;2;8;1;4;7;9;0;5;1;2;2;0;4;2;8;3;6;2;2;4;6;3;1;5;2;3;0;2;7;2;4;4;0;1;0;5;2;3;2;1;2;3;3;16;3;5;3;3;5;2;10;6;1;5;2;4;5;1;2;6;0;5;2;4;3;2;0;4;3;2;1;2;0;0;1;0;2;0;2;3;1;2;0;4;1;4;0;1;1;0;0;0;1;1;2;1;2;2;1;0;0;3;2;0;7;5;6;2;11;2;1;9;2;2;6;7;3;2;3;2;3;5;2;1;8;0;5;1;2;7;1;0;9;4;2;1;1;4;2;2;3;2;2;5;1;5;6;2;5;27;1;1;7;6;4;3;3;4;6;3;3;4;2;4;9;2;6;6;1;3;2;1;3;1;3;0;3;4;4;5;3;3;4;0;6;4;2;1;3;5;7;5;3;7;12;1;5;3;5;3;3;4;5;3;3;5;2;4;8;20;2;1;0;2;4;1;0;4;1;0;2;4;2;1;1;1;1;1;2;1;5;0;0;0;2;3;0;2;3;2;4;1;4;1;5;0;0;1;1;1;2;3;4;16;7;8;8;0;4;13;7;5;0;8;1;8;7;4;12;1;12;1;16;6;18;4;1278;;468;263;784;466;117;80;62;105;401;78;53;4;44;12;2;6;5;13;6;3;3;11;4;2;6;28;15;32;2;8;2;4;7;4;4;1;8;4;3;10;9;2;7;11;5;17;20;;
14521000;1;5;2;1;1;7;5;3;3;2;4;4;8;3;6;53;10;1;7;3;5;0;4;3;3;13;30;4;5;7;1;8;4;2;4;2;0;6;3;3;4;4;2;1;1;1;1;1;2;2;7;4;1;0;1;2;3;4;1;1;1;15;4;13;14;7;0;5;4;3;1;2;6;4;4;4;3;3;8;11;2;14;6;6;3;3;7;3;6;2;5;4;2;2;8;8;4;3;4;1;1;7;7;5;11;10;0;4;1;3;3;3;0;6;4;4;3;22;3;9;1;2;4;5;9;2;1;7;5;8;10;2;4;12;2;11;8;2;4;3;2;1;2;0;6;2;0;0;1;4;1;0;1;4;1;1;0;3;1;2;0;4;4;0;0;2;2;1;2;3;0;5;3;0;3;1;6;1;21;12;12;4;10;5;6;8;2;6;2;6;7;1;12;10;7;11;7;3;8;3;5;2;2;6;4;1;11;1;6;0;4;6;3;5;4;3;4;2;6;3;2;4;8;43;1;0;3;0;4;4;3;2;9;4;4;4;0;5;10;1;8;6;2;6;1;1;3;1;3;0;3;3;8;3;0;3;1;1;8;0;1;0;4;1;5;3;2;6;11;3;4;3;5;2;1;4;5;2;3;6;0;13;3;17;1;2;4;1;5;3;3;3;2;2;5;2;2;3;3;5;2;4;4;4;9;0;4;1;2;4;1;0;2;4;3;0;4;4;7;2;0;2;3;1;8;18;2;15;14;16;15;6;9;9;22;9;5;11;3;11;10;5;16;3;20;7;28;9;21;9;1155;423;;67;346;768;69;57;342;199;517;280;152;9;65;20;4;12;8;17;11;5;5;21;11;2;6;26;24;30;0;9;3;5;3;2;7;5;11;4;7;11;5;4;5;10;7;10;27;;
14522000;3;6;3;8;2;3;5;2;5;2;3;1;1;2;1;23;2;2;2;4;4;2;2;1;2;4;13;0;2;0;0;1;1;2;3;1;2;5;1;4;1;3;0;2;0;2;4;2;3;2;3;5;5;4;0;0;2;3;3;0;1;12;1;8;4;8;1;1;1;3;1;0;8;2;8;0;2;3;5;11;2;4;4;2;0;0;2;1;6;0;11;4;0;2;8;1;1;2;6;4;1;1;2;5;2;8;10;0;3;2;4;8;2;6;2;3;1;10;3;5;2;3;9;2;6;1;3;4;4;2;5;6;2;4;3;3;4;1;4;0;0;4;4;1;1;2;0;2;0;6;2;3;3;3;0;1;0;0;0;4;0;5;3;1;0;0;0;0;2;2;0;2;1;0;1;2;1;0;12;2;6;6;7;7;2;3;5;5;3;1;3;3;5;2;4;2;3;3;9;5;5;2;1;6;4;2;8;4;2;1;10;5;4;3;5;1;2;4;2;5;6;1;1;34;1;6;3;2;4;2;1;3;8;6;4;1;3;6;12;3;7;7;3;5;2;1;4;1;3;3;5;3;0;1;1;3;0;4;7;4;3;3;5;2;5;2;9;6;23;8;66;13;12;8;2;81;5;12;5;33;2;8;5;36;4;4;4;5;5;3;3;3;1;1;6;2;3;0;2;2;1;3;0;5;9;0;1;0;2;2;1;5;1;3;4;3;0;4;6;0;1;0;2;0;1;8;2;6;7;3;5;4;4;5;8;6;3;6;4;5;5;2;14;1;8;3;11;7;19;7;154;170;71;;438;268;13;21;31;19;269;33;15;1;39;18;0;9;5;21;5;5;4;5;5;4;6;39;27;39;4;12;4;5;3;4;5;5;7;3;4;6;8;2;10;10;83;216;19;;
14523000;3;6;6;2;2;2;2;7;9;2;4;0;2;2;1;30;14;1;7;4;5;0;2;3;1;19;26;3;5;0;0;1;2;2;2;2;0;6;1;1;3;3;4;0;6;0;2;1;5;0;6;2;7;1;1;1;3;1;1;3;5;18;5;11;13;22;6;9;5;1;3;2;10;4;0;5;1;2;4;19;3;10;0;8;5;2;2;4;7;2;7;1;6;0;2;3;2;2;7;4;1;2;1;4;3;9;9;3;1;2;2;3;3;3;2;2;5;18;1;4;3;4;6;5;3;2;4;8;1;5;8;2;2;5;0;6;3;7;3;8;2;5;2;1;4;1;2;1;3;4;0;3;1;3;4;1;2;2;0;0;1;5;2;0;2;1;0;0;3;2;0;2;1;1;1;2;3;2;15;6;6;3;12;6;6;7;2;8;1;3;6;1;5;6;2;5;8;0;9;1;3;5;2;2;4;5;3;1;7;1;9;6;5;3;7;3;2;3;0;5;2;6;7;41;1;1;5;4;8;9;2;1;5;4;4;2;4;1;11;11;1;6;4;2;1;3;2;2;2;0;5;3;5;1;3;3;2;3;7;4;5;2;5;4;3;6;2;5;15;2;9;1;5;2;3;15;3;5;2;8;2;8;7;35;1;7;4;3;3;3;3;2;2;2;9;2;2;1;1;4;1;1;2;3;7;2;4;2;2;4;0;2;2;5;2;3;1;3;4;0;5;2;0;3;5;8;2;8;4;7;5;1;8;2;10;9;4;7;0;3;5;1;10;3;12;11;29;8;16;5;828;642;338;454;;324;36;25;62;47;453;96;36;7;54;24;2;13;5;31;14;3;5;14;8;4;7;48;66;55;5;20;5;6;9;3;4;11;14;4;4;9;5;1;11;15;20;142;246;;
14524000;12;48;41;6;11;8;11;18;19;6;19;16;11;5;12;309;62;4;24;11;17;5;7;6;13;49;120;6;5;23;5;4;12;12;6;16;4;16;9;10;15;14;3;9;2;3;16;17;8;3;4;4;11;8;4;8;5;10;5;7;5;81;13;84;16;31;9;10;5;6;7;4;25;11;15;19;8;14;49;109;2;57;7;18;7;6;10;7;29;5;7;31;10;5;15;17;12;18;19;6;6;14;15;19;27;35;6;3;8;15;11;13;4;13;13;10;31;118;17;26;16;12;20;12;24;13;5;21;12;20;28;9;6;27;5;32;18;10;12;13;8;10;13;4;4;5;1;0;11;3;4;7;10;11;4;3;2;6;2;11;3;11;29;3;1;1;3;1;1;7;4;3;2;0;3;5;9;3;114;37;32;8;44;22;13;20;8;16;7;4;27;7;60;25;12;48;50;4;41;8;10;8;9;52;18;6;24;5;15;9;33;22;11;21;34;7;22;6;10;28;21;5;30;293;3;7;9;7;9;9;10;10;16;14;6;11;3;5;56;5;6;15;12;6;6;4;7;4;5;2;8;7;3;1;1;3;2;5;37;4;3;7;4;6;10;8;3;19;31;5;16;12;11;4;6;19;7;6;3;9;4;39;15;93;3;8;21;6;11;7;6;4;10;6;26;11;10;10;7;9;2;5;8;14;42;8;10;6;7;12;2;8;10;8;6;10;4;16;25;6;6;6;3;5;10;91;21;77;40;59;144;23;31;27;196;44;11;47;12;75;22;16;81;18;37;36;66;35;68;9;436;421;571;188;276;;1918;659;2317;3469;1042;170;184;19;185;98;11;20;19;25;42;12;17;44;27;14;26;123;47;102;6;58;13;19;26;24;11;22;18;12;8;36;21;3;23;28;21;25;26;;
14612000;2;5;4;1;1;1;3;5;1;3;3;4;4;1;1;31;5;2;2;1;3;5;3;1;2;1;19;6;4;7;0;0;2;1;4;1;1;3;2;4;4;6;4;3;2;1;1;3;1;4;2;2;3;0;1;4;0;3;2;0;1;6;2;6;5;9;4;1;0;3;4;2;3;8;6;3;5;3;5;16;2;8;0;4;4;2;2;3;8;3;4;3;4;0;4;2;3;7;4;2;4;6;0;6;0;5;0;3;0;2;3;2;1;1;4;1;2;16;1;4;4;1;4;4;3;4;1;5;3;4;4;6;4;4;2;4;2;1;5;3;0;2;0;1;3;1;0;1;3;1;2;3;2;3;1;4;0;1;0;1;1;3;4;1;0;0;1;0;2;3;1;1;0;2;0;1;3;0;12;6;11;0;8;4;2;4;3;5;0;1;4;2;5;3;0;3;7;0;13;2;3;2;0;3;6;3;4;4;5;2;9;1;8;2;3;2;0;5;6;5;2;3;5;24;2;1;5;4;3;1;2;5;5;4;2;3;1;0;10;1;2;3;1;3;1;2;3;0;3;3;2;1;1;2;3;3;2;0;2;1;2;4;0;2;1;2;0;3;5;0;0;1;3;0;2;2;1;1;1;1;1;2;2;15;0;1;1;0;2;5;2;1;1;1;8;1;1;3;0;0;3;0;2;2;4;2;2;0;0;2;1;0;5;2;1;2;0;2;2;0;3;0;1;0;3;65;9;16;12;16;44;6;12;8;145;17;4;6;2;112;9;5;15;2;11;8;18;12;22;9;88;43;84;24;32;1636;;685;228;321;243;37;25;4;38;19;2;5;3;9;9;1;3;11;4;5;11;16;9;22;3;9;6;4;8;0;0;5;4;3;4;5;3;2;7;4;1;3;4;;
14625000;3;7;3;1;1;1;2;4;7;4;3;3;4;1;2;44;7;6;7;3;3;4;1;1;1;7;23;0;3;6;0;1;1;3;1;2;1;4;3;0;2;5;2;2;5;0;3;4;3;3;5;1;3;1;2;2;2;5;2;2;1;12;1;11;10;14;2;6;1;0;1;9;18;3;0;5;1;18;7;18;0;14;3;3;4;2;8;2;8;0;6;6;4;6;7;12;3;11;5;1;2;6;6;2;3;9;4;1;5;4;2;10;0;3;6;8;5;17;8;6;4;9;7;2;8;3;1;6;0;6;13;3;2;3;5;10;3;5;1;3;5;2;3;1;2;1;4;1;2;0;1;4;2;2;3;2;1;1;0;2;1;3;2;0;0;0;2;0;1;1;0;1;1;0;2;1;5;1;12;5;6;2;10;5;4;8;2;6;7;1;5;1;9;5;5;1;9;6;5;5;3;5;3;2;6;1;6;6;8;2;11;5;5;8;7;2;3;2;5;5;5;1;11;39;2;0;4;6;5;2;1;5;5;4;3;1;0;4;8;5;5;5;3;3;1;2;3;4;1;1;3;1;3;1;3;1;3;0;7;2;3;3;5;2;2;2;2;3;3;3;1;1;1;0;3;5;0;3;2;1;2;8;6;18;2;4;4;3;4;1;2;2;0;4;3;2;4;6;0;1;2;2;2;2;7;0;1;0;0;4;1;2;8;4;3;1;0;6;2;1;1;0;1;0;5;79;12;15;9;15;10;3;11;14;27;10;1;12;4;97;11;4;18;4;10;10;21;8;19;9;60;42;65;18;33;847;663;;97;119;252;33;23;6;47;9;1;3;2;5;10;1;4;6;4;1;6;25;8;18;0;9;2;2;4;2;1;6;3;1;5;5;1;3;8;5;4;9;7;;
14626000;2;4;6;1;3;5;8;5;4;2;3;2;4;3;1;31;4;2;4;0;4;3;5;3;3;6;12;0;3;3;1;0;5;2;1;6;0;2;0;0;3;1;0;3;1;0;2;3;2;4;3;5;1;0;2;1;3;1;2;4;0;13;2;7;8;3;4;6;1;0;2;1;3;6;9;3;3;5;3;12;1;6;1;6;1;2;3;2;7;0;1;4;5;0;4;11;2;5;0;1;3;6;5;3;3;7;2;1;1;1;0;1;0;5;2;2;3;13;3;7;3;5;5;1;4;3;0;2;3;4;3;6;4;7;3;5;6;0;4;5;3;4;2;0;4;2;1;1;1;3;4;3;4;0;5;0;2;3;0;2;0;5;7;1;0;0;1;0;2;2;0;1;0;0;0;0;0;0;8;3;5;4;8;4;1;4;1;6;2;2;7;2;8;1;2;5;4;1;6;0;3;3;5;5;3;0;7;2;3;1;7;5;3;2;2;3;4;2;0;2;5;1;7;26;1;4;4;3;4;2;1;3;4;2;2;0;1;2;10;3;3;1;5;2;3;2;5;0;1;0;0;3;3;1;7;2;0;2;3;0;0;2;3;3;3;2;1;2;7;0;2;1;0;0;0;5;1;1;4;1;1;3;1;12;0;1;4;2;2;2;4;0;2;2;4;2;4;3;2;1;1;4;1;3;3;0;0;0;1;2;0;1;1;1;0;4;2;2;5;0;4;1;3;0;1;15;3;13;7;14;160;5;5;3;74;9;4;10;0;15;11;4;11;7;9;7;29;7;23;8;123;62;368;27;61;1694;243;83;;280;268;72;175;2;42;19;3;19;4;12;12;3;4;11;6;4;15;19;11;15;3;5;3;1;1;1;0;8;3;4;5;8;4;2;5;4;4;3;7;;
14627000;2;4;4;1;2;1;4;5;4;1;8;4;5;1;4;27;7;3;3;2;1;2;1;1;2;5;11;2;1;4;1;1;2;7;1;7;0;2;2;2;1;0;1;1;1;0;1;2;0;1;3;4;2;1;1;2;2;2;1;2;1;7;1;7;4;8;1;4;0;1;2;2;2;2;4;6;7;1;5;9;0;2;3;8;0;1;1;0;4;0;2;5;3;4;6;5;1;5;3;1;0;5;2;1;3;10;0;2;0;3;1;4;0;4;1;2;2;9;0;3;4;5;3;5;4;2;4;2;2;4;6;2;2;6;1;6;4;3;0;4;1;1;1;0;0;1;8;0;1;0;0;0;2;1;1;0;1;0;0;1;0;1;3;2;0;0;1;1;1;3;0;0;1;0;0;1;1;1;5;6;8;5;5;3;1;5;0;5;3;0;6;0;4;3;3;4;3;2;2;4;2;2;2;5;4;1;5;3;1;0;4;3;4;2;5;3;0;0;1;6;4;1;4;21;4;3;2;1;2;1;2;3;2;3;2;1;1;3;10;0;4;4;3;2;2;0;2;4;0;2;1;2;0;1;1;0;0;3;2;1;1;0;2;1;7;1;1;3;6;2;1;2;2;2;2;6;0;1;1;4;1;4;1;6;0;3;1;0;4;0;0;0;3;3;2;1;0;1;2;1;3;0;0;0;4;1;1;1;2;0;1;1;2;0;5;0;2;3;5;2;5;0;0;0;5;14;7;11;9;9;13;4;5;7;26;6;5;9;0;17;6;6;17;1;13;7;18;2;24;5;100;64;239;21;50;2278;345;113;356;;154;35;34;2;29;14;2;9;1;10;8;2;1;8;5;3;7;22;5;16;0;4;2;2;2;5;5;3;3;1;0;4;1;3;2;3;6;7;1;;
14628000;21;43;38;6;11;12;31;17;27;9;17;18;17;7;14;363;70;16;21;18;27;14;19;13;18;79;163;12;18;42;6;4;16;27;16;21;8;33;9;16;14;16;8;15;6;6;38;29;10;5;12;10;12;8;8;7;7;14;5;7;6;92;18;90;39;63;27;15;10;10;1;7;24;17;19;21;13;19;83;156;8;57;12;26;6;11;12;18;47;2;16;52;19;6;23;27;12;36;18;10;13;25;25;19;43;47;14;4;8;13;9;15;3;8;10;8;27;178;23;41;15;21;21;20;31;19;2;33;15;18;51;15;9;45;10;55;21;12;24;15;12;17;13;17;4;10;4;6;16;9;5;10;7;12;5;4;3;5;1;14;3;21;50;6;3;6;2;5;6;6;3;11;4;0;9;3;10;5;84;16;29;11;49;30;16;17;3;14;8;7;14;5;44;21;15;49;41;6;24;12;10;9;9;58;28;6;36;7;10;8;30;21;13;23;36;9;15;16;17;19;20;11;18;271;7;12;8;10;14;17;9;9;14;16;10;12;10;10;43;3;13;15;12;8;3;8;8;3;12;4;8;13;14;4;6;7;6;4;25;4;4;4;6;8;19;8;5;25;25;17;10;12;14;7;13;23;7;9;3;10;4;25;15;77;6;11;13;9;15;2;9;8;10;6;30;10;11;11;8;4;10;7;9;23;39;3;10;1;7;9;3;7;13;8;11;7;6;10;25;6;8;11;7;4;13;53;21;94;37;37;73;26;36;24;41;37;24;55;17;41;43;21;76;26;65;47;88;27;75;24;493;328;427;197;279;823;188;167;220;159;;3874;2794;106;607;156;21;273;43;417;123;29;111;585;111;30;160;180;84;145;7;105;38;53;43;41;28;41;39;17;17;47;39;8;36;60;37;66;186;;
14713000;2;4;4;2;0;1;2;3;7;1;1;6;1;0;0;31;6;1;1;6;6;2;2;3;2;7;14;1;0;4;0;1;1;3;0;1;1;2;2;2;3;3;3;1;1;0;1;3;4;1;3;2;4;4;2;2;2;2;0;1;2;10;1;5;3;3;2;1;4;1;1;1;4;2;6;2;5;3;7;7;0;2;0;4;3;1;4;2;3;0;2;3;2;0;3;1;1;5;2;1;2;5;3;3;3;9;5;4;3;1;3;2;0;1;1;2;0;9;0;7;2;2;4;1;4;5;1;5;3;2;4;4;0;9;1;2;2;4;3;0;1;0;1;0;0;3;0;0;3;1;0;1;2;1;0;0;3;0;1;0;0;4;2;0;1;0;0;0;2;1;0;2;0;1;0;1;0;0;8;2;1;3;9;7;0;6;0;1;0;0;1;1;2;5;4;6;10;4;5;1;1;2;2;4;2;1;5;1;4;3;1;2;5;1;4;1;2;2;1;5;4;2;2;22;3;0;3;2;4;2;5;4;2;1;2;1;4;3;6;1;0;4;1;2;1;1;1;1;2;1;2;6;4;0;1;0;0;1;4;1;2;2;3;4;2;2;0;1;3;1;1;2;4;3;0;4;1;2;1;0;1;2;1;8;1;2;3;2;4;0;3;2;2;0;2;0;2;0;3;1;2;1;1;0;4;0;0;0;1;6;0;0;1;2;1;1;0;4;1;1;3;0;3;2;3;9;1;14;9;5;17;7;9;5;5;5;4;9;1;9;7;7;10;4;7;11;27;7;15;6;110;54;311;42;82;165;40;31;72;36;2504;;470;10;92;16;3;38;5;133;12;6;16;110;19;9;27;24;20;22;1;8;3;5;6;4;12;4;8;2;3;9;7;2;8;13;4;16;161;;
14729000;3;2;4;1;1;2;4;2;4;1;1;3;0;2;2;15;5;0;0;0;3;4;2;2;1;5;14;2;7;6;0;4;1;0;2;1;3;3;0;1;1;3;1;0;0;2;2;1;4;1;1;2;6;0;0;2;3;2;1;1;1;3;0;4;8;6;2;0;2;2;2;2;1;2;0;4;4;3;9;9;5;8;0;4;0;2;2;2;2;0;8;0;3;2;4;4;5;6;4;2;2;5;6;1;5;2;3;6;0;4;3;7;1;4;4;2;0;12;2;4;3;1;7;2;2;4;0;1;1;3;3;3;0;3;1;5;3;6;2;7;3;5;1;2;1;0;0;0;0;1;0;1;1;1;3;0;3;0;0;0;0;0;2;0;0;1;0;0;1;7;1;0;4;2;0;0;0;2;5;4;7;4;11;4;1;1;3;2;1;2;0;0;1;4;5;0;1;1;10;1;2;1;1;0;2;3;2;6;1;4;4;5;6;1;5;2;0;1;1;2;2;0;4;11;0;0;2;1;2;3;0;6;2;3;3;2;2;2;10;0;0;3;1;1;0;4;0;2;3;2;3;4;0;2;0;1;4;0;6;0;1;2;2;1;1;1;1;1;3;0;1;0;3;0;1;3;1;2;2;1;0;1;3;14;0;1;0;0;1;1;0;1;0;5;1;1;2;1;2;2;0;1;1;5;3;1;0;3;4;2;1;1;3;2;0;1;0;1;7;1;0;2;0;1;2;8;1;12;4;10;103;8;7;9;10;5;4;14;0;5;10;3;7;4;11;6;13;9;15;7;60;108;217;43;70;170;70;72;268;56;1867;515;;14;96;16;5;201;10;38;15;8;18;150;24;7;142;17;11;12;3;4;3;6;9;4;3;6;6;1;2;7;4;2;4;9;7;6;16;;
14730000;1;4;6;3;3;3;1;0;2;2;4;5;2;1;0;29;13;3;2;2;4;1;1;0;3;5;9;2;2;2;0;2;6;2;0;4;1;2;0;0;1;1;0;1;1;1;2;1;3;1;0;3;2;1;0;3;0;3;0;1;0;10;4;7;8;15;5;2;3;0;0;3;2;4;3;4;1;0;6;14;1;10;2;4;1;0;0;2;5;0;2;6;4;2;4;5;8;4;2;1;0;1;4;1;3;8;4;0;9;2;3;1;0;4;3;1;5;11;1;5;1;1;0;1;1;3;0;1;0;3;4;2;0;2;0;3;2;1;3;0;1;2;0;1;1;0;1;0;0;0;0;0;0;2;0;3;0;0;0;2;0;1;4;0;1;2;0;2;2;0;0;1;2;0;1;0;2;0;11;1;2;2;2;2;3;5;0;0;2;1;3;2;1;7;0;1;4;0;2;0;0;0;0;1;2;0;1;1;1;0;7;4;2;3;3;1;1;0;4;2;3;1;1;17;0;2;0;2;1;3;0;0;2;0;0;0;0;0;3;1;0;1;4;1;1;2;1;0;2;0;0;0;0;0;2;0;1;0;1;0;0;0;0;1;2;1;0;0;3;1;3;1;1;0;0;1;1;0;0;0;2;3;0;6;1;2;2;1;2;1;1;0;2;0;3;2;3;1;1;1;1;0;0;0;4;0;0;0;0;0;0;0;2;0;1;0;1;0;1;1;0;4;0;1;9;4;1;17;3;4;4;6;2;6;5;5;3;19;1;3;7;2;9;2;3;10;12;3;6;1;6;3;10;1;4;38;1;2;6;6;182;11;16;;120;76;4;377;14;15;13;21;13;39;67;12;225;17;3;10;0;3;0;5;1;0;2;0;2;2;1;4;0;1;2;1;2;1;2;;
15001000;4;29;23;1;6;3;6;8;10;5;12;6;6;7;11;133;58;6;17;16;27;12;7;11;16;45;98;7;7;27;2;7;4;7;7;13;4;10;4;7;11;10;11;6;5;2;12;14;12;8;8;6;12;2;9;7;4;8;5;4;1;35;2;34;20;51;7;4;8;9;4;1;24;10;9;9;5;8;24;48;4;27;8;19;3;1;13;2;15;2;14;25;10;3;22;15;4;20;9;9;3;14;8;13;27;47;7;10;16;10;6;8;0;11;9;9;19;60;11;20;6;13;7;6;17;5;1;10;7;7;24;7;5;22;3;19;9;9;7;5;4;14;8;9;3;6;3;0;5;9;3;3;1;19;3;0;2;5;4;7;2;7;17;2;2;3;5;0;1;3;1;1;0;1;1;1;7;0;25;9;10;3;6;9;4;15;2;5;0;2;6;1;13;11;8;13;16;4;17;9;6;3;4;11;9;3;11;7;6;5;12;3;2;6;13;3;10;4;2;9;9;2;8;59;0;1;5;1;4;5;3;6;5;5;4;5;3;2;8;2;3;4;6;5;3;3;6;2;6;1;4;3;1;2;3;0;0;1;15;2;2;3;1;0;4;3;1;9;15;6;8;1;3;1;6;3;1;1;3;6;2;18;4;25;0;2;2;2;3;1;3;2;4;4;10;6;4;1;3;2;1;1;1;5;9;0;0;0;3;4;0;3;4;1;3;1;2;2;11;2;0;3;3;1;11;16;5;34;11;18;13;12;17;17;14;17;7;23;4;9;12;7;31;8;23;20;27;16;38;6;56;29;40;26;35;186;30;27;23;22;897;84;98;89;;172;31;282;50;162;113;61;307;1920;191;45;92;67;21;58;3;21;18;28;14;13;22;8;16;9;8;13;7;3;11;17;10;9;14;;
15002000;9;24;18;3;4;7;8;8;14;5;15;9;16;6;6;158;139;16;59;49;33;77;15;20;22;30;162;9;9;37;8;5;14;22;8;14;9;18;2;6;19;11;10;4;1;2;11;20;6;7;7;4;12;2;6;2;3;14;4;7;1;54;9;34;20;42;6;9;10;9;5;5;22;2;8;15;3;9;21;49;4;31;6;10;5;5;7;10;16;4;14;17;9;6;15;15;3;26;15;10;8;18;15;9;33;41;6;3;2;9;10;11;1;10;8;8;11;54;5;12;10;11;15;8;10;9;2;14;4;6;21;7;2;16;2;26;10;5;9;7;10;4;11;7;0;1;2;0;5;6;1;2;6;7;0;2;1;5;0;8;1;7;15;3;2;1;2;0;1;2;2;0;1;0;2;2;4;0;42;14;21;6;13;14;13;12;1;4;4;4;5;5;19;8;4;13;16;1;18;2;2;4;1;9;7;4;7;3;7;2;10;5;4;5;9;3;5;7;2;9;9;5;11;79;1;4;1;2;3;0;5;4;7;4;2;2;10;2;13;2;7;2;1;4;3;2;2;1;2;1;4;3;4;0;3;2;1;3;9;1;3;3;2;0;3;3;1;5;6;7;2;6;1;0;3;4;2;1;3;0;1;12;5;31;1;3;2;4;6;1;2;1;2;2;10;4;2;2;1;0;3;2;1;6;11;0;4;0;1;4;1;2;3;7;2;3;3;4;16;1;1;3;3;0;21;17;11;60;12;15;1;23;13;17;6;14;6;45;18;8;16;8;43;15;14;27;32;19;24;18;25;11;15;7;9;90;9;13;11;7;307;21;13;60;232;;117;137;1754;57;618;900;63;88;756;184;49;36;5;37;2;10;2;14;10;4;5;5;13;4;1;8;5;1;3;7;3;6;4;;
15003000;3;3;5;1;3;2;1;6;5;1;5;0;6;1;2;57;33;5;74;114;12;22;7;3;9;3;49;2;3;8;8;6;3;16;4;7;123;24;0;3;14;2;72;1;1;0;1;2;2;2;2;2;6;1;0;0;1;4;3;0;2;8;1;3;8;5;3;1;0;3;0;0;3;0;3;0;1;4;1;4;0;4;1;1;2;0;1;1;3;0;7;0;3;1;0;2;5;2;6;0;3;4;4;3;1;2;0;1;1;0;2;0;0;0;2;0;0;3;0;1;1;0;0;3;7;1;0;2;0;2;1;1;0;7;0;3;0;0;1;0;3;1;0;0;0;0;0;0;0;4;1;0;1;0;1;1;4;0;1;0;0;1;0;0;0;1;0;0;0;0;0;0;0;0;0;0;1;1;2;1;2;0;2;1;1;2;0;1;0;0;1;0;3;4;0;0;2;0;1;0;1;0;1;2;0;0;0;0;0;0;3;2;3;2;1;0;0;0;0;3;1;1;1;4;0;0;0;2;1;0;0;0;1;1;0;0;0;1;0;0;0;0;0;1;1;0;0;1;1;0;0;1;0;0;0;1;1;0;0;0;0;2;0;0;0;2;0;0;0;0;0;0;0;0;0;1;0;0;0;1;0;2;1;3;0;2;0;0;0;0;1;1;0;0;1;0;1;1;1;0;0;0;0;1;0;0;0;0;0;0;0;0;0;0;0;0;0;0;1;0;1;0;0;0;2;1;0;8;6;2;0;7;2;2;2;3;3;6;16;0;5;1;13;9;4;7;11;8;3;20;4;3;3;0;5;11;4;2;2;3;44;4;6;9;40;159;;7;117;7;28;28;8;6;26;228;5;5;1;5;0;2;0;7;1;1;0;2;1;0;2;0;1;0;2;1;0;1;0;;
15081000;1;2;7;1;4;4;7;5;6;1;0;0;3;1;4;32;29;6;7;1;7;7;2;0;4;8;27;1;3;5;0;5;1;6;3;3;1;6;0;3;10;3;4;1;1;0;1;4;2;1;4;1;2;3;0;1;3;10;1;0;0;15;1;6;3;11;1;4;1;1;1;1;9;2;1;0;2;3;10;12;1;11;3;4;0;3;3;0;8;0;11;7;5;0;10;5;5;5;7;4;2;6;7;4;9;14;6;1;5;2;2;3;0;6;1;3;9;12;2;8;6;5;3;1;5;2;0;0;2;2;13;4;2;3;1;4;2;3;1;1;4;0;2;0;2;1;1;2;2;5;0;1;1;3;2;0;0;2;0;5;1;1;4;0;0;0;0;0;2;1;1;1;0;0;1;1;0;1;2;4;5;5;4;1;1;1;1;3;2;2;1;0;3;4;3;3;7;1;2;0;1;1;1;2;0;2;6;0;2;0;6;2;3;4;2;2;0;1;2;3;1;1;2;18;0;0;1;0;0;0;4;1;2;4;0;1;3;2;5;2;1;2;1;2;0;2;2;0;1;0;1;0;3;1;1;1;1;0;3;0;2;0;1;2;0;0;0;2;1;4;1;0;0;0;3;1;0;0;0;0;0;10;0;10;0;1;0;1;0;0;0;0;0;2;1;0;6;0;1;1;0;1;3;1;2;1;1;0;3;2;3;3;1;0;0;1;0;2;4;5;0;1;0;0;8;5;1;9;6;13;4;5;3;5;9;4;4;35;1;5;7;4;6;3;8;15;21;5;14;8;13;2;13;6;14;33;7;4;8;10;300;33;157;420;329;152;12;;27;20;55;84;37;144;217;14;181;18;6;11;1;1;3;5;4;5;4;3;8;1;1;4;4;2;2;8;4;4;8;;
15082000;4;8;0;1;8;4;4;4;10;0;6;4;3;3;4;36;57;13;90;47;15;241;9;14;22;10;59;4;4;13;1;5;2;17;4;7;2;7;0;4;9;3;7;2;0;2;3;4;3;3;3;5;7;3;1;1;2;3;0;1;1;10;2;4;6;5;0;3;0;1;1;0;5;0;4;1;5;2;3;11;1;5;1;1;1;5;1;3;3;0;5;3;0;1;2;5;1;6;2;3;1;5;4;4;3;5;1;4;3;2;4;2;0;0;0;0;1;10;0;3;0;3;1;1;8;1;1;2;1;4;4;3;2;3;0;7;4;1;3;0;1;1;1;1;1;0;0;0;1;0;2;0;0;0;0;1;0;0;0;1;0;1;1;2;0;0;0;0;1;0;0;3;0;0;0;1;0;0;4;1;4;1;3;3;1;1;0;1;0;0;0;1;3;4;1;1;4;0;1;0;3;2;2;1;1;0;1;0;4;0;2;1;3;2;0;2;1;2;0;3;0;0;1;5;0;0;0;0;1;0;3;1;1;1;1;3;1;0;3;1;1;0;0;1;0;0;0;0;0;0;1;0;0;0;0;0;0;1;1;0;0;0;1;0;1;1;0;1;2;0;0;1;1;1;0;0;1;0;1;1;0;1;0;4;0;0;0;0;1;0;0;0;0;0;0;0;0;0;0;1;0;3;2;1;2;1;0;0;3;1;0;1;2;1;2;2;0;1;2;0;3;0;0;0;5;0;1;11;4;4;1;9;3;5;6;8;6;15;2;0;9;3;17;4;5;9;15;12;14;6;5;6;11;2;5;18;4;3;7;3;69;9;12;12;85;1366;127;30;;9;234;141;31;16;227;128;10;14;8;7;0;3;4;4;5;1;4;2;7;4;4;1;2;1;2;1;0;4;2;;
15083000;1;4;3;1;2;3;4;3;5;1;6;7;4;1;3;29;4;1;4;1;5;3;2;3;0;8;16;5;2;3;0;4;7;1;6;2;1;2;0;3;2;5;0;3;2;1;2;0;6;7;2;4;10;0;5;0;10;6;8;1;1;13;3;7;7;8;2;5;1;2;1;2;4;2;3;5;2;2;2;8;1;5;3;1;4;1;0;4;3;3;4;3;3;3;5;4;8;4;15;4;2;4;11;5;3;7;12;1;10;3;4;5;0;5;1;8;2;14;1;7;1;8;3;0;2;3;2;3;6;6;6;3;1;4;4;4;2;0;4;5;2;2;8;3;2;2;0;1;1;1;0;2;3;1;0;1;0;0;0;1;0;4;4;0;0;1;6;0;1;1;0;0;1;0;0;1;1;0;5;2;3;3;8;5;4;5;0;3;3;1;3;0;2;3;4;1;8;2;4;1;2;1;1;3;6;0;3;0;1;2;6;2;3;1;4;1;5;3;2;2;0;3;1;16;1;4;2;1;4;2;2;4;2;1;4;2;2;5;3;1;1;1;2;2;1;2;0;2;0;2;1;1;3;1;2;1;4;1;1;1;2;3;1;0;4;4;4;2;1;1;2;0;1;4;1;5;3;3;3;1;0;3;4;12;0;7;2;3;7;3;1;1;3;4;3;6;1;4;0;1;0;2;3;3;5;0;0;0;4;6;1;1;2;1;3;2;2;0;1;0;0;3;0;0;3;3;2;12;4;6;1;7;5;6;5;6;2;6;0;4;9;4;6;1;6;1;15;6;7;7;24;16;19;16;39;44;12;13;13;7;393;133;31;12;223;42;10;25;14;;35;12;61;357;35;13;19;50;96;73;3;31;6;7;9;5;47;7;14;43;5;11;74;4;12;97;10;37;93;;
15084000;4;8;7;1;3;5;7;5;7;5;11;4;8;4;4;54;115;32;26;30;247;53;16;13;91;66;69;3;12;32;3;5;12;15;8;5;4;10;1;8;8;9;4;2;2;1;3;7;3;0;8;3;7;5;2;4;2;2;4;3;1;22;6;12;4;10;3;5;3;9;3;5;5;9;2;7;2;6;7;14;3;5;3;5;3;2;4;5;3;0;8;4;5;1;5;2;1;5;8;4;4;16;8;3;3;10;4;3;0;2;4;5;0;3;9;6;1;9;5;2;1;3;3;3;10;2;2;3;4;3;6;1;3;7;4;12;8;1;3;2;3;2;4;3;0;3;1;0;1;1;0;3;2;1;2;1;1;1;2;1;2;1;4;2;0;0;1;0;2;0;0;1;0;0;2;2;1;0;6;4;5;1;5;0;4;2;1;6;5;2;2;1;4;5;3;5;6;0;3;2;1;1;3;5;2;1;6;1;2;0;7;3;3;1;3;2;1;1;2;4;0;0;4;9;0;1;0;0;0;0;1;2;7;1;0;0;1;2;9;3;0;4;3;2;0;4;1;0;0;1;1;1;6;4;1;0;1;0;2;2;1;0;0;1;0;0;2;1;3;1;0;1;1;0;1;2;1;0;0;2;1;2;2;11;0;0;0;0;3;0;0;0;2;1;4;4;1;0;4;0;2;1;1;4;5;0;1;0;2;2;0;0;2;2;0;4;1;1;2;0;0;1;1;0;5;2;1;17;11;4;6;8;6;8;2;5;4;14;3;4;11;2;21;6;11;15;24;21;19;12;8;12;5;3;10;53;7;7;6;6;148;6;12;109;361;931;80;112;304;129;;86;222;194;665;121;107;24;8;17;3;5;12;51;9;9;12;5;5;7;5;8;3;4;7;4;2;0;3;;
15085000;1;4;0;0;1;5;3;3;3;1;1;2;1;0;2;23;10;2;4;9;5;10;1;2;3;5;29;3;1;6;5;7;0;6;2;2;1;2;0;3;4;3;1;0;0;0;6;1;0;0;3;1;1;0;3;0;2;1;1;3;2;4;1;2;5;7;2;0;0;0;1;4;2;0;1;0;0;1;1;5;3;0;0;1;0;0;1;0;3;8;16;2;1;1;7;0;0;3;4;1;0;3;3;1;1;7;1;1;0;1;1;0;0;2;5;2;2;2;0;1;3;3;1;0;2;0;1;1;0;0;4;2;0;1;0;5;0;0;3;1;0;0;3;0;0;0;0;0;0;2;0;3;0;0;1;0;0;0;1;0;0;0;0;0;0;0;0;0;0;0;0;0;0;0;0;0;3;0;1;0;1;0;2;1;1;2;3;3;2;0;1;3;0;1;1;0;4;0;0;1;0;0;0;3;1;0;2;2;1;0;0;1;1;0;5;1;2;0;0;1;0;1;1;4;0;0;0;2;0;0;0;0;1;3;2;0;0;0;3;0;0;0;0;0;1;0;0;1;1;0;1;0;2;0;1;0;1;0;1;0;3;3;0;0;1;0;0;1;1;0;2;1;0;2;0;0;0;1;0;1;0;0;0;2;0;0;0;1;2;0;0;0;0;0;0;0;0;0;0;0;0;0;0;0;0;1;0;0;1;1;0;0;1;0;0;0;1;1;0;0;1;0;1;0;50;0;3;20;5;7;2;30;5;9;2;2;4;42;8;4;3;4;14;5;9;6;16;5;8;7;4;5;4;0;3;18;0;2;1;3;53;5;9;21;63;659;22;96;136;8;39;;18;17;126;121;14;7;0;10;2;2;0;0;1;1;1;0;4;1;0;1;0;1;0;3;0;2;0;;
15086000;2;3;3;1;5;0;4;6;2;1;2;4;0;1;1;19;8;4;5;6;12;2;7;3;5;22;27;1;2;6;0;1;1;5;2;2;0;5;2;1;3;2;1;0;0;0;2;0;0;2;3;2;3;4;2;1;0;4;0;3;0;8;0;1;8;6;0;3;1;5;2;0;5;1;4;0;0;1;2;9;0;1;3;5;0;0;0;3;2;0;0;1;1;1;3;2;4;5;0;0;2;3;5;4;7;13;3;0;4;6;5;1;0;0;1;2;5;5;1;2;2;5;4;2;5;1;0;3;0;5;4;2;4;2;0;13;4;4;2;1;1;2;2;2;0;3;0;0;7;2;2;2;2;5;1;0;0;1;0;0;1;4;0;0;1;0;1;0;0;0;1;0;0;2;0;1;2;1;3;3;6;1;1;1;0;1;1;1;1;0;2;0;5;1;2;2;3;0;6;0;0;0;0;2;1;0;3;3;2;3;3;3;1;3;0;0;3;3;0;1;2;1;0;10;2;2;2;0;2;2;1;1;0;1;0;0;2;4;2;0;1;1;0;1;0;1;0;0;2;2;1;0;0;0;1;0;0;0;0;1;1;0;0;0;1;0;0;0;1;1;0;0;1;0;0;2;4;3;1;0;1;0;2;6;1;0;1;4;1;0;0;0;0;0;0;1;2;2;1;3;3;2;2;1;2;2;1;1;1;1;1;0;0;3;3;3;1;2;1;1;0;0;0;0;4;1;2;9;9;5;3;4;2;6;1;6;2;6;1;2;3;2;7;1;3;8;21;3;8;3;9;4;5;2;7;31;5;8;5;3;145;16;22;10;341;80;9;28;20;47;168;25;;231;235;13;16;50;5;15;3;9;3;113;8;9;117;6;9;23;1;12;7;2;5;10;1;1;2;;
15087000;1;4;2;0;3;0;5;1;2;3;4;3;3;0;3;27;8;2;2;5;7;4;4;3;1;8;23;2;0;9;0;2;5;6;2;2;0;1;6;3;3;4;2;2;2;1;1;1;2;1;2;4;2;0;2;5;1;2;0;0;2;6;1;3;7;9;4;5;2;1;3;0;5;5;3;4;1;0;5;12;1;5;1;5;1;5;0;3;4;0;12;1;3;1;17;5;1;4;9;2;1;5;3;2;7;12;2;0;6;3;8;3;1;2;1;5;3;9;3;4;1;5;7;1;4;0;0;2;2;5;7;2;2;2;0;3;1;4;3;4;2;1;2;1;2;2;1;0;0;4;1;1;1;1;0;1;0;0;0;1;0;5;1;0;0;0;0;0;2;1;0;3;0;0;0;3;1;0;7;3;6;2;5;2;2;3;4;1;2;0;3;0;2;5;1;0;2;0;6;1;1;2;1;2;2;1;7;0;6;1;2;6;3;3;2;1;4;1;4;0;0;2;4;12;0;2;0;1;2;0;3;1;3;2;0;1;1;1;5;1;4;2;2;2;0;0;1;0;2;1;1;3;2;1;0;0;4;0;0;1;2;2;2;0;5;2;3;1;2;1;3;1;0;0;0;1;0;2;0;1;2;0;6;9;0;3;2;4;2;0;1;1;0;3;1;2;0;1;1;2;1;0;1;0;2;2;0;1;2;1;1;0;3;1;0;7;0;5;4;2;0;0;1;1;5;0;1;7;7;7;3;3;4;2;9;8;2;14;1;4;6;2;7;4;8;8;19;4;11;5;18;10;21;8;18;47;6;7;9;10;420;94;139;26;1522;54;4;191;21;341;51;17;282;;118;10;42;28;11;18;2;14;3;12;5;3;28;7;3;8;1;12;7;2;4;12;4;7;11;;
15088000;1;7;7;1;2;4;2;5;4;4;4;3;1;1;2;41;33;17;11;11;23;30;4;15;10;16;45;4;8;15;7;7;6;7;6;2;1;4;1;1;8;7;6;3;2;2;5;2;4;2;3;2;6;3;0;2;3;4;3;3;0;7;3;7;11;12;1;3;3;1;1;2;16;4;5;1;3;1;3;14;1;4;4;3;0;1;3;3;2;1;6;1;3;3;10;5;4;6;6;8;1;7;5;5;5;3;2;0;13;1;5;2;2;7;6;6;0;6;2;2;3;4;3;1;7;5;1;6;4;3;3;0;2;2;1;11;3;0;1;1;1;5;1;1;3;1;1;0;1;1;1;0;1;1;1;0;1;2;0;0;0;0;4;0;0;2;1;0;2;1;0;0;2;0;2;0;2;0;8;1;2;3;2;5;0;3;4;1;3;0;3;1;3;1;5;3;5;1;5;0;0;1;2;1;4;2;4;2;2;4;5;2;2;0;3;1;4;1;1;3;2;1;4;9;0;0;5;0;2;1;2;5;4;1;2;0;0;2;4;1;1;3;1;0;0;0;1;0;1;0;1;2;1;0;0;0;2;0;2;0;0;1;0;2;1;2;0;0;0;2;1;0;0;0;0;0;1;0;1;1;1;0;1;8;1;1;2;1;1;0;3;1;1;2;3;2;3;2;3;1;1;1;0;2;4;4;0;1;0;0;1;0;1;3;0;0;1;1;9;0;1;2;1;0;6;4;1;10;8;8;3;12;8;5;4;4;6;13;4;3;10;1;11;5;6;7;15;4;12;7;5;7;10;4;9;35;8;7;8;5;149;19;13;56;296;746;29;176;233;48;354;146;217;104;;60;55;20;7;14;1;4;2;16;7;5;5;2;4;2;1;8;3;1;5;4;4;4;7;;
15089000;2;5;7;2;0;3;3;7;4;1;2;2;3;0;1;50;20;9;15;12;12;7;5;6;4;5;47;0;3;7;1;3;4;7;2;3;19;14;4;5;10;3;9;3;2;0;2;1;4;0;3;1;5;1;0;3;2;7;3;1;0;8;4;1;13;8;2;1;2;1;1;0;9;4;2;3;1;3;1;8;0;7;1;6;0;4;2;0;1;1;9;3;4;1;3;0;2;4;2;1;6;5;5;4;5;5;12;1;3;4;2;2;1;1;2;1;2;9;2;2;3;1;2;2;3;2;0;3;1;1;4;1;0;2;1;1;2;1;2;3;3;2;1;0;1;3;1;0;1;2;0;0;0;0;1;0;0;2;1;1;0;1;1;1;0;0;2;0;0;0;0;0;0;0;0;1;1;1;6;4;3;0;3;0;0;1;1;1;1;0;4;0;2;0;1;0;1;1;1;1;1;1;1;1;1;0;1;0;0;0;3;1;2;0;1;0;1;0;0;1;3;4;2;12;0;0;0;0;0;1;0;0;1;1;0;1;0;0;3;1;1;0;0;1;0;0;0;0;1;1;1;0;1;0;0;0;0;1;3;1;1;1;1;0;2;1;1;0;2;3;0;1;0;0;0;2;0;0;0;0;1;1;0;2;0;1;1;0;1;1;0;0;1;0;1;0;0;0;0;1;0;1;0;0;0;0;0;0;1;1;0;0;1;1;0;2;0;1;3;0;0;1;0;0;26;2;2;25;4;10;3;82;11;5;3;3;36;18;129;5;7;2;25;10;19;15;30;15;15;15;8;6;7;1;4;14;7;9;5;3;62;5;6;12;58;273;225;20;120;5;66;113;12;20;61;;11;11;2;7;0;3;5;2;2;5;2;2;0;1;0;0;1;0;3;1;0;0;0;;
15090000;2;5;7;1;2;2;2;3;6;2;1;2;2;2;0;30;2;2;3;3;9;3;0;4;1;8;23;2;7;6;0;0;0;2;7;2;0;3;0;3;3;1;0;2;0;1;2;3;1;2;0;3;0;1;3;3;2;2;0;0;2;5;3;2;5;4;1;2;4;2;0;0;2;1;1;0;2;0;1;11;0;1;0;2;1;1;0;0;2;0;1;4;3;0;10;5;0;3;2;0;0;3;5;2;1;6;1;2;2;3;4;1;1;2;0;2;5;7;2;2;1;2;5;1;2;2;0;3;0;0;5;1;1;2;0;4;3;2;2;2;2;2;3;1;3;0;4;0;4;0;1;2;0;0;0;0;1;1;0;0;0;1;3;0;1;0;0;0;1;0;0;1;0;0;1;0;0;0;5;2;4;1;3;4;0;1;0;1;0;1;1;0;3;2;1;1;4;1;2;5;0;1;2;3;1;1;4;0;0;0;1;4;3;0;2;2;3;1;2;0;1;1;0;5;1;2;1;1;0;2;0;1;0;1;3;0;0;3;3;0;2;3;1;1;2;2;0;0;0;0;2;1;1;0;0;1;0;0;0;1;1;2;2;3;1;1;2;0;1;0;2;2;0;1;0;2;1;0;1;2;0;0;0;3;0;0;0;2;1;0;2;1;0;1;1;0;2;0;0;2;1;1;2;1;0;0;0;0;1;0;2;1;0;0;0;3;0;3;2;0;0;0;2;0;11;4;1;17;4;13;52;8;6;4;3;5;3;55;1;4;65;5;8;5;10;6;12;5;12;2;14;4;11;2;10;52;9;6;9;10;201;22;109;286;126;60;6;164;18;10;21;18;13;27;39;11;;10;4;8;2;4;2;2;4;0;5;0;5;0;1;1;4;2;2;4;2;2;3;;
15091000;5;19;16;2;5;10;3;4;5;2;8;9;5;10;5;102;12;8;5;5;7;6;6;5;4;47;64;2;7;18;4;3;3;9;3;5;2;7;2;5;6;9;2;0;1;1;12;6;8;6;1;2;9;3;2;6;3;7;5;3;3;22;8;29;26;20;6;5;5;5;3;4;27;9;10;8;4;5;25;50;4;16;3;9;2;6;3;4;15;2;4;22;9;8;11;13;4;8;13;6;3;9;13;13;13;25;4;2;4;2;5;11;0;11;11;13;15;64;7;13;6;11;8;10;17;13;3;12;6;15;24;6;7;15;10;42;28;22;14;11;8;19;8;10;2;4;4;3;5;2;1;4;5;5;0;3;0;2;1;3;1;9;21;2;1;4;1;0;3;2;1;4;1;0;2;3;8;1;41;9;15;5;19;8;8;5;6;3;5;5;10;5;19;13;6;17;19;4;10;8;4;3;1;19;8;5;13;1;6;4;12;7;4;7;10;5;7;5;4;11;7;3;12;75;3;4;3;4;3;3;4;3;5;5;8;5;3;2;14;2;3;4;7;3;2;1;7;1;4;1;3;2;1;2;0;1;2;5;11;2;2;1;0;2;7;4;2;20;9;13;8;10;7;12;6;5;8;6;7;1;1;13;3;38;0;7;3;2;6;3;5;3;2;5;25;10;10;14;6;6;3;6;8;11;11;4;5;2;5;4;0;4;2;5;4;4;6;4;11;0;1;1;1;1;5;4;6;33;9;11;8;9;8;12;5;9;3;6;2;5;8;5;21;7;14;9;30;5;20;9;43;18;20;27;39;152;18;15;16;9;337;25;20;8;77;39;4;6;5;51;18;7;48;21;11;6;11;;53;174;94;254;67;79;151;238;172;138;628;666;52;553;378;35;104;60;44;42;25;;
16051000;1;3;5;0;0;1;2;3;2;1;2;1;1;0;1;34;5;2;0;1;0;1;0;1;0;12;19;1;5;4;1;1;1;4;2;0;1;1;2;0;4;1;0;1;3;1;0;4;1;0;0;0;4;1;1;2;1;2;0;1;0;7;7;10;17;13;3;6;2;2;0;5;14;4;3;8;0;5;4;21;3;13;8;8;3;2;1;2;5;4;13;2;1;1;7;1;4;5;1;1;1;1;2;5;7;10;2;6;2;2;2;3;0;5;3;2;1;19;1;1;1;3;2;4;7;0;2;3;5;5;7;2;0;3;0;8;4;2;4;3;0;7;1;0;0;3;0;0;0;4;3;0;1;3;0;0;0;1;1;1;0;6;4;1;0;0;1;0;1;3;3;2;0;0;0;0;2;1;10;1;5;0;3;5;2;6;0;5;1;1;6;1;4;2;1;0;11;0;7;1;0;1;0;4;5;3;1;0;2;2;2;3;4;2;1;2;1;2;0;4;3;3;3;21;0;0;2;1;1;1;2;6;3;1;0;2;1;2;7;0;1;3;0;1;1;3;3;0;0;1;0;2;1;0;2;0;0;0;3;2;1;1;3;1;5;0;3;2;3;3;5;3;5;1;3;5;3;3;3;3;0;3;0;17;0;2;0;1;5;3;1;2;0;1;3;1;2;4;1;2;1;1;3;3;9;0;3;1;2;4;0;0;0;0;2;3;1;2;2;0;6;3;0;0;1;4;0;9;1;5;3;3;5;5;2;5;2;2;1;3;3;0;8;3;4;6;12;3;8;4;47;16;21;39;84;69;11;9;11;9;161;31;6;0;30;11;1;3;4;86;5;1;11;8;8;2;5;89;;98;12;32;4;7;21;10;7;19;19;3;5;23;25;15;29;153;78;708;105;;
16052000;5;19;19;0;4;2;5;1;9;2;11;0;3;3;6;92;19;5;5;3;7;2;9;2;3;42;56;6;7;9;0;2;4;5;6;6;0;9;1;4;2;2;1;4;2;1;9;9;5;3;3;2;3;1;1;3;2;4;3;1;0;24;5;34;2;17;3;5;3;3;1;3;14;3;7;6;1;5;28;35;3;25;4;7;5;3;3;6;12;0;2;15;4;1;8;6;4;9;2;1;6;6;5;7;5;22;4;2;5;4;1;3;1;8;7;3;12;47;4;12;3;6;6;12;10;9;0;8;2;5;16;7;2;16;2;10;12;5;4;5;6;7;6;4;2;3;1;2;6;3;3;2;2;6;1;2;1;2;0;7;3;2;11;0;1;3;3;1;1;1;0;3;0;1;1;0;6;0;44;14;9;1;14;11;6;4;0;4;1;3;16;2;27;5;2;26;12;1;16;2;2;1;0;26;6;3;7;2;2;3;7;6;3;6;15;1;10;3;4;10;5;1;9;78;2;1;1;2;0;4;4;3;5;4;4;3;3;0;11;0;2;2;7;4;4;0;0;0;2;0;0;2;1;1;0;1;4;2;12;2;1;1;0;3;6;1;3;11;9;6;5;4;2;6;6;9;2;5;4;4;2;16;2;33;4;5;7;3;4;4;2;4;4;3;14;4;4;6;1;4;2;4;0;8;11;1;6;0;1;4;1;0;5;0;2;1;3;6;9;0;2;1;4;0;6;6;5;31;13;10;3;3;10;10;5;5;10;14;2;5;8;3;25;6;14;9;15;2;22;2;35;15;17;29;39;129;15;13;15;9;323;15;13;7;59;27;2;9;3;49;8;4;8;14;5;5;8;238;112;;16;181;18;10;36;26;19;39;26;21;17;55;237;11;93;821;79;54;15;;
16053000;2;3;2;0;0;2;2;0;1;0;1;1;0;1;2;9;5;1;1;0;2;0;0;0;1;0;2;0;0;1;0;0;0;0;1;1;0;0;1;0;0;0;0;2;0;0;0;0;0;2;0;0;1;0;0;0;0;2;0;0;0;3;2;2;1;2;0;2;0;1;0;0;2;2;3;2;1;2;1;4;5;2;0;0;1;0;3;0;1;0;0;0;1;0;0;1;1;1;0;0;0;0;1;1;1;0;0;4;0;1;1;0;1;0;0;4;0;5;3;1;0;4;0;1;2;0;0;2;0;0;3;0;1;1;1;1;3;1;1;0;0;1;0;0;0;1;0;0;3;0;3;0;0;3;1;0;0;1;0;0;2;0;1;1;0;1;0;2;0;4;0;2;0;0;0;1;1;1;5;1;2;0;1;1;0;1;0;0;1;0;0;0;4;2;0;1;0;0;8;2;1;0;1;0;0;1;0;0;2;1;2;2;1;0;1;3;0;2;0;3;0;2;0;9;0;0;2;1;3;0;1;0;0;2;1;0;0;0;2;0;0;2;0;0;3;3;0;0;1;0;1;1;1;1;0;0;2;0;1;1;2;2;1;0;1;0;0;4;1;12;0;5;1;18;1;1;3;1;3;0;0;0;3;6;0;0;0;2;0;0;2;0;0;2;5;2;2;12;0;1;1;0;2;1;0;0;0;0;0;0;5;1;2;0;1;0;0;0;1;0;1;0;0;0;0;1;0;5;3;0;0;2;1;0;0;1;0;1;1;1;1;0;0;4;3;1;5;0;3;1;3;2;0;1;1;15;0;1;2;0;27;2;2;0;4;1;2;3;0;2;8;0;3;0;1;0;2;455;134;120;;171;109;104;293;232;81;454;208;74;203;224;121;64;129;32;83;101;79;;
16054000;3;4;5;0;0;0;3;2;4;0;1;2;1;2;3;43;6;1;3;0;2;1;2;0;0;14;17;0;1;5;0;2;4;2;1;1;1;3;1;2;2;0;0;0;0;0;0;2;0;3;1;0;1;1;1;2;1;2;0;0;1;13;0;13;6;8;1;0;1;0;0;3;2;2;1;5;0;3;10;21;2;8;0;3;4;0;2;3;5;1;7;7;1;0;1;3;3;4;5;1;2;0;2;6;6;4;2;3;0;4;4;2;0;6;2;1;7;18;2;5;1;3;4;3;2;2;1;4;3;6;9;0;4;5;5;19;6;3;2;3;0;3;2;1;0;0;2;0;1;0;1;0;3;3;0;0;0;1;1;2;0;2;6;0;1;0;2;0;0;0;0;1;0;0;2;1;1;0;23;1;5;1;3;5;3;2;1;2;2;0;0;0;11;3;1;7;9;2;3;1;1;1;1;11;6;2;4;0;2;0;3;3;0;2;4;2;2;0;2;3;0;0;4;41;2;0;1;1;4;4;4;1;3;3;1;1;0;0;6;1;2;5;0;1;1;0;0;0;1;1;2;0;1;1;1;0;0;0;4;0;3;0;1;0;1;2;0;6;4;6;2;2;2;1;4;2;0;2;2;0;0;7;5;16;0;3;5;4;1;1;0;1;0;1;5;2;3;4;2;1;0;0;1;5;6;1;1;1;2;3;0;1;2;2;1;0;1;5;3;0;1;1;0;0;2;5;1;16;7;2;3;1;2;0;3;6;0;10;2;3;1;4;7;3;5;4;11;1;4;3;14;6;7;8;12;61;3;4;5;3;145;6;6;6;28;11;0;1;1;23;5;1;7;5;4;1;3;235;17;120;13;;9;15;18;13;18;21;36;76;5;40;562;7;26;36;13;13;5;;
16055000;0;2;4;0;0;2;4;3;1;1;2;4;3;0;0;17;8;2;0;1;9;1;32;1;3;290;25;1;2;12;2;0;2;0;3;1;0;1;1;3;0;1;1;0;0;0;1;3;5;2;1;0;2;2;0;0;0;2;1;0;0;8;4;3;1;3;5;1;1;1;3;0;6;1;4;1;1;3;2;9;2;3;1;1;2;1;0;1;4;0;0;2;0;0;3;2;3;5;12;3;0;8;3;2;1;9;9;1;0;2;3;5;0;3;1;7;3;12;0;1;1;4;2;2;3;0;0;1;5;0;4;2;1;7;2;44;9;11;22;11;5;104;1;0;0;0;0;1;3;4;1;1;1;2;0;0;0;0;2;0;0;6;2;0;0;0;2;0;0;0;0;1;0;0;0;1;0;0;4;2;0;2;1;2;2;1;0;2;3;1;3;0;3;0;5;3;2;2;1;1;0;0;2;1;2;0;4;1;2;0;1;0;1;1;2;0;1;0;1;3;1;1;2;9;0;0;3;1;1;1;1;0;0;1;0;0;0;1;1;0;1;1;1;0;0;0;0;0;1;0;1;0;0;0;0;0;0;0;0;0;1;0;1;1;0;0;0;1;0;0;0;1;0;0;3;0;0;0;0;3;0;2;1;4;0;0;0;1;2;1;1;0;0;0;2;2;0;3;0;2;3;0;3;0;1;0;0;0;0;3;0;0;2;0;1;2;2;1;4;0;0;0;1;0;0;1;2;3;2;0;2;2;3;1;2;0;1;1;0;0;2;3;5;4;0;4;3;1;3;1;3;4;3;3;1;19;2;1;1;6;69;5;2;1;19;6;0;0;4;12;9;2;8;6;2;1;2;113;13;20;3;15;;100;32;178;18;13;19;7;0;15;1;0;5;3;3;1;2;;
16056000;3;5;2;0;1;0;5;3;3;0;1;4;5;0;0;41;16;3;3;2;16;2;18;4;1;170;32;1;4;11;7;1;0;3;5;4;2;3;1;2;4;1;1;2;0;0;6;7;2;0;5;0;4;1;1;0;1;3;2;0;1;10;5;7;4;10;1;6;2;1;2;1;4;1;5;2;0;2;5;12;1;11;4;4;3;3;2;2;7;1;1;6;2;2;3;1;2;3;3;0;2;4;4;6;10;15;0;2;2;1;3;6;2;3;5;1;9;13;2;5;2;10;0;2;3;0;1;3;3;6;11;3;2;6;3;25;3;1;5;4;0;10;2;0;0;0;1;2;1;0;0;1;4;2;0;0;0;0;0;2;0;3;4;0;2;0;2;0;0;0;0;3;0;0;0;0;1;0;5;1;4;1;5;3;2;3;0;2;2;0;5;1;4;1;4;0;10;0;4;2;2;0;0;4;2;0;2;2;2;0;1;3;0;1;2;0;1;1;5;2;1;0;3;20;0;0;2;0;0;0;0;2;0;1;0;0;0;0;4;0;2;1;0;1;5;2;0;1;0;0;2;0;0;1;0;0;0;0;4;0;1;0;3;0;1;0;0;2;3;0;2;1;1;2;2;0;1;0;0;0;0;1;1;3;0;1;1;2;1;0;0;0;0;0;3;4;0;6;1;2;0;1;1;3;5;0;0;0;0;0;0;1;1;0;1;0;0;1;2;0;5;1;0;0;2;3;0;5;4;3;1;3;3;2;8;3;2;3;0;0;0;4;4;2;0;5;6;5;7;3;8;2;7;1;7;29;3;6;2;6;105;8;6;3;47;15;4;2;6;6;54;1;111;11;14;1;1;132;14;37;6;11;111;;26;64;109;13;17;15;3;15;14;2;5;7;4;5;5;;
16061000;1;3;2;4;1;3;4;1;2;1;4;1;4;3;0;32;3;6;1;1;9;1;10;4;0;20;19;2;8;6;2;2;3;5;2;1;0;2;0;1;0;0;1;0;0;2;0;2;1;1;3;1;2;0;0;1;1;1;0;1;1;13;2;3;5;11;3;1;3;1;0;3;8;6;2;2;3;2;6;14;1;6;1;3;0;3;3;3;9;2;2;6;3;0;7;4;2;1;5;3;3;1;8;8;8;17;9;1;2;5;5;2;0;6;5;4;3;35;2;12;0;5;5;6;26;7;4;7;4;9;15;6;4;15;5;38;112;285;16;12;8;145;3;2;3;1;1;0;6;1;2;6;3;2;1;2;1;2;1;1;1;1;6;0;0;1;2;0;1;2;0;0;0;1;1;0;3;0;13;3;7;4;8;1;0;2;5;4;3;3;8;2;6;3;1;4;8;1;9;1;3;1;3;2;1;1;8;2;6;1;2;4;2;8;4;4;2;4;0;1;2;2;1;25;0;0;1;0;3;0;3;0;3;0;2;1;2;1;5;0;0;0;2;3;0;1;2;1;0;0;2;3;5;1;1;0;0;0;1;1;1;2;3;1;1;7;1;5;5;6;2;0;0;4;2;0;1;0;2;2;2;5;1;13;3;1;2;0;2;2;1;1;2;2;13;6;8;3;1;1;1;2;5;5;7;0;0;0;2;3;1;0;2;0;2;3;0;3;9;1;0;3;0;1;0;2;0;5;2;2;2;4;0;6;4;3;3;7;1;0;6;2;6;1;9;3;13;9;8;2;10;7;6;8;8;41;2;7;0;6;101;7;5;3;22;9;1;5;1;9;10;1;13;6;3;1;4;202;24;48;37;30;23;24;;121;14;305;228;11;15;51;18;11;16;8;7;8;3;;
16062000;0;1;1;1;0;3;5;3;1;1;1;2;3;1;4;17;4;5;4;0;2;0;7;4;0;36;16;2;4;7;3;2;0;0;1;0;0;4;0;0;7;3;0;0;1;0;2;0;2;0;1;0;2;1;1;1;3;1;2;0;1;5;1;4;3;9;1;2;8;3;0;1;3;1;0;4;1;1;4;9;0;4;1;6;1;0;2;0;7;1;0;2;2;0;1;1;2;1;1;2;3;4;2;2;3;3;4;3;4;0;5;4;3;3;1;1;1;14;2;4;2;3;4;0;8;2;0;8;3;4;7;2;1;5;3;25;13;9;10;6;5;51;2;1;0;1;0;2;1;0;1;3;1;2;1;0;0;0;0;1;0;1;5;0;1;0;0;0;1;0;0;1;1;0;0;1;1;2;4;3;4;0;3;2;5;2;0;1;2;0;5;1;4;2;2;1;3;0;3;1;0;2;4;1;4;0;1;0;3;0;0;6;3;1;0;1;0;0;2;3;0;3;1;16;0;0;0;0;0;2;1;0;4;2;0;0;0;0;1;1;1;1;0;2;1;0;2;0;0;0;0;0;3;0;2;0;0;2;1;0;0;0;1;0;0;1;0;1;0;2;0;0;1;2;1;3;0;3;0;1;1;1;3;4;0;1;1;2;0;2;2;0;2;4;2;0;2;4;3;1;2;0;0;0;1;0;2;0;0;1;0;2;0;0;0;1;1;0;4;0;2;1;0;0;0;1;1;1;0;1;2;3;1;2;1;2;1;3;1;0;1;4;3;3;6;4;4;5;1;3;2;3;2;5;6;26;1;4;3;3;75;7;3;1;11;7;2;2;4;3;11;2;8;6;1;2;6;264;17;45;11;17;179;68;123;;98;16;144;38;7;39;19;6;16;11;9;4;4;;
16063000;1;2;1;1;0;0;1;0;1;0;1;0;1;0;3;12;5;2;0;0;1;1;6;2;2;23;14;1;0;3;1;3;1;1;1;0;0;1;0;2;3;2;1;0;0;0;0;8;3;0;1;0;2;0;3;1;1;0;0;0;0;4;2;2;1;3;1;1;0;0;0;2;1;1;0;1;0;2;5;4;2;4;1;7;1;1;2;1;1;0;1;0;1;2;2;1;0;1;0;0;0;6;5;4;6;3;1;1;1;0;0;1;1;0;1;0;0;8;1;4;1;3;1;2;4;1;1;1;1;3;2;2;1;1;2;5;2;3;6;4;2;6;2;1;1;1;0;0;2;1;1;0;0;1;1;0;0;0;2;0;0;0;1;0;0;0;1;0;0;0;0;0;0;0;0;0;1;1;3;1;3;0;1;1;0;0;3;0;3;0;0;0;0;0;2;0;3;4;2;1;0;0;0;1;1;0;3;0;0;0;1;3;0;0;0;1;0;0;0;2;1;0;0;4;0;4;0;1;2;0;0;0;2;0;1;2;1;2;3;0;1;2;0;3;0;0;0;0;0;0;1;0;1;0;0;0;1;1;2;0;0;1;1;0;0;0;0;0;2;3;0;0;1;3;0;0;1;0;0;1;0;4;2;3;0;1;1;0;1;0;1;0;0;0;4;0;0;0;1;2;0;0;1;1;3;0;0;0;0;0;1;0;0;1;0;3;0;1;4;0;0;2;0;1;0;3;0;3;2;0;0;1;2;1;2;1;0;2;0;0;0;2;2;1;1;3;6;0;3;2;7;1;5;1;1;16;2;1;2;2;46;6;7;4;38;14;2;8;3;33;12;4;127;31;9;4;4;187;26;20;5;20;24;153;15;112;;7;29;120;4;26;20;8;6;7;3;1;6;;
16064000;0;3;3;1;3;5;1;3;0;1;3;3;1;1;1;24;0;0;0;0;3;1;1;0;0;11;8;2;0;0;1;0;3;1;2;0;0;4;0;0;2;1;1;1;1;0;4;0;2;0;3;0;3;0;0;1;0;1;4;0;0;5;0;4;4;7;1;3;1;4;1;4;5;0;3;6;1;1;4;10;1;4;0;2;1;1;1;0;3;1;2;2;3;1;9;1;0;2;5;1;1;1;1;9;1;2;9;3;1;0;3;4;2;0;3;1;2;25;1;3;5;3;2;7;10;3;1;9;2;4;5;3;4;6;4;14;62;23;8;3;2;17;1;0;0;1;7;0;1;1;0;1;6;2;0;1;0;1;0;3;1;1;2;0;1;0;1;0;3;2;1;1;1;1;2;2;1;0;13;2;4;0;9;3;4;6;2;1;4;0;2;1;4;3;3;4;3;2;3;1;0;2;2;1;0;0;2;0;2;1;4;1;1;4;1;2;2;4;0;1;5;2;6;23;1;0;2;2;0;1;1;2;6;3;1;2;1;1;5;1;2;3;2;0;1;1;2;0;1;0;3;3;1;1;4;1;0;1;2;1;1;2;0;1;3;1;0;3;4;21;1;3;3;16;5;3;3;2;4;2;1;5;1;23;0;3;4;1;4;2;1;1;0;9;17;5;18;97;5;7;1;6;12;9;4;1;1;0;1;1;1;2;2;2;2;4;2;3;0;0;0;1;1;0;3;4;2;3;3;3;2;4;1;1;0;3;1;2;1;1;3;0;3;3;4;3;12;7;9;2;5;3;7;7;8;27;4;9;2;9;59;7;2;0;17;6;1;3;4;4;5;2;3;3;2;2;0;191;19;42;259;28;7;5;298;21;11;;104;15;158;83;17;25;26;15;9;7;5;;
16065000;1;6;4;4;2;1;3;4;1;1;2;0;2;0;1;23;2;3;3;1;2;0;1;3;1;9;12;2;1;5;2;2;0;4;4;0;3;0;0;1;1;2;3;1;3;2;2;4;0;0;1;4;6;2;0;2;1;2;0;1;0;7;1;4;9;7;3;4;3;0;0;0;6;2;2;7;2;1;1;9;2;4;0;5;3;1;1;5;4;0;0;2;2;1;6;3;2;0;4;3;3;5;1;3;9;8;2;2;3;3;1;3;0;5;1;2;3;11;4;4;2;3;5;2;5;2;1;4;4;4;4;3;1;3;3;17;6;9;7;10;3;20;1;0;2;2;0;1;0;2;1;0;3;0;1;0;0;0;0;0;1;1;2;0;1;2;3;0;2;0;1;0;0;0;0;1;4;0;6;4;5;0;7;4;2;3;3;5;0;3;4;0;1;2;2;3;7;1;3;0;1;0;2;2;2;2;8;0;4;5;2;3;1;1;2;2;2;2;1;4;0;2;3;16;0;1;3;2;1;3;1;2;2;1;2;0;3;1;6;1;3;1;1;3;4;0;3;0;1;1;0;3;0;1;0;0;1;0;5;0;1;1;0;1;2;3;0;2;3;3;3;2;2;2;2;1;0;0;5;0;4;5;3;12;0;5;1;0;1;1;1;1;0;0;3;0;1;8;1;1;1;1;1;7;0;2;0;0;0;2;1;1;2;0;1;3;0;3;3;0;1;0;1;0;2;5;2;5;2;3;2;5;3;3;1;4;2;5;2;1;1;3;3;3;7;6;12;5;7;5;8;9;11;5;16;36;6;8;6;6;70;9;5;6;14;11;3;5;3;8;11;1;8;9;4;1;4;560;22;47;31;41;24;23;224;206;29;90;;52;32;206;38;6;29;9;7;24;9;;
16066000;0;0;0;0;0;1;0;0;0;0;1;0;1;1;1;4;1;0;0;0;0;0;0;0;0;4;4;0;1;2;0;0;0;1;1;2;0;0;1;0;0;4;0;0;0;0;0;2;1;0;1;1;3;0;0;1;1;1;0;0;0;4;2;0;2;5;0;0;0;1;3;1;6;0;0;0;0;2;0;4;1;6;5;2;0;0;1;0;3;0;0;2;1;0;0;0;1;2;0;3;0;0;3;2;0;2;0;0;1;1;0;1;0;1;1;0;1;4;1;2;2;2;3;1;4;0;0;4;0;0;3;0;0;1;0;5;1;3;1;1;0;6;0;0;2;1;0;0;2;1;1;1;0;0;0;1;0;1;0;0;0;1;0;0;0;0;0;0;0;0;0;2;0;0;0;0;1;0;3;1;3;0;4;0;0;0;0;0;2;2;1;0;2;6;0;0;0;1;3;0;0;2;0;0;0;0;1;1;2;2;4;3;1;1;0;0;1;0;1;0;0;0;0;6;0;0;0;0;3;2;0;3;0;0;0;0;0;0;2;0;1;0;1;0;1;0;0;0;2;0;0;0;2;0;0;0;0;0;0;0;2;0;3;1;0;0;0;0;1;3;1;1;0;0;1;0;1;1;1;0;0;1;0;3;0;0;1;1;1;2;2;0;0;1;0;0;3;1;1;0;0;2;0;1;1;1;2;0;0;0;0;0;0;0;2;0;0;0;0;0;0;1;0;0;1;0;2;3;2;2;0;1;1;0;0;1;0;1;0;0;1;0;5;1;3;5;4;0;3;2;3;2;2;6;5;17;1;1;2;2;24;3;4;0;12;5;0;4;3;36;7;1;20;12;2;1;1;500;9;26;9;82;5;26;11;56;164;18;68;;6;35;81;4;13;5;6;7;3;;
16067000;0;1;1;0;0;1;0;0;0;0;0;1;0;0;1;7;1;0;1;1;3;2;0;1;0;2;4;1;1;0;0;0;0;5;0;0;1;0;0;0;2;0;0;1;0;0;0;1;0;1;2;2;0;0;0;1;0;0;1;0;0;1;1;2;0;3;2;1;0;1;0;0;1;0;0;5;0;0;3;3;0;2;0;0;0;1;2;0;3;0;1;2;3;0;1;0;5;1;1;0;0;1;1;1;0;2;2;0;0;1;1;0;0;1;0;1;0;2;1;2;0;1;5;0;2;3;0;2;1;2;5;1;1;1;0;2;5;1;1;1;0;1;1;0;0;1;0;0;0;0;1;0;0;1;4;0;0;0;0;1;0;0;1;0;0;1;0;1;1;2;0;0;0;0;0;0;0;1;4;0;3;1;3;1;2;3;1;2;1;0;4;0;6;2;1;1;2;1;3;1;1;0;0;1;1;0;1;0;0;1;1;0;2;1;1;5;0;0;2;1;0;1;0;8;0;1;0;0;2;0;3;1;3;0;0;1;0;0;3;3;0;0;1;2;1;1;1;0;1;1;0;0;0;0;2;1;0;0;1;0;0;0;0;2;1;2;0;5;7;52;0;11;2;125;1;4;7;2;6;0;0;7;2;11;1;2;4;4;4;3;0;1;0;6;6;1;10;42;14;1;1;3;4;2;1;3;0;1;0;1;1;2;2;0;1;1;2;1;1;0;1;0;0;0;0;2;0;1;3;2;1;2;1;1;0;2;0;2;0;1;2;1;1;1;1;0;2;2;2;1;3;4;3;6;4;16;3;2;3;6;29;5;1;2;7;5;1;2;3;3;1;1;3;3;0;1;1;94;18;10;141;12;3;3;27;4;2;166;19;7;;61;3;61;15;4;6;3;3;;
16068000;3;5;3;1;2;1;0;0;2;0;0;0;3;3;2;28;10;4;4;2;3;1;2;3;0;13;15;1;3;6;1;2;1;2;2;1;0;3;0;0;0;6;3;2;0;0;3;3;3;0;0;1;0;1;0;1;0;3;4;0;0;9;3;11;8;8;3;2;0;3;1;1;4;2;3;3;1;4;3;10;3;10;1;2;2;0;1;0;7;0;1;4;2;4;3;4;4;5;6;1;2;5;0;10;2;4;2;0;1;3;4;4;0;3;5;2;9;16;4;7;3;8;6;2;5;4;1;5;1;9;9;2;2;6;5;9;9;6;5;6;2;8;5;5;2;2;0;3;6;1;2;0;2;1;0;0;0;1;0;5;1;3;6;0;0;0;0;1;2;0;0;3;0;0;1;2;5;0;16;9;9;2;8;5;3;5;2;3;0;5;6;1;10;4;1;6;6;0;7;2;3;3;0;4;1;1;5;5;4;0;0;1;4;4;3;3;2;1;1;5;2;0;10;33;1;1;2;2;1;4;3;1;3;3;2;0;0;1;10;1;4;1;1;1;0;1;2;0;3;1;2;1;2;0;0;4;1;1;3;1;1;0;3;0;1;3;0;7;5;7;2;6;2;12;2;3;3;2;5;0;1;13;4;24;1;1;3;2;5;4;3;2;1;3;9;2;8;8;4;2;2;1;6;2;3;0;1;0;1;2;3;1;4;3;1;1;1;1;4;0;1;0;2;0;0;3;0;8;1;3;2;1;0;3;3;0;1;4;1;5;4;0;3;1;2;5;6;0;7;5;12;8;7;9;8;58;4;6;5;3;63;2;4;2;17;10;0;4;4;11;7;3;5;8;5;2;3;513;20;74;72;50;13;16;47;29;18;94;188;32;64;;55;26;120;17;11;12;6;;
16069000;4;1;1;0;1;0;1;0;1;1;1;0;0;0;0;7;2;4;0;1;1;0;4;3;0;6;2;0;1;0;3;3;0;1;1;2;1;2;0;2;4;1;0;0;0;1;1;0;0;0;1;4;0;0;0;2;0;0;1;2;0;1;0;2;5;3;4;0;0;0;0;0;6;2;3;4;0;3;3;9;1;5;0;2;0;0;0;2;3;0;5;2;0;0;3;1;2;4;0;3;3;2;1;0;2;1;2;2;2;2;0;2;0;5;0;0;0;4;1;1;1;1;1;1;2;1;0;2;1;1;2;1;1;3;1;1;1;1;3;1;0;1;0;0;3;0;0;0;3;5;1;0;0;1;0;1;0;0;1;1;0;1;1;0;0;0;0;0;1;0;0;0;0;0;0;0;3;0;6;2;1;1;5;0;3;0;0;1;2;1;2;0;2;1;1;0;2;0;1;1;1;0;0;5;2;0;0;0;5;0;0;0;0;2;2;0;1;0;5;1;0;0;0;11;1;0;0;1;1;1;0;1;1;0;1;1;1;1;2;0;1;1;0;1;0;0;0;0;0;0;0;1;0;1;0;0;0;0;0;1;1;0;0;0;0;0;0;3;3;0;0;1;3;3;1;0;1;0;0;0;0;0;2;5;0;2;1;1;0;1;0;0;0;0;3;0;1;0;1;0;0;0;2;0;1;1;1;0;0;0;2;2;1;1;0;2;0;0;1;0;0;1;0;0;3;3;0;3;1;1;2;0;2;4;0;1;0;7;1;1;1;4;0;2;2;3;6;4;3;1;8;8;5;4;10;24;1;4;1;5;63;2;2;1;10;7;1;7;0;79;4;0;8;9;2;1;1;271;29;166;9;554;3;6;31;24;18;14;33;73;8;65;;6;45;73;19;10;3;;
16070000;0;0;0;0;2;0;0;2;0;0;1;0;0;0;0;12;2;0;1;0;3;0;2;0;1;1;4;1;1;2;0;2;0;2;1;0;0;2;0;1;1;0;0;0;0;0;0;1;2;0;0;0;4;1;0;2;0;1;1;1;1;9;0;0;0;3;1;1;0;1;0;0;2;0;1;1;0;3;2;7;1;1;2;0;1;0;2;1;0;0;2;1;3;1;2;0;0;2;1;0;0;0;3;1;7;7;5;0;0;1;1;2;0;2;0;0;1;8;0;4;1;2;1;0;2;1;0;2;2;1;1;1;0;2;0;0;3;2;0;0;2;5;0;0;1;5;0;1;0;0;0;0;0;0;0;0;0;0;0;1;0;4;0;0;1;0;0;1;0;0;0;1;0;0;0;0;4;0;5;1;1;0;3;4;5;1;0;1;7;0;1;0;2;0;1;1;1;1;4;1;1;0;1;0;0;0;2;2;2;2;1;0;1;0;1;0;0;5;2;1;1;2;0;12;0;0;1;0;0;1;0;0;2;0;2;0;1;1;1;0;2;1;3;1;1;1;0;0;0;3;0;1;1;1;2;0;0;0;1;1;1;0;3;2;1;4;1;11;5;62;1;7;2;232;2;7;97;13;28;0;0;5;2;15;0;1;4;1;4;2;1;1;1;1;8;2;4;4;6;3;0;1;2;3;1;0;0;0;0;2;0;1;1;1;1;2;1;0;0;0;0;0;0;0;2;2;0;2;3;0;2;0;1;0;0;1;0;0;0;0;1;1;3;1;6;0;7;0;3;0;3;0;2;6;6;10;4;3;1;0;22;3;0;0;6;0;0;2;0;5;3;1;2;1;0;1;0;37;10;18;21;5;1;0;9;6;3;27;10;0;69;32;3;;132;5;5;5;2;;
16071000;1;4;1;0;1;0;1;2;1;3;1;2;0;0;1;9;1;2;2;3;2;2;7;1;1;6;15;0;3;4;1;2;0;0;0;0;2;0;1;1;1;1;1;0;0;0;0;0;1;0;1;1;1;1;0;3;2;2;0;0;0;3;0;3;5;3;1;1;0;0;0;0;3;0;2;1;2;0;2;4;0;1;1;4;0;1;4;1;2;0;5;2;0;0;2;4;1;0;1;0;2;0;9;2;3;8;0;1;3;1;1;3;0;0;0;3;2;12;1;1;1;3;1;1;0;3;3;5;1;1;5;0;3;5;1;1;2;1;1;3;0;3;2;0;1;0;0;0;3;0;0;0;0;0;0;0;0;0;0;1;0;1;3;0;1;1;0;0;0;0;0;0;1;0;0;0;5;0;5;3;2;3;6;3;0;1;4;1;1;1;0;1;2;2;0;1;6;1;7;1;1;0;2;0;3;0;2;0;2;0;5;6;0;1;1;1;0;0;1;1;1;1;0;18;0;1;2;2;0;1;0;2;4;2;1;2;2;2;5;1;1;4;1;0;1;1;0;0;1;6;1;0;0;0;0;3;2;0;0;0;3;2;0;2;1;2;0;1;7;4;3;4;1;11;4;9;38;2;3;1;0;3;3;13;0;1;3;2;0;2;0;0;1;1;2;3;3;2;2;1;0;1;2;5;2;0;0;0;0;2;0;0;0;2;3;2;0;1;5;0;0;0;2;0;1;2;1;3;3;4;0;0;1;3;1;3;0;3;1;1;0;0;1;0;3;4;7;2;4;2;14;8;5;12;15;37;5;3;4;5;68;5;3;1;16;6;2;2;4;10;2;1;1;3;4;1;3;168;30;100;14;39;3;15;15;9;11;19;23;9;15;133;41;111;;60;193;33;8;;
16072000;1;2;0;0;1;4;0;3;2;0;0;0;0;1;0;11;2;0;1;1;2;1;0;0;0;8;5;2;1;1;0;0;0;1;1;2;0;0;2;1;0;0;0;1;0;0;1;0;1;0;0;0;3;1;1;1;0;0;0;1;0;0;1;2;1;3;0;0;1;0;0;2;0;1;0;0;1;3;1;5;0;3;0;1;2;1;1;1;1;0;1;0;0;0;2;0;1;2;0;2;0;2;1;3;1;0;1;2;0;1;2;2;0;0;1;2;1;5;1;2;3;0;1;1;4;0;0;0;3;2;2;4;4;1;0;4;1;0;3;1;2;0;1;0;0;0;0;0;1;0;1;0;0;2;1;0;0;1;0;0;0;0;1;0;1;1;1;0;2;1;0;1;0;0;0;1;0;0;3;3;1;1;1;0;1;2;2;0;0;0;3;0;2;0;1;1;2;1;1;0;0;1;0;2;0;0;6;0;2;4;0;1;1;0;0;3;0;1;0;1;0;0;0;10;0;0;1;4;0;0;1;0;0;3;4;1;0;2;4;1;2;2;0;1;0;0;1;0;1;0;1;1;1;0;0;1;0;0;0;1;0;2;0;0;2;0;0;1;1;3;2;3;1;1;0;4;3;2;4;3;2;5;1;7;0;0;3;2;0;0;0;0;0;0;4;0;0;3;2;0;1;1;1;2;0;1;2;0;0;1;0;0;0;0;1;0;1;0;3;0;0;1;0;0;4;0;0;3;0;3;1;2;5;0;1;3;1;2;2;2;2;0;5;1;7;7;7;3;8;3;10;5;10;15;16;26;4;0;4;6;94;8;8;0;22;6;2;1;1;87;7;0;10;10;6;7;2;54;170;570;6;41;2;6;13;7;9;11;14;11;6;19;95;13;66;;97;119;21;;
16073000;0;1;3;0;0;0;1;2;2;0;4;0;1;0;3;6;3;0;1;0;0;0;0;0;1;4;4;5;6;1;0;0;0;0;2;0;1;0;1;0;5;3;0;2;1;0;1;0;1;2;3;2;2;0;0;0;1;1;1;0;1;4;2;5;3;6;2;3;5;0;0;0;6;0;0;0;0;1;2;5;0;3;3;0;3;1;0;4;0;0;2;1;0;3;2;0;1;0;2;0;1;0;0;2;2;3;0;5;5;1;1;2;0;0;0;1;0;6;0;0;1;1;1;0;2;2;1;2;1;0;1;3;0;1;0;0;4;1;2;6;0;0;0;0;0;1;0;1;0;1;2;1;1;0;1;1;0;0;0;1;0;1;1;0;0;0;0;0;0;0;0;0;1;2;0;1;3;0;2;0;1;0;1;1;2;2;0;1;1;1;3;0;2;1;1;0;2;1;2;1;1;1;0;0;1;0;1;2;1;0;3;0;4;0;0;0;0;2;1;0;1;0;0;17;1;0;0;1;1;1;0;2;4;2;0;0;1;1;3;4;0;2;1;2;1;1;1;0;1;0;0;0;1;0;0;0;2;0;5;0;0;0;1;1;2;0;2;3;7;4;31;1;4;1;2;75;10;8;1;6;1;4;1;19;2;3;1;1;2;0;1;0;1;2;3;1;0;1;1;0;1;2;0;2;5;0;1;0;0;3;2;3;1;2;0;1;1;1;1;0;0;3;3;0;0;1;0;1;3;2;1;2;2;2;2;1;0;3;0;1;3;0;2;0;0;2;4;1;2;4;15;7;7;114;19;29;4;5;6;5;73;14;4;1;11;6;2;0;1;12;3;2;4;2;3;1;1;66;106;91;3;15;3;6;8;10;2;10;9;6;7;10;15;9;184;70;;140;6;;
16074000;1;3;3;1;5;0;2;0;0;0;0;2;1;1;0;12;2;0;1;0;2;1;0;0;0;4;5;1;0;3;1;0;0;0;0;0;1;0;0;0;1;0;0;0;0;0;0;0;0;0;2;0;1;0;1;5;1;2;1;0;0;2;3;4;1;1;1;2;0;2;0;2;3;1;0;1;0;1;0;2;0;1;0;1;1;0;0;1;1;0;0;1;2;0;4;0;0;0;0;0;0;5;1;0;0;2;0;1;1;5;0;1;1;0;0;2;1;5;0;3;1;1;3;1;2;3;0;3;1;4;3;1;1;2;0;3;1;2;0;1;0;1;1;0;0;2;0;0;2;0;1;1;0;0;2;0;0;0;0;1;0;0;1;1;0;0;4;0;1;0;0;1;0;0;0;0;0;0;3;3;2;1;1;0;1;1;1;2;1;0;3;3;0;2;0;0;2;1;2;1;0;1;3;0;0;2;0;2;3;0;4;3;0;2;2;1;0;1;0;2;0;3;2;15;0;0;2;1;2;0;4;1;3;4;2;0;1;0;5;1;0;1;1;2;1;0;2;0;0;1;0;2;0;1;5;2;1;0;0;0;0;0;0;0;3;2;1;2;5;1;8;4;2;0;5;5;3;4;0;4;0;2;1;6;1;1;2;1;2;1;3;0;0;0;2;3;0;0;0;0;0;0;0;1;1;0;1;0;0;3;1;0;3;0;0;0;1;0;2;0;0;0;0;0;1;0;0;4;2;0;2;3;5;3;1;1;0;2;0;2;3;2;4;1;4;1;5;3;6;4;22;30;16;232;151;43;5;4;6;7;104;12;8;0;24;7;0;2;1;32;3;4;10;7;0;1;1;62;559;59;9;14;2;5;16;5;3;15;20;5;8;15;11;6;29;115;116;;53;;
16075000;0;1;1;1;1;0;1;0;1;0;0;0;1;1;1;16;0;1;2;0;1;1;1;0;3;2;3;0;0;2;4;0;1;1;1;2;0;0;1;0;2;0;0;0;0;0;1;0;2;0;4;2;3;0;0;0;0;0;0;0;0;6;1;5;1;12;3;1;0;1;0;0;5;0;1;1;1;0;0;5;0;2;2;1;0;0;0;2;3;1;2;2;1;1;1;1;0;2;1;1;0;1;4;1;4;6;1;0;1;2;1;2;0;0;4;3;1;5;4;3;15;1;0;0;4;0;1;0;2;1;7;0;1;1;0;2;2;3;0;0;0;0;0;0;0;2;1;0;1;0;0;0;0;2;0;0;0;0;0;0;0;7;2;0;0;0;0;0;0;0;0;0;1;1;0;1;2;1;7;3;3;1;0;1;2;2;0;3;0;1;0;0;1;1;1;1;1;1;1;0;3;2;2;1;1;0;1;0;2;1;2;1;0;0;1;0;3;1;0;0;1;0;0;8;0;0;0;0;3;0;1;0;4;0;0;0;0;0;3;0;0;0;0;0;0;1;0;1;0;0;1;3;1;0;0;1;0;1;0;0;0;1;1;1;1;0;2;0;3;2;1;0;0;1;1;2;0;1;1;0;0;1;2;4;0;2;0;2;1;0;1;0;1;0;2;1;0;0;0;0;0;2;0;0;2;0;0;1;0;1;1;0;3;1;1;1;2;2;3;0;0;0;0;0;1;1;0;2;0;2;1;2;1;1;3;2;1;5;0;1;1;0;5;2;4;3;5;4;3;1;40;19;37;21;237;39;2;6;6;8;195;159;15;3;22;10;0;7;2;70;4;1;2;8;3;0;6;27;86;31;8;5;3;4;6;4;3;6;3;4;2;7;7;3;5;15;9;53;;;
16076000;;;;;;;;;;;;;;;;;;;;;;;;;;;;;;;;;;;;;;;;;;;;;;;;;;;;;;;;;;;;;;;;;;;;;;;;;;;;;;;;;;;;;;;;;;;;;;;;;;;;;;;;;;;;;;;;;;;;;;;;;;;;;;;;;;;;;;;;;;;;;;;;;;;;;;;;;;;;;;;;;;;;;;;;;;;;;;;;;;;;;;;;;;;;;;;;;;;;;;;;;;;;;;;;;;;;;;;;;;;;;;;;;;;;;;;;;;;;;;;;;;;;;;;;;;;;;;;;;;;;;;;;;;;;;;;;;;;;;;;;;;;;;;;;;;;;;;;;;;;;;;;;;;;;;;;;;;;;;;;;;;;;;;;;;;;;;;;;;;;;;;;;;;;;;;;;;;;;;;;;;;;;;;;;;;;;;;;;;;;;;;;;;;;;;;;;;;;;;;;;;
16077000;;;;;;;;;;;;;;;;;;;;;;;;;;;;;;;;;;;;;;;;;;;;;;;;;;;;;;;;;;;;;;;;;;;;;;;;;;;;;;;;;;;;;;;;;;;;;;;;;;;;;;;;;;;;;;;;;;;;;;;;;;;;;;;;;;;;;;;;;;;;;;;;;;;;;;;;;;;;;;;;;;;;;;;;;;;;;;;;;;;;;;;;;;;;;;;;;;;;;;;;;;;;;;;;;;;;;;;;;;;;;;;;;;;;;;;;;;;;;;;;;;;;;;;;;;;;;;;;;;;;;;;;;;;;;;;;;;;;;;;;;;;;;;;;;;;;;;;;;;;;;;;;;;;;;;;;;;;;;;;;;;;;;;;;;;;;;;;;;;;;;;;;;;;;;;;;;;;;;;;;;;;;;;;;;;;;;;;;;;;;;;;;;;;;;;;;;;;;;;;;;
