metadatakeys;type;timeunit;time;ÔªøMetadaten(Kategorien);Inhalt;Bezugsraum;Zeitraum;Zeitraumbezogen;Geschlecht;;;;;;;;;;;;;;;;;;;;;;;;;;;;;;;;;;;;;;;;;;;;;;;;;;;;;;;;;;;;;;;;;;;;;;;;;;;;;;;;;;;;;;;;;;;;;;;;;;;;;;;;;;;;;;;;;;;;;;;;;;;;;;;;;;;;;;;;;;;;;;;;;;;;;;;;;;;;;;;;;;;;;;;;;;;;;;;;;;;;;;;;;;;;;;;;;;;;;;;;;;;;;;;;;;;;;;;;;;;;;;;;;;;;;;;;;;;;;;;;;;;;;;;;;;;;;;;;;;;;;;;;;;;;;;;;;;;;;;;;;;;;;;;;;;;;;;;;;;;;;;;;;;;;;;;;;;;;;;;;;;;;;;;;;;;;;;;;;;;;;;;;;;;;;;;;;;;;;;;;;;;;;;;;;;;;;;;;;;;;;;;;;;;;;;;
metadatavalues;movement;year;2024;Metadaten(Werte);Kreiswanderung;Landkreise;Jahr;2024;insgesamt;;;;;;;;;;;;;;;;;;;;;;;;;;;;;;;;;;;;;;;;;;;;;;;;;;;;;;;;;;;;;;;;;;;;;;;;;;;;;;;;;;;;;;;;;;;;;;;;;;;;;;;;;;;;;;;;;;;;;;;;;;;;;;;;;;;;;;;;;;;;;;;;;;;;;;;;;;;;;;;;;;;;;;;;;;;;;;;;;;;;;;;;;;;;;;;;;;;;;;;;;;;;;;;;;;;;;;;;;;;;;;;;;;;;;;;;;;;;;;;;;;;;;;;;;;;;;;;;;;;;;;;;;;;;;;;;;;;;;;;;;;;;;;;;;;;;;;;;;;;;;;;;;;;;;;;;;;;;;;;;;;;;;;;;;;;;;;;;;;;;;;;;;;;;;;;;;;;;;;;;;;;;;;;;;;;;;;;;;;;;;;;;;;;;;;;
;01001000;01002000;01003000;01004000;01051000;01053000;01054000;01055000;01056000;01057000;01058000;01059000;01060000;01061000;01062000;02000000;03101000;03102000;03103000;03151000;03153000;03154000;03155000;03157000;03158000;03159000;03241000;03251000;03252000;03254000;03255000;03256000;03257000;03351000;03352000;03353000;03354000;03355000;03356000;03357000;03358000;03359000;03360000;03361000;03401000;03402000;03403000;03404000;03405000;03451000;03452000;03453000;03454000;03455000;03456000;03457000;03458000;03459000;03460000;03461000;03462000;04011000;04012000;05111000;05112000;05113000;05114000;05116000;05117000;05119000;05120000;05122000;05124000;05154000;05158000;05162000;05166000;05170000;05314000;05315000;05316000;05334000;05358000;05362000;05366000;05370000;05374000;05378000;05382000;05512000;05513000;05515000;05554000;05558000;05562000;05566000;05570000;05711000;05754000;05758000;05762000;05766000;05770000;05774000;05911000;05913000;05914000;05915000;05916000;05954000;05958000;05962000;05966000;05970000;05974000;05978000;06411000;06412000;06413000;06414000;06431000;06432000;06433000;06434000;06435000;06436000;06437000;06438000;06439000;06440000;06531000;06532000;06533000;06534000;06535000;06611000;06631000;06632000;06633000;06634000;06635000;06636000;07111000;07131000;07132000;07133000;07134000;07135000;07137000;07138000;07140000;07141000;07143000;07211000;07231000;07232000;07233000;07235000;07311000;07312000;07313000;07314000;07315000;07316000;07317000;07318000;07319000;07320000;07331000;07332000;07333000;07334000;07335000;07336000;07337000;07338000;07339000;07340000;08111000;08115000;08116000;08117000;08118000;08119000;08121000;08125000;08126000;08127000;08128000;08135000;08136000;08211000;08212000;08215000;08216000;08221000;08222000;08225000;08226000;08231000;08235000;08236000;08237000;08311000;08315000;08316000;08317000;08325000;08326000;08327000;08335000;08336000;08337000;08415000;08416000;08417000;08421000;08425000;08426000;08435000;08436000;08437000;09161000;09162000;09163000;09171000;09172000;09173000;09174000;09175000;09176000;09177000;09178000;09179000;09180000;09181000;09182000;09183000;09184000;09185000;09186000;09187000;09188000;09189000;09190000;09261000;09262000;09263000;09271000;09272000;09273000;09274000;09275000;09276000;09277000;09278000;09279000;09361000;09362000;09363000;09371000;09372000;09373000;09374000;09375000;09376000;09377000;09461000;09462000;09463000;09464000;09471000;09472000;09473000;09474000;09475000;09476000;09477000;09478000;09479000;09561000;09562000;09563000;09564000;09565000;09571000;09572000;09573000;09574000;09575000;09576000;09577000;09661000;09662000;09663000;09671000;09672000;09673000;09674000;09675000;09676000;09677000;09678000;09679000;09761000;09762000;09763000;09764000;09771000;09772000;09773000;09774000;09775000;09776000;09777000;09778000;09779000;09780000;10041000;10042000;10043000;10044000;10045000;10046000;11000000;12051000;12052000;12053000;12054000;12060000;12061000;12062000;12063000;12064000;12065000;12066000;12067000;12068000;12069000;12070000;12071000;12072000;12073000;13003000;13004000;13071000;13072000;13073000;13074000;13075000;13076000;14511000;14521000;14522000;14523000;14524000;14612000;14625000;14626000;14627000;14628000;14713000;14729000;14730000;15001000;15002000;15003000;15081000;15082000;15083000;15084000;15085000;15086000;15087000;15088000;15089000;15090000;15091000;16051000;16052000;16053000;16054000;16055000;16061000;16062000;16063000;16064000;16065000;16066000;16067000;16068000;16069000;16070000;16071000;16072000;16073000;16074000;16075000;16076000;16077000
01001000;0;28;39;0;0;5;0;0;0;0;0;342;0;0;17;138;0;0;10;0;0;4;2;2;0;0;5;4;2;3;0;0;4;4;1;2;0;0;2;0;0;0;2;2;0;0;7;3;4;3;0;3;8;0;0;4;3;9;0;0;0;18;4;7;9;0;0;0;1;0;0;0;4;0;0;0;0;0;0;0;1;0;8;2;2;3;3;2;2;0;0;0;0;0;5;0;2;0;0;2;1;4;0;2;0;0;1;1;5;11;0;0;0;0;5;0;0;5;0;3;0;0;0;0;3;0;0;0;0;0;1;0;0;0;0;0;3;0;2;1;5;0;0;1;0;1;0;2;0;2;0;0;0;1;0;1;0;1;2;0;0;0;0;1;0;0;0;0;0;0;0;0;1;0;2;0;0;0;1;0;2;0;0;0;2;3;0;2;0;3;0;0;0;1;2;0;1;0;0;3;2;8;0;3;0;1;1;0;0;2;0;0;1;0;0;3;1;1;0;0;2;3;2;0;0;1;0;1;0;0;0;0;0;1;0;4;0;2;2;0;1;0;0;0;0;4;0;6;0;0;2;3;1;0;0;0;0;0;1;0;0;0;5;1;0;0;0;0;0;0;0;0;0;0;5;2;0;1;0;0;0;0;0;0;0;3;0;0;0;1;0;0;1;0;0;0;0;0;3;6;0;2;0;0;4;1;1;0;3;2;0;0;0;2;0;3;0;0;0;1;0;0;0;1;0;4;0;0;2;2;0;0;2;0;0;0;0;0;10;1;0;0;2;0;3;0;0;4;11;0;1;1;2;3;0;4;3;0;6;1;0;0;0;0;0;0;2;4;1;0;0;0;0;1;0;0;1;0;0;0;0;0;0;0;0;0;0;0;0;0;0;0;0;0;0;0;0;0;0;0
01002000;0;0;1;0;0;0;0;0;24;234;485;0;0;0;27;346;0;4;0;4;0;0;0;3;0;0;3;0;0;0;0;0;1;0;0;0;0;0;0;0;0;0;0;0;0;0;0;0;0;2;0;1;0;2;0;0;0;1;3;0;0;8;5;0;0;0;0;5;5;6;0;0;0;0;6;0;0;8;5;27;0;3;2;1;0;0;4;0;0;0;5;0;0;0;0;0;0;5;1;0;0;0;0;0;0;0;0;4;3;0;0;0;0;6;0;0;0;38;7;0;0;0;0;0;2;0;0;0;0;5;1;11;0;0;1;7;0;0;0;0;0;2;0;1;0;0;0;0;0;0;1;0;3;0;0;0;0;0;0;4;0;0;0;0;1;0;0;7;0;6;0;2;0;1;0;0;7;0;0;4;0;1;0;0;0;0;2;0;0;0;3;4;0;4;1;6;0;0;3;0;0;0;3;6;4;0;0;0;0;0;2;10;4;2;0;4;6;0;3;0;0;0;6;31;0;0;0;2;0;4;0;4;5;0;0;5;0;0;0;0;0;3;0;1;0;0;0;0;4;0;1;1;0;0;1;1;2;1;0;0;0;0;1;0;0;0;0;0;0;3;0;0;0;0;0;1;0;0;0;1;0;0;1;0;2;0;0;0;5;0;2;0;3;0;0;0;0;1;0;0;0;2;0;3;10;0;1;0;5;2;0;0;1;0;4;0;4;0;0;0;0;0;0;0;0;0;0;0;0;0;0;9;0;0;3;0;7;0;5;1;1;0;2;0;7;5;0;5;0;0;0;6;0;3;1;0;0;0;0;7;7;0;3;0;0;0;7;0;0;6;0;9;0;0;3;0;4;0;0;0;0;0;0;0;0;4;0;0;1;0;0;0;0;0;1;0;0;1;6;0
01003000;0;0;0;0;0;22;0;164;0;11;0;5;0;0;0;0;10;6;0;0;0;3;4;0;0;0;0;0;8;0;0;2;0;0;0;0;0;0;0;0;7;0;0;0;1;0;1;0;0;0;0;0;0;3;2;0;0;0;0;3;3;13;1;1;9;12;1;0;0;0;0;5;0;4;0;0;0;0;1;0;5;0;2;0;0;4;0;0;0;0;0;0;0;4;0;2;0;5;0;0;0;0;0;0;0;1;4;0;5;0;0;1;0;1;0;0;0;15;0;0;0;0;0;0;0;4;0;0;0;0;0;0;0;0;0;0;1;0;0;0;0;0;2;1;0;0;0;0;0;1;0;0;0;0;0;0;0;0;0;1;0;0;0;0;1;0;0;1;0;0;0;2;1;0;0;0;0;0;1;0;0;1;0;1;0;3;0;2;3;0;6;0;0;4;0;0;0;1;0;3;0;4;0;0;0;0;4;1;0;0;2;3;7;0;0;1;3;0;0;3;0;0;4;26;0;0;6;0;1;4;1;0;0;1;3;0;3;0;0;0;4;0;0;0;0;1;2;0;0;2;4;0;0;0;0;2;3;2;0;1;5;0;2;0;1;0;1;0;0;0;0;2;0;0;0;0;0;0;1;0;0;1;1;0;0;1;0;0;0;0;0;0;1;0;10;0;0;6;2;0;0;3;0;0;2;1;2;0;5;4;0;0;0;0;0;7;0;0;0;0;0;0;3;1;0;0;0;0;0;2;0;0;2;2;0;0;1;3;0;3;0;0;0;0;0;1;2;0;7;0;0;1;0;3;0;3;0;0;6;3;0;0;1;1;3;5;0;0;0;0;0;0;0;0;0;0;2;0;0;0;3;0;0;0;1;4;0;0;0;2;0;0;0;0;0;0;0;0;0;0
01004000;41;461;47;0;7;19;18;0;67;25;144;60;1013;51;36;0;0;0;0;1;1;1;3;0;0;0;9;0;1;1;0;0;0;0;7;1;0;3;3;6;0;0;0;0;0;0;3;0;0;0;0;0;0;0;0;0;0;0;0;0;2;0;0;0;0;0;0;0;0;0;0;0;0;0;6;3;0;0;2;0;0;3;1;1;1;0;0;0;0;0;0;3;2;0;4;1;4;0;2;3;4;0;0;4;0;5;6;0;3;1;0;0;0;0;3;8;0;1;0;0;0;0;0;0;0;0;1;0;2;0;1;0;0;4;0;0;0;0;0;0;3;0;0;4;0;0;0;0;0;0;0;0;0;0;0;0;1;0;0;0;0;0;0;0;0;0;0;0;0;0;1;0;0;1;0;0;0;0;0;0;0;0;1;0;3;0;1;0;0;0;0;0;4;0;0;0;1;0;0;3;2;0;0;0;2;4;5;0;0;0;0;1;0;1;0;1;0;1;0;5;0;0;0;0;0;1;1;0;0;1;0;0;3;1;0;0;0;0;0;0;0;0;0;2;1;0;0;0;0;0;0;0;1;0;0;0;2;1;1;0;0;0;0;1;0;0;0;4;0;0;0;0;0;0;0;0;0;0;0;0;0;0;0;0;0;0;0;0;0;0;2;0;0;0;0;2;0;0;2;0;0;0;0;0;0;0;0;0;0;1;0;0;0;0;1;0;0;3;6;0;0;1;0;0;1;0;0;0;0;0;0;0;1;0;0;0;0;0;0;1;0;0;0;0;3;4;7;2;2;2;0;0;1;0;0;0;0;0;0;0;2;0;0;1;0;0;1;1;0;0;1;0;0;0;0;0;1;0;0;0;0;0;0;0;0;0;0;1;0;1;0;0;0;0;0;0;0;0;0;1
01051000;5;26;6;0;0;1;0;3;0;0;0;0;0;2;1;0;0;0;0;5;0;0;3;1;0;9;0;4;0;1;0;0;0;3;0;0;0;0;0;0;0;0;0;8;3;0;1;0;0;6;3;4;7;3;2;0;0;3;0;0;0;5;0;2;7;1;4;0;0;0;0;0;0;3;0;0;3;0;0;7;5;0;0;0;0;3;2;2;0;0;9;6;0;0;1;4;0;0;0;7;1;0;0;3;1;0;0;3;1;1;2;0;0;0;2;0;0;0;0;0;0;6;0;0;1;1;2;1;0;0;2;2;0;5;1;2;0;0;0;0;0;0;0;0;2;1;0;0;0;0;0;0;3;0;0;0;1;0;3;0;0;0;1;0;1;5;3;0;0;0;1;0;0;0;0;0;2;0;0;0;0;3;7;0;0;0;0;0;0;0;0;0;0;5;0;4;1;0;0;0;1;0;0;3;1;0;5;1;0;0;0;0;0;0;2;1;1;0;2;1;0;1;7;0;1;0;0;0;0;3;1;1;3;0;0;0;0;0;6;0;3;0;0;0;2;0;0;0;0;0;1;0;3;0;0;0;0;0;0;0;0;1;5;0;0;0;0;1;0;1;1;0;0;0;0;1;0;0;0;0;0;1;0;1;0;2;0;0;0;0;1;0;0;0;0;0;0;0;0;0;0;0;0;0;0;1;0;0;0;0;0;0;8;0;0;0;0;2;4;1;0;6;0;0;0;1;0;1;0;0;0;0;5;0;0;3;0;3;0;0;4;0;0;0;7;0;2;0;1;6;0;0;3;0;0;1;7;0;6;0;7;0;0;0;1;0;1;2;1;0;0;6;0;0;2;1;0;5;0;1;0;0;2;0;0;3;0;0;0;0;0;0;0;2;1;0;1;1;0;0
01053000;0;12;0;0;0;0;0;12;0;0;0;36;0;0;0;0;0;3;3;1;0;0;0;0;2;0;5;0;0;1;2;2;0;15;0;60;0;76;9;14;7;6;36;3;0;0;6;3;2;4;0;4;0;0;0;3;13;5;0;6;2;23;0;8;0;0;4;0;0;0;0;0;0;0;0;0;0;1;4;1;1;1;0;0;1;1;0;3;1;1;6;0;2;6;0;0;0;1;0;0;4;1;5;0;2;0;1;0;0;0;1;0;0;5;0;4;0;0;0;0;0;0;0;0;0;0;0;0;0;0;1;0;0;6;4;0;0;1;2;0;2;0;0;1;0;0;0;0;4;0;0;8;1;5;0;0;0;0;0;5;0;0;0;2;0;0;0;0;0;2;0;4;0;0;0;4;1;0;0;0;0;0;7;0;0;0;0;0;0;0;12;0;1;0;0;0;1;0;0;0;0;2;0;4;4;0;2;0;5;0;5;0;0;1;3;0;2;2;2;3;1;3;0;9;0;1;0;1;2;0;0;0;0;2;2;0;0;0;2;0;0;0;0;7;3;3;2;0;0;0;0;2;2;0;0;0;1;0;0;0;0;0;4;0;2;0;0;0;0;1;1;2;2;1;6;2;0;0;0;1;1;0;0;0;0;2;0;3;0;0;0;0;0;0;0;0;0;5;0;0;1;1;0;0;0;0;1;1;1;0;5;4;0;7;0;0;0;0;0;0;0;0;0;0;0;0;0;0;0;1;0;0;0;1;3;0;0;0;0;0;0;0;0;0;0;1;22;9;35;20;71;0;4;0;0;3;0;0;7;3;0;0;0;0;0;4;0;0;0;0;0;5;0;0;0;1;3;1;0;0;0;0;2;0;0;0;0;2;0;0;0;0;0;0;0;0;0;0;0;0
01054000;252;278;123;0;229;223;0;285;453;183;357;396;159;111;442;0;0;0;6;5;0;0;0;0;0;3;15;0;0;8;0;0;0;0;2;0;0;0;0;0;8;5;4;0;0;0;0;2;0;0;7;0;0;0;2;0;4;0;0;2;0;6;6;0;0;0;0;0;0;0;1;0;0;0;0;0;0;1;0;0;0;0;1;0;5;0;0;3;0;2;0;0;0;0;0;0;1;0;12;1;0;5;0;0;0;0;1;1;2;2;1;0;0;0;0;0;0;0;1;0;0;0;0;0;6;0;0;0;0;0;0;2;0;1;4;2;0;0;0;0;0;2;0;4;0;0;0;1;6;7;0;3;4;0;0;0;7;0;0;4;0;1;10;1;0;0;0;0;0;1;0;0;0;0;0;0;0;0;0;0;0;11;0;0;7;1;2;0;0;1;0;0;1;0;0;3;0;0;0;0;4;4;0;0;3;0;0;5;0;0;3;0;1;9;0;0;1;2;8;3;5;3;0;3;5;2;10;0;4;0;3;0;6;4;1;1;6;0;0;0;0;0;0;0;0;0;0;0;1;3;0;0;3;0;8;0;2;1;0;0;1;0;1;0;0;0;0;0;1;0;0;0;0;0;0;0;1;0;3;0;0;0;0;0;0;0;5;0;1;0;0;0;0;2;0;0;1;1;1;0;0;0;0;0;2;2;1;0;0;0;0;0;3;0;3;1;0;5;0;0;0;0;0;0;0;2;0;0;0;0;0;0;0;0;0;0;0;0;0;0;0;1;7;0;0;4;0;0;1;1;9;0;6;1;0;2;0;0;0;0;1;2;0;0;0;0;0;3;0;0;0;8;0;3;0;0;1;0;1;0;0;1;0;2;0;0;0;0;0;1;0;2;0;1;1;0;0;0;2;0
01055000;10;43;0;16;0;0;0;0;0;0;0;0;0;0;0;0;0;0;4;6;2;0;0;3;0;0;3;0;5;0;0;0;0;0;0;0;2;0;0;0;0;0;13;5;3;3;6;1;0;1;0;8;6;4;0;0;0;0;0;0;3;0;2;0;0;0;0;3;0;2;0;0;0;0;0;0;0;0;0;0;0;1;0;0;0;0;0;0;0;0;6;1;0;0;0;0;0;0;0;0;3;8;0;3;0;0;0;0;1;0;0;0;0;0;0;0;0;0;5;0;0;0;0;0;0;0;0;0;0;0;3;0;0;9;0;0;0;1;0;0;0;0;0;0;9;0;0;0;0;0;0;0;3;1;0;4;0;0;1;3;0;0;1;0;0;0;0;1;0;0;0;0;0;0;0;0;0;0;0;1;3;0;0;2;0;0;1;1;5;3;0;0;0;5;1;0;0;1;0;0;3;0;4;3;0;0;0;0;6;0;0;6;4;2;0;0;1;0;3;0;7;5;3;0;4;1;0;0;1;2;2;2;1;0;3;2;4;1;0;0;0;5;1;0;0;3;2;1;1;0;0;0;0;0;0;0;0;0;0;0;0;0;0;0;1;0;2;1;0;1;0;0;0;0;0;0;0;0;0;4;0;0;1;0;0;2;1;0;0;2;0;0;1;1;2;0;3;3;1;1;4;0;0;2;0;1;1;2;0;0;0;0;0;1;3;3;2;1;0;2;0;1;0;1;0;0;0;0;4;5;0;0;0;4;0;1;0;0;0;2;2;1;0;8;0;6;0;2;9;0;0;0;2;3;0;0;0;1;7;0;6;0;0;0;1;0;5;0;0;2;0;1;0;0;0;0;6;4;0;2;0;0;0;0;0;0;0;0;0;0;0;0;0;0;0;0;0;0;0;3
01056000;14;0;15;0;56;26;0;43;0;8;0;18;0;296;0;0;0;1;0;0;7;0;0;0;0;0;0;0;7;2;1;0;0;12;0;44;15;28;0;27;8;6;7;1;0;0;0;0;0;0;0;0;0;4;0;5;0;0;3;0;5;0;0;0;2;0;0;0;1;2;0;11;6;0;4;3;0;0;0;11;0;0;1;0;1;0;0;0;0;0;5;7;0;0;2;3;1;0;0;2;1;3;0;0;6;0;2;7;7;1;4;12;0;0;0;1;1;0;0;0;0;0;4;5;0;3;3;0;0;1;0;4;0;4;0;0;0;0;4;0;0;0;0;4;3;2;4;0;0;3;1;1;1;2;0;0;0;3;2;1;1;2;0;0;0;0;2;0;0;0;0;0;2;0;0;0;0;0;2;0;0;1;0;0;1;1;5;1;0;2;5;1;0;3;7;2;4;0;0;1;4;4;1;0;0;2;0;0;0;0;8;0;0;1;0;0;4;1;1;0;3;1;5;3;1;3;0;1;4;0;0;0;0;0;0;2;2;0;0;0;1;9;3;0;0;0;0;0;0;0;0;0;2;0;0;0;4;0;0;1;0;0;0;0;0;0;0;1;1;0;0;0;0;0;0;3;0;0;0;1;0;0;0;0;0;4;6;0;0;0;0;0;0;0;2;0;0;0;0;2;1;2;0;0;0;2;0;0;0;0;0;0;3;0;0;2;0;7;0;0;0;0;0;0;0;2;0;0;8;4;0;1;8;0;0;1;0;0;0;0;0;2;0;4;16;0;6;8;15;0;4;0;4;0;0;0;0;2;1;1;0;0;5;0;0;0;4;4;0;0;0;3;0;1;0;3;0;2;0;3;0;0;0;0;0;0;0;4;0;0;0;0;0;0;0;2;1;0;0;0
01057000;27;0;0;0;0;11;0;29;0;0;0;30;0;0;0;0;0;0;0;4;0;0;2;0;0;0;0;0;5;3;0;3;2;9;1;0;2;6;0;0;2;0;6;0;0;2;0;0;3;0;0;1;4;0;0;0;0;0;1;0;0;0;0;0;0;10;0;0;0;0;0;0;0;1;0;0;1;0;7;0;0;1;2;0;0;0;0;0;0;0;2;9;1;0;0;3;0;0;0;4;0;1;0;0;0;0;0;0;0;0;0;0;0;0;0;4;1;3;0;0;0;1;0;0;0;0;1;0;0;1;0;0;0;0;2;1;4;1;0;0;0;0;0;0;0;1;1;0;0;0;0;5;3;0;0;0;0;1;1;0;3;5;0;1;0;0;0;0;0;2;1;0;0;0;0;0;0;1;1;0;0;0;0;0;1;1;1;0;0;0;0;0;0;0;0;2;0;0;0;0;0;0;0;0;0;0;0;0;0;0;0;5;4;0;1;0;0;3;0;0;0;0;0;5;1;0;0;0;0;0;0;1;0;0;0;0;0;1;10;0;0;2;0;2;0;0;0;0;0;0;0;4;0;0;0;0;0;0;0;1;0;0;1;0;0;0;0;0;0;4;0;0;0;0;0;1;0;0;0;0;0;3;1;0;0;0;0;2;0;0;0;0;0;0;2;0;3;0;0;1;0;0;0;0;1;1;1;0;1;0;8;0;0;0;0;2;0;0;0;1;0;0;0;0;0;0;0;0;0;2;0;0;0;1;3;0;3;0;0;1;0;0;2;7;2;0;0;2;0;5;0;0;0;3;0;0;0;0;1;1;0;1;0;0;0;0;0;0;1;0;3;3;0;0;0;0;0;1;1;0;0;0;2;0;1;1;1;0;2;1;0;0;1;0;0;0;0;0;0;0
01058000;90;0;86;0;37;107;0;62;131;51;0;317;0;65;139;42;0;0;1;0;0;2;0;0;1;4;0;0;0;0;1;3;5;0;0;8;0;0;0;0;7;0;0;0;3;5;7;5;1;0;4;3;7;5;0;4;6;4;0;2;0;4;2;5;0;2;0;4;0;0;0;0;12;0;0;0;0;3;1;0;0;0;0;0;0;0;0;0;0;0;0;14;3;0;12;5;6;0;11;0;1;0;0;0;0;0;0;0;1;0;0;0;0;0;0;1;0;5;0;0;4;0;5;2;0;0;0;1;0;0;7;1;0;0;1;0;2;0;0;0;0;2;9;1;1;0;0;2;3;0;2;0;1;0;0;0;5;0;2;0;0;2;0;0;0;0;0;0;0;0;0;0;0;0;0;0;3;0;8;0;0;5;0;0;0;0;0;3;1;5;5;1;3;3;8;1;5;0;0;0;2;0;0;0;2;5;0;2;0;0;2;3;0;7;0;11;1;1;4;14;7;0;0;22;0;1;0;4;0;1;0;0;2;0;0;0;2;0;0;1;0;3;0;2;0;1;0;1;0;0;0;1;0;0;2;0;0;0;0;0;0;0;3;2;1;0;0;3;0;0;2;0;0;0;0;0;0;0;0;0;0;0;0;4;0;0;0;0;0;0;0;0;0;0;0;0;2;0;0;3;0;0;3;0;11;0;0;1;0;5;0;0;1;0;0;1;0;1;5;2;4;0;3;1;0;3;0;0;3;11;0;0;0;0;4;0;0;1;0;4;0;0;2;9;0;3;0;12;2;0;0;0;0;2;0;0;0;0;1;0;0;0;0;0;2;0;0;0;0;0;0;7;0;3;0;0;3;0;0;1;5;1;0;6;41;0;0;3;0;0;2;2;2;0;1;0;0;0;0;0
01059000;0;36;0;0;2;0;0;5;0;0;0;0;0;0;0;0;0;8;0;0;2;0;0;0;0;0;0;0;0;0;0;0;0;0;0;0;0;1;0;0;0;0;4;1;0;6;1;1;6;3;0;0;0;0;5;6;0;0;1;12;0;0;17;0;0;8;2;0;0;0;0;0;0;0;0;0;0;1;0;0;6;5;0;0;0;0;0;0;0;0;0;6;0;0;0;0;4;0;0;0;1;2;6;0;0;0;1;0;1;0;0;2;1;0;0;0;4;0;0;2;0;2;0;0;0;0;0;0;0;0;0;0;0;12;4;4;0;7;0;0;9;0;0;0;0;0;0;0;5;2;0;0;0;2;0;2;0;3;0;0;0;2;0;0;0;0;0;0;0;0;0;0;0;0;0;0;0;0;0;0;0;0;0;0;0;0;0;1;2;0;0;0;2;2;0;0;0;0;0;0;6;0;0;1;1;0;1;1;0;0;3;2;5;0;0;0;0;0;0;4;0;0;3;0;0;0;0;0;0;0;0;1;0;1;0;0;1;5;0;0;1;0;0;0;0;4;0;0;0;0;4;0;0;0;0;0;0;1;0;0;0;0;0;0;0;1;1;1;0;0;0;0;0;1;0;0;0;0;1;1;2;0;1;0;0;0;0;1;0;0;0;1;0;0;1;1;0;0;0;0;0;5;0;0;0;0;1;2;0;0;0;0;0;1;1;3;3;0;0;0;0;0;2;0;0;1;2;1;0;0;0;0;2;0;0;0;0;0;0;1;2;4;2;0;3;0;4;0;0;0;0;0;0;0;0;0;0;0;4;0;0;0;0;0;0;0;7;0;0;0;0;1;0;2;0;1;0;0;0;2;2;0;2;0;0;0;0;0;0;1;0;0;1;0;1;0;0;2;0;2
01060000;133;277;210;0;134;243;0;206;101;191;92;245;0;492;285;0;2;0;5;2;0;0;4;9;0;0;11;5;3;7;0;10;6;1;2;0;0;0;0;4;25;7;16;0;8;0;0;0;0;6;0;0;0;3;3;0;1;0;0;4;0;0;15;0;0;0;0;0;1;0;0;0;0;0;3;0;0;6;0;0;0;1;0;0;0;0;0;2;0;0;0;7;0;2;7;0;0;0;1;1;0;0;0;2;0;0;0;0;9;0;0;9;0;0;3;9;0;0;2;2;0;0;0;0;1;0;1;0;0;1;3;0;1;4;4;1;0;0;3;0;0;5;0;3;0;7;0;0;0;0;2;0;0;1;1;0;0;0;0;0;1;2;6;0;0;0;0;0;0;3;1;0;3;0;0;0;0;0;0;0;0;0;0;0;1;0;1;0;2;0;20;0;0;0;0;1;0;0;0;0;0;3;5;0;0;0;0;2;4;0;16;7;2;0;0;1;1;0;0;3;0;0;2;7;2;0;2;0;2;1;0;1;3;0;1;1;2;0;0;0;2;0;1;0;0;0;0;1;0;0;0;0;2;0;0;0;5;0;0;1;0;2;0;0;1;0;0;0;1;1;0;0;0;2;0;0;0;0;0;0;1;0;3;13;0;0;0;0;0;0;0;0;0;1;0;2;2;0;2;0;2;0;1;5;1;0;0;1;0;0;0;6;0;0;6;0;0;0;5;0;0;0;0;0;0;0;0;3;0;0;2;0;4;0;0;0;2;3;0;9;2;2;0;16;0;11;0;21;4;0;12;0;0;0;0;0;0;0;0;2;0;0;1;10;0;0;6;0;0;0;0;0;0;4;2;0;4;1;0;2;0;0;6;0;0;0;1;1;3;0;0;0;0;0;0;3;0;1;0;0
01061000;4;16;0;0;0;11;0;26;0;2;0;52;0;0;36;0;0;0;0;1;9;7;0;4;0;0;0;0;4;0;2;9;5;2;0;5;1;9;1;6;2;2;0;0;0;0;1;3;0;4;0;0;0;3;0;1;0;0;3;0;0;0;13;3;4;0;0;0;0;4;1;3;0;0;2;0;0;0;4;0;3;0;0;5;4;0;0;0;0;1;0;0;0;1;0;0;6;3;0;0;3;3;7;0;0;0;0;3;1;1;0;3;1;0;0;8;0;0;1;0;0;0;0;2;0;1;3;1;0;0;0;3;0;0;0;0;0;0;0;0;1;0;2;2;0;0;0;0;2;1;1;0;0;0;0;0;0;1;0;3;0;2;4;0;0;0;0;0;0;0;0;0;2;0;1;0;0;0;0;0;0;0;0;2;0;0;0;0;0;0;0;0;0;0;0;1;1;0;0;1;0;0;0;0;1;0;0;5;0;0;2;3;1;0;0;1;0;0;0;0;0;0;0;9;1;7;0;0;0;0;0;0;0;2;0;0;0;4;0;1;2;0;0;0;0;0;0;0;0;0;0;1;4;0;0;0;0;0;1;0;0;0;5;0;0;0;0;1;0;1;0;0;0;0;0;0;0;0;0;0;0;0;2;2;0;0;0;0;0;0;0;0;0;0;2;0;2;0;2;0;2;0;0;0;0;0;7;0;0;0;0;0;0;0;1;1;0;0;0;0;0;1;1;0;0;0;3;2;3;1;0;4;0;0;0;1;1;0;4;0;0;0;0;0;0;1;2;0;0;6;0;1;2;0;0;0;0;0;1;4;0;0;1;0;0;0;0;3;0;0;0;1;1;0;2;0;0;0;3;0;0;0;3;0;0;2;0;0;1;0;0;0;0;0;1;0;0;0;0;1
01062000;0;0;47;0;0;248;0;60;36;25;0;7;0;0;0;0;0;2;0;7;10;0;2;0;0;0;0;0;0;3;0;0;0;0;0;28;4;50;2;0;13;14;7;1;0;8;21;3;0;2;0;0;7;0;9;19;0;3;4;0;1;10;0;0;1;0;0;2;6;3;0;0;2;0;2;0;0;0;12;0;0;5;2;0;1;2;0;7;0;1;0;13;0;0;0;1;4;1;0;0;0;9;1;0;0;0;1;0;1;0;3;9;0;0;0;2;1;0;0;0;0;0;0;0;1;2;3;2;0;0;0;0;2;2;0;1;0;0;1;0;0;3;0;1;1;0;2;1;0;0;0;3;0;6;2;4;1;0;0;0;2;0;0;0;0;0;0;2;0;0;0;0;0;0;0;0;0;0;4;4;7;4;0;0;0;0;0;4;2;5;0;3;0;0;3;0;0;0;0;0;0;3;1;0;1;0;0;0;0;0;4;0;1;0;6;2;6;0;2;0;1;0;0;20;0;0;0;0;0;0;2;1;0;0;0;5;0;1;0;3;3;0;0;4;1;0;0;0;0;0;0;2;0;0;0;4;0;1;0;0;0;1;0;0;0;0;0;2;0;0;3;0;0;1;0;0;0;0;0;0;0;2;2;5;0;0;0;0;1;0;1;0;0;1;0;0;1;2;0;2;0;3;0;0;0;0;1;0;7;0;4;0;5;0;8;0;0;3;3;0;0;0;1;3;0;0;0;0;0;1;0;0;6;0;4;0;0;0;6;0;0;0;0;3;8;7;17;11;32;1;5;0;4;3;0;0;0;2;2;0;3;0;1;2;0;1;0;6;0;0;2;2;2;0;0;0;0;0;0;0;0;0;0;4;2;6;3;4;0;0;0;0;0;1;0;0;0;4;0;0
02000000;0;0;28;16;20;893;14;187;1242;80;0;35;1369;238;1425;0;0;0;0;0;0;4;0;0;0;0;0;0;22;0;0;0;0;0;0;1585;44;136;0;81;24;489;63;0;4;0;0;0;2;7;0;0;0;0;0;0;0;6;0;0;0;0;0;0;0;0;0;0;0;19;0;0;0;0;0;0;0;0;0;0;4;0;0;0;10;0;0;0;0;0;13;0;0;0;0;0;0;0;0;0;0;0;0;0;0;0;0;13;0;0;0;4;11;0;0;0;0;0;0;0;0;0;4;0;0;0;0;11;0;2;0;0;0;0;0;0;0;0;2;4;7;0;0;1;0;0;0;0;0;0;3;24;0;0;0;0;0;0;0;0;2;0;0;0;0;0;0;0;4;0;0;0;0;0;0;0;0;0;0;0;0;0;0;0;0;0;4;0;2;0;0;0;0;0;0;0;0;0;0;0;0;0;0;0;23;2;0;0;0;0;5;42;0;0;0;3;0;0;13;0;0;0;0;104;2;0;2;0;5;0;0;4;15;13;9;5;13;0;46;0;0;23;0;12;8;8;0;0;3;2;0;0;0;0;0;0;4;0;0;0;0;3;3;0;0;0;0;0;0;0;1;0;3;0;0;0;3;0;0;6;0;0;0;0;0;0;0;6;0;0;0;0;0;0;0;12;0;0;1;0;0;0;2;0;12;0;0;0;0;9;3;0;0;1;4;8;0;15;0;0;0;0;0;7;280;2;0;0;0;2;0;0;0;4;9;1;3;0;0;7;0;0;2;0;0;12;6;0;26;0;111;0;0;0;0;0;0;0;8;6;0;27;0;0;0;0;0;1;0;0;0;0;0;0;0;6;24;0;0;0;0;3;0;0;0;0;3;0;0;0;0;2;0;0;0;3;0;0;0;0
03101000;11;4;0;1;4;4;3;9;8;6;7;0;0;9;9;130;0;0;0;105;0;11;19;105;206;99;194;16;14;0;0;4;0;704;13;76;22;46;4;19;0;9;1644;4;0;0;0;0;0;16;4;4;16;15;5;23;0;0;0;19;7;40;0;15;0;0;7;4;0;1;0;7;0;2;2;1;0;9;34;0;7;0;0;9;0;0;0;1;0;2;0;0;0;7;0;1;3;2;2;7;0;0;0;0;0;0;0;2;5;0;3;0;0;0;0;9;12;27;1;13;5;0;3;4;0;4;0;0;1;3;0;0;3;0;1;0;0;0;0;0;0;1;0;0;2;0;0;2;4;0;0;1;0;0;2;1;3;4;0;0;0;4;10;0;0;0;0;0;2;4;1;0;0;0;0;0;0;1;1;0;3;0;1;0;0;4;4;5;1;1;0;2;5;0;1;0;5;0;0;3;0;4;2;10;7;0;0;0;2;0;6;5;4;0;0;1;3;4;1;3;3;1;5;63;2;0;3;0;0;6;3;2;1;2;0;1;0;2;14;2;1;3;0;0;0;0;7;0;0;0;7;0;0;0;0;0;0;1;0;0;0;0;3;0;1;0;0;0;0;0;0;0;2;4;2;0;1;0;0;2;0;0;0;4;0;0;0;0;1;0;0;1;0;4;11;0;0;0;0;0;0;0;0;2;1;1;1;0;0;0;2;0;1;1;0;0;0;0;0;0;0;0;5;0;67;0;4;2;12;11;0;0;4;0;0;0;0;0;0;4;0;0;0;0;3;0;1;0;7;0;0;0;0;7;0;0;0;0;0;0;0;29;0;0;0;0;0;0;6;0;0;0;0;0;2;0;14;3;0;1;0;0;2;2;0;0;0;0;0;0;0;0;0;0;1;1;1;0;0;0
03102000;1;0;0;2;0;0;4;2;0;2;1;0;1;0;0;29;150;0;15;25;57;12;0;144;99;0;21;2;5;36;2;0;1;0;1;0;0;17;0;1;0;0;0;5;2;0;0;5;6;3;13;0;2;2;2;0;0;0;7;0;0;1;0;2;0;0;3;7;0;10;1;0;0;1;1;0;0;0;0;0;0;0;2;0;0;0;0;2;10;0;4;0;0;0;0;1;0;0;2;0;2;0;6;6;0;0;2;0;1;0;1;0;1;0;2;0;1;1;0;1;1;4;0;0;1;0;2;2;2;0;0;7;1;3;0;0;0;0;10;0;3;0;0;0;0;0;0;0;0;0;0;0;0;0;2;0;0;0;0;1;0;0;2;0;0;0;0;0;1;0;0;0;3;0;1;0;0;0;0;0;2;0;0;16;0;0;0;0;1;2;0;0;0;0;2;0;2;0;0;3;0;0;0;1;3;0;5;0;0;0;0;0;0;0;0;3;0;5;0;3;6;0;2;0;0;2;0;0;4;0;1;0;1;0;0;0;0;0;0;0;0;0;0;0;0;1;5;0;1;0;0;0;0;1;1;0;0;0;0;0;0;0;3;0;0;0;0;1;0;0;0;1;0;0;0;0;1;1;1;0;0;2;0;8;0;0;3;1;1;0;0;0;0;0;0;0;0;0;2;0;0;1;0;0;0;0;0;0;1;0;0;0;0;0;1;2;1;5;0;0;0;0;0;0;0;0;0;0;0;3;0;0;0;0;0;0;0;0;0;0;0;2;1;1;0;0;0;0;2;0;0;0;0;0;0;0;6;0;2;0;0;9;0;0;0;0;5;0;0;8;0;10;0;0;0;0;2;0;0;1;0;0;0;0;0;6;0;0;0;0;0;0;0;0;0;0;0;0;0;2
03103000;0;6;2;1;9;0;0;0;6;1;0;1;0;1;4;9;10;0;0;7;0;19;0;0;0;0;0;0;8;0;0;0;0;0;0;0;0;7;0;0;7;0;0;0;3;0;0;0;0;0;0;0;0;0;0;0;0;0;0;0;6;0;0;0;0;10;1;5;0;0;0;0;0;0;2;0;0;1;0;11;0;7;1;6;0;0;0;0;1;0;6;5;0;0;2;1;0;3;0;0;0;3;3;0;0;6;3;4;10;2;0;0;1;0;2;2;2;18;1;1;5;2;0;3;3;4;0;3;3;0;0;4;0;0;0;4;0;0;3;3;0;1;2;0;0;0;0;1;1;2;0;1;0;1;0;0;0;0;2;0;0;0;2;0;1;0;1;0;2;0;0;0;0;0;0;0;0;1;7;8;5;0;3;0;0;7;0;0;0;5;0;1;11;0;4;1;0;1;0;0;0;1;0;2;3;0;0;0;1;0;0;1;0;0;0;0;0;2;0;1;0;0;14;28;1;0;0;0;0;2;0;0;0;1;0;0;0;0;0;1;4;0;4;1;0;1;1;0;0;0;1;0;2;0;0;0;0;2;0;0;1;0;3;0;0;0;0;1;0;0;2;4;0;1;1;0;0;1;1;0;1;0;1;0;0;0;1;0;1;1;3;0;0;0;2;4;0;0;0;0;0;0;0;0;1;1;1;0;1;3;0;0;0;2;0;0;0;0;1;0;0;2;0;0;0;4;0;0;5;0;1;0;0;1;1;0;0;0;0;0;0;0;0;3;2;0;0;4;3;0;0;0;4;0;1;0;0;3;0;0;3;10;0;2;0;3;14;3;0;0;1;0;0;0;4;0;0;0;0;0;0;0;0;2;2;1;0;3;0;0;0;0;0;0;0;0;0;0;0;2
03151000;0;0;0;0;0;0;0;0;3;0;8;14;0;0;0;17;0;0;0;0;16;0;7;0;0;0;21;0;0;20;1;0;6;0;9;0;0;13;0;0;0;0;0;0;0;0;0;0;4;0;0;1;2;0;1;0;0;0;1;0;1;13;2;4;0;0;0;2;0;2;2;0;0;0;0;0;2;0;8;1;0;5;1;2;0;0;0;0;0;0;0;8;0;1;0;4;0;7;0;0;0;3;8;0;6;1;0;0;0;2;0;0;0;2;0;0;2;19;0;4;0;0;1;3;0;0;0;0;0;2;0;7;2;8;0;1;7;5;1;4;0;2;0;1;1;0;2;0;0;0;0;0;1;2;2;0;0;0;0;0;0;2;3;2;0;0;0;0;2;0;0;1;1;0;0;0;0;0;5;0;2;1;0;0;5;4;7;4;0;0;0;4;0;7;0;0;9;0;0;0;0;0;0;0;2;3;0;0;7;2;4;5;0;0;2;0;3;0;0;0;2;0;8;0;0;2;0;3;4;0;1;0;0;0;0;0;3;3;3;4;1;4;0;0;0;0;0;0;0;1;1;1;1;2;2;0;0;0;0;0;0;0;0;0;0;2;0;0;1;0;0;1;0;0;0;4;1;1;0;0;1;1;0;1;1;3;0;0;0;0;0;0;0;2;3;0;0;0;0;0;0;0;1;1;6;0;2;0;0;0;0;0;2;0;6;0;4;0;0;0;1;0;0;0;0;0;0;0;2;0;4;0;0;8;3;3;0;0;2;0;1;0;1;3;0;0;0;0;4;3;0;0;0;2;0;0;4;0;0;1;0;8;0;0;2;4;10;6;4;15;0;1;1;0;0;10;0;7;0;1;0;0;3;0;5;0;0;0;0;3;0;0;0;0;0;1;1;0;0;0
03153000;3;3;6;0;7;4;0;0;0;2;2;0;1;0;0;17;113;0;32;0;0;18;0;0;0;80;80;0;7;0;0;0;0;0;9;8;0;0;0;0;0;10;0;4;0;7;0;0;17;7;0;15;0;8;0;0;1;0;5;0;5;3;0;0;13;37;2;7;0;0;3;0;27;0;7;5;0;7;5;12;4;27;3;6;4;0;1;0;4;3;15;7;5;0;4;11;2;0;0;0;3;0;0;9;28;51;3;4;0;7;0;1;0;3;4;6;0;18;5;0;0;6;6;2;4;0;0;7;0;6;38;0;0;9;0;9;19;3;0;12;0;0;4;8;0;0;2;0;3;0;0;0;3;1;1;0;0;0;0;10;0;14;5;0;1;0;7;1;0;0;0;1;1;0;1;0;6;5;1;3;0;0;0;3;3;0;1;0;0;0;1;0;32;0;1;5;0;2;0;0;0;1;0;4;2;0;0;0;4;1;1;0;1;0;6;5;0;3;0;5;2;0;9;12;5;3;0;3;0;0;0;2;8;0;0;0;1;0;4;0;0;1;2;1;2;3;4;0;6;0;0;2;0;0;0;0;0;2;0;3;0;1;0;3;0;5;0;5;4;2;1;0;0;0;0;0;0;0;0;0;2;12;0;22;0;0;1;0;1;0;0;0;0;0;0;1;0;7;0;3;0;0;0;1;8;1;0;1;0;1;0;0;1;3;3;1;1;0;14;0;0;3;2;2;70;14;6;0;0;3;0;0;0;0;3;0;0;1;5;0;0;0;0;1;2;4;0;5;2;0;5;5;2;6;3;2;9;2;0;2;0;8;0;3;0;67;1;0;2;8;1;13;2;3;7;0;0;0;0;0;5;1;0;2;0;6;3;0;0;3;1;0;0;4;1;2;1;0;0;0
03154000;0;5;0;0;4;2;6;4;10;1;0;5;1;0;0;0;0;0;0;10;0;0;11;0;19;0;0;1;0;9;0;0;1;0;7;10;0;5;0;0;0;0;0;3;0;1;0;0;1;0;0;0;0;5;0;0;0;0;0;0;1;0;0;0;0;0;3;0;0;0;0;0;0;0;0;0;2;0;0;2;1;0;0;0;1;0;0;0;1;1;1;0;0;0;2;4;0;0;0;0;2;3;0;1;4;3;9;0;2;0;0;2;4;2;0;3;0;5;2;1;0;0;1;1;6;0;0;2;0;0;4;0;0;0;0;0;0;0;3;0;0;0;2;0;0;4;0;1;0;0;0;0;0;1;0;1;0;0;0;0;0;0;3;0;0;0;1;0;3;2;1;1;0;0;0;0;0;0;2;0;0;1;0;0;0;0;0;0;0;0;0;0;0;0;2;1;2;1;8;0;1;0;0;1;0;0;0;0;2;0;0;4;0;0;4;0;1;0;0;0;4;0;1;2;0;0;0;0;2;0;0;0;0;0;1;0;3;0;0;0;0;1;2;2;4;0;1;0;2;1;0;0;1;0;3;4;0;0;1;0;0;0;0;0;0;1;0;0;0;0;0;0;0;0;0;0;0;0;0;0;0;0;0;2;0;2;1;0;0;0;0;0;0;0;0;0;0;0;0;0;1;0;0;0;1;0;0;0;0;2;1;0;0;0;4;0;0;0;2;1;0;2;1;0;4;0;0;0;0;0;0;0;2;0;0;2;0;0;0;0;1;0;0;0;3;0;6;0;0;3;0;4;0;2;0;0;3;0;0;5;0;5;5;2;0;0;0;0;7;31;1;17;0;0;0;0;0;3;0;0;0;0;0;2;0;0;0;0;0;0;0;0;0;3;0;0;1;0;0;1
03155000;0;2;0;0;0;3;1;5;5;0;4;2;0;0;0;13;0;6;6;0;39;0;0;4;11;0;0;0;3;8;0;2;3;1;1;0;0;0;0;0;0;2;0;4;1;0;0;0;18;0;0;3;0;0;0;0;3;0;6;0;0;4;2;1;0;9;0;5;0;1;0;0;0;0;2;0;2;0;0;13;1;9;0;8;0;0;1;2;8;0;8;0;0;0;0;4;2;2;0;0;0;0;0;1;0;0;0;0;2;1;2;0;0;6;4;0;2;0;1;3;0;3;0;4;0;0;0;0;0;6;1;1;0;0;1;14;6;7;42;0;0;0;0;5;0;0;1;0;2;0;6;0;0;1;0;1;0;0;0;0;0;0;0;0;0;0;0;0;1;0;0;1;0;0;0;1;2;0;0;0;10;1;8;1;0;0;0;5;0;0;2;0;1;1;0;3;0;0;7;0;1;0;1;8;3;1;0;4;0;0;0;6;0;0;2;0;2;0;1;1;0;2;0;0;0;0;0;0;0;0;0;4;0;2;5;0;0;0;0;1;1;0;1;0;0;1;0;0;1;0;0;3;0;1;0;0;0;0;4;0;0;0;1;0;1;0;1;3;0;0;5;1;1;0;0;0;0;0;0;0;0;0;0;0;0;1;3;0;2;0;0;0;0;1;1;0;0;0;0;0;1;1;0;1;2;1;0;0;0;1;0;0;0;5;2;0;0;0;0;0;0;0;2;0;6;0;0;2;0;3;1;0;1;0;2;0;0;0;0;0;0;0;0;0;0;0;1;1;1;3;3;4;1;0;1;0;0;0;0;0;0;11;0;0;1;3;6;2;0;1;4;0;1;0;4;2;0;0;0;0;1;0;1;6;2;0;0;1;0;0;0;3;1;1;0;0;0;0;0;2
03157000;0;0;2;2;0;2;2;0;6;2;0;1;0;0;3;10;0;0;24;54;30;16;0;0;0;0;0;0;8;19;8;4;20;0;0;0;0;12;0;0;4;6;0;0;1;0;0;0;1;0;0;0;0;0;0;4;0;0;0;0;0;0;0;6;0;0;4;0;1;2;1;2;8;0;2;12;0;0;3;0;0;0;4;0;2;0;0;1;9;0;0;4;0;0;0;0;0;2;3;3;0;0;0;0;0;0;2;0;0;3;0;3;0;0;0;0;0;3;1;0;0;0;2;2;0;3;0;8;0;0;4;0;1;2;0;0;0;2;0;1;1;0;1;0;1;0;0;0;1;1;0;0;0;0;0;1;0;0;0;0;1;0;1;0;0;0;0;0;0;0;1;0;1;0;0;1;0;0;1;0;0;0;0;0;0;1;0;0;0;0;1;0;2;2;2;2;0;0;0;2;0;1;0;1;3;0;2;0;1;0;2;0;0;2;2;0;2;0;0;0;0;0;0;0;0;0;0;0;0;0;0;0;0;3;0;0;0;2;4;0;0;0;1;0;1;0;0;2;0;0;0;1;1;0;0;0;0;0;0;0;3;0;0;0;0;0;0;0;0;0;0;0;0;0;0;0;1;0;0;0;0;0;0;0;0;3;0;0;0;0;4;0;0;0;1;0;0;0;0;0;0;0;0;0;2;0;0;0;1;0;1;1;0;0;0;1;0;0;0;0;3;0;0;0;0;0;0;2;4;1;5;1;4;2;0;1;3;1;0;2;2;0;0;1;0;0;0;1;0;0;0;10;0;3;1;0;6;0;0;1;0;0;0;1;0;6;0;4;0;0;0;0;2;2;0;21;3;0;1;0;0;0;0;2;0;1;0;0;0;1;1;0;1;1;1;1;0;0;3;0
03158000;1;4;1;1;0;0;7;12;7;0;0;5;6;1;0;9;0;0;26;45;15;0;0;33;0;0;20;4;9;41;2;0;0;0;1;2;0;4;0;0;0;0;0;7;0;0;0;0;4;1;0;0;0;0;1;0;2;0;0;0;1;3;0;0;0;0;0;0;0;0;0;0;1;3;0;1;4;0;3;0;2;0;0;2;2;0;0;1;5;0;4;6;1;0;0;3;2;0;2;0;1;0;1;2;4;2;0;0;5;0;7;0;0;1;0;0;3;0;0;2;0;0;0;6;1;0;0;0;0;0;0;4;1;3;1;0;0;3;0;0;0;3;1;0;0;0;0;0;0;0;0;0;0;1;3;0;0;1;0;0;0;0;1;0;0;0;1;0;0;0;1;0;0;0;0;1;1;4;0;0;1;0;0;9;3;0;0;0;0;0;1;0;2;8;4;0;1;0;0;0;0;0;1;3;0;0;8;0;0;2;1;0;0;0;5;0;0;1;0;0;2;0;1;7;1;0;0;3;0;1;0;0;3;2;2;0;0;0;2;0;3;0;1;0;0;0;0;0;1;0;0;1;0;0;1;0;0;0;0;0;1;0;0;0;3;1;0;0;2;0;0;0;0;0;0;1;1;0;0;0;0;0;3;3;0;0;1;0;2;0;2;0;1;0;1;0;0;0;0;0;0;0;0;0;1;0;1;0;0;1;2;1;0;0;1;4;0;0;0;0;0;1;1;0;0;0;1;0;4;0;0;0;1;0;0;0;0;0;3;1;0;0;2;4;0;0;2;0;0;4;1;0;0;0;0;0;1;4;0;4;0;10;3;0;0;0;0;0;0;7;2;0;0;1;1;0;3;0;4;2;0;0;3;0;5;1;0;0;0;0;0;0;0;0;0;0;0;0;0;4
03159000;12;33;69;5;0;6;0;12;55;7;0;18;22;3;18;399;0;7;52;85;0;34;250;38;54;0;519;107;52;181;0;33;59;6;79;81;39;84;36;51;15;64;30;5;18;33;0;0;14;18;99;53;71;22;50;74;43;0;33;35;31;60;32;101;50;23;24;24;0;8;4;14;43;3;70;48;0;25;114;144;39;25;17;28;20;6;17;9;9;3;16;62;0;6;21;1;12;112;33;24;22;43;70;43;58;51;6;5;1;48;4;38;5;25;50;16;26;74;7;31;3;35;29;13;17;0;1;47;18;12;0;37;24;19;5;0;44;3;82;21;45;0;1;8;10;5;0;0;2;0;0;0;8;0;0;0;4;151;2;0;0;13;15;0;0;4;6;6;14;4;7;17;1;0;17;0;7;8;25;31;61;2;43;27;24;11;0;11;4;12;26;3;37;68;50;8;18;10;80;5;7;22;21;29;40;6;47;1;7;6;28;19;47;0;25;24;10;18;9;13;28;13;68;137;5;12;44;23;0;0;4;9;6;4;4;0;0;0;13;38;0;7;0;12;0;42;10;0;1;25;0;0;37;8;0;31;1;3;12;20;1;5;19;48;7;9;17;4;8;1;0;0;20;1;0;7;25;25;4;0;3;15;1;135;5;0;0;5;5;0;0;21;0;67;25;13;9;0;0;3;11;16;24;17;33;0;41;1;2;31;28;30;23;1;35;0;7;1;17;11;40;12;1;2;448;37;17;8;11;0;44;6;16;5;22;5;1;11;30;6;6;14;4;0;2;13;17;10;9;10;58;30;17;12;19;6;51;31;21;27;0;153;25;26;0;67;30;18;0;0;19;0;5;3;20;7;9;4;0;9;16;35;0;0;9;7;0;0;1;0;0;2;0;11;0;4;18;0;43;6
03241000;0;0;15;0;0;0;0;0;23;20;9;11;0;9;12;345;0;0;21;0;0;7;19;169;0;0;0;0;67;104;0;56;401;181;0;8;0;0;0;0;32;27;0;5;6;0;0;0;19;0;39;0;0;28;36;0;18;0;0;17;1;0;0;54;1;0;0;3;0;0;0;0;7;13;0;0;0;0;9;16;1;0;0;10;10;13;0;10;0;1;6;7;0;0;5;18;0;0;0;0;0;0;0;0;0;0;0;20;0;0;0;0;0;0;0;0;0;26;0;0;0;4;8;0;0;0;0;0;10;0;0;7;0;0;0;0;6;0;0;0;0;0;0;1;0;0;3;2;0;0;7;6;0;0;0;0;3;0;0;0;0;0;17;0;0;0;0;0;0;11;4;0;10;0;3;5;8;0;26;1;8;0;1;0;9;12;1;0;0;0;0;1;6;0;0;0;0;0;7;0;0;0;8;19;23;0;0;5;0;0;33;13;0;0;0;0;3;0;10;0;0;5;14;77;4;1;3;3;0;0;0;0;3;0;0;0;2;0;26;5;0;3;0;0;2;0;0;0;0;0;0;3;3;0;0;0;0;0;0;0;0;0;0;0;1;4;0;0;0;0;0;0;5;0;0;0;0;1;0;0;0;7;5;29;0;0;0;0;8;0;0;0;0;1;7;0;0;3;0;1;8;0;0;0;0;0;0;0;0;1;4;0;0;7;11;0;0;0;10;0;5;0;13;1;154;2;0;7;6;5;0;9;7;0;0;0;0;0;9;0;0;0;0;3;0;1;13;12;0;0;0;0;0;0;5;0;0;0;0;0;0;68;3;0;0;0;0;0;0;0;0;0;0;0;0;0;10;0;0;0;0;0;0;3;0;0;0;0;0;0;0;1;0;8;0;0;3;0;0;0
03251000;0;14;3;3;0;4;5;7;5;1;8;8;0;5;0;5;0;0;13;11;1;0;13;3;0;0;65;0;11;6;0;3;0;0;7;0;5;8;0;0;5;6;0;31;0;0;0;0;11;0;0;0;6;17;9;5;72;0;0;5;0;0;0;0;2;0;0;1;0;0;0;1;0;7;9;0;0;0;2;1;5;0;1;0;3;0;0;0;0;0;4;0;3;0;14;0;0;0;0;0;0;10;0;0;8;4;0;3;0;0;1;0;0;0;0;0;5;0;2;0;0;0;2;0;0;0;0;4;0;2;0;0;0;8;0;0;0;0;0;3;0;0;0;0;0;0;0;0;1;0;0;0;1;3;0;0;0;0;0;6;1;0;10;0;1;0;0;0;6;0;2;0;0;0;0;1;1;0;3;6;0;2;0;9;1;0;0;0;0;0;0;2;0;4;0;0;0;0;5;0;1;0;0;1;6;4;4;0;0;0;0;10;0;1;3;0;0;0;1;2;3;2;0;26;0;0;3;3;0;0;2;0;0;1;0;2;0;3;0;4;0;4;1;0;5;0;0;5;0;1;2;0;1;1;0;0;0;0;0;0;0;0;0;0;1;12;0;1;0;0;0;1;0;1;0;0;0;0;2;1;0;1;4;0;0;0;0;0;0;0;0;0;0;0;5;0;1;0;0;0;0;1;1;2;0;0;0;0;0;0;0;1;0;3;4;0;0;11;0;0;0;1;1;2;0;1;1;0;0;0;3;1;0;2;2;0;1;4;3;1;0;0;1;1;0;0;0;0;0;0;0;0;2;0;1;0;3;0;0;4;1;13;2;0;5;0;3;1;0;0;5;8;0;0;0;0;6;5;0;1;0;0;0;1;0;0;0;0;0;0;0;2;0;0;0;0;0;0;0;0
03252000;0;6;0;0;6;2;4;0;0;0;5;3;0;0;3;0;0;0;0;5;0;8;0;0;0;0;0;0;0;0;0;0;44;0;4;2;1;8;0;7;0;0;0;0;0;10;0;0;0;0;0;3;0;0;0;0;0;0;24;0;0;5;0;0;1;0;1;3;0;1;0;0;0;2;0;0;0;0;1;12;0;0;0;0;0;4;7;0;4;0;2;0;0;0;0;13;0;19;1;0;0;0;26;0;0;0;0;0;0;2;0;0;2;0;0;1;3;9;7;8;0;0;0;1;0;0;0;0;0;5;0;0;0;10;0;11;0;0;1;0;4;0;1;1;0;0;0;2;0;1;0;0;0;1;1;0;0;0;0;0;0;2;5;0;2;0;0;0;0;0;0;1;1;0;0;2;0;0;2;1;1;0;0;3;0;0;10;0;6;0;0;1;0;5;0;7;2;1;1;6;5;0;0;0;0;0;0;0;7;1;0;1;0;1;0;2;0;2;1;6;0;0;2;9;4;0;0;0;4;0;1;1;3;0;2;1;0;0;0;0;0;0;2;0;0;0;0;1;0;0;0;0;0;0;0;6;1;0;0;0;0;0;0;0;1;0;0;0;0;2;0;1;2;1;0;0;0;0;0;0;0;0;0;4;0;0;0;1;0;1;0;0;0;0;4;0;0;0;0;0;0;0;0;1;0;1;2;0;0;3;0;0;1;0;1;1;6;2;20;1;0;0;0;0;0;2;0;0;4;0;0;2;0;0;0;3;0;1;0;0;3;1;0;5;0;6;0;0;2;3;0;0;0;1;0;0;0;3;0;4;0;7;3;0;0;0;5;0;0;10;0;6;2;0;2;0;0;0;0;2;1;0;1;1;3;0;0;0;1;2;1;0;1;1;0;0;0;0;0;0
03254000;0;15;5;0;0;0;0;12;0;0;1;5;0;2;0;60;2;0;15;0;12;0;0;0;0;0;0;0;39;0;14;0;0;0;3;11;0;11;0;0;0;0;0;3;0;0;0;0;3;0;0;0;0;0;2;0;4;0;5;12;0;0;3;6;0;0;0;6;0;0;0;0;2;0;0;0;0;0;1;23;3;0;6;5;9;2;0;0;5;0;2;8;0;2;11;0;0;9;17;4;0;1;0;0;7;0;1;0;0;0;0;0;2;2;0;22;4;9;6;0;0;3;0;4;3;5;0;6;1;0;0;5;1;0;1;0;8;2;3;4;0;0;0;1;1;0;0;0;1;4;0;1;1;0;0;1;0;0;0;0;0;0;0;0;0;0;0;0;0;0;3;0;0;0;1;0;1;0;10;7;0;5;3;3;0;3;2;0;1;4;0;1;9;0;8;4;9;0;10;1;2;0;0;2;0;0;2;0;0;1;10;1;4;7;0;0;1;2;1;0;1;1;0;10;2;0;0;0;0;0;0;0;0;0;6;0;0;0;2;2;2;0;1;2;1;0;1;0;0;0;0;1;8;0;1;1;2;0;0;0;2;0;1;0;0;0;0;6;0;2;0;0;0;0;0;0;0;1;0;0;0;2;2;0;0;0;2;0;0;0;0;0;4;1;1;1;4;8;0;3;0;3;4;0;3;0;2;0;1;1;2;0;0;0;0;1;2;9;3;0;0;0;0;0;33;0;0;0;0;0;0;2;2;0;1;2;0;0;0;0;1;1;0;0;2;0;9;0;2;0;3;0;1;0;0;0;8;0;4;2;1;24;0;0;0;0;19;0;2;3;1;5;0;0;0;6;1;0;0;0;0;0;0;0;0;8;0;0;1;0;1;1;0;0;0;0;0;1;2;2
03255000;1;2;0;1;0;0;0;3;0;0;0;1;1;0;2;14;13;0;4;0;10;1;13;0;0;22;53;1;75;0;0;0;0;0;2;8;0;1;1;0;0;0;0;0;4;8;0;4;6;0;0;1;2;1;0;0;7;0;0;1;0;0;0;1;3;0;0;0;0;4;0;0;1;0;0;1;0;0;2;2;1;0;0;2;0;0;3;0;0;0;1;0;3;3;0;1;0;11;0;1;0;22;0;2;0;0;0;0;7;2;6;0;0;0;0;2;4;10;0;6;0;0;3;0;0;3;0;0;2;3;1;0;1;1;2;0;0;2;8;0;0;0;0;2;0;0;0;0;0;1;0;0;0;0;0;0;0;0;0;0;0;0;0;1;0;2;2;0;0;0;0;0;0;0;0;0;0;0;4;0;2;2;0;1;0;1;0;2;0;0;0;1;0;1;0;0;2;1;2;2;0;0;0;3;2;0;0;0;0;0;0;0;2;0;0;0;1;0;0;0;0;1;0;0;0;1;1;0;1;0;0;0;1;0;1;0;0;0;0;0;2;0;0;1;0;3;0;1;0;0;1;1;0;0;1;0;0;0;0;0;0;0;0;0;0;0;0;0;0;0;0;3;0;6;0;2;1;0;0;0;0;0;0;0;0;1;2;0;0;0;0;0;0;0;0;0;0;0;0;3;0;0;0;0;0;0;0;0;0;0;0;0;0;3;1;0;0;0;0;0;1;1;0;0;0;0;1;0;0;0;0;0;0;0;0;0;1;0;1;2;1;1;0;0;0;2;2;1;1;2;2;1;0;0;0;0;0;1;0;0;0;0;0;2;0;0;3;1;4;1;0;1;0;0;0;0;0;0;1;0;2;0;0;0;3;0;0;0;1;0;0;0;0;0;1;1;0;0;0;0
03256000;1;13;0;1;1;0;9;3;1;0;0;2;0;0;2;5;0;6;7;5;3;5;0;0;3;0;0;0;11;16;0;0;0;0;0;0;5;0;4;6;0;0;0;0;0;0;0;15;6;2;0;0;0;2;0;1;0;0;14;0;0;0;4;0;0;0;0;1;0;0;0;0;0;0;0;0;2;0;4;1;1;2;2;1;0;2;0;0;0;0;0;0;0;0;0;3;1;0;0;0;0;0;10;0;2;0;3;0;0;7;0;0;0;4;3;0;0;0;0;0;0;0;1;2;0;0;0;1;0;0;0;0;2;0;0;4;3;1;7;4;0;0;3;0;0;0;0;0;0;0;0;0;0;0;0;0;3;0;0;0;0;0;0;0;0;0;0;1;1;0;0;0;0;1;0;0;1;0;2;3;0;1;0;1;0;0;3;0;1;0;2;1;3;1;0;2;0;0;4;0;2;1;0;0;3;0;0;3;0;0;1;0;0;0;0;2;0;0;0;0;0;1;1;0;3;0;0;0;0;0;0;3;0;0;1;0;0;0;0;2;0;0;0;2;2;0;0;0;1;0;2;0;2;0;1;0;1;0;0;0;3;0;0;0;1;1;0;0;1;0;0;2;0;0;0;0;1;0;0;0;1;0;1;3;0;1;0;1;0;2;2;1;0;1;2;0;0;0;0;1;0;2;1;0;2;0;0;0;0;0;0;0;0;0;1;0;0;0;0;0;0;1;0;0;0;2;0;2;0;0;0;1;0;0;0;0;0;0;0;0;0;0;0;0;0;0;0;3;0;0;2;0;2;2;0;0;3;0;1;0;1;6;0;1;0;9;0;7;4;3;1;2;1;2;1;0;0;0;0;2;2;0;1;1;3;0;0;0;0;0;0;1;0;0;0;1;4;1;2;1
03257000;0;0;5;1;5;11;5;2;9;0;0;6;0;0;8;23;3;0;0;0;5;0;0;0;8;0;0;19;0;20;16;19;0;0;0;0;0;0;6;4;13;0;0;0;1;0;0;0;0;0;0;5;0;3;0;0;0;0;2;0;1;15;4;11;0;9;4;0;4;3;0;0;0;5;0;8;0;0;1;0;0;0;1;7;0;2;0;0;6;4;0;7;1;5;5;0;2;0;0;0;5;0;0;0;4;20;2;1;0;0;3;0;0;0;5;2;4;0;0;3;0;2;0;0;1;0;0;3;0;0;0;0;4;2;2;6;3;0;0;0;6;0;2;0;0;0;0;0;0;0;1;0;0;0;0;0;1;0;0;0;0;0;0;0;0;0;1;0;1;0;0;0;2;1;0;0;0;0;0;0;2;1;1;0;0;0;0;1;5;0;4;0;0;0;0;2;0;0;0;1;0;0;0;3;0;0;3;0;0;0;0;7;0;6;0;0;3;5;4;2;0;6;2;11;0;0;2;1;4;0;0;0;4;0;3;1;1;0;0;1;0;1;3;0;0;3;1;0;0;0;0;0;0;2;1;0;0;1;0;1;1;1;2;1;0;0;0;1;0;1;1;1;0;0;0;0;0;0;0;1;5;0;1;7;0;1;0;0;2;0;0;0;1;0;3;0;1;0;0;0;1;0;1;0;6;0;0;0;0;0;2;0;0;0;2;0;0;1;0;0;0;0;0;0;6;0;0;0;0;1;0;0;0;0;0;0;2;0;0;2;0;3;0;0;0;0;0;0;0;4;0;0;2;0;2;0;5;9;1;2;0;0;3;0;0;4;4;4;2;0;0;0;0;2;2;0;0;1;0;0;0;0;1;0;0;0;3;0;0;0;0;2;1;0;0;0;1;0;0;1
03351000;0;1;9;1;0;0;12;4;0;0;4;10;0;0;3;29;0;4;42;13;30;22;0;33;26;0;0;31;19;36;1;3;16;0;36;0;22;8;1;3;13;15;0;1;0;0;0;0;0;10;8;9;39;15;6;24;11;0;6;8;7;0;1;0;4;8;3;0;0;11;0;0;0;0;3;0;0;6;0;1;0;12;1;7;0;0;0;6;1;0;2;8;0;0;0;1;6;3;6;10;0;8;0;0;4;0;0;0;1;0;8;0;0;0;0;0;0;0;0;9;0;0;0;0;0;0;0;2;1;1;0;0;0;3;1;0;0;0;0;0;0;7;0;1;2;0;2;1;0;2;2;0;0;1;0;2;1;1;0;0;1;0;3;0;0;6;0;0;0;5;0;0;0;0;0;0;3;1;6;0;0;0;0;2;0;2;3;0;0;0;0;0;0;0;2;0;0;0;1;0;0;1;1;2;0;0;5;0;0;0;0;7;0;1;2;3;0;0;0;4;5;0;0;2;1;0;1;0;0;0;1;0;0;1;0;0;0;0;0;0;0;0;1;6;4;0;3;1;0;0;1;5;4;0;0;0;0;0;0;0;0;3;0;0;2;0;0;0;5;0;0;0;0;0;0;0;0;0;0;2;4;6;2;0;2;0;0;0;1;0;3;1;2;0;0;0;0;1;0;0;0;0;0;1;0;0;0;0;0;3;0;0;0;3;7;0;2;3;0;0;0;0;0;0;0;0;0;0;3;0;0;1;0;0;0;6;6;0;0;2;0;4;0;5;0;0;0;0;0;0;0;0;0;7;0;0;1;1;0;0;0;0;0;2;2;0;9;0;2;0;0;9;0;1;3;5;0;0;4;1;4;0;0;0;3;1;0;0;0;1;0;0;0;2;0;0;2;0;1;0
03352000;0;11;12;0;6;5;0;7;9;0;17;26;0;5;6;42;0;0;19;0;0;0;0;0;0;0;4;0;0;0;0;6;8;0;0;0;6;11;0;0;0;0;0;0;6;6;0;0;0;22;4;11;0;0;0;0;0;0;0;43;0;0;0;3;0;0;1;0;0;0;0;0;1;0;3;0;11;3;8;0;2;0;10;0;0;0;0;0;0;0;0;9;0;0;0;0;0;7;0;3;0;2;0;0;0;0;2;3;0;1;0;0;0;0;0;0;0;0;0;0;2;3;0;0;6;0;0;0;1;0;0;0;3;6;1;0;0;0;0;0;0;0;3;0;0;0;1;0;0;0;0;3;0;0;0;1;0;1;2;2;0;0;1;1;0;0;0;0;2;0;2;0;0;0;2;0;0;0;2;0;5;0;0;0;0;0;0;0;0;0;3;0;0;0;1;0;2;0;0;0;0;2;0;0;0;0;13;0;0;1;0;0;3;0;1;0;0;3;0;0;0;0;0;0;1;0;0;0;0;0;6;1;0;2;0;0;1;0;0;4;0;3;5;0;0;2;0;0;0;0;0;0;2;0;5;0;2;0;0;0;0;0;0;2;0;1;0;0;1;0;0;1;0;0;1;0;0;0;0;0;0;0;0;0;0;0;1;0;0;0;1;0;0;5;0;1;2;0;0;0;0;1;0;0;4;2;0;0;0;0;0;0;1;0;2;0;0;0;3;0;3;0;14;0;0;1;2;1;0;0;1;0;0;0;0;0;0;2;3;1;0;0;1;6;0;0;0;1;3;0;3;2;0;2;4;5;0;4;1;0;0;16;0;2;0;1;0;0;0;0;1;2;0;0;0;4;0;0;0;0;2;0;0;0;3;2;0;0;0;1;0;1;0;0;0;0;0;0;0;0
03353000;0;23;1;0;23;0;6;34;0;5;0;14;0;0;0;0;0;3;6;12;0;0;11;9;0;0;0;2;0;0;0;0;5;15;25;0;13;145;12;77;104;108;0;4;0;0;0;0;0;4;13;5;0;8;6;0;15;0;17;8;9;28;2;0;2;5;0;0;1;0;2;0;0;0;0;0;0;0;2;0;7;0;0;5;0;0;2;0;2;3;0;8;2;0;3;2;3;0;0;0;2;4;9;2;1;0;0;0;10;2;9;0;8;0;0;0;0;2;0;0;0;1;1;0;0;0;0;2;0;0;0;0;2;0;0;0;4;2;0;0;0;0;0;0;1;2;0;0;6;0;0;2;0;0;2;0;0;0;0;0;0;0;0;5;0;0;1;0;4;0;0;4;5;0;1;1;0;0;0;0;6;0;4;0;2;0;0;0;2;0;1;2;0;0;0;0;1;4;0;3;0;0;0;2;1;3;3;0;5;0;2;0;7;0;0;0;0;4;0;2;8;0;1;10;2;2;0;2;0;3;0;0;0;0;5;0;3;0;0;0;1;4;1;0;0;0;0;1;1;7;1;2;4;1;0;0;0;0;2;0;2;0;0;0;0;0;0;0;1;2;2;3;1;0;0;0;0;0;0;1;0;0;0;0;1;0;8;8;3;0;0;0;4;1;0;0;1;1;1;0;0;0;0;0;7;0;2;0;3;0;0;1;0;2;0;0;2;0;2;0;0;0;1;0;0;2;0;0;5;0;0;0;0;2;9;0;3;2;0;3;0;0;5;1;0;2;18;15;10;0;20;0;0;0;2;0;0;6;3;0;0;9;1;0;2;0;11;0;0;0;0;3;0;0;0;2;0;0;0;7;0;0;0;2;0;0;2;0;0;0;0;0;0;0;0;0;0;1;0;0
03354000;4;6;7;0;1;1;0;0;0;0;0;1;2;0;0;0;0;10;1;5;2;2;0;3;1;0;26;0;0;1;2;0;3;0;0;0;0;0;1;4;0;0;19;0;0;0;0;0;0;0;0;1;0;1;0;0;1;0;1;0;0;1;0;4;0;0;0;1;0;0;1;0;0;0;0;0;0;1;0;0;0;0;0;3;1;1;1;1;0;0;0;0;1;0;1;0;1;0;0;1;0;0;0;3;3;1;1;0;2;0;0;0;0;0;0;1;2;0;0;0;0;0;1;0;0;0;0;0;0;0;0;1;0;9;0;1;3;0;0;0;7;1;0;3;1;0;0;0;0;0;0;0;0;0;2;0;0;0;0;0;0;0;0;1;0;0;0;0;0;0;1;0;0;0;0;0;0;0;0;0;0;0;0;0;0;0;0;1;2;0;0;0;0;0;1;1;0;0;1;0;0;0;0;1;0;3;0;2;0;3;0;0;0;0;0;0;0;0;0;0;1;0;0;0;0;0;0;0;0;0;0;0;0;4;1;0;0;0;0;1;0;0;0;1;1;1;0;0;0;0;0;0;0;0;0;0;0;0;1;0;2;0;0;0;0;0;0;0;0;0;1;0;1;0;0;0;0;0;1;0;0;0;0;0;0;1;0;0;0;0;0;0;0;0;0;1;0;0;0;0;0;0;0;0;0;0;0;0;2;1;0;0;1;1;0;0;0;1;1;0;1;0;0;0;0;0;0;0;1;0;0;0;0;1;0;1;1;2;4;11;2;0;0;4;7;0;0;5;8;10;0;0;0;0;0;0;0;0;0;0;0;7;0;0;2;4;2;0;0;0;0;2;0;1;0;0;0;1;0;0;0;0;3;0;0;1;0;0;0;0;0;0;0;1;0;1;0;0;0;0
03355000;0;22;46;0;1;0;7;13;0;0;7;0;9;0;0;0;0;0;0;0;9;0;0;0;0;0;35;0;0;0;0;1;1;0;0;0;0;0;0;0;5;0;137;6;0;6;0;0;0;0;5;0;0;4;1;6;2;0;0;0;0;6;0;6;0;0;1;0;3;0;0;1;0;0;1;0;1;0;0;7;0;5;0;4;0;5;0;0;0;0;0;0;0;0;6;0;0;1;0;0;0;0;7;0;0;1;0;0;3;0;0;0;0;0;0;0;0;0;3;0;2;0;0;2;1;0;0;0;4;0;0;0;0;2;2;0;1;0;0;2;0;4;0;0;0;5;7;0;3;1;1;2;3;6;4;3;0;4;0;0;6;0;5;0;0;0;0;0;0;0;0;0;1;0;2;1;1;0;0;3;0;4;0;0;0;0;0;0;4;0;0;0;0;0;1;2;0;2;2;0;0;1;1;4;5;0;0;3;0;3;0;1;4;0;0;3;3;0;0;0;0;3;3;0;0;0;0;1;0;0;0;0;0;0;0;0;0;1;0;1;2;3;0;4;2;1;2;1;0;1;2;0;1;0;0;2;0;0;11;0;0;4;3;0;2;1;0;3;0;0;0;0;0;3;0;0;0;0;0;0;0;2;4;0;0;0;0;0;0;0;0;0;0;1;1;0;0;0;1;1;0;0;0;0;1;0;2;0;0;0;0;0;0;0;2;0;0;1;2;0;0;0;0;0;0;5;0;0;0;0;3;0;3;0;2;0;0;2;0;9;0;0;0;0;12;0;4;0;0;8;41;2;0;0;2;1;2;0;1;1;0;8;0;0;0;2;1;5;0;0;3;7;0;1;0;3;8;2;8;0;1;0;0;0;0;3;0;1;1;1;0;0;0;0;1;2;0;0;0;5
03356000;0;0;1;0;3;0;0;2;7;6;5;7;1;0;0;32;0;0;2;1;2;2;4;5;1;0;9;20;1;6;0;0;0;0;48;0;0;5;0;41;7;13;0;21;23;0;0;0;8;9;3;0;0;11;0;7;20;0;1;11;8;0;11;0;3;0;0;0;4;0;0;0;5;0;3;0;0;1;0;0;1;0;0;0;2;2;0;0;0;2;1;5;0;0;0;0;0;0;0;0;0;0;0;0;0;0;0;0;0;2;2;0;0;5;9;1;0;3;2;4;0;0;2;0;0;0;0;0;0;1;3;0;0;2;0;2;0;0;0;0;4;0;1;2;0;0;0;0;0;0;0;0;2;5;0;0;0;0;0;0;0;0;0;0;0;0;0;0;0;0;1;0;0;1;0;1;1;0;0;0;0;0;0;0;0;0;0;0;0;0;1;0;0;3;0;1;0;0;0;2;0;0;0;2;0;3;0;0;1;0;4;0;0;0;2;1;1;0;2;1;0;1;1;0;0;1;5;4;0;0;0;1;0;1;1;4;0;0;2;0;0;2;0;0;3;0;1;0;0;0;0;0;0;0;0;2;0;0;1;0;1;0;0;0;0;3;0;0;0;0;1;0;1;0;0;0;0;0;0;0;0;0;1;0;0;0;0;0;0;0;0;0;0;0;0;0;0;3;0;0;0;0;1;0;0;0;0;0;0;0;0;0;0;0;2;0;0;1;0;0;0;0;0;0;15;0;0;0;0;0;1;0;0;0;0;0;0;4;0;0;1;0;0;0;0;9;3;6;0;1;2;0;1;0;0;0;0;0;1;0;2;0;2;0;0;0;1;1;3;2;1;0;0;0;1;0;0;2;1;0;0;0;0;0;3;0;1;0;2;0;1;0;0;0;0;4;0;0;0;0
03357000;1;5;3;0;0;0;8;8;0;5;9;1;0;0;9;0;0;0;18;6;2;4;8;6;2;0;18;34;0;25;3;0;0;0;26;0;0;2;0;0;0;0;0;15;10;0;0;0;7;0;0;5;0;10;0;6;0;0;16;0;8;0;0;0;0;0;0;0;1;0;0;0;0;0;0;0;0;2;1;16;4;7;2;0;3;0;0;0;0;0;0;14;0;0;9;0;0;0;0;0;0;0;7;1;5;0;5;0;2;0;0;1;3;3;0;0;0;0;0;6;0;0;6;1;2;0;0;0;2;4;1;0;0;2;0;1;1;0;0;0;2;13;0;0;0;0;0;0;0;0;0;0;1;0;0;1;0;4;1;0;0;0;0;0;0;0;0;0;0;1;2;0;0;0;0;0;0;0;0;0;2;0;0;0;1;0;0;0;0;0;0;0;0;0;0;3;3;1;2;0;3;0;0;0;0;0;0;1;0;0;2;0;0;0;1;2;4;0;1;0;0;0;0;5;4;0;1;1;0;0;0;0;0;1;0;0;0;0;0;0;1;2;0;0;2;1;1;0;3;0;0;0;0;1;0;1;3;0;4;1;0;0;3;0;2;1;0;0;5;0;1;2;0;0;0;3;0;0;0;0;0;1;0;3;0;2;0;0;1;0;0;3;1;0;2;0;0;0;0;0;1;0;2;0;3;0;2;0;0;0;1;1;1;0;0;2;0;3;0;0;0;0;0;0;0;0;0;0;0;2;0;0;1;0;0;0;0;0;0;0;2;0;5;0;0;3;5;6;0;4;6;2;0;0;0;0;0;0;0;0;1;0;0;3;6;0;2;0;0;1;1;3;0;0;0;0;1;0;0;0;0;1;1;0;0;0;0;0;4;1;0;0;0;0;0;0;0;1;1;1
03358000;5;2;0;6;10;0;0;3;0;0;0;13;0;0;0;0;14;5;0;9;11;0;2;0;1;0;0;0;9;8;5;14;0;0;19;0;11;0;0;11;0;0;0;0;0;2;25;10;4;6;0;1;0;0;1;0;0;0;1;0;6;0;2;1;0;0;0;0;0;0;1;0;0;1;0;1;0;0;2;1;2;0;0;0;0;0;0;0;11;0;8;4;0;2;1;7;4;7;10;2;0;0;0;0;0;0;0;6;0;4;5;0;1;0;0;2;0;0;1;2;0;1;0;0;3;0;3;0;0;0;0;0;0;0;0;3;0;0;5;0;1;0;5;4;0;0;3;0;0;4;0;2;0;0;0;0;0;0;0;0;0;0;0;0;0;0;5;0;0;0;0;1;0;0;4;4;0;0;0;0;0;0;0;2;0;2;0;1;0;0;2;0;3;1;0;1;2;0;0;0;0;0;5;5;0;0;0;0;0;1;3;3;7;0;3;0;3;0;0;9;1;0;0;10;2;0;0;2;1;1;0;0;0;0;0;0;0;2;0;0;1;0;0;0;1;2;1;3;0;0;8;0;0;0;0;0;4;0;0;0;0;0;5;0;0;0;1;0;1;0;0;1;0;2;2;1;0;0;0;0;0;0;3;0;0;2;0;0;2;0;0;0;0;0;0;0;0;0;0;0;0;0;2;2;0;0;1;0;1;3;3;0;0;4;0;0;1;0;0;1;0;0;0;0;0;0;0;0;0;0;0;0;1;5;1;1;0;0;1;0;0;0;1;2;4;0;1;0;0;14;0;0;0;0;0;1;0;1;1;0;7;7;0;0;0;0;0;5;3;0;2;0;0;3;0;0;0;0;1;0;0;0;2;0;0;0;3;0;0;0;0;1;1;2;1;0;0;0;0;0
03359000;14;39;15;1;13;0;0;3;0;3;19;10;0;0;0;0;0;0;2;0;0;5;0;0;0;0;0;0;6;2;4;8;3;0;92;0;0;27;0;119;19;0;0;0;0;0;0;0;7;11;5;16;0;2;2;0;0;0;5;0;4;10;5;0;0;3;0;0;0;0;2;0;0;1;0;12;0;0;5;10;0;0;11;0;1;0;0;0;3;0;0;5;0;0;0;0;0;2;3;0;2;0;2;0;9;0;0;15;0;8;0;0;0;0;0;8;3;8;1;1;0;0;1;0;0;0;0;0;1;0;0;3;0;0;0;2;5;0;0;0;1;0;3;0;0;1;0;1;2;0;3;0;0;0;1;0;0;0;0;1;1;0;6;0;0;2;0;0;1;0;1;1;0;0;0;0;3;0;8;0;0;3;0;0;9;7;0;1;0;4;2;0;6;0;0;0;0;0;0;0;2;0;0;3;0;6;4;0;4;0;1;0;4;2;1;1;0;0;0;0;7;0;5;10;1;0;8;0;0;0;0;0;1;0;3;0;0;0;0;0;0;1;6;0;3;0;3;0;0;0;1;0;4;0;3;0;0;0;0;0;0;0;3;0;0;0;3;2;0;2;0;0;1;0;0;0;0;0;0;3;0;3;3;0;0;0;0;0;0;1;2;0;0;1;0;3;0;0;0;0;2;2;0;0;0;0;0;0;0;2;0;0;3;2;0;1;1;0;0;0;2;2;0;0;1;1;0;0;0;0;1;0;0;0;2;2;0;0;4;0;0;8;0;3;2;1;3;0;1;5;3;11;7;6;0;1;0;0;0;1;3;10;0;1;3;0;1;2;0;0;0;2;0;3;0;2;1;0;0;0;0;3;0;0;0;0;0;0;1;2;0;2;0;0;0;0;0;0;0;0
03360000;0;4;0;1;4;0;0;0;0;0;3;0;0;5;0;0;0;20;67;103;31;42;38;29;62;0;238;57;10;116;3;23;29;62;34;31;0;0;19;63;3;24;0;29;4;3;0;0;5;27;59;18;33;3;16;13;4;0;0;8;16;8;0;0;7;0;0;4;0;0;2;5;4;0;0;4;3;0;2;3;0;7;0;7;0;0;0;0;1;0;0;2;0;0;0;0;0;6;0;0;1;0;17;0;0;2;0;0;0;0;2;0;0;6;3;1;3;0;0;0;0;0;1;0;0;0;2;1;0;1;0;0;0;3;1;5;0;1;0;3;0;0;0;1;0;0;0;0;0;2;1;0;0;1;1;2;0;0;0;1;0;1;0;0;0;0;0;0;0;0;0;0;0;0;0;1;0;0;0;0;1;0;0;0;0;0;2;0;1;0;3;0;2;0;0;0;1;0;2;3;0;0;0;3;3;2;0;0;0;0;0;0;0;2;0;5;1;0;0;1;5;2;0;4;2;0;2;0;0;0;0;4;0;0;0;1;0;0;0;3;0;0;1;0;0;0;0;1;1;0;0;0;3;1;1;0;0;0;0;0;0;1;2;0;0;0;0;0;0;0;0;0;3;0;0;0;1;1;2;0;0;2;1;0;1;0;1;0;1;0;0;0;1;0;0;2;0;0;0;1;1;0;0;2;1;0;0;0;0;2;0;0;0;0;0;0;0;1;1;0;1;0;0;1;0;1;0;0;2;0;0;0;0;0;0;0;3;3;0;0;0;0;0;4;7;1;1;0;0;3;0;1;1;0;0;0;0;1;0;0;0;0;2;4;0;0;6;0;3;5;0;0;0;1;0;0;0;0;0;0;0;1;0;0;0;0;3;1;0;0;3;0;1;0;1;3;0;0;0;0
03361000;0;18;2;4;0;0;6;0;0;5;3;0;1;3;0;19;0;0;5;1;0;0;0;1;0;0;0;0;3;0;1;59;0;0;30;0;6;0;0;0;22;4;0;0;0;0;0;1;8;0;0;8;5;0;1;2;0;0;13;4;6;0;8;0;1;0;0;0;0;0;2;5;1;0;0;1;0;2;10;7;0;0;0;1;0;0;1;1;2;0;4;12;1;1;6;1;1;5;5;3;1;1;0;0;0;1;1;0;1;0;0;0;0;0;2;3;0;0;3;0;0;0;3;0;1;0;0;3;0;5;1;0;0;5;0;0;0;0;1;1;0;2;1;0;1;0;0;0;0;3;0;2;0;0;0;0;0;2;2;0;0;0;0;3;0;0;0;0;0;0;0;0;1;0;1;2;2;1;10;0;0;0;0;0;0;3;0;1;0;0;0;0;3;7;3;7;0;0;0;0;1;0;0;2;6;10;0;5;1;0;1;3;1;1;4;2;0;2;0;0;0;2;0;0;0;0;0;0;0;0;0;0;5;0;0;0;0;0;0;0;1;0;0;0;0;0;0;0;0;0;0;0;0;0;0;0;0;0;4;0;1;0;0;0;0;0;0;0;0;0;0;0;1;0;0;0;0;0;0;1;1;2;0;0;0;1;0;0;0;0;0;0;0;0;0;0;0;0;0;0;0;0;0;7;3;1;0;0;0;0;0;0;1;0;0;2;0;0;0;0;0;0;0;0;0;0;0;0;0;0;1;0;4;2;0;0;0;1;2;0;0;0;0;0;0;0;0;0;1;0;1;0;0;0;0;2;0;1;0;0;0;1;3;1;0;0;1;0;0;1;0;0;0;0;0;1;2;2;1;1;0;0;3;1;1;1;0;1;1;1;0;0;0;0;0;0;0;0;1;0
03401000;0;0;0;0;0;1;1;0;10;0;0;2;0;1;4;0;10;0;0;3;3;2;0;0;5;0;0;40;2;1;0;7;0;1;0;6;0;5;0;0;2;4;0;20;0;1;0;5;0;3;0;0;0;0;0;5;124;0;0;15;4;0;0;0;6;3;0;0;1;0;1;1;0;0;0;2;1;0;10;4;0;0;0;0;1;0;1;0;2;0;0;0;0;0;15;3;0;0;1;1;1;0;11;0;0;0;0;0;3;0;0;0;1;2;5;1;0;0;1;4;2;1;0;0;3;2;0;2;0;0;0;1;0;3;0;2;0;0;1;1;0;0;0;0;1;0;0;1;1;3;3;0;0;0;0;0;1;0;1;0;0;0;0;0;0;0;0;0;0;0;0;0;0;0;4;0;8;0;0;0;0;0;0;0;0;0;0;0;0;0;0;0;0;0;0;0;5;2;0;2;0;1;0;3;1;1;0;0;0;1;1;4;5;0;1;3;1;0;1;0;0;0;0;3;0;4;0;0;0;0;0;1;2;0;3;0;0;1;1;0;0;0;0;0;0;0;2;1;0;0;0;0;0;0;0;0;1;1;0;0;0;0;0;0;0;0;1;0;0;0;0;0;1;0;0;0;0;0;0;0;0;0;0;4;4;3;1;1;1;0;0;0;0;0;0;0;1;0;0;1;0;0;0;0;0;0;0;0;1;0;0;0;0;0;0;0;0;2;0;1;0;2;0;0;0;0;7;0;0;0;1;0;3;1;0;0;0;0;0;0;0;0;0;0;0;1;7;0;0;1;0;1;0;0;0;0;0;0;0;2;4;1;1;2;0;0;0;0;0;3;5;5;0;0;2;0;2;0;0;0;0;0;0;0;1;0;0;0;0;0;1;0;0;0;0;0;1;0;0;0
03402000;1;3;9;3;1;4;3;0;6;0;0;0;4;0;0;20;4;1;11;2;0;0;3;3;5;0;36;10;0;5;0;1;9;4;0;8;0;0;0;12;0;0;0;13;0;0;23;0;1;13;0;0;7;0;6;0;13;0;3;0;0;20;0;7;5;0;0;6;0;2;0;0;0;0;0;0;4;1;1;0;0;6;1;0;0;0;5;8;0;0;0;3;6;0;0;0;2;4;0;6;6;2;0;0;4;2;0;1;0;0;2;2;1;0;0;0;1;4;0;0;2;2;0;1;0;0;0;2;0;1;0;0;0;0;0;2;0;0;0;4;1;0;2;1;0;0;0;0;0;0;0;0;0;0;1;0;0;0;0;0;0;2;0;0;0;0;1;0;0;2;0;0;0;0;0;0;1;0;0;0;0;1;0;2;0;1;0;0;0;0;0;0;5;0;0;0;2;1;1;1;0;0;0;0;1;0;6;1;0;0;0;0;0;0;0;2;4;0;0;3;0;1;0;0;0;0;0;1;0;4;0;0;0;0;0;0;0;5;1;0;1;3;0;0;1;1;0;3;0;0;0;0;0;0;4;0;1;0;5;0;0;0;0;0;0;0;0;0;0;1;0;0;0;1;0;0;0;0;0;0;0;2;0;3;0;0;2;0;0;0;0;0;0;1;1;0;0;0;0;0;0;6;1;0;0;0;0;0;0;2;0;0;0;0;1;0;0;0;0;0;1;0;1;0;8;1;1;0;1;0;1;0;2;1;0;2;1;0;0;0;0;1;0;4;0;0;0;0;0;0;0;0;0;1;1;3;3;0;0;0;2;2;1;1;0;4;0;0;0;2;1;0;0;0;0;6;0;0;0;0;1;0;2;2;1;0;0;0;0;3;0;0;0;0;0;0;0;0;0;0
03403000;0;14;0;0;0;0;3;0;1;9;0;0;1;0;0;66;26;1;17;46;41;38;31;8;35;90;172;97;4;30;5;43;30;44;43;156;19;40;40;101;0;17;1;25;6;0;0;5;0;566;28;1;0;4;53;61;219;0;19;0;0;1;0;0;0;0;0;0;1;0;0;0;0;2;0;0;3;12;19;27;0;0;0;4;0;0;3;0;0;2;0;2;0;0;0;0;2;0;0;2;8;0;0;2;3;0;0;10;2;2;2;0;0;2;0;2;0;0;4;4;1;2;4;9;0;0;1;0;1;0;0;0;0;0;0;0;1;0;0;0;0;1;4;0;0;0;0;2;1;2;2;0;0;0;1;0;0;1;0;0;1;2;0;0;3;1;0;0;0;1;0;0;0;0;0;0;0;1;0;2;1;1;0;1;0;0;0;2;0;2;0;0;35;2;3;0;0;2;0;6;0;0;1;10;0;5;7;0;0;0;7;4;3;10;0;0;2;0;2;0;8;0;2;12;0;5;0;0;0;4;0;0;0;1;0;1;0;0;12;0;0;0;0;1;0;0;0;1;3;0;1;0;1;0;1;0;2;0;0;0;0;0;1;1;0;0;1;1;0;0;0;0;1;0;0;1;0;0;0;0;0;0;2;6;0;0;1;0;0;0;1;0;0;1;6;2;1;0;1;1;0;0;0;5;0;3;1;0;0;0;0;0;3;0;0;1;0;4;4;2;0;0;0;0;0;0;0;0;3;5;0;4;0;0;2;0;2;0;3;1;0;1;1;8;6;0;0;0;1;0;1;4;0;0;0;1;11;0;0;1;0;11;0;1;1;0;0;4;0;0;0;1;0;0;2;1;1;1;5;2;0;1;0;0;0;0;0;0;0;0;0;0;0;0;0;0;0;0;1;0
03404000;0;5;15;3;2;0;0;0;0;7;0;0;12;0;0;95;4;0;12;3;8;1;4;17;15;30;382;42;4;20;0;0;10;24;11;49;6;49;4;55;0;29;5;0;0;68;0;0;0;23;0;0;25;8;24;26;9;0;0;21;22;43;0;47;13;10;0;0;3;0;2;0;0;0;13;9;0;0;0;37;0;9;0;5;0;7;8;0;0;0;0;34;0;0;10;81;0;6;0;10;0;0;11;0;0;0;3;0;0;0;0;0;0;0;0;4;6;14;0;8;0;5;8;0;0;7;0;8;0;3;8;0;0;0;0;2;1;0;0;4;1;0;0;1;5;0;3;0;0;0;0;0;0;0;0;1;0;0;0;0;1;0;0;1;0;0;0;0;0;2;0;0;1;0;0;2;0;0;4;0;2;3;7;0;0;4;3;0;0;0;3;0;11;0;0;1;10;1;9;10;0;3;0;1;0;3;0;0;2;0;3;6;0;5;3;0;7;2;0;4;0;0;1;17;1;0;1;3;0;1;0;0;5;0;6;0;0;0;2;0;3;0;2;1;2;0;0;0;0;0;0;3;0;0;0;0;1;0;3;0;0;3;0;0;2;0;0;0;0;1;0;0;0;1;3;0;0;0;0;2;0;4;0;5;0;4;0;0;0;0;0;1;1;0;7;0;2;6;0;0;0;0;0;1;4;0;2;0;0;0;0;0;2;1;4;0;2;6;0;0;3;1;0;0;45;2;2;0;0;0;0;0;5;0;0;0;0;0;0;1;0;2;0;6;0;3;0;0;1;0;0;0;0;0;1;0;0;0;0;0;1;15;0;0;0;0;0;0;0;0;0;0;0;1;0;0;5;0;1;3;0;0;0;1;0;0;0;0;0;0;0;0;1;0;1;0;1;0;0;0
03405000;0;10;1;4;0;0;2;2;6;0;0;0;2;2;2;0;17;0;9;0;0;0;0;0;0;0;0;0;1;0;0;0;2;9;11;3;0;2;0;0;0;0;0;0;2;0;23;19;0;11;0;0;0;160;0;3;6;0;6;0;11;3;3;0;0;0;0;1;0;5;0;0;0;5;0;4;1;0;3;0;0;3;2;1;6;0;2;0;5;0;1;0;0;0;9;0;1;5;1;0;0;2;1;0;0;12;0;4;0;0;0;0;2;3;3;0;0;9;2;5;3;0;3;0;0;0;0;0;0;0;1;0;0;2;2;5;0;1;0;1;0;0;0;8;0;0;0;0;3;1;0;1;0;2;1;0;0;1;1;0;0;4;0;0;0;0;0;0;0;0;0;0;1;0;0;0;0;0;5;0;5;1;2;0;0;4;0;0;4;0;3;0;0;0;0;1;0;0;0;1;5;6;0;3;0;0;10;0;1;1;1;1;2;1;2;3;0;0;0;0;1;1;1;6;0;3;0;0;0;0;2;0;0;2;0;1;0;0;0;0;1;2;1;3;1;1;0;0;0;0;0;0;3;0;0;0;0;0;0;0;0;0;0;0;0;1;0;1;1;0;0;1;8;0;0;0;0;0;0;0;1;0;1;1;0;2;0;0;0;0;2;0;0;0;1;1;0;0;0;1;0;2;0;2;1;0;0;0;3;1;0;1;1;0;0;0;0;0;0;1;5;2;0;0;0;0;0;0;0;2;0;0;0;0;0;0;0;0;4;0;0;2;1;1;5;1;0;5;2;0;0;0;2;0;0;0;1;2;0;1;0;0;0;1;1;0;4;0;0;2;0;0;0;5;0;0;0;0;0;0;0;0;1;0;0;0;0;2;0;1;0;0;0;1;0;0;0;0;5;0
03451000;0;0;1;0;0;0;3;0;1;1;4;0;0;0;0;0;0;0;3;0;0;0;6;1;0;0;0;3;1;15;3;0;5;0;0;0;1;0;0;0;0;0;0;3;0;0;0;0;0;0;0;47;0;12;0;0;0;0;4;0;0;8;19;6;0;0;3;0;2;0;2;0;0;0;6;0;3;3;1;1;0;2;0;2;0;3;3;0;0;0;0;17;1;0;1;8;3;1;0;4;0;0;0;0;1;0;0;0;0;0;4;0;1;0;0;0;4;2;0;0;1;2;0;0;0;0;0;2;3;0;0;0;1;3;0;5;0;0;0;0;0;1;0;2;3;0;0;0;0;6;2;0;0;2;2;0;0;2;0;2;0;0;0;0;2;0;0;0;1;0;0;0;0;0;0;0;2;1;0;0;0;0;1;0;0;0;0;0;2;0;0;3;0;4;0;0;3;0;2;0;0;0;0;1;0;0;2;0;0;1;0;0;0;1;0;1;0;1;1;0;1;0;0;3;0;0;3;0;5;0;3;0;0;0;1;2;0;0;0;0;1;6;0;0;0;0;0;0;0;0;4;0;0;0;0;0;0;0;0;0;0;0;0;0;0;1;0;2;1;0;0;1;0;0;0;0;1;2;0;1;0;2;0;0;0;2;3;0;0;0;0;0;0;0;0;0;3;0;0;0;0;0;0;0;0;0;0;0;0;0;0;3;7;0;1;0;0;0;0;0;0;0;0;1;0;0;0;0;0;2;4;0;0;0;0;0;0;0;1;0;0;0;0;0;2;6;0;0;0;4;0;0;1;0;2;5;1;0;0;0;0;1;0;0;0;1;0;1;0;0;0;8;1;2;1;0;0;0;0;0;0;1;1;1;0;2;0;4;0;3;0;0;4;0;0;0;0;2;0;0
03452000;10;6;11;3;0;12;0;10;3;6;0;0;6;8;0;35;0;0;19;8;14;4;8;18;1;0;0;13;3;20;0;4;3;0;0;0;3;0;0;12;5;0;0;3;8;4;0;0;23;45;0;20;26;4;0;36;0;0;11;0;0;36;18;0;0;0;0;0;0;1;0;0;0;0;0;0;0;0;0;0;0;0;0;0;0;2;0;0;0;0;0;25;2;1;0;1;0;0;0;0;1;0;0;0;4;0;0;0;0;0;0;0;0;0;1;0;2;0;1;0;0;0;0;0;0;0;0;0;0;0;6;0;4;0;0;0;0;0;0;0;0;0;0;0;0;1;1;0;0;0;0;8;0;5;1;0;0;10;0;0;1;0;0;0;0;0;0;1;0;0;1;0;0;0;0;0;0;0;0;0;0;0;0;0;3;13;0;2;0;0;1;2;2;0;0;2;0;0;0;0;0;0;0;2;0;0;0;0;0;0;10;0;0;7;3;0;0;0;0;2;0;4;2;0;0;0;0;0;2;0;0;3;0;0;2;0;0;2;0;0;1;1;6;3;0;2;4;0;1;0;1;2;0;2;0;7;0;0;3;0;0;1;2;0;0;0;0;0;0;0;4;0;1;0;0;0;0;0;1;5;1;0;1;4;0;3;0;0;0;0;0;0;0;0;1;0;0;0;1;0;0;0;0;0;1;0;0;0;0;0;0;1;0;0;1;1;3;2;0;3;0;0;0;0;0;0;0;1;3;1;0;0;0;0;0;0;0;0;0;2;1;0;0;0;1;4;0;0;0;6;3;0;0;0;3;2;2;0;5;0;3;5;2;0;2;0;4;0;4;0;0;0;0;0;0;1;3;0;5;0;1;3;2;0;0;0;0;0;0;2;3;0;0;0;0;0;2;0;1;0
03453000;0;0;2;0;0;0;3;0;3;0;0;1;0;3;1;48;0;1;5;0;0;5;0;7;1;0;27;5;0;6;0;1;0;0;0;0;0;1;1;0;0;0;0;0;3;13;0;4;16;0;0;0;27;5;0;8;0;0;0;0;0;0;0;20;0;0;0;1;1;2;0;3;0;0;0;0;1;0;0;0;0;0;6;0;4;0;7;0;6;0;0;16;6;0;8;15;1;4;1;7;1;0;0;3;0;7;1;0;0;0;0;0;0;0;7;8;0;1;0;0;1;0;0;0;0;0;0;0;0;0;0;0;0;0;0;0;0;0;0;5;3;2;0;2;0;2;0;0;0;0;8;0;0;0;1;2;0;0;0;0;1;2;3;3;0;1;1;0;1;0;2;0;0;0;1;0;0;0;0;0;0;1;0;5;1;0;2;0;0;1;1;1;0;6;1;0;3;0;2;0;0;2;0;0;0;6;1;0;0;0;0;2;11;0;0;0;1;0;0;0;2;0;1;0;0;0;0;0;2;0;0;0;0;0;1;0;0;0;1;1;0;0;0;1;1;0;0;1;2;0;0;0;9;1;0;2;1;1;2;0;0;0;1;0;0;0;0;0;0;0;0;0;0;0;0;0;0;0;0;1;0;1;1;0;0;2;0;0;0;1;0;0;0;1;0;0;0;0;0;0;1;0;0;0;0;0;0;0;5;0;0;1;0;2;0;1;0;4;0;0;0;0;0;0;0;0;1;0;0;0;2;0;0;2;0;0;1;0;4;0;0;0;0;0;0;0;0;1;0;2;0;2;0;0;0;0;1;0;0;1;0;2;3;0;0;3;0;1;2;1;1;0;0;0;6;6;0;0;2;4;0;0;0;0;1;3;10;0;0;1;0;0;0;0;0;0;0;0;0;0
03454000;0;7;1;0;0;3;2;0;8;0;0;0;7;2;0;83;0;0;19;0;16;17;2;7;0;0;83;0;7;28;0;3;12;0;1;7;0;4;2;5;8;6;0;0;11;0;2;0;7;5;0;0;0;17;0;0;1;0;0;0;0;0;0;35;0;0;0;0;0;0;0;0;0;3;0;0;0;18;12;7;0;0;7;14;0;0;5;0;0;0;0;34;0;5;5;0;0;18;6;3;0;0;0;1;3;0;0;7;0;0;0;2;0;0;8;2;0;4;0;12;0;0;0;0;5;0;0;1;2;4;0;0;0;0;0;0;3;0;0;4;6;0;10;0;0;0;0;0;9;0;5;3;0;0;0;0;2;1;4;0;0;0;9;0;2;0;0;0;0;4;0;4;0;4;0;0;5;0;2;0;0;0;0;2;0;2;1;3;0;4;2;1;1;10;0;0;1;0;1;6;0;0;4;2;1;0;0;0;10;0;3;5;1;8;4;2;0;1;0;1;0;2;2;0;2;2;3;2;3;0;0;2;2;3;0;0;5;0;3;1;8;0;2;0;1;0;1;1;0;2;1;0;0;0;3;1;0;2;3;0;0;0;1;0;1;0;0;0;2;0;0;0;0;0;0;1;0;1;1;0;0;2;1;0;0;0;4;0;0;0;0;2;0;1;2;0;2;1;0;1;0;0;1;0;7;0;0;3;0;0;0;0;9;1;0;5;2;0;4;0;0;5;0;1;8;2;0;0;0;1;15;2;0;0;2;1;4;6;1;0;2;0;5;19;0;3;4;0;3;2;0;0;0;0;0;0;0;0;2;0;0;1;0;7;0;0;0;0;0;0;0;0;0;5;1;0;0;0;0;0;1;0;0;0;1;0;0;0;0;0;0;0;4;1;0;0;0;0;1;0
03455000;3;0;0;2;0;1;0;0;0;7;0;0;0;0;5;10;0;0;0;3;0;0;3;3;1;0;0;0;13;16;0;0;0;0;4;0;0;0;0;0;13;0;0;15;7;7;0;0;0;0;0;0;0;0;0;6;0;0;13;0;0;5;0;0;0;0;0;1;0;3;2;0;0;0;0;0;0;0;1;2;0;1;0;0;6;0;0;0;0;0;0;14;2;6;0;4;0;0;0;0;1;2;0;0;0;0;2;0;0;0;2;3;5;0;0;1;0;0;1;0;1;0;0;0;0;1;0;6;0;0;0;0;0;0;0;0;0;0;0;0;0;0;0;7;0;0;0;0;0;4;0;8;0;0;0;5;0;0;0;0;0;0;0;0;0;0;0;0;0;0;2;0;0;0;0;0;0;0;0;0;1;2;0;2;0;0;0;0;0;0;0;0;0;3;0;3;2;0;0;0;0;0;0;0;0;0;0;0;0;0;0;0;0;0;3;0;1;0;1;3;0;0;0;0;0;0;2;0;0;0;1;2;0;0;0;0;0;0;0;0;0;0;0;2;1;0;0;0;0;0;0;3;0;1;0;0;0;0;0;0;0;0;0;0;0;0;0;0;0;1;0;0;0;2;0;1;0;0;0;0;0;0;0;1;0;0;0;0;0;0;0;0;1;0;2;0;0;0;0;1;0;0;0;0;0;1;0;0;2;0;0;1;1;0;0;2;0;2;4;0;2;3;1;0;2;3;0;0;0;3;0;1;0;0;1;0;6;0;0;1;0;0;0;1;1;0;0;6;0;3;0;3;0;0;0;0;0;0;0;0;0;5;1;0;1;0;0;0;0;0;0;0;2;0;0;2;0;0;0;0;0;0;0;0;3;0;1;1;1;1;0;0;2;0;0;0;0;3;0;0
03456000;1;4;0;0;0;1;0;2;1;1;0;0;0;1;0;15;0;0;4;0;0;1;4;1;0;0;0;0;7;0;1;2;1;0;0;0;1;0;2;5;0;0;0;0;2;0;0;0;1;5;6;13;81;6;0;10;2;0;15;4;0;0;2;4;0;0;6;0;0;0;0;0;0;0;0;0;0;2;0;9;1;0;0;1;0;7;0;1;1;0;0;0;0;1;0;0;0;0;0;0;2;0;0;0;4;0;0;0;0;0;0;3;0;0;0;2;0;3;0;1;3;0;0;1;0;1;0;0;1;0;0;0;1;0;0;3;0;0;0;0;0;0;0;0;0;0;0;2;5;0;0;0;0;3;1;0;0;0;0;0;0;2;0;0;2;0;1;0;0;1;0;0;0;0;0;0;0;0;0;0;0;0;1;1;0;0;1;0;0;2;0;0;3;5;0;6;2;0;1;0;0;1;0;3;0;0;4;0;5;0;2;0;3;0;0;0;0;0;1;1;4;0;0;3;0;4;1;0;0;0;0;0;0;0;0;3;0;5;0;0;0;2;0;5;0;2;0;0;1;0;0;0;0;3;0;4;2;0;0;0;0;2;0;5;4;0;0;0;1;0;1;1;0;0;5;0;0;1;1;0;0;1;2;2;0;0;0;0;0;0;0;0;0;0;1;0;0;0;0;0;0;0;0;0;0;0;0;0;0;0;2;5;2;0;0;0;0;0;2;0;0;0;0;0;0;0;0;0;0;0;0;1;0;2;0;0;5;0;0;0;2;8;1;5;2;0;1;1;5;1;0;1;0;1;2;0;6;0;0;0;1;3;1;0;0;0;0;0;1;3;0;0;1;0;0;0;0;1;0;0;0;0;0;0;0;0;0;0;0;0;0;0;0;0;0;0;0;0;2;0
03457000;0;9;6;2;1;0;2;1;0;1;0;0;0;0;0;30;0;0;1;6;11;0;0;0;7;0;17;0;1;6;0;0;7;0;1;10;0;0;0;0;7;14;0;0;0;15;0;0;0;20;0;0;27;0;0;0;0;0;8;4;0;3;1;0;0;0;5;0;0;0;0;0;0;0;0;0;0;0;5;8;0;0;0;0;0;4;0;0;0;0;7;25;4;0;0;7;0;3;0;0;0;0;0;1;0;0;0;0;0;0;6;0;0;0;0;0;0;0;0;0;0;4;0;0;0;0;0;0;0;0;0;1;0;0;0;0;0;0;3;0;0;0;5;0;1;0;3;1;1;0;5;0;0;0;1;0;1;0;0;1;0;5;0;0;0;0;0;0;0;1;0;4;0;0;0;0;0;0;1;0;0;0;0;0;0;0;1;1;3;0;1;0;4;5;0;5;6;1;0;0;0;0;0;4;0;3;0;0;0;2;1;3;0;1;0;1;2;7;0;2;0;0;0;0;0;0;0;0;0;3;0;0;2;2;1;0;0;2;2;0;0;0;0;0;0;4;3;0;0;0;0;0;1;2;2;0;0;0;0;1;0;0;2;1;0;3;5;2;0;1;0;1;0;0;0;0;0;0;0;0;0;0;0;5;0;0;0;0;0;0;0;0;0;2;0;1;0;3;0;0;0;0;0;0;4;0;2;7;3;0;2;1;2;1;0;0;1;2;0;0;0;4;0;0;1;0;0;1;1;0;0;0;0;0;0;3;3;1;0;0;1;5;0;7;1;3;17;1;1;0;0;2;2;0;0;0;0;0;0;2;0;0;0;0;1;1;4;0;5;0;0;0;0;4;3;7;0;0;4;0;2;0;1;0;0;0;1;0;2;0;0;0;0;3;1;0;1;0;0;0
03458000;0;0;1;0;0;0;0;4;4;1;0;6;0;0;3;12;3;2;6;0;0;1;0;2;0;0;0;0;9;0;0;6;7;0;7;0;0;0;0;6;12;2;0;3;0;0;0;0;0;45;6;126;0;19;0;17;0;0;33;0;7;0;6;8;0;0;0;0;0;1;0;0;0;0;0;0;0;2;0;0;0;0;0;0;0;3;0;0;4;0;0;9;11;15;2;0;0;0;5;1;3;0;4;0;2;0;0;3;4;0;1;1;2;3;0;0;3;6;1;0;5;2;0;0;2;1;0;0;1;2;0;0;0;5;0;0;3;0;3;2;1;0;0;3;0;0;0;0;0;0;0;0;0;0;3;0;0;1;0;0;0;0;2;1;0;0;0;0;0;0;0;2;0;0;0;0;0;0;0;0;0;0;0;0;0;2;4;0;0;0;1;2;0;5;1;2;0;0;5;1;0;0;0;5;1;0;2;0;1;1;0;1;1;0;0;0;2;0;2;0;8;0;0;8;0;0;0;0;0;0;0;1;2;0;0;0;0;0;0;1;3;0;1;0;2;1;2;0;0;1;0;0;1;0;0;0;1;0;3;1;0;0;0;0;0;0;0;0;3;0;0;0;0;0;0;0;0;1;0;0;1;0;4;2;0;0;2;1;0;0;0;0;4;0;1;0;0;1;0;1;0;0;1;5;1;0;0;0;0;1;0;0;1;0;0;2;0;3;3;0;0;4;0;0;0;1;0;0;0;6;0;0;0;2;0;1;3;0;1;2;3;2;0;5;0;0;1;2;3;0;0;0;1;4;1;0;1;0;0;0;4;0;0;1;0;0;1;2;1;0;2;0;0;1;2;0;0;0;0;1;0;0;0;0;0;0;0;2;0;0;0;0;3;0;0;0;0;0;0;0
03459000;0;0;1;3;0;0;5;5;11;2;0;13;7;0;0;0;53;0;61;79;57;60;80;36;45;362;1203;164;69;214;3;19;144;125;85;371;39;150;80;149;4;156;5;68;57;38;319;164;22;65;294;122;277;23;82;109;83;0;19;59;32;0;11;6;0;4;0;3;3;4;0;1;0;1;0;0;0;0;3;28;0;0;4;4;0;0;0;0;21;0;18;55;0;0;0;0;0;0;0;0;0;0;86;7;0;11;0;0;0;0;0;7;2;0;0;5;0;3;1;0;0;0;0;1;0;4;1;0;4;0;0;0;0;0;2;1;0;1;16;0;10;0;2;0;2;1;0;1;2;5;0;0;3;4;0;2;0;0;3;1;0;0;0;0;0;0;0;0;1;0;0;2;1;0;5;5;2;0;9;0;0;1;4;0;1;7;0;4;0;0;2;0;0;17;1;12;3;0;1;0;5;1;2;4;0;0;0;5;1;0;2;12;5;0;4;2;0;0;1;2;0;3;0;6;2;1;0;0;0;0;0;1;1;2;0;0;1;3;3;1;3;0;0;0;0;2;0;1;0;2;3;2;0;0;4;0;0;2;0;0;0;1;0;0;2;0;0;0;0;1;4;0;0;0;0;6;0;0;1;2;0;0;0;0;0;0;2;0;0;0;0;2;0;0;0;0;0;0;0;1;0;3;0;3;0;0;5;1;1;0;1;0;0;0;0;1;0;1;0;1;0;5;4;2;0;0;1;0;0;1;0;0;3;0;0;0;0;0;1;0;3;0;0;0;2;2;0;1;0;0;1;0;0;0;0;4;0;1;1;1;0;0;6;1;0;0;0;0;0;0;0;8;6;0;3;0;0;0;0;1;6;2;0;7;1;0;2;0;0;2;1;0;0;0;0;0;0;1;1;0
03460000;0;0;1;0;1;2;0;5;0;0;4;0;7;0;0;43;0;0;6;0;0;5;0;8;5;0;8;138;0;0;1;0;0;0;2;0;0;6;0;0;0;0;8;0;0;0;0;87;0;0;0;88;42;0;0;0;0;0;0;12;0;26;11;7;0;6;0;1;0;1;0;0;0;0;2;0;4;1;4;0;2;3;1;0;0;0;0;0;2;2;2;10;0;8;0;0;4;20;0;0;2;2;0;0;7;0;3;2;2;0;0;0;0;0;6;0;0;5;1;7;0;0;1;2;0;1;0;3;0;4;0;0;0;3;1;3;0;4;0;1;1;0;0;0;0;0;0;0;5;0;0;0;0;0;2;0;0;0;0;0;0;0;4;0;0;0;0;2;0;0;0;3;1;0;2;0;0;0;1;8;1;3;1;7;4;3;0;0;2;3;2;0;6;1;4;3;0;3;2;0;3;2;0;0;3;0;0;1;3;0;8;4;0;0;0;0;2;4;0;0;0;0;0;3;1;0;0;0;0;0;0;1;0;0;0;0;0;7;0;0;0;0;0;0;0;1;1;0;1;2;2;0;1;0;0;3;0;0;0;1;0;0;1;0;2;1;1;0;0;0;0;0;0;0;0;0;0;0;0;0;0;0;0;3;0;0;0;0;3;1;0;2;2;2;0;0;0;0;0;0;0;0;0;0;0;0;4;1;0;0;0;0;0;0;2;1;1;1;11;0;0;0;1;0;18;0;1;1;2;1;3;6;5;0;0;0;0;0;5;0;0;0;3;4;0;2;1;0;0;4;8;1;0;0;0;0;2;1;0;0;0;0;3;0;0;0;0;2;1;0;0;0;4;1;2;0;0;0;0;0;0;0;1;0;0;0;0;3;0;0;0;1;0;0;0;1;0;0;1;0
03461000;0;2;0;0;2;0;0;2;0;2;0;0;0;1;5;16;0;0;8;2;7;4;0;1;10;0;0;0;12;0;0;2;6;0;0;0;3;2;0;0;6;5;0;0;0;0;27;0;3;44;21;12;11;54;0;0;21;0;0;0;11;0;0;0;0;1;0;1;0;0;0;0;6;0;0;0;4;0;0;7;0;5;0;0;0;0;0;0;0;1;0;3;0;0;0;0;0;2;3;0;2;0;0;0;2;0;0;0;0;0;0;0;0;2;0;0;0;1;0;4;2;0;0;0;0;0;1;0;0;0;0;0;0;2;0;1;0;0;0;0;0;0;0;5;0;3;0;0;0;0;2;1;0;0;0;1;0;0;0;0;0;5;0;0;0;0;2;0;0;0;0;0;0;0;2;0;0;1;0;1;0;7;1;0;1;6;1;4;0;0;7;8;0;0;3;1;1;0;2;0;1;0;2;0;0;0;1;0;0;0;2;2;0;0;1;0;0;0;0;0;1;1;0;6;2;0;0;0;0;0;0;3;0;0;0;0;1;1;0;0;0;0;0;2;2;0;2;0;0;1;0;0;2;0;0;0;0;0;0;1;0;0;0;1;2;0;0;0;0;1;0;0;0;0;0;5;0;0;0;0;0;0;0;3;1;0;0;0;0;0;0;0;1;0;0;0;3;0;0;1;0;0;0;1;3;0;0;0;0;2;0;0;0;0;0;0;0;1;0;0;0;0;0;0;0;0;0;0;2;2;0;0;0;0;1;1;0;0;1;1;0;1;0;0;2;0;4;1;2;0;0;0;0;3;0;0;0;0;0;0;1;2;0;0;0;0;13;1;0;0;1;0;0;0;1;0;0;3;1;0;0;0;0;0;0;0;1;0;2;0;0;0;0;0;0;0;0;0;0;0
03462000;2;3;0;0;7;0;7;0;0;0;1;1;4;0;0;19;0;3;0;0;0;0;0;5;0;0;0;3;2;1;0;2;0;0;5;0;0;3;0;0;0;0;0;0;0;8;20;0;0;18;2;19;8;41;0;10;0;0;12;0;0;0;0;0;0;0;0;0;1;1;0;4;0;0;0;0;0;0;0;0;0;1;0;0;2;0;0;0;0;0;0;3;0;8;0;0;0;0;3;0;0;0;0;0;0;0;0;0;0;5;0;0;3;0;0;0;0;0;1;0;0;0;0;0;0;0;0;0;0;3;0;4;0;2;0;0;7;1;0;0;0;0;1;0;0;0;0;0;0;0;0;0;1;0;0;0;1;1;0;0;0;1;0;0;0;0;1;0;0;0;0;0;0;0;2;1;1;1;0;1;0;0;0;2;4;0;0;1;0;1;0;0;0;0;1;0;0;0;0;0;0;1;1;0;0;0;1;0;0;1;0;0;2;1;0;0;1;0;1;0;1;1;0;1;0;0;1;0;0;0;0;0;0;0;0;1;0;0;2;0;1;0;0;0;0;0;0;0;1;0;3;0;0;0;3;0;0;0;0;0;1;0;0;0;1;0;0;0;0;0;0;0;0;1;0;0;4;1;0;0;0;0;0;0;0;0;0;0;0;0;0;1;0;0;0;0;0;0;0;0;1;0;0;0;0;0;0;0;0;0;0;0;0;0;0;0;0;2;6;1;0;3;0;0;0;1;0;0;0;1;1;0;0;0;1;0;0;0;2;0;0;0;0;4;0;3;0;0;1;1;1;0;2;0;0;0;2;0;0;0;0;0;1;0;0;0;0;0;0;0;3;0;0;4;0;0;0;0;0;1;0;0;0;2;0;0;1;0;3;0;0;0;3;0;0;0;0;0;1;0
04011000;0;0;0;2;0;0;0;9;14;7;0;16;3;8;0;196;0;0;7;0;0;7;0;18;0;0;7;815;0;15;1;8;0;3;45;0;0;0;621;85;13;0;0;531;369;0;0;0;0;0;0;6;1;0;1;0;208;150;0;67;1;0;309;32;6;2;4;0;0;4;0;0;6;2;0;13;0;0;0;47;1;4;0;2;3;0;0;0;1;0;0;41;5;0;0;0;4;0;0;2;4;0;2;0;0;4;0;6;1;0;0;5;4;2;0;0;0;21;0;10;0;0;0;4;6;3;0;0;3;6;0;0;2;7;0;0;2;5;0;0;5;11;0;4;1;0;0;0;0;0;1;7;0;0;0;1;0;0;0;0;1;0;8;1;0;0;1;5;0;3;2;0;4;11;0;1;0;0;13;0;5;0;0;0;13;5;0;0;2;1;0;7;5;0;0;0;30;0;0;2;0;5;0;0;7;10;0;0;7;0;1;18;6;2;10;5;1;0;3;0;0;7;0;60;3;0;0;6;4;0;4;9;8;6;0;11;0;0;0;0;0;0;10;1;0;0;0;3;5;0;0;0;0;6;0;0;0;0;0;0;0;0;0;0;0;2;0;0;2;2;0;0;0;1;0;0;0;1;0;7;3;0;0;8;0;0;0;1;0;0;1;0;0;0;0;0;1;0;0;0;0;0;0;0;3;1;4;0;0;10;0;3;10;8;0;6;0;1;0;1;6;0;0;1;101;2;1;0;5;4;0;1;0;0;0;2;0;1;9;7;3;5;0;0;0;0;0;10;1;0;0;0;0;0;0;0;0;2;0;0;0;15;0;0;0;0;0;0;0;3;3;1;3;0;2;1;0;0;0;0;0;0;0;0;0;0;0;0;4;0;0;0;0;0;3;0;3;0;1;0
04012000;0;0;0;3;0;3;0;0;3;4;0;0;0;0;2;26;3;7;6;0;10;4;0;2;5;0;21;0;2;0;3;0;0;0;253;0;0;4;0;3;0;0;1;0;10;5;3;1;0;0;0;12;4;23;0;0;0;0;0;62;1;0;0;0;16;3;0;7;0;0;9;2;2;0;0;0;1;9;1;9;3;0;0;0;1;2;0;5;4;0;3;5;0;0;4;0;0;0;6;0;1;0;0;0;0;0;1;0;6;10;0;0;0;0;0;0;0;0;0;0;4;0;0;0;0;0;0;5;0;1;14;0;0;0;0;9;0;0;0;2;0;0;1;2;0;1;0;0;2;4;0;0;3;1;0;0;1;1;0;0;0;0;3;0;1;0;2;0;0;0;0;1;0;0;0;0;0;1;0;0;4;0;0;1;0;0;1;0;0;0;1;4;0;0;0;1;7;0;1;9;0;0;0;4;3;0;7;0;0;0;4;1;12;0;0;1;2;0;0;0;0;0;0;6;1;1;1;0;3;0;0;1;0;0;0;1;0;0;0;0;0;0;0;0;1;0;4;0;0;0;3;0;0;1;0;0;0;2;0;1;0;0;0;0;0;0;0;0;0;0;0;0;0;0;0;0;0;0;0;0;4;0;2;0;0;0;0;0;0;1;0;0;2;1;3;0;1;0;0;0;0;1;3;5;0;0;0;0;0;0;2;1;1;1;0;1;3;0;0;0;0;0;0;0;0;0;0;0;0;1;0;0;0;0;0;1;0;0;4;0;0;0;0;6;0;5;0;4;0;0;5;0;0;0;0;5;0;0;2;0;0;0;0;0;1;3;1;0;0;0;0;0;0;0;2;0;4;0;0;0;0;0;0;0;0;0;0;0;3;0;0;0;0;0;0;0;0;2;2;0
05111000;0;2;0;1;0;0;13;4;4;6;0;8;4;0;1;98;0;0;5;0;2;4;0;0;7;0;0;4;2;0;0;7;0;11;0;11;0;0;8;2;0;8;2;0;3;0;0;0;3;0;12;0;0;0;0;5;0;0;0;6;4;0;7;0;127;0;168;0;20;21;0;13;0;0;1698;961;63;4;0;0;0;0;0;0;10;40;0;11;0;0;0;0;0;0;0;0;0;0;0;3;0;0;0;0;0;0;0;0;29;0;0;0;0;0;0;0;0;0;1;0;0;3;16;15;0;0;0;0;0;2;0;0;0;0;0;0;0;0;3;3;4;0;0;1;0;5;0;6;0;0;2;0;4;0;0;0;0;0;3;0;0;0;0;0;0;7;0;0;1;0;0;2;0;0;3;0;7;0;0;0;0;0;4;0;0;1;4;7;0;1;0;4;0;0;0;0;0;0;16;0;0;2;0;6;5;0;0;0;0;0;4;12;5;0;7;0;4;0;0;16;15;2;0;92;2;4;4;9;8;0;3;0;11;8;6;0;3;0;21;5;0;0;1;5;5;0;0;0;2;0;0;4;5;1;1;0;2;3;1;0;0;0;1;0;6;0;5;0;0;2;0;0;0;1;0;0;0;4;0;0;0;0;0;0;4;0;2;7;0;0;2;0;3;0;0;0;0;0;0;0;0;7;0;0;14;2;0;0;7;0;1;0;0;0;0;0;2;17;1;0;0;3;10;0;82;2;0;0;8;0;5;1;2;5;0;1;5;0;0;4;0;0;0;0;0;1;4;0;0;0;3;0;4;4;0;0;0;2;0;0;0;0;0;3;0;0;0;0;0;0;0;0;0;1;1;1;3;0;0;0;0;0;7;0;0;0;0;0;0;0;0;3;0;0;0;2;0;2;0;0
05112000;0;7;0;1;0;7;1;11;0;1;2;5;6;0;0;39;1;5;3;6;0;0;1;3;0;0;0;0;0;3;0;6;1;0;3;0;0;1;0;6;4;5;0;0;0;0;0;0;2;8;17;0;24;5;5;0;1;1;2;3;6;0;0;0;0;0;5;0;128;225;0;1;0;117;0;0;6;889;0;0;1;0;0;0;0;9;0;0;0;27;17;0;8;0;42;0;0;0;0;0;0;1;0;3;0;26;7;0;14;14;0;13;0;0;0;11;9;22;0;3;6;0;2;0;0;7;0;0;3;1;0;0;0;3;0;0;0;0;0;1;2;33;0;12;17;8;1;9;1;0;0;2;0;0;2;6;6;0;4;4;0;0;7;5;2;0;9;2;0;0;0;2;0;0;0;1;0;3;0;0;0;0;9;6;5;0;0;0;0;0;3;0;0;5;4;0;1;4;7;0;1;0;0;1;4;0;1;0;0;0;0;0;4;0;0;3;0;9;0;4;0;7;0;48;6;5;6;0;7;0;1;0;3;0;0;2;6;0;0;1;0;2;1;0;0;0;0;0;3;2;0;0;0;0;0;5;0;0;0;0;0;0;0;0;7;2;0;0;1;0;0;0;5;2;0;0;0;0;1;0;0;0;0;10;2;0;0;0;0;1;0;0;1;0;0;0;4;0;1;0;0;0;0;4;2;0;2;0;1;0;5;2;0;6;0;0;0;2;0;0;0;6;2;2;7;4;0;0;0;6;0;0;0;5;0;1;0;0;6;0;0;5;0;0;0;6;1;7;0;0;5;0;0;0;0;0;0;0;6;0;0;0;0;0;0;0;0;0;0;2;0;1;0;0;0;0;0;0;0;0;0;0;0;3;0;0;0;0;0;0;0;1;0;0;0;0;1;0;0;0
05113000;2;3;0;4;0;5;3;0;8;0;0;0;14;1;12;31;19;0;0;7;0;1;0;1;11;0;24;3;17;6;6;4;0;0;5;0;2;13;0;8;4;0;8;6;0;5;1;0;1;5;24;8;23;1;10;5;14;0;0;0;6;0;0;237;9;0;52;0;479;59;198;22;104;1202;432;325;177;404;79;100;60;0;48;52;56;35;0;5;36;107;44;152;111;0;596;230;3;0;13;18;33;0;18;42;50;2;0;119;141;132;7;18;49;0;409;34;15;43;0;6;3;0;8;19;0;4;0;0;1;0;1;0;0;0;0;0;0;0;10;2;10;0;0;7;6;0;3;0;0;0;0;0;0;7;0;0;1;3;0;0;0;2;0;0;0;3;2;0;0;0;0;1;3;1;0;0;9;1;4;0;0;0;0;0;18;10;0;2;0;0;0;0;7;0;0;3;0;0;5;0;0;0;0;5;1;0;0;0;0;0;1;0;6;3;0;0;0;0;0;0;1;0;12;47;1;0;0;0;4;1;7;0;2;0;6;0;7;0;20;0;1;7;5;3;1;5;0;0;0;0;0;2;0;0;3;0;0;0;0;0;0;1;0;0;1;4;0;0;3;0;0;4;0;0;0;0;0;0;4;0;0;7;0;21;0;1;0;9;0;0;0;0;6;0;5;0;0;0;3;0;0;0;0;0;0;0;0;5;0;2;1;0;0;0;14;4;0;4;3;0;2;0;0;0;60;0;0;4;0;3;5;4;6;0;0;0;0;1;0;1;0;2;2;0;0;0;11;0;0;0;5;0;0;0;0;0;7;0;0;0;1;0;0;3;0;0;0;0;0;0;0;2;0;0;0;3;4;4;0;0;0;0;0;0;0;0;0;0;0;2;1;0;0;0;0;2;0;0;0;0
05114000;0;4;0;0;0;0;10;2;5;6;8;0;5;2;0;16;0;0;0;2;0;0;4;0;3;0;5;5;0;0;4;0;0;0;0;3;3;0;0;4;3;0;1;1;1;0;10;0;5;0;12;4;4;2;0;0;7;7;0;3;1;0;2;0;0;0;0;0;0;4;0;0;1;0;0;0;223;60;0;18;0;2;0;0;0;40;0;0;0;4;3;13;0;0;0;0;0;0;0;0;0;11;3;0;0;0;5;0;0;0;0;11;0;0;0;0;2;0;1;8;0;0;0;0;5;5;0;0;2;0;0;0;2;2;4;0;0;0;0;1;0;0;0;0;6;2;0;1;0;7;4;2;5;0;0;0;4;0;0;0;0;0;4;0;0;0;4;0;1;1;0;0;3;0;0;0;0;0;0;0;0;21;3;0;2;0;2;0;0;0;1;4;0;0;0;0;3;2;0;0;0;0;0;0;0;0;0;1;4;0;22;19;4;6;8;0;0;2;0;0;0;7;5;0;3;1;12;2;0;0;2;0;0;2;0;0;3;1;0;0;0;0;3;2;3;3;0;1;3;0;1;0;0;0;0;1;0;1;0;0;0;0;0;0;1;3;0;1;0;0;2;0;0;0;0;0;0;0;0;0;0;0;0;10;0;0;3;1;0;0;0;0;0;3;0;4;1;0;0;0;0;0;0;3;1;0;2;0;0;1;0;0;2;2;0;0;1;0;0;0;1;4;1;0;8;1;1;0;2;4;0;0;1;0;3;2;0;1;4;0;0;2;0;0;0;4;0;0;0;0;0;0;0;0;0;0;4;0;0;0;0;0;1;2;0;0;4;0;1;0;1;1;0;0;6;1;1;0;0;0;0;0;0;0;0;0;0;0;0;0;0;0;0;1;0;5;0;0;0;0
05116000;1;0;1;1;5;0;5;0;1;3;0;4;7;1;0;18;0;0;0;0;0;2;0;3;1;0;0;0;0;0;2;0;1;5;2;1;0;2;0;6;4;1;0;0;0;0;8;11;0;8;5;0;3;0;7;14;1;0;0;0;3;7;0;125;6;26;101;0;356;6;120;0;189;1008;440;199;599;291;82;80;108;39;175;22;115;460;3;27;80;9;0;187;62;0;469;128;8;29;39;37;66;13;0;37;51;56;8;182;154;3;5;23;49;0;394;38;3;0;2;11;0;0;9;2;6;3;8;10;0;0;0;3;0;0;0;0;4;2;6;0;0;0;0;9;0;0;4;1;15;0;0;0;0;0;4;12;1;0;0;3;0;0;4;0;0;1;0;0;0;0;0;5;2;0;0;1;0;0;9;2;0;0;2;1;3;2;0;0;0;2;4;0;0;0;0;3;0;0;7;0;0;3;1;0;9;7;2;2;0;0;0;5;0;5;0;2;0;1;0;7;3;2;5;1;0;2;4;0;0;0;0;0;0;1;2;0;1;4;6;0;0;4;1;0;1;0;0;0;0;0;0;7;0;2;0;0;3;0;3;0;1;0;0;3;0;0;0;0;0;0;0;0;0;4;0;16;0;0;0;0;0;0;7;5;0;4;0;6;0;0;0;0;1;0;2;0;0;1;0;0;0;0;0;3;6;4;11;0;1;0;0;0;1;0;1;3;2;0;0;2;1;5;7;0;11;2;1;0;6;2;0;0;3;0;1;1;1;0;0;0;2;0;3;6;2;3;0;3;0;1;0;0;0;4;0;3;0;1;7;1;13;6;0;5;0;0;7;0;0;5;0;0;0;2;0;0;0;0;4;0;0;0;0;3;0;0;0;0;0;0;0;0;0;0;0;0;0;0;0;0
05117000;0;0;0;3;3;3;0;3;0;0;3;4;0;4;0;12;7;1;6;0;1;0;3;0;1;4;10;1;9;1;0;0;0;1;1;0;0;0;0;0;2;5;0;1;0;1;0;0;9;0;9;0;5;1;5;3;1;0;0;3;0;0;0;0;0;0;22;0;0;43;0;0;0;117;5;45;35;195;0;0;18;0;10;39;2;0;9;43;29;15;12;26;26;29;15;10;8;0;0;4;0;21;8;0;68;2;18;10;5;23;0;12;7;0;0;0;2;2;9;0;0;2;4;0;0;4;0;0;7;5;0;1;0;11;0;5;0;0;5;1;2;5;4;0;0;0;0;0;0;4;0;0;0;3;0;0;1;2;0;0;0;7;0;1;0;1;2;2;0;1;0;0;0;1;0;0;1;0;6;0;3;6;2;2;1;0;4;3;2;0;1;2;0;0;0;2;5;0;0;0;0;4;1;4;0;4;3;0;0;6;0;3;0;0;4;0;0;2;1;14;1;3;6;0;6;4;0;0;0;0;0;0;0;0;1;1;0;0;1;0;0;1;0;0;0;1;0;0;0;0;0;1;0;0;1;1;0;0;0;2;0;0;0;0;0;0;0;1;0;0;0;1;0;1;0;0;0;4;1;0;0;1;1;0;2;0;0;1;3;0;0;0;0;0;0;5;1;0;0;0;1;0;0;3;4;0;1;0;2;0;0;0;0;0;1;1;1;3;0;2;0;0;0;0;0;0;0;1;0;0;0;1;0;2;3;6;1;0;1;1;1;3;0;2;0;1;0;3;0;4;0;0;0;0;0;0;0;0;2;0;0;2;0;0;0;0;0;0;0;2;2;1;0;0;0;0;1;0;0;0;0;1;0;0;3;0;0;0;0;0;0;1;0;0;0;0;0;0;0;0
05119000;0;0;1;0;4;2;9;0;0;4;3;6;5;0;0;0;0;0;0;0;1;0;0;0;3;0;6;0;0;6;0;0;0;0;2;0;0;1;0;1;1;0;0;2;2;0;1;9;0;0;0;0;5;0;6;4;0;0;0;1;0;0;5;0;0;0;0;0;0;0;0;0;0;16;4;0;0;135;3;14;0;0;2;0;0;0;17;0;7;143;0;5;0;0;47;0;1;0;0;0;8;2;3;0;5;0;0;0;0;0;2;0;0;0;0;1;1;10;0;0;5;2;7;0;5;0;1;3;0;2;0;0;0;0;0;0;4;0;0;4;3;0;1;3;3;0;3;0;0;0;3;0;0;1;5;0;3;0;0;0;0;1;0;2;0;0;0;0;1;0;2;0;3;0;0;1;1;0;11;0;0;0;0;0;0;0;1;1;2;3;1;0;2;0;0;3;1;3;7;3;0;1;4;2;0;0;0;0;0;0;0;1;1;0;1;0;0;0;0;4;0;0;0;5;2;0;3;0;1;1;0;0;0;0;1;0;4;1;0;0;2;3;0;0;1;0;0;1;0;0;0;0;0;0;0;0;1;0;0;0;0;0;6;0;0;0;0;0;0;3;0;0;0;0;0;0;0;0;0;0;3;2;1;2;1;0;3;2;2;3;0;0;6;0;0;2;2;1;0;0;2;0;0;1;0;0;0;0;0;0;0;2;5;0;2;0;0;0;0;1;0;0;3;4;0;0;0;0;0;0;0;0;0;0;0;0;2;2;2;0;1;0;0;0;0;0;4;0;0;3;1;0;0;0;0;0;0;1;1;0;0;0;1;1;0;0;5;6;1;0;7;2;1;0;0;0;0;0;0;2;2;0;2;1;0;0;0;0;1;0;0;0;0;0;1;0;0;0;0;0
05120000;0;2;1;0;3;1;0;0;4;4;5;2;1;0;1;15;4;0;1;0;0;0;0;0;1;0;2;0;2;3;0;1;0;0;5;0;0;0;0;7;0;0;0;0;0;0;12;0;2;0;10;0;10;0;2;3;0;0;7;4;2;5;0;60;17;0;16;0;12;4;0;0;0;13;14;1;9;15;0;0;0;9;0;30;23;0;94;43;0;8;0;5;0;21;0;0;0;0;0;0;0;0;12;0;18;12;0;6;5;0;0;8;2;8;6;0;2;2;1;5;1;1;0;1;0;0;0;0;1;0;0;4;2;0;0;4;0;5;3;4;2;10;0;5;0;1;4;0;0;3;0;0;0;1;11;3;4;0;0;0;1;1;2;0;0;0;0;0;2;0;0;1;0;0;0;0;0;0;0;0;0;0;1;17;0;0;0;0;1;1;5;0;1;0;0;1;1;0;0;2;0;2;0;2;5;0;0;0;1;0;1;0;2;1;1;0;0;0;3;1;0;0;0;4;0;0;0;0;0;0;0;0;0;2;0;3;0;1;0;0;0;1;2;7;1;0;0;0;0;0;1;2;6;0;0;0;1;0;3;0;0;0;0;0;0;1;0;1;1;0;0;0;0;0;0;2;0;3;0;0;0;0;2;4;0;0;0;0;1;3;1;0;0;2;1;1;0;0;1;0;0;0;0;4;3;0;0;0;0;1;0;0;0;2;0;0;0;0;0;0;3;0;0;0;17;0;0;2;1;0;2;0;0;0;0;1;1;0;0;0;0;0;1;0;0;2;0;0;1;4;1;2;0;2;0;0;0;0;0;2;0;0;0;0;0;0;1;0;2;1;0;2;0;0;0;2;0;0;0;0;0;0;0;3;0;0;0;0;0;0;1;0;0;0;0;0;0;1;0;0
05122000;0;7;0;3;1;0;0;8;0;3;3;0;1;0;3;9;0;3;2;2;0;1;5;0;1;0;5;0;1;2;3;2;3;1;5;6;0;0;3;0;1;0;0;0;0;4;2;1;2;0;13;0;12;8;0;20;0;0;1;5;0;18;0;0;0;0;7;16;4;5;0;0;0;0;0;0;2;7;0;0;0;0;0;0;1;16;0;4;0;0;7;0;0;0;0;0;0;2;0;0;0;4;2;0;7;10;14;3;0;38;1;0;0;0;0;0;0;0;0;0;0;3;3;0;0;2;0;1;0;0;0;0;4;0;1;4;1;1;0;0;0;2;0;3;0;3;1;3;4;0;1;0;2;2;5;0;2;5;0;0;0;0;0;0;0;0;1;0;0;1;0;1;2;0;0;2;1;0;5;0;3;1;1;0;0;0;1;2;0;0;1;0;3;0;0;0;0;1;3;6;0;7;0;2;0;1;2;0;1;0;3;8;0;1;1;0;0;0;1;4;0;0;2;0;0;1;3;4;1;0;0;0;3;3;4;0;0;2;4;0;2;0;0;0;1;0;1;0;0;2;1;1;0;0;0;0;2;3;3;0;2;0;0;0;0;0;0;0;3;0;0;0;0;0;1;0;0;0;0;0;0;4;0;0;0;0;0;0;0;1;0;0;0;0;0;0;4;0;0;0;2;0;0;0;1;0;0;0;2;0;0;0;0;1;1;0;0;0;0;0;1;1;0;1;0;0;3;0;0;3;2;0;6;2;0;0;1;0;0;0;0;0;0;1;0;3;0;0;0;1;5;1;0;0;0;1;1;1;6;0;0;3;0;0;1;1;3;2;0;0;0;5;0;1;6;3;0;0;0;0;0;3;1;3;0;0;3;0;0;5;1;0;1;0;0;2;0;1;0;0
05124000;0;7;15;4;1;0;12;4;0;8;0;0;5;0;0;20;6;9;2;3;0;13;9;0;0;0;0;4;9;0;0;14;4;0;0;3;3;3;0;3;3;0;0;0;2;2;4;5;9;1;24;3;11;9;4;13;13;2;4;0;5;0;0;83;19;0;0;0;6;3;140;21;0;0;140;0;0;2;0;0;21;0;3;56;0;11;130;73;0;0;15;18;0;0;76;0;5;0;0;12;0;30;0;0;74;30;19;0;4;312;0;56;21;0;1;0;12;17;0;0;0;4;2;0;5;0;0;0;6;0;0;0;8;1;0;0;0;0;0;8;7;0;2;0;30;1;0;0;6;17;3;5;0;9;0;5;0;0;0;0;0;0;6;1;0;3;0;2;2;0;0;1;0;3;1;1;0;0;3;8;0;0;7;0;1;0;3;0;0;4;2;3;6;0;0;0;5;1;5;0;1;1;6;5;7;0;2;0;11;6;7;2;6;0;0;5;0;4;0;10;0;8;0;40;4;0;2;0;0;3;3;3;0;4;0;4;8;1;10;6;0;7;3;4;1;2;0;0;2;2;1;4;0;0;0;0;0;3;0;0;3;2;3;0;0;0;0;0;0;0;0;1;0;0;0;0;4;0;0;0;1;0;5;0;0;0;0;0;0;0;1;3;7;2;0;5;0;0;3;0;0;0;0;7;8;0;7;0;3;2;0;0;1;1;3;3;0;4;0;0;0;8;8;0;10;4;0;2;0;0;0;0;0;1;1;0;0;0;2;0;1;0;2;0;0;0;0;11;8;2;2;3;1;0;1;0;0;0;3;0;0;13;0;1;1;0;0;0;5;0;0;0;0;0;0;0;3;1;6;0;0;0;0;0;0;5;1;0;0;0;0;0;0;0;0;7;0;0;0;2
05154000;4;10;0;4;0;2;8;4;9;0;0;9;2;1;4;9;0;0;0;4;4;0;0;3;0;0;0;0;0;0;1;1;0;1;8;11;1;3;6;3;0;0;1;2;0;2;0;1;0;1;7;3;0;4;1;2;1;0;7;2;0;0;4;127;0;0;60;0;0;0;0;6;15;0;0;0;0;0;0;0;7;27;0;92;0;53;38;86;26;15;28;22;120;71;0;10;13;0;0;10;9;18;7;0;82;38;7;0;0;10;26;45;0;0;0;0;0;1;0;0;3;0;2;0;9;0;0;0;0;3;0;3;2;0;0;1;5;1;0;0;0;2;0;5;3;0;0;0;0;5;0;0;4;1;0;0;0;0;0;0;0;0;7;0;8;0;1;0;0;5;1;0;3;1;4;0;0;0;0;0;4;3;0;7;5;0;0;0;0;0;5;1;2;6;3;10;0;0;2;4;0;3;1;8;0;0;0;0;0;0;2;0;0;0;0;0;2;0;0;6;3;2;5;17;3;2;1;0;0;4;1;1;5;2;0;1;3;4;0;4;2;0;0;8;0;0;0;0;1;0;0;0;0;0;0;4;0;1;0;0;0;0;1;0;1;0;0;0;0;0;0;0;1;1;0;4;1;0;0;0;0;3;0;0;0;0;10;0;0;0;0;0;0;4;3;0;0;0;0;0;0;2;0;2;0;0;0;0;0;2;0;0;0;0;0;2;1;1;4;0;1;0;0;6;23;0;5;0;0;0;6;1;4;0;0;0;1;4;2;0;3;1;1;0;3;0;2;0;0;7;0;2;0;1;0;0;2;2;0;3;5;8;5;0;0;0;0;2;0;3;1;0;0;0;0;0;0;0;0;0;0;1;0;4;0;0;0;2;1;0;0;0;0;1;0;0;0;0;1;0
05158000;3;0;4;0;1;2;13;10;0;1;6;11;0;0;0;31;0;0;0;7;0;1;0;0;5;0;0;0;1;2;6;4;10;0;0;9;0;0;0;8;2;3;0;1;5;1;10;0;0;0;41;9;11;16;10;13;2;12;0;4;19;3;1;0;77;0;100;0;0;0;0;122;0;4;0;0;65;54;0;0;0;48;0;43;0;73;34;84;16;8;22;54;54;20;0;0;13;0;0;0;0;16;0;0;79;0;0;0;0;17;7;26;0;24;0;0;1;0;0;13;2;5;8;0;0;0;0;5;4;0;0;4;0;7;0;1;0;0;3;3;0;2;0;4;0;11;7;0;0;20;7;3;0;0;2;10;0;0;0;0;0;8;7;0;0;0;1;0;2;5;0;0;0;0;4;9;5;0;0;0;0;2;0;0;9;8;0;5;0;0;0;6;0;0;2;4;0;0;1;5;3;0;0;0;0;0;0;0;0;0;10;7;0;2;2;0;0;6;3;5;0;0;0;16;0;5;0;7;0;3;6;0;1;6;0;0;4;0;4;0;0;2;7;15;2;0;0;0;0;3;0;0;2;0;4;0;0;0;3;0;0;0;2;1;5;0;0;0;0;2;0;1;0;0;8;0;1;0;0;0;1;0;0;12;0;0;0;1;2;0;1;0;8;0;0;4;4;0;0;0;0;0;4;0;3;0;1;1;0;5;0;0;0;4;5;2;0;1;2;0;0;0;0;7;5;1;0;0;4;2;0;0;0;2;0;6;0;1;2;4;1;1;4;0;0;1;1;3;0;11;5;0;0;7;2;0;0;0;5;2;7;0;0;0;0;0;2;0;1;0;0;0;2;3;0;2;0;0;0;0;0;0;5;2;0;0;0;0;0;1;0;0;0;0;0;0;0;1;3;0
05162000;2;0;9;0;5;2;11;12;0;1;5;5;4;0;1;46;0;5;6;4;0;0;2;0;0;0;26;11;2;0;0;5;0;22;4;1;0;1;3;2;0;0;0;0;0;2;0;0;0;1;36;1;9;4;10;6;0;10;2;9;1;0;3;0;12;0;138;0;0;8;0;35;42;1;73;0;242;50;0;0;3;0;42;59;0;197;13;28;69;0;0;25;16;18;0;0;0;0;0;0;0;15;9;0;7;0;0;0;0;0;0;27;0;0;0;0;1;15;2;2;0;5;0;0;2;0;0;0;9;0;9;0;0;2;0;0;0;0;0;5;0;4;0;4;13;0;0;0;2;13;6;10;8;13;15;0;25;2;0;0;2;0;1;2;0;0;3;0;0;0;0;0;1;0;5;0;0;1;0;0;10;0;0;0;5;0;2;0;1;1;1;0;4;5;4;3;11;0;3;0;0;1;0;17;0;0;0;2;3;10;20;0;1;0;3;0;6;0;4;3;2;14;6;25;4;7;0;2;4;0;0;0;0;0;9;3;0;0;0;3;8;6;3;6;0;1;2;0;1;0;5;2;4;0;0;2;1;5;0;0;0;2;0;0;2;1;0;0;5;1;0;0;0;0;2;1;0;1;0;2;1;0;1;0;1;0;0;0;3;0;0;1;0;0;0;0;1;1;2;0;0;0;0;3;0;2;1;0;0;1;0;0;3;1;6;0;0;3;0;0;0;2;4;0;0;5;5;0;1;0;4;0;0;2;0;1;0;3;1;2;5;0;0;0;5;0;4;5;4;9;3;0;0;0;3;4;0;0;0;2;0;0;0;0;0;9;0;1;0;0;0;0;0;4;0;0;0;0;0;3;0;0;0;3;0;2;0;0;1;1;0;0;1;0;0;2;0;0;2;0
05166000;4;1;1;0;0;1;6;5;3;0;1;6;1;2;0;6;2;0;0;0;2;0;0;1;0;2;5;2;2;5;0;0;13;0;0;1;0;0;0;1;3;4;0;7;0;0;0;4;0;0;4;0;4;2;6;18;1;5;0;0;1;0;0;0;0;0;0;0;0;2;0;0;22;21;0;0;0;0;0;0;0;26;0;11;5;170;11;13;2;0;4;13;15;27;0;0;0;0;0;0;0;9;8;0;27;18;0;0;0;5;0;6;0;0;0;0;2;6;3;0;0;0;0;5;2;1;1;0;5;1;6;9;5;5;1;1;1;0;2;2;6;2;1;6;1;3;2;7;4;0;5;0;12;0;7;0;13;3;0;7;2;2;0;2;0;0;0;0;2;1;0;2;0;0;1;0;3;1;3;1;0;1;0;8;0;0;0;0;0;0;0;1;9;2;0;3;1;0;1;0;3;2;0;2;2;0;0;0;0;0;6;7;3;0;6;0;2;0;0;0;0;2;0;10;0;0;5;0;0;0;2;4;4;0;1;3;4;0;0;1;3;2;1;2;0;1;0;0;4;6;2;0;0;0;1;2;0;0;0;2;1;0;1;0;0;0;2;0;0;0;1;1;0;0;0;1;0;0;0;0;0;0;2;4;0;3;0;0;0;2;0;0;1;3;3;0;2;0;1;0;0;0;6;3;3;0;0;0;3;4;3;0;2;6;5;0;0;6;7;0;1;0;0;2;32;0;0;4;1;1;3;0;0;1;2;0;0;3;2;0;0;1;0;0;0;0;0;0;0;0;6;1;2;11;1;0;4;1;3;0;0;0;1;1;0;0;0;2;5;0;4;0;0;1;0;1;0;0;0;1;0;2;0;0;2;0;3;0;1;0;0;0;0;0;0;2;0;0;1;0
05170000;2;0;4;2;9;0;0;14;9;5;0;0;0;0;12;24;0;3;0;1;0;0;1;0;5;0;3;2;1;9;1;7;2;0;0;1;0;0;0;0;6;10;7;0;0;0;0;7;9;0;27;6;0;1;0;4;0;3;0;8;11;8;0;0;0;0;0;0;0;0;0;0;0;75;0;0;44;0;0;0;7;4;0;18;0;22;3;41;6;0;22;2;96;6;0;0;11;0;0;0;0;9;5;0;50;10;17;0;0;9;24;0;0;0;0;0;3;0;0;0;0;12;0;3;0;4;1;0;0;0;0;2;0;0;6;0;0;5;0;0;14;4;0;5;0;0;3;9;3;0;0;0;0;0;0;4;2;0;0;3;0;0;1;1;2;2;2;1;4;0;0;0;1;8;3;0;3;0;0;15;0;0;0;1;3;0;2;0;0;0;1;0;2;8;0;6;0;1;6;2;0;3;2;0;2;2;0;0;0;0;2;6;8;3;0;0;0;0;0;0;5;0;0;3;2;0;0;3;2;5;0;0;2;0;3;3;0;3;1;0;0;5;1;0;0;2;6;0;0;0;3;1;3;0;2;0;0;0;1;1;0;3;0;0;1;1;1;1;0;0;0;0;0;0;1;1;3;0;0;0;0;1;3;8;0;3;0;1;1;2;1;0;0;1;6;0;0;0;1;1;5;3;1;0;0;0;1;0;0;0;0;3;4;0;0;0;0;0;7;0;0;0;3;0;0;1;4;0;0;0;0;0;0;3;0;0;3;0;1;0;0;0;0;0;0;3;0;0;3;3;0;5;4;0;2;5;1;0;4;0;0;0;0;0;0;0;0;1;0;0;0;0;3;0;0;0;0;1;0;0;0;0;3;0;0;0;0;0;0;0;0;0;1;0;4;0;0;0;0;0
05314000;3;0;0;0;0;0;1;0;3;0;0;7;7;0;0;27;0;1;1;0;0;1;6;0;0;0;0;0;0;0;0;0;0;7;0;0;2;4;0;0;0;0;0;0;0;0;0;11;0;0;2;6;0;0;1;0;5;0;0;4;0;7;0;135;10;0;28;0;112;0;87;7;152;116;217;132;6;14;0;160;248;0;460;158;1117;155;34;0;1664;5;2;63;18;19;370;85;0;0;14;50;39;2;9;40;0;5;0;119;107;4;0;0;46;5;299;0;2;11;6;0;2;0;0;3;0;1;0;7;0;0;0;0;0;0;0;0;0;11;0;0;5;3;0;309;0;0;0;0;1;82;0;0;0;0;0;3;0;0;0;0;0;0;35;0;2;1;0;2;3;2;0;0;0;0;0;0;11;1;0;0;3;0;0;8;0;0;1;0;0;0;0;1;0;12;1;0;0;0;1;0;0;0;4;11;4;0;0;0;5;5;0;12;0;0;0;0;0;0;4;0;11;0;0;87;4;3;1;0;0;0;3;3;6;13;5;1;0;2;14;0;7;0;0;3;0;3;0;0;0;0;0;1;2;0;0;0;0;0;13;0;0;1;0;0;8;0;3;3;0;0;0;1;0;0;0;1;0;0;0;0;0;2;10;5;0;0;4;0;0;0;0;0;6;0;0;0;1;1;0;0;0;5;1;0;0;0;0;1;0;3;2;1;0;0;7;1;0;0;0;0;0;0;4;0;89;0;0;0;10;8;0;0;6;0;5;0;4;0;4;0;1;0;0;5;1;3;1;14;3;0;5;8;1;4;0;1;0;0;6;0;8;6;0;0;0;0;2;2;0;0;0;0;0;3;0;1;0;0;0;0;0;0;0;0;0;0;0;0;0;0;0;0;0;0;0;0;0;0;3;0
05315000;0;0;10;2;0;0;12;12;0;7;10;14;4;8;3;84;3;0;0;0;0;0;0;5;1;0;0;0;0;0;0;0;0;0;7;3;6;0;1;0;0;0;0;0;0;0;0;0;2;0;24;8;0;0;0;0;3;0;2;0;12;0;0;113;20;0;0;0;85;0;88;10;22;41;415;165;19;60;0;0;834;0;489;2260;811;67;26;1282;691;0;0;0;0;10;317;0;0;0;0;23;17;0;0;0;0;0;28;114;55;0;0;0;5;0;53;0;0;16;0;0;2;0;0;0;0;0;4;0;0;0;183;0;0;0;1;0;0;0;0;0;0;0;0;38;0;0;0;4;10;0;0;0;1;0;0;9;17;0;0;0;0;0;0;0;0;2;4;0;0;0;3;0;1;0;0;0;0;0;0;3;0;0;0;0;0;0;3;0;0;0;0;0;0;0;0;0;0;0;0;1;0;0;4;0;0;0;0;0;0;0;12;0;0;0;0;3;0;14;0;0;0;0;0;119;1;0;4;0;0;3;0;0;0;0;7;1;2;0;32;2;21;10;3;0;0;10;0;0;1;0;0;0;0;1;0;0;0;4;0;3;0;0;5;0;1;2;0;0;0;0;4;0;0;0;0;0;0;3;4;0;0;0;0;0;0;0;0;0;5;7;1;1;0;0;0;12;12;0;0;0;0;5;2;0;0;1;0;0;2;9;0;0;0;2;7;0;1;6;0;0;0;0;0;0;270;0;0;3;2;2;7;0;0;0;3;0;0;6;0;0;7;6;2;0;9;2;4;6;0;0;0;6;0;0;1;0;0;0;3;1;0;0;0;0;0;0;0;1;0;0;0;4;0;0;0;6;0;2;0;0;0;4;0;0;0;5;0;0;0;0;2;0;0;0;0;0;0;0;0;0
05316000;0;6;0;0;0;0;1;2;4;0;7;0;0;0;1;0;0;1;0;1;0;0;0;0;0;0;0;0;2;0;0;0;0;0;0;0;0;0;0;0;0;2;1;1;0;0;7;2;4;0;13;5;15;8;0;2;2;2;0;1;2;0;0;28;0;0;9;0;0;0;29;82;0;0;225;0;22;0;0;0;0;23;37;135;20;22;45;135;34;6;0;13;0;4;0;0;3;0;0;0;0;1;0;0;3;0;0;0;0;0;0;16;1;0;0;0;0;0;0;0;0;0;0;10;0;6;0;0;0;1;0;5;1;1;1;0;0;0;0;0;6;3;0;12;0;0;0;0;0;0;0;0;0;6;4;0;6;0;0;0;0;0;0;0;0;1;1;0;3;0;0;1;0;0;0;1;4;0;5;3;0;0;0;0;0;0;0;1;2;1;0;2;1;5;0;3;3;0;2;1;3;1;0;0;2;1;0;0;5;0;4;9;0;0;4;0;0;0;0;0;0;1;2;0;0;0;0;0;0;0;0;1;8;0;1;3;0;1;0;0;0;0;0;4;0;0;1;0;0;0;0;7;0;0;2;1;0;1;2;0;0;1;0;0;0;0;1;0;3;0;0;0;0;0;0;0;2;0;0;0;0;0;2;8;0;0;0;1;0;0;0;0;0;0;1;0;2;0;2;0;5;0;0;0;0;2;0;0;4;0;0;0;3;0;1;0;0;3;0;0;0;0;3;1;0;0;1;3;0;0;0;0;0;0;0;0;2;0;1;0;4;2;0;0;0;0;2;4;0;0;0;0;0;0;0;0;0;0;4;0;0;0;1;0;2;0;0;0;0;0;1;0;0;0;0;0;0;1;0;0;1;0;0;1;0;0;0;0;0;0;0;0;0;1;0;0;0;2;0;0
05334000;1;0;27;0;2;0;3;0;17;0;3;0;0;0;0;117;5;14;0;0;0;1;0;0;3;0;15;4;4;4;7;0;2;0;5;0;0;0;4;0;4;5;0;8;3;0;1;0;0;0;0;4;7;0;3;4;0;0;0;0;0;0;1;252;46;2;0;0;0;7;0;8;4;0;0;11;0;0;40;367;0;0;81;37;0;248;0;50;0;17;33;21;0;9;0;0;16;0;0;0;0;0;21;0;9;26;0;0;7;0;0;13;0;6;0;0;3;88;0;0;3;6;19;18;0;0;6;20;0;0;9;0;0;0;0;0;0;1;0;4;0;0;0;18;0;5;0;9;29;0;0;3;9;0;0;0;0;0;1;0;0;6;20;0;0;11;5;0;1;0;2;0;0;4;0;5;3;0;86;37;12;0;19;1;8;0;0;0;8;4;0;0;22;2;0;0;6;4;9;0;4;4;2;8;14;4;7;2;0;3;0;17;5;6;6;0;23;5;9;11;6;0;36;294;5;3;3;1;9;5;0;0;17;0;2;3;0;1;22;0;0;6;3;3;0;7;20;0;0;0;3;0;5;0;5;0;0;3;2;0;0;1;6;0;0;2;0;0;10;1;0;0;0;0;0;0;0;2;7;1;0;30;6;21;0;2;2;0;0;0;5;0;10;0;5;0;0;0;8;0;0;0;0;0;20;0;3;7;1;0;0;0;10;0;0;3;4;9;0;0;0;0;0;0;169;0;4;0;0;0;0;2;3;0;3;0;0;0;0;5;5;0;0;0;0;9;0;1;0;3;1;2;0;0;6;0;0;0;0;0;0;4;1;0;2;0;0;3;0;0;0;1;0;0;0;2;3;0;0;0;0;0;4;1;0;0;0;0;0;0;0;4;0;0;1;0;0;0;0;1
05358000;0;0;0;0;1;3;0;0;0;0;1;3;3;5;0;4;7;0;0;0;0;2;0;0;0;0;1;0;5;0;0;0;0;0;0;0;0;13;1;0;8;0;3;1;3;0;1;3;0;2;7;0;0;6;7;4;1;0;0;1;5;4;5;14;49;0;16;0;0;0;2;3;0;5;1;0;6;2;0;0;0;0;0;0;82;13;22;20;14;16;18;0;29;15;0;29;5;0;0;6;0;23;4;0;57;11;14;0;0;5;0;28;4;1;0;0;6;18;5;1;0;2;0;6;4;1;3;10;1;2;0;1;0;2;1;6;1;0;9;4;8;3;0;20;3;1;0;1;8;0;0;4;0;0;3;0;13;0;3;0;0;6;0;0;0;0;0;0;0;3;0;0;4;0;0;0;1;2;3;0;4;1;5;2;0;4;0;5;2;0;0;0;2;1;0;0;0;0;0;6;0;0;0;1;0;3;5;0;1;3;4;0;4;2;0;0;1;0;0;0;2;4;0;3;1;0;0;0;1;0;2;0;2;0;4;0;1;1;2;0;0;0;0;0;2;0;2;3;4;0;0;2;0;0;0;0;0;2;0;1;2;0;0;1;6;0;0;1;0;0;0;0;0;0;0;0;0;0;1;1;0;0;1;0;2;1;2;1;0;4;0;1;1;1;0;5;0;0;0;1;3;0;1;0;0;0;0;0;0;5;0;1;0;1;0;4;0;0;0;1;2;0;0;1;28;1;1;1;0;0;3;0;0;2;0;0;0;0;3;0;0;0;1;0;0;2;4;4;0;0;1;4;2;0;0;0;0;1;1;0;1;0;0;0;0;0;0;2;0;1;1;0;2;1;1;0;1;0;3;0;0;0;0;0;0;0;1;0;0;1;0;0;0;0;1;0;0;0;0;0
05362000;0;0;0;0;11;6;1;8;3;3;0;15;1;0;1;78;0;1;0;0;0;3;0;8;0;0;0;14;6;0;0;0;0;0;2;0;0;0;1;7;1;2;0;0;5;2;0;0;0;0;17;3;0;5;0;15;3;0;0;0;7;0;0;40;3;0;34;0;0;12;0;3;0;0;0;0;0;0;0;0;0;0;332;0;270;56;1;0;46;0;0;0;0;5;0;0;1;0;0;0;0;0;0;0;18;0;0;0;0;0;10;0;0;9;0;0;0;10;0;20;11;0;0;0;0;0;6;0;0;5;6;0;0;0;0;0;0;0;0;4;2;0;0;47;4;0;0;10;12;11;7;0;3;10;0;1;22;3;0;0;0;0;0;0;1;0;6;1;1;2;0;0;0;2;0;0;0;0;0;0;0;3;7;0;6;4;7;1;0;1;0;0;0;0;10;11;0;3;0;3;4;0;0;5;0;10;6;1;0;7;5;6;19;4;1;4;3;0;0;2;0;4;0;17;2;1;0;1;1;3;4;0;0;2;0;0;0;12;0;7;0;0;0;0;0;0;0;2;2;1;0;2;0;0;1;0;0;0;1;0;0;0;2;0;0;0;0;0;0;1;0;0;0;0;1;0;0;3;0;2;0;7;0;5;0;4;0;1;1;7;3;0;0;0;6;1;0;0;0;0;0;0;0;0;1;1;0;0;0;5;2;3;0;5;4;0;0;4;0;0;6;0;0;0;15;1;0;2;0;1;0;1;0;4;4;0;3;10;0;5;3;0;0;1;0;1;9;6;4;0;0;5;2;11;2;4;0;7;9;0;0;7;0;2;3;0;0;1;0;1;4;2;4;2;3;1;8;0;0;0;0;0;1;0;0;0;0;0;0;1;2;0;0;0;0;0;0;0;0;0
05366000;0;0;2;0;13;0;0;3;0;0;2;3;5;0;0;0;2;0;3;0;0;0;6;0;0;0;0;0;4;0;0;0;0;2;3;0;0;0;0;0;1;0;0;5;0;2;1;0;0;0;3;0;3;0;1;1;1;2;1;0;0;0;0;0;11;0;26;0;0;3;0;0;3;52;65;20;0;83;0;0;0;107;0;0;0;46;51;66;0;8;7;26;36;45;0;16;28;0;6;2;0;25;9;0;35;41;22;0;0;34;9;37;0;2;12;0;2;0;3;0;0;0;1;8;0;0;0;0;0;2;0;5;4;0;0;2;0;0;0;1;3;0;1;0;1;5;0;7;6;6;0;3;5;0;0;0;38;0;1;3;0;0;0;1;0;0;3;0;0;1;2;0;4;0;1;0;0;0;0;1;0;2;0;0;0;0;0;0;1;0;8;0;0;0;2;4;3;0;6;0;0;0;0;0;0;1;0;0;0;0;0;0;3;0;4;3;0;2;3;1;3;4;1;7;0;0;1;0;0;0;0;2;0;0;0;1;0;3;0;0;0;3;0;0;0;0;0;1;0;0;1;0;2;0;0;1;2;0;1;1;0;0;0;0;4;0;0;0;0;1;0;0;0;0;0;0;0;0;0;0;1;0;1;0;0;0;1;0;3;0;1;0;1;2;2;1;0;0;2;1;0;0;0;0;6;0;0;0;1;0;0;0;0;0;0;0;1;1;0;2;3;1;0;0;0;0;5;0;0;0;3;0;1;3;2;0;2;0;0;0;0;0;1;10;0;5;1;0;7;2;0;1;0;0;1;0;0;5;8;1;0;0;0;3;0;2;9;0;0;2;1;0;0;1;0;5;1;0;0;0;0;0;1;0;0;0;0;0;4;0;0;0;0;1;0;0;1;0;0;0
05370000;0;6;0;4;0;0;8;3;1;4;5;1;2;1;0;10;1;0;3;7;2;6;3;0;1;0;0;3;0;0;0;0;0;3;3;0;0;0;0;0;3;3;2;1;0;1;1;0;4;0;0;3;0;2;0;0;0;2;0;3;6;3;0;0;0;0;0;0;0;3;5;0;0;0;0;0;0;0;0;0;0;0;0;0;0;0;1;0;1;0;6;0;0;0;0;0;0;0;0;0;0;5;0;0;19;0;0;0;0;0;0;0;2;4;13;0;5;6;2;0;1;0;0;0;3;0;0;0;4;2;0;0;0;0;0;1;3;3;0;0;9;0;10;4;2;1;6;1;0;0;3;8;0;0;0;4;0;0;0;2;0;0;5;0;0;7;0;0;0;0;0;3;0;2;3;0;4;0;3;3;0;0;0;0;0;0;1;0;0;0;1;0;4;0;0;0;0;0;4;0;1;0;0;0;0;5;2;0;0;1;0;0;0;2;2;1;3;0;0;0;0;0;1;7;1;2;3;0;0;0;0;0;1;1;0;4;4;0;1;0;1;0;1;0;0;3;0;0;0;0;3;2;0;0;0;0;0;0;2;3;0;0;4;0;0;2;0;0;1;0;0;0;2;0;0;0;0;0;0;0;2;0;0;0;1;3;1;0;4;0;4;0;0;0;6;0;1;2;0;0;0;4;0;0;0;0;1;0;0;4;0;0;2;0;2;0;0;0;0;2;0;0;0;0;7;1;0;1;0;6;0;0;4;0;1;2;2;0;0;0;0;0;0;0;1;0;1;4;1;0;4;3;3;3;3;0;0;7;0;0;2;1;0;1;1;0;0;0;3;0;3;0;1;0;0;2;2;0;0;4;0;0;0;2;1;0;0;0;0;0;0;3;0;1;0;0;0;0;0;2
05374000;0;0;8;8;0;0;9;3;3;0;2;3;4;2;1;10;6;1;5;6;0;2;0;0;3;0;14;7;0;3;0;6;5;1;2;0;0;1;1;0;3;1;1;0;0;0;0;0;0;0;14;0;0;8;7;5;10;9;2;4;4;2;1;39;2;2;3;0;0;0;0;0;0;0;0;0;0;0;0;0;0;15;0;0;0;0;0;0;0;0;0;8;5;11;0;0;11;0;0;0;0;0;0;0;9;4;0;0;0;0;0;20;0;5;0;0;6;4;6;2;0;10;0;0;4;0;0;3;0;0;11;9;0;8;1;1;12;0;2;0;0;0;9;4;0;3;0;6;3;10;5;2;2;0;0;1;1;2;0;0;1;4;0;1;0;0;2;0;1;0;1;1;0;0;2;0;0;0;5;0;0;4;0;4;2;5;1;0;5;1;12;5;0;0;0;0;7;0;0;0;1;0;2;3;0;0;0;7;0;0;0;13;4;0;2;0;0;0;0;6;3;0;1;13;0;0;4;0;2;1;0;0;0;0;2;1;0;1;2;1;3;0;5;0;0;0;0;0;2;1;1;0;2;0;0;3;0;0;0;0;0;1;3;0;1;0;0;0;0;3;1;0;0;1;2;0;0;0;2;0;0;0;3;4;1;0;9;2;6;0;0;3;0;3;0;3;0;0;0;1;0;0;4;0;0;1;1;1;0;1;1;1;5;0;3;0;0;3;12;0;3;3;0;2;30;0;0;0;0;0;1;0;0;1;0;0;2;0;0;0;3;0;0;5;0;5;0;0;0;16;0;8;0;0;0;0;7;0;3;1;0;0;0;3;0;0;0;3;0;4;1;3;2;0;1;2;1;1;5;1;0;0;0;0;0;0;2;1;1;1;0;1;1;0;0;0;0;1;1;0
05378000;0;4;1;4;0;0;0;4;3;7;5;12;0;2;0;0;0;0;2;0;0;0;0;0;0;0;0;18;4;5;6;3;4;0;1;13;0;13;2;0;2;2;3;0;4;0;5;9;6;11;25;2;14;4;0;18;0;1;3;0;0;4;0;0;1;0;3;0;0;2;0;0;0;0;0;0;0;0;10;0;0;0;0;1;0;10;244;0;44;2;9;0;0;10;0;0;0;0;0;0;0;0;8;0;11;12;1;0;0;2;0;7;3;1;0;0;0;11;3;1;0;0;0;0;1;0;3;0;0;1;11;0;0;0;2;0;0;0;3;0;1;0;4;10;7;0;0;0;0;15;2;1;3;0;0;11;9;0;0;0;1;4;5;0;2;2;0;0;1;0;7;0;0;0;0;0;0;0;0;0;0;0;0;0;1;2;1;0;0;0;6;1;0;0;0;4;5;0;7;0;0;0;2;3;0;0;0;2;0;1;0;7;3;1;11;0;1;0;0;6;10;0;5;9;0;2;0;1;0;1;0;0;4;5;2;0;3;0;0;0;0;11;0;6;0;3;1;2;1;0;0;0;0;1;1;0;1;1;0;0;0;0;0;0;2;0;0;2;0;0;0;1;2;0;2;0;0;0;0;0;1;0;2;2;0;7;3;0;5;0;0;1;0;0;0;4;0;2;2;2;0;1;0;1;0;2;0;0;0;1;2;2;5;0;4;0;3;3;1;2;2;0;0;0;33;0;2;0;0;0;0;0;0;0;0;0;0;2;6;1;0;0;0;0;0;6;2;3;0;0;1;1;1;6;1;2;0;3;7;2;1;0;1;0;1;0;5;0;2;0;2;0;0;0;0;8;0;0;0;0;0;0;3;0;2;0;0;2;0;0;0;1;0;0;0;0;0;1;0;0
05382000;0;8;5;2;1;0;3;8;12;6;21;18;13;2;3;51;7;0;0;1;0;0;0;0;0;0;2;5;0;0;6;3;0;0;12;0;3;9;1;4;0;0;0;0;0;3;3;0;0;2;24;0;19;11;0;11;0;0;0;1;11;0;0;52;71;0;7;0;0;0;11;9;19;0;0;0;0;0;0;0;0;22;0;0;102;0;108;0;0;0;42;38;22;29;0;0;6;0;0;0;0;0;0;0;25;2;1;0;0;10;0;17;0;0;0;0;2;26;8;0;8;0;23;11;0;0;2;0;0;0;16;0;0;13;0;0;0;0;0;1;3;4;0;297;176;5;3;21;11;260;1;16;27;0;0;15;6;0;0;0;0;0;16;7;0;4;0;1;2;2;1;0;0;2;0;3;0;0;12;1;2;0;0;8;0;0;0;0;4;0;6;5;10;3;0;6;0;0;0;4;0;0;0;11;2;4;2;1;5;0;13;7;9;0;0;1;2;3;4;12;0;3;1;20;1;2;7;3;1;0;0;0;6;5;4;1;0;0;1;1;3;7;0;0;0;0;0;4;0;1;3;0;0;0;0;0;2;0;0;1;0;0;6;5;8;2;0;4;0;0;0;0;0;0;0;3;2;2;3;0;0;0;0;0;0;0;2;4;0;0;2;0;0;0;3;0;0;4;0;0;0;9;0;0;9;0;0;0;0;0;0;6;0;0;11;0;0;6;0;0;0;1;0;0;0;0;0;4;0;0;4;0;0;1;5;0;2;5;2;0;3;6;5;14;3;5;0;7;0;5;0;1;0;2;3;3;0;5;0;5;1;11;3;0;0;0;0;0;1;1;1;7;0;0;3;2;4;0;0;0;0;3;1;0;0;2;3;0;0;0;0;0;1;0;0;0;0;0;0;5
05512000;1;1;0;0;0;0;0;1;2;1;3;2;0;0;0;5;0;1;3;1;0;0;3;0;0;0;0;1;1;1;2;0;0;3;1;0;0;2;0;0;1;0;0;0;1;1;0;1;0;4;4;2;8;0;0;2;1;3;0;0;8;1;4;3;0;0;0;0;0;0;0;5;7;0;0;1;1;52;0;10;0;0;0;6;0;1;0;0;4;0;0;6;33;3;149;5;7;0;0;0;0;5;4;0;3;0;0;0;0;0;5;3;0;8;0;0;2;0;0;0;2;1;0;1;0;1;4;3;1;0;1;0;0;0;0;4;0;0;2;0;0;2;0;4;2;0;0;0;2;0;0;1;0;0;0;3;0;2;0;0;0;0;0;0;0;0;0;0;1;0;0;0;0;0;0;0;3;0;3;0;0;0;0;0;0;0;2;2;0;2;1;0;0;3;1;2;2;0;3;0;0;1;0;0;1;0;2;0;2;5;3;2;2;0;1;6;1;1;1;0;0;1;0;5;0;0;0;2;0;0;0;0;0;0;0;0;0;0;2;0;0;2;1;0;0;1;0;0;1;0;0;0;0;0;0;0;0;0;0;1;1;2;0;0;0;0;0;3;0;0;0;0;0;0;0;0;0;0;0;0;0;1;0;0;0;0;0;1;0;0;0;0;2;0;0;0;0;0;0;0;1;0;1;0;0;0;0;0;0;0;0;1;0;1;0;0;0;0;1;0;0;0;0;1;0;0;0;2;1;0;0;0;1;0;0;0;0;0;0;0;0;0;0;2;0;0;0;5;5;5;0;0;0;0;1;18;0;0;0;0;0;8;0;0;0;0;2;0;0;0;1;0;0;0;0;1;0;0;0;0;0;0;0;3;0;0;1;0;0;0;0;0;3;0;0;0;0;0;0;0
05513000;4;0;7;0;0;0;2;0;0;0;5;4;1;0;0;0;0;0;0;1;0;0;0;7;0;0;0;0;0;0;0;8;4;0;1;2;5;0;0;0;0;5;3;0;7;0;2;3;0;5;0;16;7;6;0;0;0;0;0;8;14;1;0;42;0;0;0;3;0;4;6;0;0;0;0;19;0;0;0;12;5;0;0;7;0;0;1;0;0;8;0;0;0;0;499;0;24;0;0;8;0;0;0;0;19;20;0;0;53;0;0;0;0;1;0;31;1;2;0;9;0;0;4;0;0;0;0;0;1;2;0;0;0;0;0;0;0;6;0;6;0;4;6;0;0;4;0;7;4;16;0;7;6;0;0;0;1;0;1;0;2;6;2;0;0;4;0;0;0;0;1;1;0;2;2;2;0;0;9;0;1;0;0;0;0;4;5;4;0;0;6;0;2;0;0;3;8;1;0;7;1;4;2;2;2;0;8;0;1;0;0;0;0;6;5;1;1;2;0;0;2;1;2;9;0;1;0;0;0;4;1;0;0;0;1;0;0;0;6;0;2;4;0;6;0;0;0;2;5;1;5;0;0;0;0;0;0;0;0;0;0;0;0;0;2;0;0;1;1;0;0;0;2;0;0;5;1;0;0;9;0;0;0;0;3;0;0;2;0;0;0;0;2;1;2;0;6;1;0;2;0;0;1;0;0;1;0;0;0;0;0;0;0;1;0;0;0;0;2;0;9;6;4;0;2;0;3;0;1;0;0;1;0;1;0;1;8;0;0;0;0;0;0;0;0;0;1;0;2;7;5;0;0;0;0;0;0;8;0;0;0;2;1;0;0;0;0;0;0;4;0;0;0;2;0;0;4;0;0;0;0;0;0;0;0;0;5;0;0;0;0;0;0;0;0;0;0;0;0;0
05515000;5;1;4;0;0;3;11;0;0;0;0;0;0;1;0;122;5;0;0;0;0;0;4;0;0;0;0;0;5;0;2;2;0;0;0;0;0;1;0;0;0;0;0;0;5;0;0;0;2;0;0;0;0;0;8;0;0;0;0;0;0;0;0;213;13;0;0;0;0;0;0;10;0;0;0;0;0;0;0;173;0;0;12;39;0;16;0;6;0;0;3;0;0;380;0;505;286;0;0;0;0;0;1;0;62;0;0;0;0;2;0;0;0;8;0;0;6;71;1;10;0;0;0;0;0;0;0;2;2;9;0;0;0;0;0;0;0;0;5;2;0;0;0;0;1;0;0;0;0;0;2;3;0;1;0;1;4;0;0;0;0;3;15;0;0;1;0;0;1;0;0;0;7;1;5;1;3;0;0;0;8;0;0;2;0;0;0;2;2;8;0;0;0;0;0;12;0;0;0;0;2;0;1;43;5;0;0;0;1;0;5;0;0;0;1;0;2;10;4;0;0;0;9;98;0;1;0;4;0;0;0;0;0;0;0;5;4;6;10;0;0;0;0;3;9;4;4;2;0;1;1;0;1;3;2;1;5;0;5;0;0;2;0;0;0;1;0;0;0;0;0;2;2;0;0;0;1;0;0;0;0;4;9;0;0;0;0;0;0;1;0;0;0;1;8;0;6;0;3;0;1;0;2;0;0;5;0;0;0;0;2;0;3;6;6;0;0;3;0;0;1;0;0;0;180;1;0;0;0;2;1;6;0;0;0;0;1;0;0;0;4;1;4;9;3;0;2;0;0;0;0;0;0;2;0;0;0;0;0;0;0;53;0;0;0;2;0;0;3;0;0;0;0;1;6;2;0;0;2;1;0;0;0;0;0;0;1;0;0;0;0;0;0;0;0;0;0;1;1;0
05554000;0;3;8;0;4;0;4;2;5;0;0;0;1;0;1;40;0;4;2;1;0;1;0;0;0;5;32;0;0;0;0;3;0;4;8;0;0;5;1;6;0;3;1;0;5;0;4;23;3;0;0;0;13;0;80;0;0;5;8;2;1;0;7;37;0;0;38;0;0;4;2;1;41;0;0;0;0;0;0;13;1;28;0;9;0;4;0;0;0;0;36;110;0;7;0;0;0;0;0;0;0;0;3;0;13;119;24;0;0;0;0;32;0;19;0;0;0;0;4;2;0;4;0;0;4;6;0;0;2;0;0;0;0;3;0;0;0;0;0;0;12;0;0;8;0;4;4;2;2;0;1;4;0;1;0;0;3;0;0;4;0;0;6;0;0;1;1;0;1;0;0;0;5;0;0;6;1;0;6;0;0;1;5;0;0;1;2;6;1;6;6;0;4;6;0;9;6;0;0;0;3;3;0;16;0;1;5;0;3;0;9;2;9;0;0;2;3;0;0;0;12;11;7;2;1;0;0;0;0;0;0;0;0;0;0;1;3;0;0;0;1;5;1;1;0;0;0;0;0;0;0;0;7;0;0;1;0;0;2;0;0;2;1;1;0;0;4;3;1;0;0;0;0;1;4;1;3;1;0;0;3;2;0;0;0;0;0;0;0;0;0;0;1;0;2;1;0;0;0;0;0;0;0;0;2;7;0;0;0;0;1;3;0;2;0;0;0;0;1;6;0;3;1;0;1;0;0;2;0;3;0;3;0;0;1;0;0;0;0;3;4;2;0;0;1;0;4;0;0;0;3;0;3;0;2;4;3;0;0;0;1;0;0;1;1;0;0;3;2;3;0;2;1;5;0;0;0;0;0;0;0;0;0;3;0;0;1;1;0;1;0;0;0;0;1;0;0;0;0;1
05558000;0;0;0;3;0;0;4;6;3;2;4;3;0;0;1;13;0;5;3;0;0;2;0;3;0;0;10;3;9;0;0;2;0;13;8;0;1;2;4;8;0;1;5;0;0;6;6;3;1;0;0;0;0;0;0;0;0;4;0;5;0;1;0;24;12;21;12;1;0;8;0;4;8;0;0;0;0;0;0;0;0;0;0;0;0;9;0;0;0;0;3;0;0;0;0;0;0;0;0;2;0;0;0;0;16;11;23;0;0;0;0;0;0;4;0;0;0;0;0;5;0;0;0;5;0;0;0;0;0;0;10;0;0;0;1;0;0;0;0;0;3;0;2;0;0;1;0;0;0;1;0;0;0;0;4;1;0;0;1;1;0;0;4;1;2;0;0;0;0;6;0;2;0;0;0;1;0;0;0;0;4;1;0;0;2;0;0;0;0;0;1;2;2;0;0;6;0;0;1;3;0;2;6;4;2;5;3;0;0;1;0;0;0;5;0;0;0;0;1;3;0;0;3;14;4;1;0;0;0;0;1;4;0;0;0;0;0;0;7;1;3;0;0;0;2;0;0;1;0;0;1;0;1;0;0;0;0;0;4;0;5;1;0;0;6;0;0;3;0;0;0;0;0;0;0;0;0;0;0;0;2;2;0;0;0;3;0;1;0;0;0;0;1;0;5;0;0;0;3;0;2;1;0;0;3;0;2;0;0;0;0;0;1;0;6;0;0;0;3;0;0;2;0;0;11;0;2;0;0;0;0;0;0;0;0;0;0;5;2;1;0;1;0;0;2;1;0;0;0;5;0;0;4;0;0;0;0;1;4;0;0;0;0;2;1;0;6;0;0;9;4;0;0;0;1;2;4;0;0;0;2;1;0;0;0;0;0;0;0;0;0;0;2;0;0;0;0;0;0;0
05562000;0;4;13;0;0;7;17;27;0;3;0;17;0;6;3;0;4;4;0;1;0;0;2;0;2;0;0;0;4;0;11;7;0;17;0;0;0;0;4;0;0;2;12;0;0;2;6;0;0;0;26;0;0;20;1;4;0;1;1;12;7;7;0;95;0;0;72;0;0;0;0;58;0;254;168;159;244;325;0;0;9;213;261;251;71;149;124;166;231;0;0;168;738;467;0;467;124;0;123;28;40;48;76;11;0;0;0;77;0;127;82;80;63;136;30;0;2;11;2;5;0;0;5;1;0;0;0;0;2;0;0;3;3;2;3;8;0;6;0;0;1;0;0;0;0;0;0;0;1;0;6;0;10;0;0;1;0;3;0;0;0;0;9;0;0;0;2;0;0;0;0;0;0;0;5;0;0;2;0;0;0;0;0;5;0;2;2;0;2;6;0;4;0;4;4;2;0;1;10;0;0;0;0;4;0;0;4;0;0;0;2;0;3;0;0;0;0;0;0;0;0;3;2;21;0;3;0;2;0;0;0;6;3;0;1;0;3;0;6;0;4;0;2;2;0;0;2;0;3;0;0;5;0;6;4;0;0;0;2;0;0;0;0;7;0;0;0;0;0;0;0;2;0;0;1;1;1;2;0;0;0;0;0;0;0;0;0;0;5;0;1;1;3;1;0;0;7;2;0;0;0;0;1;0;9;0;0;0;0;0;5;0;8;1;2;0;0;0;3;2;0;0;4;1;0;7;0;1;0;0;0;0;0;4;1;0;0;0;0;0;0;0;0;0;3;0;0;3;11;0;0;0;0;4;0;0;0;0;0;0;3;12;1;0;0;0;0;3;2;0;0;7;0;4;0;3;0;0;0;0;0;2;3;4;0;9;0;0;1;0;0;0;0;2;1;2;0;0;0;0
05566000;7;5;0;0;0;1;12;4;0;0;0;7;12;1;0;74;0;0;0;0;0;0;0;1;0;0;0;3;0;10;0;0;6;0;7;0;0;5;6;8;0;5;2;0;0;1;3;0;2;0;0;0;28;0;2;0;7;136;9;15;8;9;7;27;3;0;9;0;0;8;9;5;21;0;18;47;13;37;0;6;10;54;0;31;0;24;18;17;3;0;60;0;14;65;0;0;5;0;0;0;0;9;36;0;51;54;17;0;0;0;6;23;0;0;0;0;2;15;0;0;0;5;4;0;19;0;0;0;0;0;0;1;0;2;2;2;0;4;5;1;0;5;0;0;0;0;0;5;5;2;7;0;2;2;0;0;1;0;0;4;1;0;0;1;1;1;1;0;1;2;1;3;0;0;0;6;4;0;10;10;0;2;0;0;0;3;0;0;0;0;0;0;1;0;3;1;9;2;14;0;3;4;0;0;0;3;1;1;2;1;14;12;10;0;0;0;3;0;2;0;4;2;0;0;1;1;1;0;0;5;4;0;0;3;0;0;1;0;0;1;0;0;0;2;4;0;1;3;3;0;0;0;0;0;0;1;0;0;6;1;0;11;0;1;5;0;0;0;0;0;0;0;0;0;0;1;1;0;4;0;0;0;7;0;1;12;1;0;3;0;0;0;1;0;4;5;0;0;5;1;1;0;0;1;5;0;1;0;0;2;1;0;12;2;2;2;0;0;0;0;5;0;0;0;0;4;0;0;0;2;1;0;13;0;0;2;5;0;3;0;0;0;3;8;0;5;3;0;1;3;1;10;0;0;10;3;0;0;1;0;0;0;2;0;0;1;10;0;0;2;0;0;0;0;2;0;0;5;3;3;0;0;0;3;0;0;0;0;0;0;1;1;0;0;0;0;0;0;0;0
05570000;0;6;2;0;2;3;0;5;0;5;0;0;1;0;0;16;0;3;4;1;0;3;0;4;0;0;6;6;7;3;0;0;0;0;4;0;0;5;5;0;0;5;2;0;0;0;0;7;0;0;16;0;4;12;4;7;3;12;0;7;3;0;1;9;17;0;7;0;0;0;0;12;0;0;0;11;7;0;6;17;0;0;0;0;0;2;0;5;0;0;0;0;5;7;0;0;0;0;215;0;0;13;9;0;6;21;0;0;0;0;0;0;0;6;0;0;4;0;3;0;3;9;0;0;0;0;0;0;1;0;0;0;0;5;0;0;0;0;0;0;2;3;0;4;0;4;0;0;0;5;0;4;0;0;0;2;0;0;0;0;0;0;0;0;2;0;0;0;0;1;0;0;0;0;0;0;1;0;0;0;4;0;2;3;0;2;0;5;0;0;0;0;5;2;6;2;0;0;1;0;0;0;2;0;2;0;0;0;2;0;3;2;2;0;7;0;2;0;0;0;9;1;0;10;0;0;2;1;0;0;0;0;1;0;2;0;0;0;0;0;0;0;0;1;2;0;0;0;0;1;1;0;0;4;0;1;0;0;1;0;0;0;0;2;1;0;3;0;2;0;0;0;0;0;0;6;0;0;0;0;0;0;0;0;0;0;0;1;1;0;0;2;0;1;9;2;0;0;1;0;0;2;0;2;0;0;0;4;0;0;0;0;0;5;6;7;4;2;0;0;1;0;0;0;12;0;0;1;0;0;4;0;0;0;1;5;0;0;0;0;1;3;0;3;0;0;1;0;0;0;6;0;0;3;2;0;11;3;0;0;1;2;0;0;0;3;0;0;0;0;0;2;3;0;0;4;2;0;1;0;1;1;3;1;0;1;0;0;0;2;0;0;0;0;0;0;1;1;2;0
05711000;4;0;0;3;0;0;2;15;4;3;2;2;11;0;0;79;0;0;0;0;0;7;0;0;2;0;82;17;0;0;0;3;4;0;0;12;2;0;3;1;0;0;0;0;2;0;9;0;0;0;5;0;0;8;2;0;4;34;0;0;5;38;12;53;0;2;32;0;91;3;23;0;111;122;221;79;38;89;69;58;80;52;58;11;25;8;6;17;107;1;7;324;151;7;580;296;0;0;525;835;1020;182;0;101;14;75;0;150;143;9;0;7;97;0;337;3;2;22;0;8;7;0;8;0;0;4;3;1;2;2;0;5;0;1;0;0;0;0;2;0;0;5;0;5;0;0;1;0;7;0;4;0;0;4;4;2;0;5;1;0;0;0;1;0;0;0;1;0;2;1;0;4;0;0;0;0;6;2;0;0;16;0;0;0;8;1;0;0;0;0;0;0;0;0;2;7;0;1;3;0;6;1;0;10;0;2;10;0;0;0;9;4;0;9;0;0;4;0;2;0;0;0;0;46;7;0;0;1;0;3;3;4;4;0;0;0;2;1;1;0;2;1;1;0;2;1;0;0;0;0;5;4;3;1;0;0;0;0;0;1;0;0;0;0;3;0;0;2;0;0;0;0;1;0;3;1;2;0;0;0;0;4;0;1;0;0;2;1;7;0;0;0;0;0;4;0;0;0;1;0;0;0;1;0;4;0;3;1;0;0;1;0;5;0;0;0;1;0;3;0;0;5;0;0;82;0;0;0;1;2;1;0;2;0;0;0;2;0;0;0;0;0;3;0;0;8;0;0;0;1;0;1;0;0;0;2;0;10;0;0;0;7;0;2;0;0;0;0;0;0;0;1;0;2;5;1;2;1;1;0;0;0;0;0;0;0;0;3;0;0;2;0;0;0;0;0;1;0;0;0
05754000;4;0;8;0;6;7;0;6;4;5;0;12;0;1;3;30;0;0;3;1;1;3;3;0;0;0;17;2;0;0;7;2;17;0;4;4;0;4;0;1;0;0;2;0;0;4;8;49;0;4;5;0;0;1;1;3;0;133;6;0;0;7;0;1;26;0;1;0;5;13;2;9;14;12;34;8;23;31;0;35;8;84;61;48;0;31;31;17;48;11;14;39;57;37;0;74;0;0;0;0;0;0;31;0;36;36;1;0;0;8;45;35;15;33;0;13;0;12;0;3;1;0;0;1;3;0;0;5;1;0;2;3;0;0;0;6;0;2;0;8;9;0;0;0;0;0;2;1;6;1;0;1;0;4;2;0;0;0;0;0;0;0;5;0;0;0;1;0;0;0;1;0;0;0;4;0;1;0;0;0;0;4;2;0;0;0;1;3;1;0;0;0;5;0;0;12;6;0;0;0;0;0;0;0;2;0;0;0;3;0;6;4;9;5;2;4;0;1;0;0;0;0;0;14;0;3;3;3;0;0;1;0;0;3;0;0;1;2;0;1;0;1;1;6;0;1;1;2;2;2;0;0;0;0;2;0;0;1;4;0;0;0;0;0;5;3;0;0;0;0;2;4;1;0;0;1;0;6;2;0;0;1;0;0;1;5;0;2;0;0;0;0;0;0;12;0;3;2;1;1;1;0;0;0;1;0;0;0;0;0;0;0;0;4;2;0;3;4;3;2;0;0;0;0;31;0;0;1;0;0;3;0;0;0;0;5;0;0;8;0;0;5;0;2;2;5;2;0;4;0;7;0;0;0;0;0;0;2;1;0;0;5;3;0;0;0;5;1;0;2;1;0;0;0;3;10;0;1;0;0;0;0;4;0;0;0;0;0;0;0;1;1;0;0;0;0;1;0;0;0
05758000;0;5;0;0;0;2;0;12;0;0;1;8;0;4;2;15;0;3;0;0;1;2;1;0;3;0;20;7;15;0;0;20;30;0;0;4;0;2;1;0;0;2;1;0;0;0;0;0;2;0;12;0;0;2;4;5;0;32;8;3;0;0;2;0;9;0;0;0;0;12;4;14;0;0;21;23;9;13;0;0;8;23;0;34;0;16;11;29;8;1;0;8;16;0;0;11;43;0;54;0;2;0;42;0;29;27;14;0;0;2;30;21;2;2;8;0;4;0;0;6;0;0;0;3;3;0;0;0;0;10;11;5;0;0;1;2;2;20;5;6;0;0;2;3;0;0;1;0;4;0;0;7;0;2;1;1;0;3;1;0;0;0;0;0;0;0;0;0;2;0;0;0;1;0;4;3;0;0;0;0;0;0;0;0;0;0;0;2;2;0;5;0;3;0;1;0;3;0;0;1;4;6;1;6;3;0;4;0;0;1;12;0;0;1;3;2;0;2;1;0;1;0;0;5;0;0;0;0;0;0;0;0;0;0;0;1;2;0;0;1;1;1;0;0;0;1;2;0;0;0;0;4;1;0;0;0;4;0;3;1;0;0;2;0;0;0;0;0;3;1;0;0;0;3;0;3;0;0;0;3;0;1;0;1;1;2;0;1;1;0;0;0;0;1;2;0;2;0;0;0;0;0;0;0;4;0;0;3;1;0;0;0;0;4;0;2;0;0;0;0;0;4;0;0;2;0;0;0;0;2;0;0;2;2;0;0;0;0;1;0;0;1;3;3;6;0;0;0;1;0;0;1;0;0;0;0;0;0;0;2;0;4;3;3;0;0;9;3;0;0;0;0;0;0;4;0;2;0;10;0;0;0;0;3;0;0;0;0;2;0;0;0;0;1;0;0;0;3;0;0
05762000;0;0;2;0;0;0;1;0;0;4;0;0;3;0;1;7;3;0;0;7;0;0;8;5;0;0;15;6;18;4;27;4;0;4;1;0;1;1;2;6;2;0;0;0;0;0;0;2;2;0;0;0;1;0;0;7;0;5;0;0;2;0;0;15;13;0;24;0;1;0;3;5;8;0;38;46;5;22;0;0;12;35;4;37;10;4;1;14;14;0;2;25;19;33;0;34;22;0;27;0;0;70;2;13;14;27;20;0;0;3;37;19;1;16;15;0;0;18;1;0;3;0;0;0;0;0;0;0;0;0;0;0;0;7;2;0;3;1;2;0;0;0;1;0;3;1;1;0;5;2;0;1;0;0;0;1;0;0;0;0;0;1;1;2;0;1;0;0;0;4;1;0;0;0;1;1;0;0;0;0;0;0;0;0;1;1;0;0;4;0;0;0;0;0;1;0;0;0;0;1;0;0;1;0;1;0;0;1;0;0;2;1;0;0;0;0;1;0;0;2;4;1;0;15;1;0;9;0;0;0;0;0;0;0;0;0;0;0;2;0;0;3;0;0;0;2;0;1;1;0;0;1;0;0;0;2;2;3;1;1;3;1;1;1;3;0;0;0;0;0;0;1;0;0;1;0;0;0;0;0;2;1;1;4;0;0;1;5;0;0;2;0;2;0;2;2;9;0;0;0;1;0;2;0;1;0;1;0;0;0;0;0;0;0;0;0;0;0;0;0;1;0;1;1;5;0;0;6;0;1;1;1;3;1;0;0;0;0;1;0;6;1;0;0;0;0;1;0;1;0;1;0;3;0;0;3;0;3;0;0;0;7;0;2;0;0;3;0;2;0;4;0;0;1;1;0;2;0;1;0;0;1;2;3;1;3;0;1;0;0;0;2;1;1;0;0;0;0;0;0
05766000;0;1;9;4;5;0;0;0;0;0;3;0;3;0;0;23;0;7;0;0;16;0;0;1;1;0;45;0;33;0;0;0;18;0;0;0;6;8;6;10;4;12;1;0;3;0;21;23;0;4;6;7;12;0;9;11;5;24;0;5;10;3;0;6;0;8;0;0;0;0;5;0;0;0;0;0;0;0;0;11;0;16;0;4;0;0;6;8;13;0;13;27;8;2;0;0;0;0;3;37;0;0;35;0;38;6;0;0;0;0;13;0;0;0;0;0;0;12;3;0;0;0;0;2;0;0;0;6;0;0;5;7;1;0;0;8;0;9;0;5;11;8;5;3;0;1;1;3;0;5;1;0;0;6;6;0;2;0;0;0;0;0;0;4;0;0;0;0;0;2;0;2;0;0;4;5;0;0;4;0;0;0;0;0;6;0;0;0;2;0;3;0;1;0;0;3;2;0;0;0;0;5;0;2;0;0;5;0;0;0;7;2;1;0;7;0;0;2;4;0;0;0;0;0;1;0;1;1;5;1;0;0;1;2;3;0;0;2;14;1;2;6;0;0;0;0;0;0;1;0;0;0;5;0;0;0;2;0;3;0;0;0;0;0;1;0;0;0;4;0;0;0;0;3;3;0;0;0;1;1;0;6;4;0;0;0;0;0;0;0;0;0;0;0;8;0;1;0;4;1;2;1;1;0;0;1;0;2;0;0;0;0;0;0;4;2;3;2;0;0;0;0;2;0;9;2;2;1;1;1;3;0;0;0;3;1;0;0;4;0;0;0;0;1;0;9;3;3;1;10;0;0;0;1;0;0;0;3;0;0;5;19;1;2;0;9;0;7;0;0;0;2;0;2;1;0;1;0;0;0;0;0;0;0;0;6;2;1;4;0;0;0;0;0;0;0;0;1;0;1
05770000;0;0;10;0;6;0;10;0;3;13;24;0;3;0;0;31;13;0;0;0;8;11;4;5;0;0;21;14;0;9;11;0;37;10;11;0;0;0;6;0;2;0;0;3;0;5;3;0;0;6;8;14;15;10;1;1;0;0;7;2;0;0;3;26;11;0;0;6;0;0;0;0;14;0;6;0;0;0;0;8;4;0;0;0;0;8;15;0;22;0;10;0;0;0;0;0;0;64;0;0;0;0;0;0;0;25;11;0;0;0;1;0;1;0;0;0;0;10;1;4;0;0;0;3;1;3;2;0;1;2;0;0;2;7;0;0;0;3;4;3;0;0;0;1;0;0;0;0;3;0;1;1;1;0;0;4;2;1;0;6;1;3;5;0;0;0;0;0;2;0;0;0;1;1;1;0;7;0;0;4;0;0;4;0;2;0;1;0;0;1;10;1;0;2;0;8;1;0;0;0;0;0;0;3;11;0;1;1;0;3;3;6;5;0;4;0;1;0;0;0;1;0;8;2;1;4;1;1;0;0;0;1;3;0;0;1;0;0;0;1;4;3;1;1;0;0;0;2;0;0;6;1;0;0;0;1;0;0;2;0;0;0;0;0;4;2;0;1;1;0;3;0;0;0;0;1;0;0;0;0;1;8;0;3;0;0;0;1;0;0;1;1;0;0;6;0;0;0;3;1;0;2;1;3;3;0;0;0;0;2;0;0;4;0;6;1;1;0;6;0;0;0;1;0;18;3;3;0;0;0;0;0;0;0;1;3;0;0;0;0;0;2;0;0;0;11;0;3;0;1;0;0;0;0;1;0;0;1;7;5;0;0;0;0;0;0;2;2;0;0;0;0;0;2;0;0;1;0;1;0;0;0;0;2;2;0;0;1;3;1;0;0;0;0;0;2;3;0;0;1
05774000;0;7;15;0;0;4;5;0;2;0;8;8;0;4;1;78;22;0;1;1;0;0;0;3;0;0;49;4;5;8;0;2;5;1;3;0;0;3;1;0;2;0;1;2;1;1;0;25;5;0;3;0;0;4;2;0;7;0;0;0;6;10;8;75;0;0;20;0;5;7;7;13;16;25;65;28;32;59;0;76;9;122;34;69;5;27;50;65;124;10;11;47;128;88;0;65;83;0;12;66;0;89;24;0;27;74;2;5;11;33;17;45;25;45;17;0;29;37;0;5;4;0;6;2;0;4;2;8;11;0;12;0;0;12;0;15;1;0;0;0;0;0;0;4;0;2;0;0;1;1;0;1;0;2;0;0;0;0;0;0;0;0;9;2;0;0;3;0;0;2;1;0;0;0;0;2;6;3;9;0;1;2;2;0;1;3;3;15;0;6;1;0;5;10;4;2;10;0;9;0;0;2;3;0;8;1;11;0;0;2;9;11;0;2;2;0;0;0;13;0;9;0;0;19;3;1;2;2;1;0;0;0;2;0;2;0;2;0;11;0;1;4;1;6;0;0;0;2;0;0;1;0;0;0;1;3;0;1;4;0;1;0;0;0;3;13;2;1;0;0;1;3;1;3;0;0;0;0;1;7;0;6;0;0;0;0;0;1;4;0;2;0;0;0;1;1;0;3;1;4;0;1;0;2;0;2;3;1;0;0;0;0;5;1;5;2;0;1;1;1;0;0;3;1;51;1;4;0;6;0;0;0;3;2;4;0;0;1;0;1;0;0;0;8;0;5;1;1;14;4;2;5;0;0;4;6;6;0;0;0;3;16;3;3;0;1;4;1;0;6;0;5;0;4;2;0;0;1;7;0;3;0;1;2;0;0;5;1;4;0;0;0;4;0;0;2;3;0;1;0
05911000;3;4;21;0;0;0;6;0;0;6;2;0;3;6;0;10;12;4;0;0;0;0;2;2;0;0;43;0;0;0;1;0;0;0;6;0;0;0;2;0;11;0;0;4;5;0;0;8;2;0;0;5;0;11;0;13;0;2;0;0;1;5;2;104;24;0;8;0;0;0;0;0;0;0;0;0;0;0;16;23;0;0;0;0;0;0;0;0;0;0;0;0;0;0;24;0;0;0;0;0;0;0;6;0;0;0;0;0;160;0;0;0;0;0;0;0;3;6;6;1;0;13;0;8;0;1;1;11;3;0;0;2;0;0;4;0;0;0;0;0;1;0;0;0;0;3;0;3;7;16;11;0;0;0;0;0;0;0;0;0;0;0;0;1;1;2;0;0;4;7;3;0;1;0;1;2;0;0;0;0;0;1;0;11;7;0;0;1;1;0;0;0;22;0;0;2;0;0;0;3;0;0;0;7;2;2;1;0;0;0;7;3;0;0;0;5;3;4;0;0;8;0;0;27;0;0;0;7;0;0;1;0;7;0;3;0;3;4;4;4;0;0;2;4;1;0;0;0;0;0;0;3;11;0;1;2;3;1;0;1;0;0;0;0;0;0;0;1;5;0;0;0;2;0;0;1;3;5;0;3;0;3;1;3;0;0;0;1;0;0;0;0;0;0;4;4;0;0;0;0;0;2;0;3;2;1;1;0;0;2;0;10;4;0;1;0;0;0;0;2;0;0;0;0;16;1;2;0;0;4;1;2;3;0;0;0;0;0;0;2;2;0;2;0;0;2;0;3;4;0;0;0;0;0;0;0;0;0;4;0;0;0;0;0;0;0;0;0;0;0;0;1;0;0;0;2;3;0;0;2;0;1;0;0;0;3;0;0;4;0;0;0;0;0;0;0;0;1;0;0
05913000;3;16;0;0;8;1;3;17;6;4;4;19;4;3;11;76;32;8;0;0;0;0;3;1;0;0;13;0;3;0;0;8;0;5;9;10;0;0;3;12;10;1;0;0;5;0;2;8;0;1;12;0;2;8;28;6;13;0;6;1;5;0;5;170;0;0;16;0;0;29;0;0;0;0;1;13;0;0;0;45;8;0;0;21;0;6;0;0;0;1;0;21;0;0;197;0;0;0;0;0;0;0;0;0;117;0;0;0;5;106;0;0;0;0;0;482;20;25;0;8;4;0;0;16;0;14;0;2;0;0;0;0;0;0;0;0;3;0;5;0;8;0;0;0;0;0;3;0;15;0;1;7;0;6;0;1;1;0;0;0;1;1;31;0;0;5;3;0;0;0;3;0;1;20;1;3;8;0;0;11;0;0;7;14;5;1;1;6;0;5;2;0;56;0;6;0;3;1;5;3;0;0;0;2;3;0;17;0;0;3;5;29;0;12;7;0;6;0;2;9;6;2;5;97;8;0;8;6;9;2;0;0;1;7;5;2;3;0;12;0;3;0;5;0;0;0;0;2;2;2;1;0;5;0;0;1;0;2;0;2;0;0;0;0;6;1;1;8;18;1;0;0;0;1;0;0;0;2;0;0;2;20;0;15;0;6;0;2;3;0;0;0;5;7;0;0;0;0;0;0;5;0;4;0;14;2;1;0;3;1;3;5;2;1;0;9;0;3;0;0;1;5;0;0;138;0;0;1;4;0;1;0;3;2;2;1;0;0;0;0;8;4;8;7;0;0;9;8;0;7;9;3;0;0;0;8;0;0;2;0;0;0;8;0;3;0;0;0;0;2;0;0;0;0;0;0;0;0;5;0;4;2;0;0;0;4;1;0;0;0;1;0;0;0;0;0;0;0;0;0
05914000;0;5;0;0;1;0;0;5;0;1;8;0;2;4;0;9;0;0;0;3;0;0;4;0;1;0;2;2;6;0;2;0;0;0;0;0;0;1;3;0;2;3;4;0;2;0;2;0;1;1;12;0;7;0;0;8;3;9;0;2;9;0;0;58;0;39;0;0;0;4;11;0;0;0;4;3;8;0;2;0;5;10;0;1;0;7;1;0;0;7;40;15;0;0;23;0;15;0;0;0;0;0;0;0;47;34;0;0;14;0;0;166;0;18;0;68;0;18;0;10;5;0;0;0;6;1;0;2;0;1;2;0;3;5;0;1;4;1;0;1;1;0;1;6;4;2;0;0;5;6;0;4;0;0;0;0;0;3;0;0;0;1;1;0;0;0;0;0;2;0;2;1;0;0;1;0;0;0;0;0;4;2;4;3;6;5;2;2;0;4;1;10;0;0;0;0;3;0;0;11;0;0;3;1;8;0;4;0;5;3;2;10;0;3;0;0;0;1;0;6;4;0;0;0;3;2;0;1;1;0;0;6;1;0;0;0;3;0;0;0;5;0;2;0;0;1;0;0;2;5;0;0;0;3;0;1;0;0;0;0;0;0;0;0;1;0;0;1;0;1;1;0;0;0;0;0;0;0;0;0;0;0;0;11;0;1;0;0;0;0;0;1;1;0;0;0;1;0;1;0;0;0;0;1;0;0;0;8;0;0;0;0;3;0;4;1;0;2;1;0;6;5;0;0;2;0;1;1;0;0;5;1;2;2;0;0;0;0;0;0;0;0;0;2;0;0;0;0;0;0;1;2;0;0;0;0;0;0;0;0;1;0;0;0;0;8;0;1;0;0;0;0;0;3;2;5;0;0;0;0;0;1;0;0;0;0;0;0;2;0;0;1;1;1;0;0;0;0;0;0
05915000;0;0;9;0;0;0;0;7;0;2;3;3;0;0;4;0;0;3;0;3;0;1;0;6;0;0;0;0;1;4;0;9;0;0;0;3;2;3;1;2;0;0;1;1;6;0;0;5;0;2;19;7;0;0;5;1;0;2;0;4;0;0;2;27;6;0;5;0;0;6;0;0;2;12;14;28;5;27;0;0;11;15;4;28;10;11;2;21;17;3;22;4;41;70;0;36;73;0;56;7;14;15;0;0;55;73;16;0;0;11;92;96;18;20;0;0;4;0;0;0;8;0;7;1;3;3;0;0;0;4;0;0;0;7;0;0;0;2;0;3;10;1;0;0;1;7;0;0;9;1;0;0;0;0;1;0;1;0;0;1;0;0;5;0;0;0;0;0;1;0;0;2;0;0;0;0;0;1;9;1;0;0;0;0;2;0;6;5;0;2;0;2;0;0;0;1;0;0;6;2;0;0;0;0;0;0;0;0;1;0;0;1;0;3;4;0;5;2;1;1;5;0;0;4;0;0;0;0;4;0;0;1;0;0;7;6;0;1;5;0;1;1;0;0;0;0;4;0;5;0;0;0;1;1;0;0;0;1;4;0;0;2;0;0;0;0;0;0;2;0;2;0;0;0;1;1;0;0;0;0;0;4;0;0;0;3;0;0;1;1;0;0;0;0;0;6;2;0;1;0;1;1;3;0;0;0;0;0;1;0;0;2;0;1;0;2;0;0;0;0;0;1;1;0;0;0;6;0;2;3;1;2;0;0;0;0;0;0;0;0;1;0;1;0;0;0;1;0;0;0;2;6;0;0;1;0;4;2;0;0;1;0;2;0;0;2;0;0;0;0;2;0;0;2;2;0;5;0;1;3;0;0;0;0;1;0;3;0;0;0;0;0;0;0;0;0;0;0;0;0
05916000;0;0;0;0;0;3;0;0;0;4;0;0;0;0;0;16;0;0;0;8;1;0;0;1;0;0;1;4;6;0;0;0;3;0;6;0;0;0;0;0;0;8;3;0;0;2;0;0;6;0;10;4;9;5;2;6;0;0;0;2;2;0;0;0;0;0;15;0;0;0;0;4;0;77;11;27;15;72;0;0;2;0;3;34;15;114;12;18;12;16;0;10;9;83;240;55;6;0;4;6;9;9;2;0;0;0;0;41;0;67;0;69;0;0;105;0;1;2;0;1;0;0;2;0;3;1;0;4;9;0;0;0;0;1;0;0;0;3;0;0;0;3;0;1;0;0;0;0;0;0;0;3;0;0;0;0;1;0;0;0;0;0;0;0;0;0;1;0;0;0;0;1;4;0;0;0;0;0;0;0;0;0;0;0;0;8;0;0;0;1;0;3;0;0;0;3;0;1;0;2;0;0;0;0;0;1;2;0;1;0;0;4;16;0;1;0;0;0;0;0;0;0;0;0;3;0;1;0;1;0;0;1;0;0;3;0;1;3;3;0;0;0;0;1;1;0;0;0;0;0;0;0;0;0;0;0;0;0;0;0;1;0;2;0;2;1;0;0;0;0;0;1;0;0;3;1;0;0;0;0;0;0;5;6;0;0;0;0;0;3;0;0;0;0;0;3;0;0;0;0;0;0;6;4;0;0;0;1;1;2;0;0;0;0;0;0;0;1;0;0;1;0;0;0;7;0;0;0;0;0;0;0;2;0;0;0;0;0;0;0;2;1;0;1;3;0;0;5;0;0;1;0;0;0;0;0;1;2;0;1;2;0;0;0;1;0;1;1;0;0;0;1;0;1;0;2;0;0;0;0;0;0;0;0;2;1;5;1;0;6;0;0;0;0;0;0;0;1;0;0
05954000;0;0;0;0;0;4;0;18;0;10;9;3;4;0;2;16;0;1;0;0;0;2;0;0;8;0;7;5;0;2;0;0;6;1;0;0;4;5;0;9;0;0;3;2;1;4;0;5;5;0;49;12;4;13;17;21;5;16;0;7;0;1;0;10;0;0;11;0;0;28;6;0;0;0;0;4;0;0;0;39;15;3;0;4;0;2;31;0;0;0;8;0;3;25;0;8;10;0;0;0;0;13;11;0;26;0;3;0;0;0;0;73;0;0;0;0;2;11;0;10;0;0;2;3;1;0;1;0;0;2;0;6;0;9;0;0;3;0;0;0;0;2;0;6;5;3;0;3;7;0;0;0;0;5;0;0;0;0;0;0;0;0;1;0;0;4;0;0;0;7;0;0;3;0;0;0;2;2;0;2;4;2;0;0;0;1;0;0;3;1;7;0;4;0;0;0;4;2;0;0;0;1;0;1;8;6;0;0;1;0;3;2;0;7;5;6;2;3;2;0;2;0;0;6;0;1;0;1;1;0;0;0;7;0;4;3;3;0;1;0;0;2;0;1;8;0;0;2;2;0;0;0;0;1;0;1;0;0;0;0;0;0;0;0;0;3;0;0;4;0;0;0;2;2;0;0;0;0;0;0;0;1;0;0;1;0;2;0;0;1;0;3;0;1;0;0;5;0;0;0;0;3;1;0;3;0;3;0;0;0;0;2;0;0;0;2;0;5;0;0;0;0;1;0;0;0;0;0;3;0;6;0;3;0;0;1;0;1;4;0;0;0;0;0;0;1;0;0;3;12;1;4;4;3;0;0;0;0;2;0;1;15;2;0;0;0;0;0;0;1;3;6;0;2;0;0;5;8;3;0;4;0;1;4;0;4;0;0;0;1;0;2;0;0;2;0;0;2;0;0
05958000;1;5;3;0;0;0;0;13;0;3;0;13;0;5;0;4;0;0;2;9;4;0;0;4;0;0;13;0;0;5;0;0;0;0;4;0;0;11;0;2;0;2;0;5;0;0;0;10;7;0;10;8;7;0;0;0;0;6;5;5;3;1;7;26;13;0;5;0;2;0;3;0;15;0;0;3;3;0;2;68;2;11;3;0;0;7;1;9;5;0;39;12;1;3;0;0;25;7;0;0;0;0;0;0;13;21;1;0;2;11;0;0;0;0;0;0;1;8;2;6;0;0;3;0;6;8;1;0;0;0;0;2;1;0;0;13;1;0;9;0;36;0;2;4;8;2;0;0;4;6;0;0;0;3;9;0;4;5;0;3;0;2;1;1;0;0;0;0;1;0;2;1;2;1;9;0;0;0;7;0;0;2;0;1;6;0;0;0;0;1;1;1;7;2;4;1;0;0;2;0;0;0;1;0;0;0;0;0;0;0;7;0;3;0;0;2;6;0;0;3;0;0;0;9;4;0;3;0;0;0;0;0;4;0;0;2;1;4;0;0;0;3;0;0;0;0;0;0;2;0;0;0;0;1;3;1;0;0;1;0;0;3;0;0;2;0;0;1;1;0;1;1;5;0;1;1;0;0;0;0;0;3;2;0;0;0;0;1;7;0;1;2;1;0;6;0;1;3;0;0;1;0;0;2;0;3;3;0;0;0;0;0;1;0;2;0;1;0;0;0;1;6;5;0;0;2;0;0;2;0;2;1;0;1;0;3;0;0;0;0;0;1;0;4;0;0;1;0;4;6;0;2;6;2;1;4;1;4;0;0;3;9;0;0;1;0;9;0;0;2;0;0;0;0;0;2;2;1;2;0;0;6;0;5;0;0;0;0;0;0;0;2;0;0;0;4;0;0;0;1
05962000;1;3;0;6;1;5;9;12;0;3;3;0;0;0;0;0;5;1;0;2;0;0;0;0;0;0;16;0;1;2;2;0;2;1;3;5;0;3;5;0;4;5;1;3;1;0;3;13;1;1;24;43;0;0;0;13;0;0;14;7;6;0;3;73;0;0;0;0;0;0;0;9;0;0;0;0;0;17;10;42;0;0;0;7;0;3;0;0;0;0;4;27;0;0;0;0;29;0;0;0;0;14;7;0;78;33;0;0;0;0;76;0;0;10;0;0;0;9;0;0;2;0;0;0;4;0;0;12;2;0;12;11;3;0;1;4;0;1;0;0;0;0;0;10;13;0;0;5;0;0;0;0;0;7;3;0;2;0;0;0;0;0;10;0;0;1;3;0;0;5;0;0;1;2;7;5;0;1;0;0;4;1;9;0;0;6;1;3;0;0;1;4;0;0;2;6;6;0;0;14;0;0;0;2;10;0;0;3;0;3;2;31;5;0;7;0;0;0;2;13;1;0;4;21;2;0;0;0;0;8;0;5;0;7;0;4;0;2;0;0;0;5;0;0;0;0;0;0;4;1;0;4;7;0;0;1;0;0;0;0;1;0;0;3;5;0;0;0;0;5;1;0;1;1;1;0;0;2;0;0;0;0;0;6;0;3;0;1;0;1;7;2;0;0;4;0;6;0;1;0;5;6;1;0;3;2;0;0;3;0;0;0;2;3;0;0;0;2;6;1;3;0;0;0;10;4;0;0;3;2;0;0;0;0;2;3;0;4;4;0;5;4;0;3;4;0;0;0;1;0;0;7;8;0;0;1;8;6;2;0;0;13;0;0;8;0;0;0;0;0;0;0;0;0;0;0;5;0;5;0;0;0;1;0;0;0;0;3;0;2;0;1;0;2;2;0;0;0;0;0
05966000;2;2;3;0;0;0;0;6;3;0;1;0;2;0;1;0;0;0;0;3;2;0;0;5;0;0;1;0;0;0;3;0;4;1;0;0;0;1;4;0;0;7;2;2;0;0;2;3;0;0;0;2;1;0;1;5;0;0;0;1;0;0;0;18;3;0;11;0;0;3;0;7;0;4;31;7;3;30;0;0;0;28;0;47;18;0;1;0;1;1;2;27;5;5;0;11;2;0;0;0;0;2;0;0;10;36;13;0;0;35;46;45;0;225;0;0;0;8;0;4;0;3;0;5;9;4;0;1;0;2;0;3;1;0;2;0;0;0;0;0;0;1;0;2;9;0;0;0;1;3;1;0;10;2;3;0;0;0;0;0;0;0;2;0;0;1;1;0;0;1;0;0;0;0;0;0;0;0;0;0;3;0;0;3;0;0;0;1;0;0;3;0;3;0;2;2;7;0;0;2;0;1;0;0;2;0;1;0;2;0;1;3;0;1;1;1;2;0;1;0;0;0;0;21;0;0;0;1;0;0;0;0;0;1;1;1;0;0;1;0;1;0;0;0;1;0;0;3;0;0;0;0;0;0;0;0;0;0;2;0;0;0;0;0;0;2;0;0;0;0;0;1;0;0;1;8;0;0;0;0;1;1;1;1;0;0;0;0;0;0;0;0;1;0;3;0;0;0;0;1;1;0;0;0;0;0;0;0;0;0;0;0;1;0;2;1;0;0;2;1;1;0;1;3;0;0;1;0;1;0;0;0;0;2;1;1;0;0;0;0;0;2;0;0;1;0;2;6;0;0;0;2;4;2;0;0;0;1;0;2;0;4;0;0;0;0;0;0;3;1;2;1;0;2;0;2;1;0;2;0;2;0;0;0;0;0;0;2;0;0;0;0;0;0;3;0;0;0;0;1
05970000;2;0;0;2;0;0;3;10;11;1;4;7;7;1;4;30;0;0;3;0;0;0;0;1;0;0;18;4;2;0;0;0;3;1;7;2;3;0;0;0;5;15;0;0;0;1;0;8;0;2;2;2;0;6;1;8;0;15;4;0;2;0;7;37;19;21;13;12;2;11;0;8;9;4;0;3;1;17;0;137;5;0;0;0;0;0;0;0;2;0;0;0;0;0;0;12;0;13;0;0;0;7;1;0;14;36;0;0;0;8;20;0;0;0;0;0;2;19;3;21;0;0;1;0;0;4;6;10;0;0;23;0;0;0;1;14;5;1;8;11;0;0;4;5;62;8;0;2;1;18;2;0;2;8;0;0;4;7;2;0;0;2;10;0;0;0;2;0;0;2;0;2;1;0;0;1;3;0;0;6;0;8;10;0;0;0;0;3;3;0;7;0;0;0;0;0;0;2;3;3;5;0;0;0;0;0;6;2;6;4;1;0;10;6;0;0;10;0;3;5;3;1;6;35;6;0;4;3;1;0;3;3;5;1;6;0;0;0;3;0;1;5;6;9;3;4;3;1;7;0;0;2;0;0;1;0;0;3;6;0;0;0;0;0;1;1;0;0;5;0;0;0;6;0;0;1;0;0;0;1;1;7;2;7;1;0;2;0;2;3;0;0;0;0;2;0;3;0;0;0;1;1;0;2;4;0;1;0;0;3;0;0;1;0;0;0;3;0;0;7;0;0;8;0;24;0;0;0;0;4;4;0;2;5;2;2;1;0;0;0;2;0;3;0;4;0;2;4;7;0;0;1;3;0;2;0;9;0;11;0;4;4;0;5;0;3;0;0;2;0;0;1;2;0;3;0;2;4;4;0;8;0;0;0;0;0;0;1;0;0;0;1;2;0;0;0;0;1;0;0
05974000;0;3;8;0;0;0;7;6;0;6;4;2;0;3;4;26;5;0;0;7;0;0;0;3;2;0;20;5;5;16;10;0;0;1;2;2;0;1;0;3;0;2;0;0;0;1;6;8;0;2;0;0;0;4;2;10;0;2;0;4;8;12;8;34;11;0;31;0;7;5;0;38;0;24;59;63;44;86;0;0;16;21;20;117;0;0;19;57;47;3;80;74;68;69;0;64;70;0;17;0;0;30;25;0;53;68;29;5;0;73;113;63;6;115;0;0;0;12;0;0;3;1;0;0;8;0;6;17;2;0;2;0;0;10;0;0;0;0;16;9;0;0;3;3;0;2;0;0;0;1;4;0;0;4;0;0;1;0;0;0;0;0;1;1;0;0;0;0;0;0;0;0;0;0;2;0;0;1;6;0;2;0;4;1;0;0;0;2;0;0;0;1;3;4;0;10;7;0;1;0;0;2;1;0;4;0;0;1;0;0;2;3;2;0;4;0;0;1;32;0;0;4;5;0;1;0;4;0;0;5;0;0;0;0;2;0;0;4;0;1;0;0;1;1;1;0;1;0;2;1;4;0;0;0;2;0;0;0;0;2;0;0;0;0;0;0;1;2;0;1;0;1;0;0;0;1;2;0;0;0;0;2;0;6;0;0;2;0;1;0;0;0;0;0;0;0;0;0;0;1;1;0;1;2;0;1;2;0;2;1;0;0;0;0;0;0;1;0;9;0;0;0;3;1;1;0;0;0;7;0;4;0;0;0;0;1;0;0;1;0;0;0;0;0;1;0;1;0;2;0;0;7;2;0;4;0;12;1;0;1;0;3;0;1;0;2;5;0;0;0;0;5;0;7;0;0;2;11;3;0;0;0;0;0;0;0;3;0;1;0;0;0;0;1;0;0;2;0;0;0
05978000;15;4;1;0;1;0;15;3;0;0;0;2;0;0;0;12;0;6;0;3;0;0;1;0;5;0;12;15;0;0;0;1;0;0;19;2;0;7;0;3;0;0;0;0;0;3;0;0;2;8;16;0;0;0;0;20;5;0;5;4;19;1;4;54;0;0;10;0;101;0;14;4;69;142;201;82;42;75;37;8;79;25;95;41;15;36;12;23;102;6;0;207;104;83;353;245;64;0;0;54;89;29;16;30;69;0;0;1139;548;13;45;51;438;21;1821;0;0;10;0;10;8;0;3;0;0;0;0;0;1;0;0;11;1;5;1;10;0;5;0;0;6;1;2;10;2;0;0;0;0;2;3;0;0;9;0;0;4;0;0;0;2;9;0;1;0;1;0;0;0;0;0;0;1;0;0;1;0;0;0;0;0;0;0;0;0;4;2;0;0;0;3;2;1;3;0;0;0;0;7;3;4;3;0;1;1;0;0;1;1;0;5;0;2;0;0;0;2;0;7;4;6;3;3;0;1;9;5;0;2;1;1;0;0;1;0;0;0;5;2;5;5;1;0;0;0;0;0;1;0;0;0;1;2;0;0;0;0;0;4;0;1;0;0;0;2;0;0;0;1;0;0;0;0;3;0;2;2;0;0;0;0;0;4;0;0;0;1;3;0;0;3;0;0;0;0;0;0;1;0;4;1;0;0;0;4;1;0;5;0;5;0;3;0;3;4;0;1;0;2;2;0;4;1;3;0;6;0;1;0;0;3;0;2;0;0;0;12;2;0;4;0;1;1;0;0;0;0;0;0;2;0;6;0;0;2;0;2;3;4;0;2;2;0;2;0;0;1;0;1;5;0;0;2;0;0;0;0;0;0;0;0;0;0;0;0;0;3;0;2;0;0;0;0;0;1;1;0;1;0;0
06411000;0;8;9;0;0;0;1;2;0;0;1;0;6;1;0;68;0;0;0;0;9;0;0;2;0;0;18;0;0;0;0;4;0;1;3;3;0;0;0;0;0;0;0;4;0;0;0;0;2;0;0;0;1;1;0;2;0;3;2;0;0;2;2;2;0;0;0;0;0;0;0;2;0;3;0;0;0;0;0;10;2;0;0;6;0;0;0;1;0;0;0;0;2;4;0;0;0;0;5;0;17;2;1;0;0;0;1;0;0;0;0;4;3;0;4;2;0;343;28;145;178;220;135;23;223;33;19;218;73;0;0;90;51;0;6;0;92;3;0;40;0;21;0;8;0;0;1;0;0;0;0;0;4;4;0;0;0;1;0;0;0;0;56;0;0;0;9;0;5;0;0;6;0;0;0;0;13;0;17;9;0;0;10;4;8;7;2;0;0;3;3;4;1;17;0;0;0;0;0;0;0;0;3;0;0;2;0;0;0;0;3;0;0;0;0;2;0;0;0;7;9;0;9;106;0;4;3;0;3;0;1;0;2;0;5;2;8;0;0;1;1;6;5;0;0;0;0;0;0;0;3;0;7;0;0;0;0;0;0;1;0;1;0;0;0;5;1;0;0;0;0;0;0;0;0;2;0;0;0;0;0;7;3;4;0;1;2;3;0;0;3;1;25;4;10;1;0;3;2;1;14;6;2;1;0;0;0;0;2;0;3;0;0;0;3;0;2;1;1;3;0;3;1;5;81;29;0;0;0;1;15;0;0;2;0;0;0;0;0;0;0;0;1;0;0;0;0;0;0;3;2;0;1;1;0;3;10;7;3;0;0;7;3;0;0;0;0;0;0;0;6;0;0;0;0;0;0;0;0;0;0;1;0;1;0;0;0;0;0;0;0;0;0;0;0;0;9;1;0;0
06412000;0;0;0;0;8;8;2;4;3;0;0;8;0;3;0;48;0;0;0;0;0;0;1;0;6;0;0;2;0;0;0;2;7;6;6;0;2;2;0;5;0;0;4;2;7;0;13;0;0;0;2;0;0;5;0;6;0;0;0;0;1;0;4;7;0;0;12;9;0;0;0;0;0;0;3;0;0;3;0;0;2;0;0;0;10;0;0;0;0;1;0;0;8;8;0;0;0;0;0;10;0;0;0;0;0;0;0;3;0;0;0;0;0;0;0;0;0;0;340;0;0;48;200;1030;546;668;0;652;0;340;0;0;43;0;6;0;0;0;0;0;0;0;0;19;0;0;0;7;0;0;16;1;0;0;0;0;0;2;2;0;3;0;0;14;0;4;0;0;8;4;12;0;0;0;0;0;0;0;0;0;0;0;0;20;0;0;0;0;0;0;0;0;0;0;3;0;0;0;0;0;0;0;0;0;0;0;0;0;0;0;0;0;0;0;0;4;0;0;0;19;0;0;0;165;0;0;6;0;0;0;0;2;24;0;9;11;1;0;32;0;14;6;16;8;11;0;0;0;0;0;1;0;2;5;5;0;1;3;0;0;2;0;0;0;1;0;4;0;0;0;0;5;0;0;0;0;2;3;2;0;0;0;0;0;0;0;0;0;0;0;0;0;6;0;0;82;32;0;0;2;8;0;15;5;21;0;0;2;8;3;0;0;0;9;2;0;0;10;0;0;0;0;0;1;168;1;0;1;6;0;0;3;0;1;4;2;0;0;3;0;0;0;1;0;0;2;5;2;0;0;6;0;0;0;0;0;0;4;8;1;2;0;6;0;0;0;0;0;0;0;0;9;1;2;0;10;0;0;0;0;0;0;0;0;0;0;4;4;0;0;0;0;0;1;2;0;0;0;5;0
06413000;2;0;2;0;3;2;0;0;1;0;1;3;0;0;0;9;0;3;0;1;0;0;0;0;1;0;1;0;0;0;0;2;0;0;4;5;1;0;0;0;0;0;2;0;0;1;0;2;0;1;0;5;2;0;0;1;0;0;0;4;0;3;2;0;10;5;0;0;0;2;0;2;2;4;10;0;0;2;0;8;0;0;0;5;0;0;0;0;0;1;0;0;0;0;0;1;0;1;0;4;0;0;0;8;0;8;6;1;1;0;0;7;5;0;2;5;0;0;0;51;0;23;0;40;255;22;0;541;0;82;0;14;0;0;7;0;13;0;0;0;3;4;0;0;0;2;6;1;0;0;4;3;16;1;1;0;0;6;1;5;0;0;0;0;0;0;0;0;0;6;6;0;4;0;1;0;3;0;0;0;0;0;0;0;0;8;0;0;0;1;0;1;0;5;2;0;3;0;0;0;3;1;0;0;0;0;0;3;0;2;3;3;0;0;1;0;0;0;1;0;0;0;0;0;0;1;0;0;4;1;1;0;11;0;1;0;0;1;8;3;2;1;0;0;1;0;0;0;0;2;0;0;0;0;0;1;0;0;0;0;0;0;0;1;0;0;0;1;0;1;0;2;0;0;0;1;1;1;0;4;0;2;6;0;1;1;0;4;0;2;2;1;23;0;0;48;3;1;0;1;9;7;0;0;3;3;0;0;0;4;0;0;0;3;2;1;0;0;2;0;3;0;0;2;23;0;0;0;0;0;0;0;0;0;2;0;0;5;1;4;0;0;0;2;0;1;1;0;1;0;0;0;0;0;0;0;0;0;0;2;2;0;4;0;0;0;0;1;0;0;5;2;0;1;0;0;0;4;0;0;2;0;1;0;0;1;0;0;0;1;0;0;0;1;1;0;1;4;0;4
06414000;0;7;8;0;9;0;3;12;4;3;6;0;0;0;2;27;0;0;0;0;4;0;0;0;0;0;11;1;0;10;0;4;0;0;0;8;2;3;0;0;0;0;0;0;0;3;0;0;0;3;2;3;0;1;0;7;1;0;0;0;2;0;4;16;0;0;0;0;6;2;0;4;1;8;0;0;3;1;26;44;0;10;0;0;3;0;0;0;1;1;0;0;0;0;0;3;6;0;0;0;0;0;0;0;0;0;0;4;0;0;0;7;0;0;2;0;0;95;0;0;0;0;0;18;0;12;1;0;470;0;0;1;66;0;0;0;0;2;0;0;0;0;0;4;0;9;0;0;0;0;17;50;12;0;0;3;1;0;9;0;8;0;0;0;0;3;0;0;44;0;2;8;0;0;4;0;64;0;0;0;9;0;0;0;0;4;2;3;0;0;2;0;4;18;0;0;0;3;0;0;6;6;4;11;0;5;0;0;2;1;0;2;0;0;0;0;1;0;2;7;2;0;0;68;4;0;11;7;8;0;0;0;0;2;4;4;2;0;0;0;1;1;8;0;0;0;0;1;1;0;0;0;4;0;0;0;0;0;6;0;0;0;0;0;0;2;0;0;0;4;2;0;0;0;4;0;1;0;1;5;1;1;0;0;0;1;3;0;0;0;0;0;2;0;0;1;1;2;0;0;0;7;6;0;0;0;0;0;6;0;3;5;4;0;0;0;0;0;0;3;0;0;0;3;33;0;0;0;0;0;2;0;2;0;5;0;0;2;0;0;3;0;0;0;0;2;2;0;1;4;0;0;0;3;2;0;0;0;0;0;7;0;13;0;0;2;0;0;2;0;2;1;0;0;0;0;0;0;4;0;0;0;0;3;0;0;0;0;0;0;1;0;0;2;1;0;0;0;0;1
06431000;2;6;0;2;0;1;7;4;9;4;0;16;3;0;2;19;0;0;0;4;5;0;4;2;2;0;14;6;2;7;0;2;0;4;0;2;1;0;0;2;10;0;4;7;0;0;0;0;0;0;3;0;2;0;0;7;0;3;0;0;4;1;0;0;0;0;2;1;0;0;0;1;2;0;0;2;5;4;0;0;5;0;3;0;6;0;2;5;0;0;3;0;4;0;9;2;0;0;0;2;0;1;6;0;2;0;0;0;7;8;8;0;0;2;0;0;0;98;11;31;0;0;0;5;0;0;0;0;7;0;0;9;16;0;0;0;0;0;0;15;0;0;0;8;4;6;0;0;0;0;6;0;0;1;3;1;1;0;0;0;1;0;0;21;0;24;34;0;4;24;2;0;5;0;0;22;0;2;0;2;10;0;0;7;0;0;0;0;0;0;0;0;13;0;0;0;0;0;0;0;0;0;0;4;0;0;13;0;0;1;6;5;0;0;8;0;0;0;0;3;9;0;3;2;0;1;4;3;0;0;2;0;1;8;7;0;0;0;8;0;0;6;6;2;0;0;2;0;1;0;5;6;0;0;4;0;0;0;2;0;4;0;0;0;0;1;1;2;0;2;0;5;1;0;0;3;1;0;0;0;0;0;2;1;0;0;0;2;0;0;2;2;0;5;11;0;0;5;0;1;0;0;0;0;2;0;1;3;3;4;3;5;5;0;4;0;2;2;0;0;0;4;0;0;16;0;4;0;5;1;0;2;5;2;0;0;2;0;1;1;3;2;3;5;1;4;1;2;6;6;0;2;11;2;0;0;2;0;6;0;0;0;0;1;0;3;0;2;0;1;0;1;0;0;1;0;0;2;15;0;0;0;0;0;1;1;0;0;0;0;0;0;0;2;0;2;0;0;0;4
06432000;1;9;5;3;0;1;9;4;7;0;0;0;8;1;0;25;0;0;0;6;0;3;0;4;7;0;0;1;2;0;0;1;0;4;0;0;5;2;4;4;0;0;2;3;0;0;0;0;10;0;17;3;6;0;0;0;0;14;1;2;3;2;4;0;2;9;0;6;0;0;0;0;0;1;0;0;1;0;0;14;3;0;0;10;0;6;0;1;4;0;2;10;0;0;1;0;0;3;6;0;1;3;0;0;0;10;0;6;8;0;2;4;0;0;0;2;0;0;0;45;55;0;124;0;0;0;189;0;2;0;0;3;19;0;6;0;4;0;0;27;0;0;0;4;2;0;1;0;5;2;1;10;11;5;5;2;0;1;0;0;0;0;30;0;2;0;3;2;2;6;0;4;2;0;4;1;0;1;0;0;2;0;0;0;0;4;1;0;10;6;3;1;6;0;0;8;0;8;13;1;0;6;2;19;0;3;6;2;3;5;5;4;3;11;7;0;0;0;0;11;0;4;0;30;0;0;0;2;4;1;5;0;0;7;0;1;0;0;4;0;7;0;5;3;2;0;0;1;0;5;0;0;2;0;0;0;0;0;0;1;0;3;4;0;0;0;1;0;0;0;0;0;1;0;0;4;0;0;0;0;2;0;0;0;0;6;0;0;0;2;0;1;32;1;0;38;6;1;5;8;20;1;2;14;11;1;0;0;0;1;0;0;5;4;0;9;0;0;0;0;0;0;0;2;6;0;0;0;2;2;0;1;0;0;0;1;4;2;1;0;4;0;1;0;0;3;0;3;0;3;0;0;0;0;1;1;0;0;2;1;0;17;2;0;0;0;0;0;0;0;1;0;0;0;3;0;1;0;4;0;0;0;6;3;4;0;6;3;1;2;1;1;0;0;0;1;0;0;2;0
06433000;1;1;0;4;1;4;3;13;0;1;0;8;1;0;5;0;0;2;3;0;0;0;10;0;0;0;0;0;0;4;0;0;0;5;3;0;0;0;0;0;1;0;0;0;2;4;0;0;0;0;10;5;15;0;0;0;3;2;0;3;2;0;3;0;0;0;11;0;0;0;2;0;0;0;0;0;1;10;8;21;1;0;6;11;0;2;7;5;0;1;0;3;5;2;0;0;4;0;1;2;1;1;4;0;3;6;5;0;0;0;0;2;1;0;1;0;0;0;20;19;49;0;0;26;1;0;17;148;53;0;0;0;16;0;5;8;0;0;0;10;0;0;7;4;8;46;1;0;9;8;13;0;14;0;0;1;0;0;6;0;2;0;45;4;4;5;5;0;71;0;28;0;1;0;0;4;59;1;0;1;0;3;7;4;2;7;1;2;6;0;3;3;0;13;0;5;22;0;6;0;11;0;0;12;0;2;10;0;4;3;0;0;8;5;3;4;0;0;3;0;3;0;0;19;0;1;0;5;4;7;2;5;1;1;4;0;1;2;13;0;2;7;1;2;0;1;1;0;0;0;4;1;2;1;0;1;0;0;0;0;0;4;0;0;5;0;0;2;0;0;0;0;4;2;0;1;0;0;0;1;2;7;0;7;0;0;0;0;0;0;0;0;5;0;7;11;3;0;1;0;10;7;1;0;3;3;1;1;0;0;5;2;2;0;3;0;0;2;3;2;0;3;0;0;0;0;0;0;0;3;4;4;1;0;0;0;0;3;4;1;1;0;0;2;0;0;2;7;0;3;1;3;0;3;2;4;2;0;6;0;3;10;0;0;0;0;2;0;5;0;4;0;2;0;0;8;0;1;0;0;0;3;0;3;0;3;0;0;0;0;0;1;0;1;0;0;3;4;0;0
06434000;4;2;5;0;4;4;8;5;0;6;0;0;3;0;1;36;0;0;0;0;0;0;0;0;0;0;4;0;0;0;0;0;1;3;7;5;2;0;5;0;2;2;0;0;0;0;0;1;3;7;7;0;5;4;0;1;0;0;0;2;2;0;3;0;4;0;0;0;9;0;0;1;3;0;4;6;0;0;0;6;0;0;0;0;0;3;11;1;0;0;0;15;3;0;0;9;12;1;0;0;3;0;0;0;0;0;0;0;0;0;0;5;0;5;6;0;0;0;0;0;0;8;0;0;33;0;6;0;0;0;0;33;15;0;9;0;0;2;0;0;0;0;0;8;4;0;0;5;3;6;5;1;0;0;0;0;0;0;3;0;0;0;59;0;0;0;0;0;7;0;0;0;0;0;0;2;2;0;0;0;0;0;0;0;0;0;1;3;7;0;5;0;19;0;4;14;34;5;4;0;1;5;0;0;4;8;2;0;5;0;17;5;0;6;0;2;4;6;0;6;0;0;0;58;0;3;7;0;0;10;3;4;4;0;4;2;2;5;20;1;1;0;10;5;2;0;0;0;2;1;1;8;3;5;1;0;0;0;6;0;0;0;0;0;0;0;4;0;0;0;0;0;0;1;0;9;0;4;0;0;0;0;0;5;0;3;2;0;2;0;0;0;7;2;12;9;0;0;2;0;0;0;0;3;4;2;3;2;1;0;0;0;0;4;0;2;0;2;5;9;0;2;2;0;10;0;0;4;0;0;2;0;1;8;0;1;0;3;3;0;0;0;0;3;0;0;1;5;0;3;0;4;7;0;0;4;2;1;0;0;0;0;7;0;0;0;1;0;0;2;1;4;1;0;0;0;0;0;0;0;0;0;3;0;0;0;0;0;0;1;1;0;2;0;0;0;3;0;2;2
06435000;0;0;0;2;0;6;0;6;2;2;5;6;0;0;0;19;1;0;0;7;0;0;8;3;0;0;3;4;3;0;0;3;0;0;0;13;1;0;0;0;0;4;1;0;0;0;4;3;7;2;6;3;0;2;4;12;0;6;3;3;1;0;4;7;11;12;0;0;2;0;4;4;0;0;15;0;0;3;5;16;1;2;0;7;7;0;0;0;9;5;6;4;0;0;0;0;9;0;0;0;7;8;0;2;4;4;0;0;0;0;0;0;0;1;0;4;0;0;0;6;5;3;0;0;0;0;10;0;0;0;0;0;7;0;35;4;9;19;0;0;0;0;5;4;3;0;0;0;6;0;0;10;0;6;10;9;1;0;0;1;0;0;26;0;6;1;0;0;2;1;0;0;1;0;1;10;0;0;0;8;1;5;0;0;0;14;12;0;0;5;0;3;15;0;0;28;2;9;22;0;0;0;0;5;0;2;8;0;9;0;5;7;3;0;7;0;1;0;9;8;12;0;1;22;0;0;0;5;0;0;5;0;2;3;2;0;9;9;0;1;0;3;0;3;2;0;0;0;1;0;0;0;3;2;0;0;0;1;0;0;6;0;3;1;7;2;2;0;2;0;0;4;2;5;0;0;1;2;0;0;1;0;3;0;0;2;3;0;0;1;1;0;20;0;7;144;45;11;0;8;0;12;0;1;0;1;0;0;0;0;0;3;10;1;4;0;0;14;0;0;0;0;0;0;1;2;1;0;4;0;0;0;0;0;0;2;0;0;0;0;0;0;0;10;0;2;2;10;0;0;0;0;2;0;0;12;14;4;1;0;4;0;3;1;0;0;0;0;2;0;0;0;0;5;0;3;0;0;0;0;0;3;3;4;0;0;0;4;1;0;3;8;1;2;0;0;0;0;2;2
06436000;2;2;0;2;0;6;18;11;0;4;4;2;12;0;0;17;0;3;0;4;3;0;4;0;2;6;2;0;3;0;0;5;5;1;2;2;0;10;4;5;5;2;0;0;0;0;3;0;6;8;0;5;2;0;0;12;0;0;0;1;5;0;2;2;0;0;0;0;0;2;3;0;2;2;5;0;0;0;0;28;0;5;0;2;11;9;0;11;3;0;6;8;0;1;5;6;3;0;0;1;0;6;0;0;0;0;0;0;0;2;0;3;0;0;5;1;0;0;0;0;24;21;38;218;40;0;11;0;71;0;0;13;73;0;10;0;7;2;0;27;0;2;5;9;3;12;0;5;8;2;0;22;29;0;9;0;0;3;0;0;0;0;67;2;0;1;1;0;32;5;9;5;0;1;0;0;26;7;0;2;3;1;5;0;0;0;0;1;0;2;9;2;2;0;2;4;0;1;14;1;0;0;0;10;0;1;2;0;1;0;15;0;1;0;5;0;0;0;6;18;0;3;3;43;1;0;2;2;3;0;4;1;0;2;0;1;7;5;4;0;0;1;1;0;2;0;0;2;1;0;1;4;0;0;0;4;0;0;3;2;2;1;2;3;4;0;1;0;0;1;1;0;1;0;2;0;0;0;3;0;0;5;0;0;2;0;0;1;0;0;6;4;0;0;15;0;6;1;1;2;12;0;4;0;0;0;0;1;3;0;1;2;0;1;2;1;4;0;0;0;0;0;0;1;2;2;1;0;1;1;5;0;3;2;6;4;0;4;0;0;0;0;0;0;0;1;4;3;2;0;3;0;0;7;0;0;7;2;2;0;9;0;0;0;0;0;6;0;0;0;1;0;0;0;0;0;6;0;0;0;0;2;1;0;0;7;0;2;3;0;1;0;4;3;0;1;2;0;0;0
06437000;2;0;4;0;0;0;2;4;0;0;4;0;0;0;0;1;1;0;0;0;0;4;0;0;0;0;0;0;0;2;0;2;0;1;5;0;0;2;0;1;0;0;0;3;0;0;0;2;0;1;4;0;0;3;2;0;0;0;1;0;1;2;0;0;2;3;1;0;1;0;1;0;3;3;0;2;0;0;1;0;0;0;0;0;0;1;0;0;0;0;0;2;3;0;0;1;0;0;0;0;0;0;0;0;0;2;6;2;0;0;0;0;0;0;0;0;0;18;2;0;9;0;0;0;0;0;0;0;0;0;11;0;8;5;0;2;4;0;0;7;1;3;0;1;2;0;0;0;0;6;3;0;3;0;0;2;2;0;0;1;0;3;7;4;1;1;0;0;0;1;0;0;2;6;0;0;0;1;1;0;4;0;0;0;11;1;1;3;0;0;0;0;3;0;0;0;7;5;6;0;0;5;0;0;3;3;4;2;0;1;0;0;1;0;5;2;1;0;0;3;2;0;0;0;0;2;0;0;0;0;1;2;0;0;0;0;2;2;2;0;2;3;0;2;1;0;3;2;0;2;0;0;2;6;1;0;0;0;0;0;0;1;2;0;2;1;2;1;2;0;0;0;1;0;1;3;3;0;0;1;3;0;0;4;0;0;0;0;1;2;0;0;0;0;1;21;4;0;4;0;32;2;0;4;1;0;1;0;1;1;0;3;0;0;1;3;0;1;4;0;2;0;2;0;0;0;0;5;1;1;1;2;0;0;0;1;0;0;4;0;0;0;0;0;0;4;0;0;0;6;2;1;0;0;2;0;2;1;0;0;0;0;2;1;1;1;2;0;0;0;1;1;0;1;0;1;3;5;0;0;3;0;0;0;0;0;0;2;1;3;0;2;0;1;0;0;1;1;2;0
06438000;0;6;9;1;0;3;10;2;7;1;0;3;0;0;0;0;1;0;0;1;0;0;10;0;5;0;3;0;0;0;4;0;0;0;9;0;0;7;2;7;7;4;0;0;0;0;4;0;6;0;12;3;0;0;0;9;1;4;0;2;3;10;0;2;5;1;7;0;1;0;1;0;2;4;0;9;1;2;0;24;3;0;0;1;1;1;0;6;0;0;4;0;5;0;10;10;3;0;0;5;0;0;3;0;0;0;0;3;0;10;2;0;0;0;0;5;0;0;0;13;5;132;0;56;175;22;44;0;0;0;0;0;27;0;18;12;0;0;0;0;0;3;0;4;1;6;6;2;3;10;6;0;20;0;0;2;1;4;1;0;3;10;51;0;1;2;0;0;0;23;0;0;4;5;0;7;0;0;0;8;0;0;0;0;2;0;1;0;3;0;0;2;7;3;0;2;0;11;28;0;7;0;1;5;1;4;17;1;0;0;0;8;10;21;0;2;2;0;0;6;0;0;0;40;3;4;5;4;2;5;0;0;4;0;3;0;12;5;13;0;0;13;1;0;2;5;0;0;3;0;0;2;2;1;0;0;7;0;3;0;0;1;0;0;0;0;0;0;0;0;0;6;5;7;8;3;6;0;3;1;0;0;1;3;0;0;0;1;1;5;0;1;35;0;0;131;2;1;0;9;33;0;0;0;0;2;1;0;1;0;0;0;0;6;0;5;1;3;7;3;2;0;0;0;25;0;3;0;6;0;0;5;4;0;1;2;0;0;6;0;2;0;0;10;4;4;4;0;3;4;4;1;0;7;0;0;6;0;5;4;0;0;2;1;3;0;0;0;0;0;0;0;0;0;0;2;0;1;1;3;0;6;1;4;0;0;0;0;1;6;0;0;0;0;2;0;0;1;0;0
06439000;5;2;1;0;2;2;4;7;2;1;3;7;5;4;3;16;0;0;0;2;10;0;2;3;0;0;0;0;5;0;0;1;3;0;0;0;0;0;2;0;0;0;3;0;1;0;0;2;0;0;3;1;0;2;0;0;0;0;4;1;1;0;3;21;0;0;0;1;0;1;0;1;0;1;0;0;0;12;6;17;2;1;0;2;2;0;5;2;1;0;0;0;0;2;0;13;0;0;0;0;2;1;0;0;0;7;9;6;0;3;2;0;2;18;0;0;0;7;0;0;0;0;0;14;8;0;11;9;0;0;0;0;113;0;4;3;0;2;0;3;0;4;0;21;2;12;13;0;0;0;0;136;30;2;3;3;1;0;1;0;3;0;33;5;0;2;5;0;5;2;11;0;0;6;4;0;55;5;0;1;5;1;0;7;4;8;0;0;3;0;4;0;6;0;0;0;9;1;14;0;1;0;1;1;0;4;4;2;4;0;3;10;0;0;3;0;0;1;0;0;3;0;0;8;0;1;3;0;5;0;0;2;4;0;0;0;9;0;0;2;0;4;0;7;0;1;4;2;0;0;5;1;4;1;2;1;0;0;0;2;0;0;1;0;0;0;0;3;0;3;0;2;2;0;0;0;0;2;0;0;0;0;2;1;0;1;1;2;0;3;0;0;2;0;1;0;1;0;0;0;3;0;0;0;0;0;1;0;0;0;0;0;0;0;0;2;0;1;8;3;0;6;3;2;0;0;5;0;0;1;1;3;0;0;0;1;0;6;3;0;3;3;4;4;1;7;4;0;5;1;0;0;3;0;0;0;5;3;5;0;0;0;1;0;0;11;6;0;4;1;1;0;1;2;0;1;0;2;0;1;0;0;5;1;0;0;0;1;3;0;0;0;2;0;0;3;1;0;0;0
06440000;4;0;1;1;11;2;12;3;0;0;4;5;0;5;5;0;0;1;10;0;0;2;0;0;1;0;5;0;0;9;0;1;5;0;1;4;1;4;0;0;8;2;0;0;1;0;3;0;2;1;9;5;0;1;0;7;0;7;0;0;0;0;0;0;0;3;4;3;0;0;0;0;7;0;3;14;0;7;8;3;0;7;0;0;0;0;2;0;5;3;0;0;6;0;2;17;5;0;11;0;1;2;0;7;30;13;0;0;5;0;4;1;0;1;13;12;101;0;0;137;134;104;86;59;457;39;26;107;106;0;0;205;151;33;87;18;168;20;33;84;73;46;0;0;4;0;0;2;0;2;1;0;0;0;0;0;0;3;4;0;0;2;31;5;4;1;0;0;9;0;0;0;0;0;3;6;4;1;0;0;0;7;0;0;0;14;0;0;3;2;0;5;6;3;0;1;0;2;8;6;1;2;2;13;0;1;5;2;0;0;8;6;7;9;7;5;0;3;0;8;4;5;0;41;1;4;2;3;0;0;3;0;6;0;1;0;0;0;5;0;11;0;0;6;0;1;0;0;3;0;3;4;5;3;2;1;0;0;0;0;0;2;0;0;2;0;0;2;0;4;0;0;0;0;3;4;0;0;0;0;7;7;2;0;0;0;0;0;0;6;0;2;10;0;2;0;12;0;0;2;0;17;4;2;0;0;0;0;3;0;0;2;0;0;4;0;4;0;0;0;0;0;3;0;0;1;3;1;0;0;0;0;2;0;0;7;0;0;0;6;0;0;0;0;3;10;13;0;1;0;0;0;0;0;0;0;8;1;5;3;0;0;7;1;1;6;1;0;10;0;2;4;1;2;0;3;0;7;10;0;0;0;3;1;0;3;0;0;0;0;1;2;1;0;0;0;0;0;2;2
06531000;0;0;0;0;0;0;5;0;6;3;0;7;0;2;0;48;1;0;3;0;0;0;0;0;5;5;23;2;5;9;0;2;0;4;4;5;1;2;0;0;2;5;0;0;3;0;1;0;0;2;0;6;20;0;4;2;1;1;0;3;9;4;0;23;1;0;8;0;6;5;4;10;11;8;1;0;0;2;28;0;2;0;9;0;3;4;0;0;0;0;14;12;10;0;2;0;1;3;0;0;0;0;8;0;8;6;0;1;5;5;6;0;1;0;0;0;2761;385;22;179;83;101;46;78;235;45;0;97;162;4106;0;336;57;2003;0;4;113;0;1496;70;1139;55;3;2;3;0;5;0;0;13;1;0;0;13;0;7;3;12;1;0;0;7;40;4;3;8;3;1;0;15;0;1;0;9;0;7;12;2;11;0;6;0;1;0;5;0;0;0;0;3;0;0;0;0;0;16;0;0;0;0;0;0;3;26;0;0;0;0;1;0;0;4;4;7;0;1;10;4;0;14;4;0;0;18;4;4;7;0;0;7;2;8;4;2;5;2;0;0;6;0;2;0;0;1;0;0;0;0;0;5;0;0;1;0;4;0;2;0;1;0;3;4;1;0;4;0;0;0;2;0;0;0;3;0;0;0;0;0;2;1;0;3;0;6;0;1;0;0;3;5;2;0;5;2;4;0;0;4;0;0;4;0;2;6;2;1;6;0;0;10;3;1;4;6;0;6;0;4;0;0;8;8;2;0;96;0;0;0;3;0;0;0;2;1;0;1;0;0;0;0;0;1;2;5;13;6;3;0;0;2;6;1;1;4;6;4;4;0;4;0;0;3;2;5;0;0;0;0;0;2;0;2;6;4;0;3;12;5;18;0;12;0;1;0;2;2;0;6;0;0;2;0;0;0;2;2;0;2;0;3
06532000;2;0;5;0;0;2;0;7;0;1;0;9;1;0;2;2;0;0;0;0;0;4;0;1;0;0;0;11;2;0;0;5;0;1;5;0;0;5;1;1;5;0;2;1;0;1;6;8;1;10;3;9;1;2;7;0;7;8;3;1;0;0;6;3;11;1;1;0;0;6;0;6;0;0;0;12;0;0;1;11;0;7;0;4;0;2;0;11;9;0;11;5;6;1;0;0;2;0;0;0;1;0;10;3;0;13;3;3;14;0;0;0;0;22;6;0;0;35;0;0;0;0;8;0;10;0;4;0;16;0;0;0;0;0;23;11;10;4;0;0;0;0;0;9;19;0;2;0;3;0;1;0;46;3;0;1;0;0;2;1;0;12;0;0;0;0;0;0;0;2;0;7;0;0;2;0;0;4;6;0;0;0;0;0;3;16;0;0;1;0;0;2;6;1;0;6;8;0;2;0;0;3;4;0;4;1;5;1;2;2;5;4;3;0;0;0;0;4;0;5;3;4;0;26;2;0;3;1;5;0;4;3;0;3;3;2;0;0;0;1;0;0;4;1;1;0;0;0;1;1;0;7;5;0;0;2;2;1;0;1;0;0;0;1;1;0;0;3;0;0;0;1;0;0;0;0;0;0;0;0;0;1;0;2;0;0;0;0;0;3;0;0;0;0;8;3;8;2;0;0;0;0;1;0;0;1;0;2;0;3;0;1;0;0;1;0;0;6;0;0;2;0;0;1;0;3;0;0;6;0;0;0;0;0;1;0;1;0;0;0;3;1;0;6;0;2;4;4;0;0;2;2;0;0;1;0;1;0;0;0;0;7;0;0;0;7;4;1;0;0;0;1;5;1;0;2;0;0;0;0;0;1;0;0;0;3;0;4;0;0;1;0;0;1;0;1;1;0;0;1
06533000;1;6;0;1;2;2;5;1;2;4;8;5;0;0;0;6;0;0;0;0;0;0;2;0;0;0;16;9;1;0;0;0;0;4;0;0;0;3;0;0;3;3;1;0;1;0;0;0;14;0;0;0;1;6;0;9;0;9;2;3;0;0;1;15;7;2;0;2;2;10;0;0;0;0;7;2;0;4;6;12;0;6;0;8;0;4;10;5;1;0;0;6;4;3;0;0;1;6;1;0;5;0;0;8;4;17;0;9;4;11;0;0;0;6;2;0;0;0;3;0;0;0;0;0;0;0;0;0;0;0;0;44;0;0;2;2;9;1;0;0;0;3;4;0;0;2;1;4;8;5;0;90;100;5;2;0;0;4;1;1;1;1;16;0;2;0;2;0;7;1;4;0;0;0;2;0;9;2;2;0;3;5;3;3;4;6;0;0;0;7;5;0;3;0;4;7;6;2;0;0;0;0;0;4;2;5;5;1;2;3;3;9;0;0;1;0;3;0;0;0;0;3;0;3;2;2;3;2;0;6;0;0;4;0;1;0;2;0;0;2;0;5;4;0;0;0;1;2;0;3;1;0;0;2;1;2;0;0;4;0;0;1;1;0;6;2;0;2;0;1;0;0;3;1;0;2;0;6;0;0;0;1;0;3;0;2;0;2;1;0;0;0;6;0;7;3;1;0;1;0;0;1;0;0;6;2;0;0;0;0;0;0;0;0;3;0;0;0;0;0;1;0;0;1;0;1;3;0;0;2;1;1;0;2;0;4;0;2;0;2;0;0;0;0;0;0;1;1;3;1;0;2;0;0;1;0;0;3;3;0;2;10;0;0;0;0;0;0;2;4;0;1;0;4;0;1;2;1;4;1;0;0;2;3;0;0;0;1;0;3;0;0;0;0;1;4;0;2;0;0
06534000;1;14;5;0;0;0;0;0;0;8;6;0;0;1;0;81;2;0;5;0;0;0;5;0;0;0;17;0;0;14;0;0;0;0;0;4;0;0;0;0;0;2;0;0;0;3;9;2;0;0;3;2;8;1;0;0;0;5;0;0;0;0;1;36;0;4;0;1;0;5;4;9;0;3;0;0;0;4;57;52;0;18;0;4;2;1;0;2;0;10;9;26;0;2;0;0;0;0;2;6;0;0;0;0;4;1;0;0;0;0;10;11;12;28;0;0;15;296;24;97;88;73;34;66;172;37;0;52;62;0;0;9;39;0;66;67;176;0;52;126;52;45;1;0;0;0;0;10;0;13;0;0;0;0;2;7;0;5;2;0;0;0;37;0;1;0;0;0;0;0;0;3;0;7;0;4;9;2;30;0;0;3;0;0;1;1;0;1;3;2;0;2;12;0;0;23;17;4;3;4;3;0;0;20;0;1;0;0;2;1;5;16;9;0;12;1;2;5;0;2;10;0;5;70;1;3;0;0;0;0;0;0;3;0;0;0;5;4;6;0;0;6;0;0;3;0;3;0;0;0;2;0;3;0;0;0;1;0;13;1;1;0;1;0;3;0;1;4;1;2;0;1;0;0;6;4;0;1;0;1;0;8;0;11;0;4;0;0;0;5;0;0;6;0;19;0;0;2;0;0;4;0;0;1;12;4;0;7;0;3;3;0;0;1;0;0;1;0;0;0;4;0;0;1;101;0;0;6;0;8;0;0;1;0;0;1;1;1;0;0;3;0;0;5;5;0;1;8;2;0;0;2;0;0;4;0;11;8;0;1;1;46;6;0;2;4;0;1;0;1;0;0;0;0;0;1;0;0;8;0;8;0;0;0;1;0;4;0;0;0;1;1;1;0;0;0;0;0;0;0
06535000;1;0;2;0;0;0;0;4;1;0;0;0;0;0;2;6;0;3;0;1;1;0;0;3;0;0;1;0;1;0;0;2;0;0;0;5;0;0;0;0;1;0;0;9;1;0;1;1;0;0;2;1;2;3;0;4;4;0;0;0;1;4;0;7;3;10;0;4;1;1;0;0;2;3;0;8;0;0;0;0;0;5;0;4;3;0;0;0;5;0;1;1;1;0;0;0;2;1;0;0;0;0;2;1;0;4;0;1;0;7;0;0;0;0;1;0;0;0;0;2;5;0;0;0;0;0;1;0;0;0;9;0;0;0;0;26;0;21;19;7;0;2;0;0;0;0;1;1;0;3;0;1;0;1;1;0;0;0;0;0;0;0;0;0;0;0;0;2;1;7;4;0;0;1;2;0;0;2;0;0;1;3;6;0;0;0;0;4;6;1;0;0;3;0;3;7;0;2;1;2;0;0;0;2;2;0;0;0;6;2;5;0;0;0;1;0;2;0;2;4;6;2;2;7;0;0;0;0;0;0;0;0;4;0;0;1;0;2;0;0;0;1;0;0;0;0;3;0;0;1;1;0;1;0;0;0;1;3;0;0;1;0;0;0;0;0;0;2;0;0;5;0;1;1;0;1;1;0;0;1;1;0;0;0;0;4;0;0;2;0;0;0;3;2;0;0;0;2;0;0;5;6;1;4;2;2;0;0;0;1;0;0;0;0;3;2;0;1;0;0;1;1;0;0;6;2;0;0;0;2;0;0;1;4;4;0;0;0;1;1;0;0;4;0;1;0;1;0;2;0;1;1;0;0;0;1;0;0;3;0;0;10;1;0;1;0;1;0;2;0;1;2;0;1;3;0;0;1;2;0;0;0;0;0;1;0;0;0;4;0;1;0;0;1;1;0;1;0;0;0
06611000;1;0;8;8;0;2;0;14;5;0;15;0;0;1;0;100;13;12;0;0;0;3;0;6;2;2;31;6;0;11;5;0;0;1;13;3;0;18;0;0;0;0;0;7;0;0;0;0;0;0;3;4;1;0;0;7;7;0;0;0;1;7;0;31;4;5;3;4;0;6;0;0;14;0;0;13;0;2;20;35;14;15;0;4;0;0;0;4;1;0;9;12;2;1;0;0;4;10;0;0;16;0;1;0;9;2;0;4;4;13;0;0;5;0;12;0;5;71;7;1;6;10;0;2;0;5;0;0;0;0;0;0;0;0;0;0;7;0;537;0;0;0;9;4;2;0;2;0;0;1;0;1;1;0;0;0;0;1;0;0;0;0;0;0;0;5;1;1;4;2;2;0;0;3;0;0;0;0;16;5;0;0;0;2;11;11;0;3;1;1;6;0;26;0;7;0;5;0;0;2;7;3;0;0;0;0;4;0;3;0;0;5;1;3;9;0;0;3;6;0;13;0;1;42;0;1;2;0;2;1;0;0;1;0;0;0;2;0;0;5;8;2;6;6;1;2;0;2;4;0;0;0;0;0;0;0;1;0;0;0;2;0;3;0;0;0;0;1;1;0;1;1;0;1;2;0;4;0;0;0;0;0;0;13;0;0;1;0;4;0;0;3;2;0;8;0;0;0;2;3;0;0;0;0;11;0;0;0;3;0;1;2;0;8;1;0;0;0;5;0;0;0;0;1;65;0;1;1;9;1;0;0;8;0;0;1;2;1;0;1;0;0;0;0;0;2;4;5;0;2;5;0;6;10;0;0;4;0;0;0;0;25;0;0;3;2;1;0;0;0;0;0;0;0;0;0;1;4;0;0;0;0;0;0;0;0;4;0;0;2;1;0;0;0;0;0;1;0;0;0
06631000;0;0;0;0;11;4;10;10;3;0;0;3;3;1;0;15;1;0;0;0;0;2;0;8;1;0;0;5;3;0;4;0;0;1;5;0;0;0;5;0;5;0;1;4;1;1;0;0;0;0;4;1;0;0;0;5;0;4;0;2;0;0;4;12;9;2;5;0;0;0;5;0;2;0;1;11;0;0;9;29;5;7;0;7;4;0;0;9;8;0;6;5;1;3;3;3;8;4;3;0;0;6;3;0;9;0;0;5;3;0;0;0;1;0;1;6;0;29;0;18;0;0;3;2;0;0;0;29;0;0;0;0;0;0;52;0;0;0;0;0;0;0;4;3;2;0;0;1;0;0;0;0;0;0;1;2;0;1;0;1;0;0;18;5;3;0;0;1;0;0;0;0;1;0;2;0;14;0;10;5;0;3;7;0;0;2;3;4;0;1;0;1;3;10;4;0;0;0;4;0;1;2;2;4;6;5;1;1;0;1;2;2;0;9;0;4;4;5;0;3;4;0;0;50;3;0;0;2;0;0;3;0;0;0;1;0;0;0;4;0;4;0;1;3;4;1;3;4;0;4;0;10;3;0;0;1;1;0;0;0;0;0;0;0;0;3;0;4;0;0;9;4;0;2;0;3;0;0;0;0;0;0;0;15;2;0;0;0;3;2;0;2;1;0;15;0;7;18;0;5;1;0;0;20;6;1;2;3;0;3;1;1;1;0;4;14;6;1;0;0;0;0;0;2;36;0;0;1;0;2;0;0;3;0;3;0;0;2;0;2;1;1;0;6;0;2;4;3;0;0;1;2;1;0;1;0;0;3;7;0;0;43;5;0;0;0;0;3;0;0;0;0;0;3;0;0;0;1;0;3;7;1;5;0;1;0;0;0;8;1;0;0;5;0;4;0;0;7;0;4
06632000;0;1;2;0;11;0;1;0;1;0;6;0;4;2;9;7;10;0;3;0;0;1;0;0;0;0;14;3;3;0;0;0;4;3;1;0;1;1;0;0;2;1;0;1;0;1;0;3;0;0;8;2;0;3;1;3;1;0;0;0;0;0;2;2;0;10;2;0;3;3;0;0;1;0;2;0;0;0;0;10;1;0;3;11;0;0;3;1;4;0;0;3;0;2;0;0;0;4;0;0;0;0;0;8;4;5;0;0;0;0;0;0;1;0;2;0;0;9;0;0;1;1;5;0;0;0;2;5;0;0;3;0;0;2;0;24;11;0;8;0;21;40;0;0;0;1;0;0;6;1;2;3;0;0;0;0;0;2;1;0;1;2;6;0;0;0;0;0;0;0;0;0;0;0;1;4;5;0;13;0;0;3;1;1;0;8;2;3;3;0;0;0;2;0;0;0;3;1;2;0;0;2;0;0;1;1;2;1;0;1;1;1;0;1;0;0;0;0;2;0;4;1;0;11;0;0;0;3;0;2;1;3;9;0;0;0;1;0;0;2;2;2;1;0;0;0;1;0;1;0;0;1;3;1;0;2;1;0;0;1;0;0;0;2;1;0;0;0;0;1;1;1;2;0;0;6;1;0;0;1;6;0;0;0;0;0;2;0;0;3;0;0;0;0;0;0;0;0;0;7;0;1;0;0;5;0;0;0;0;3;2;0;0;0;0;0;0;1;10;1;0;3;0;0;0;0;0;0;0;0;0;2;2;0;3;0;1;0;4;0;0;0;0;1;0;4;3;0;4;0;1;1;0;1;0;0;0;0;0;0;0;0;1;0;0;0;1;1;1;0;0;2;0;0;0;0;0;6;20;0;1;0;0;1;0;0;1;0;4;4;0;0;4;3;4;2;0;0;0;0
06633000;0;3;0;1;1;0;3;2;0;3;8;5;0;3;0;0;8;0;0;0;1;0;0;3;1;0;17;9;0;0;0;0;5;8;8;0;1;1;1;1;0;1;2;0;0;6;6;9;4;1;13;7;2;7;4;0;0;0;3;1;5;10;0;0;4;0;4;0;0;2;0;0;0;1;0;3;0;1;7;10;2;3;0;1;8;8;0;0;0;0;6;0;7;5;4;0;0;0;10;0;0;9;0;1;2;0;3;4;1;6;0;0;1;0;0;2;38;61;3;48;40;48;24;38;70;15;1;36;33;0;0;42;30;0;0;0;52;0;0;160;0;136;0;0;0;2;0;0;0;1;2;0;0;1;0;0;0;0;0;1;1;1;2;0;0;0;5;0;0;2;0;0;0;0;1;0;0;2;8;1;3;0;0;0;0;3;7;0;0;0;0;0;0;0;0;6;0;0;1;0;2;0;0;7;0;1;0;0;0;0;0;0;1;1;4;8;0;2;0;1;3;0;0;0;0;1;1;0;0;0;0;12;12;0;0;0;0;0;0;0;1;0;0;3;0;0;0;0;0;0;0;2;1;0;3;0;2;0;3;0;2;0;0;1;0;0;3;4;0;0;0;0;1;1;0;0;0;2;0;0;0;1;0;0;0;0;0;0;3;6;5;2;3;5;3;0;2;0;0;0;0;3;0;0;0;1;0;0;6;0;0;0;0;0;0;0;0;1;0;4;10;0;1;2;10;4;0;0;3;0;0;0;0;0;0;4;0;0;0;1;0;0;3;8;4;5;7;3;1;0;0;4;3;0;0;2;0;0;5;0;3;8;1;5;4;3;3;0;0;4;0;3;0;2;1;0;5;0;8;0;1;0;4;12;0;0;0;3;5;0;0;0;0;1;0;0;0;0;0;0
06634000;0;0;0;0;4;4;2;2;0;2;6;2;0;0;8;0;7;4;0;0;0;0;5;0;1;0;8;0;1;0;0;0;5;5;2;3;1;0;1;3;1;2;0;0;0;0;3;0;0;2;5;0;0;0;1;12;0;3;0;1;6;5;0;0;0;0;0;0;0;0;0;1;0;5;0;0;0;7;8;3;0;0;0;0;0;1;2;1;0;2;0;0;5;5;5;0;5;5;0;0;5;0;0;1;5;10;0;0;0;3;15;0;0;0;0;6;0;34;4;12;0;0;0;10;9;0;0;22;0;0;0;3;0;0;0;70;4;44;0;0;0;9;0;0;0;5;4;0;0;0;0;1;0;0;0;0;1;0;0;3;0;1;5;0;0;3;2;0;1;0;0;1;2;0;0;2;3;5;6;0;0;4;0;0;0;4;0;2;0;0;1;1;0;2;0;6;4;2;2;3;0;0;0;3;10;5;3;0;4;0;12;6;0;0;3;3;5;0;0;0;6;0;3;11;0;1;1;0;3;0;0;0;5;2;4;0;0;11;0;1;0;0;0;3;0;2;7;0;0;0;0;0;0;0;2;0;4;0;0;0;0;0;0;0;0;2;0;0;2;0;0;1;1;0;0;0;0;0;1;1;4;1;2;10;0;0;0;0;2;0;2;1;0;2;0;2;0;3;0;1;3;0;0;3;0;0;0;0;0;0;2;0;1;1;0;0;0;0;2;0;2;0;0;0;2;1;0;1;2;3;1;1;0;0;0;3;0;0;0;0;2;0;0;0;4;2;6;1;2;0;5;1;0;0;4;2;0;2;0;0;0;9;1;0;1;0;8;0;0;3;0;1;0;1;0;0;1;1;0;0;4;0;3;6;10;0;4;0;0;0;2;2;4;0;0;3;3;1;1;0
06635000;0;1;0;0;1;0;0;1;0;0;0;0;11;0;0;0;1;0;2;1;0;2;7;0;0;0;7;4;0;6;3;2;0;2;4;5;0;2;0;0;0;0;2;4;0;0;1;0;6;0;5;0;0;1;4;3;0;0;0;5;0;0;7;0;0;0;11;5;0;0;0;5;0;2;12;1;0;0;0;13;0;2;0;0;0;0;6;0;0;8;12;9;0;0;0;2;0;1;0;1;11;0;8;22;0;0;0;0;1;1;0;7;2;15;5;0;0;74;0;50;33;59;26;28;108;10;0;42;38;0;0;28;41;0;4;73;46;0;21;72;0;26;1;6;4;0;1;4;0;5;2;4;0;3;0;0;1;2;0;0;2;11;11;0;0;0;2;0;0;0;4;0;0;1;2;1;2;0;5;0;3;0;3;0;0;1;1;0;0;1;0;0;4;0;0;11;0;0;6;2;1;0;0;0;1;1;1;0;11;0;0;0;0;0;4;0;1;1;0;6;6;0;0;9;0;0;0;0;1;0;0;0;1;0;5;4;2;3;3;0;0;0;0;0;0;4;0;1;2;2;0;1;0;1;0;0;0;0;0;0;0;1;0;0;2;0;0;3;0;0;3;0;2;4;2;0;0;1;0;0;0;4;0;4;10;1;0;0;1;3;0;2;4;0;0;1;1;3;0;0;0;6;0;3;2;1;3;1;0;0;0;1;0;2;2;2;4;2;0;0;0;0;2;0;15;0;0;8;1;0;0;0;0;0;0;0;0;0;0;0;0;4;3;3;0;0;4;0;5;4;4;0;1;1;0;0;0;0;12;0;0;10;0;0;1;0;9;0;3;6;1;0;0;1;5;4;0;0;4;0;0;0;0;2;0;2;6;1;0;5;0;0;0;0;0;0;1;0;0;0
06636000;0;0;2;2;7;6;0;5;5;2;0;4;0;3;0;9;0;0;0;0;3;3;1;0;0;29;22;3;2;1;0;2;2;0;4;2;0;0;0;0;2;5;1;0;2;3;0;5;1;0;0;0;0;2;0;0;4;0;3;0;3;0;3;1;0;0;1;0;0;3;0;0;2;0;0;0;0;0;0;4;0;9;0;1;1;0;1;0;0;0;0;5;2;1;3;0;0;0;0;4;0;0;2;5;0;7;2;0;0;0;0;1;0;3;2;0;0;4;0;9;3;1;0;2;1;0;0;0;0;0;0;7;0;0;0;27;8;0;0;0;0;0;0;0;2;1;2;0;2;0;1;1;4;2;3;0;0;0;0;1;0;0;3;0;1;0;0;0;2;9;0;0;0;1;0;2;4;0;12;0;3;0;0;0;0;7;1;1;0;0;1;1;0;2;2;0;3;0;0;1;1;4;2;0;0;2;0;4;0;5;15;5;1;2;2;0;1;0;0;4;3;0;5;0;0;1;0;0;0;0;1;0;0;0;2;0;0;0;0;0;0;0;0;0;3;0;0;0;0;0;0;0;4;1;0;0;0;0;0;0;0;0;0;0;2;0;0;0;0;0;0;2;0;0;0;0;0;0;0;0;2;1;0;2;0;0;2;0;1;9;0;0;2;0;0;0;0;0;3;1;0;0;0;1;2;0;0;0;0;0;0;1;0;3;0;0;1;0;2;4;1;7;0;0;1;2;0;0;0;0;3;2;0;0;3;0;0;0;0;0;0;0;0;3;1;5;0;4;5;0;0;7;2;0;0;2;0;0;1;3;0;0;0;1;0;0;3;0;1;0;0;6;1;2;0;0;0;1;6;0;0;1;0;0;1;0;0;4;1;3;0;1;3;1;0;0;1;0;0;1
07111000;3;4;0;3;0;0;4;7;3;2;0;3;1;0;8;1;1;1;0;0;0;0;0;0;0;0;2;3;0;1;0;0;0;1;0;4;0;0;0;2;0;0;4;0;2;0;0;3;1;3;4;0;0;11;0;0;0;0;2;2;0;6;0;25;15;20;3;10;0;0;3;4;0;10;2;5;0;5;41;70;0;16;0;1;0;0;0;0;1;3;0;4;1;0;3;2;0;8;4;0;0;0;6;3;6;1;0;5;1;1;0;0;4;0;0;0;2;28;5;22;1;8;0;7;0;0;0;2;6;12;0;9;0;0;0;0;0;0;4;1;0;0;0;13;0;0;8;0;217;41;14;129;0;0;0;0;6;0;0;6;0;0;25;0;2;0;0;0;0;0;0;0;0;0;0;0;0;0;5;2;0;1;11;0;0;0;0;3;1;5;2;0;1;5;0;0;10;0;0;1;1;0;0;11;7;0;3;0;0;0;0;2;1;2;2;0;2;0;2;1;0;0;7;11;0;1;0;0;1;0;0;0;1;0;1;0;0;0;0;0;6;3;0;0;2;4;1;0;1;0;1;3;2;0;0;0;0;0;0;0;2;0;1;0;0;0;0;1;8;1;0;0;6;0;0;0;1;0;0;0;2;3;0;0;0;2;0;0;0;4;1;0;4;0;0;6;0;0;3;0;0;0;0;1;0;0;0;0;0;0;0;1;0;0;0;0;0;2;1;0;1;5;0;0;25;0;0;1;1;0;2;0;2;0;0;0;0;0;0;0;0;0;0;0;1;0;0;2;1;0;1;0;0;0;0;2;7;0;21;0;0;1;1;1;0;0;7;1;0;2;2;0;1;0;0;0;0;1;3;1;6;0;0;0;0;4;1;0;0;0;0;0;0;0;1;0;4;0;0;0
07131000;0;0;0;0;7;0;0;6;0;4;0;5;0;0;0;0;1;1;2;0;0;0;0;2;0;0;0;0;0;0;0;2;2;0;3;5;0;3;0;0;0;0;0;0;0;0;0;0;0;0;8;0;2;0;2;6;0;0;0;0;2;0;0;0;0;0;0;0;3;0;0;0;5;0;0;0;0;0;0;0;0;0;0;0;6;0;0;0;0;0;0;11;0;7;7;4;0;0;0;0;1;0;0;0;8;1;0;4;0;0;0;0;0;0;0;0;0;0;3;0;0;0;0;0;0;0;0;0;0;7;0;0;1;4;0;0;0;0;4;1;0;0;0;0;6;0;1;0;0;0;0;0;23;0;0;5;19;2;0;0;0;0;0;0;1;0;4;0;7;0;0;0;0;0;0;0;10;0;0;0;0;0;3;0;3;0;0;2;0;3;0;3;2;0;2;7;0;0;0;0;0;0;1;0;3;0;4;0;2;0;5;6;0;0;0;0;0;3;1;0;3;1;0;7;0;0;0;0;0;0;1;5;0;4;0;4;2;5;0;0;0;0;1;0;3;1;0;0;2;0;1;0;12;0;0;0;0;0;0;1;3;0;0;0;0;0;0;0;0;0;1;0;0;0;0;0;0;0;0;0;0;3;1;3;0;0;0;0;0;0;1;0;2;0;0;0;0;0;0;0;0;0;0;0;0;0;0;1;3;2;3;0;0;0;1;0;1;0;0;0;2;0;0;0;0;0;0;0;0;1;1;0;1;1;0;0;4;1;0;0;0;0;0;0;1;0;0;2;0;0;0;0;0;0;0;0;0;0;0;0;0;0;2;0;0;1;5;0;0;0;2;0;0;0;0;0;0;0;0;0;0;0;0;0;0;1;0;0;1;0;0;0;1;0;0;0;1;0;1;2
07132000;8;4;1;2;0;0;7;0;0;0;0;2;0;3;0;8;0;0;2;0;1;0;0;0;0;0;6;0;9;0;1;0;0;0;11;0;0;3;0;1;6;2;2;0;0;1;4;0;1;0;3;0;21;2;3;0;0;0;3;0;3;0;0;5;0;0;0;3;1;0;2;0;0;0;10;0;0;4;14;14;4;8;0;0;0;0;8;0;0;0;10;0;1;2;2;0;6;2;4;7;0;12;4;4;17;9;0;0;8;0;0;0;0;0;8;0;0;8;1;13;0;0;0;0;0;0;0;0;0;0;0;0;9;10;3;0;0;6;2;2;0;0;13;0;0;4;0;0;0;0;0;0;65;0;0;0;1;0;2;0;0;0;0;1;5;0;1;0;0;0;1;1;0;0;0;0;8;1;0;8;3;0;3;0;0;0;0;0;6;0;1;1;0;1;0;6;5;0;0;0;2;0;5;0;2;0;0;0;0;6;3;4;4;0;0;0;1;1;0;0;3;0;0;8;5;0;0;0;3;0;0;0;0;0;0;0;2;0;0;1;0;0;1;1;0;1;0;1;1;1;1;0;0;0;0;0;0;0;0;0;0;1;0;0;3;0;0;4;1;1;0;0;0;1;0;0;0;0;0;1;0;0;3;0;0;2;0;0;0;0;1;0;1;0;1;0;1;0;0;0;0;0;0;0;2;2;1;0;0;0;0;1;2;2;4;0;1;5;0;1;1;2;2;0;9;1;0;2;0;0;1;0;0;0;0;0;1;0;0;0;0;0;1;0;1;1;3;0;1;6;2;2;0;0;0;0;0;4;3;3;1;3;0;0;0;0;0;0;0;0;2;0;1;11;1;0;0;0;1;0;0;0;0;1;0;2;0;2;1;2;0;0;1;1;0;2;1;0;1;0
07133000;0;2;4;0;0;1;1;1;0;0;3;8;0;1;6;9;0;6;6;0;0;0;2;0;2;0;8;1;2;0;1;0;0;1;1;0;0;0;2;0;0;0;2;1;0;0;0;0;1;0;0;0;1;1;1;7;3;0;0;0;4;1;0;0;0;5;0;0;3;0;0;0;0;0;0;1;0;1;8;5;1;0;0;5;0;0;0;5;0;1;0;4;0;0;0;4;0;2;12;3;0;0;5;0;0;2;0;0;0;0;0;5;0;0;0;2;2;9;0;0;0;3;0;8;4;0;0;0;0;6;3;1;0;1;2;1;0;0;0;0;0;0;4;4;0;0;48;0;0;9;0;0;0;0;13;0;0;0;3;0;0;0;0;5;7;0;4;4;0;0;0;5;25;0;1;0;0;2;6;0;2;0;0;0;0;0;0;0;0;0;3;5;0;5;2;7;9;4;6;0;2;0;2;0;7;0;1;2;2;0;10;0;3;1;0;0;1;1;0;0;0;0;0;4;0;0;2;0;0;5;0;1;0;0;0;1;5;0;0;0;0;1;1;0;0;3;0;3;2;0;0;0;0;0;0;0;0;3;0;0;0;0;0;0;0;0;0;0;0;0;0;0;3;0;0;0;0;0;0;0;0;1;2;2;0;2;0;0;0;0;0;2;1;2;5;2;0;1;1;1;0;2;1;2;1;0;2;1;1;1;0;1;0;0;6;0;0;3;3;0;0;0;0;0;2;0;1;0;2;0;0;0;0;0;0;0;0;0;0;1;1;1;1;0;0;4;0;5;0;1;1;0;0;0;0;0;0;0;5;0;1;0;3;0;0;0;2;0;0;0;0;0;0;1;1;0;2;1;0;1;0;0;0;0;1;3;0;2;0;0;0;0;0;0;0;0;0;0;0;0
07134000;2;0;0;0;0;9;5;3;0;0;3;1;2;1;0;6;0;0;1;0;0;0;0;4;0;2;0;8;0;0;1;1;1;0;0;0;1;0;1;2;0;1;0;0;0;0;1;0;0;0;0;0;3;0;0;0;1;0;0;1;0;3;0;3;0;0;2;0;1;0;0;0;0;1;0;2;0;0;4;9;9;0;3;4;1;0;3;1;0;0;1;4;0;3;1;4;3;0;0;0;0;0;2;1;5;0;3;2;7;0;5;3;1;4;0;1;0;12;0;20;1;0;0;7;6;4;3;0;0;0;0;0;0;1;0;0;0;0;0;0;0;0;0;0;3;0;0;10;6;0;0;8;0;0;0;0;7;0;3;12;4;0;21;0;10;1;11;0;0;3;0;0;0;0;1;7;0;0;1;0;0;0;3;3;0;0;0;0;0;1;2;2;0;1;2;0;0;0;0;0;5;0;2;7;0;3;0;0;0;0;1;0;0;0;0;2;0;0;2;2;1;0;1;5;1;1;0;3;0;0;0;0;0;1;0;0;3;1;2;0;0;0;0;3;3;0;1;1;0;3;0;0;1;0;0;0;0;0;0;2;0;0;1;2;1;0;0;0;0;0;0;1;0;1;3;0;0;0;0;0;3;1;0;0;0;0;0;0;0;0;0;1;0;0;0;0;0;0;0;2;0;0;0;6;0;0;0;0;1;0;1;0;1;1;0;0;0;4;3;0;0;0;4;24;9;2;0;0;0;0;0;0;2;0;0;0;0;0;1;0;0;0;2;0;1;3;0;0;0;0;0;1;0;4;0;1;0;0;1;0;0;0;0;0;0;7;2;0;0;0;0;0;0;6;0;0;1;0;0;0;0;0;0;0;0;0;1;0;0;2;0;0;0;0;1;0;0;0;0;0
07135000;0;0;1;0;0;1;0;0;0;3;0;2;0;2;0;8;0;0;0;0;2;0;1;0;0;1;0;5;0;0;0;0;4;0;1;0;0;0;0;0;1;0;0;0;0;0;0;0;0;0;2;3;0;0;0;0;0;0;0;1;2;0;0;0;0;0;0;0;0;0;0;0;0;4;1;0;0;0;1;0;4;0;0;0;0;0;0;5;0;0;0;2;0;1;3;0;0;2;0;0;0;0;0;0;0;1;2;0;2;0;2;0;0;0;3;1;3;0;0;1;7;0;1;0;0;0;0;0;8;0;1;2;0;0;0;0;0;1;0;2;0;0;24;14;4;1;0;0;41;6;0;12;6;0;35;0;0;0;2;0;0;2;10;0;1;0;0;3;0;5;4;0;0;0;3;0;0;3;0;1;1;1;0;0;1;1;0;0;4;0;0;1;3;3;1;2;2;0;0;0;0;0;0;4;1;1;0;0;0;0;1;0;0;2;0;0;1;0;1;1;0;0;0;0;0;0;0;0;0;0;0;0;2;3;0;0;0;0;1;2;0;0;0;0;1;0;1;0;1;0;0;0;0;0;1;0;1;1;0;0;0;0;0;0;0;0;0;0;0;0;0;0;0;0;1;0;0;0;0;1;0;1;0;3;0;0;0;0;1;0;0;0;0;0;1;0;0;0;1;0;0;0;1;0;0;2;0;0;0;2;0;1;1;0;1;0;1;3;0;0;1;5;0;0;0;0;0;0;0;0;0;0;0;0;0;0;0;0;0;0;1;0;0;0;0;1;0;0;0;0;0;4;1;6;0;0;0;0;1;0;0;0;0;0;0;0;1;3;0;0;0;1;0;0;0;0;0;0;0;0;0;0;0;0;0;0;0;0;0;0;0;0;0;0;0;0;0;0;0;0
07137000;1;5;1;0;3;0;0;8;2;0;0;0;1;0;4;23;0;1;0;0;0;0;0;0;0;0;9;0;1;0;0;1;2;4;1;0;0;0;1;1;1;0;1;1;0;2;0;1;0;2;4;6;0;5;0;0;5;0;0;0;8;8;0;12;0;5;2;0;7;0;2;0;0;6;1;0;0;0;0;0;5;0;0;0;0;0;0;3;0;0;0;1;0;0;0;0;0;0;0;0;0;0;0;0;0;0;0;0;7;0;0;7;0;0;0;0;5;6;0;15;0;0;0;0;0;0;8;0;0;3;5;0;0;8;5;5;0;0;10;4;1;0;0;57;3;2;0;0;0;199;0;1;26;0;3;0;0;0;14;0;0;0;4;0;5;0;6;0;6;0;0;0;0;0;1;0;0;0;3;7;4;0;0;0;4;2;3;5;0;0;0;0;6;6;0;0;6;0;0;0;2;1;0;6;1;0;0;0;0;0;3;0;4;1;3;0;5;4;0;0;4;3;1;10;0;7;2;0;2;0;3;0;0;0;1;0;2;2;0;1;2;5;0;0;0;5;0;2;0;0;0;0;4;0;8;0;0;0;0;0;0;0;0;3;3;0;0;3;0;0;2;0;0;1;2;1;0;0;0;2;0;0;1;13;0;1;0;13;0;0;0;0;0;0;0;0;2;0;2;0;1;1;2;1;0;0;2;0;3;0;0;2;0;0;0;0;0;0;0;0;0;6;0;0;3;0;0;2;0;3;7;0;0;0;0;2;0;0;2;1;0;1;0;0;0;1;0;0;0;0;0;0;0;0;0;0;3;1;0;1;2;6;2;0;0;0;8;2;0;2;0;6;0;1;2;5;0;2;0;1;0;0;0;0;0;1;0;0;0;0;0;4;3;0;0;0;0;0;0;0
07138000;0;0;0;0;4;0;0;2;0;3;0;0;3;0;1;13;5;5;0;0;0;2;1;0;1;2;10;1;0;0;0;0;2;0;2;2;0;0;1;2;0;0;0;0;0;1;0;11;0;0;10;3;3;0;3;2;2;0;1;0;11;3;0;1;4;18;0;3;0;11;0;1;0;0;0;0;9;3;0;24;5;23;1;0;0;12;0;0;0;6;0;9;3;0;7;0;0;5;0;5;0;0;4;0;0;1;0;0;2;2;0;6;0;0;0;0;5;0;2;12;4;0;0;0;6;0;0;0;12;0;0;8;0;0;0;0;1;0;0;0;0;0;0;24;40;0;5;0;0;0;0;1;125;0;0;0;5;0;0;0;0;0;13;3;2;0;9;0;8;0;0;0;0;0;0;0;0;0;0;0;5;1;10;0;6;8;0;2;0;1;4;0;5;1;2;7;2;0;2;2;0;0;0;0;0;5;1;1;0;0;0;0;0;0;0;0;1;5;0;3;0;0;8;0;0;3;0;0;0;0;0;5;0;0;1;0;0;0;0;4;0;0;0;2;0;0;6;0;0;2;0;2;0;0;3;3;0;1;3;2;0;0;2;0;1;0;0;0;1;0;0;1;0;0;0;0;0;0;0;2;1;1;0;0;3;1;0;1;0;0;0;0;2;0;0;3;0;0;2;1;0;0;3;3;0;3;0;0;0;2;0;4;0;0;0;0;0;0;0;0;0;0;0;0;10;0;5;0;0;0;0;0;3;1;0;1;0;0;0;0;0;1;1;0;0;0;0;1;4;0;0;2;2;5;0;0;0;0;2;0;0;3;4;0;0;0;3;0;5;0;0;0;3;3;0;0;0;0;0;0;1;0;0;2;0;1;0;3;0;1;0;0;0;1;0;0;0;0;0;1
07140000;0;0;1;0;0;0;2;6;0;2;0;2;0;0;1;0;4;0;1;0;0;0;0;0;0;1;0;0;2;0;0;0;0;0;2;2;0;0;0;1;2;0;0;0;0;0;0;1;1;0;14;0;0;2;0;0;0;0;0;0;2;0;0;0;5;3;0;0;1;0;0;0;0;0;0;0;0;3;15;5;0;2;2;0;8;0;0;0;0;0;1;0;0;1;0;0;0;0;4;0;1;0;0;0;0;0;2;2;1;0;0;1;0;0;0;0;7;0;0;0;0;0;0;0;7;1;0;0;2;0;0;0;4;3;7;1;1;0;0;4;0;0;0;0;33;9;52;33;43;57;0;9;132;0;5;0;2;67;65;28;43;177;62;33;11;0;10;0;112;124;57;113;49;1;21;157;2;89;0;0;3;0;0;0;0;3;0;0;0;1;1;0;0;8;0;11;5;0;2;0;0;1;0;6;0;1;0;0;0;0;0;0;4;3;0;0;2;1;4;2;0;0;0;7;1;0;0;1;0;1;0;0;2;0;3;0;2;1;1;0;0;7;0;0;0;1;0;0;0;0;1;2;0;0;0;0;1;1;0;0;0;1;0;2;0;4;0;0;2;0;2;0;0;0;0;0;0;0;0;1;0;0;0;3;0;0;0;0;0;0;2;3;0;0;0;0;0;1;0;0;0;0;0;1;4;0;0;0;0;2;3;0;3;0;0;3;0;0;0;1;7;0;0;0;11;0;0;0;1;0;0;1;4;0;2;0;0;0;0;0;0;0;0;0;1;2;0;0;3;2;1;1;1;0;0;4;6;2;3;0;2;3;0;1;0;0;1;0;1;0;0;0;0;2;0;2;0;0;0;3;2;0;0;0;1;1;4;1;0;0;1;0;0;0;0;5;0;1;0;0
07141000;0;2;0;0;7;0;0;0;0;0;0;0;2;2;0;0;0;2;0;2;0;1;4;0;1;0;0;3;0;0;0;0;1;1;0;0;0;0;2;8;0;3;0;0;0;0;1;0;0;0;0;3;0;0;1;3;2;0;0;0;0;0;0;10;0;17;0;2;2;3;0;0;0;2;0;0;5;1;6;20;3;0;0;7;0;0;0;0;0;0;0;0;0;3;6;7;0;3;0;0;0;3;0;0;6;0;0;2;0;1;2;1;2;2;2;4;1;0;0;0;5;0;6;0;0;0;1;5;0;10;7;2;0;2;0;0;1;0;1;0;0;0;0;26;9;7;0;0;0;0;0;0;0;0;0;0;3;0;0;9;1;6;10;0;2;0;3;12;0;1;0;1;0;0;0;0;9;1;0;0;0;2;0;0;3;1;0;0;0;0;4;0;0;0;70;2;8;5;3;2;2;2;0;1;6;0;0;1;0;0;0;0;2;0;3;0;1;2;2;0;8;0;1;1;2;0;2;3;0;1;0;1;0;3;4;1;0;0;0;1;4;0;2;0;0;0;0;0;0;0;0;0;0;0;0;0;0;0;4;0;0;0;0;0;0;0;0;0;0;2;1;1;3;0;2;0;0;0;2;0;1;0;0;0;0;1;1;0;1;2;0;0;2;0;0;0;0;5;0;1;2;0;1;0;1;0;0;0;0;0;0;0;0;2;3;0;1;0;2;0;0;3;2;4;9;3;0;0;0;1;1;0;2;0;0;0;2;0;0;0;1;0;3;1;3;2;2;7;1;2;2;0;1;4;1;0;0;0;5;0;2;0;0;0;1;1;0;0;0;0;0;6;0;0;2;2;0;0;1;0;0;0;0;1;0;1;0;0;0;0;0;0;0;0;0;0;0;0;2;0
07143000;2;0;2;1;0;0;0;0;0;0;0;2;1;1;3;10;1;0;0;0;0;1;2;3;1;0;4;0;0;0;0;1;0;0;3;1;0;0;0;0;3;1;0;1;4;0;1;0;0;1;31;6;6;3;1;14;3;0;1;2;0;6;0;0;5;7;0;1;6;1;2;0;3;0;7;0;0;1;19;0;5;0;5;0;0;6;0;0;0;0;0;6;3;0;0;0;2;1;13;7;4;1;0;1;8;0;7;4;2;3;2;1;0;0;14;1;0;7;0;0;7;0;0;0;3;0;0;0;0;11;7;0;0;13;3;0;11;5;0;1;5;0;13;0;0;4;1;0;0;0;0;3;0;0;5;0;0;0;0;5;0;12;15;0;0;0;2;0;0;6;0;1;4;0;0;0;6;3;16;0;2;2;0;0;0;0;0;0;0;0;9;1;0;3;0;5;4;0;3;0;2;0;0;5;2;0;2;0;0;0;2;0;2;1;1;3;0;0;3;3;3;0;0;1;0;1;3;0;0;0;0;0;0;3;1;0;0;0;0;0;1;3;1;0;3;3;1;3;1;0;0;0;1;0;0;0;0;2;0;0;4;3;3;0;0;1;1;2;0;0;0;0;2;10;1;0;0;0;0;1;0;0;0;0;0;9;1;0;0;1;8;3;0;0;0;1;0;0;0;2;0;1;0;0;2;0;3;0;1;0;0;0;0;3;2;3;1;1;18;0;0;5;2;0;0;0;0;0;2;2;0;1;0;0;2;0;0;0;0;0;0;0;1;1;0;0;3;4;0;2;0;0;0;10;5;0;1;0;1;0;3;0;1;1;0;0;7;2;0;0;0;3;2;0;5;2;2;8;5;0;1;1;0;0;0;0;0;0;0;0;1;0;1;0;0;0;0;6;0;2
07211000;0;6;14;0;2;0;3;0;0;0;2;0;0;1;0;6;4;0;0;0;0;0;0;1;0;4;9;0;0;8;1;0;0;0;1;3;1;0;0;2;1;5;0;1;0;1;0;5;0;0;0;0;1;1;0;8;0;0;2;0;0;6;0;25;0;0;1;2;0;0;0;0;0;0;4;0;0;8;26;41;0;4;0;0;13;0;0;5;12;1;4;0;0;0;13;0;1;0;0;0;0;0;5;0;8;0;14;0;3;0;0;0;0;0;0;0;0;26;0;14;0;0;5;11;0;6;2;3;0;3;0;0;0;6;0;7;1;6;0;3;0;0;51;14;34;28;21;16;56;57;395;71;51;0;9;1382;0;2890;4;19;3;11;44;3;10;0;8;5;11;19;3;19;8;1018;6;29;27;22;27;0;1;0;6;9;10;1;0;0;0;3;0;0;0;11;0;0;5;0;0;0;0;1;0;9;2;3;3;4;3;1;0;5;0;0;0;0;0;0;4;0;0;0;0;0;4;1;0;0;1;2;0;2;0;0;0;2;0;0;0;1;4;0;2;0;1;3;0;0;0;0;0;0;0;0;3;0;1;1;0;0;0;0;0;0;2;1;2;1;1;1;0;0;0;0;2;0;1;0;0;0;0;4;2;12;0;0;2;0;0;0;1;1;4;0;2;1;1;0;0;0;1;0;0;0;0;0;3;0;0;2;0;0;4;1;4;0;1;1;14;0;0;0;0;5;0;1;0;0;1;0;0;0;0;0;0;0;0;0;0;1;1;4;2;0;1;0;0;3;0;0;3;0;1;0;1;0;5;1;3;0;3;5;1;1;0;0;3;0;0;0;1;0;0;0;0;0;1;1;0;0;0;9;0;0;0;0;0;0;0;0;2;0;0;2;0;0;0;0;0;0
07231000;0;1;1;0;0;1;5;0;1;0;3;1;0;3;0;4;0;0;0;0;0;0;0;2;0;5;5;0;0;0;1;0;4;0;1;0;0;0;0;3;1;0;0;2;0;0;0;1;0;0;0;0;0;1;0;0;0;1;0;2;0;7;1;2;0;3;0;0;1;0;0;0;2;3;0;0;0;2;23;10;0;6;0;7;2;4;3;2;3;0;5;7;1;0;3;4;0;0;0;0;0;0;1;6;1;4;2;0;4;5;0;0;0;3;4;0;1;0;0;1;0;0;4;0;0;0;0;1;0;0;2;0;0;0;0;1;0;0;2;5;1;0;8;0;2;0;2;0;0;14;0;21;0;0;0;0;0;0;3;0;9;3;28;2;8;0;2;25;0;0;0;0;0;0;0;55;0;0;4;2;0;0;0;0;1;0;3;0;0;1;4;0;0;0;0;9;0;0;0;4;0;0;0;0;1;0;8;1;0;0;0;6;0;0;0;0;4;2;0;1;3;2;0;7;1;0;2;1;1;0;0;0;0;2;1;0;2;0;0;0;1;2;0;2;1;0;0;1;2;1;1;0;0;0;0;0;1;0;0;0;0;2;2;0;1;1;0;0;0;1;1;1;0;0;0;0;1;0;1;4;0;0;0;3;0;0;1;0;0;0;0;0;1;0;0;0;1;0;0;1;0;0;3;0;2;0;0;2;3;0;0;0;0;0;0;0;0;3;3;0;0;0;6;1;0;3;0;0;0;0;1;0;0;0;0;0;0;1;1;0;4;0;2;0;0;2;2;3;0;2;1;0;0;0;1;3;0;0;1;0;1;2;0;0;0;0;0;0;0;0;0;0;1;5;1;1;2;1;1;0;2;0;0;0;0;0;0;2;2;0;1;0;0;0;2;0;0;0;0;0
07232000;0;0;3;0;2;0;2;0;0;1;7;0;2;0;0;0;0;1;0;0;0;0;0;0;0;1;0;1;0;0;0;1;1;0;0;0;0;0;0;0;0;0;0;1;1;1;1;0;5;1;6;0;1;0;2;0;6;0;1;0;1;0;1;3;0;2;5;0;4;0;0;2;0;0;0;5;0;0;0;0;2;9;13;0;5;0;0;0;0;0;10;0;2;0;0;1;0;0;1;0;0;1;0;1;3;0;0;0;0;0;3;3;0;2;1;0;0;0;0;0;0;0;0;2;0;2;0;0;0;1;0;0;1;0;1;2;0;1;1;4;2;1;27;0;83;90;11;38;150;83;48;110;106;0;15;0;6;54;8;26;19;68;102;15;15;1;15;22;44;26;23;38;62;151;45;79;59;62;2;0;2;0;0;0;0;0;0;0;0;0;3;0;0;0;0;5;0;1;0;0;0;0;0;0;0;0;6;1;0;0;13;0;0;1;0;0;1;3;4;1;3;0;0;0;0;0;2;0;0;1;0;0;3;0;0;1;0;2;0;2;0;0;3;0;0;0;0;0;0;0;1;0;0;0;1;0;0;0;3;0;2;0;0;0;0;1;0;0;0;0;2;0;0;0;0;2;0;0;0;1;0;0;0;1;0;2;0;1;1;1;0;0;0;0;0;0;0;0;0;0;0;0;0;0;1;0;4;0;0;1;0;0;0;0;0;0;0;0;3;12;0;3;0;0;5;0;1;0;1;3;0;0;1;0;1;0;0;0;0;0;1;0;0;0;0;0;1;0;0;0;0;0;1;0;0;0;0;1;0;0;0;0;2;0;0;0;1;0;0;0;0;0;0;1;0;0;0;0;0;0;0;0;2;0;0;0;0;0;0;0;0;0;0;0;0;0;0;0;1;0
07233000;1;0;0;0;0;0;0;3;1;0;0;0;1;1;0;4;0;0;0;0;1;0;0;1;6;0;0;2;0;0;0;0;0;0;1;0;0;1;0;4;0;1;0;3;0;0;3;0;1;1;0;0;0;0;1;0;0;5;0;2;0;1;0;1;0;0;0;0;0;0;0;0;3;10;9;0;0;0;1;0;0;17;0;0;0;0;0;0;0;0;0;0;0;0;1;0;0;0;2;1;3;0;0;0;0;0;0;0;0;0;0;0;0;0;0;0;0;7;1;0;0;6;0;1;0;2;0;0;0;0;0;0;0;0;0;3;1;0;1;0;0;0;0;0;0;0;0;14;16;0;0;0;4;0;28;0;0;0;0;0;0;11;2;0;1;0;0;0;0;0;0;0;0;0;7;1;4;0;0;1;1;0;0;0;0;0;1;0;2;0;1;0;1;1;1;1;0;2;0;0;0;0;0;2;0;0;0;0;0;0;6;0;2;0;0;2;1;0;0;0;2;1;6;2;1;0;1;0;0;0;0;0;2;0;0;0;0;1;2;0;0;0;0;0;1;0;2;1;1;0;0;0;0;0;2;0;0;0;0;1;0;0;0;0;0;0;0;0;0;0;0;0;0;0;1;0;0;0;0;0;0;0;1;0;0;0;0;0;0;0;0;0;0;0;0;2;0;0;0;2;0;0;0;0;0;0;1;0;0;1;0;0;1;0;0;3;0;1;0;0;0;0;0;1;4;0;0;0;0;1;0;0;3;4;1;0;0;2;0;0;0;0;3;0;0;1;0;0;4;0;0;0;1;0;0;2;0;0;0;1;3;1;2;0;0;0;5;0;0;0;0;0;0;1;3;0;0;0;3;0;0;0;0;0;0;0;0;0;0;0;0;0;1;0;0;3;0;0;0;0
07235000;0;1;2;0;0;0;1;0;0;0;0;0;2;0;2;9;0;0;2;0;2;1;1;0;0;0;1;6;0;2;0;1;1;0;0;1;0;0;2;0;1;2;0;0;0;1;0;0;0;0;0;3;0;1;4;0;0;0;0;2;0;3;0;8;1;0;3;4;0;8;0;0;4;0;4;0;0;0;1;1;1;14;0;0;6;3;0;7;4;0;4;3;3;0;0;3;0;0;1;0;1;4;0;9;1;7;0;0;1;3;0;0;0;0;2;3;0;0;0;7;2;0;0;0;9;0;2;0;3;0;0;12;0;0;2;0;0;0;0;3;0;0;129;0;130;148;104;100;229;164;0;145;217;0;80;0;38;0;27;115;21;179;142;39;28;0;51;20;88;77;43;48;90;31;66;117;218;63;0;0;0;0;0;0;0;1;2;2;1;0;6;0;0;7;0;0;3;1;0;0;0;3;0;15;0;0;0;0;2;5;0;0;0;0;2;2;0;0;0;3;2;0;1;1;0;0;1;1;2;1;1;0;3;0;2;0;0;0;0;0;0;0;2;1;1;0;0;0;1;0;0;1;0;0;0;0;0;0;2;0;2;0;0;2;0;2;0;0;3;0;0;1;0;0;0;1;1;1;0;2;0;2;0;0;0;0;0;0;3;0;0;0;1;0;0;0;0;0;0;0;0;1;1;0;0;0;0;0;2;0;0;0;0;1;0;3;0;0;0;5;11;0;0;8;22;1;0;0;0;0;3;0;1;0;0;5;0;0;2;0;0;0;1;3;1;0;0;2;3;5;1;0;1;0;3;0;1;2;0;4;0;0;1;2;0;0;4;0;0;0;0;0;2;0;0;0;0;2;2;0;0;0;1;0;0;0;0;0;1;1;2;3;0;0;0;4;0;0;2;0
07311000;0;2;3;0;0;0;0;0;0;0;0;4;0;0;0;0;0;0;0;1;1;1;0;1;0;0;8;0;0;1;2;1;1;0;0;0;0;2;0;0;4;0;0;0;0;0;0;1;0;0;0;1;0;0;1;1;0;0;0;0;1;2;0;0;0;1;1;4;1;0;0;0;0;0;1;0;1;0;1;1;5;0;0;9;0;1;0;0;1;0;0;0;0;0;2;0;1;0;1;0;0;1;1;4;0;5;2;0;0;0;0;3;0;0;0;2;9;0;0;0;25;1;0;0;3;1;1;0;0;0;0;0;0;0;0;2;1;0;0;0;0;0;2;1;0;0;0;0;0;3;0;5;1;0;0;0;4;0;0;0;11;0;5;4;0;0;0;9;33;0;10;10;0;0;0;55;0;2;0;0;0;3;0;0;0;7;0;0;1;0;1;0;3;0;0;1;0;3;5;0;0;0;0;1;1;1;2;0;1;1;4;8;2;0;3;1;0;0;0;1;0;0;0;0;0;5;2;0;1;0;0;0;0;0;0;0;0;0;1;0;0;1;2;0;0;0;0;0;0;0;0;1;0;0;0;0;1;0;0;0;0;0;0;0;0;0;0;0;0;0;0;0;0;0;0;3;0;0;0;0;0;2;0;3;0;0;0;0;1;0;0;0;0;0;0;0;0;0;1;0;0;1;0;0;3;0;0;0;0;1;0;0;0;0;1;1;0;0;0;2;0;0;0;2;1;1;0;0;0;0;0;0;0;0;0;0;0;1;2;0;0;0;0;3;0;0;0;0;0;1;0;2;0;0;0;0;0;0;1;0;0;0;2;0;0;2;1;1;0;0;0;0;3;0;0;0;0;0;0;0;0;0;0;0;0;0;0;1;0;0;0;0;1;0;0;0;0;0;0;2
07312000;2;0;0;0;1;0;0;0;0;0;6;1;2;0;3;30;6;0;7;1;0;1;0;1;3;5;17;0;8;5;0;0;0;2;0;3;0;1;0;3;0;0;0;3;1;0;1;2;0;0;5;3;0;0;6;0;2;0;0;3;1;13;18;6;0;16;3;0;1;1;3;0;7;1;2;5;0;0;4;28;5;38;5;2;0;0;2;1;2;2;2;2;0;0;0;0;3;2;1;0;6;2;0;6;1;7;6;0;2;0;0;4;1;1;0;3;22;56;0;2;14;13;2;5;0;10;0;3;4;4;0;0;0;8;0;10;0;1;0;0;0;0;0;7;5;15;0;4;5;6;0;0;0;0;9;0;8;0;11;0;0;51;33;20;8;0;2;4;8;0;19;1;0;0;0;0;14;0;34;15;15;0;10;11;7;4;5;0;0;0;0;3;16;10;0;7;64;5;10;8;2;0;0;4;11;0;8;3;7;0;12;7;0;5;5;0;0;2;0;12;0;1;12;36;7;0;0;0;0;0;0;0;0;9;1;2;2;3;11;0;0;7;1;0;1;1;3;4;0;0;2;0;6;0;0;0;1;1;5;1;3;3;1;3;3;0;0;2;0;0;0;4;0;0;0;3;0;2;0;1;3;11;1;13;0;0;3;0;0;3;0;0;0;7;6;0;0;1;0;0;1;4;0;5;3;0;0;0;0;8;1;0;0;1;0;2;0;0;17;6;20;29;0;4;62;1;0;0;0;4;0;0;0;0;0;2;1;0;6;1;0;0;1;0;0;4;4;0;0;1;6;0;0;0;3;2;9;2;0;1;0;5;0;0;0;1;4;0;0;0;0;2;0;0;5;4;0;0;3;0;0;0;2;1;0;0;1;0;4;3;0;2;2;1;1;2;1;1;0;2
07313000;0;0;0;0;0;0;0;0;0;0;1;1;0;0;0;0;1;0;0;1;2;0;0;0;0;1;9;0;1;2;0;0;3;0;1;0;0;0;0;0;0;0;0;0;0;1;0;0;0;0;0;0;1;0;0;0;0;0;0;0;0;0;0;3;8;3;3;1;0;0;0;2;4;1;1;0;0;4;8;17;0;6;1;4;3;1;0;0;0;1;0;1;1;1;1;0;0;0;1;0;1;1;0;0;2;0;0;0;0;1;4;2;1;1;0;0;2;0;2;0;0;3;0;1;0;0;4;0;0;0;3;1;0;4;0;7;0;0;0;1;0;3;1;1;1;12;0;1;15;0;0;0;1;0;0;0;4;0;0;11;0;6;29;24;0;0;0;0;6;0;0;0;0;0;32;6;10;6;1;2;10;2;0;2;1;7;0;2;0;0;0;1;0;0;0;4;0;3;0;0;0;0;0;7;5;1;2;1;1;0;0;4;7;0;0;2;1;0;0;4;0;1;2;8;2;0;0;0;0;3;0;0;2;2;0;0;0;0;0;0;0;1;0;0;0;0;0;0;0;1;0;0;6;0;0;1;0;2;0;0;1;1;3;0;0;0;0;0;1;1;0;0;0;1;0;0;0;1;0;2;0;2;2;2;0;1;0;0;0;1;1;0;0;0;0;0;1;1;1;2;0;0;0;1;1;0;0;1;1;2;0;0;1;1;0;0;3;2;4;0;2;1;0;5;8;1;2;0;0;1;0;0;0;0;0;0;0;0;0;0;0;1;0;0;1;0;0;2;0;0;1;0;0;3;0;0;3;1;1;0;0;0;1;0;0;0;3;1;1;4;0;1;0;0;0;0;0;0;2;0;1;0;0;1;1;1;0;0;1;0;0;1;0;0;0;0;0;0;0;0
07314000;5;8;3;1;1;3;0;0;0;0;0;0;0;0;1;3;0;1;1;0;0;0;5;4;0;0;5;0;0;1;0;3;1;4;1;5;1;0;0;0;0;2;0;0;1;0;0;5;0;0;0;0;3;1;0;0;0;1;4;0;0;12;3;5;5;0;4;0;0;0;0;1;5;6;0;4;0;2;4;17;5;0;0;3;0;0;0;0;7;2;0;0;12;2;7;0;2;7;8;13;0;9;0;4;8;0;0;1;1;0;0;7;0;0;2;0;10;35;0;11;64;10;12;4;4;1;0;0;6;0;0;0;0;7;0;2;2;0;0;0;0;0;1;9;2;5;3;0;0;12;0;0;0;0;0;0;0;0;67;0;0;0;4;29;0;0;24;0;3;101;32;0;5;0;18;409;0;0;0;0;0;1;0;8;0;0;1;7;0;0;0;5;4;14;0;12;0;0;87;0;7;1;0;4;10;5;0;0;0;5;0;8;5;1;2;0;0;0;0;3;0;0;0;34;0;0;7;0;4;0;1;5;4;0;0;0;4;1;3;0;0;4;1;1;0;1;0;0;5;1;6;4;0;0;0;0;1;1;5;0;0;0;1;1;0;4;1;0;1;1;1;4;3;0;2;2;0;0;2;0;0;9;0;4;1;0;1;0;7;5;1;0;0;0;3;2;0;1;0;0;0;0;2;2;0;0;1;0;1;0;0;0;3;0;3;0;0;6;5;3;8;3;0;0;38;0;0;1;0;0;0;6;0;0;0;0;0;0;1;1;1;0;1;0;0;0;0;2;0;3;0;0;3;0;0;13;0;0;3;0;0;0;0;0;0;0;0;0;1;0;0;0;0;6;0;1;1;2;0;0;0;0;2;1;0;3;0;0;0;0;0;0;1;0;1;2;0;0;0;0
07315000;4;3;9;1;0;0;0;0;7;5;3;0;0;0;6;44;0;0;0;0;0;0;3;0;0;0;0;0;0;1;0;0;2;0;0;1;2;0;0;2;7;0;1;1;0;0;3;10;0;3;4;0;0;1;0;3;0;2;0;1;3;0;0;7;0;8;0;0;9;2;0;3;0;0;0;0;0;0;0;88;2;0;1;8;3;0;4;0;0;2;0;0;0;0;0;0;1;0;0;3;0;3;0;0;14;0;0;0;1;0;0;0;0;0;0;1;0;201;25;300;4;0;0;0;0;0;0;0;0;0;0;4;0;0;13;4;0;0;0;0;0;0;0;2;5;31;0;0;0;0;0;0;0;0;0;0;0;0;0;0;0;0;0;0;6;0;0;0;115;0;0;0;0;0;0;0;434;0;0;0;5;0;0;0;0;5;0;0;1;0;0;0;0;0;0;0;0;0;0;1;0;0;0;0;1;1;0;1;1;0;0;5;0;4;0;1;0;9;0;3;7;4;7;62;2;0;0;0;0;2;0;0;6;5;0;0;0;0;8;1;6;3;1;3;0;2;0;4;0;1;0;0;1;4;1;0;3;0;0;0;0;0;0;0;0;0;0;4;0;0;0;0;0;0;3;4;2;0;7;0;3;0;2;0;0;0;0;3;0;2;0;0;0;0;0;0;0;0;0;0;0;0;3;9;6;0;0;4;6;0;0;0;0;0;0;0;0;7;0;0;6;0;0;0;70;0;4;5;0;3;1;0;0;5;0;1;0;0;0;0;0;0;0;0;4;0;0;0;0;0;0;0;0;0;0;5;1;0;2;3;0;29;0;0;2;0;0;0;1;0;0;6;0;0;0;0;1;0;0;0;0;0;2;0;0;0;0;0;3;0;1;1;0;1;0;2;0;0;0;0
07316000;0;1;1;0;0;0;0;0;6;0;5;0;2;0;2;2;0;0;0;0;0;2;0;0;0;3;1;0;2;0;0;0;0;0;0;0;0;3;0;1;1;2;0;0;0;0;0;0;1;0;1;0;0;0;0;0;0;0;0;1;0;0;4;5;0;3;1;2;0;0;0;0;0;0;0;0;0;0;5;1;2;2;1;5;0;2;0;0;0;0;0;1;1;0;1;0;0;3;1;0;0;0;2;0;0;4;2;0;0;3;0;2;1;2;0;0;1;0;1;0;0;1;0;1;4;0;0;5;0;0;0;1;0;3;0;1;0;1;0;1;0;1;2;1;0;0;0;1;1;0;0;0;2;0;0;0;0;0;0;0;0;0;9;0;0;0;0;0;6;0;3;0;2;0;34;0;0;4;0;2;0;0;0;0;0;3;0;1;1;0;0;0;9;0;0;3;0;6;0;0;0;3;0;11;0;0;0;2;6;0;2;4;1;0;0;0;0;0;0;5;0;0;1;4;0;0;0;0;3;0;0;0;0;0;0;0;0;0;0;0;1;0;1;1;1;0;0;0;3;0;2;1;0;0;0;0;1;3;1;0;0;1;0;0;0;0;0;0;0;0;1;4;0;0;0;0;0;0;1;0;0;0;1;1;0;0;0;0;0;0;0;1;2;0;0;0;0;0;0;0;0;3;1;2;0;0;0;0;0;0;0;0;0;2;0;0;0;0;0;2;2;1;1;0;8;1;0;0;0;0;0;0;0;0;0;0;0;0;0;0;0;1;2;2;0;1;3;4;0;0;0;0;2;0;0;1;1;0;0;0;1;1;0;0;0;1;0;0;0;6;0;1;0;2;0;0;0;0;0;0;2;1;3;0;0;2;0;4;0;0;0;0;2;0;0;0;0;0;0;0
07317000;1;0;0;0;0;0;1;0;1;0;0;0;0;0;0;5;2;1;0;0;0;0;0;0;0;1;0;0;0;0;0;0;0;0;1;0;0;0;0;0;0;0;1;2;0;0;0;2;0;0;2;1;0;2;0;0;0;3;0;0;1;1;0;2;0;3;1;4;1;0;1;0;0;0;0;1;1;0;0;1;0;0;1;0;0;0;0;0;4;0;6;0;1;0;1;0;0;0;0;1;0;0;1;0;0;3;4;1;0;0;0;1;0;1;1;6;1;7;3;1;3;0;0;0;0;2;0;0;1;0;0;0;0;0;0;2;0;0;0;0;4;0;0;0;0;0;0;0;0;0;0;0;1;0;0;0;0;0;7;0;10;3;0;2;0;0;8;0;0;0;2;0;0;0;0;4;0;0;2;2;0;4;0;0;0;0;1;0;0;1;0;0;0;0;0;0;4;0;0;0;2;0;1;0;0;0;0;0;0;3;1;4;0;0;0;0;1;1;0;3;0;0;0;0;1;0;0;0;0;0;1;0;0;0;0;1;0;0;0;0;3;0;0;1;0;0;0;1;0;0;0;0;0;0;0;1;0;0;1;0;0;0;0;0;0;0;0;0;0;0;0;0;0;0;0;0;0;0;0;0;0;0;0;5;0;0;0;0;0;0;0;0;0;0;0;0;2;0;0;0;0;0;0;2;6;0;0;0;0;0;0;2;5;0;1;0;0;2;11;4;13;5;0;0;0;0;0;0;0;2;0;0;0;1;0;1;0;0;0;0;0;0;0;0;0;2;0;4;0;1;0;0;0;0;0;0;0;1;0;0;0;1;3;0;0;0;0;0;0;4;0;1;0;0;1;0;0;0;1;0;0;0;0;0;0;0;0;0;1;0;0;0;2;0;0;0;2;0;0;0
07318000;0;1;0;0;0;0;0;1;0;0;0;2;1;1;1;3;0;2;0;0;0;0;6;2;0;0;1;1;0;0;0;0;0;0;0;4;0;2;0;0;0;0;0;1;0;0;0;0;1;0;2;0;1;0;0;0;0;3;0;0;0;0;2;0;0;0;1;0;0;0;0;0;0;3;0;2;5;0;0;0;0;0;1;2;0;0;0;0;0;0;0;0;0;1;1;0;3;1;1;0;0;0;1;0;0;0;0;0;0;0;0;0;0;1;0;0;2;0;4;0;0;0;0;0;0;0;0;0;0;0;0;0;0;0;0;0;1;1;0;0;0;1;2;1;7;23;0;10;19;10;656;38;39;2;7;0;1;41;51;37;51;110;136;36;7;0;81;2;89;118;67;148;43;771;65;264;126;55;0;0;0;3;0;0;1;0;1;2;3;0;1;0;14;0;3;3;10;2;0;0;0;0;0;8;2;0;5;0;0;4;7;9;0;1;5;0;1;2;0;1;1;3;1;0;0;0;2;1;0;3;1;0;0;0;2;0;0;0;2;0;0;5;0;0;0;0;1;0;0;1;0;0;6;0;0;2;0;0;0;1;0;1;0;0;0;0;0;0;0;1;0;0;0;0;0;2;1;0;0;0;0;0;0;0;0;0;0;0;0;0;1;0;1;0;2;3;0;0;0;0;1;1;0;0;0;0;1;0;0;1;3;0;0;0;1;0;0;0;0;0;0;4;3;2;0;0;0;0;2;0;0;0;0;0;0;0;0;0;0;0;0;0;4;0;0;1;3;0;0;0;0;0;0;0;0;1;0;0;1;0;0;3;0;2;0;0;0;0;0;0;0;0;0;0;0;0;0;0;1;0;0;0;0;0;0;0;0;0;0;0;4;0;0;0;0;0;0;0;0;0
07319000;1;0;2;0;0;3;4;1;0;3;0;0;2;0;1;3;0;0;0;0;0;0;1;5;0;0;4;4;2;4;0;1;0;2;1;0;0;0;0;2;0;2;0;1;0;0;0;0;1;2;3;0;1;0;0;0;0;1;2;0;0;0;0;6;0;0;0;1;0;2;1;0;0;0;0;0;0;0;1;0;0;0;1;0;0;1;0;1;7;0;0;0;0;2;0;0;2;0;0;1;0;4;2;0;0;0;0;2;0;1;1;0;0;0;4;1;0;16;0;4;0;0;0;7;1;0;5;3;0;3;0;1;0;0;4;0;4;4;0;0;0;1;4;0;0;0;0;0;0;0;0;0;0;0;0;0;4;0;2;0;2;0;26;4;0;0;0;0;121;31;17;0;0;0;6;0;0;2;7;0;10;10;0;0;1;1;0;0;3;0;0;0;0;0;0;5;32;0;17;2;0;0;0;0;1;3;0;0;0;2;5;0;3;0;3;0;0;0;0;0;0;6;0;2;0;0;1;2;0;0;1;1;0;0;2;0;0;0;0;1;0;0;2;1;0;1;0;0;1;0;1;0;2;0;0;0;0;1;3;2;0;0;0;0;0;1;0;0;0;4;0;0;0;1;0;0;0;1;1;0;0;2;0;5;0;2;0;0;0;2;2;0;0;1;0;1;0;2;0;0;2;1;0;0;0;1;0;0;4;0;1;0;0;0;0;0;0;0;1;0;0;1;1;1;17;0;0;0;0;3;0;0;1;0;0;0;0;0;0;0;0;0;0;2;0;2;2;0;0;0;0;1;1;0;0;0;0;1;0;0;0;4;0;1;0;0;10;0;0;2;0;0;0;0;0;1;0;0;0;0;0;0;2;1;0;0;0;0;0;0;0;1;0;0;0;3;0;0;1;0
07320000;0;0;0;0;1;0;0;0;0;0;2;0;0;0;0;3;0;0;0;0;0;0;1;0;0;0;5;0;0;3;0;0;0;0;0;0;0;2;0;0;0;0;1;0;0;0;0;0;0;0;0;0;0;2;0;2;3;2;0;0;0;0;0;6;0;0;1;0;0;4;1;0;0;2;1;0;0;0;0;3;0;2;5;0;8;0;1;0;0;0;8;0;1;0;1;2;0;0;2;1;0;0;1;1;1;2;1;0;0;0;0;0;0;0;0;1;1;13;1;5;10;0;2;2;2;2;0;2;4;3;0;1;0;0;0;0;0;0;0;2;0;0;3;3;5;0;3;0;4;1;1;0;1;0;0;0;0;0;0;0;5;1;7;4;6;0;2;0;6;0;0;1;11;0;0;0;0;0;2;7;2;0;1;0;3;3;0;0;1;0;0;0;0;0;0;8;16;0;7;0;0;2;0;2;0;0;5;1;0;0;2;0;3;0;0;1;1;1;0;1;0;1;1;7;0;0;0;0;1;0;0;0;0;0;0;0;0;4;0;0;2;1;0;0;0;0;1;1;0;1;0;0;0;0;0;1;2;0;0;1;0;0;1;0;1;0;0;1;0;0;0;0;2;1;0;0;0;0;0;0;0;0;0;3;0;0;1;0;0;0;0;4;4;0;0;0;3;0;0;1;0;1;1;0;0;0;0;0;1;0;0;0;0;1;0;2;2;0;13;3;0;0;0;0;4;1;0;0;0;0;0;0;4;1;0;0;0;0;0;0;0;0;0;0;0;0;0;0;1;1;0;0;0;0;0;0;0;0;0;0;0;1;0;0;0;2;0;0;0;0;1;0;0;0;3;0;0;0;0;0;0;0;0;0;0;0;0;0;0;0;0;0;0;0;0;0;0;0;0;0
07331000;0;1;2;0;1;0;0;0;1;0;1;1;0;0;5;0;0;0;0;0;2;0;0;5;0;0;9;0;1;1;0;0;0;0;0;0;0;0;0;1;0;0;0;2;1;3;2;0;1;0;7;0;4;0;0;2;0;0;0;1;0;1;0;0;2;5;0;4;1;0;0;1;0;1;0;5;0;0;0;3;0;0;0;0;4;7;0;0;0;0;1;0;0;0;0;0;0;0;3;0;0;2;0;0;0;3;0;0;1;0;0;1;0;1;5;5;0;0;0;0;0;0;0;0;0;0;1;0;0;0;0;2;0;4;0;0;0;1;4;0;5;0;8;0;1;119;3;4;0;0;0;2;6;0;12;0;4;0;0;0;0;0;0;0;2;0;0;0;0;1;54;5;0;0;0;0;0;4;13;0;0;0;0;0;0;0;0;0;0;0;8;0;2;7;0;2;0;0;0;0;0;0;0;1;0;0;6;1;1;0;0;2;0;6;3;0;0;0;0;5;0;0;2;4;0;0;3;1;0;0;1;0;0;0;3;0;0;1;0;0;0;0;0;0;0;0;0;0;1;2;1;0;5;0;0;5;0;1;0;0;0;0;1;0;0;4;6;1;3;0;0;0;0;0;0;0;0;0;0;0;1;1;0;0;0;1;2;2;2;0;2;0;0;0;0;3;0;0;0;0;1;6;7;0;2;0;2;0;0;0;0;0;1;2;1;0;0;2;0;1;5;5;5;2;0;0;0;0;4;0;0;0;3;0;0;0;1;1;0;1;0;1;0;0;0;0;0;1;0;0;0;0;0;0;0;2;0;0;2;5;0;0;1;0;0;0;0;0;0;1;4;0;0;0;0;0;2;1;3;0;1;0;0;0;0;0;0;0;2;3;0;0;1;1;2;0;0;1;0;0
07332000;0;0;2;0;1;0;0;0;0;0;1;3;0;0;2;10;0;0;2;2;0;0;0;1;3;0;0;4;2;1;1;1;1;0;5;2;0;0;1;0;3;1;0;1;0;0;0;0;0;2;2;2;0;1;0;0;0;2;1;2;0;0;0;4;4;2;0;1;0;0;2;0;0;0;0;2;0;7;0;10;1;0;0;0;0;2;0;0;0;0;1;2;0;0;1;0;0;0;3;0;0;0;1;0;0;1;0;5;1;0;1;0;0;0;1;5;8;0;0;2;0;0;0;0;0;0;0;0;0;0;0;0;0;0;0;0;2;4;0;2;0;0;5;5;2;11;0;0;2;4;0;0;0;0;1;0;4;0;7;7;27;0;38;56;12;0;0;2;0;0;41;0;0;0;23;0;5;0;0;0;2;1;0;0;3;2;0;1;0;6;4;7;19;0;0;0;0;0;0;2;3;3;0;23;0;0;0;4;0;0;0;2;1;0;9;0;0;0;0;0;1;0;1;9;1;2;1;1;0;0;0;0;9;0;0;1;3;0;0;0;2;2;2;0;1;0;0;0;0;0;0;0;0;0;1;1;0;3;0;0;2;0;1;0;0;1;5;1;0;3;2;0;0;0;2;0;0;0;1;0;1;1;0;3;0;1;0;0;0;0;1;0;0;0;5;1;0;0;0;0;0;0;0;0;2;0;0;0;3;0;3;0;3;0;0;5;2;0;0;0;0;0;8;0;12;1;0;0;1;2;0;0;1;1;0;1;0;0;3;0;0;0;1;4;4;1;1;0;2;0;0;1;0;9;0;0;0;0;2;0;1;5;0;0;0;0;0;0;1;0;1;0;0;1;0;0;0;0;0;0;2;0;1;0;0;1;0;0;0;1;0;1;0;0;0;0;0;0;0;0
07333000;1;0;2;0;0;3;0;0;1;0;3;2;0;2;0;11;0;1;1;0;0;0;0;0;0;0;0;0;0;0;0;3;1;0;0;0;0;0;0;0;0;0;0;0;1;0;0;1;0;0;0;0;1;0;0;1;0;0;1;0;1;0;0;3;2;0;2;0;0;0;1;1;0;0;0;4;1;1;3;0;0;0;2;1;0;1;0;0;0;1;0;4;3;0;0;0;0;2;0;0;0;2;1;0;0;0;0;0;0;2;0;2;0;0;0;5;8;0;0;0;0;3;0;3;4;0;1;5;0;1;2;0;0;1;0;0;0;1;0;1;0;2;1;2;0;33;8;0;5;0;0;1;0;0;1;0;0;0;0;0;7;0;10;0;0;0;0;3;0;0;0;9;0;0;0;5;4;6;5;0;0;0;4;0;0;0;0;1;0;0;0;0;0;0;1;0;14;0;2;0;0;0;1;3;1;0;10;0;0;1;5;4;2;0;1;0;0;1;0;2;1;0;0;14;0;0;0;1;0;1;0;0;0;0;0;0;0;1;0;0;0;0;0;1;0;0;0;0;0;3;0;2;0;0;0;0;1;0;0;1;0;0;0;0;0;0;0;0;0;1;0;0;0;0;0;0;0;0;0;0;0;0;1;0;0;1;0;0;0;0;0;0;0;1;0;0;0;0;0;0;0;1;0;1;0;0;0;0;0;1;2;0;5;0;0;1;3;0;0;6;3;3;9;1;4;0;0;0;3;0;0;0;0;0;2;0;0;0;0;0;0;0;0;0;5;0;0;2;2;0;0;1;1;0;3;3;0;0;0;1;1;6;0;0;2;0;0;0;0;0;0;0;0;0;0;1;0;1;2;0;1;0;0;2;2;1;0;0;2;0;0;0;0;0;0;2;0;0;0;0
07334000;1;0;0;0;2;0;4;4;1;0;0;4;0;2;0;14;2;1;5;0;0;0;0;1;0;0;0;4;0;0;0;0;3;0;2;0;2;0;1;6;0;0;1;1;0;0;1;0;0;1;0;3;0;1;0;0;0;0;0;1;0;2;0;0;0;0;3;0;0;1;0;0;0;2;1;4;0;1;5;9;0;3;0;6;4;0;0;1;5;0;0;2;0;0;0;0;0;0;6;0;1;0;0;5;2;7;0;0;0;1;0;4;0;0;0;5;0;8;1;0;13;0;3;3;8;0;0;1;1;0;0;0;1;0;0;8;0;0;1;0;0;1;1;0;0;0;11;1;7;2;0;0;0;0;10;0;4;0;0;0;116;10;10;57;11;0;13;0;0;2;0;0;0;0;47;0;7;0;15;0;5;0;0;10;0;0;0;1;2;0;0;4;0;0;0;1;22;0;0;0;0;0;0;1;6;0;0;0;0;3;2;1;6;0;1;0;0;4;2;0;2;0;0;7;0;0;3;0;1;0;1;0;2;1;1;0;5;4;0;2;0;1;1;1;0;0;0;0;1;0;0;1;0;0;0;0;0;0;0;0;0;1;4;1;3;0;0;0;0;0;0;0;0;0;1;0;0;0;1;0;0;1;0;0;0;7;2;0;0;0;0;0;1;2;0;2;1;0;0;0;2;0;0;2;0;1;0;0;0;2;2;0;1;1;5;0;0;5;9;5;8;1;7;0;21;0;0;0;0;1;2;0;0;0;0;0;5;0;1;0;0;0;2;3;0;0;5;1;0;0;2;6;0;0;3;0;0;3;0;1;0;6;2;1;0;3;0;0;4;3;0;0;2;2;0;1;0;1;1;0;1;0;0;0;1;0;2;0;1;0;0;0;0;1;0;0;0;0;1;4
07335000;0;0;0;0;0;1;1;2;0;0;0;0;0;0;0;0;0;0;0;0;0;0;2;0;1;0;0;0;0;1;0;0;0;0;1;0;0;0;2;2;2;0;1;0;0;0;2;0;0;1;0;0;6;0;0;1;1;0;0;2;0;0;1;8;0;0;0;0;0;0;0;0;0;0;5;0;2;0;3;0;4;0;0;5;0;3;2;0;7;1;3;0;0;2;2;0;1;1;0;0;0;7;0;0;0;0;0;1;0;0;0;0;0;0;0;0;0;0;0;5;0;0;0;1;0;0;0;0;5;2;3;4;4;2;0;4;0;1;0;0;1;0;0;2;10;0;15;1;2;2;0;1;0;0;8;0;1;0;2;11;1;0;18;0;33;0;4;0;0;14;18;3;0;0;0;0;0;65;0;1;2;2;4;2;0;5;1;3;0;0;0;4;9;0;0;0;0;0;4;0;0;1;1;2;0;0;0;0;1;0;1;0;1;0;3;0;0;0;1;0;0;0;1;10;0;0;0;5;6;0;0;2;1;5;1;2;0;0;1;1;0;0;0;0;1;2;0;0;0;0;1;0;0;0;0;0;1;1;1;0;2;0;1;3;0;0;1;0;0;0;0;1;0;0;1;0;0;0;0;0;0;0;3;2;0;1;0;0;0;0;0;1;0;0;3;1;1;0;0;2;1;0;2;0;1;0;3;0;0;2;0;0;1;0;0;0;0;4;6;5;0;3;29;7;0;0;0;0;0;1;0;0;0;1;1;0;0;0;0;0;0;2;0;0;2;0;0;2;0;0;0;0;0;1;0;0;0;0;2;0;0;4;0;0;0;0;0;0;1;0;0;0;0;0;0;0;2;0;5;2;1;2;0;0;0;0;0;0;0;1;0;0;1;0;0;0;0;6;1;0
07336000;0;0;1;0;0;0;0;1;1;0;0;0;5;0;0;6;0;0;0;0;2;0;0;0;0;2;1;1;0;0;0;0;0;0;1;0;0;0;0;0;0;0;0;0;5;0;0;0;0;3;0;4;0;0;0;1;0;2;0;0;3;0;0;3;1;0;5;0;0;1;1;0;0;0;0;4;3;0;4;8;0;0;0;0;0;0;0;1;0;0;0;0;0;0;1;2;0;3;4;0;1;4;0;0;1;0;2;0;0;0;0;0;1;3;0;0;1;0;1;1;2;4;2;3;1;0;0;0;0;3;0;3;1;0;0;0;0;0;3;1;0;0;40;1;40;111;61;18;104;84;0;75;77;0;17;0;9;0;19;77;28;88;114;11;22;0;7;16;31;62;74;76;48;0;35;88;84;69;0;0;0;0;2;0;4;11;0;0;0;0;0;1;2;0;0;2;0;0;0;0;0;1;0;2;0;1;0;0;0;0;2;0;2;0;1;0;3;2;0;0;1;0;0;0;0;0;1;0;1;2;0;1;0;0;0;0;0;0;0;0;0;1;0;2;0;1;0;0;0;0;0;0;2;0;0;0;0;0;0;0;0;0;0;0;0;0;0;0;0;0;0;0;0;3;0;0;0;0;0;0;1;0;3;0;0;1;0;0;0;0;0;0;1;0;0;1;0;0;0;0;3;0;0;0;0;0;0;0;0;0;0;0;0;0;1;1;0;0;1;3;1;4;101;40;8;1;0;0;1;0;0;0;0;0;0;0;0;0;0;0;3;0;0;0;0;0;0;0;1;0;0;0;0;0;0;0;0;2;0;0;0;0;1;0;0;0;0;2;1;0;0;0;0;0;0;0;0;0;0;0;1;0;0;0;0;0;0;0;1;0;0;0;0;0;0;0;0;1;0;0
07337000;0;1;0;0;2;1;1;4;0;3;1;7;2;0;2;0;0;0;1;0;0;2;0;4;3;0;0;1;0;0;0;0;3;0;0;0;1;0;0;2;0;1;0;0;0;0;0;0;0;1;1;0;0;4;0;1;0;0;0;0;0;3;1;0;2;0;1;3;0;3;0;0;0;0;0;0;0;0;5;9;1;1;5;4;0;0;0;1;1;0;0;0;0;0;0;0;1;1;0;0;0;0;0;0;0;0;0;1;0;0;0;0;1;3;0;0;5;2;0;0;11;0;1;0;0;0;0;3;0;0;5;0;0;8;0;0;0;0;0;5;0;4;3;6;1;0;0;0;0;6;0;1;0;0;12;0;0;0;11;13;0;0;15;0;18;0;0;2;0;0;4;0;0;0;0;0;0;66;24;0;0;0;4;0;0;0;3;0;2;0;0;0;0;0;0;11;0;0;0;0;0;0;0;5;0;0;12;0;0;0;0;3;1;4;0;0;0;3;0;0;0;0;0;16;0;0;1;0;1;0;4;0;3;0;0;0;1;2;1;0;0;0;0;0;0;1;0;0;1;0;0;2;0;0;0;0;0;0;3;0;0;0;0;0;0;1;0;0;0;0;0;0;0;0;0;0;0;0;0;0;0;1;0;7;0;0;0;0;5;0;0;0;0;0;1;0;0;0;0;2;1;0;0;0;4;0;1;0;2;0;2;0;0;0;0;0;3;0;0;3;0;0;0;0;0;0;0;0;0;0;0;0;2;0;0;1;0;1;0;0;0;0;0;0;0;1;1;0;0;0;0;3;1;0;0;0;0;5;0;0;0;0;0;1;0;0;0;1;0;1;0;0;0;0;0;0;1;2;0;0;4;0;0;0;0;0;0;0;1;0;0;1;0;0;0;0;3;0;1;0
07338000;0;1;10;0;5;0;1;2;4;2;7;4;2;0;1;2;4;1;1;4;0;1;0;0;0;0;0;0;0;8;0;0;0;0;0;0;1;0;0;0;0;2;0;0;0;0;0;0;1;5;3;1;5;1;0;0;2;0;0;5;0;0;0;3;0;4;10;0;1;0;2;0;0;2;0;3;1;0;4;8;0;0;4;1;1;1;2;0;0;0;0;0;0;0;0;0;2;4;0;0;0;0;1;0;0;0;4;0;4;3;0;0;1;0;3;0;9;10;0;7;0;0;0;0;0;0;14;0;1;0;0;3;5;0;0;0;1;0;2;0;0;0;3;3;1;12;0;3;9;7;0;3;5;0;0;0;0;0;0;26;0;0;20;36;0;0;30;4;17;144;0;18;3;0;19;0;0;0;0;0;0;1;0;0;2;4;0;7;1;0;0;1;18;9;0;23;0;0;0;0;0;0;0;0;0;6;12;3;4;0;0;3;6;0;0;0;0;1;0;0;2;0;1;13;0;0;1;0;2;1;0;0;0;0;0;2;1;0;0;0;0;0;0;0;1;0;0;0;1;0;0;0;3;0;0;0;0;0;0;0;4;0;2;0;5;1;0;1;0;5;2;0;0;0;0;0;0;0;0;0;0;0;1;0;0;1;0;0;5;0;2;4;0;0;1;0;3;1;0;0;8;0;0;1;0;0;0;0;3;0;2;0;1;1;0;0;0;3;0;4;0;8;0;7;0;0;0;0;0;0;0;0;0;0;2;0;1;0;0;0;0;2;0;2;0;2;5;1;2;1;0;0;2;2;3;2;0;0;1;0;0;1;3;3;0;2;0;0;1;0;0;1;0;2;0;0;2;3;0;0;2;0;0;1;1;2;0;0;1;0;1;0;13;0;0;0;0;0;3;0
07339000;2;0;8;0;0;0;7;6;0;2;0;2;2;0;8;13;0;2;2;1;0;0;0;2;0;0;0;0;7;0;0;0;3;0;4;0;0;0;0;1;2;0;0;0;0;0;2;3;7;0;2;1;0;1;0;4;1;0;5;0;0;4;2;0;2;0;3;7;0;0;0;0;0;6;0;3;0;0;0;19;0;0;0;1;2;0;0;1;6;0;1;0;0;0;2;0;0;0;0;0;1;1;0;0;0;0;5;0;0;0;6;0;1;0;1;1;0;20;0;0;11;8;0;0;13;0;1;6;0;0;0;4;0;0;3;4;0;0;2;0;0;0;20;0;0;231;6;4;6;8;0;0;0;0;10;0;0;0;6;0;0;39;0;2;6;0;52;0;256;0;0;0;7;0;13;8;0;6;0;7;1;0;5;0;14;0;1;0;3;2;1;0;6;0;0;18;7;0;4;0;0;0;2;0;1;4;2;0;1;1;0;7;5;4;6;0;2;0;0;4;4;5;1;12;0;4;0;0;0;0;1;0;4;4;2;0;3;0;4;0;2;2;0;0;0;2;3;1;0;0;0;0;3;0;0;2;1;4;1;0;0;0;0;0;3;0;0;1;2;1;1;0;4;0;0;1;2;0;1;1;0;7;1;0;1;5;0;0;0;0;0;2;7;0;5;14;0;1;0;0;5;0;5;1;10;0;1;0;0;0;0;2;0;0;7;0;0;0;0;0;0;0;6;0;20;2;1;0;0;3;0;1;0;0;1;0;0;7;4;0;1;0;0;0;1;0;0;0;0;0;0;0;0;0;3;1;2;0;3;5;0;3;1;3;0;0;0;3;0;1;0;0;0;0;0;0;0;1;0;5;0;0;0;1;0;0;0;0;2;0;0;0;0;0;1;0;2;0;1;0
07340000;0;0;0;1;1;0;2;0;0;0;1;1;1;0;0;1;0;0;0;0;0;1;0;0;0;0;2;0;2;0;0;0;3;0;0;2;0;0;2;1;0;4;1;0;0;0;0;0;0;0;0;0;0;0;0;0;1;0;0;0;0;0;0;2;0;0;2;1;0;0;0;0;1;0;0;0;0;1;0;3;5;1;0;0;2;0;3;0;2;0;0;4;0;0;0;4;1;0;0;0;0;1;5;0;1;3;2;0;1;0;0;0;2;2;0;0;6;0;2;1;0;0;0;0;9;0;0;6;0;0;0;0;0;0;0;1;1;1;0;0;4;1;3;1;0;0;9;0;1;10;0;0;0;0;6;0;2;0;0;16;0;6;20;0;108;0;0;13;0;10;0;8;0;0;0;1;0;0;0;3;0;0;0;0;0;0;0;3;2;1;1;0;0;0;0;0;0;0;0;0;0;0;0;0;2;2;0;0;5;0;0;3;0;0;2;1;0;1;1;0;0;4;2;0;0;1;1;0;0;0;1;1;2;2;0;2;0;2;5;0;0;0;2;0;2;1;0;0;0;1;0;2;2;0;0;0;0;0;0;0;0;0;0;4;1;0;0;2;0;1;0;0;0;0;0;0;0;0;0;0;0;0;0;2;0;1;2;0;0;0;1;0;0;0;0;0;0;1;0;1;2;0;0;1;0;0;0;0;0;0;0;0;5;0;0;0;1;0;31;4;14;8;18;11;0;0;0;0;0;0;0;0;0;0;0;1;0;0;3;0;0;1;0;2;0;0;0;0;3;2;0;4;0;0;0;0;1;3;0;1;0;0;0;0;0;0;0;0;1;0;0;0;0;0;0;0;0;0;0;1;1;0;0;0;1;0;0;0;2;0;0;0;0;0;0;0;0;0;0;1
08111000;0;1;0;0;6;7;7;2;0;0;0;2;5;5;0;95;0;5;0;0;0;0;3;0;6;0;0;0;0;0;0;0;8;0;0;14;1;8;0;9;5;0;3;0;0;0;4;0;0;6;11;0;0;0;2;0;1;0;0;8;2;0;6;64;5;0;0;0;0;0;3;0;0;6;11;9;0;8;1;51;0;0;0;5;0;0;0;2;0;0;0;43;0;8;14;0;10;8;8;0;0;0;0;0;7;0;6;0;4;7;0;3;0;9;0;1;0;100;11;13;10;13;14;13;12;10;0;19;0;8;0;0;0;0;1;0;0;0;0;0;0;0;0;9;1;0;0;6;0;9;0;17;0;0;0;0;4;3;4;0;0;8;12;5;0;9;0;0;0;11;0;0;8;6;0;4;7;7;0;508;991;22;1236;895;0;0;0;4;2;0;0;3;0;0;0;0;0;25;0;0;55;76;0;0;0;0;0;0;0;0;39;13;1;0;0;0;21;0;0;13;16;0;11;343;8;0;0;13;8;12;0;1;0;7;0;8;3;15;51;6;1;11;25;0;4;0;0;0;0;3;5;0;0;6;0;3;1;1;0;0;0;8;2;2;5;0;3;0;0;0;0;0;0;0;3;13;2;0;2;0;1;1;7;7;1;5;0;10;10;0;2;6;0;1;0;3;0;0;0;0;0;10;0;0;38;5;7;0;0;0;0;0;16;29;10;13;0;37;0;2;0;0;0;0;262;3;0;0;0;4;3;8;0;4;0;0;2;5;0;1;2;0;1;0;0;0;11;0;3;0;2;0;3;0;12;0;3;0;2;3;3;37;5;0;0;0;0;0;6;0;3;0;2;0;0;0;2;0;0;2;0;0;0;4;0;0;0;0;0;0;0;0;0;3;2;0;0;7;6;1
08115000;2;0;7;4;3;4;1;0;3;2;8;3;4;0;0;23;1;8;0;7;0;2;2;0;0;0;0;0;0;0;1;0;5;4;4;3;0;0;0;2;1;0;2;3;6;0;0;8;0;3;4;0;3;7;1;7;7;5;0;0;0;0;2;12;11;8;0;0;7;1;1;0;0;10;3;3;0;0;3;0;0;0;2;8;0;0;0;2;0;5;1;5;2;3;4;0;8;6;6;0;6;2;0;0;1;0;1;0;0;0;0;4;1;0;4;1;0;22;0;7;0;8;0;9;0;0;2;0;0;3;0;4;2;1;0;0;0;1;0;4;3;1;0;3;0;14;14;0;0;10;8;9;4;3;0;0;0;0;3;0;0;2;1;0;0;2;3;0;1;3;1;5;0;1;28;0;0;0;0;0;0;4;0;0;0;0;0;3;11;0;0;3;0;0;19;0;15;10;0;29;332;40;67;0;36;21;17;29;0;27;32;16;11;0;0;31;4;23;8;48;0;0;0;59;7;0;9;5;0;0;0;0;3;0;0;0;0;3;2;0;1;5;0;4;0;2;0;0;0;0;0;0;3;0;0;3;3;1;0;0;0;4;0;0;0;5;8;0;1;0;0;0;0;0;0;1;1;9;0;3;4;1;0;0;1;3;2;7;0;0;0;5;0;0;13;1;0;2;0;0;0;9;0;1;15;2;0;1;0;0;1;14;9;5;3;0;0;1;9;0;0;8;9;2;22;3;0;0;8;5;0;2;0;4;4;5;0;0;0;0;2;0;0;2;0;4;0;6;5;5;3;0;0;1;0;6;0;0;6;0;1;2;7;2;0;0;0;1;4;0;0;1;0;1;7;8;1;3;4;0;1;1;3;0;0;2;2;2;0;0;1;2;0;0;0;0;2;5;0;0
08116000;0;6;2;1;2;0;6;0;5;9;5;2;11;3;0;5;0;0;0;0;1;1;0;3;0;0;0;0;0;4;0;2;0;1;0;0;1;7;0;0;2;5;0;1;1;1;0;0;0;3;15;5;4;0;3;8;4;6;0;4;1;0;0;31;9;5;1;1;0;8;1;0;6;0;8;0;2;2;0;28;15;0;0;5;1;3;0;14;0;2;0;0;3;0;0;2;0;0;6;1;5;5;4;0;3;6;0;2;0;0;6;0;0;11;0;4;0;17;7;0;0;0;12;5;0;0;0;6;0;6;0;9;0;12;0;12;3;2;0;6;0;0;0;10;0;0;7;0;0;0;0;3;0;0;6;0;0;3;3;0;0;0;0;0;5;1;0;0;3;0;0;0;0;0;6;4;0;5;0;210;0;266;11;0;28;0;5;20;21;0;0;2;0;14;4;0;20;24;0;0;31;0;18;0;0;0;13;26;0;0;52;10;10;51;0;18;17;34;1;28;29;0;0;72;0;0;5;1;6;3;0;4;26;0;2;0;0;0;5;1;5;0;12;0;6;0;3;2;1;0;1;0;3;0;6;3;0;0;0;2;5;0;0;0;3;6;0;0;3;0;0;0;0;3;0;0;4;0;5;5;14;0;2;9;0;6;0;0;0;3;3;0;1;2;13;0;0;0;1;0;2;0;2;13;15;1;4;7;0;19;3;7;20;16;17;7;1;10;2;0;6;0;3;0;20;3;2;0;6;1;5;0;0;2;4;2;1;2;0;0;2;8;2;1;0;1;9;1;0;0;0;12;3;0;6;11;0;4;5;2;0;32;0;3;1;0;19;0;0;0;1;2;0;6;2;7;0;0;12;0;5;0;0;0;0;0;4;2;0;0;0;1;0;2;0;5;0;0;5;1
08117000;2;0;0;1;0;1;0;2;0;1;0;7;2;4;0;14;2;6;0;0;2;0;0;1;1;0;10;0;2;0;0;0;0;2;2;1;1;0;0;0;0;0;0;5;3;0;0;0;0;2;3;0;0;0;0;4;0;0;0;0;0;4;5;14;7;0;0;0;0;5;2;0;5;0;0;2;0;0;1;12;2;1;0;0;0;2;0;4;2;0;5;3;0;0;3;0;2;9;0;9;4;3;1;0;0;3;0;0;3;0;0;0;0;0;5;0;2;10;1;6;3;0;0;4;0;0;4;2;0;0;2;5;0;0;0;1;0;0;5;0;0;1;0;1;11;3;0;0;1;0;4;0;0;3;1;0;1;1;0;1;0;0;1;1;0;0;0;1;2;0;0;6;0;1;4;0;2;4;0;0;0;0;0;0;1;8;7;40;0;0;0;0;0;11;4;0;25;11;0;12;10;13;0;0;2;5;6;0;6;4;51;11;2;0;0;0;11;67;0;8;8;0;7;2;0;5;0;1;0;0;0;0;1;1;1;4;5;0;5;0;1;0;2;6;0;4;2;0;0;0;1;0;1;0;6;1;4;0;3;0;0;0;0;1;11;8;1;3;0;9;0;0;0;0;1;1;3;0;0;1;0;1;0;12;0;3;3;4;7;0;0;4;1;0;0;1;0;0;3;1;3;4;15;1;5;0;11;0;0;0;0;0;11;0;2;0;1;7;0;1;0;0;6;4;8;6;0;0;0;5;2;1;4;2;0;2;0;0;0;0;2;0;0;3;0;0;2;2;2;1;4;0;0;6;3;1;0;0;6;0;0;0;1;3;0;0;7;0;1;0;0;3;0;1;3;0;0;0;1;4;1;2;1;0;1;0;0;2;7;0;0;2;1;2;3;0;0;4;4;2
08118000;1;9;12;0;0;0;11;12;16;3;5;4;4;0;0;0;0;3;0;0;0;0;0;1;5;0;0;1;7;0;2;3;0;2;4;0;2;14;1;6;2;3;1;2;2;1;6;0;0;0;4;3;6;4;0;1;7;0;0;0;2;0;0;0;0;6;0;0;0;0;0;0;0;0;4;3;5;8;12;51;0;0;0;0;1;1;0;5;4;0;4;2;0;0;9;7;0;1;0;2;6;1;0;0;1;0;0;7;2;1;6;0;0;0;0;13;0;17;4;6;16;3;0;5;2;0;2;14;4;7;0;18;0;8;0;5;0;0;5;4;0;8;0;0;0;2;0;0;10;0;8;9;2;0;7;5;0;7;6;0;5;2;10;9;0;2;3;0;0;7;0;1;0;0;0;2;0;1;0;42;0;3;0;56;52;433;50;3;11;0;0;0;35;18;15;0;44;38;0;0;49;44;23;0;0;6;0;12;0;0;31;3;2;0;0;0;4;15;0;29;0;0;0;47;7;0;3;5;1;0;7;0;0;0;8;1;2;8;1;0;3;4;0;6;3;5;0;0;1;1;0;4;7;6;0;0;1;2;0;6;1;2;2;0;2;0;0;0;0;8;0;5;0;5;2;0;3;0;0;2;2;0;0;0;1;12;8;1;0;0;0;6;5;0;2;3;9;0;0;0;8;0;0;4;0;0;0;3;5;7;3;3;0;12;0;17;0;2;10;0;4;0;0;0;51;9;0;0;0;0;5;1;0;2;2;1;3;0;0;3;4;0;1;5;2;17;9;3;9;4;8;0;3;4;4;0;8;14;15;2;0;22;10;4;3;0;2;0;0;0;12;0;0;0;0;0;1;0;0;4;3;0;1;2;2;0;0;2;3;2;2;1;0;2;0;0;0;4;0;0
08119000;1;8;0;1;5;2;8;0;6;2;0;8;3;0;1;12;1;0;4;1;0;3;0;0;0;0;17;0;0;0;0;0;5;0;3;1;1;1;4;5;0;12;6;1;2;0;0;1;3;1;8;0;0;0;0;18;1;5;0;1;0;9;0;12;0;22;4;0;0;0;0;0;13;0;0;5;0;0;0;8;2;0;0;1;4;3;0;0;0;0;0;0;7;5;0;3;0;0;0;5;6;0;0;8;0;0;0;2;0;1;0;2;0;3;0;10;0;0;3;13;0;3;0;6;11;3;5;0;0;6;0;1;0;2;2;0;4;0;9;4;5;1;5;5;1;2;0;0;4;1;6;7;8;0;1;1;3;2;1;0;0;0;4;8;5;1;0;0;1;7;2;0;0;6;9;12;9;2;0;8;7;31;0;0;21;53;14;42;0;0;30;10;0;0;0;0;19;18;0;3;0;22;0;0;0;8;17;0;0;0;48;0;20;0;0;26;9;0;6;21;32;0;0;47;5;0;0;4;0;0;0;7;10;0;0;0;6;0;4;0;0;8;4;9;0;4;0;1;5;0;0;0;0;3;5;1;4;2;2;0;0;0;3;0;0;0;0;4;0;4;0;3;3;5;0;5;3;0;0;0;0;3;0;0;1;0;0;2;0;0;1;0;0;0;10;0;0;0;0;0;2;0;0;4;8;2;13;1;0;0;1;0;8;14;5;4;3;14;4;2;0;2;2;0;23;0;0;0;3;0;6;1;0;3;0;4;0;2;0;0;0;0;0;0;0;6;3;14;0;2;0;3;1;0;4;4;11;5;5;6;0;28;0;2;5;0;6;1;2;1;6;0;0;0;0;0;3;0;0;1;0;0;0;0;0;0;0;0;0;7;3;0;0;2;0;0;1;3;1;2
08121000;0;0;5;0;3;1;0;0;0;0;9;2;0;0;0;15;0;2;0;0;0;0;0;9;0;0;0;0;2;2;3;1;0;0;6;0;2;0;0;0;1;0;0;2;0;2;4;0;2;0;0;0;2;1;3;0;1;0;0;0;0;0;4;0;0;0;0;0;0;1;1;1;0;0;0;0;6;0;7;6;6;0;3;0;7;1;0;0;0;0;0;3;6;0;2;4;4;0;3;0;0;0;0;0;0;0;0;0;3;0;0;1;2;6;1;8;0;6;16;3;1;1;0;11;1;9;0;0;0;1;0;0;0;0;0;0;0;1;3;2;4;6;0;0;1;2;1;0;0;0;2;0;1;0;0;1;2;3;6;0;0;3;5;10;1;0;0;0;0;0;0;0;7;0;2;0;0;2;45;3;0;0;0;0;0;410;0;0;0;0;0;6;0;0;0;0;23;25;0;0;10;11;0;0;6;5;8;0;4;0;0;18;10;0;0;0;1;0;0;3;0;0;0;23;0;0;2;2;0;0;2;7;3;2;2;0;0;1;5;0;2;0;1;6;2;0;0;0;0;0;0;0;2;1;4;0;4;0;9;0;0;0;1;0;0;0;1;0;0;0;0;4;0;0;0;0;2;0;1;0;0;0;9;0;0;3;0;0;0;2;4;0;0;0;5;0;0;0;3;0;2;0;0;0;0;1;4;0;0;0;0;1;14;4;0;0;6;3;5;0;1;1;3;0;7;2;0;0;0;0;1;0;3;0;1;0;1;0;0;0;0;0;1;3;2;1;0;0;3;3;1;1;0;0;2;7;0;0;2;0;0;0;0;3;0;4;0;2;0;0;2;0;3;2;0;0;0;0;1;0;0;0;1;1;0;5;2;0;0;0;0;0;0;0;0;0;0;1;0;0
08125000;0;1;0;4;1;0;0;2;0;0;10;3;5;0;4;13;0;1;0;0;8;11;1;0;4;0;0;1;1;0;0;0;0;0;0;5;2;5;2;0;0;0;7;0;1;0;5;0;0;2;0;1;0;4;0;7;0;0;0;0;1;0;2;0;6;0;2;0;4;1;2;3;0;8;0;1;1;4;6;0;1;1;0;0;0;2;0;0;0;1;0;4;0;1;0;0;0;0;0;0;0;0;17;0;8;0;0;3;0;0;8;0;2;2;5;0;0;17;0;0;0;0;0;0;0;0;0;4;0;0;3;0;0;0;0;0;0;0;0;0;0;0;2;12;5;9;3;0;0;0;0;0;1;0;2;0;0;0;0;0;0;6;0;0;0;2;0;0;0;0;1;1;0;0;7;0;7;9;2;12;22;0;0;0;0;0;100;12;0;0;0;2;7;45;1;0;15;111;0;0;0;0;1;0;0;0;13;0;3;0;21;3;0;0;0;0;4;0;0;20;0;0;1;55;8;3;4;0;0;0;0;0;10;5;0;0;0;0;0;6;1;1;2;6;4;0;0;0;3;0;1;3;0;0;1;1;0;1;5;1;0;6;0;0;0;2;1;1;2;7;0;1;2;0;1;0;1;4;0;5;0;0;0;4;0;2;0;1;1;0;0;0;0;4;20;0;0;0;0;3;0;0;2;0;0;0;0;0;0;0;0;5;8;1;4;1;9;0;1;6;0;0;0;1;39;0;0;0;3;0;0;0;1;2;0;0;0;3;0;1;3;3;1;0;1;0;0;0;0;0;4;2;3;0;4;0;4;0;0;0;5;5;0;6;2;2;2;2;0;4;0;4;0;4;2;0;0;2;0;0;1;0;1;1;1;0;0;2;2;0;1;2;0;0;3;0;1;2;0;2
08126000;2;0;0;0;0;1;0;0;0;0;0;0;0;1;0;0;0;1;0;0;0;0;4;1;1;2;0;0;0;0;1;0;0;0;1;1;0;1;1;0;1;0;0;1;0;0;1;0;0;0;0;0;0;0;0;0;0;1;0;0;2;0;0;0;0;0;0;4;0;0;0;0;0;2;5;0;1;0;0;0;0;6;0;0;2;0;0;0;4;0;0;5;0;0;0;1;1;3;0;0;0;2;0;0;5;0;0;0;2;0;1;0;0;0;0;0;0;9;12;0;0;0;0;0;0;1;0;0;0;0;0;4;1;1;0;1;0;0;0;1;0;0;2;1;0;0;0;0;0;0;2;2;0;0;0;1;0;0;0;0;0;0;3;1;0;0;2;0;0;1;0;1;0;0;0;0;0;4;20;1;0;0;0;0;2;0;0;0;18;0;0;0;12;0;0;0;0;0;0;0;1;0;0;0;2;1;7;0;5;0;13;4;2;7;0;13;2;7;3;0;10;0;2;2;2;0;0;2;4;3;0;2;1;0;1;0;0;0;0;1;0;5;0;0;1;0;0;0;1;0;1;2;1;1;4;0;0;2;0;0;0;0;1;0;0;0;0;2;0;0;1;2;5;0;0;2;0;0;0;1;6;0;0;0;0;0;0;0;1;0;1;0;0;1;17;0;0;1;0;0;0;0;2;11;2;0;0;1;0;0;4;0;0;0;0;0;0;3;0;3;0;0;1;0;2;0;2;0;1;0;0;1;0;0;2;1;0;1;0;0;6;0;2;2;1;2;1;2;5;4;3;0;3;1;2;2;0;0;0;0;0;9;3;1;0;0;1;0;0;2;0;0;1;0;0;1;0;0;0;4;0;0;0;0;0;0;2;0;0;0;0;0;0;2;2;1;0;0;0;0
08127000;0;1;0;0;1;0;8;0;0;5;0;0;3;1;0;0;0;0;0;0;2;0;0;0;1;0;3;3;1;0;0;0;0;1;3;3;0;1;4;2;0;0;0;0;0;0;0;3;3;1;0;2;0;0;0;0;0;0;3;0;0;1;2;0;7;0;7;0;0;0;1;0;3;9;0;0;0;3;0;11;0;9;0;0;2;0;2;4;6;0;0;0;0;8;0;1;0;7;0;0;2;1;4;0;0;0;0;0;2;1;1;0;0;0;0;1;2;2;5;0;0;0;0;0;4;0;0;9;3;2;2;12;4;0;0;0;0;0;3;0;1;0;0;0;0;5;4;0;0;0;0;3;0;1;2;0;0;0;3;5;0;0;1;0;3;0;1;0;1;0;0;0;0;1;4;0;0;0;0;0;0;0;0;0;0;0;9;0;15;0;0;1;0;0;0;0;13;0;0;1;0;0;10;0;2;0;15;0;5;0;0;0;0;4;0;5;0;5;0;13;3;0;3;9;1;5;3;0;4;2;0;1;1;0;0;0;3;4;0;1;0;0;6;0;0;0;0;1;3;0;4;0;0;3;1;2;0;5;0;2;0;0;0;0;0;5;3;0;1;0;0;4;5;2;3;1;0;0;0;0;0;0;0;16;0;17;0;1;0;10;0;6;4;4;13;0;3;0;0;5;0;0;15;8;16;0;0;0;4;3;0;0;0;0;5;0;0;2;0;0;0;0;0;1;13;0;0;1;0;0;1;0;0;8;1;1;0;2;0;0;2;5;3;5;0;0;0;7;2;0;0;13;0;0;1;0;0;6;0;1;1;8;0;0;2;5;4;0;1;2;1;0;0;0;0;5;0;1;0;1;2;0;3;0;0;2;1;1;1;0;0;0;0;0;1;4;0;0;1;0
08128000;0;0;0;2;0;0;1;0;2;5;0;0;0;0;0;0;0;0;5;0;1;0;5;1;0;0;1;2;0;0;0;0;0;0;4;0;0;0;0;0;1;0;0;0;0;1;1;0;0;0;3;2;2;1;0;0;1;3;0;0;2;0;1;4;0;5;1;1;0;0;0;1;5;1;0;0;0;0;5;10;0;0;0;0;0;0;0;0;0;0;6;0;0;0;0;0;1;1;0;0;0;0;2;6;0;6;6;4;2;0;3;1;0;0;1;3;4;22;0;1;1;0;0;0;0;0;4;0;0;0;6;0;7;0;0;0;3;0;0;0;3;2;0;2;0;2;0;0;2;3;1;2;0;2;0;0;0;0;0;1;1;1;0;0;0;0;0;0;0;10;1;0;2;0;0;0;0;0;0;0;0;1;0;3;13;6;0;0;0;0;0;2;0;2;1;0;0;0;0;0;0;0;0;0;0;0;5;0;0;0;0;5;0;1;0;0;6;0;4;0;1;0;0;10;0;4;1;0;5;0;0;0;4;0;0;0;0;0;0;0;1;0;0;2;0;0;1;2;8;0;0;3;10;0;4;3;0;0;5;0;1;0;0;2;3;2;0;1;1;0;1;2;0;0;1;0;0;1;0;3;2;0;1;3;0;24;0;0;1;4;2;0;0;0;31;0;0;3;0;0;46;4;10;0;9;2;0;0;3;3;3;1;3;3;5;0;0;3;0;0;2;0;0;1;0;0;0;0;0;5;0;2;0;0;2;0;0;0;5;0;0;0;0;0;0;1;0;1;1;2;0;3;0;0;4;3;2;0;2;0;0;0;0;3;0;0;4;3;0;0;4;0;0;0;0;0;0;1;5;0;3;0;0;0;0;1;0;0;0;3;0;0;0;3;3;1;0;0;1;0
08135000;0;3;1;5;0;1;0;0;0;0;0;0;1;5;0;7;0;0;0;4;1;0;0;0;3;0;5;5;0;0;0;2;0;0;0;0;0;1;1;0;2;0;1;0;0;1;0;1;0;6;6;0;0;3;0;0;0;0;0;0;0;0;1;0;0;4;0;0;0;0;0;3;0;0;1;0;1;0;10;2;0;0;0;0;3;0;0;2;0;0;2;0;0;3;0;4;1;6;0;0;1;0;0;0;1;0;0;0;0;0;0;5;2;0;2;2;0;12;0;4;1;0;5;5;0;0;0;4;3;0;0;2;0;0;0;0;0;0;3;0;0;0;0;0;7;0;0;0;3;0;0;0;3;0;0;0;0;0;0;4;0;0;1;1;0;0;3;0;0;0;0;2;1;0;5;2;0;0;80;6;171;36;57;40;16;32;15;50;24;0;0;5;5;19;42;0;73;21;8;7;11;7;16;0;6;15;51;6;15;16;12;40;0;24;4;8;39;0;28;7;32;0;8;0;6;8;2;0;2;0;0;5;5;1;0;2;0;1;0;4;4;0;0;0;1;0;4;0;0;0;0;0;4;0;0;0;2;1;7;0;0;2;1;1;0;2;2;3;1;1;0;7;2;0;0;0;1;0;1;0;4;0;0;18;2;12;0;0;0;0;0;0;0;0;3;0;1;1;0;0;1;0;0;8;9;0;0;2;0;0;52;0;0;4;11;15;9;2;4;0;0;0;0;0;8;0;0;0;1;1;0;0;0;0;0;0;0;0;0;1;0;1;0;7;0;0;0;0;0;4;7;0;0;3;5;0;8;0;0;0;0;11;0;3;0;6;0;0;0;0;0;0;0;0;0;0;0;0;3;1;0;0;0;0;0;0;0;0;0;0;0;0;2;0;7;1;0;0;0;0
08136000;2;0;0;2;0;0;0;4;0;2;0;0;0;0;6;4;3;1;1;3;0;4;0;0;0;0;6;0;2;6;2;0;0;2;0;0;0;2;0;1;0;0;0;5;5;2;3;0;0;0;0;0;0;0;0;0;0;0;0;0;5;0;0;8;0;10;0;0;0;0;0;0;0;0;13;0;2;0;2;18;0;2;1;7;0;0;0;0;0;0;0;4;0;0;5;1;1;7;2;0;5;0;0;0;2;0;0;5;7;0;0;0;0;0;2;0;0;9;0;0;2;0;0;0;5;0;9;5;0;1;2;0;0;5;0;0;0;3;3;0;0;0;0;0;0;0;0;3;1;0;0;0;0;0;0;0;0;0;0;0;1;2;9;1;0;0;0;3;0;0;3;5;4;0;1;2;0;0;227;71;80;14;58;0;17;68;50;69;51;904;0;2;22;31;23;32;77;0;25;22;16;37;25;0;42;16;49;12;3;22;46;43;26;55;49;21;29;20;44;37;97;4;5;43;3;0;0;0;2;0;9;0;10;6;0;0;0;3;0;4;0;0;0;8;0;0;3;1;2;0;2;0;0;0;3;3;2;0;0;0;0;1;0;2;2;0;1;0;0;1;3;0;3;0;0;3;0;1;0;0;0;3;0;22;1;3;1;0;0;0;0;0;5;0;10;1;0;0;1;0;0;0;6;0;24;0;0;5;0;2;0;5;0;4;5;0;44;10;0;2;0;0;0;0;0;0;0;1;2;0;0;3;0;0;0;3;0;0;5;0;4;4;4;3;1;4;0;0;0;0;4;0;0;0;0;2;0;1;2;0;0;9;3;0;0;0;2;0;2;0;0;0;0;0;0;0;0;2;2;0;0;0;1;0;0;0;0;0;3;4;1;0;0;4;0;0;2;0;0;3
08211000;2;0;0;0;0;2;5;2;0;0;0;0;3;0;0;4;0;0;0;0;0;0;0;0;0;0;0;0;0;0;0;0;0;0;2;0;0;0;0;1;0;0;0;1;0;0;0;3;1;0;0;0;0;2;0;0;0;2;2;0;0;0;0;0;2;1;0;0;0;0;0;0;0;0;0;2;0;1;0;1;0;3;0;2;1;0;0;0;0;1;0;1;0;0;0;0;0;1;3;0;0;6;0;0;5;2;0;0;0;0;0;0;0;3;0;0;0;14;0;3;2;0;0;0;0;0;0;0;2;0;1;0;0;0;0;4;0;0;0;0;0;0;1;0;0;0;0;0;1;1;0;0;0;0;1;1;0;1;1;0;0;0;8;0;5;2;5;1;0;0;2;0;0;0;4;0;2;1;0;0;0;4;10;0;0;0;2;0;0;0;0;0;0;0;0;0;9;0;0;0;0;3;0;0;1;3;0;0;5;0;0;0;3;2;0;0;0;2;0;4;1;0;2;19;0;0;0;0;0;0;0;0;0;1;2;2;4;0;0;0;0;0;0;0;0;0;0;0;0;1;4;5;0;0;0;0;0;0;0;0;0;0;0;0;0;0;1;0;0;0;1;0;0;0;0;0;2;0;0;0;0;4;0;0;0;0;0;2;0;1;0;0;0;1;1;0;0;0;0;1;0;0;0;0;5;0;0;1;0;0;1;0;1;0;3;0;0;0;3;1;0;1;0;0;0;0;0;0;3;0;1;0;3;0;1;0;0;0;0;0;0;0;5;3;1;1;0;4;0;0;0;0;0;0;0;1;0;1;0;1;0;0;0;0;0;0;0;0;2;0;0;0;0;5;2;0;0;1;2;0;0;0;2;0;0;0;0;0;0;0;0;0;0;0;0;0;0;0;0;0
08212000;5;4;4;0;1;0;0;8;4;1;0;0;2;4;1;20;0;0;0;1;0;0;0;0;0;0;0;1;3;0;2;0;0;2;0;2;1;10;0;0;0;0;0;0;0;0;0;0;3;4;0;1;0;2;0;0;0;0;0;0;0;0;3;33;0;0;6;2;7;0;0;0;0;0;2;0;0;0;16;72;0;0;0;4;2;0;5;1;0;0;0;6;0;0;7;0;0;1;0;0;1;0;4;0;0;0;1;3;1;0;0;0;0;4;0;0;0;18;10;0;0;0;10;0;0;0;0;0;0;0;0;0;0;0;0;0;0;0;2;1;0;0;0;0;2;2;1;0;0;0;13;2;8;6;4;0;0;3;0;0;17;0;15;0;4;0;0;3;0;0;4;159;0;0;38;0;0;8;96;22;77;8;0;41;19;0;0;26;10;0;0;41;0;946;137;0;15;20;1332;0;56;0;2;0;3;6;47;2;0;9;29;0;13;37;0;27;29;10;40;15;10;0;1;215;1;0;0;0;8;3;1;0;7;5;0;0;4;2;28;3;1;4;5;0;1;0;0;0;0;1;1;3;0;0;0;2;0;0;12;1;4;0;3;0;0;0;1;2;0;1;1;3;0;1;2;1;2;0;1;3;0;0;1;0;5;0;0;4;0;0;0;0;1;0;0;4;0;0;0;0;0;0;0;0;21;2;2;3;0;0;1;0;0;0;6;0;0;10;8;0;0;0;2;0;100;0;0;4;4;0;2;0;0;1;0;0;0;0;1;0;0;0;0;0;0;0;1;6;0;3;1;0;0;0;2;0;0;0;0;1;2;48;0;0;0;0;0;0;1;1;2;0;1;1;2;0;0;0;0;3;0;0;0;3;0;0;0;0;0;0;0;1;0;0;1;4;2;0;0;0
08215000;0;0;0;2;0;6;6;0;0;8;0;0;10;0;1;6;1;2;0;0;1;1;0;0;0;0;5;0;0;1;0;0;1;0;5;0;0;0;0;0;0;2;5;0;6;3;0;0;4;0;5;0;0;0;0;0;0;0;0;2;7;9;11;5;0;0;2;8;0;4;0;1;3;0;0;0;0;0;0;8;0;0;0;13;13;4;4;0;0;0;1;6;0;0;0;3;0;1;2;2;1;5;0;0;11;9;2;5;2;0;0;5;1;3;0;0;0;37;0;0;29;8;0;7;6;10;2;0;2;0;1;0;8;4;0;7;0;5;13;0;1;0;0;0;0;0;0;0;0;0;0;3;0;0;3;8;0;0;0;0;18;0;20;17;10;15;1;0;0;5;2;103;9;10;28;0;13;17;53;18;0;0;0;8;20;0;6;19;0;0;0;26;0;0;109;0;39;1;0;0;70;200;21;0;12;0;0;6;0;0;11;21;0;0;0;8;15;6;0;2;31;0;2;25;1;0;0;7;0;0;0;8;2;0;1;0;0;0;0;0;2;0;8;0;0;0;0;0;0;3;0;0;0;0;0;3;0;0;2;0;0;0;6;0;3;4;1;8;2;2;0;2;0;5;5;1;1;4;1;1;2;0;0;0;0;5;0;1;2;0;0;6;0;0;8;0;0;0;4;11;0;0;1;1;0;2;3;0;2;5;7;2;0;1;3;7;6;2;0;2;0;0;0;2;0;0;0;1;6;0;1;5;8;0;0;5;4;2;1;0;0;5;4;4;0;11;0;0;4;5;6;0;0;0;3;0;0;0;10;6;0;7;4;1;0;1;1;0;5;2;0;0;0;0;1;1;4;2;3;0;1;0;0;0;1;1;0;0;4;0;1;0;3;1;1;2;0;2;2;1
08216000;0;0;0;1;2;0;4;0;0;0;0;2;5;0;0;2;0;0;0;0;0;0;0;0;0;0;7;1;0;0;0;3;1;0;0;3;0;0;1;0;0;1;0;0;1;0;0;3;0;2;11;0;2;6;0;6;0;0;0;0;0;2;1;2;0;2;4;4;1;0;5;6;4;0;0;0;2;0;0;4;3;3;1;0;0;0;5;1;3;0;2;4;2;1;0;0;0;0;13;0;0;3;4;0;4;0;4;1;2;2;0;0;0;3;2;0;4;0;0;0;9;9;8;0;11;0;3;5;1;5;0;5;0;6;0;0;0;1;1;2;2;0;3;0;6;0;0;0;0;0;1;0;4;2;0;0;0;4;0;1;9;1;5;14;15;0;4;2;2;4;0;20;10;2;8;10;1;6;12;0;0;0;0;6;5;0;2;2;0;0;0;54;0;0;0;0;31;0;0;0;0;0;7;0;0;0;237;0;0;0;0;14;6;0;0;4;7;0;3;1;0;0;3;0;0;3;0;0;1;0;1;0;0;6;0;0;0;5;7;0;0;0;0;0;0;0;0;0;1;0;0;0;0;2;1;1;3;0;0;0;0;0;7;0;4;0;0;0;0;0;0;0;0;0;0;3;0;2;0;0;0;2;1;0;0;0;0;1;3;0;0;0;0;0;0;5;0;0;0;0;2;0;0;0;0;0;0;0;0;1;0;0;7;0;0;1;2;1;4;3;0;0;0;7;32;0;0;0;0;0;5;1;0;0;0;0;0;1;0;0;0;1;1;3;0;0;0;1;0;2;0;0;0;0;3;2;2;8;1;2;0;6;0;5;0;0;0;1;0;0;1;2;1;0;0;0;0;1;0;0;6;1;0;1;0;2;1;0;0;0;1;0;0;0;0;0;0;2;0;0
08221000;5;0;2;0;0;1;0;2;0;0;0;4;0;0;4;34;10;0;0;1;0;0;0;0;3;0;19;1;0;0;1;0;0;0;2;0;0;0;0;0;0;7;0;0;0;0;1;0;0;0;0;0;2;0;0;0;0;0;0;0;3;2;0;22;1;0;7;0;0;0;0;1;4;0;0;0;0;0;19;40;0;34;4;0;0;3;1;0;0;0;0;0;0;0;0;0;0;0;0;2;5;0;0;0;0;0;0;0;0;0;0;0;0;3;0;5;18;65;1;20;0;0;0;0;0;0;3;0;0;0;0;0;0;0;0;5;4;5;0;0;0;4;2;0;0;0;0;0;2;0;0;0;0;5;0;0;0;2;0;0;0;0;34;0;1;0;0;0;0;9;3;0;1;0;0;0;0;5;766;630;352;109;324;260;94;323;64;104;71;135;0;60;894;845;143;0;444;86;1641;87;173;121;77;0;81;87;261;54;103;109;110;129;70;160;113;117;99;170;88;96;200;0;2;100;8;0;0;0;0;1;0;0;4;2;0;1;0;0;0;0;0;0;0;0;7;4;0;3;0;0;1;0;0;1;0;0;5;0;5;0;0;0;0;0;0;0;0;1;0;1;0;1;0;4;0;0;0;0;1;1;4;1;4;5;0;0;2;0;0;0;0;0;0;0;0;1;2;4;0;1;2;0;0;4;14;0;5;1;1;2;0;0;2;0;0;0;2;0;0;0;0;0;0;0;95;0;0;0;4;0;0;2;0;1;0;0;0;0;5;1;0;0;2;0;0;5;0;0;1;0;0;5;0;0;0;0;0;0;0;1;0;54;0;0;0;0;3;0;0;0;1;0;0;0;0;0;0;0;0;0;0;1;0;0;0;5;0;0;0;0;1;0;0;0;1;2;1;0;0;1
08222000;0;34;4;0;0;0;6;2;0;0;0;2;5;0;3;47;0;0;2;0;3;0;0;1;0;0;22;0;0;0;0;1;1;4;0;0;6;0;2;0;0;1;0;3;0;0;1;0;2;0;2;0;0;0;0;0;2;0;1;0;0;0;0;57;0;12;0;4;0;0;0;5;0;0;3;0;0;9;24;33;0;0;1;8;0;1;0;0;14;0;0;4;0;6;6;0;3;3;0;0;0;0;0;0;2;0;0;10;2;0;3;0;0;2;0;6;4;171;0;13;177;6;0;0;0;4;0;2;0;3;7;0;0;0;2;0;0;0;1;0;6;0;0;10;0;0;1;0;0;0;0;0;0;0;4;1;3;0;3;0;14;43;13;39;0;0;0;0;2;72;0;0;12;3;17;79;0;0;37;0;0;0;0;0;0;0;6;0;0;0;0;0;0;0;0;0;0;0;206;5;0;0;0;0;0;0;0;0;0;0;32;18;0;0;0;0;19;0;0;0;0;0;0;129;3;4;6;0;1;3;5;6;9;0;3;5;4;4;0;1;1;5;0;0;0;1;0;1;0;3;0;0;0;0;0;3;0;1;0;1;0;0;1;0;2;2;1;0;0;1;3;0;0;3;2;0;0;1;3;0;0;2;5;7;4;0;0;4;3;0;0;0;4;0;6;0;0;0;0;4;2;0;0;0;5;0;0;1;1;0;0;0;2;5;0;0;0;0;0;0;0;0;0;0;77;0;0;0;0;5;3;0;0;3;0;0;2;0;0;0;0;0;0;0;0;0;8;1;1;0;2;3;0;4;13;0;0;0;0;0;0;10;11;0;3;0;3;0;0;0;0;2;0;2;0;0;6;0;6;1;0;0;0;1;0;0;0;0;2;2;0;0;2;0;3;0;4;0;0;0
08225000;1;1;0;0;0;2;1;0;1;0;3;1;3;0;1;8;5;2;0;1;0;0;1;0;0;0;3;1;0;3;0;0;0;0;5;0;0;0;1;0;2;1;1;0;0;0;0;0;0;1;6;3;0;0;0;0;1;3;0;0;2;0;1;3;0;3;0;0;1;0;5;0;0;0;1;4;1;0;5;3;3;0;1;0;2;0;0;1;3;0;0;2;5;0;0;0;0;0;6;4;0;4;0;0;0;0;0;3;0;0;7;0;1;0;0;2;9;24;0;0;9;0;3;0;0;0;0;0;0;0;1;5;0;0;0;2;4;0;3;0;0;4;0;0;4;0;2;1;2;0;5;0;7;2;1;0;0;0;0;0;0;8;4;0;0;0;0;0;0;2;0;7;2;3;4;6;0;9;0;0;0;0;0;0;0;0;3;3;1;0;4;3;0;0;1;0;25;0;0;0;6;7;5;0;0;0;0;1;0;0;0;4;0;0;6;5;9;0;2;0;0;0;0;0;0;0;1;0;0;2;0;0;3;0;2;0;1;1;0;0;2;1;4;1;1;0;0;4;2;1;1;2;2;0;0;0;1;1;3;1;0;2;0;0;0;0;0;0;0;0;0;0;0;0;0;0;0;0;0;5;0;0;2;0;0;2;1;0;0;1;0;1;0;3;23;0;5;1;0;0;0;0;0;0;8;3;1;0;0;0;0;0;0;0;1;3;1;0;11;0;22;3;5;4;0;0;1;0;1;0;0;0;0;1;2;3;2;0;0;0;0;0;0;5;2;3;1;1;2;0;1;5;5;0;4;0;2;0;1;3;2;1;0;11;0;0;1;0;0;0;0;2;0;0;3;0;0;0;2;0;0;2;1;1;1;1;0;0;1;0;0;1;0;0;0;0;0;0;1;0
08226000;5;0;6;0;9;0;9;3;1;10;0;9;8;5;6;17;4;1;5;4;1;0;0;4;4;0;0;0;0;0;0;0;1;0;8;7;0;0;1;0;1;4;0;2;1;0;10;0;2;0;8;0;0;6;0;1;0;0;0;0;5;1;0;0;0;0;6;0;3;0;0;0;0;0;0;0;0;0;0;10;0;0;3;9;0;0;5;0;16;0;8;2;6;0;0;0;0;0;0;2;3;9;12;0;3;0;3;0;5;5;0;7;2;0;0;0;6;65;1;26;96;0;0;0;0;0;0;0;0;0;12;0;7;0;0;1;0;0;0;0;0;3;3;0;4;0;5;2;4;0;0;0;0;9;2;2;0;4;0;0;7;0;19;15;9;26;0;0;6;61;0;22;0;4;39;48;0;8;151;32;108;1;43;41;39;115;32;65;11;0;0;17;0;223;80;0;0;7;0;30;48;46;23;0;37;43;108;41;22;21;67;73;17;29;0;54;11;36;22;44;51;0;4;90;0;10;11;0;0;0;2;0;14;1;0;0;6;0;0;0;0;1;0;4;3;0;0;3;0;0;5;0;1;0;3;3;0;0;1;1;0;0;0;0;0;11;2;0;0;2;1;2;0;0;2;0;4;1;0;3;1;0;0;15;0;1;1;0;0;0;0;0;0;0;18;0;0;0;2;1;8;9;0;3;9;1;0;3;4;0;0;0;5;1;4;0;0;7;10;0;15;2;1;1;0;0;2;0;0;2;0;0;2;1;4;1;1;0;0;2;4;0;0;0;0;0;0;2;5;2;5;0;3;3;8;0;0;0;0;0;0;5;5;0;2;0;7;0;0;3;4;3;5;3;0;0;5;2;10;0;0;0;0;6;0;0;2;6;0;0;0;0;0;0;0;2;0;2;1;0
08231000;0;1;0;0;3;4;0;2;0;3;0;3;1;0;1;2;0;0;3;1;3;0;2;0;0;0;3;2;0;0;0;0;0;0;5;0;0;1;0;2;0;0;0;1;0;0;0;0;0;0;2;2;0;2;2;2;0;4;4;3;8;0;0;3;12;5;0;12;8;0;0;0;0;0;0;2;2;0;2;0;0;3;0;0;1;1;4;1;0;1;0;1;2;0;6;0;10;5;9;0;0;3;0;0;0;0;0;0;0;2;2;0;0;0;0;0;0;20;6;3;19;0;3;0;5;0;1;11;4;0;1;2;3;0;0;0;5;0;0;0;0;0;0;2;2;6;1;3;6;0;1;0;0;5;0;3;1;2;1;0;1;17;0;1;2;5;0;0;3;0;0;1;2;2;5;3;1;4;23;0;26;0;13;0;9;8;7;0;2;0;0;5;36;63;11;0;0;2;0;0;0;293;2;0;0;4;5;1;0;0;22;0;1;0;0;0;6;6;1;2;7;0;0;0;1;0;7;0;2;0;0;2;4;5;1;8;0;0;0;1;0;2;3;0;0;1;0;0;0;0;0;0;0;0;3;1;0;0;2;0;1;0;0;0;9;0;0;0;1;1;0;0;0;5;0;0;0;0;3;1;0;0;1;0;0;0;0;3;1;0;0;3;2;0;2;1;0;0;3;0;4;0;0;1;2;1;5;0;2;1;0;2;0;8;0;0;0;0;0;0;4;0;2;0;0;0;0;0;5;0;0;0;3;0;2;0;0;0;6;0;2;0;4;0;0;1;3;1;0;0;0;5;0;0;4;0;0;0;0;1;2;3;0;2;0;0;0;0;0;3;1;0;0;2;2;0;0;1;2;1;0;0;0;0;0;0;0;0;0;1;1;0;0;0;0;0;0;1;1;0
08235000;0;11;3;0;0;0;0;0;0;0;0;0;0;2;0;6;1;0;0;2;0;0;0;0;0;0;0;0;0;0;1;0;2;0;3;1;1;0;0;0;1;0;2;0;1;0;4;3;0;1;1;3;0;1;0;0;0;0;0;0;1;0;1;6;0;1;3;1;4;0;12;3;0;0;0;3;0;1;3;2;0;0;2;0;3;0;0;5;4;1;0;0;0;5;1;0;1;0;4;0;0;0;0;1;9;0;4;2;6;0;0;8;1;0;4;0;3;2;0;0;6;0;0;0;1;2;3;0;0;0;0;0;1;0;2;0;0;0;0;0;0;0;0;3;0;0;0;2;0;1;2;0;0;3;0;1;2;5;0;0;4;0;7;1;0;5;0;2;5;0;2;4;3;0;3;0;7;3;0;0;0;0;0;22;0;4;0;14;0;0;0;2;0;0;39;0;12;0;0;68;0;0;78;0;14;10;9;1;0;13;24;0;0;28;0;30;0;4;13;12;2;0;2;10;6;0;1;0;7;0;0;0;0;0;0;0;0;5;8;0;4;2;3;3;4;0;0;0;0;4;0;0;7;0;0;0;1;3;5;0;0;0;0;1;0;0;0;3;0;1;0;0;2;1;4;4;0;6;0;0;0;5;0;1;1;0;0;0;0;0;0;0;1;1;7;1;0;0;3;2;0;0;0;0;4;1;1;0;0;8;2;1;0;0;0;1;1;9;7;10;0;0;4;0;0;0;1;1;0;2;0;0;1;1;0;2;0;0;5;0;1;1;0;0;0;0;2;0;5;0;0;3;12;2;0;0;5;5;0;8;0;9;7;0;2;0;0;2;1;0;0;0;0;0;0;0;0;0;0;1;4;0;0;3;1;0;0;2;2;0;0;0;4;1;0;5;0;3;0;0
08236000;0;3;0;0;3;0;0;7;0;0;1;1;0;0;0;15;0;2;0;0;0;0;4;0;0;0;0;3;3;10;1;0;0;0;0;4;1;0;1;9;1;1;1;2;0;0;0;0;0;0;2;0;1;8;0;8;2;0;0;1;0;0;3;0;7;1;7;0;0;0;0;0;0;0;4;0;0;0;3;16;0;0;5;18;1;4;0;3;1;0;0;1;0;0;1;0;0;0;6;0;0;0;4;0;0;2;0;2;0;0;2;4;0;0;0;0;1;9;0;0;1;0;1;0;9;6;0;0;1;0;3;0;2;0;0;0;0;0;2;2;1;0;1;0;4;3;1;0;0;5;0;0;1;0;0;3;0;0;0;6;4;0;5;0;3;4;0;0;2;0;10;4;0;0;11;8;6;0;0;0;4;0;0;0;0;17;5;1;4;0;0;0;59;0;1;0;17;0;0;0;2;0;2;0;0;0;1;8;0;0;4;10;9;9;0;10;11;6;0;18;8;0;0;33;1;2;3;0;1;0;0;0;11;2;3;0;0;2;3;0;8;0;7;8;4;4;1;0;1;0;1;2;0;0;0;1;0;0;0;0;0;0;0;0;2;0;0;0;2;0;0;0;0;2;4;2;2;0;0;2;1;2;0;3;0;4;0;1;3;1;0;0;0;0;3;1;1;0;2;2;1;2;1;0;5;0;3;0;0;1;0;0;2;0;10;2;0;1;8;0;14;0;0;1;6;1;0;1;1;0;7;0;0;0;1;0;2;0;2;0;0;0;1;0;0;1;0;9;0;1;0;0;0;0;0;5;0;1;1;3;0;9;5;0;4;0;0;0;2;0;0;0;3;0;0;0;0;10;0;0;0;1;0;0;0;3;0;0;0;0;0;4;0;1;0;0;1;3;1;0
08237000;0;0;1;1;0;0;3;0;0;3;0;2;0;0;0;16;0;1;2;1;2;2;0;0;0;0;0;1;0;5;0;0;3;0;1;2;0;0;0;0;0;2;0;0;0;0;0;0;1;1;2;0;0;1;0;1;2;0;2;0;0;1;4;1;1;6;1;0;0;0;7;0;0;0;5;14;2;0;0;0;0;0;3;0;3;1;0;0;0;1;0;0;0;0;1;5;0;1;0;0;0;1;0;0;1;1;0;0;1;2;0;4;0;1;0;1;0;11;2;0;6;0;1;3;0;6;2;0;0;0;0;0;4;2;0;5;0;4;3;0;0;0;5;0;0;0;0;0;1;0;0;0;8;0;1;1;2;2;0;0;0;13;1;2;0;0;1;0;0;1;0;2;0;0;1;1;0;1;25;0;0;1;0;11;4;0;8;0;3;0;0;1;0;0;0;0;6;0;0;0;0;0;0;0;6;0;26;118;20;0;29;2;0;0;0;22;2;0;0;0;0;0;4;18;3;0;0;0;0;2;0;0;2;0;4;0;0;0;13;0;0;4;0;0;3;5;0;2;0;2;0;0;0;1;2;0;0;0;0;0;0;4;2;0;7;0;0;1;1;4;1;0;0;0;6;0;1;0;0;0;0;0;1;1;4;2;0;0;1;0;0;5;0;0;0;0;0;1;0;0;4;4;0;3;0;0;0;1;2;0;2;4;0;0;0;0;0;0;0;0;2;2;1;0;0;4;0;1;1;0;1;3;0;6;0;2;0;0;3;0;2;1;0;1;1;0;3;2;0;0;0;0;5;3;1;0;0;0;6;0;0;4;4;3;0;3;5;1;0;0;0;0;3;0;0;0;0;1;0;0;0;2;0;0;0;0;0;0;0;0;0;0;0;0;4;1;1;0;0;0
08311000;0;0;0;2;0;0;1;0;3;3;4;0;1;2;3;31;0;0;0;1;0;0;0;0;0;0;0;0;4;0;0;2;0;0;1;0;0;0;0;3;0;0;0;0;0;5;0;0;0;0;0;0;0;1;0;0;0;0;0;2;0;3;0;0;0;0;3;0;0;0;0;0;0;0;1;0;0;3;0;39;0;0;0;0;1;2;0;0;0;1;0;0;0;0;0;4;0;0;1;0;1;0;0;6;0;0;0;5;5;0;6;0;6;2;0;0;3;2;12;0;0;0;0;4;0;0;3;0;0;0;0;3;0;0;0;5;0;0;0;0;2;1;0;4;4;3;0;0;0;2;0;0;0;0;0;5;0;0;0;0;0;0;20;0;0;0;2;0;0;0;0;0;0;0;0;7;2;0;200;68;74;35;86;115;23;75;29;21;2;29;158;24;99;7;21;272;61;18;39;24;54;40;8;0;936;573;147;32;88;0;14;149;62;41;0;74;27;25;27;43;32;30;0;8;2;0;0;0;7;2;0;0;2;0;0;0;0;3;0;3;0;0;0;0;0;0;1;0;0;0;1;1;0;0;0;0;4;0;0;0;0;1;0;1;0;2;0;0;0;0;2;2;1;0;0;0;2;0;0;0;0;0;2;18;0;0;0;7;0;3;0;0;1;0;0;0;3;0;3;2;3;0;0;5;10;0;1;0;0;0;0;3;1;0;1;0;0;0;0;1;6;3;4;0;0;6;0;0;0;8;0;0;1;3;0;0;0;1;0;0;0;3;0;0;0;3;0;1;0;4;0;3;0;0;6;2;14;2;0;0;2;56;0;6;0;6;0;2;0;0;0;4;0;0;0;1;0;1;0;0;0;1;0;0;1;0;0;0;0;0;1;0;1;0;0;3;0;0;0;0
08315000;2;0;1;0;0;0;0;4;5;4;0;0;5;0;0;0;0;0;0;0;0;2;0;0;0;0;0;0;5;7;0;0;1;1;0;0;1;0;3;2;3;0;0;0;0;0;1;2;2;4;9;13;0;3;0;12;0;3;0;9;2;0;0;0;0;0;3;0;0;2;0;7;0;0;5;3;0;0;0;13;0;0;4;10;1;1;0;4;0;0;0;0;5;0;6;3;0;2;0;0;0;3;0;0;0;0;0;1;2;0;2;0;0;0;0;0;3;7;2;4;2;2;3;0;5;8;0;0;3;2;8;0;0;2;0;3;0;0;7;0;0;0;0;0;0;0;0;0;0;0;3;0;0;0;0;1;3;1;0;0;0;0;0;1;4;0;0;0;5;0;0;0;4;5;8;2;0;0;57;0;2;0;15;0;0;6;0;0;0;0;0;0;0;0;5;0;6;2;0;8;0;1;0;0;0;195;86;31;79;4;3;116;0;6;0;15;0;6;0;6;2;0;3;31;0;3;0;0;4;0;0;0;0;0;0;7;0;0;0;0;0;6;1;0;0;0;1;1;3;0;0;1;0;3;3;0;0;0;2;0;0;0;0;0;0;0;0;0;3;1;0;3;1;0;0;2;1;0;1;2;0;0;0;0;0;4;0;0;0;1;1;0;3;1;1;0;2;0;3;0;0;0;0;1;0;0;0;0;0;0;0;1;0;0;0;4;0;2;4;0;0;0;6;0;0;3;0;4;3;0;0;0;3;1;2;1;6;0;0;0;0;0;2;0;0;0;0;0;0;0;7;0;2;5;4;0;0;1;2;5;0;3;2;1;1;0;2;1;2;0;0;6;0;3;0;4;0;2;0;0;0;3;0;0;3;0;0;0;2;4;0;0;1;1;0;0;0;1;3;0
08316000;0;2;3;0;3;5;5;3;0;4;0;0;1;5;1;0;1;0;0;0;0;0;0;0;0;0;4;0;0;1;0;0;0;1;4;0;0;0;0;5;3;0;0;0;0;0;0;0;0;0;3;0;1;2;0;0;0;1;2;0;0;0;2;4;8;3;3;0;0;2;6;0;2;0;3;5;5;0;7;16;0;0;0;0;0;0;1;1;0;0;2;2;0;0;1;0;2;0;0;4;0;9;2;0;0;4;0;2;0;0;5;0;0;3;0;3;0;9;2;0;7;0;0;0;0;0;0;0;0;0;2;0;0;0;3;0;0;0;0;0;0;0;0;1;0;1;0;0;1;0;0;2;0;0;1;0;2;3;0;0;0;0;0;1;7;0;0;1;0;0;3;7;1;0;4;0;0;0;5;0;9;0;0;0;0;12;0;2;0;0;0;0;0;10;2;0;0;0;0;0;0;0;5;0;0;0;321;11;59;4;12;12;6;0;0;13;1;7;0;0;0;0;2;13;0;0;1;5;2;2;0;1;0;0;4;0;1;0;0;0;0;4;4;0;0;2;0;0;1;0;0;0;3;0;1;0;0;0;2;0;0;0;0;1;1;1;1;0;1;0;0;0;0;0;0;1;0;1;0;0;2;0;0;6;1;0;3;0;0;0;3;1;1;0;1;0;3;1;0;0;0;0;0;7;0;0;0;0;0;2;1;5;0;0;0;0;0;0;0;0;0;3;1;0;0;0;0;0;0;0;4;2;0;1;3;0;0;0;0;0;0;1;0;1;1;2;5;8;2;1;2;0;1;0;1;3;0;0;2;0;0;0;0;0;0;1;0;0;0;5;3;3;0;6;0;0;0;0;4;0;0;1;0;0;0;1;3;2;0;1;0;0;0;0;0;0;0;0;0;1
08317000;0;2;0;0;0;0;1;6;3;2;7;0;10;1;2;4;11;0;0;1;1;1;0;0;0;0;18;0;6;0;0;1;0;0;0;0;2;2;0;1;0;0;3;4;1;0;0;1;0;0;4;0;2;7;0;2;0;7;1;0;0;5;0;3;0;10;2;0;0;1;10;0;0;10;5;1;2;12;18;10;6;0;0;0;11;0;5;0;0;0;0;3;0;0;0;0;4;0;9;0;1;0;0;0;0;0;0;3;0;2;3;0;0;0;2;1;1;45;6;3;0;0;0;0;0;0;0;0;0;0;8;0;0;4;2;0;0;0;7;0;0;1;0;0;2;0;3;2;5;0;5;9;0;0;0;0;0;0;0;0;0;14;11;2;4;0;1;0;0;3;0;3;2;2;0;0;0;5;62;0;0;0;13;0;0;0;0;0;0;0;0;42;0;32;0;0;19;3;0;0;0;0;0;0;0;0;0;28;0;17;4;21;0;15;0;0;0;7;1;0;0;0;0;0;1;0;0;0;0;0;0;0;0;0;0;5;2;0;0;0;0;0;1;7;0;0;0;4;0;0;0;0;0;0;0;2;0;2;0;1;0;0;0;1;4;0;0;0;2;1;0;0;0;0;0;2;3;6;2;3;0;0;1;0;0;0;0;0;1;0;0;0;7;0;0;0;2;0;0;0;0;0;0;0;14;7;9;5;0;3;2;0;9;0;0;13;3;0;0;0;0;1;0;0;1;0;0;1;0;0;8;0;4;7;0;0;0;0;0;1;0;0;2;6;0;7;0;0;0;1;3;4;0;0;0;0;10;0;0;0;0;0;3;0;1;0;11;1;7;0;0;0;1;4;0;0;0;0;0;5;0;0;0;0;0;2;0;0;2;0;0;0;1;0;5;0;1;0;8;1
08325000;0;0;0;0;0;0;0;1;5;6;0;0;0;0;0;18;0;0;0;0;0;2;0;4;0;0;0;5;1;2;0;0;3;6;2;1;0;0;3;0;1;0;0;0;0;0;0;1;7;1;3;7;6;2;0;0;2;0;0;0;0;3;0;1;1;5;0;0;1;0;1;0;11;2;12;0;1;2;4;4;1;0;3;0;0;4;0;0;0;2;1;6;4;0;3;0;1;0;1;0;0;0;0;0;1;2;2;5;12;0;0;0;0;0;0;0;2;12;0;3;10;0;1;0;1;0;0;0;0;0;2;0;0;1;1;0;0;0;2;2;0;0;5;1;0;0;0;2;2;0;1;0;2;0;0;0;0;1;0;0;0;2;0;0;2;0;1;0;0;0;0;3;2;1;1;0;1;0;16;0;0;0;0;6;0;11;3;8;2;0;0;11;0;0;16;0;15;0;0;0;0;0;0;0;0;0;0;0;56;0;21;0;0;0;12;0;0;0;0;26;3;0;0;20;0;0;1;5;4;0;0;0;3;4;3;3;0;0;0;0;0;5;0;8;2;0;0;0;1;5;1;0;4;0;4;0;1;0;0;0;4;0;0;0;1;3;0;0;0;0;1;1;0;0;0;0;0;0;0;3;0;0;1;0;0;0;0;0;1;3;2;1;1;0;4;5;0;0;1;0;0;0;0;1;0;1;0;0;2;0;7;0;4;0;4;0;0;1;4;0;0;0;0;0;0;0;0;0;1;0;0;0;3;0;0;0;0;0;1;0;3;2;1;1;0;0;0;1;0;4;4;5;0;1;0;0;0;1;0;0;3;7;0;0;0;2;1;0;0;0;0;2;1;0;0;0;0;0;1;0;0;0;0;0;0;0;2;0;2;0;0;0;0;1;0;0;0;0;0;1
08326000;1;2;1;0;0;0;1;0;11;1;0;4;0;1;0;1;0;0;0;0;0;0;3;0;2;0;31;0;0;0;0;0;1;1;0;0;0;1;0;2;2;0;1;0;3;0;0;0;0;1;0;1;0;0;0;2;0;0;0;0;1;0;0;0;23;5;0;3;2;10;0;0;0;2;1;0;1;1;0;12;0;0;0;0;5;2;0;1;0;0;0;0;0;4;6;0;0;5;0;0;1;2;2;1;2;4;0;0;0;0;0;7;0;0;6;0;2;14;2;0;6;0;0;0;0;0;2;5;0;2;0;0;0;0;0;0;2;4;3;0;0;0;0;0;1;0;2;0;1;4;11;5;1;0;0;0;1;0;0;0;0;16;0;0;1;2;2;0;0;1;3;2;0;1;2;0;0;0;71;8;0;0;13;11;0;0;0;0;1;0;0;0;7;22;10;0;12;10;0;2;0;4;0;0;0;0;12;0;0;0;50;7;0;0;0;37;7;7;0;6;19;0;0;3;0;0;1;7;2;4;0;0;4;0;0;4;0;0;8;0;0;10;0;0;1;2;2;0;0;1;0;0;0;0;3;0;0;0;5;0;0;0;0;0;0;1;0;2;0;3;0;3;0;0;1;1;0;0;3;0;2;3;0;0;0;0;0;0;0;0;0;0;0;0;0;6;0;0;0;0;3;0;2;0;14;7;2;3;1;4;4;10;1;0;0;1;2;0;0;0;0;0;2;2;0;3;4;0;0;5;0;0;2;0;3;0;1;0;0;0;0;11;0;1;0;0;2;0;0;2;0;0;0;0;6;0;9;0;1;0;0;1;2;0;0;0;1;0;1;2;1;2;2;0;0;0;0;0;2;0;0;0;0;0;0;0;0;0;0;0;0;0;0;0;0;1;2;1;0;2
08327000;0;1;1;2;1;3;1;3;2;1;0;6;1;0;2;4;0;0;0;0;0;0;0;0;0;0;9;4;0;0;1;0;0;0;0;0;0;0;1;0;0;1;0;1;0;2;1;0;0;0;0;1;1;0;4;0;0;2;0;5;0;5;1;3;2;0;0;1;0;0;0;0;0;3;4;0;1;1;0;8;1;0;0;0;1;0;0;0;1;0;6;6;2;0;6;0;0;2;1;0;10;0;0;0;0;0;0;0;0;4;1;0;2;0;0;1;7;9;0;0;0;0;0;0;2;1;0;3;3;4;2;0;0;0;0;3;0;0;2;6;3;0;2;1;0;0;6;1;2;2;2;0;10;0;1;2;0;0;0;6;0;0;1;5;0;0;0;0;3;1;0;0;0;6;1;1;0;5;26;0;12;0;9;6;0;3;1;2;0;0;0;2;0;1;12;0;5;6;0;2;0;1;4;9;0;0;0;20;68;0;0;8;0;0;0;0;9;3;0;6;1;0;0;12;0;0;0;0;0;0;0;2;0;7;0;1;0;0;4;0;0;2;0;0;0;0;1;2;0;1;0;0;0;0;0;8;3;0;1;2;2;0;0;0;0;0;0;5;1;0;5;0;0;0;0;1;2;1;2;1;1;0;1;0;0;0;0;0;2;0;1;0;3;3;6;0;0;0;0;4;0;1;0;3;0;0;0;0;0;0;0;0;9;0;7;3;0;2;0;0;0;0;0;1;1;0;1;0;2;0;0;0;0;0;0;0;2;1;0;0;0;0;0;0;2;2;0;1;11;0;0;0;4;0;2;1;0;0;0;2;0;0;1;0;2;0;1;0;0;0;0;0;0;0;0;1;0;0;1;1;0;0;1;0;0;0;0;0;0;2;1;1;0;0;0;1;0;1;1;0
08335000;4;0;0;4;8;0;0;3;0;1;0;0;0;0;0;0;0;2;3;0;0;3;8;0;0;0;0;4;3;0;0;0;3;4;7;0;1;1;0;0;0;0;1;0;0;2;0;0;0;2;0;1;0;1;0;0;2;0;0;0;3;0;0;0;8;0;0;10;11;1;0;0;0;0;0;0;0;0;5;0;0;8;0;0;0;0;4;4;0;0;0;0;0;1;0;0;0;0;0;0;0;0;0;0;0;0;0;3;1;0;0;0;0;0;0;0;0;5;0;13;0;0;2;0;0;0;2;1;0;0;8;0;0;0;0;3;0;0;0;0;5;0;1;0;0;0;0;0;0;8;1;0;0;6;2;0;0;3;0;0;2;1;17;0;0;0;0;0;0;3;0;0;0;0;0;2;4;2;0;0;0;0;0;0;1;0;0;6;14;0;0;15;0;0;8;0;0;7;0;0;0;0;0;0;0;0;0;0;0;31;0;7;0;0;0;0;14;0;0;0;8;0;5;59;0;4;4;0;1;0;0;0;1;17;0;0;0;0;13;0;0;7;6;0;0;0;5;6;0;2;0;4;4;5;2;0;0;2;9;0;0;0;0;0;1;0;0;2;0;0;3;0;0;0;2;2;1;0;0;0;0;0;5;0;0;0;0;4;0;3;0;1;0;7;0;0;0;0;2;1;0;0;0;2;3;0;0;2;0;0;0;0;1;0;0;0;0;0;0;0;0;0;4;2;0;0;0;0;4;0;0;0;0;0;0;0;0;3;0;0;0;0;0;0;0;0;0;0;6;0;0;2;0;6;6;0;8;0;2;0;1;12;5;0;1;0;0;0;0;0;1;0;2;0;1;0;0;3;0;0;4;0;0;0;0;0;0;0;0;0;0;0;0;0;0;3;0;0;2;1
08336000;1;0;0;0;0;0;1;0;0;0;0;0;0;0;0;0;0;1;0;0;2;0;0;6;0;0;0;0;0;0;0;1;0;0;0;2;1;0;0;2;0;2;1;0;0;0;0;0;0;0;4;0;0;2;2;0;0;0;0;0;0;0;0;0;1;0;0;0;0;0;0;0;0;2;0;4;0;0;0;1;0;0;2;0;1;0;0;0;0;0;2;0;0;1;0;0;0;0;0;2;0;0;0;0;0;0;0;0;0;0;0;0;0;0;0;3;5;4;0;0;0;0;1;0;0;3;4;0;0;0;0;0;0;0;2;0;0;0;9;0;6;0;0;0;0;0;0;2;0;2;5;6;1;0;0;1;0;2;0;0;0;0;0;0;0;0;1;0;0;0;0;0;2;1;0;0;0;0;0;0;0;0;0;4;0;0;0;12;0;0;0;8;1;0;0;0;0;0;0;1;9;0;0;0;0;0;0;8;0;0;0;0;0;0;0;0;0;0;0;5;24;0;0;0;0;1;0;0;0;0;0;1;0;0;0;3;0;3;0;2;6;0;0;0;0;6;0;1;0;0;0;0;1;0;0;3;0;0;1;1;2;3;0;4;0;5;0;0;1;4;1;0;0;0;0;1;0;0;0;1;0;0;4;1;0;0;0;0;0;0;0;0;2;0;5;0;0;0;0;0;0;0;1;9;0;0;2;0;0;1;1;0;0;0;2;0;1;0;0;1;0;0;0;3;0;1;0;1;0;0;3;0;0;0;0;1;0;0;0;5;0;0;1;0;0;0;0;0;0;0;1;15;0;9;0;0;0;0;15;1;0;0;3;0;0;0;0;9;0;5;0;0;0;0;2;0;0;2;0;1;2;7;0;0;0;3;0;0;0;6;0;0;0;2;0;0;0;0;0;7
08337000;0;0;0;3;0;1;0;0;7;0;8;0;0;0;0;0;0;1;1;4;0;1;3;4;1;0;12;3;0;0;0;1;5;2;0;0;0;0;1;0;0;0;1;0;0;0;0;2;0;2;1;0;0;0;0;4;0;0;0;0;0;0;0;0;0;0;0;8;1;0;0;8;0;6;2;0;0;0;2;1;8;0;0;0;0;1;0;0;0;0;2;2;0;7;0;0;0;0;0;4;1;0;0;6;6;5;1;0;0;4;0;0;0;0;0;0;0;2;3;4;10;0;0;5;0;0;0;0;3;0;0;0;3;0;2;0;0;3;0;5;0;0;0;2;0;0;1;3;0;4;0;0;0;0;2;0;0;0;0;1;0;0;0;0;0;8;0;0;2;0;0;0;0;0;0;0;0;0;0;0;0;0;0;0;0;22;0;4;1;2;0;0;0;2;0;0;6;4;0;0;1;0;3;0;57;0;7;16;57;23;39;7;0;0;0;0;14;0;0;0;9;0;0;0;0;0;0;0;7;0;2;0;0;0;2;0;0;0;5;0;5;4;1;0;0;0;0;0;2;1;0;0;0;0;0;0;3;0;0;2;0;2;0;0;1;2;0;0;4;0;3;0;0;0;6;9;0;0;6;0;0;0;0;1;0;0;2;4;0;0;0;3;1;0;0;2;0;0;1;0;0;0;0;0;0;0;0;0;2;0;0;0;0;7;1;4;0;0;0;1;0;0;0;0;0;2;0;2;0;0;0;2;1;3;0;0;0;1;0;0;1;0;0;2;0;3;5;0;0;0;12;0;0;4;0;0;0;2;2;0;0;0;0;0;0;0;0;0;3;0;5;4;1;0;5;1;0;1;0;1;0;0;0;0;0;0;0;0;0;0;0;0;0;0;1;0;0;0;0;0
08415000;3;0;5;0;4;0;0;0;0;0;0;6;5;0;3;5;2;5;3;1;0;0;5;0;0;4;2;0;0;0;1;0;0;0;0;2;1;1;0;2;8;0;0;0;0;2;0;0;0;0;0;0;0;2;0;0;0;5;0;0;0;0;0;14;6;0;0;0;0;3;0;0;10;1;0;0;1;0;1;2;3;0;0;0;0;0;0;0;14;3;0;4;4;0;12;6;0;0;0;0;0;0;3;0;4;0;0;0;0;0;2;2;0;0;5;5;4;34;4;2;1;0;0;0;6;9;3;0;7;0;0;6;1;1;0;0;0;0;0;0;0;0;0;8;6;0;0;0;0;3;0;0;0;0;2;0;0;3;2;0;2;0;0;0;1;0;0;0;0;6;1;8;4;1;0;1;0;3;56;3;0;4;1;25;18;13;0;0;0;0;0;0;0;8;5;0;26;3;0;20;0;0;5;0;0;1;0;17;16;2;6;14;4;0;0;42;17;29;25;19;0;0;0;26;5;1;0;0;8;7;0;2;13;0;2;1;0;2;0;2;0;2;2;0;2;2;3;1;0;3;0;0;0;1;0;0;0;0;0;0;0;0;0;0;1;0;0;0;0;2;3;0;0;0;0;0;0;0;1;2;1;1;0;0;0;7;0;0;0;2;0;1;4;0;0;2;0;0;0;0;2;7;8;0;0;0;6;8;0;0;0;0;0;0;4;3;6;20;0;0;3;0;0;4;10;0;0;0;4;4;0;1;0;0;3;0;0;0;0;0;1;0;0;3;0;1;1;0;0;5;3;0;5;1;0;0;0;0;3;0;0;1;0;0;0;0;5;0;2;0;4;0;0;0;6;0;0;0;0;3;1;0;2;0;0;0;0;5;0;0;0;4;0;1;1;4;1;0;1;0
08416000;3;5;3;4;0;0;2;3;0;0;2;3;3;2;0;40;4;0;0;0;0;0;0;0;0;0;11;0;0;4;2;0;0;0;0;9;2;9;0;0;0;0;0;0;0;0;5;0;0;2;0;0;0;0;5;5;1;0;0;0;0;0;0;0;4;0;0;1;0;0;0;0;1;1;0;0;0;4;22;56;0;0;4;0;0;0;0;0;9;0;0;0;0;0;7;1;0;0;0;0;2;0;0;0;2;0;0;0;0;0;0;0;0;2;0;4;3;44;0;7;0;0;0;2;0;0;0;6;0;0;3;4;0;0;0;0;1;1;0;0;0;0;0;1;4;0;8;1;0;0;3;0;0;4;2;1;4;0;0;0;3;0;40;4;1;0;0;0;0;0;0;0;0;0;11;1;0;0;285;66;14;39;6;26;14;31;8;6;10;0;0;20;3;40;19;0;2;0;49;25;81;5;40;29;76;11;25;0;14;25;68;40;9;62;0;219;43;18;17;37;29;0;11;71;0;0;0;0;2;0;2;0;14;0;0;0;0;0;0;4;0;0;0;0;0;2;0;1;1;0;2;0;0;0;0;5;1;0;5;0;0;0;2;0;0;0;0;10;6;0;1;0;0;0;0;0;0;2;0;0;1;0;4;0;0;2;0;0;1;0;0;0;0;0;25;2;0;0;0;0;0;0;4;9;11;4;0;0;0;0;0;0;7;8;0;0;2;6;8;0;0;0;0;1;55;0;0;2;0;7;0;0;3;0;0;2;6;0;0;0;0;0;0;1;0;2;1;5;0;0;0;6;0;0;0;0;0;1;1;0;0;42;0;0;0;0;0;0;0;0;0;0;1;0;0;2;0;0;0;0;3;0;0;1;0;0;0;1;0;2;0;2;0;0;0;2;0;0;0;0
08417000;0;0;0;0;0;2;0;1;3;0;0;1;0;0;0;0;0;0;1;0;0;0;7;0;0;0;6;1;0;6;1;0;5;0;8;7;1;0;0;0;1;0;0;0;0;0;0;2;0;0;4;0;0;0;0;0;0;0;0;7;4;0;0;0;0;3;5;0;7;3;1;4;0;1;3;0;0;1;0;0;1;1;3;0;0;0;3;3;0;0;0;1;0;3;0;4;1;0;0;0;0;0;1;6;0;0;2;2;0;0;0;6;0;0;3;3;0;0;2;7;7;5;0;0;7;1;0;0;0;0;0;3;3;0;1;1;0;0;0;0;1;2;1;0;1;15;0;0;1;2;1;0;0;0;1;1;0;0;0;0;0;0;0;1;3;5;6;0;3;1;1;3;0;1;9;0;5;0;2;0;0;0;5;0;8;4;0;0;9;0;0;1;0;0;0;0;5;0;0;6;0;0;0;0;0;0;4;38;0;62;9;10;8;0;0;0;0;3;0;13;14;0;0;24;0;0;0;0;0;1;0;0;0;0;2;2;0;0;0;2;1;0;2;0;5;0;0;0;0;0;0;4;0;6;1;2;1;0;0;1;0;0;2;2;1;4;0;3;2;2;0;0;0;0;0;0;0;0;0;0;0;0;4;2;0;0;0;0;0;1;0;0;0;0;0;0;1;4;0;0;0;0;1;0;7;3;0;0;0;0;5;0;0;0;1;3;1;0;1;0;0;1;5;0;9;0;3;2;0;1;1;0;1;0;2;4;0;0;0;0;0;1;0;1;0;0;0;0;2;4;0;1;0;0;5;0;1;2;0;1;1;0;0;0;0;0;4;0;0;4;1;2;0;1;0;3;0;0;5;6;0;0;0;1;0;3;0;0;0;0;0;0;0;0;1;4;0;0;0;0
08421000;0;0;0;1;0;0;0;0;0;0;0;0;0;2;0;9;0;2;0;0;1;0;0;0;2;0;0;1;1;0;0;0;0;2;0;0;0;0;0;0;0;0;0;2;0;0;0;0;0;1;0;0;1;0;1;0;0;3;0;0;0;0;0;0;4;1;1;1;1;3;0;0;1;0;0;0;0;1;5;19;1;0;0;0;2;0;2;0;0;0;0;0;0;2;4;0;0;0;2;3;0;0;0;1;0;0;1;0;10;0;0;1;0;0;0;0;2;15;7;0;13;3;3;0;0;2;0;0;2;0;0;2;0;0;0;4;0;0;2;0;0;0;0;0;0;0;0;0;0;0;0;0;1;0;0;0;0;0;3;4;0;0;7;1;0;0;0;0;0;2;1;1;2;0;1;5;0;0;0;0;0;0;0;0;0;0;0;1;0;0;0;0;0;0;0;0;0;0;0;0;3;0;0;0;1;0;5;0;0;0;0;4;0;0;0;1;0;174;0;0;0;0;0;40;4;0;0;0;1;0;0;0;1;0;0;8;1;2;0;0;0;0;0;2;0;0;0;0;0;1;2;0;0;0;0;0;0;0;5;0;0;0;3;1;8;6;0;7;0;0;0;2;0;2;1;1;0;0;1;0;3;4;5;0;0;0;0;2;0;2;2;3;0;0;0;2;0;0;0;0;0;0;0;1;15;1;0;0;7;0;0;14;433;0;0;0;5;0;0;1;0;2;0;2;15;0;1;0;0;0;0;0;0;0;0;1;1;0;0;0;1;0;0;0;0;0;0;0;0;1;0;3;2;0;1;0;0;3;0;0;0;0;1;2;2;0;0;0;1;0;0;0;2;0;9;2;0;0;0;0;0;0;2;0;0;1;0;0;0;0;0;0;0;0;0;0;0;0;1;0
08425000;0;3;3;0;4;0;0;0;0;0;0;11;1;2;0;12;0;0;0;2;0;0;1;0;0;0;5;0;0;0;0;0;0;1;0;0;0;1;1;1;1;2;0;0;1;4;2;0;1;0;4;1;0;0;6;0;0;3;0;1;3;3;2;4;0;1;0;0;0;2;1;3;0;3;0;1;0;2;4;0;2;0;8;3;0;2;0;2;0;0;0;0;1;0;1;0;0;10;0;0;0;0;5;0;0;1;0;0;2;0;0;6;1;1;0;1;1;2;9;0;3;1;0;0;0;3;1;3;0;0;0;0;3;0;1;0;0;4;0;2;0;3;2;0;0;0;1;2;0;0;0;0;0;1;0;0;1;0;1;0;0;24;0;0;0;0;0;0;0;0;0;0;1;0;0;0;3;0;7;0;0;0;0;19;0;20;0;0;1;24;0;0;0;0;5;0;22;14;0;0;0;0;0;0;0;0;0;2;0;0;17;15;1;0;0;0;0;0;97;5;65;0;2;29;0;0;0;6;1;5;0;0;0;4;6;0;0;0;0;0;0;0;0;0;4;1;0;4;0;0;0;1;0;4;2;0;0;0;2;2;1;0;4;0;6;0;0;0;0;0;0;1;0;1;4;0;1;5;0;0;0;0;2;4;1;2;0;2;0;0;1;1;3;0;0;0;4;0;0;1;3;3;0;0;22;0;6;3;0;8;0;18;0;4;0;8;0;4;3;0;1;0;0;1;0;0;1;3;0;1;0;0;0;3;2;0;0;1;3;0;2;0;0;0;0;0;0;1;0;0;0;0;1;0;0;1;7;0;0;4;2;4;0;0;0;0;4;1;1;2;0;1;0;0;0;0;1;5;1;0;0;0;3;0;1;0;1;3;0;0;0;0;1;0;0;0;1;1;0;1
08426000;5;0;2;1;0;0;0;0;0;1;0;1;2;1;0;0;0;6;0;0;0;4;0;0;1;0;0;0;0;0;2;8;0;0;3;0;0;2;0;0;0;0;0;0;0;3;0;1;4;0;3;5;5;0;0;2;0;0;0;3;0;0;4;1;4;1;3;0;0;3;0;0;6;1;0;0;0;5;0;1;2;0;0;0;0;3;2;2;0;0;4;0;2;0;4;0;4;0;0;0;2;0;2;0;10;0;0;0;3;0;5;0;0;0;0;0;3;7;0;0;6;0;0;2;0;0;0;1;2;1;0;3;1;1;0;0;0;0;0;2;3;2;0;0;1;12;0;0;5;0;0;0;0;0;3;0;0;0;1;3;6;7;6;1;1;0;0;0;1;2;0;0;0;1;2;1;15;0;46;0;0;0;10;0;5;6;0;6;0;0;0;0;0;3;0;0;27;0;0;0;0;4;4;0;5;3;0;18;15;0;1;15;3;0;0;19;38;0;0;19;0;0;0;17;0;0;3;0;0;3;0;0;0;0;0;1;0;0;0;0;0;6;0;5;0;1;0;0;1;0;0;2;2;0;3;0;1;0;4;1;0;0;0;1;3;4;2;0;0;0;0;0;0;5;1;0;0;0;2;0;6;4;0;12;0;2;1;0;0;3;0;0;0;0;2;0;0;0;0;0;0;2;0;2;16;1;0;0;0;0;0;15;36;0;0;0;0;3;0;0;0;3;1;0;27;1;0;0;0;0;0;1;2;0;0;0;0;1;1;0;0;1;0;6;0;1;2;3;0;0;1;8;0;0;0;8;0;1;0;0;0;2;1;1;0;0;2;0;0;0;3;0;0;0;6;0;0;3;3;0;0;0;2;0;0;0;0;2;1;0;2;1;0;0;0;0;0;0;0;0
08435000;3;0;0;0;0;0;0;4;1;2;0;0;0;0;1;1;0;0;0;0;0;0;0;3;0;0;1;0;0;1;2;2;0;0;2;0;1;0;0;6;0;5;0;1;0;0;0;0;2;1;0;0;0;0;0;0;0;0;3;1;0;10;0;0;0;16;0;0;0;0;0;0;0;0;0;0;1;1;2;12;2;0;0;0;0;2;0;0;0;0;7;5;0;0;0;5;6;1;5;2;0;5;5;6;2;0;0;0;3;1;0;0;2;0;0;0;0;0;0;0;0;0;1;0;0;0;0;0;0;0;0;0;0;0;0;9;0;3;0;1;0;0;0;4;1;6;0;0;6;0;0;0;0;0;0;0;0;0;0;0;0;0;0;0;0;0;4;0;0;4;0;1;11;3;3;5;0;4;0;0;0;0;0;0;0;0;1;0;0;0;0;0;0;0;0;0;5;3;0;0;0;0;0;0;0;20;2;0;0;0;207;0;12;0;0;0;29;0;0;0;197;34;11;49;0;2;5;0;5;0;5;0;0;6;2;6;0;0;5;0;2;0;4;10;0;0;2;2;1;2;3;7;3;0;0;0;0;0;2;4;1;0;0;0;0;3;0;2;0;0;1;0;1;0;2;0;0;0;0;1;0;2;3;4;0;6;0;2;0;0;2;0;0;0;0;0;5;0;1;0;2;1;0;0;0;0;0;0;0;0;0;0;4;66;0;0;0;0;1;0;0;0;0;0;19;0;0;0;0;0;0;0;0;0;0;0;0;0;2;0;0;0;1;6;1;2;0;0;0;0;1;8;4;0;0;0;5;0;4;3;2;15;0;0;0;5;0;0;0;2;0;0;1;1;2;0;0;0;5;0;1;0;7;3;2;0;1;2;0;0;4;0;0;1;0;0;0;0;0;1
08436000;0;5;0;2;10;0;0;0;0;0;0;1;5;1;0;19;0;0;0;0;0;0;4;1;0;0;2;0;1;0;0;1;0;0;3;0;0;4;0;0;0;0;0;0;0;0;0;5;0;0;0;0;6;0;0;6;0;1;2;0;0;14;2;0;1;0;1;0;0;6;2;0;6;0;6;0;1;0;0;23;1;0;0;5;0;2;0;0;2;2;0;11;0;0;10;0;0;1;14;0;0;5;0;0;0;0;0;0;0;0;0;0;0;0;6;0;0;25;8;0;0;11;0;2;0;1;0;10;0;0;0;0;1;0;0;0;0;0;0;0;0;0;3;0;0;2;0;1;0;1;4;0;0;1;0;0;0;0;8;0;3;3;0;0;0;0;0;0;2;0;0;0;0;0;3;0;0;1;0;5;0;0;1;0;6;1;0;0;0;0;0;0;0;0;0;0;3;12;0;0;0;0;2;0;0;7;24;0;0;0;0;0;0;4;0;0;8;0;2;0;0;0;4;67;4;0;3;2;0;11;0;1;0;0;0;6;0;0;0;0;0;0;0;0;0;5;0;0;0;0;0;0;4;0;0;0;8;0;12;1;0;0;0;0;0;0;0;2;2;0;0;0;3;0;7;0;0;2;2;0;9;9;0;0;0;0;0;0;0;1;0;1;0;0;0;0;0;0;0;1;6;0;0;1;13;2;0;0;0;2;4;2;0;0;5;0;1;0;0;1;0;0;0;0;0;6;0;4;7;3;2;0;0;0;0;2;1;0;0;0;2;0;3;0;1;0;0;0;0;0;0;8;0;1;8;0;0;2;1;0;1;4;0;0;1;4;0;0;0;0;0;0;3;3;0;1;0;0;0;0;1;0;1;0;0;0;0;1;0;3;0;0;3;1;3;0;1;0;0;0
08437000;0;2;5;0;0;0;0;0;0;0;5;4;1;1;1;2;0;0;2;0;3;1;0;0;2;0;0;0;2;0;0;0;0;2;2;0;0;0;0;4;1;1;0;0;0;0;1;2;0;0;0;7;0;3;0;0;1;0;1;0;0;0;0;0;0;2;0;0;0;2;0;0;0;0;0;0;0;1;0;12;0;3;0;0;0;1;2;3;0;0;0;3;0;1;0;0;0;0;8;3;0;3;0;1;1;0;4;6;1;3;0;2;0;0;0;0;3;3;1;1;4;0;2;3;1;0;0;2;1;0;8;0;0;2;0;1;3;0;6;8;1;2;1;0;1;2;5;0;0;2;4;1;0;0;0;0;0;1;0;0;0;4;0;0;1;0;0;0;2;3;4;0;3;1;0;0;0;0;221;79;88;61;149;61;35;71;18;40;33;22;0;6;35;55;46;6;33;19;37;31;35;42;52;0;57;28;146;48;86;104;116;57;51;66;146;69;46;59;150;0;63;0;6;26;2;0;1;0;1;2;0;4;0;3;0;1;0;0;3;3;1;2;0;0;1;2;0;1;0;1;3;1;0;1;1;0;0;1;3;2;1;1;4;0;4;0;0;1;0;0;0;1;0;0;2;1;0;0;0;3;0;2;1;13;0;0;0;2;0;1;1;1;0;1;3;0;0;0;0;0;2;0;7;0;4;0;1;2;0;0;0;6;0;0;3;0;0;5;0;1;4;0;0;0;2;0;0;0;1;1;0;0;2;0;0;1;0;1;0;0;0;0;1;0;2;0;2;0;2;0;0;1;1;1;0;5;0;2;0;3;1;0;0;0;0;0;0;11;2;2;0;1;0;0;1;0;0;0;0;0;1;0;1;0;0;0;0;0;0;3;0;1;0;0;1;2;0;0;0;5
09161000;0;0;0;0;0;0;1;0;0;0;0;0;0;3;1;1;0;0;0;0;0;0;1;7;0;0;0;4;0;2;1;0;0;0;2;0;0;0;0;0;1;0;0;0;1;4;0;0;0;0;0;0;0;5;1;0;1;5;1;0;1;6;0;14;12;0;0;0;0;0;1;0;4;0;2;0;0;1;3;10;0;0;0;5;0;0;0;0;0;0;0;0;0;0;0;0;5;1;0;1;0;2;0;1;3;0;6;4;3;1;1;0;0;0;0;0;0;18;8;3;0;3;8;2;0;0;2;5;0;0;1;0;3;0;0;0;10;5;3;0;0;0;0;3;1;6;0;1;0;0;0;0;0;1;0;0;0;0;0;0;0;7;0;0;3;0;2;0;0;0;0;1;0;1;0;0;0;0;0;3;5;0;12;5;1;0;0;0;2;0;0;0;0;0;0;0;6;4;0;2;0;1;0;0;0;0;1;7;5;0;0;0;1;2;0;4;10;0;1;0;0;0;0;0;13;104;0;0;0;1;34;12;0;0;0;0;0;2;52;0;0;59;92;25;96;0;0;0;0;7;37;10;12;0;0;0;0;1;34;0;0;0;10;2;0;6;0;0;1;0;0;0;6;8;11;4;0;3;0;0;0;0;0;31;0;0;0;2;18;0;9;0;7;8;5;8;0;0;0;0;0;2;0;0;29;1;0;2;13;20;2;8;10;12;1;0;0;3;0;0;1;0;0;0;17;0;3;0;7;2;5;0;1;1;2;0;0;0;1;0;0;0;0;5;0;0;3;2;0;2;0;0;2;0;0;0;0;0;1;2;1;0;4;0;0;0;0;0;1;0;0;0;0;2;0;0;0;1;0;0;0;0;1;0;0;0;0;1;3;0;0;0;0;0;0;0;1;0;0;0
09162000;0;0;0;4;8;0;0;3;0;0;0;26;0;0;0;0;0;1;0;0;0;0;11;4;0;0;0;0;0;0;2;3;0;0;6;0;1;19;0;0;0;0;0;5;0;3;0;0;0;0;17;2;2;3;0;6;0;0;0;0;0;0;0;0;0;0;6;0;7;0;0;3;0;0;0;0;0;0;0;0;13;0;0;0;0;0;0;0;0;0;0;0;0;0;0;33;0;0;0;0;0;7;0;0;0;0;1;0;6;0;0;0;0;0;5;8;0;0;1;0;0;0;0;0;0;0;4;0;0;0;0;0;0;0;0;0;0;0;13;0;0;4;0;0;0;0;0;10;0;7;0;0;0;2;0;0;0;0;1;0;0;0;0;0;1;10;0;0;0;0;0;0;0;1;0;0;0;4;0;0;0;0;0;0;0;0;0;0;0;7;0;0;0;0;7;0;0;6;0;16;0;0;0;0;0;0;0;0;0;0;0;23;12;0;0;0;0;0;0;0;0;0;148;0;75;123;0;248;645;688;0;235;153;1903;872;364;120;1014;2423;0;710;435;730;150;362;22;0;0;61;14;33;75;0;5;0;16;11;0;0;0;0;0;0;0;45;0;0;52;0;0;0;0;0;0;0;0;0;0;0;0;0;0;35;25;7;22;0;24;3;0;3;0;0;0;0;0;14;0;0;15;0;0;41;0;383;28;0;20;174;133;2;0;23;9;11;33;4;0;0;0;1;0;0;0;0;0;0;0;18;3;0;0;7;2;2;7;0;8;3;0;0;2;0;0;1;0;0;0;0;0;4;14;0;0;0;0;0;4;7;0;0;56;12;1;0;0;0;0;0;0;3;8;5;9;0;5;0;4;0;1;0;0;0;0;0;0;0;0;0;0;0;0;0;0;0;0;0;0;1;4
09163000;0;2;2;0;0;3;0;0;0;0;3;0;0;0;0;0;0;0;0;0;0;0;0;0;0;0;0;0;0;0;1;0;2;0;0;0;0;0;3;0;0;0;0;0;0;0;3;0;0;0;0;2;0;0;0;1;1;0;0;0;0;0;0;0;0;0;0;0;0;0;0;3;0;0;3;0;2;0;0;0;0;0;0;0;3;0;0;2;0;1;2;0;0;0;1;0;1;0;3;1;0;0;0;0;3;0;0;3;0;0;0;0;2;0;0;0;0;1;1;0;0;6;2;2;3;0;2;0;1;0;0;0;0;0;0;2;0;0;1;3;0;1;5;0;0;0;0;0;1;1;0;0;0;0;0;0;0;0;1;0;0;0;0;0;0;0;3;0;1;0;0;2;0;0;0;0;0;0;0;0;0;0;0;0;0;0;0;0;0;0;0;1;0;0;1;0;0;2;5;0;0;0;0;0;2;0;0;0;1;1;6;17;2;0;6;5;0;2;0;0;0;0;0;0;0;0;0;0;0;0;1;0;0;0;2;3;0;0;6;0;0;171;0;0;0;0;0;3;0;1;0;0;4;0;0;2;0;0;0;1;0;0;3;0;2;0;0;0;0;0;0;0;0;0;2;3;0;1;0;2;1;3;0;2;0;0;0;1;0;3;0;0;0;0;0;1;0;0;0;0;1;1;0;0;0;1;3;2;2;1;1;1;2;1;0;0;3;0;0;0;0;3;1;0;0;0;0;0;0;0;0;0;0;0;0;0;3;0;0;0;0;0;0;0;0;0;0;0;0;0;0;0;2;0;2;1;0;0;0;0;0;5;0;3;0;0;2;0;0;0;0;1;1;0;0;1;0;1;0;7;0;0;0;0;0;0;0;0;0;1;0;0;0;0;0;0;0;0;0;0
09171000;0;2;1;0;0;0;0;0;0;1;0;1;0;0;2;0;3;0;0;0;0;0;0;4;0;0;0;0;2;7;0;0;0;0;0;0;0;0;0;0;0;0;1;0;0;1;0;2;0;0;5;1;0;0;0;1;0;0;0;0;0;3;0;0;0;5;0;0;0;1;0;0;1;0;0;0;0;0;0;3;1;0;1;0;0;0;1;0;0;1;0;0;0;0;0;0;1;0;0;0;0;2;0;0;2;2;0;1;0;0;0;0;0;1;0;0;0;2;0;1;0;0;0;0;4;4;0;0;0;0;0;1;0;0;0;0;0;0;0;0;0;0;0;0;0;4;0;0;0;0;0;0;0;0;0;0;0;0;0;2;0;1;2;0;0;0;1;0;1;0;1;0;0;0;0;1;0;0;1;0;4;0;1;0;1;0;6;0;0;0;3;1;2;2;0;1;0;0;0;0;0;0;0;3;0;1;1;2;2;5;0;0;2;0;1;0;1;1;6;0;0;2;0;0;46;0;0;0;0;0;3;0;3;0;0;0;7;0;0;0;0;0;0;0;2;7;6;0;0;4;3;9;0;0;56;1;0;3;0;0;0;0;3;0;1;1;0;0;0;2;3;2;0;0;1;7;3;0;1;0;0;0;0;2;0;1;0;1;0;2;0;2;2;0;3;1;1;0;0;2;0;0;0;0;0;1;2;2;7;3;0;0;3;0;4;2;0;0;0;1;0;0;0;0;5;0;0;0;1;0;0;0;0;0;0;1;0;0;0;0;0;1;0;0;0;2;0;1;0;1;2;0;0;6;0;0;0;0;0;0;0;0;0;0;2;0;0;0;0;0;0;0;1;1;0;2;0;1;0;0;2;0;2;0;2;0;0;1;0;2;0;0;0;0;0;1;0;0;0;0
09172000;1;3;0;0;0;0;0;1;3;2;0;0;0;0;0;0;0;7;1;2;2;0;2;0;4;0;0;0;1;1;0;0;0;0;0;1;0;0;0;0;0;0;0;2;0;0;4;0;0;0;0;1;0;0;0;0;0;2;0;0;0;7;0;0;0;6;0;0;1;0;5;0;0;0;7;3;0;1;0;0;0;0;0;0;0;0;0;1;0;1;5;0;2;0;0;0;0;1;0;0;0;0;0;0;2;0;6;2;0;7;0;0;0;0;0;0;0;0;2;0;0;2;1;0;4;0;2;0;0;0;0;0;0;1;0;0;2;2;0;0;0;0;0;1;0;0;0;1;0;3;0;0;0;7;0;0;0;0;0;1;0;0;3;0;1;0;0;0;0;0;0;0;2;0;0;0;0;0;1;0;0;2;0;0;0;0;1;0;0;0;8;1;2;3;4;0;0;0;0;0;0;0;1;0;0;0;12;0;0;6;0;2;2;1;0;1;1;2;0;0;0;0;0;101;8;27;0;3;0;0;0;1;9;0;0;12;4;0;0;8;0;24;0;36;0;2;3;0;2;0;0;1;13;0;19;3;0;3;0;0;2;0;3;0;0;1;0;0;0;5;2;4;0;0;1;1;1;0;0;0;0;0;0;17;1;0;0;0;0;0;1;0;8;0;2;0;0;1;0;0;1;2;0;3;0;0;0;0;0;1;0;4;0;0;2;0;18;5;0;1;0;1;1;0;0;2;3;1;0;0;2;0;0;1;0;3;3;0;0;0;0;0;0;2;0;8;2;2;0;7;0;4;1;0;5;0;4;2;0;3;3;0;0;2;0;3;1;1;1;0;0;0;0;1;0;0;0;6;5;0;0;0;0;0;0;1;2;2;0;0;1;1;0;0;0;0;0;0;0;1
09173000;0;0;6;1;0;0;0;1;0;0;0;2;1;1;3;5;4;0;1;0;0;0;3;1;0;0;0;0;5;2;0;3;0;0;2;0;0;0;0;0;0;1;2;0;0;0;0;0;2;0;0;0;0;0;0;4;0;0;1;2;0;0;0;0;1;1;0;4;2;0;0;0;2;0;0;0;0;0;0;5;1;0;1;0;2;3;3;0;0;0;1;0;0;1;0;3;0;0;0;4;1;0;0;0;0;0;0;0;3;0;4;6;0;0;4;2;0;2;1;0;0;0;0;0;0;0;1;0;5;0;0;0;0;0;0;2;0;0;0;4;0;1;1;0;0;1;0;0;0;0;0;0;0;1;0;0;0;0;0;2;0;5;4;0;1;0;0;0;0;0;0;0;0;1;0;3;3;2;0;0;0;0;0;0;0;0;0;5;0;5;10;0;3;0;3;4;0;0;7;2;3;1;3;7;1;0;3;0;0;4;5;10;3;1;2;1;9;0;5;0;0;0;12;0;0;19;0;0;5;1;23;16;0;0;0;7;0;2;0;3;0;45;0;16;61;0;13;3;9;5;14;0;0;0;2;4;6;4;2;1;9;3;2;0;0;6;0;0;0;0;0;0;4;3;0;0;0;0;2;0;7;0;0;8;0;4;0;0;12;4;1;5;0;3;0;0;2;0;1;1;6;4;0;2;19;0;0;1;6;27;0;7;0;13;0;0;8;0;1;2;1;0;0;0;0;0;0;0;0;3;0;0;0;1;1;0;1;1;0;0;5;6;0;0;1;0;0;0;0;0;0;3;4;0;0;2;5;0;7;0;3;6;0;1;2;1;1;0;0;0;0;7;2;0;5;1;4;3;1;1;2;0;0;0;0;1;3;0;3;0;0;0;0;0;0;1;0;2;0;0
09174000;0;1;0;0;1;0;0;0;0;0;1;3;0;0;1;0;2;0;0;0;1;0;0;0;6;2;2;1;0;2;0;1;0;2;9;0;0;0;5;0;0;2;0;0;0;0;1;1;0;0;0;0;0;0;0;6;2;2;0;2;1;0;0;0;0;0;1;1;0;0;1;0;4;0;6;0;0;0;3;0;0;0;0;0;0;3;0;0;0;0;4;1;3;1;7;0;0;2;2;0;0;0;1;0;5;0;0;0;0;0;3;1;3;0;5;0;0;5;0;0;0;0;0;6;7;0;2;0;0;2;1;0;1;5;0;0;0;1;0;0;0;2;0;1;0;5;0;0;0;0;0;0;4;0;0;0;0;0;0;3;1;0;1;0;2;3;0;0;0;3;0;0;0;0;0;0;0;0;0;3;0;4;0;1;3;0;0;0;0;0;0;1;0;1;0;0;0;0;2;0;0;0;0;0;0;0;0;0;0;3;0;7;0;0;0;2;0;0;9;0;0;0;13;0;17;3;9;0;0;0;7;8;16;0;5;33;0;0;0;45;63;15;0;16;0;0;7;0;26;15;7;16;1;7;0;8;10;0;17;0;4;0;2;0;1;0;1;4;1;0;0;3;3;1;4;3;2;0;9;2;0;0;4;18;7;8;0;0;0;0;0;2;3;0;0;1;0;0;3;1;0;0;0;0;37;4;0;0;67;22;3;0;0;5;0;17;5;0;0;0;0;0;0;1;0;0;0;1;0;0;1;0;0;2;2;0;1;1;3;0;0;6;2;0;1;3;8;1;1;1;0;0;3;5;2;4;0;0;18;5;1;0;1;1;0;0;5;0;0;0;2;0;0;0;2;0;1;0;0;2;0;2;1;0;0;1;0;1;0;0;0;2;0;1;0;0;0;0;1;0
09175000;3;0;0;0;0;0;2;0;1;3;0;3;0;5;0;2;0;0;0;4;0;0;2;0;0;0;8;2;0;2;0;0;0;4;0;0;1;0;1;0;0;2;0;0;0;0;0;0;0;3;0;0;0;0;0;0;0;0;0;0;1;9;1;4;2;0;2;3;1;0;1;0;0;0;0;2;2;0;13;0;1;0;1;0;0;2;0;0;6;0;0;2;3;3;5;0;2;0;4;0;1;0;0;8;3;0;0;1;0;3;2;0;1;1;0;0;1;10;0;0;0;0;0;0;4;2;1;0;4;1;0;3;0;2;0;0;2;0;4;2;0;2;1;4;0;0;1;0;3;0;0;0;0;0;0;0;0;0;0;0;0;4;0;0;1;0;1;0;0;1;0;3;1;0;1;0;4;2;0;8;0;6;2;3;1;0;0;0;1;4;5;0;0;0;4;0;0;0;3;3;0;3;0;0;1;0;1;2;0;1;1;3;2;0;4;0;3;0;0;1;0;0;0;0;14;13;3;0;29;0;0;95;14;3;6;0;0;40;0;4;0;151;15;25;27;15;1;0;13;12;8;20;18;10;28;5;17;0;11;0;2;19;9;9;1;8;0;0;0;4;3;4;7;0;3;9;0;2;0;0;0;2;0;0;1;1;1;3;5;9;3;0;7;0;0;0;1;0;0;2;4;2;4;9;46;0;0;0;23;9;0;0;0;0;0;3;0;2;3;0;0;0;1;0;0;1;1;2;3;0;0;0;0;2;10;2;3;0;0;1;0;0;0;0;0;1;8;3;0;3;0;11;0;2;0;3;2;7;7;6;4;9;0;2;0;5;0;0;4;1;6;5;0;0;0;2;1;3;7;8;6;2;3;0;0;4;0;0;0;0;0;0;0;1;2;3;0;1;0;0
09176000;0;4;0;1;0;1;0;0;2;2;0;0;2;0;0;1;0;0;1;0;0;0;1;1;1;0;5;0;0;2;0;0;4;0;0;1;0;0;5;1;0;1;0;0;0;0;1;0;0;0;0;0;0;0;0;0;0;2;1;1;2;0;0;0;0;0;0;2;0;0;6;1;0;0;0;1;0;1;0;1;0;9;0;0;3;5;6;0;0;1;0;6;1;0;0;0;5;0;0;0;2;3;6;1;0;2;6;2;1;5;2;1;0;0;1;0;0;4;0;2;0;0;0;0;0;0;0;0;0;0;0;0;1;4;0;1;0;0;0;1;1;0;0;0;1;2;2;0;0;3;2;0;10;1;0;1;0;0;0;3;0;0;4;0;0;0;0;0;0;0;2;0;0;0;0;4;0;0;4;1;0;5;0;3;0;4;2;2;1;1;0;1;0;5;0;7;0;1;0;0;1;3;2;0;2;0;4;1;4;5;6;0;0;2;0;0;1;1;0;0;4;0;0;96;0;0;3;0;0;1;0;0;0;0;0;0;1;0;0;0;0;0;0;0;0;0;3;2;0;0;61;5;6;7;4;0;0;0;0;2;0;0;8;0;5;15;0;0;3;0;3;1;0;2;0;3;5;6;0;0;0;10;4;25;1;0;6;0;0;1;43;0;0;0;8;0;2;0;0;0;2;0;0;0;7;0;0;2;9;0;10;5;0;1;5;0;16;0;4;6;0;0;0;0;3;1;0;0;1;0;0;0;4;1;0;0;0;0;0;0;0;0;2;1;0;0;0;0;0;0;0;0;4;2;0;0;9;1;1;4;1;1;0;0;3;0;3;0;0;0;0;0;0;3;0;0;1;1;1;1;0;0;0;0;0;1;0;2;3;0;1;0;0;1;0;0;0;1;0;1
09177000;1;0;2;2;0;0;4;0;2;0;0;0;0;1;0;0;0;1;4;11;0;0;0;3;3;0;11;6;0;2;0;0;1;0;0;1;1;1;0;0;0;0;0;0;0;0;0;0;0;1;0;0;0;0;0;3;0;0;0;0;0;0;0;7;12;3;3;1;2;1;0;2;0;0;8;2;0;3;0;5;0;2;1;7;0;1;3;7;8;0;1;0;2;0;0;4;2;0;1;0;0;1;0;2;3;5;0;0;0;1;7;0;0;0;7;0;1;0;1;0;0;0;0;0;5;0;0;12;0;6;0;0;0;2;0;4;5;0;0;1;1;2;0;0;3;0;0;0;1;0;1;0;1;0;0;5;0;1;1;1;1;0;0;0;1;0;0;0;0;0;0;8;0;0;3;1;6;0;0;0;0;1;2;0;0;1;0;0;1;0;11;3;0;0;5;3;0;2;1;0;0;0;0;3;3;0;6;1;1;0;3;0;7;0;0;2;2;6;0;8;0;0;0;0;7;4;0;0;0;0;3;0;0;0;6;2;0;184;0;10;0;0;4;10;6;7;5;0;0;3;14;125;17;6;23;6;36;2;26;0;5;0;3;1;0;0;1;0;5;0;2;0;1;0;0;10;0;1;1;3;5;2;1;0;0;1;0;0;0;0;1;0;0;3;0;1;0;0;8;4;0;0;3;4;0;10;0;0;5;10;0;4;0;0;1;4;7;0;0;0;4;0;1;1;0;0;0;3;1;4;0;0;3;0;1;2;4;0;2;1;3;0;0;2;0;0;0;1;1;5;2;3;0;3;3;0;5;0;2;2;2;2;8;4;2;0;2;0;0;1;1;0;2;0;3;0;0;1;1;0;0;3;1;0;0;5;0;0;2;4;0;0;1;1;0;0;0;0;0;0
09178000;3;0;2;0;0;7;0;0;6;0;0;7;0;3;3;0;0;0;1;1;0;0;2;3;0;0;0;3;0;0;0;4;0;1;3;1;0;0;4;0;2;0;0;0;0;2;2;0;1;1;3;2;0;0;3;0;0;0;0;0;0;0;2;0;0;0;2;1;3;2;0;0;7;0;0;0;0;0;0;0;0;0;0;0;2;0;0;0;0;0;4;1;5;0;0;2;0;0;0;0;1;0;0;0;0;0;0;0;1;0;0;4;1;0;0;4;0;0;0;13;0;12;0;0;0;1;2;0;0;0;0;0;0;0;0;0;2;0;0;0;0;0;0;0;2;1;3;0;4;2;0;2;1;3;2;0;0;0;0;1;0;0;0;1;1;0;3;0;3;0;2;0;0;0;0;1;0;0;5;0;0;0;5;0;0;0;0;0;0;0;0;2;0;0;4;0;0;0;0;0;14;0;0;0;6;0;7;0;0;1;0;1;7;0;0;2;0;7;8;4;14;0;32;0;23;0;0;16;0;0;9;63;0;0;4;18;0;16;0;3;75;17;6;29;6;145;0;0;5;15;56;156;14;10;0;7;32;4;20;0;5;0;2;5;24;16;0;0;0;1;3;0;0;0;0;12;0;0;1;0;6;0;8;22;0;0;5;0;0;3;0;0;0;2;0;0;4;0;0;0;0;2;6;0;17;0;5;0;13;0;0;1;0;4;5;1;0;9;3;0;3;4;0;0;0;0;1;0;0;0;0;2;0;2;0;0;0;0;2;1;0;0;0;0;1;2;0;0;1;0;3;0;3;4;0;0;9;0;7;3;3;12;0;0;0;0;0;2;0;0;0;2;0;0;6;0;0;1;0;0;3;0;9;3;1;0;4;1;3;9;2;5;2;0;0;0;0;0;1;2
09179000;0;0;0;0;1;0;0;6;3;1;3;0;0;0;0;0;0;0;0;1;1;8;0;0;0;0;3;0;2;1;0;0;4;0;0;0;0;2;0;0;1;9;1;1;0;1;0;1;0;1;1;3;0;3;0;0;2;0;1;0;1;0;1;0;1;3;0;0;0;2;0;0;0;0;0;1;0;5;0;5;2;4;0;0;5;0;0;0;0;0;3;5;3;0;5;0;7;0;0;3;1;0;0;3;4;0;1;0;2;3;0;0;0;0;7;0;1;2;1;0;0;0;0;7;0;0;1;1;1;3;0;0;5;2;0;5;3;4;4;0;0;1;2;0;0;2;0;0;0;6;1;0;0;0;0;2;0;1;0;0;0;9;0;1;0;0;4;0;0;0;0;0;0;0;0;1;0;0;0;1;0;0;0;5;0;0;1;5;6;0;0;0;0;4;0;0;1;3;0;0;5;0;0;5;1;0;3;0;14;0;0;5;11;0;5;9;0;0;3;0;7;0;31;0;59;85;9;15;68;0;19;44;72;0;0;141;0;80;0;37;62;67;193;64;26;7;2;7;22;6;10;15;21;6;7;6;15;2;0;3;0;0;7;0;3;3;1;0;0;0;0;7;0;0;0;0;0;0;0;14;2;9;0;30;1;0;0;1;15;5;1;0;0;3;0;0;1;0;0;3;0;1;0;0;74;16;15;0;109;79;3;15;2;2;13;26;0;0;0;3;0;2;4;1;0;0;0;0;1;2;5;0;1;0;0;0;5;0;0;0;0;3;0;0;0;2;1;4;0;6;2;0;9;0;5;0;6;0;2;2;9;0;4;3;1;9;3;3;0;0;0;2;2;0;4;0;0;1;0;10;0;2;3;0;0;0;3;0;0;0;0;0;0;0;0;6;3;5;1;0
09180000;0;2;0;0;1;0;0;0;1;0;0;4;0;0;1;0;2;1;0;0;0;0;0;0;0;0;3;2;0;0;0;0;0;2;1;0;0;0;0;1;1;0;1;1;0;0;11;0;0;0;0;0;0;1;0;0;2;0;0;0;0;4;1;0;0;0;4;0;0;0;3;0;2;0;0;0;0;0;0;0;0;0;0;6;2;2;0;0;0;2;0;3;2;0;0;5;0;0;1;1;6;0;0;0;0;0;0;0;0;0;0;3;0;0;0;1;0;0;0;0;0;4;0;0;0;0;0;0;0;0;0;0;0;3;0;3;0;3;2;0;0;0;0;5;5;9;0;0;0;0;0;0;0;2;0;1;0;0;0;0;2;1;3;0;0;0;0;0;0;0;0;0;0;0;3;0;0;0;15;5;0;0;0;0;0;5;0;4;3;0;0;0;0;0;2;1;0;0;1;0;1;0;0;1;3;0;6;0;2;1;16;6;0;0;4;0;0;0;2;0;0;1;4;0;0;43;6;124;0;0;0;0;0;16;0;44;43;22;90;2;1;144;29;70;125;0;1;0;3;3;0;0;5;1;0;2;0;0;8;5;0;1;4;1;0;5;0;3;2;1;0;2;0;0;1;1;8;2;0;5;3;0;0;1;0;2;0;0;0;1;7;0;0;3;2;5;5;1;0;1;2;0;0;2;34;4;15;0;0;5;0;4;0;0;0;0;0;9;0;0;0;0;0;1;0;0;4;0;1;0;0;0;0;1;0;3;0;1;0;0;0;3;0;0;0;0;0;0;2;0;1;0;0;0;0;4;3;2;6;5;14;2;0;0;0;0;0;0;0;1;4;1;0;0;4;0;0;0;2;0;1;0;0;0;1;0;1;0;0;0;0;0;0;1;0;2;4;1;4;0
09181000;0;0;0;0;0;2;0;0;0;1;6;1;0;0;0;0;0;5;1;1;1;1;0;2;0;0;0;0;0;3;0;3;0;1;0;2;0;3;0;1;0;3;0;4;0;3;0;1;0;0;3;0;8;0;0;2;0;3;0;2;0;0;0;2;0;4;2;2;0;2;0;0;0;0;0;0;0;0;0;0;0;0;0;4;0;0;0;2;0;0;4;0;0;0;3;1;3;2;2;0;0;3;0;4;0;0;3;0;0;0;0;0;0;0;1;0;0;0;2;0;2;0;4;0;0;0;0;5;2;0;0;0;1;4;0;1;1;0;0;0;0;0;1;0;0;0;3;0;7;2;1;0;1;0;0;0;0;0;0;0;1;2;1;0;0;1;2;0;1;0;0;0;0;0;7;0;1;0;0;2;0;0;0;4;1;0;2;5;2;0;4;0;3;0;2;0;0;4;0;0;1;5;1;8;0;6;0;0;0;0;3;0;0;0;2;0;0;4;0;0;0;0;4;0;0;0;0;0;0;16;1;0;0;0;0;0;0;0;0;0;0;14;0;2;0;1;0;0;0;7;0;5;2;3;2;9;5;0;0;1;0;3;0;0;5;3;0;0;4;0;0;0;0;0;0;3;0;0;1;7;0;0;0;0;0;3;2;1;0;0;0;2;0;0;0;3;0;3;0;0;2;0;0;0;71;24;0;0;0;90;0;9;2;0;67;18;3;13;8;0;6;1;5;0;0;0;1;1;1;0;0;0;0;0;1;0;0;0;0;0;2;2;0;2;1;1;1;4;0;0;2;1;1;4;2;0;8;0;0;1;0;11;0;2;0;2;4;0;0;0;0;0;0;0;0;1;0;1;1;0;0;0;1;0;0;0;0;1;1;3;1;0;1;2;1;0;0;1;0;1
09182000;1;2;0;3;1;3;0;0;0;5;0;0;0;0;0;0;0;1;0;0;0;0;0;0;0;1;0;0;2;0;0;0;0;2;0;0;0;4;0;0;0;1;0;0;0;0;0;0;2;3;1;1;0;2;0;0;2;0;0;0;0;5;1;0;0;0;0;0;2;0;0;0;0;0;0;2;0;2;2;0;2;3;0;0;0;0;6;0;1;0;0;0;0;5;0;0;0;0;0;0;0;1;0;0;0;0;0;0;0;0;0;2;0;3;0;0;0;0;3;0;2;5;0;0;0;0;0;0;0;1;3;8;0;0;1;0;0;0;0;0;0;1;1;0;0;0;0;0;0;0;0;1;0;1;0;0;0;1;1;0;0;0;1;0;1;1;0;0;0;0;0;0;0;0;0;0;0;0;0;1;8;0;0;0;5;0;2;0;2;5;4;0;0;1;4;1;0;0;0;0;5;0;0;8;0;0;0;0;1;2;3;6;2;4;5;0;0;5;0;1;2;0;2;0;33;0;0;61;4;13;0;7;4;12;0;7;0;0;0;8;0;106;0;2;18;2;1;4;1;9;3;3;2;2;8;1;9;0;9;0;3;3;0;0;0;0;0;0;0;3;1;2;0;0;1;18;0;4;3;17;1;2;0;5;0;4;0;0;0;0;0;4;0;0;0;7;0;0;0;0;1;0;0;0;17;2;0;0;12;0;1;2;3;0;16;3;1;0;2;1;0;0;0;3;0;0;0;0;0;1;0;0;2;0;0;0;1;0;0;0;0;0;2;1;0;0;0;0;0;1;0;1;0;1;4;5;0;5;0;5;0;0;2;0;0;2;2;0;0;0;1;0;0;3;4;3;2;2;0;0;1;0;0;0;0;0;0;0;0;0;0;0;2;0;1;2;1;0;0;2
09183000;0;1;0;2;1;0;0;0;0;0;0;0;0;0;0;7;0;3;0;0;2;0;0;0;0;3;0;0;1;2;2;6;1;2;0;3;1;0;0;0;0;0;2;5;0;0;0;4;0;0;0;4;2;0;0;0;0;0;0;0;2;2;1;3;8;1;0;0;0;0;0;0;0;0;9;2;1;0;0;1;0;0;0;0;0;2;0;0;1;0;0;0;1;1;0;0;0;0;0;1;0;0;3;2;0;0;1;0;0;3;0;0;1;9;0;0;0;3;0;0;2;4;0;0;0;0;0;0;2;4;0;0;0;0;0;4;0;0;4;0;0;0;1;0;0;1;0;2;0;1;0;1;0;1;1;0;0;0;0;0;0;0;0;0;0;1;0;0;0;0;0;0;0;1;0;4;2;0;0;0;2;0;0;8;0;1;2;0;1;0;0;0;0;1;0;1;0;0;4;0;0;0;2;0;0;0;0;0;3;0;2;0;3;0;1;0;0;2;2;0;4;0;0;0;56;126;92;0;3;0;17;0;0;0;0;0;36;0;16;28;0;0;21;108;0;20;0;5;0;2;0;0;21;4;90;0;0;4;0;1;3;4;9;3;3;0;0;0;2;1;1;6;0;0;0;4;2;1;1;2;0;7;0;10;0;0;0;0;3;1;0;0;0;0;2;0;0;0;0;0;0;0;0;0;8;1;1;1;6;4;5;0;2;6;0;1;1;9;0;0;1;0;0;0;7;0;0;0;0;0;0;0;0;0;1;0;0;0;0;0;0;1;0;1;0;1;0;0;1;0;2;0;0;7;0;0;2;0;0;0;1;0;3;0;0;2;6;0;2;3;0;0;0;1;0;1;0;0;0;0;0;0;0;0;1;1;1;1;1;0;2;0;0;1;0;1;1;1;0;0
09184000;0;13;3;0;0;0;6;6;9;0;2;7;3;3;1;0;0;8;0;0;0;4;2;0;0;0;0;9;0;0;0;1;1;0;3;4;0;1;0;4;1;5;2;4;0;0;0;0;3;0;4;0;0;1;1;0;0;0;5;2;0;2;5;0;2;0;0;0;0;1;0;0;0;7;0;7;2;0;0;0;3;0;0;10;3;0;0;0;0;0;0;0;4;0;0;7;2;0;2;11;0;0;6;0;0;0;0;0;0;0;2;1;0;0;4;0;4;0;0;0;0;0;0;0;1;0;0;0;0;0;0;4;0;0;0;5;0;0;3;8;0;0;6;0;2;0;0;0;7;1;0;3;1;0;0;0;0;0;0;0;2;0;0;1;1;0;4;0;1;0;1;0;0;1;0;0;0;0;0;0;0;0;0;0;0;12;6;1;2;4;8;1;0;10;0;8;6;7;7;0;0;0;0;4;1;4;2;4;0;0;0;9;0;2;6;15;13;5;2;0;11;0;0;0;0;31;23;64;68;217;14;79;169;19;0;51;28;0;0;0;79;116;48;23;19;3;2;0;26;22;8;44;24;10;46;10;22;0;0;0;4;16;0;18;23;7;5;5;0;0;0;2;3;6;0;4;0;1;0;0;0;0;1;2;0;4;0;1;7;5;14;3;0;0;0;0;6;0;3;0;9;0;0;0;54;12;2;0;34;24;15;14;9;11;19;16;11;6;1;0;4;0;0;3;0;0;2;0;0;1;3;1;0;0;2;1;5;6;0;0;0;0;5;6;0;6;0;4;7;3;2;9;0;8;14;10;0;0;0;0;3;0;0;0;0;0;5;1;0;0;2;5;0;0;3;0;0;5;2;2;0;9;12;6;0;0;0;2;3;2;0;4;0;0;6;0;0;0;3;0
09185000;0;0;2;0;0;0;0;1;1;1;0;2;6;0;0;1;0;0;0;0;1;3;0;0;0;0;0;0;2;0;0;0;0;1;0;3;0;0;0;0;0;0;0;1;0;1;1;0;4;0;3;0;0;1;0;0;0;0;0;0;0;1;0;0;0;1;0;0;0;0;0;0;0;0;2;0;0;1;1;0;0;3;1;0;0;0;0;0;0;1;2;2;1;0;7;0;0;2;0;0;1;0;0;1;0;4;0;2;0;2;0;0;0;0;0;0;0;0;0;5;2;1;1;0;0;0;0;2;0;1;2;0;0;2;0;0;1;0;1;0;1;0;0;0;0;0;1;0;0;0;0;0;0;0;0;0;0;0;0;0;1;7;0;0;0;1;0;0;0;0;0;0;0;0;0;1;1;0;0;1;0;5;6;2;2;0;0;0;4;0;0;0;0;0;0;2;0;1;1;0;2;5;1;0;4;0;2;2;4;2;2;0;8;0;0;0;1;3;6;3;7;0;64;9;5;5;0;0;0;0;56;0;0;0;0;10;0;0;14;0;0;8;0;6;2;0;0;2;0;3;14;0;0;6;0;4;0;1;0;0;0;0;0;0;6;0;1;0;0;0;1;6;1;0;0;4;4;0;0;0;0;0;0;12;0;2;0;0;0;0;19;8;4;3;1;3;0;2;0;1;0;0;0;0;0;1;0;0;0;0;5;0;0;3;0;0;34;4;4;0;0;0;0;0;12;0;1;0;0;0;0;0;0;1;0;0;0;0;0;0;2;0;0;0;0;0;1;0;0;0;0;1;4;2;1;3;1;0;0;2;0;0;0;0;0;0;2;0;1;2;0;0;0;0;1;1;0;2;0;1;0;0;0;1;1;0;0;0;0;1;0;0;0;0;1;2;1;0;1;1
09186000;0;1;0;1;0;1;4;2;0;1;0;0;0;0;0;11;0;4;0;0;4;4;0;3;0;1;5;2;6;0;0;3;1;0;3;0;1;0;0;0;0;2;4;0;0;0;0;0;0;0;0;0;0;1;0;1;0;0;2;0;0;2;0;1;3;0;6;0;0;0;0;0;2;0;0;0;0;4;0;0;1;3;1;1;4;0;0;6;0;1;0;0;0;0;0;1;6;0;0;0;0;0;0;0;0;0;0;0;0;0;0;2;0;0;6;0;0;0;0;0;2;0;0;0;0;0;0;0;2;0;0;0;0;1;0;0;0;0;0;2;5;4;0;0;1;3;0;0;0;0;0;0;0;0;0;0;2;1;1;1;2;3;0;0;0;2;2;0;1;0;0;3;0;0;1;0;0;0;0;0;0;0;0;0;0;0;3;5;0;0;2;1;0;0;0;2;0;0;9;9;0;0;1;2;15;0;6;2;13;4;3;0;0;5;5;0;2;3;6;0;1;0;1294;0;5;98;21;49;0;120;135;25;0;0;0;6;0;24;0;90;0;0;60;48;0;0;0;2;15;9;13;4;11;4;0;0;5;1;18;0;0;15;15;0;3;6;4;0;0;0;3;1;1;3;0;3;0;7;2;9;0;2;0;14;0;0;5;2;0;5;0;18;0;1;1;0;0;0;0;2;3;0;4;0;45;0;4;1;25;4;2;8;0;2;10;3;0;6;1;0;0;0;0;0;0;0;1;0;0;0;0;1;0;1;0;0;0;1;5;0;2;0;1;0;0;2;0;0;0;3;1;0;0;0;1;0;0;0;1;4;1;9;1;4;1;0;3;0;0;0;0;1;0;0;4;2;2;3;0;0;0;0;0;0;0;4;0;0;5;0;0;2;0;1;0;0;0;3;0;1
09187000;2;0;1;0;1;1;2;0;0;0;0;2;0;0;2;0;0;3;3;0;0;0;1;3;1;0;0;0;3;0;0;3;0;0;0;0;1;0;0;0;1;0;6;0;0;0;0;3;0;0;0;7;5;0;0;3;0;2;0;0;1;6;0;1;0;0;1;0;0;0;0;0;0;4;0;0;0;0;10;0;1;0;0;12;0;1;1;0;0;0;0;2;0;0;3;0;2;0;0;0;0;0;0;0;1;1;1;0;0;0;0;0;0;0;2;0;0;0;0;0;0;0;0;4;0;0;0;0;0;5;1;0;0;0;0;0;2;0;1;2;2;2;0;0;1;0;0;0;0;2;0;2;0;1;0;3;1;1;0;0;0;0;0;0;4;0;5;0;0;0;0;0;2;0;0;0;0;2;0;0;9;2;0;0;2;0;0;3;3;2;0;1;0;4;3;2;0;0;0;0;0;1;0;3;0;0;0;0;0;0;0;1;0;0;14;6;3;3;0;3;1;0;0;0;0;31;0;0;0;0;7;7;0;0;0;0;0;103;0;0;7;0;1;104;18;0;0;0;4;4;2;22;36;0;8;0;0;0;15;7;1;0;0;3;0;4;1;3;6;0;1;0;2;7;3;0;0;0;0;3;0;0;0;0;0;6;0;0;0;0;2;3;0;4;0;1;0;2;6;5;1;0;0;0;29;0;0;1;0;0;0;0;3;3;5;0;11;5;0;0;1;0;2;1;0;0;0;0;0;0;0;3;0;0;0;7;0;2;3;0;1;1;5;1;1;0;1;0;5;0;4;3;0;6;15;0;0;4;0;0;6;7;2;1;1;0;0;4;2;0;0;0;0;0;4;2;1;3;0;0;0;0;1;2;3;0;1;4;0;0;0;0;0;0;0;2;3;2;6;0
09188000;4;8;3;0;0;0;0;0;0;0;3;3;0;0;1;0;0;1;0;2;0;0;0;0;0;2;3;0;0;0;4;4;0;0;0;0;0;1;0;2;4;0;0;0;0;4;0;0;0;2;0;1;0;0;1;3;0;2;0;0;1;0;5;0;0;0;0;0;4;2;0;7;0;1;0;0;0;0;6;0;0;0;1;0;2;0;0;2;7;0;1;2;0;1;0;2;4;0;0;2;3;6;0;0;0;0;0;0;2;2;1;0;3;0;0;3;0;0;1;0;0;0;0;0;2;0;1;0;1;0;2;0;0;5;1;0;0;0;0;0;0;0;3;0;0;0;0;1;2;2;1;0;0;0;1;0;0;0;0;0;0;0;0;0;0;3;0;0;0;0;0;0;0;1;1;0;1;0;0;1;0;0;0;0;0;0;0;0;0;1;1;0;0;0;3;3;9;0;4;0;0;0;3;14;0;0;0;5;1;1;0;2;0;0;14;0;0;3;3;0;4;0;0;0;8;1;6;51;6;0;7;0;0;0;0;108;1;0;0;9;0;0;0;0;156;10;0;0;0;2;0;0;14;1;15;0;9;1;1;2;2;0;5;1;0;0;1;0;0;1;0;0;2;1;0;4;1;2;7;1;0;1;0;25;0;2;0;5;0;3;0;0;0;0;0;0;1;3;3;0;1;7;0;0;42;2;2;0;8;16;0;0;1;3;14;0;0;15;0;0;3;0;2;0;0;5;2;0;0;5;0;0;0;2;8;1;0;1;0;0;0;0;0;0;0;2;7;0;1;0;0;4;3;0;0;0;0;0;4;0;0;8;5;3;0;0;9;0;2;0;4;6;0;0;0;0;3;3;0;0;1;1;0;0;0;0;0;0;1;0;0;0;0;4;0;1;0;0;0;0
09189000;1;0;1;0;0;0;3;0;1;0;0;0;0;2;0;0;2;0;0;2;0;0;0;2;0;0;3;5;3;0;0;0;0;0;7;0;0;0;0;0;0;4;0;0;1;0;0;0;0;0;0;0;2;0;0;0;1;3;1;0;0;0;0;0;9;0;0;3;0;3;0;5;0;0;0;0;0;2;0;16;0;0;0;0;0;0;0;0;4;0;0;0;0;1;0;0;0;0;0;3;1;1;0;0;0;0;2;2;0;0;0;0;0;0;0;1;1;0;2;1;0;0;0;0;0;0;0;3;0;0;0;0;1;2;0;0;0;0;0;0;1;3;0;1;0;0;0;0;0;0;1;4;1;0;0;0;0;0;0;0;0;0;0;0;0;0;0;2;1;0;0;0;0;0;0;1;0;4;5;0;2;0;0;0;0;0;3;2;0;3;0;6;8;3;0;2;6;0;0;6;0;0;4;5;3;7;0;0;0;0;4;0;0;0;3;0;0;3;0;0;2;2;0;0;46;193;0;0;0;0;18;0;0;0;0;0;0;0;0;0;0;0;1;0;0;1;0;7;0;6;1;1;18;3;0;0;4;0;8;0;4;0;3;0;5;10;0;0;1;0;3;0;0;2;0;0;0;0;0;8;0;8;3;0;0;6;0;8;0;0;1;0;2;9;0;6;0;0;0;5;7;1;0;4;7;1;2;1;2;0;5;0;3;0;0;0;6;0;4;0;1;0;0;0;0;1;0;0;2;0;0;1;0;0;0;0;1;0;1;0;0;1;0;4;0;3;3;10;3;0;1;1;2;0;3;0;6;0;0;0;0;9;0;0;0;0;0;0;4;0;0;0;1;0;2;0;0;1;1;0;2;0;0;0;0;1;0;2;0;0;1;0;0;0;1;0;0;3;0;0
09190000;1;0;1;0;0;0;7;5;0;1;4;3;1;1;0;0;3;2;0;0;0;0;2;0;0;10;0;0;6;0;0;0;0;0;1;0;0;0;0;0;0;0;2;4;0;0;1;0;0;1;1;0;0;0;0;0;0;0;0;0;1;1;0;0;2;0;0;0;0;0;0;0;0;3;0;1;0;0;1;0;1;8;0;2;0;1;1;1;4;0;0;0;3;0;2;0;0;0;0;1;0;0;1;1;0;11;0;1;0;0;2;0;0;0;0;6;2;0;0;1;2;0;0;0;0;0;0;0;6;1;0;0;1;0;2;0;0;2;1;0;1;0;0;0;0;4;0;0;8;1;0;0;0;0;0;0;0;0;0;0;2;0;2;0;0;0;0;1;0;0;1;0;0;0;3;0;0;0;0;1;0;1;0;2;0;0;0;0;7;0;10;1;0;5;0;0;6;0;0;2;0;0;0;6;4;1;3;0;0;4;5;12;3;0;4;0;4;0;6;3;0;0;0;0;17;0;3;0;14;0;1;0;0;0;0;13;0;11;0;0;0;0;0;4;0;4;0;0;1;4;3;0;2;1;12;5;1;1;0;0;1;0;4;5;0;0;0;0;0;0;1;4;0;0;0;0;0;1;2;11;0;0;2;5;1;9;0;0;0;3;2;7;0;0;0;2;2;0;6;1;5;0;0;0;49;0;0;0;0;0;0;0;10;0;25;0;3;0;3;0;0;3;0;0;0;6;0;0;1;2;0;0;0;0;2;0;0;1;0;1;1;1;1;1;0;2;0;0;0;0;2;0;3;5;0;0;0;3;0;0;1;0;0;1;1;0;0;0;3;0;0;2;0;0;2;0;0;1;3;2;0;1;0;0;0;2;0;0;9;1;0;0;0;0;0;0;0;0;1;0
09261000;0;1;0;3;1;0;3;0;1;0;0;0;0;1;0;0;1;0;0;0;0;0;0;2;0;0;3;2;0;0;0;0;0;0;0;1;0;0;0;0;0;0;2;1;0;0;1;1;0;0;0;1;8;1;0;0;0;0;0;1;0;2;0;4;0;0;0;0;0;4;0;1;0;0;1;0;0;0;0;0;0;0;1;1;1;0;1;0;1;0;0;0;0;2;1;4;3;0;0;0;0;0;2;0;3;0;0;1;1;1;6;1;0;0;0;0;2;0;2;2;0;3;0;0;0;2;0;0;0;0;3;3;3;1;0;0;0;2;0;0;0;0;0;0;0;0;0;0;0;0;0;0;0;0;0;1;0;0;0;0;1;0;0;0;0;0;0;0;0;1;0;0;0;0;0;0;0;0;6;0;2;0;0;0;0;2;0;2;0;1;1;5;2;3;4;0;0;0;2;0;1;0;0;0;0;0;4;1;0;2;3;0;1;0;0;1;0;0;0;1;0;0;9;0;2;0;0;1;1;0;9;0;0;0;4;0;0;0;0;2;6;7;0;0;0;0;0;15;0;0;0;263;0;0;0;4;30;0;30;0;0;0;0;0;16;0;0;25;0;2;0;11;0;0;0;2;0;0;0;0;0;0;5;24;1;0;2;0;5;0;0;6;0;0;8;1;0;2;0;1;3;2;1;0;1;0;0;1;5;1;0;1;4;1;0;0;12;0;1;0;0;0;0;0;0;0;1;0;0;0;0;0;0;0;0;3;1;2;1;0;0;0;0;0;1;1;0;0;0;0;0;0;0;0;2;8;4;0;3;0;12;10;0;0;0;0;0;0;0;0;0;1;0;0;1;0;1;1;0;0;0;0;1;0;0;0;0;0;0;0;0;0;0;0;0;0;0;0;0;0
09262000;2;1;0;0;0;0;2;0;4;2;1;3;0;2;1;23;0;0;0;0;0;0;0;9;1;0;15;0;0;0;0;0;0;0;0;0;0;0;0;0;0;0;1;2;0;0;1;3;0;2;0;0;0;0;0;0;0;0;0;0;0;2;0;10;2;2;2;3;1;1;0;0;5;2;1;0;0;0;11;8;0;0;0;2;0;1;1;0;0;1;2;0;2;2;0;0;1;2;0;0;0;3;0;2;10;2;1;0;1;0;1;4;1;0;0;0;1;7;0;5;0;1;0;1;4;3;0;1;0;6;0;1;0;0;0;4;0;0;1;0;0;1;0;0;0;2;0;0;1;0;1;2;0;2;0;0;0;2;0;0;1;2;3;0;0;0;2;0;0;0;3;3;0;0;1;2;0;0;9;2;0;0;1;6;1;1;0;1;0;0;0;1;0;2;2;0;1;1;6;2;3;0;0;0;0;1;4;0;0;0;0;4;0;0;3;1;1;1;1;0;1;1;6;103;0;0;0;0;0;0;0;0;5;0;0;3;0;1;0;1;2;4;2;7;7;9;0;13;0;0;0;0;0;0;0;0;0;0;17;0;0;5;3;0;0;0;0;0;8;2;2;0;0;2;0;0;0;0;4;1;6;2;7;44;0;0;0;4;0;1;0;1;0;2;0;0;0;3;6;0;0;2;5;3;10;0;0;1;2;0;0;4;8;2;5;0;5;0;2;1;2;0;0;0;1;1;6;1;0;4;0;0;0;1;0;1;2;0;1;0;1;0;0;2;2;0;1;0;0;0;0;4;1;0;0;1;8;1;0;0;1;13;0;1;0;2;0;0;0;1;1;0;2;1;0;0;0;2;0;0;6;2;1;0;0;0;1;0;0;0;0;0;2;0;0;0;0;1;2;0
09263000;0;1;0;0;0;0;0;0;3;0;0;0;0;0;0;3;1;0;1;0;1;1;0;0;3;5;2;0;0;2;0;0;0;0;0;0;0;0;0;0;0;1;0;2;0;0;0;9;1;0;0;0;0;1;2;0;0;0;0;1;0;0;1;1;0;1;0;1;0;0;0;0;0;0;2;1;0;2;0;0;0;2;0;0;0;0;0;0;0;0;0;0;0;0;1;0;1;0;0;2;0;2;0;0;1;0;0;0;1;0;0;3;0;0;0;0;2;9;1;0;0;0;0;2;0;0;0;6;0;0;1;0;0;0;0;0;0;0;0;1;0;0;1;0;0;0;0;0;0;0;0;0;0;0;0;1;0;0;0;0;0;1;0;1;0;0;0;0;0;0;0;0;0;0;0;2;0;1;5;3;0;2;4;0;0;1;0;0;0;0;0;0;0;3;0;0;0;0;0;0;0;1;0;1;0;0;0;0;1;0;0;0;0;0;0;0;1;0;1;0;0;0;1;60;0;4;2;0;1;1;0;8;6;0;1;3;0;0;14;0;0;9;6;0;1;0;0;0;0;0;5;0;0;0;0;0;0;0;0;6;0;0;0;0;14;0;0;1;1;1;0;0;0;0;0;0;0;0;0;2;0;1;1;0;0;0;0;0;1;6;0;0;2;1;1;0;3;0;0;0;0;1;0;0;8;0;0;0;1;0;0;0;0;0;0;0;2;0;3;0;0;0;0;0;0;0;0;0;0;0;0;0;0;0;0;2;0;0;0;0;0;2;0;0;0;0;0;0;2;0;3;0;0;2;1;0;0;1;1;0;0;5;0;1;1;1;2;0;3;0;0;3;0;0;0;0;3;0;0;0;2;0;0;0;0;0;0;0;0;2;0;4;0;0;0;0;0;0;0;0
09271000;0;0;2;2;0;0;0;0;1;1;3;1;0;0;0;0;3;0;2;1;0;0;0;1;0;0;9;0;1;0;0;0;1;0;1;0;0;0;1;0;1;0;0;0;0;0;0;2;0;0;0;0;1;1;0;2;0;0;0;0;0;0;3;0;0;14;0;0;1;1;4;0;0;0;1;0;0;2;5;0;1;5;0;0;0;0;0;0;3;0;0;1;1;0;0;0;0;2;0;0;0;0;0;3;4;0;0;0;11;0;0;0;0;0;0;0;1;3;1;0;0;4;2;0;0;0;1;0;0;0;0;0;0;1;0;0;2;0;0;1;0;0;0;0;0;0;3;0;1;0;1;0;0;0;0;1;0;0;0;1;0;0;0;0;0;2;0;0;0;1;0;0;1;0;0;0;3;0;3;1;0;9;0;0;5;0;0;0;0;0;0;0;0;5;0;3;4;0;3;0;2;0;0;3;0;0;1;0;2;0;0;6;0;8;0;1;1;0;0;0;1;1;31;0;3;24;0;0;0;0;7;0;0;0;0;0;0;0;0;0;0;0;8;0;0;27;42;94;0;201;306;233;322;42;149;47;458;7;57;4;0;1;0;0;5;3;0;0;0;0;0;3;0;0;0;1;1;0;1;2;0;0;6;54;0;0;0;0;4;7;15;0;10;1;0;0;0;4;3;3;5;0;2;0;8;1;1;0;0;1;0;0;8;0;0;0;0;8;0;0;0;0;0;0;6;0;2;0;0;0;2;0;0;0;2;0;4;3;0;0;1;0;3;0;1;1;0;0;1;3;0;0;2;0;0;0;6;0;1;0;0;0;0;0;1;0;2;0;0;2;0;2;0;0;0;0;1;0;0;1;0;0;0;0;3;0;0;0;0;0;0;0;0;0;0;1;0;0;0;0
09272000;0;6;0;0;0;1;0;0;0;1;0;0;0;0;2;0;0;0;1;0;2;0;0;0;0;0;1;0;0;0;0;1;0;2;0;0;0;0;0;0;0;0;0;0;0;0;0;0;0;0;0;0;0;0;1;2;0;0;0;0;2;8;0;2;0;1;2;1;1;1;0;0;0;5;0;0;0;1;2;3;1;0;0;0;2;3;0;0;0;0;0;0;3;3;2;0;0;2;0;0;0;0;0;1;2;0;0;2;1;1;0;0;5;4;0;0;1;0;0;0;1;0;2;0;0;1;0;5;0;1;0;0;0;2;0;2;0;1;0;0;0;2;0;1;0;0;0;1;0;0;1;0;2;0;0;0;0;0;0;0;0;0;0;0;0;0;0;0;0;0;0;1;1;0;0;0;0;0;0;1;4;0;0;5;2;4;0;0;0;0;2;0;0;0;1;1;0;0;3;1;0;0;0;0;1;0;3;0;0;0;0;0;0;0;0;1;0;5;1;0;4;0;0;0;0;0;4;0;0;0;0;0;0;0;0;0;0;0;0;0;0;0;0;0;0;15;86;19;0;0;14;0;39;9;13;0;15;0;0;0;0;0;3;0;0;0;2;0;1;2;5;0;0;2;0;8;0;0;1;2;0;0;6;56;0;10;0;0;0;3;0;0;3;2;1;4;1;0;1;2;1;0;4;1;16;0;0;0;0;4;0;0;0;0;0;0;2;2;3;0;0;0;0;0;0;0;0;0;3;1;0;0;3;0;0;0;0;0;0;0;1;0;0;0;1;1;0;0;0;1;0;0;0;0;0;1;4;0;0;0;0;5;0;0;0;0;0;0;0;1;1;0;0;0;0;0;0;0;2;0;0;0;0;0;0;0;1;0;0;0;0;0;0;0;0;0;0;0;2;0
09273000;0;0;0;1;0;0;1;1;0;0;3;0;0;2;1;4;0;0;0;0;1;0;0;0;0;1;7;0;0;0;0;0;1;0;0;0;0;0;0;2;0;0;0;3;1;0;0;0;3;0;0;2;0;2;0;0;1;0;0;1;0;2;0;0;3;1;0;0;1;0;0;0;0;2;0;0;0;0;1;4;0;0;1;1;0;0;0;1;0;1;0;0;6;0;2;6;0;0;4;1;0;3;0;0;3;0;2;1;2;0;5;2;0;0;0;1;0;0;3;2;0;3;0;0;8;0;1;2;0;0;0;0;0;0;0;1;2;1;1;2;1;0;0;0;0;1;0;1;1;2;0;1;2;1;0;0;0;2;1;0;0;0;2;0;0;0;0;0;0;0;0;0;0;0;2;0;0;0;0;4;0;0;1;1;0;0;0;0;3;1;0;0;0;1;1;0;2;0;0;2;0;0;0;0;0;2;5;0;0;2;2;4;4;1;0;2;0;2;8;0;1;0;0;0;4;0;3;0;0;0;0;0;0;0;7;1;0;3;0;0;0;0;0;0;0;14;11;0;0;0;0;35;0;0;0;31;2;3;0;0;0;0;3;6;0;18;0;0;5;1;0;1;4;0;6;2;0;2;2;9;0;0;3;39;3;0;0;4;0;1;5;5;0;2;0;0;0;1;2;3;3;2;0;2;23;3;0;3;0;0;0;1;0;2;6;0;0;4;0;0;0;1;0;1;0;0;0;0;0;3;0;2;0;0;0;3;0;0;0;0;0;1;0;0;0;1;2;0;0;2;0;3;7;2;0;0;0;0;4;2;2;7;4;0;0;0;0;2;0;0;0;0;0;0;0;0;0;0;0;0;1;0;0;1;2;0;0;0;0;0;0;0;1;0;1;0;0;1;0;0
09274000;0;0;1;2;2;0;2;1;2;0;0;5;2;0;0;5;3;1;5;0;0;0;0;0;0;6;0;0;0;0;0;2;0;0;6;0;0;1;3;2;2;3;0;0;0;3;3;0;2;0;0;0;0;0;0;3;7;0;0;0;0;4;5;0;0;0;3;0;0;0;0;0;0;0;2;0;0;0;0;7;0;5;0;0;1;0;0;2;11;0;1;1;5;0;0;2;0;0;1;0;0;0;0;1;0;2;2;2;9;1;0;0;0;0;4;0;0;1;0;0;0;2;0;0;4;0;2;0;0;0;5;0;2;0;0;0;0;0;0;1;0;0;0;0;0;1;5;1;1;0;0;1;0;0;0;0;1;0;0;1;0;0;1;0;2;1;0;0;0;0;0;0;1;1;0;0;0;0;11;1;1;1;0;5;3;0;0;0;0;4;2;0;0;5;0;3;3;0;3;1;1;0;3;0;0;2;0;0;0;0;0;7;4;4;1;0;4;0;0;0;10;0;0;0;3;0;0;0;0;0;0;0;0;0;3;0;0;4;0;2;0;0;6;0;2;0;5;0;0;7;0;0;29;3;68;46;35;1;11;7;0;2;0;0;6;0;4;4;0;0;3;0;0;0;0;12;2;0;1;6;0;0;8;0;0;0;10;0;1;0;0;0;3;0;1;0;7;0;1;0;4;2;1;1;9;0;0;0;0;0;0;0;3;0;0;0;2;1;6;4;6;2;0;2;0;2;0;1;0;1;0;1;8;1;0;2;2;2;2;0;3;0;0;0;0;0;0;6;0;3;4;1;0;3;3;0;2;0;2;2;2;3;0;0;0;4;0;0;0;0;0;0;0;1;0;2;0;0;0;0;2;3;0;0;0;4;0;2;0;0;0;0;0;0;1;2;0;0;0;0
09275000;0;3;3;0;0;0;0;0;0;1;4;2;0;0;0;9;2;0;0;0;5;0;3;0;3;0;0;0;3;0;0;0;1;0;0;0;0;0;0;0;2;0;0;0;0;0;0;3;0;0;4;0;0;0;5;0;0;3;0;0;0;3;0;0;13;8;0;1;2;8;0;1;3;2;0;0;1;0;0;0;1;0;2;0;0;0;0;0;1;3;2;0;0;0;7;0;1;0;4;0;2;0;7;1;0;0;2;0;5;2;3;0;0;4;1;0;0;0;3;0;1;0;0;0;0;1;0;0;0;0;0;0;0;0;0;1;0;0;0;4;3;0;0;0;0;0;0;0;0;1;2;0;0;0;0;2;0;0;0;0;0;1;0;0;1;0;0;0;0;0;1;0;0;0;0;0;0;0;3;0;0;0;0;0;0;1;0;2;0;0;3;3;4;1;3;2;4;0;0;4;0;1;8;5;3;0;1;0;3;3;0;0;1;0;8;0;1;1;0;0;0;1;0;5;0;11;0;3;0;0;0;0;0;0;0;0;0;0;0;5;0;0;0;0;0;3;23;2;0;0;5;0;0;0;0;0;8;0;0;0;1;6;0;0;3;6;0;0;3;1;0;0;1;5;0;3;0;0;2;0;0;0;0;39;1;0;0;0;0;4;2;0;4;15;8;0;2;6;2;4;0;0;0;3;11;0;2;5;0;0;1;4;0;3;0;0;0;0;1;0;0;0;0;0;0;0;4;0;0;1;0;0;1;0;0;0;0;0;0;0;0;2;0;1;1;3;0;2;1;5;4;3;0;1;0;0;8;0;0;0;1;0;0;0;1;0;13;0;0;1;3;0;0;0;0;0;0;5;0;3;0;1;1;0;0;2;0;0;0;0;0;0;0;0;0;1;0;0;0;0
09276000;0;0;2;0;0;0;1;0;0;0;2;2;1;0;0;1;0;0;3;0;0;2;0;1;0;0;1;0;1;8;0;0;0;0;1;0;0;0;0;0;0;1;0;0;0;0;0;0;3;0;0;0;1;0;0;0;0;1;0;0;0;0;0;0;0;6;2;0;0;0;0;0;1;1;1;1;0;0;2;0;0;4;0;1;3;0;0;0;1;0;0;0;0;2;0;7;0;0;0;0;2;0;0;6;0;19;0;0;0;0;0;1;5;0;0;0;1;0;2;0;1;1;0;0;0;3;0;0;0;0;1;1;0;2;1;0;0;0;0;0;0;0;0;3;0;0;0;0;1;0;0;0;0;0;0;0;0;0;0;0;0;1;0;0;0;0;1;0;0;0;0;0;0;0;0;1;1;0;0;2;0;0;0;0;0;2;0;0;0;1;2;0;0;1;0;0;0;0;0;0;0;0;0;1;0;0;0;0;0;1;0;0;3;0;1;0;6;0;2;1;3;0;5;0;2;4;6;3;0;0;0;0;0;0;0;0;0;0;0;0;0;3;0;0;0;3;7;4;0;0;3;0;12;0;0;0;0;0;0;0;0;32;3;6;6;1;1;0;0;0;1;0;0;7;0;0;0;0;1;0;1;3;5;10;2;4;0;0;0;6;3;5;2;1;3;0;0;0;2;2;5;1;1;0;0;0;0;0;2;0;0;0;3;0;0;0;0;0;0;0;0;1;0;1;0;0;0;0;0;0;1;0;0;0;0;2;0;0;0;4;1;0;0;1;0;0;0;4;0;0;0;4;0;1;11;0;1;0;3;0;0;0;0;0;0;2;2;1;2;1;0;1;0;0;2;0;1;1;1;0;0;0;0;0;0;0;0;0;1;0;0;0;0;0;2;1;0;0;0;0
09277000;2;0;3;0;0;1;0;0;1;0;0;0;2;0;1;8;1;0;2;0;0;0;0;0;0;2;1;0;1;0;0;0;0;1;0;3;0;1;0;0;1;0;0;0;0;0;0;0;1;0;0;1;0;1;0;0;0;0;1;0;0;3;1;0;2;0;0;0;0;3;0;0;1;3;0;0;0;0;2;3;0;0;0;0;0;2;1;0;0;1;10;0;1;0;0;0;0;1;0;1;0;2;0;0;0;4;2;2;1;1;0;5;1;0;0;4;1;0;1;0;0;0;1;0;3;3;0;1;0;0;0;0;0;2;0;4;3;2;0;0;0;0;0;1;0;1;2;0;0;0;2;0;2;0;0;0;0;7;0;2;0;1;0;0;0;0;0;0;1;0;3;0;1;1;1;1;3;0;2;0;0;0;1;0;0;0;0;0;0;2;0;0;3;0;0;3;0;3;0;0;2;0;0;1;0;0;0;0;0;1;0;17;9;1;1;0;1;0;0;0;4;0;9;14;7;0;0;0;2;0;0;0;7;0;1;0;0;0;0;7;3;0;0;16;0;24;28;8;0;0;0;0;40;4;0;0;0;0;0;2;1;3;0;3;0;17;0;0;2;0;2;2;0;0;2;0;1;0;2;0;2;0;9;23;2;0;2;1;4;2;0;0;2;1;17;0;3;0;0;1;0;1;1;2;9;1;0;0;1;2;0;0;4;0;0;0;0;0;5;0;0;1;1;0;0;0;2;1;2;0;0;0;0;0;0;1;0;0;0;0;4;1;0;2;0;2;1;0;1;0;0;0;0;0;0;9;0;0;0;0;0;1;0;0;1;1;7;0;0;0;2;0;0;1;0;1;0;0;0;1;2;0;1;0;0;0;5;0;0;3;0;0;0;3;0;0;0;0;0;0
09278000;1;0;0;0;0;0;1;0;1;0;0;0;2;0;0;1;2;2;0;0;0;0;0;0;0;0;4;0;0;0;0;0;1;0;0;3;0;0;0;0;0;0;0;1;0;0;1;0;0;0;0;0;0;1;0;0;0;0;0;0;0;2;0;0;0;2;0;1;0;0;0;0;2;0;4;0;0;0;0;1;0;1;0;0;0;1;0;0;1;0;0;0;0;3;1;0;0;1;0;2;0;0;0;0;0;0;0;2;2;0;0;0;0;2;0;1;1;6;0;2;1;2;0;0;5;0;0;0;0;0;0;0;0;2;0;2;0;0;1;2;1;0;0;0;2;0;0;0;0;0;0;0;2;0;0;0;0;0;0;0;0;3;1;0;0;0;0;0;0;0;0;0;1;0;1;0;0;0;0;0;0;0;3;0;2;0;0;0;0;0;0;0;0;0;0;1;0;2;0;0;3;0;1;0;3;0;0;2;2;0;0;0;0;6;0;0;2;3;4;1;0;0;1;0;0;0;0;0;0;0;0;0;0;0;0;0;0;4;0;0;2;3;5;3;0;0;5;226;0;10;0;0;27;41;0;0;0;0;0;0;9;12;0;0;0;4;2;4;3;3;1;7;0;3;0;3;0;0;8;3;0;3;7;25;0;0;2;3;2;0;1;1;3;11;0;0;0;0;3;4;3;0;0;0;5;0;2;0;4;0;0;1;0;0;0;0;0;2;2;0;0;0;7;0;0;0;4;1;0;1;0;0;0;4;4;0;1;0;1;0;0;0;0;0;0;0;5;2;0;0;0;3;0;0;0;0;0;0;0;0;1;11;1;0;0;3;0;0;0;0;1;0;0;0;0;0;0;0;0;3;0;3;0;0;0;1;0;0;0;0;2;0;1;0;0;0;1;4;0;0
09279000;0;0;0;0;0;0;0;0;0;0;2;0;0;0;0;0;0;1;1;0;0;0;0;0;0;0;0;0;0;0;0;0;0;1;0;2;0;1;0;0;0;0;1;0;0;0;0;0;0;0;0;0;4;0;0;3;0;0;1;0;1;7;0;0;1;1;0;0;1;0;0;0;1;3;2;0;0;6;3;4;0;3;3;3;0;4;1;0;0;0;3;0;0;0;1;4;0;2;0;0;0;0;0;0;0;4;2;0;0;0;1;5;0;1;1;1;0;0;5;0;1;2;5;1;2;1;0;0;5;2;0;0;1;0;0;0;0;0;0;0;1;0;0;3;1;0;0;0;2;1;0;0;1;0;0;0;0;0;0;0;0;0;0;0;0;1;0;0;0;0;0;0;0;0;0;1;0;0;0;0;1;0;0;0;0;3;0;2;1;0;0;0;4;2;0;0;3;0;5;3;0;1;0;0;0;2;2;0;0;0;3;1;0;1;0;0;3;9;0;0;0;1;3;0;2;11;5;0;0;0;8;0;0;0;2;0;0;8;0;2;0;4;0;0;0;0;20;30;0;0;0;0;0;21;6;21;0;2;0;6;1;4;4;0;11;9;1;0;0;0;0;3;0;8;4;8;0;1;11;0;1;4;6;76;1;5;0;4;28;1;0;9;4;13;0;3;0;0;1;0;1;0;0;2;41;0;2;0;6;2;1;0;1;1;0;0;1;0;1;1;0;1;0;1;8;0;0;1;0;0;0;0;1;0;0;0;0;0;0;0;0;0;0;0;0;0;1;0;0;0;0;0;1;4;0;0;0;0;0;2;0;0;0;0;1;0;0;1;0;0;1;0;0;1;0;0;2;0;0;0;0;1;0;0;1;4;0;0;0;0;1;0;0;0;0;0;0;0;1;0
09361000;3;0;0;0;0;2;0;4;0;0;0;0;0;0;0;1;0;0;0;0;0;0;0;0;0;0;4;0;0;0;0;0;0;0;0;1;0;0;0;0;0;0;0;0;0;0;2;0;1;2;0;0;0;0;0;0;0;0;0;0;1;1;0;0;2;5;0;1;0;0;0;0;0;0;0;0;4;1;2;0;0;0;0;0;1;2;1;0;1;1;4;2;0;0;1;1;0;0;0;0;0;1;4;0;0;0;0;0;0;0;2;0;0;0;1;3;2;0;0;1;0;0;1;0;0;1;0;0;1;1;0;0;0;0;0;0;0;0;0;0;0;0;0;0;1;0;1;0;1;0;0;0;0;0;0;0;0;1;0;0;0;0;2;0;0;0;0;0;0;0;1;0;0;0;0;4;0;0;0;0;2;0;0;0;1;0;0;0;0;0;0;2;1;2;0;1;0;0;4;1;0;1;2;1;0;0;0;0;2;0;0;1;2;5;3;0;2;2;0;0;3;0;0;17;2;0;0;0;2;0;3;0;0;0;2;3;0;0;6;0;0;4;0;8;0;7;1;12;0;2;0;0;0;0;3;0;0;0;0;2;0;0;0;0;2;0;1;0;0;0;6;4;2;0;3;0;0;0;0;0;0;3;0;7;0;0;0;0;0;2;0;4;0;5;0;0;2;0;2;2;0;0;0;4;2;0;1;0;0;0;0;0;0;0;1;2;6;1;0;0;0;0;0;0;0;0;1;0;0;0;1;1;0;0;0;0;3;0;0;0;0;0;0;0;0;0;0;0;0;0;0;0;0;24;0;2;3;0;1;0;1;4;0;0;0;1;0;0;0;0;0;0;0;0;0;0;2;0;0;0;0;1;0;0;0;0;0;0;0;0;0;0;0;0;0;0;0;0;0;0
09362000;0;1;2;0;1;0;7;0;5;1;4;2;2;0;3;27;3;0;2;0;1;0;0;4;1;0;6;0;2;3;0;1;0;0;0;0;0;0;0;0;0;2;0;0;0;0;7;0;0;1;0;0;0;1;0;4;0;8;0;0;1;3;2;0;2;7;2;0;0;5;0;0;4;1;0;2;1;0;0;19;0;0;1;0;0;0;1;1;4;1;6;0;0;0;0;0;0;3;0;0;0;0;0;0;4;5;3;0;6;2;0;3;0;0;4;0;5;31;1;0;0;4;0;0;2;0;2;0;0;10;0;2;0;0;2;1;1;0;0;1;5;0;5;3;0;4;0;3;1;0;2;0;0;2;1;0;0;0;3;0;2;0;11;0;0;0;0;3;0;0;0;1;0;1;0;1;0;0;3;0;5;0;16;0;0;0;2;3;0;0;2;2;0;0;4;0;0;0;0;0;0;2;3;7;0;0;5;1;0;0;0;0;1;1;0;1;0;0;0;0;0;0;0;108;11;18;7;0;0;0;3;0;0;28;0;4;0;34;11;14;0;0;0;0;7;0;0;18;0;34;49;0;48;12;11;19;52;58;0;68;156;289;315;214;1191;521;174;0;10;0;0;0;0;0;9;6;2;2;2;0;0;0;10;64;0;4;2;0;0;0;0;0;0;5;0;11;0;0;0;0;5;0;4;0;20;4;2;5;4;0;0;0;0;0;0;0;0;0;3;0;0;0;0;0;13;0;2;1;4;1;0;0;0;3;0;0;0;1;0;0;2;0;0;0;0;2;0;1;0;5;0;3;0;0;0;0;0;0;1;1;1;29;1;2;2;0;3;0;5;0;1;2;0;0;0;0;0;0;0;0;0;0;0;0;0;0;0;0;0;1;0;0;0;1;0;1;0;0;0;0
09363000;1;3;0;0;0;0;0;1;0;0;0;0;0;1;1;4;0;1;0;0;0;0;2;0;0;0;1;0;0;7;0;0;0;1;1;1;0;0;0;0;0;0;0;0;0;0;0;1;0;0;0;0;0;0;0;0;0;4;0;0;2;0;0;5;12;11;0;4;0;0;0;1;0;0;1;1;0;0;0;0;1;1;0;2;0;0;0;0;0;0;0;2;0;3;1;0;0;0;1;0;0;1;0;0;0;0;1;0;0;1;0;0;1;3;0;0;0;3;0;1;0;0;0;1;0;0;0;1;0;0;0;0;2;0;0;1;1;0;2;0;0;0;2;0;0;0;0;0;0;0;0;1;0;1;0;0;0;1;0;0;0;2;5;0;0;0;0;0;1;0;0;0;0;0;2;0;0;0;6;0;0;0;0;1;2;0;0;0;3;3;1;0;0;2;2;0;0;0;0;2;1;0;0;2;2;0;0;1;0;0;3;0;0;2;0;0;3;0;0;0;0;0;0;29;0;0;0;0;3;1;0;2;6;0;0;0;0;0;6;0;2;0;0;0;0;1;3;0;0;0;10;0;4;6;0;0;0;0;0;0;8;0;0;0;18;0;0;0;6;2;4;0;0;1;0;0;0;0;4;0;0;3;2;59;8;1;0;3;0;1;5;0;0;5;3;0;5;0;0;2;5;0;0;0;0;0;1;2;2;4;0;0;1;3;0;0;0;5;6;0;0;1;0;0;4;0;1;0;0;0;0;0;1;0;0;0;0;1;0;0;0;1;0;0;1;0;1;0;0;0;0;1;2;0;0;3;3;0;0;0;0;9;0;2;0;0;0;3;0;0;2;0;0;0;1;0;0;0;2;1;2;0;0;1;0;0;0;0;1;1;0;0;0;0;0;1;1;1;0;0
09371000;1;1;0;0;1;0;0;1;1;1;1;1;0;2;0;12;0;1;0;0;0;1;1;0;0;0;3;0;1;0;0;0;0;1;2;0;0;0;0;2;0;0;1;0;1;1;0;0;5;0;0;1;0;0;0;0;0;0;2;0;0;0;0;2;7;2;0;0;0;0;0;0;0;1;3;6;0;1;0;0;3;3;0;3;2;6;1;0;0;0;1;1;1;0;1;0;1;0;2;0;0;2;5;0;3;1;0;2;0;0;1;0;0;1;1;0;1;0;3;1;0;0;4;0;0;0;0;0;1;0;0;1;1;0;0;0;0;0;0;4;1;2;0;0;1;0;0;1;1;1;0;2;0;1;1;0;0;0;0;0;0;2;2;0;0;0;2;0;2;0;0;0;0;0;0;0;0;0;4;0;0;0;0;3;2;3;1;2;0;1;1;0;0;2;0;1;2;1;1;0;1;0;1;5;2;0;1;0;2;0;0;0;2;0;5;1;1;0;2;0;9;0;0;27;0;0;0;0;0;0;3;0;0;3;1;0;0;0;0;0;8;0;0;0;0;5;1;1;7;1;1;2;0;6;0;0;0;209;0;0;0;0;0;10;11;0;0;6;18;0;0;0;0;1;4;9;0;0;0;7;5;0;5;32;2;0;0;0;0;0;0;0;1;2;3;0;0;2;5;4;1;4;0;10;19;1;0;0;1;0;0;0;0;3;4;0;2;2;0;0;0;0;1;0;11;0;4;0;0;1;0;0;0;1;2;0;0;0;0;0;0;0;0;0;0;0;0;4;0;0;0;0;5;7;0;0;0;0;0;0;4;2;0;1;0;1;0;0;0;1;0;0;1;0;3;1;0;0;0;0;0;0;0;0;0;0;0;1;0;0;1;0;0;0;0;0;0;0;0;0
09372000;1;4;0;0;0;0;0;1;1;1;0;2;0;0;0;0;1;4;2;6;0;0;0;0;0;0;7;0;0;2;0;1;0;0;3;0;0;0;0;3;0;0;0;3;0;0;3;0;0;0;0;0;2;1;0;0;3;0;0;0;0;14;5;3;1;0;1;0;0;3;1;0;0;0;3;0;0;0;0;6;0;0;0;12;0;0;0;6;4;0;4;0;0;0;2;0;1;0;5;0;0;2;0;1;0;0;2;0;1;1;0;1;1;0;0;0;0;4;0;0;1;0;0;0;1;0;0;0;2;0;0;0;0;1;3;2;0;0;0;5;0;0;0;0;0;1;1;0;0;0;0;2;0;2;0;0;1;0;0;0;0;1;0;0;13;0;1;0;0;4;0;0;0;1;2;1;7;0;0;0;4;0;0;1;1;0;3;6;0;0;0;1;3;2;0;1;0;0;1;0;1;0;0;0;4;3;3;1;1;0;6;0;0;4;1;1;2;1;0;4;7;0;6;4;1;1;0;0;8;0;0;2;7;2;0;0;0;0;0;9;0;3;0;5;0;5;0;0;0;10;6;0;0;0;0;0;0;5;0;6;7;0;0;20;0;0;0;0;6;1;0;0;6;0;1;8;2;4;2;3;0;1;22;60;1;0;0;1;4;0;0;1;5;7;9;0;4;0;0;0;0;5;5;2;15;6;0;2;2;0;4;0;12;2;2;2;0;0;0;1;0;0;0;0;0;1;0;0;0;0;0;0;4;0;0;2;0;0;0;0;0;1;0;0;0;0;0;0;0;4;0;0;0;0;0;0;5;2;0;0;0;0;0;0;0;1;0;0;0;1;0;0;0;0;0;0;0;0;0;0;0;0;0;0;0;2;0;0;0;0;2;1;0;0;1;0;1;0;2;2
09373000;0;0;0;0;0;0;0;3;2;0;0;0;4;0;0;0;0;0;0;3;0;4;0;1;4;0;3;0;1;0;0;1;0;0;4;2;1;0;0;0;0;0;0;0;1;0;0;1;3;0;0;0;0;0;4;0;0;0;0;0;1;1;1;0;4;0;0;0;0;0;0;0;0;0;0;3;0;0;3;0;1;0;1;0;3;0;0;3;0;1;0;0;0;0;9;0;0;0;0;0;0;1;2;3;0;6;10;0;0;2;2;0;1;5;3;1;1;6;1;1;1;0;2;3;0;0;0;6;0;0;0;1;0;0;0;0;5;3;3;0;2;0;0;2;0;3;0;5;0;0;0;0;0;0;0;0;0;2;0;0;0;0;3;0;0;1;0;0;0;0;0;0;0;0;0;0;1;0;0;2;2;0;0;0;0;3;0;2;2;0;5;1;0;0;0;4;0;0;0;0;0;3;0;0;1;1;3;0;0;1;1;2;0;0;0;0;0;0;0;2;0;0;0;12;0;0;0;0;0;0;0;0;0;0;0;0;4;0;4;1;0;2;0;0;0;3;0;3;2;0;0;2;7;0;3;5;0;8;0;11;51;1;0;0;39;0;2;0;0;0;2;2;0;1;9;7;2;0;0;6;1;0;0;0;0;0;6;0;0;0;0;5;2;5;4;1;0;4;1;0;2;0;14;0;0;1;4;0;0;2;0;5;4;0;0;0;2;0;0;1;0;0;0;0;0;1;1;0;0;0;0;1;0;1;0;0;1;2;0;0;0;0;0;0;1;0;0;1;0;4;0;0;5;6;0;0;0;0;0;3;2;0;0;1;0;1;0;1;0;0;0;1;0;0;0;3;1;0;0;3;3;0;0;2;0;0;0;0;0;3;0;0;1;0;0;1;3;0;0;1
09374000;0;3;0;0;0;1;0;1;0;0;0;0;0;1;0;4;0;1;0;3;0;0;0;1;3;0;2;0;0;3;0;0;0;0;0;1;0;0;0;4;0;1;0;0;0;0;0;2;0;0;1;0;0;0;0;0;0;0;2;0;0;1;0;0;6;1;0;0;0;2;1;1;2;2;0;2;0;2;0;1;0;0;0;2;0;3;1;0;0;0;6;0;0;1;0;0;0;2;1;0;0;0;1;2;0;1;1;0;0;0;0;0;0;0;0;3;0;0;0;4;0;2;0;2;0;0;0;0;0;1;0;0;0;0;0;2;2;0;0;1;0;0;1;0;0;4;0;0;0;0;0;0;0;0;0;1;0;0;0;0;0;0;1;1;0;0;0;0;5;0;0;0;0;0;0;0;1;0;0;2;2;0;2;1;0;0;1;1;0;0;0;0;2;4;0;1;0;0;0;0;0;0;1;0;0;0;0;0;0;0;3;0;1;1;4;0;0;0;0;1;0;0;0;19;1;3;0;1;2;0;1;0;0;4;0;0;2;0;0;0;0;0;0;1;0;5;2;10;7;7;0;2;2;0;0;2;0;14;0;141;0;0;1;0;29;0;28;0;0;1;0;0;0;7;0;0;0;1;0;23;0;5;15;19;0;3;0;4;0;0;0;2;4;3;5;0;0;4;0;0;1;4;2;0;1;0;3;0;4;8;4;0;0;0;0;0;2;4;0;0;0;1;0;2;6;0;2;0;0;0;0;0;0;0;1;0;3;0;0;0;1;0;0;2;0;0;1;0;0;0;0;0;3;4;2;0;3;0;0;2;0;2;0;1;0;0;1;0;0;0;3;0;0;0;0;0;0;1;0;1;1;0;1;2;1;2;0;0;0;0;0;1;0;0;0;0;0;0;0;0
09375000;2;3;0;0;0;0;1;0;5;0;0;0;0;0;5;13;0;3;1;1;4;0;0;1;0;0;0;0;0;0;0;0;6;0;0;1;0;0;2;0;2;2;1;2;0;0;0;0;0;0;0;0;0;1;0;3;1;0;0;0;0;5;0;0;0;0;0;1;1;3;2;1;0;0;0;0;1;0;0;0;0;6;0;7;0;1;0;0;0;1;0;0;0;0;4;0;0;0;0;0;0;0;0;0;9;0;0;1;0;1;0;0;0;0;2;0;0;0;1;1;2;4;0;4;0;0;0;1;3;0;0;0;0;0;3;0;6;0;0;1;0;0;0;0;0;0;0;0;0;0;4;3;0;0;0;0;0;5;0;0;0;1;2;1;0;1;0;0;0;1;0;0;2;0;0;0;0;0;0;1;0;0;0;3;0;3;1;4;0;1;0;3;2;0;0;0;0;2;2;0;2;0;0;5;0;0;0;0;0;1;0;2;0;0;0;0;0;0;0;1;1;0;15;0;0;0;2;0;0;0;0;3;0;0;5;0;6;0;0;0;0;3;2;0;0;0;3;0;0;6;7;0;0;0;1;58;0;0;0;0;0;17;0;0;0;223;0;0;7;0;0;0;0;0;1;4;1;0;2;0;1;0;0;34;0;5;6;0;6;0;0;0;1;0;4;3;0;0;0;0;0;2;0;1;17;2;0;1;0;3;0;0;0;0;5;0;0;1;0;0;0;2;0;0;8;0;2;0;0;1;0;1;6;4;0;0;0;0;0;0;0;1;0;0;0;0;0;1;0;0;0;2;6;0;0;3;1;0;0;0;3;12;4;0;0;0;0;0;0;1;0;0;0;0;3;0;0;3;4;0;3;0;0;0;1;0;1;0;0;0;0;0;0;0;0;0;0;0;0;1
09376000;3;0;2;1;2;2;0;0;0;3;0;0;1;0;0;1;3;0;1;0;0;0;0;1;0;0;0;0;0;1;0;0;1;0;0;2;1;0;0;0;2;0;0;0;1;1;0;0;0;0;4;0;0;0;0;0;0;7;0;0;0;0;6;4;0;0;0;1;0;0;0;0;2;7;2;0;0;0;4;0;1;0;1;2;1;0;0;4;0;0;1;0;6;2;8;0;2;0;0;0;0;4;0;0;5;0;0;0;0;0;3;1;0;0;2;2;0;6;1;0;0;0;0;2;0;2;0;2;2;1;2;0;0;0;0;1;0;1;2;0;4;3;3;0;1;1;0;0;0;0;0;0;0;0;0;0;0;0;1;0;0;0;1;0;0;0;0;0;0;0;0;4;1;0;0;0;1;0;4;0;0;0;2;1;0;0;2;0;0;0;2;0;2;0;6;0;0;0;0;1;1;6;0;0;2;0;6;0;0;1;3;0;0;1;3;0;0;2;0;0;5;3;0;8;0;0;0;0;3;0;0;0;0;0;0;0;1;1;0;1;0;0;4;0;0;0;1;8;0;5;0;13;0;0;0;0;0;63;0;6;84;77;31;1;0;0;45;2;12;0;0;0;0;1;0;5;1;4;0;0;3;7;0;10;2;0;0;0;3;0;0;1;5;0;0;0;0;0;0;0;13;0;0;4;0;0;6;0;0;6;0;2;0;0;0;0;0;0;9;0;1;0;0;1;6;0;0;1;0;0;2;0;0;0;0;0;0;0;1;0;3;0;2;0;0;2;0;0;0;0;0;0;0;0;0;0;2;0;8;1;0;1;2;1;1;0;0;0;1;0;1;6;0;0;4;0;0;0;0;0;0;0;0;0;0;2;0;0;1;0;0;0;2;1;0;0;0;0;0;1
09377000;0;1;0;0;0;3;0;0;0;0;0;0;0;5;0;2;1;0;0;1;1;0;0;0;0;0;5;1;0;1;0;0;0;0;0;0;0;0;0;1;0;0;0;0;0;0;0;2;0;0;0;0;0;1;0;0;0;2;0;0;0;2;0;0;1;1;0;0;0;0;2;0;1;0;1;2;0;0;0;1;0;0;0;0;0;0;2;0;0;0;0;0;0;0;0;1;0;10;1;0;0;0;0;0;0;0;0;0;5;0;0;0;1;0;0;0;0;0;0;0;0;0;3;0;0;0;0;0;3;0;0;0;1;0;0;1;0;0;0;0;1;1;0;1;0;0;3;1;0;0;1;0;0;0;0;0;0;0;0;0;0;0;0;0;0;0;0;0;0;0;0;0;0;0;0;0;0;0;0;0;2;0;2;1;0;0;1;0;1;0;0;0;0;0;0;1;0;9;0;0;0;1;0;0;0;0;1;1;1;0;2;0;0;1;0;2;1;0;0;3;0;1;2;5;3;0;2;1;0;1;1;0;3;0;0;3;2;2;0;0;0;0;0;3;0;5;0;1;2;0;4;0;2;0;0;0;0;0;0;46;10;9;0;0;4;0;0;9;0;2;6;0;7;0;0;14;0;0;3;58;2;3;0;31;5;2;1;0;3;0;1;0;3;2;0;0;1;1;2;1;1;1;2;0;10;0;0;0;0;2;1;0;0;0;0;0;6;0;0;0;0;0;0;0;0;0;0;0;0;0;0;0;0;1;0;1;1;1;0;0;0;0;0;0;0;0;0;0;0;0;0;0;0;1;2;0;0;0;0;1;2;7;1;0;0;0;7;0;0;0;0;0;0;0;0;0;0;0;0;0;0;0;1;0;0;1;0;0;1;1;0;0;0;1;0;3;0;5;2;0
09461000;1;1;0;0;0;2;1;0;0;0;0;0;3;0;0;7;9;0;0;0;0;0;0;3;0;0;0;0;0;0;0;0;0;1;1;1;0;0;1;1;0;0;0;1;0;1;0;1;0;0;1;0;0;2;0;0;2;3;2;0;0;2;0;13;6;13;0;7;0;0;0;1;1;3;8;3;0;0;0;7;0;2;0;3;1;3;2;0;0;0;0;2;0;0;0;0;0;0;1;3;3;2;0;0;0;0;0;0;7;0;0;1;0;5;0;0;3;17;0;4;0;1;0;1;0;1;0;0;0;0;0;0;0;0;0;0;0;2;0;0;0;1;0;2;0;2;0;2;0;0;0;1;0;0;0;0;0;2;1;0;0;3;0;0;0;0;1;0;0;0;1;1;1;0;1;0;0;0;0;7;2;0;2;0;2;0;0;0;0;0;4;1;0;0;0;0;11;2;1;1;0;2;0;0;1;0;3;2;0;0;0;1;0;0;0;0;0;3;0;0;0;0;6;0;9;12;14;2;0;0;9;74;13;75;0;1;3;89;0;4;46;0;5;20;2;0;2;0;5;22;14;0;8;2;15;0;16;3;15;0;0;0;7;10;15;0;0;0;16;34;47;314;379;268;179;234;229;352;226;40;0;0;0;74;3;0;26;0;0;11;0;0;2;0;5;4;0;0;0;0;0;0;0;0;9;4;0;0;4;14;0;0;4;6;0;0;4;5;0;0;0;0;0;1;38;0;0;0;0;3;3;0;0;1;0;0;0;0;0;0;0;0;0;0;0;0;0;0;1;1;0;1;0;0;1;0;2;0;0;0;1;20;4;2;1;2;4;1;0;0;0;0;0;0;2;0;0;0;0;0;0;2;0;0;0;0;0;0;3;0;0;0;0;3;0;0;0;0;0;0
09462000;2;4;4;4;1;0;0;0;0;2;11;0;0;0;1;23;1;0;1;0;0;0;1;2;0;0;4;0;1;1;0;0;1;0;0;0;0;0;1;0;0;0;1;0;2;0;5;1;0;0;1;2;0;0;0;0;0;5;1;6;1;0;2;24;0;0;2;1;3;2;0;0;6;4;2;0;3;2;7;15;0;0;1;0;1;0;1;3;9;0;0;7;0;2;0;3;0;2;0;0;1;0;0;2;0;0;1;0;1;0;0;0;0;0;0;0;4;11;6;1;7;4;2;9;0;2;0;4;1;8;0;0;2;0;0;0;1;0;1;0;2;0;0;0;0;0;0;0;5;0;0;5;2;0;0;0;0;0;0;0;0;0;2;0;0;2;0;0;0;0;1;0;1;0;1;2;0;0;3;0;0;0;10;3;3;0;2;0;0;0;5;2;9;0;0;9;7;5;3;0;3;0;0;13;0;0;0;3;1;0;0;0;0;1;0;0;5;0;4;1;0;1;0;106;1;8;3;1;0;0;0;0;3;5;0;0;4;0;4;1;3;0;6;0;3;3;0;0;9;0;0;4;0;0;0;0;3;11;0;0;0;0;4;11;0;0;11;0;0;7;15;27;22;0;0;0;0;0;0;0;2;0;0;35;0;0;0;3;10;0;0;0;4;3;0;3;0;6;4;6;2;0;4;0;7;3;0;3;4;0;0;0;0;0;3;4;4;4;0;0;1;0;0;1;57;0;0;0;3;3;0;0;2;0;0;0;0;4;1;0;2;0;0;0;0;0;0;0;0;4;0;0;0;0;0;0;0;0;0;1;0;20;0;0;0;0;0;3;3;0;2;0;2;0;1;0;1;0;1;0;0;0;0;0;0;0;0;0;0;1;1;0;0;0;2;4;0;0;0;0
09463000;0;0;1;1;0;0;0;0;1;0;3;0;0;0;2;2;0;0;4;0;0;0;2;0;0;0;2;0;0;0;0;0;0;0;5;0;0;2;0;0;0;0;0;0;0;0;0;0;0;1;2;0;0;0;5;0;2;0;0;0;0;0;1;0;0;5;6;0;0;0;0;0;10;0;0;0;0;0;2;11;1;0;3;0;0;1;0;1;1;0;0;0;2;1;0;1;0;0;1;0;0;0;0;0;0;0;0;0;0;1;1;0;1;2;0;0;4;8;0;0;0;3;1;1;2;0;1;1;0;0;2;2;0;0;0;0;1;0;0;0;0;0;0;0;0;0;1;0;0;1;0;0;0;0;0;0;0;0;0;1;0;0;4;0;1;0;0;0;0;0;0;1;0;0;0;0;0;0;7;3;1;0;0;0;0;0;4;2;0;0;0;0;0;0;2;0;0;1;0;0;0;1;0;3;0;0;0;0;0;0;7;0;0;0;1;0;2;0;3;4;0;2;4;5;1;0;0;1;1;0;5;3;0;1;0;1;0;0;5;3;4;1;0;2;1;0;0;0;1;0;0;2;0;0;1;0;3;1;15;0;1;0;3;0;1;1;0;0;0;0;2;0;3;9;0;0;0;0;0;0;2;7;0;20;0;0;0;1;0;5;1;1;0;0;14;8;0;0;0;5;4;0;0;1;2;0;1;0;2;4;0;0;0;0;0;2;1;2;0;0;1;0;0;0;0;2;1;0;0;0;0;0;0;0;0;1;0;0;0;0;0;1;0;2;0;1;0;1;0;0;0;1;3;1;0;0;0;1;2;3;0;14;0;0;0;3;0;0;0;0;0;0;0;0;0;0;1;0;0;0;0;0;0;0;0;1;0;0;0;3;0;0;0;0;0;0;1;0;2;0
09464000;0;0;2;0;0;0;6;1;0;0;0;0;0;2;0;0;5;3;0;0;0;0;0;1;0;4;19;0;2;5;0;2;0;0;0;0;0;0;0;0;0;1;3;0;2;1;2;0;7;1;0;0;0;0;0;2;5;0;0;0;0;4;1;9;4;3;0;1;1;0;0;0;11;0;2;0;0;2;5;0;2;0;2;3;0;0;0;2;1;0;3;1;0;0;6;3;3;2;0;2;3;9;0;0;8;4;0;0;4;0;0;0;0;1;1;1;8;1;0;0;3;4;2;0;6;0;1;6;0;5;0;0;1;1;0;0;0;0;1;0;0;0;1;0;0;2;2;0;0;0;0;0;5;6;0;0;0;0;0;5;0;0;5;0;0;0;0;0;1;0;0;2;0;0;4;0;0;0;3;0;1;2;3;0;5;5;0;1;0;2;0;0;0;3;1;2;0;1;0;0;1;5;0;0;3;1;1;0;0;0;0;0;0;0;0;2;12;0;1;0;1;0;4;28;5;0;0;2;3;0;0;0;0;0;0;0;0;0;3;0;0;0;6;0;0;0;0;1;0;0;2;0;0;0;0;0;0;0;16;0;1;4;0;6;9;17;0;0;0;0;0;1;1;0;4;0;0;0;0;0;4;9;14;33;4;0;4;0;0;0;0;0;9;2;0;0;0;0;0;0;0;0;0;0;1;0;0;2;4;1;0;0;4;1;0;0;2;0;9;0;1;0;1;0;0;0;0;2;0;0;0;0;2;0;0;0;3;0;1;0;0;1;0;0;1;8;0;3;2;3;0;0;0;0;1;0;17;0;0;0;0;6;2;0;0;1;0;0;0;0;3;0;0;0;0;0;0;0;23;0;0;0;0;1;0;0;0;1;0;0;1;0;0;0;0;0;3;5;0;0
09471000;1;7;0;0;3;0;0;0;2;0;3;0;0;1;1;4;2;0;0;0;1;0;0;1;1;5;4;0;0;0;0;0;0;0;0;0;0;0;0;0;0;4;0;1;2;0;3;1;0;0;3;1;1;1;0;0;0;0;0;0;0;1;1;9;4;0;4;0;0;1;1;0;0;0;0;2;0;1;0;11;0;2;0;5;0;1;1;0;2;0;6;0;1;1;0;5;1;0;0;2;0;0;1;0;3;1;0;2;0;1;0;0;0;9;0;0;4;0;0;1;0;2;2;1;0;0;1;0;0;0;1;0;4;0;3;0;0;0;2;0;1;0;0;1;0;2;0;0;1;0;2;0;1;0;0;0;0;0;0;0;1;0;0;0;0;0;0;1;0;0;0;0;0;0;0;6;3;1;1;4;0;2;0;0;0;0;0;0;0;0;2;0;0;0;1;0;1;3;0;3;5;4;6;0;0;0;4;0;0;3;4;0;0;8;3;0;0;0;2;6;4;0;1;27;3;0;0;0;0;0;0;1;4;0;0;5;0;0;0;0;0;12;2;6;0;0;2;4;0;0;0;3;6;1;0;0;0;0;12;1;1;1;0;3;13;6;1;0;0;9;0;0;8;42;0;4;10;18;76;2;2;13;4;44;0;6;0;0;0;36;0;1;0;5;6;6;6;0;14;0;1;4;0;6;21;0;0;0;3;5;3;0;2;0;1;2;27;5;6;1;1;0;0;0;11;0;1;0;4;1;0;0;2;0;0;0;2;0;0;0;0;4;0;3;0;0;3;2;2;5;1;0;0;0;10;4;8;2;1;5;0;13;1;0;0;0;0;0;0;0;0;0;0;2;0;1;0;0;8;2;6;3;0;0;1;5;0;0;0;0;0;0;2;1;5;1;0;2;3;0
09472000;0;1;2;1;0;0;2;1;0;0;0;0;1;1;1;0;0;0;0;0;1;0;0;1;0;0;0;1;0;0;2;0;0;1;0;0;0;2;0;0;0;0;0;0;0;0;0;2;0;0;0;3;6;0;1;5;0;1;0;0;1;2;1;3;0;6;1;2;0;0;1;0;2;0;0;0;2;1;1;2;0;2;6;4;0;0;0;0;2;3;0;0;0;0;2;1;1;0;0;0;0;0;1;0;0;0;0;0;0;0;0;0;0;0;0;0;0;2;0;3;0;0;0;1;0;0;0;0;0;0;0;0;0;0;0;3;0;0;0;0;0;0;0;0;0;0;0;0;2;1;2;0;0;2;0;0;0;1;0;0;1;0;0;2;0;0;1;0;2;0;1;0;0;1;4;2;0;1;1;1;1;1;1;0;2;0;0;0;1;0;0;0;3;2;0;3;4;0;1;0;0;0;0;0;0;2;6;7;1;0;0;2;0;0;1;1;0;1;1;0;0;1;0;3;6;1;2;0;0;0;2;0;1;6;4;1;2;0;0;0;0;0;0;4;6;5;0;1;2;1;0;0;0;1;0;0;0;0;6;0;2;0;5;12;3;2;0;0;0;0;0;0;0;14;0;7;0;6;0;19;1;0;0;17;0;0;0;1;0;1;0;5;2;0;8;0;13;1;0;0;0;0;0;2;0;0;0;0;3;4;3;0;0;0;1;0;3;1;0;0;0;0;0;0;0;0;2;0;0;1;3;1;0;0;0;0;0;0;0;2;0;1;0;1;1;0;2;0;0;0;5;0;0;0;0;0;0;0;1;0;0;7;0;0;0;0;0;0;0;0;0;0;2;0;1;0;0;0;5;0;0;0;0;0;0;1;0;2;2;0;0;0;0;0;2;0;0;3;3;0
09473000;0;2;0;1;4;0;1;3;0;0;2;0;0;2;0;1;0;0;0;0;1;0;0;0;0;0;2;0;0;1;0;5;1;1;1;0;1;0;0;0;0;1;1;3;1;0;0;0;0;1;0;0;1;0;0;0;0;0;0;4;0;0;0;0;0;1;0;0;0;0;1;2;6;0;3;1;0;1;1;1;1;6;1;8;0;1;0;0;7;0;2;0;0;0;0;3;2;4;2;0;0;0;0;0;4;0;0;2;8;0;0;0;2;0;5;0;3;5;0;2;0;4;0;0;0;1;0;0;0;0;2;0;0;1;0;0;0;2;0;0;0;3;2;0;0;1;0;0;0;0;0;2;0;0;0;1;0;2;0;0;0;1;2;0;0;0;0;0;1;0;0;2;0;0;0;0;2;0;0;2;0;0;0;0;2;0;0;0;0;0;0;0;0;0;0;0;0;5;2;0;0;0;0;2;1;2;8;0;0;1;2;1;0;1;1;2;0;0;0;1;1;1;0;17;0;1;0;0;0;11;0;1;1;0;2;2;1;3;0;5;0;0;0;0;5;2;0;1;1;0;2;4;0;0;1;0;0;4;5;0;0;2;0;0;3;0;3;0;15;0;0;0;0;0;0;7;0;0;0;1;5;8;6;3;0;2;0;0;0;2;0;0;0;0;26;0;0;17;0;0;0;0;9;0;9;0;0;0;0;0;0;1;6;1;0;0;1;0;0;0;0;0;1;0;1;0;0;1;0;0;0;0;1;0;0;0;0;0;0;1;0;0;0;1;0;0;0;2;1;0;0;1;2;0;3;2;2;2;2;0;3;4;2;0;0;2;4;0;0;1;0;0;0;0;6;1;0;0;0;5;0;0;0;1;0;2;2;0;0;0;0;0;0;0;0;1;0;0;0;0
09474000;0;3;3;0;1;0;1;3;3;0;1;1;0;0;1;10;0;0;0;2;0;0;1;0;0;1;10;1;2;0;0;1;2;0;0;1;0;3;1;1;0;1;1;0;1;3;1;0;0;0;1;2;0;0;0;0;1;2;0;0;0;5;2;2;1;4;0;5;1;1;0;0;0;0;0;0;4;0;1;1;1;2;0;0;3;0;0;0;1;1;2;1;0;0;0;2;0;0;0;0;0;0;2;0;5;0;2;0;0;5;0;0;0;1;0;0;3;8;0;0;4;2;6;0;0;0;0;0;1;0;6;1;2;0;0;0;1;0;4;0;0;2;0;1;0;0;0;0;0;0;0;0;0;0;0;0;0;1;0;6;1;0;0;0;0;0;1;1;0;0;0;0;0;0;0;1;0;1;0;0;2;0;0;5;0;0;3;0;0;1;0;0;0;0;2;0;0;0;0;0;0;0;0;1;2;0;6;0;0;1;0;3;0;1;4;0;0;0;0;0;0;0;0;22;0;0;0;3;0;0;9;2;5;1;0;1;0;0;3;0;4;0;7;1;5;0;1;0;0;3;0;1;1;0;0;2;0;0;0;8;0;0;0;5;0;0;5;0;3;13;0;55;14;11;0;12;0;0;0;7;19;19;0;0;0;0;0;0;14;17;0;0;0;0;12;5;5;2;11;0;0;0;7;10;0;0;1;0;0;5;0;1;3;1;3;0;0;0;7;1;2;0;1;0;7;0;0;0;0;0;0;0;0;3;1;2;1;0;0;0;0;2;0;0;0;0;1;1;0;5;3;0;6;0;0;1;9;1;0;0;0;0;0;0;4;0;0;0;0;1;0;0;0;0;5;8;1;0;6;1;0;5;3;0;0;1;0;0;1;1;0;1;3;0;0;0;0;0;0;1
09475000;0;0;0;0;0;0;3;2;0;0;0;0;2;0;2;7;1;0;1;0;2;0;0;0;0;0;6;0;0;0;0;0;0;1;0;0;0;0;0;0;0;0;0;2;0;1;0;0;2;0;0;1;0;0;5;4;0;0;4;0;0;3;8;6;2;2;0;0;4;0;0;0;1;0;1;0;0;0;0;5;1;3;0;0;0;2;1;0;0;0;0;0;0;0;0;0;0;0;0;0;0;2;0;2;0;1;1;0;0;5;0;3;0;0;0;0;0;2;0;2;0;0;0;0;0;0;0;0;0;0;1;1;0;0;0;3;0;0;0;0;0;0;0;1;0;0;0;0;0;0;0;0;1;0;0;0;0;0;0;0;0;0;0;0;0;0;0;0;2;2;1;0;1;0;8;0;0;0;0;0;1;0;2;0;2;5;0;0;1;0;0;0;0;0;0;2;0;0;1;5;0;0;0;0;0;0;0;0;0;0;0;0;0;0;2;4;0;5;1;3;7;0;0;0;0;0;0;3;0;0;0;0;0;1;0;0;0;0;0;0;0;2;0;2;5;0;0;4;0;0;0;0;0;2;3;0;0;2;0;0;0;0;0;16;0;0;0;0;10;0;168;0;0;0;0;0;0;0;0;22;0;7;2;13;5;0;0;0;0;1;3;0;0;4;7;0;0;1;1;0;2;2;0;4;1;0;0;0;0;1;1;0;0;0;0;0;1;0;0;0;1;0;0;0;0;0;0;0;1;0;2;1;0;0;0;1;0;1;2;1;0;0;2;0;1;0;3;2;0;2;0;0;0;0;0;0;0;0;5;0;0;0;5;0;4;0;3;0;1;0;2;0;0;2;0;0;0;0;11;5;5;0;0;0;2;0;1;0;0;0;0;0;0;0;0;0;0;2;0;0
09476000;2;2;0;1;0;3;0;0;1;0;0;2;1;0;0;0;0;0;0;0;1;0;0;0;0;0;1;0;0;1;0;0;0;1;1;1;0;0;0;0;0;0;0;3;0;0;1;1;0;0;0;0;0;0;0;0;0;0;0;0;0;2;0;1;7;3;0;0;0;0;0;1;0;0;0;1;0;0;0;1;0;7;0;1;1;0;0;0;0;0;0;0;0;0;0;0;0;0;1;0;0;1;0;6;0;1;0;0;0;0;0;0;0;0;0;0;1;0;0;0;0;5;1;0;0;0;0;0;1;0;2;0;0;2;0;0;1;0;0;2;0;2;0;0;0;0;0;0;2;0;0;1;1;0;0;0;0;0;0;1;0;0;0;0;0;0;0;1;0;2;1;1;0;0;0;0;0;0;0;0;0;0;0;0;0;0;0;2;0;0;0;0;0;0;0;3;0;0;0;1;0;0;0;0;0;0;0;2;0;0;0;1;4;0;0;0;0;0;1;2;2;0;6;14;0;0;0;2;0;0;0;2;6;1;0;1;2;0;0;0;6;3;0;2;1;0;0;1;0;1;0;0;0;0;0;0;0;1;0;2;3;0;0;0;0;0;0;0;5;16;7;0;7;56;1;14;0;13;0;4;0;8;3;30;0;1;0;2;0;4;16;0;0;4;4;0;3;1;1;0;0;0;0;2;0;0;2;0;0;3;0;6;4;0;2;0;0;0;2;0;0;0;0;0;13;0;0;0;0;0;2;0;0;0;0;0;0;0;0;0;1;1;0;2;0;1;5;0;0;1;0;2;0;1;0;0;0;0;1;1;0;7;1;1;0;0;0;0;1;0;3;2;0;1;0;0;0;0;0;2;1;0;1;0;0;0;2;0;1;0;2;0;0;0;2;5;0;9;0;0
09477000;0;2;3;1;0;0;1;0;1;0;0;0;0;1;1;1;1;0;0;0;0;0;0;0;1;0;0;0;0;0;0;0;0;0;0;0;0;1;0;0;1;0;0;2;0;0;4;0;0;0;0;3;0;0;0;1;0;1;1;0;0;0;0;0;0;2;0;0;0;0;0;0;0;3;4;0;4;0;4;0;0;0;0;0;0;3;0;0;0;0;12;0;0;0;0;2;0;1;0;1;0;4;0;1;0;0;2;0;0;2;0;0;0;0;1;0;1;0;0;0;1;1;0;0;0;4;2;1;0;0;2;0;0;0;2;2;0;1;0;1;0;1;6;3;0;4;0;1;1;1;0;0;0;0;0;0;0;0;0;0;0;1;1;0;0;1;0;0;2;0;0;1;1;2;1;1;0;0;4;0;0;1;0;2;1;0;0;0;0;3;0;0;1;0;0;1;0;1;0;0;0;0;0;0;1;0;0;1;3;0;0;2;5;4;0;0;0;0;1;0;0;0;0;6;0;1;3;0;2;0;0;0;4;3;0;3;0;0;0;3;0;4;0;3;0;1;3;0;5;1;0;2;2;2;2;0;0;0;0;4;0;0;12;0;6;0;6;0;4;8;30;0;0;9;12;52;0;0;30;14;0;14;9;0;0;2;5;0;0;0;4;0;7;1;16;1;0;0;5;2;1;2;0;7;5;0;0;0;0;0;0;0;0;0;0;0;0;0;0;0;0;0;2;1;6;0;0;0;1;0;1;0;0;0;0;0;0;0;2;0;0;0;0;2;0;0;0;0;0;0;0;1;2;3;11;4;0;0;0;0;0;5;0;1;2;0;3;0;0;0;0;2;0;0;0;0;0;2;0;2;0;0;0;0;0;0;0;0;0;0;0;4;0;0;0;0;0;1;1;1
09478000;3;0;0;0;2;0;0;0;2;2;0;0;2;0;0;3;0;0;0;0;2;3;1;0;0;0;2;0;0;0;0;6;0;0;0;0;0;0;0;2;0;0;0;0;0;0;1;0;0;0;0;2;0;0;0;0;0;0;0;1;0;1;0;6;0;0;0;0;0;0;0;0;5;0;1;1;1;1;1;0;0;0;0;0;0;0;0;1;0;0;1;2;2;1;3;0;2;2;0;1;0;0;1;0;2;2;0;0;3;5;5;3;1;1;1;2;2;0;0;0;0;0;2;1;0;0;2;0;0;2;0;0;1;0;2;1;0;2;2;0;0;0;0;0;0;1;2;0;1;0;0;0;0;0;0;0;0;0;0;3;0;0;0;0;0;0;0;0;0;0;0;0;3;0;0;1;0;0;0;0;0;0;9;2;0;1;1;1;1;0;4;0;0;0;0;0;0;0;0;0;1;0;0;2;0;0;0;0;0;0;2;1;0;0;0;1;0;0;0;3;0;0;2;6;3;0;1;0;0;1;1;0;0;1;2;0;0;0;3;5;0;0;0;0;0;2;0;0;0;0;0;0;0;0;0;0;0;1;0;0;1;0;2;6;0;0;0;0;2;22;9;0;1;52;1;7;4;0;0;1;4;3;0;50;0;0;0;0;0;0;0;3;0;10;13;0;0;0;0;0;0;0;2;2;0;0;0;2;0;0;2;4;1;0;0;1;0;0;0;0;0;0;0;1;16;0;2;0;2;0;0;0;0;0;0;0;1;0;2;0;0;0;0;0;0;1;0;0;1;0;1;0;1;0;2;0;0;0;0;0;0;9;0;0;0;3;1;1;0;0;0;0;1;0;1;0;0;0;0;2;0;0;1;1;0;0;0;0;1;1;0;0;0;0;0;4;2;2;0;0
09479000;2;0;1;1;0;0;0;0;0;1;1;0;1;0;0;0;0;7;0;1;0;0;0;1;5;1;0;0;0;1;0;0;0;0;0;0;0;2;0;0;0;0;0;0;0;0;0;0;1;0;0;0;3;1;0;0;0;0;0;0;0;0;1;0;1;6;2;3;1;0;0;0;11;4;0;0;1;2;2;1;1;0;0;0;0;0;0;1;1;0;0;2;0;2;4;0;1;1;1;0;0;0;1;0;0;1;0;1;0;1;0;0;0;0;0;3;1;1;0;0;2;1;0;0;2;1;0;0;0;1;0;1;0;0;0;1;0;0;0;0;0;0;4;0;0;3;0;0;0;0;0;1;0;1;0;0;0;0;0;0;0;0;2;1;0;0;2;0;0;0;0;2;0;0;0;1;0;0;2;0;0;0;0;6;0;0;0;0;0;2;3;1;0;0;0;0;3;0;0;0;0;0;0;2;0;0;0;0;4;0;1;0;0;0;0;1;0;1;1;0;3;0;1;0;0;3;0;1;0;0;0;0;4;0;0;0;0;0;0;3;0;0;0;0;0;2;0;0;0;0;0;0;2;0;0;0;2;7;10;0;0;0;0;0;1;3;0;0;17;2;82;0;0;0;0;0;0;0;0;0;0;12;0;0;0;5;3;0;0;1;0;1;0;1;0;7;3;0;1;0;0;0;0;0;0;0;0;0;0;7;3;0;0;10;0;1;0;0;2;0;0;0;0;0;0;0;0;0;0;0;0;0;0;1;0;1;0;4;0;0;3;0;0;1;0;0;0;0;0;1;0;6;0;0;5;0;0;0;0;0;2;0;0;0;0;0;5;3;0;0;0;0;0;0;0;0;0;2;3;0;3;0;2;0;0;2;0;0;0;0;1;0;0;0;1;0;3;0;2;0
09561000;0;1;0;0;1;0;0;0;2;0;0;0;0;0;0;6;1;3;0;0;0;0;0;0;1;0;8;1;0;3;0;0;0;0;0;4;0;1;0;0;1;0;1;0;1;0;0;1;0;0;0;3;4;0;0;0;0;2;0;0;1;0;0;4;3;4;0;0;2;0;0;0;0;1;0;0;0;1;3;7;0;0;1;5;0;0;0;0;1;0;0;3;0;0;4;2;3;0;3;1;0;1;0;0;1;0;4;0;6;0;0;0;0;0;1;1;1;12;2;0;0;0;0;1;0;0;0;1;0;0;1;0;0;0;0;1;0;0;1;0;0;0;0;1;0;2;0;0;3;0;0;0;1;0;0;1;0;0;0;0;0;0;0;0;0;3;2;0;0;0;1;2;1;0;3;2;0;4;0;0;0;1;0;2;4;1;0;7;0;0;0;0;2;0;5;0;1;0;0;2;1;0;1;1;2;0;3;0;0;0;6;4;3;0;0;0;0;4;0;5;0;2;8;10;0;0;2;0;3;1;3;0;0;0;0;3;0;2;0;0;1;2;1;0;2;3;0;6;2;2;2;3;4;0;0;1;0;4;5;5;0;0;0;0;0;0;0;0;0;0;0;0;0;0;0;2;0;0;0;19;0;10;12;72;8;0;0;0;0;0;0;5;0;0;15;0;5;2;3;3;3;0;0;2;3;1;0;0;0;0;2;2;2;2;0;0;2;6;0;0;2;0;0;0;2;0;2;0;0;0;0;0;0;1;0;0;0;0;0;0;1;1;2;0;0;0;1;3;0;2;1;3;0;2;0;2;0;0;1;1;2;7;0;0;0;1;0;2;0;0;0;1;0;1;0;0;0;1;0;2;0;1;0;1;0;0;1;3;0;1;0;1;2;1;2;1;0;0;0;0
09562000;0;8;0;1;0;1;4;5;4;0;3;2;5;1;0;29;8;0;1;0;0;1;2;0;2;0;0;0;0;0;1;0;0;0;1;2;0;0;2;0;1;0;0;0;1;0;2;0;1;0;1;0;0;1;0;0;1;0;0;2;0;3;2;2;7;0;1;1;0;0;1;0;0;0;2;1;1;0;0;24;2;0;3;0;4;2;4;2;3;0;0;0;0;0;2;6;2;0;0;0;0;0;0;0;0;0;0;0;6;0;0;0;0;0;0;0;0;19;0;0;2;4;0;14;0;0;1;10;0;0;0;0;0;0;0;5;1;0;0;0;0;0;0;0;0;0;0;0;3;0;1;0;2;0;0;1;0;0;0;0;0;0;5;1;1;0;0;1;0;0;0;0;0;1;0;2;0;1;0;0;10;0;7;0;8;3;2;5;3;3;0;0;1;13;0;0;0;3;4;3;0;0;0;5;8;0;5;1;0;4;0;3;6;0;1;2;0;2;0;0;0;0;0;56;0;6;1;8;6;0;0;0;10;0;8;3;0;0;17;2;0;10;0;0;9;0;0;0;2;2;6;1;0;0;1;0;0;0;0;0;3;0;3;0;6;0;0;30;29;0;0;0;12;0;0;0;0;0;0;0;0;0;82;257;0;48;229;0;50;34;47;30;0;0;3;0;0;0;13;0;0;0;1;0;23;0;0;3;0;1;1;3;0;4;2;0;0;0;4;0;0;0;1;0;29;0;6;1;0;0;0;0;0;0;0;0;0;2;0;0;3;4;0;0;0;2;1;0;0;0;0;0;2;0;0;1;13;1;3;0;1;6;0;0;0;0;0;0;0;0;5;0;1;0;0;2;0;0;4;0;0;0;0;0;0;0;0;1;0;2;0;0;0;0;0;0;0;0;0;0
09563000;2;0;0;0;0;2;0;0;1;0;2;0;0;0;0;3;0;0;0;2;1;2;0;1;0;0;0;0;1;0;1;0;0;0;0;7;0;0;0;1;0;0;0;1;2;1;0;2;0;0;0;0;0;0;0;5;0;0;0;2;0;2;0;0;11;7;2;0;0;0;0;0;0;4;0;0;0;0;0;9;0;0;0;1;0;0;0;0;0;1;0;0;2;0;0;0;3;2;0;5;0;0;3;0;0;4;5;0;0;0;0;3;0;0;2;0;0;5;0;0;0;0;9;2;0;1;0;0;0;0;0;1;1;1;0;2;3;0;5;0;3;0;3;0;0;0;0;0;0;0;0;0;0;0;4;0;0;0;0;0;0;2;0;0;0;1;3;0;1;0;0;0;0;0;0;0;0;0;0;2;0;1;0;3;0;1;3;7;0;1;12;10;0;8;0;0;0;0;6;0;0;2;0;0;2;1;0;0;0;0;0;0;4;0;0;0;0;0;2;0;4;0;2;0;10;1;0;9;0;5;0;0;0;9;6;1;5;3;0;0;0;11;4;0;0;0;0;0;0;0;0;0;4;0;0;0;0;1;0;0;0;0;21;0;10;0;0;12;1;0;0;0;5;0;11;0;0;0;1;3;0;0;0;0;38;0;20;365;0;46;23;22;0;6;0;2;4;2;5;0;14;2;0;0;1;0;0;0;5;8;2;1;0;0;6;2;7;0;4;0;3;0;0;0;0;0;0;2;3;2;0;0;0;2;0;0;0;1;5;1;0;0;0;0;0;0;0;0;0;0;2;11;1;1;2;0;0;0;0;0;1;1;0;0;0;0;0;0;0;0;0;0;3;1;0;0;2;0;0;0;0;0;1;0;3;3;0;0;0;0;0;0;0;1;0;2;4;1;0;0
09564000;8;1;3;1;0;0;11;7;3;1;0;6;0;0;0;30;0;0;1;0;0;0;3;1;0;0;0;5;0;11;1;0;0;2;7;1;0;4;3;0;0;4;1;5;0;0;0;0;0;0;0;2;6;0;0;0;0;4;0;0;3;0;3;24;0;0;0;0;7;0;0;8;6;3;0;5;0;0;0;25;0;0;3;0;2;8;0;0;15;4;2;8;5;0;17;9;0;0;2;0;0;2;0;4;0;0;0;2;0;0;2;0;0;0;0;2;0;0;4;2;0;8;0;0;20;5;0;0;0;2;0;0;0;0;7;0;0;3;0;0;0;0;4;0;1;0;4;0;0;0;0;0;0;0;0;0;0;0;0;0;0;0;15;0;0;3;0;0;2;0;1;4;0;0;0;2;6;0;0;1;0;0;6;8;5;0;13;0;0;0;0;6;7;5;4;0;0;1;0;3;0;0;0;0;0;0;7;6;8;9;5;0;0;11;5;0;7;0;0;0;1;0;0;0;0;0;0;0;0;7;0;7;0;0;0;10;0;0;0;0;0;0;0;9;0;0;0;1;0;0;0;6;0;0;0;0;0;0;0;0;0;0;78;0;0;0;0;0;0;0;0;0;0;0;4;0;0;25;0;2;0;0;384;0;189;719;215;0;659;475;780;199;5;0;2;0;0;0;0;0;0;0;0;0;8;0;0;2;4;0;0;0;3;1;0;4;8;0;0;3;0;4;0;0;0;0;16;1;0;3;3;0;4;0;0;0;0;2;9;0;0;0;1;0;0;0;3;5;0;0;0;0;0;0;0;1;0;5;5;0;0;40;0;0;0;0;0;0;0;2;0;0;0;0;0;9;0;5;0;0;0;0;0;0;0;0;0;0;9;0;0;8;0;0;0;0;0;0;0;0
09565000;0;0;1;0;0;3;0;0;1;0;0;0;3;0;4;7;0;1;2;0;0;1;0;0;0;0;1;1;2;7;0;0;1;0;0;0;2;0;0;0;0;1;0;0;0;0;0;1;0;0;0;1;1;0;2;1;0;0;0;0;1;2;0;0;0;0;4;0;0;0;0;0;0;0;0;0;0;0;1;6;0;2;0;0;0;0;0;1;2;2;0;0;0;0;2;0;1;0;0;0;0;0;1;0;1;2;0;0;1;0;2;2;1;0;0;1;1;1;0;1;0;3;0;0;3;0;1;1;0;0;1;2;1;1;1;2;0;0;0;0;0;0;0;0;0;0;0;0;4;0;0;0;0;0;0;0;0;0;0;0;0;0;1;0;1;0;0;0;0;1;0;0;0;0;0;0;0;0;0;0;2;0;0;0;2;1;1;2;0;0;0;0;0;1;0;2;0;2;1;0;0;0;0;0;0;0;1;1;0;0;3;2;0;0;1;0;1;0;0;1;0;0;5;0;2;0;0;2;0;0;0;1;6;0;1;0;0;0;3;2;2;5;0;1;0;0;1;2;0;0;0;0;0;0;0;0;0;2;4;0;0;0;2;4;2;0;0;0;0;0;0;4;11;2;0;0;2;2;0;0;0;10;0;0;0;9;0;0;15;0;96;0;1;0;2;0;2;0;0;3;0;0;1;0;0;0;2;0;0;0;2;0;0;0;0;0;0;2;0;0;0;0;0;0;0;0;3;0;2;0;0;2;0;0;0;0;0;0;1;0;0;0;0;0;0;0;0;0;0;0;0;0;1;0;9;3;0;0;0;0;0;7;0;0;0;0;0;0;1;0;1;0;0;0;0;0;0;1;0;5;1;0;0;0;0;0;0;0;0;0;0;0;0;0;1;0;0;0;0;0
09571000;0;3;0;2;0;0;2;0;0;3;4;0;0;2;0;4;2;0;1;0;1;0;0;0;0;8;3;0;0;4;0;0;0;0;4;0;0;2;2;0;0;3;0;0;0;1;2;0;0;0;0;0;5;3;3;1;2;6;1;1;0;2;1;4;1;0;6;0;0;3;0;2;0;4;0;7;0;0;0;1;1;0;0;0;3;0;5;0;5;0;0;0;1;0;7;0;1;3;0;0;0;0;2;0;1;0;0;0;1;0;0;0;0;1;0;6;0;3;0;0;1;0;0;0;0;5;6;1;0;4;0;4;0;0;0;4;7;0;2;0;0;2;0;1;0;0;1;0;0;0;0;0;0;0;4;0;0;2;2;5;0;0;1;0;1;1;0;1;0;0;0;0;0;0;1;0;0;0;0;0;0;0;0;12;0;0;8;0;0;0;0;2;2;0;3;3;6;0;0;0;0;0;0;4;0;0;8;0;0;1;1;0;0;0;0;1;8;0;0;0;1;5;3;0;7;0;0;0;0;0;7;0;3;3;0;0;0;11;0;0;0;0;0;0;0;5;0;5;0;0;0;1;1;0;11;4;0;12;0;0;0;3;2;0;0;5;0;5;2;3;9;0;1;0;9;1;0;0;0;0;99;0;16;0;0;0;0;0;17;0;0;0;0;0;54;4;0;6;0;5;3;0;0;6;9;0;0;1;0;0;0;0;5;2;0;3;0;0;0;1;2;0;0;6;0;0;0;0;0;0;0;0;0;0;1;0;1;0;0;0;5;0;0;0;1;0;0;0;0;0;0;3;3;0;1;0;5;1;6;0;5;1;0;0;0;8;0;0;0;5;0;4;2;0;0;2;0;0;4;0;0;2;1;1;0;2;0;0;3;2;0;2;0;0;0;1;0;1;0;0
09572000;2;2;1;0;0;0;0;0;0;0;4;3;0;0;1;4;0;0;0;0;0;0;0;0;0;3;2;0;2;0;0;1;0;1;0;0;0;0;4;3;0;0;0;3;0;0;0;1;1;0;4;0;0;1;0;0;0;0;2;0;0;10;2;0;1;3;0;1;1;0;0;2;0;0;1;7;0;1;0;2;0;0;0;0;0;0;0;0;0;0;2;2;0;2;0;0;0;0;0;0;0;2;6;6;2;0;1;0;0;0;0;0;0;0;0;0;0;10;5;0;7;0;1;0;0;1;0;8;0;3;0;3;3;2;2;0;1;0;1;0;0;0;1;0;1;1;1;0;1;4;2;0;0;0;0;0;2;0;0;0;0;0;9;1;0;1;0;0;0;0;0;0;0;0;1;0;1;0;10;0;1;0;0;2;1;5;2;1;0;1;0;1;9;5;5;0;6;0;0;0;0;1;1;3;4;0;9;1;8;0;12;3;0;4;5;0;2;4;0;6;0;2;3;49;4;1;5;1;2;0;0;6;0;2;3;0;2;1;9;0;0;3;2;2;3;0;1;11;0;7;0;0;1;1;0;0;2;1;0;1;3;3;0;15;0;9;0;0;23;5;0;14;12;4;89;4;1;0;5;0;6;0;0;0;4;15;0;0;48;31;3;2;0;3;0;0;3;0;2;0;6;0;0;1;4;1;0;0;1;2;2;2;0;0;0;3;0;0;0;0;0;0;0;0;0;0;4;0;0;0;3;2;2;0;2;1;0;0;1;0;3;0;1;0;0;2;2;4;4;0;0;1;0;1;0;3;9;0;0;3;0;9;2;0;0;0;4;3;0;0;0;0;0;0;0;0;0;0;0;2;2;1;3;0;0;0;0;1;3;0;0;3;0;0;0;0;2;0;0;0
09573000;0;2;0;1;0;0;2;3;3;0;1;0;4;0;0;0;2;0;0;3;0;0;0;1;0;0;2;2;0;1;1;0;0;0;0;0;0;2;0;3;1;0;2;1;0;0;0;1;0;0;0;3;0;0;0;0;0;2;0;3;0;0;0;0;1;0;0;0;0;0;0;0;3;0;0;1;1;0;1;8;0;1;0;0;0;0;0;3;0;0;0;1;2;0;3;5;0;0;0;0;0;1;0;0;0;0;0;0;0;1;0;0;0;1;4;0;0;5;0;5;0;1;0;0;1;0;2;0;0;4;1;1;0;3;1;4;1;0;0;1;0;0;4;0;0;0;2;0;0;0;2;0;0;2;0;0;2;0;0;2;0;1;0;0;0;2;0;0;0;1;0;4;0;0;0;1;0;0;0;0;2;0;0;0;1;0;0;0;2;0;1;0;0;0;0;1;0;0;0;0;3;0;2;0;0;3;2;2;2;0;0;1;0;2;1;0;0;0;1;0;0;0;0;0;0;0;1;1;0;0;5;0;0;0;3;0;3;2;0;2;0;0;0;0;1;4;0;1;2;3;0;0;0;3;0;0;0;1;5;0;21;0;26;0;1;4;3;10;0;0;10;19;0;1;15;4;0;4;8;2;29;26;0;2861;27;79;30;0;65;92;67;5;1;3;8;0;0;2;0;0;0;0;0;0;0;1;0;1;3;4;2;0;0;0;7;0;0;0;0;0;0;2;0;0;10;0;0;0;0;0;0;1;0;0;2;0;0;2;0;0;0;0;3;1;0;0;0;2;3;2;0;0;3;4;4;0;0;3;3;1;2;6;0;2;4;0;0;1;0;1;1;0;0;1;0;1;3;0;0;0;0;0;0;2;0;1;5;2;0;0;0;0;0;0;1;0;0;0;0;0
09574000;2;0;2;0;2;1;0;5;1;0;2;7;1;0;0;7;0;0;0;2;0;0;0;0;0;0;0;1;1;3;1;0;0;0;1;0;0;3;0;0;0;2;0;1;0;0;1;1;0;0;1;0;0;0;1;1;0;2;0;0;0;1;2;2;2;3;3;2;0;0;0;1;4;2;0;0;4;0;4;0;0;6;5;0;0;0;0;0;1;1;2;3;2;0;0;0;0;0;2;0;0;1;2;0;1;0;2;0;0;2;0;4;2;0;0;1;1;3;2;5;11;0;0;0;0;2;0;0;2;5;0;0;0;1;0;0;0;4;0;0;0;0;0;0;1;2;0;0;2;0;0;0;0;2;3;0;0;0;0;4;0;0;6;0;0;1;1;0;0;1;0;1;0;0;0;0;0;0;0;0;10;0;13;1;1;0;0;0;0;2;6;6;4;0;0;5;0;2;2;0;2;0;0;4;1;1;0;0;0;0;7;1;3;0;0;4;3;2;3;1;4;0;0;0;1;0;3;0;0;0;7;2;6;0;4;3;3;0;0;4;7;1;4;1;2;0;1;0;0;2;2;0;4;1;0;0;0;4;10;8;35;0;145;7;0;0;0;3;0;1;0;20;48;5;0;1;0;8;13;12;2;0;4;0;0;0;0;0;0;0;48;0;0;1;0;0;0;0;0;2;0;0;0;3;0;0;1;0;0;7;1;0;12;0;2;0;12;0;0;0;2;2;0;0;0;2;3;1;0;1;2;0;0;0;1;2;3;0;0;0;0;0;1;0;0;0;0;0;0;2;0;0;0;4;8;3;2;0;0;0;1;0;0;0;0;0;2;3;0;0;0;3;0;0;7;1;0;1;6;2;0;3;1;1;4;0;0;0;2;1;0;0;0;0;0;0;0;7;0;1
09575000;0;1;1;2;0;0;1;0;2;0;0;7;2;0;1;1;1;0;0;0;0;0;0;1;0;0;6;0;0;1;0;0;0;1;0;0;0;1;0;1;0;0;0;0;2;0;1;1;2;0;1;0;0;1;2;1;1;0;0;0;0;2;0;1;0;0;2;1;0;0;0;0;2;0;3;2;0;0;2;0;4;3;0;0;0;0;2;0;0;1;1;0;0;1;9;5;1;4;1;0;1;1;8;1;1;4;0;0;0;0;0;0;0;0;0;3;1;4;0;1;1;0;2;4;0;2;0;0;0;0;0;0;0;0;4;0;0;0;0;0;0;0;0;0;1;0;0;0;1;0;1;0;0;0;1;0;1;0;0;0;0;0;0;0;2;1;0;0;0;0;1;1;0;2;3;0;1;0;8;3;0;0;3;0;0;2;4;0;0;0;9;0;4;4;0;5;3;0;3;0;7;0;1;0;0;0;4;0;1;3;0;1;0;0;7;0;0;7;0;0;0;0;7;12;0;0;5;0;5;0;0;0;0;0;0;3;0;0;0;3;0;2;0;4;0;4;0;0;0;0;0;2;0;0;0;3;0;0;10;0;18;4;5;2;4;4;0;0;5;0;2;0;0;0;0;0;0;0;4;0;9;0;0;0;10;5;0;0;4;0;3;1;3;4;2;2;0;0;2;0;3;0;1;0;4;0;3;2;0;2;0;3;0;0;5;0;0;2;1;0;0;0;2;0;0;0;2;0;1;2;3;0;1;3;0;0;0;0;0;0;0;2;0;0;2;0;1;0;0;2;1;0;0;0;3;0;0;0;4;0;2;1;0;0;0;1;1;0;0;0;0;0;0;8;0;0;3;0;0;0;2;0;0;0;0;0;0;3;2;2;0;3;0;2;0;8;1;0;0;0
09576000;0;0;0;0;0;0;4;1;0;0;2;0;0;0;0;0;4;0;0;0;1;1;0;0;0;0;3;4;0;0;0;0;0;0;0;1;0;0;1;2;0;0;0;0;4;0;0;1;0;2;3;1;2;4;0;0;1;0;2;0;0;0;0;0;2;1;1;8;0;3;0;0;0;1;0;0;3;0;2;0;3;0;2;0;0;0;0;0;0;0;1;0;1;0;0;1;2;0;0;1;0;1;0;0;7;0;1;0;5;6;0;0;0;0;2;0;0;3;0;4;0;0;0;1;0;0;0;1;0;1;0;0;5;0;1;1;5;1;0;0;1;0;0;0;0;3;1;1;0;0;0;2;0;0;0;0;1;4;0;0;0;0;2;0;0;0;0;0;0;0;0;0;2;0;1;0;0;0;0;3;0;1;1;0;0;0;0;1;0;0;5;0;0;1;1;4;0;0;0;1;4;1;0;4;0;0;2;0;0;0;8;2;3;4;1;0;0;0;0;0;2;0;0;0;0;0;0;0;0;0;0;0;1;0;0;6;1;0;0;0;1;0;3;0;0;0;2;5;0;0;0;7;0;0;2;0;0;9;4;0;14;0;64;6;10;5;0;3;6;0;4;1;3;9;21;0;0;0;0;1;16;0;0;0;0;42;0;0;0;0;0;66;1;0;0;0;0;0;1;3;0;1;1;0;1;0;2;0;0;0;2;0;3;0;2;0;0;5;1;0;0;0;0;2;10;0;1;0;3;0;0;0;0;1;0;1;0;0;0;0;7;3;0;0;0;0;0;4;0;0;0;0;0;1;4;1;0;0;0;2;0;1;0;0;0;0;1;0;0;0;3;0;0;0;4;0;5;4;2;0;2;0;0;0;0;0;0;0;0;5;0;5;1;1;0;2;1;6;0;1
09577000;0;0;0;0;3;2;1;0;2;0;0;0;1;1;0;17;0;2;1;1;0;0;5;0;0;0;3;0;0;4;0;0;0;0;0;2;0;0;4;0;2;0;0;0;0;0;1;0;0;0;5;0;0;2;1;0;0;0;0;0;0;14;0;2;2;0;0;0;1;3;1;0;0;0;0;0;0;0;0;0;0;10;0;1;2;0;0;0;0;0;8;0;2;1;0;8;0;1;1;0;0;1;0;2;1;0;0;0;3;0;0;0;0;2;1;1;0;1;0;6;0;0;0;0;5;0;1;0;3;0;0;0;1;3;0;0;0;0;0;0;0;1;0;0;0;0;0;0;0;1;0;5;0;0;0;0;0;0;0;1;1;1;4;0;0;0;1;0;0;2;1;0;0;5;0;0;0;0;0;0;0;0;0;6;3;2;1;0;0;7;6;2;2;0;0;7;1;0;1;0;0;1;0;2;3;0;3;0;0;1;0;6;0;0;2;0;0;0;2;2;0;0;6;12;2;0;1;0;0;6;6;2;1;6;2;0;0;0;0;0;0;0;0;5;0;0;0;2;3;0;0;3;1;0;1;0;0;0;4;1;2;0;0;0;3;0;1;3;2;0;7;0;0;0;7;1;2;0;0;0;0;0;0;0;8;28;0;0;15;0;0;0;0;3;4;0;0;0;0;5;0;1;4;2;0;0;5;1;0;0;0;0;0;0;1;0;26;0;2;0;1;0;0;0;3;1;0;0;0;1;0;0;0;5;0;0;0;0;0;0;0;1;1;0;1;5;0;0;0;0;0;0;0;0;0;4;1;4;0;0;0;1;2;0;0;3;1;1;1;0;2;0;0;0;0;0;0;0;1;0;0;0;1;0;3;0;1;2;0;0;1;3;2;0;0;1;1;1;0;0
09661000;0;0;0;2;0;0;0;0;4;3;2;1;6;0;2;4;3;1;1;2;0;0;0;3;0;1;2;2;0;0;0;0;0;0;1;0;3;0;0;0;2;2;0;3;1;2;2;0;1;0;1;2;2;0;1;0;0;0;0;0;0;2;0;0;0;0;0;0;0;0;0;0;0;4;0;2;0;2;0;4;3;0;0;1;0;0;4;0;6;0;0;5;0;0;0;0;1;3;0;2;0;1;2;2;3;0;0;0;3;1;0;0;0;0;4;0;0;0;0;0;6;0;0;0;0;0;5;0;0;0;0;3;0;0;0;0;0;2;0;4;0;0;0;0;0;0;1;0;0;0;2;0;0;0;0;0;4;0;1;5;0;0;8;0;0;0;3;0;6;0;1;0;1;0;0;0;0;1;3;4;0;0;0;0;3;0;7;0;2;0;0;1;0;8;7;0;0;0;4;0;0;0;0;0;0;0;0;0;3;0;4;0;0;0;7;1;3;0;0;6;7;1;0;6;2;0;0;3;0;0;1;2;2;1;4;6;6;4;5;0;0;1;0;0;2;5;1;0;0;0;1;0;0;0;0;0;0;4;0;0;0;0;0;0;0;0;0;0;0;2;0;4;0;1;3;1;2;0;5;1;2;0;2;0;0;0;1;0;0;0;0;0;0;0;16;0;0;1;2;3;9;0;0;0;0;1;0;0;0;0;0;5;2;0;0;0;3;1;2;1;2;0;2;1;5;3;0;1;0;0;0;0;0;0;0;0;0;0;0;0;0;1;0;0;0;0;4;0;0;0;0;1;1;2;0;0;0;0;1;0;0;5;0;0;1;3;7;0;0;2;1;0;0;0;0;1;0;1;1;1;0;0;0;0;0;0;1;0;0;0;0;0;0;0;0;0;0;1;0;0
09662000;1;2;1;0;0;0;0;0;0;0;1;0;0;0;0;15;0;0;3;0;1;0;0;1;2;0;0;1;0;0;0;0;0;1;0;0;2;0;0;0;0;0;0;1;0;0;0;2;0;1;3;0;0;0;0;0;0;3;0;0;0;2;0;5;0;5;0;2;4;0;0;1;0;0;3;12;0;0;1;6;1;3;0;4;0;0;0;0;0;0;0;0;1;1;0;2;0;4;0;0;0;2;0;0;1;0;5;2;2;0;1;0;0;3;0;1;0;5;2;0;0;0;5;0;5;1;3;0;2;1;0;1;3;5;0;1;1;1;0;0;1;1;0;0;2;0;2;0;5;1;1;1;0;2;0;0;0;0;0;0;1;0;7;0;1;1;0;0;0;1;0;0;2;0;0;0;0;0;0;0;0;1;0;1;1;0;0;0;5;4;2;0;7;8;3;0;3;0;1;1;0;3;0;2;0;0;1;1;3;0;0;4;1;8;2;0;2;0;3;3;2;0;0;8;2;0;1;0;2;0;3;0;0;0;0;1;3;2;1;0;0;0;1;0;1;1;0;0;0;0;0;0;0;0;0;0;0;0;0;0;0;0;0;0;5;0;0;3;0;1;0;0;3;0;1;0;0;0;0;0;6;4;0;21;0;6;0;0;0;0;0;0;0;0;68;7;0;0;0;0;0;0;0;18;0;0;0;0;7;0;1;0;0;1;0;0;0;4;4;0;1;0;0;0;0;0;0;1;0;0;1;0;0;0;1;0;0;1;0;0;1;3;4;4;0;0;0;0;0;1;0;0;0;0;1;4;10;1;0;0;0;1;0;0;0;0;3;3;0;0;0;0;0;0;0;0;0;0;0;0;0;4;2;0;0;0;0;1;0;0;0;0;0;0;0;0;1;0;0;0
09663000;1;12;0;0;3;1;2;0;0;0;0;0;2;0;2;56;0;1;0;0;6;2;0;0;0;0;0;0;0;0;0;0;0;2;0;9;0;0;0;0;0;1;1;2;0;0;0;0;0;4;0;0;0;0;0;4;0;2;0;0;0;1;0;11;3;0;6;0;1;6;0;0;1;0;0;2;0;0;10;28;0;0;0;0;0;0;7;0;0;0;0;0;0;0;0;0;0;0;0;0;0;0;0;0;0;0;0;3;0;1;0;0;0;0;0;3;0;59;13;13;0;0;0;0;0;0;0;5;0;0;0;0;0;0;5;0;0;0;0;0;0;2;0;1;0;0;0;0;6;1;3;2;0;0;1;4;7;3;1;0;0;0;0;2;0;0;0;3;1;0;8;4;0;0;0;0;0;3;12;0;0;3;0;0;0;0;0;0;0;0;0;0;4;0;1;1;0;0;0;0;0;0;0;27;0;0;5;0;3;0;3;0;3;6;0;4;2;1;0;0;6;0;0;106;5;0;0;4;1;1;0;1;5;14;0;25;2;0;18;0;0;5;2;5;5;0;3;0;4;0;2;0;0;0;0;0;0;1;7;0;0;0;0;0;0;2;1;0;3;0;6;0;0;0;0;0;0;0;0;3;0;0;5;0;0;0;4;0;1;0;0;0;0;0;0;0;0;0;0;0;0;0;0;0;40;2;16;0;0;5;0;0;2;0;5;0;4;0;4;0;1;0;0;0;36;0;0;0;0;0;0;0;2;3;1;0;0;0;0;2;0;1;0;9;0;0;4;10;0;0;1;1;3;0;4;0;0;0;2;0;0;16;0;1;2;0;0;0;0;0;0;0;0;0;0;0;0;0;0;0;0;0;10;0;0;5;0;0;0;0;0;0;0;0;0;1;0;2;2;0
09671000;2;4;4;0;1;2;2;0;9;1;2;0;0;0;4;0;2;0;0;0;0;2;0;0;2;0;2;0;0;0;1;2;0;1;0;2;0;0;2;4;1;0;0;2;2;1;0;5;0;3;3;2;3;4;0;0;2;3;0;0;0;6;1;1;5;6;0;3;0;0;0;0;0;4;0;2;0;5;1;0;1;5;0;0;0;8;0;0;10;0;3;0;0;0;8;0;0;1;2;10;0;9;0;0;0;1;1;0;0;1;0;3;0;8;4;2;0;0;0;0;3;0;0;0;0;1;0;0;2;11;3;0;0;1;4;0;5;7;5;0;0;0;0;0;1;0;1;0;4;0;3;6;0;0;3;1;0;5;5;7;2;0;20;2;3;0;0;1;0;0;3;0;0;0;6;0;0;1;0;0;8;0;0;8;6;2;0;12;12;3;0;3;0;3;0;0;8;2;4;0;0;0;2;6;5;0;3;0;0;2;6;4;0;0;0;3;0;0;6;1;5;1;0;22;0;0;2;6;0;8;0;0;7;6;0;0;0;3;6;0;3;0;3;0;0;0;0;2;3;0;3;1;1;2;1;2;0;1;0;0;5;3;0;2;0;7;2;0;0;0;0;0;2;2;0;3;0;0;4;0;1;2;0;19;1;0;1;2;2;0;2;2;217;0;33;0;0;0;0;5;104;42;0;2;0;0;0;1;0;2;0;0;1;0;7;2;0;4;0;0;0;1;0;1;0;0;0;0;0;3;13;0;0;0;0;1;0;0;0;0;0;0;1;0;0;0;0;0;0;2;0;0;4;0;2;0;0;0;6;0;0;8;3;0;0;1;1;0;1;1;0;0;0;3;0;0;2;2;2;0;1;0;0;1;0;2;2;1;2;0;0;1;0;3;0;1;0;0;4;2
09672000;1;3;6;0;0;3;0;0;3;0;0;0;0;0;0;1;4;1;0;3;2;0;1;0;0;0;10;0;1;0;1;0;0;0;0;0;2;3;0;1;3;5;2;0;0;0;0;0;2;0;5;1;0;0;1;3;0;3;1;0;3;0;0;0;0;0;0;1;0;0;0;0;0;2;0;0;0;3;0;0;0;0;9;1;0;0;0;1;1;0;0;0;5;0;0;2;0;1;0;0;0;0;0;5;0;6;0;0;1;0;0;0;0;0;0;0;5;0;0;0;1;0;0;1;0;0;0;0;0;0;1;0;0;0;3;0;0;1;0;8;0;0;1;6;0;0;0;0;0;0;1;0;1;0;0;6;2;0;2;1;0;0;0;0;0;0;2;0;0;1;0;0;0;3;3;0;0;0;1;0;4;1;0;1;4;3;2;0;6;0;2;0;1;0;0;0;0;0;2;2;0;0;0;0;0;0;0;0;5;2;2;9;2;0;3;0;10;0;5;0;3;6;1;0;1;0;0;0;2;0;0;0;0;0;0;3;0;2;0;4;1;5;0;4;0;0;3;0;2;0;2;0;0;0;0;1;0;0;2;0;1;0;2;2;1;3;0;3;5;4;1;0;0;6;0;4;0;1;0;0;0;6;0;6;0;4;0;3;3;3;0;5;13;70;108;0;0;0;15;0;2;0;0;0;0;0;0;1;0;3;2;0;0;1;0;6;0;7;0;0;0;0;0;0;5;1;3;0;0;3;1;0;0;0;0;0;0;1;0;0;3;2;0;0;0;0;2;2;0;2;0;0;2;1;0;0;0;0;1;0;0;10;0;0;0;0;2;0;0;0;0;0;0;0;3;1;0;0;1;0;0;0;0;0;1;0;4;1;0;0;1;0;0;0;1;5;0;0;3;1
09673000;2;0;0;1;1;0;0;0;1;9;0;0;0;0;0;11;0;1;0;0;0;0;2;0;1;6;0;1;0;0;0;0;1;0;2;0;0;1;0;5;0;1;3;0;0;0;2;0;1;0;1;0;0;0;0;0;0;1;2;0;1;2;0;4;2;0;1;0;0;0;0;1;2;0;1;0;1;1;0;1;1;1;0;0;0;0;0;0;0;0;0;0;0;0;0;0;0;1;0;1;0;6;4;0;0;0;1;0;2;1;0;0;0;2;0;0;0;9;0;0;0;0;0;0;0;0;0;0;0;0;0;0;1;0;0;6;0;2;2;0;0;0;2;4;0;0;0;8;0;0;0;0;0;0;0;0;0;0;0;0;0;0;0;0;0;0;0;0;0;0;1;0;3;0;0;0;0;0;0;0;1;0;0;2;1;0;0;1;0;0;0;0;2;3;0;0;0;0;1;0;2;0;0;5;1;0;3;0;1;0;1;2;0;0;0;0;3;3;1;2;1;0;2;18;0;2;0;0;2;2;0;2;1;1;0;0;1;0;6;0;3;0;0;0;2;0;0;0;0;4;0;0;0;0;1;0;0;0;0;1;0;1;0;0;4;0;0;11;0;8;0;8;0;0;0;0;0;4;0;6;0;4;0;15;1;0;4;0;4;3;3;1;0;58;40;1;41;0;0;0;0;2;0;14;7;0;3;0;0;0;0;1;0;1;2;0;0;0;0;0;2;1;1;1;13;0;1;0;0;0;1;0;1;0;0;0;2;0;0;0;0;1;0;1;3;0;0;1;0;0;1;8;2;0;1;0;4;0;4;0;0;0;0;0;0;1;0;0;0;3;0;0;0;1;0;0;0;1;10;1;0;0;1;1;0;0;0;1;9;2;0;0;0;0;0;1;0;2;0;0
09674000;0;2;0;0;3;1;0;0;0;0;1;0;0;0;2;0;0;0;0;0;2;3;3;0;0;1;0;1;1;0;0;0;2;1;1;0;0;0;1;0;0;0;0;0;0;0;0;0;0;0;0;0;2;0;1;2;2;2;0;0;1;1;4;2;0;0;0;1;0;0;0;1;0;2;1;0;0;0;4;3;0;0;0;0;0;3;1;0;7;0;6;0;0;0;0;0;0;0;0;0;0;0;0;0;2;0;0;0;0;2;1;0;0;0;0;0;0;5;5;2;3;0;0;0;0;0;0;3;0;2;0;0;0;2;1;0;5;0;1;0;0;0;0;0;0;0;0;0;0;0;0;2;1;0;3;2;1;1;0;1;0;0;1;0;0;0;2;0;0;2;0;1;0;0;2;2;0;1;2;0;0;0;0;1;0;0;0;0;1;0;0;0;4;0;0;1;2;1;0;0;0;0;1;0;0;0;1;0;2;0;0;1;0;2;3;2;0;1;0;0;0;3;1;25;4;0;3;0;0;1;5;0;6;6;0;0;0;1;0;2;0;0;0;9;0;1;0;0;0;0;0;0;0;0;0;0;0;0;0;3;0;2;0;2;2;2;0;34;0;28;2;0;3;8;0;0;0;0;13;0;0;0;0;47;1;4;0;6;0;0;0;2;0;17;23;1;0;12;0;2;2;0;0;0;2;3;0;0;1;0;2;0;1;1;3;0;2;0;0;0;0;0;1;0;0;0;0;0;0;0;0;0;1;0;0;0;0;0;0;0;1;0;0;0;0;0;0;1;0;0;0;0;0;1;0;1;3;0;0;0;2;5;0;1;0;2;4;0;0;0;0;1;0;0;0;0;0;0;0;0;0;0;1;0;0;3;0;1;3;0;0;0;0;0;0;1;1;0;1;0
09675000;0;0;1;0;0;0;1;0;0;0;0;6;1;0;0;2;0;0;1;0;0;0;0;1;1;0;0;0;0;0;0;0;0;0;0;3;0;0;1;0;0;0;0;0;0;0;0;1;0;2;1;0;0;0;2;2;0;0;1;0;0;0;0;2;2;3;1;1;3;1;2;1;1;0;0;0;1;0;4;2;2;5;0;3;0;3;0;0;4;2;0;1;2;0;3;0;2;0;0;5;4;0;0;0;2;4;0;0;0;3;2;4;0;0;0;0;0;0;0;1;0;0;0;4;0;0;2;0;0;0;0;3;0;2;5;0;0;0;4;0;1;0;0;1;1;0;0;1;0;0;1;0;0;2;0;1;0;0;0;6;0;1;2;0;1;0;7;0;0;2;5;0;0;0;0;0;2;0;1;3;1;0;2;0;1;0;5;0;4;1;1;0;6;0;4;0;0;2;0;0;0;0;0;0;0;1;5;0;3;0;0;2;5;1;1;5;1;0;0;2;0;0;2;0;3;0;0;0;0;0;5;0;7;0;0;1;2;0;0;0;0;0;5;0;0;0;0;2;0;0;0;1;0;0;0;0;1;0;5;0;0;0;2;1;2;7;0;8;0;0;1;2;2;2;2;0;4;0;0;2;0;2;7;7;0;0;9;1;0;48;0;0;0;8;50;0;13;6;0;0;0;0;0;0;5;0;2;4;1;0;1;0;0;1;0;1;1;2;2;0;0;0;1;0;12;0;0;0;0;1;0;0;3;0;1;0;0;0;2;0;0;0;0;0;0;2;0;0;1;2;0;0;0;2;7;1;0;0;0;0;0;0;0;0;0;1;0;2;4;2;0;0;0;1;0;0;0;0;3;0;0;0;1;1;0;1;0;0;0;0;0;0;1;3;3;2;0;0;1;0
09676000;1;1;2;2;2;0;1;0;0;1;0;0;0;0;0;10;1;3;2;1;1;0;0;0;0;0;0;1;1;1;5;0;0;2;1;5;0;1;0;0;0;0;0;0;0;0;1;0;1;1;4;0;1;1;1;5;0;0;1;2;0;6;2;7;1;2;0;7;0;0;0;0;1;0;1;2;6;0;2;8;0;1;0;0;3;2;1;3;1;0;1;0;0;0;6;0;2;1;0;2;0;0;4;7;7;0;1;0;2;2;0;0;0;0;0;0;0;0;0;12;7;0;0;0;2;0;0;0;0;5;0;4;3;0;0;3;0;4;1;0;1;2;2;2;0;2;1;0;0;1;0;0;5;0;0;0;1;0;0;0;0;2;3;1;8;0;0;0;0;1;5;0;0;0;0;0;0;0;10;0;0;0;0;0;0;2;0;3;0;0;2;2;1;2;0;0;0;43;0;0;2;0;0;0;0;0;0;0;0;2;2;0;8;0;2;0;0;0;2;0;0;0;2;13;0;0;0;0;1;0;0;3;1;0;0;0;0;0;0;1;0;0;0;0;0;0;7;0;0;0;0;0;1;0;1;0;0;2;0;0;0;4;0;0;3;0;0;0;0;0;2;0;0;0;1;0;2;0;0;2;0;8;0;18;0;0;0;0;2;0;1;0;0;12;29;0;0;0;0;0;0;31;0;8;4;0;1;0;3;0;0;8;3;0;1;0;3;2;0;1;1;0;0;0;11;0;0;0;1;0;0;0;0;0;0;0;0;0;0;0;0;0;2;0;0;0;0;0;0;1;2;0;0;0;2;0;0;10;0;0;1;5;0;0;0;3;1;0;0;0;0;0;4;0;0;0;0;3;0;0;0;1;2;0;0;2;1;1;0;0;4;0;0;0;0;0;0;3;0;0
09677000;0;0;0;0;0;0;1;0;0;1;1;0;0;0;0;0;3;0;1;0;0;1;0;1;1;0;3;0;1;0;0;0;0;1;0;3;0;1;0;0;1;0;0;2;0;0;2;0;0;0;5;0;3;0;0;2;0;0;2;0;3;2;0;0;2;2;0;0;1;0;1;1;11;0;6;4;0;0;0;0;1;4;3;2;0;0;3;0;0;1;0;0;0;0;9;1;0;0;1;0;0;0;0;0;0;7;2;0;1;0;4;0;0;0;3;5;0;17;0;0;2;0;0;5;0;0;0;19;4;0;3;4;0;2;0;4;1;0;0;0;0;0;1;2;0;0;0;0;0;0;7;2;0;1;4;1;0;0;0;0;0;1;6;0;1;0;0;0;0;2;0;0;0;0;2;0;4;2;0;0;0;0;4;2;3;0;5;0;0;2;5;2;0;3;1;4;1;2;0;0;2;0;0;2;1;1;3;0;1;0;1;0;4;0;3;1;6;0;0;0;1;2;0;47;0;0;0;0;3;0;2;1;0;0;0;1;0;1;2;1;1;4;0;0;0;0;0;0;4;0;0;0;6;0;0;3;0;0;5;2;0;0;1;0;0;0;0;1;2;13;0;0;0;4;4;0;0;0;0;0;1;8;0;8;2;2;0;2;2;4;0;0;15;27;77;0;44;0;9;19;0;0;0;0;9;2;0;0;1;0;0;0;6;5;3;4;1;0;9;0;0;2;0;1;17;1;0;0;0;1;1;0;0;0;0;0;1;0;2;3;0;0;0;1;0;0;0;0;1;1;0;6;3;0;0;0;1;1;0;1;0;5;4;0;1;0;0;0;0;1;0;2;0;2;1;0;0;0;0;0;0;8;1;0;0;2;0;2;0;0;0;0;0;1;0;1;0;1;2;0
09678000;0;0;1;0;1;0;2;3;2;0;0;1;0;0;2;0;3;0;0;0;1;0;0;0;0;0;1;0;2;0;0;0;0;0;0;0;2;1;0;0;0;0;0;0;0;0;0;0;2;0;0;5;0;0;1;0;0;1;0;0;0;4;0;1;2;9;0;1;0;0;0;3;1;0;0;6;0;0;0;0;0;1;0;2;0;1;0;1;0;0;0;0;2;0;0;0;3;0;0;9;0;0;0;0;2;0;0;0;0;0;0;0;1;1;0;2;0;0;4;0;3;0;0;1;5;0;3;10;1;0;0;0;1;2;0;2;9;0;0;4;0;0;1;0;0;0;0;0;0;0;0;0;5;2;0;0;0;0;0;0;2;0;0;0;0;0;0;0;0;1;1;1;0;0;0;1;0;2;5;0;0;0;0;1;3;0;0;0;0;0;0;0;0;0;1;2;1;1;2;0;6;0;5;0;3;0;2;2;0;2;2;0;0;0;0;0;2;0;0;2;0;0;0;0;2;8;1;3;5;0;4;0;0;5;8;4;2;5;11;2;0;0;1;4;0;0;0;2;0;0;2;0;5;0;0;5;9;0;0;1;1;0;0;0;4;1;0;3;0;3;2;10;3;0;0;6;5;2;0;2;1;0;0;6;0;11;1;2;4;0;0;0;176;141;225;607;526;222;639;131;1072;356;0;767;7;2;2;0;0;0;0;0;2;0;3;1;3;3;1;1;1;1;0;0;7;0;0;0;1;0;0;0;1;0;0;0;0;0;0;0;0;2;1;0;0;0;1;7;8;0;0;0;3;0;1;2;2;0;1;0;0;2;0;1;0;0;0;0;0;1;0;2;0;3;0;1;0;0;0;0;2;0;2;0;0;0;1;0;3;0;0;0;1;2;0;0;0;0;0;0
09679000;3;0;0;0;0;1;4;0;4;1;1;8;0;4;2;9;0;0;1;0;0;1;0;1;1;0;10;0;0;2;0;0;2;0;2;1;1;5;0;0;0;2;0;0;0;0;0;0;0;2;2;2;6;3;2;1;0;0;1;0;0;0;0;1;0;8;0;0;0;0;0;1;0;0;1;0;0;0;5;1;1;5;0;4;1;0;0;0;1;2;2;3;0;2;3;0;0;1;3;0;1;6;0;0;0;6;0;1;0;2;0;5;0;0;0;1;0;0;2;6;1;0;1;0;0;2;0;1;0;0;0;1;0;0;0;5;0;0;2;0;0;0;0;4;1;0;0;0;0;0;0;0;0;0;2;1;0;1;0;0;0;0;0;0;0;2;2;0;2;0;0;0;1;2;6;0;0;0;14;0;0;0;0;0;1;1;0;0;83;0;1;2;4;0;2;0;4;3;0;0;4;1;0;0;0;0;6;0;1;0;0;0;4;0;0;1;0;3;0;5;0;4;11;20;4;3;0;0;3;0;4;0;5;0;0;4;0;4;1;1;2;5;3;0;1;1;0;1;1;0;0;0;0;1;0;0;0;0;1;6;0;0;0;6;0;0;2;5;2;0;0;0;0;2;0;0;0;0;0;1;0;6;1;12;0;0;0;1;0;8;1;0;11;0;13;0;12;0;5;115;0;21;0;0;5;1;0;5;0;7;5;0;0;0;0;1;0;0;1;0;0;0;0;0;2;0;0;0;0;0;2;0;0;0;0;0;0;0;0;0;0;0;0;2;1;0;1;2;0;2;0;2;3;0;0;0;0;5;0;0;4;0;2;2;0;4;2;0;0;0;2;2;0;1;0;0;0;0;0;0;0;0;0;0;0;1;1;0;14;3;0;0;0;2;0;0;0;0;0;0
09761000;0;0;0;1;9;2;0;1;6;0;0;5;0;4;1;0;0;6;0;0;0;0;0;0;0;0;1;1;8;0;1;0;0;0;0;0;3;0;0;0;10;18;0;0;2;1;4;0;0;2;0;0;0;1;4;0;0;1;3;0;0;0;3;0;0;3;0;0;0;1;0;0;0;15;0;5;0;1;6;4;6;0;1;0;0;1;3;5;0;0;7;6;0;0;0;0;1;0;0;0;0;0;0;0;0;0;1;0;1;0;0;0;0;0;7;0;1;0;0;1;0;0;0;0;0;1;0;0;5;5;0;0;0;0;0;0;0;0;7;3;0;0;0;3;0;0;7;0;3;1;0;0;0;1;0;0;0;0;0;0;0;8;0;0;0;1;0;1;0;0;1;6;0;0;0;0;0;0;0;0;0;0;10;0;9;2;0;0;0;0;0;0;0;1;2;0;0;0;0;0;0;0;2;0;1;1;0;1;0;10;0;14;4;3;0;0;0;0;0;20;0;0;0;0;16;16;1;0;0;0;0;12;0;0;0;0;0;0;0;13;0;0;0;0;0;0;0;0;0;0;0;0;0;1;0;0;0;0;0;5;0;0;3;0;0;0;0;0;0;0;0;0;3;0;2;0;8;0;0;1;0;0;0;0;2;0;0;0;1;0;0;10;4;2;0;9;3;0;0;0;0;0;0;0;0;0;0;46;350;1326;41;706;537;69;156;153;142;358;0;0;0;2;0;0;0;0;2;2;0;0;0;2;2;0;1;0;0;1;0;3;0;2;0;22;2;2;4;1;2;0;0;19;0;0;3;0;0;0;5;4;0;27;1;2;0;1;0;0;4;1;0;0;0;0;0;0;0;5;0;0;0;0;0;1;0;0;2;0;0;0;0;0;0;0;3;0;0;0;1;0
09762000;0;0;0;0;0;1;0;0;0;0;0;1;2;0;1;1;0;1;0;0;0;0;0;1;0;2;2;0;0;0;0;0;0;0;0;1;1;0;0;0;0;0;0;0;0;0;0;0;0;0;0;0;1;0;1;2;1;0;0;0;0;0;3;0;2;0;0;0;0;0;0;0;0;0;0;0;0;2;4;0;0;0;4;0;0;0;0;0;3;0;0;0;0;0;2;1;0;0;0;1;0;0;1;0;0;0;2;0;0;0;0;0;1;0;0;0;2;2;0;1;0;0;0;0;0;0;0;0;1;0;0;0;0;0;0;0;0;6;0;1;0;0;2;0;0;1;0;0;3;0;0;1;1;0;0;0;0;0;0;0;0;1;1;0;0;0;0;0;0;0;0;0;0;0;0;0;1;0;0;0;0;0;1;0;0;0;8;0;0;0;9;2;0;0;0;9;4;0;0;0;0;0;4;0;1;0;0;0;0;1;3;2;2;4;0;0;0;3;0;1;0;1;0;0;0;0;1;1;0;1;1;0;2;0;0;0;0;0;0;0;2;2;0;0;2;8;1;4;0;0;0;2;3;0;0;2;1;1;0;0;0;0;0;1;0;6;0;0;0;1;0;1;1;0;1;0;0;1;0;0;0;1;0;2;1;1;0;0;4;2;2;0;0;2;0;2;2;1;0;2;0;0;0;0;8;0;0;18;5;14;10;2;2;0;0;0;10;0;0;0;0;0;1;0;0;0;1;0;0;0;0;0;0;3;4;1;0;0;0;0;0;0;0;0;0;0;1;1;0;0;0;0;0;0;0;0;0;1;0;0;3;0;0;0;0;3;0;0;0;0;0;0;0;0;0;0;0;0;3;1;0;0;0;0;0;3;1;0;4;1;2;0;0;0;0;0;0;0;0;0
09763000;0;0;0;1;0;0;0;0;3;0;0;0;2;0;0;12;0;0;0;0;1;0;0;0;0;0;0;0;0;0;7;1;2;0;1;0;0;0;0;0;0;2;1;0;1;1;0;0;2;0;0;3;5;0;1;0;0;0;0;0;0;0;1;1;0;2;0;0;0;0;2;0;0;2;0;0;2;0;0;0;0;0;0;2;3;0;0;5;5;0;4;1;0;0;1;0;4;0;0;5;0;7;0;0;0;0;1;1;1;0;0;1;1;0;0;0;0;5;2;7;0;0;0;0;1;2;0;0;0;0;0;4;0;1;0;0;0;2;2;2;0;4;1;1;0;0;0;0;0;3;0;1;0;0;1;0;0;1;0;3;0;0;3;0;1;0;1;5;0;0;0;2;0;0;0;0;0;2;0;3;0;0;6;0;0;0;3;1;0;6;0;0;0;0;0;0;2;0;6;0;0;0;1;0;6;2;0;1;0;0;6;0;1;0;2;0;3;0;5;4;15;0;2;51;0;0;2;0;5;0;1;3;0;0;0;3;2;0;0;3;0;6;0;0;0;1;0;1;0;1;2;1;0;2;2;0;0;0;0;0;1;0;0;0;5;0;0;2;0;0;3;2;0;0;0;0;0;1;0;0;3;1;1;11;0;7;1;0;0;0;0;0;1;0;0;0;0;0;0;0;0;0;0;2;20;9;0;0;0;0;10;0;0;15;14;7;6;61;0;0;0;0;0;0;0;0;0;0;0;0;0;0;2;0;2;0;0;1;1;1;1;0;0;2;2;0;0;0;0;2;2;0;0;2;2;3;11;0;2;0;0;0;0;1;0;0;3;0;0;0;0;0;0;0;0;0;0;0;5;0;0;0;0;0;0;1;0;0;0;0;0;0;0;0;0;0;0;6;0;0
09764000;0;0;1;0;0;0;0;0;3;0;0;0;0;0;0;0;0;0;0;0;0;0;0;0;1;0;3;0;6;10;2;0;1;1;0;1;0;0;0;0;0;0;0;0;0;0;0;0;0;0;0;0;0;0;0;0;0;0;0;0;0;4;0;1;2;0;2;2;0;0;0;0;0;0;0;3;0;1;0;2;0;0;0;1;1;0;0;1;0;0;0;0;0;0;1;8;0;0;0;0;0;0;0;0;0;2;0;0;0;0;1;2;0;0;0;0;4;0;0;0;0;0;0;0;0;0;0;1;0;0;1;0;0;0;0;1;0;1;0;0;0;0;1;0;0;0;0;2;0;0;0;0;0;0;0;3;1;2;0;1;0;3;0;0;0;1;0;0;0;0;0;1;0;0;0;0;0;0;4;0;0;2;0;0;0;1;0;1;0;0;0;0;0;3;4;0;0;2;0;2;5;1;0;0;0;1;0;0;0;0;0;2;4;0;0;0;1;0;12;5;2;0;0;0;0;0;2;0;6;4;0;1;0;2;3;0;3;0;0;0;0;0;0;0;0;0;0;0;3;0;0;0;0;0;0;0;0;1;0;0;0;0;2;0;0;0;1;0;0;0;0;0;1;7;1;0;0;0;0;0;0;0;2;0;1;0;0;0;0;0;0;0;0;0;4;0;0;0;0;0;5;0;1;0;0;0;12;0;0;3;2;0;0;0;17;41;0;0;0;0;0;0;1;0;0;2;2;0;0;0;0;0;0;5;0;0;0;0;0;0;0;0;0;0;0;0;0;2;0;1;0;1;0;0;0;0;2;0;0;0;1;3;0;0;1;0;0;0;5;0;0;1;0;0;0;1;0;0;0;3;0;0;0;0;0;0;0;0;1;0;0;0;0;3;0;0;0;0;0;2
09771000;0;0;0;1;1;0;5;0;1;0;3;5;1;8;0;1;1;0;0;0;0;0;1;0;0;0;3;0;1;0;0;0;0;0;3;0;0;1;0;1;0;3;0;0;0;1;4;0;0;1;0;0;4;0;1;0;1;0;1;1;1;7;0;0;0;3;1;0;0;0;0;0;0;0;3;0;0;4;2;0;0;0;1;4;0;0;2;0;11;1;2;2;2;2;6;1;2;5;0;0;0;1;0;0;1;0;3;0;0;0;2;0;0;1;0;0;0;0;1;0;0;2;0;0;1;0;0;0;0;0;3;5;1;1;1;0;1;0;0;3;0;1;1;0;2;0;0;0;0;0;0;0;0;0;0;1;0;0;0;6;0;0;0;0;1;0;0;0;1;0;0;0;0;0;0;0;8;1;7;0;1;7;0;9;0;0;1;0;0;0;3;4;0;0;1;0;0;4;0;0;0;0;0;6;0;3;3;0;0;0;4;0;0;1;2;7;0;3;11;9;6;1;0;0;0;0;6;0;0;0;0;0;0;0;5;7;0;0;0;42;0;1;0;0;5;0;0;0;9;2;2;5;2;0;0;0;0;1;0;0;0;0;1;0;0;1;2;0;0;0;0;0;0;0;4;17;1;2;0;3;1;6;0;0;1;5;0;0;2;1;1;1;0;0;0;4;0;3;0;0;0;0;6;2;0;0;11;8;0;0;9;32;0;13;41;49;86;71;0;2;0;0;0;0;6;0;0;0;0;3;0;0;1;0;0;0;0;1;0;0;3;0;0;0;0;1;2;6;0;0;4;0;1;0;2;0;0;0;0;2;1;14;0;0;0;1;0;0;0;0;3;0;0;1;1;0;0;1;0;0;1;0;4;0;0;4;1;0;0;0;0;3;5;0;0;0;3;0;1;0
09772000;0;0;0;0;1;0;0;2;5;0;0;10;0;2;0;0;2;1;0;2;0;0;0;0;0;0;0;0;0;0;7;1;1;0;2;1;0;2;0;4;0;0;0;7;0;0;3;0;0;1;0;3;2;3;0;0;0;4;0;0;3;0;4;11;0;0;0;2;0;3;0;1;0;0;0;0;0;6;0;0;4;5;0;0;3;0;0;0;7;0;14;1;0;1;3;0;1;3;2;0;1;0;0;4;0;0;3;0;0;0;0;0;2;0;0;0;3;0;0;7;0;0;2;10;9;3;0;3;0;2;0;0;1;0;0;0;0;0;4;1;1;5;2;0;0;0;0;0;2;0;0;1;5;0;0;0;0;3;0;0;0;0;3;4;0;0;2;1;3;0;0;0;0;0;1;2;1;1;7;1;0;1;0;6;0;3;2;0;0;2;0;4;4;0;0;0;0;4;0;0;0;0;0;8;1;0;0;3;0;6;4;0;2;3;6;12;9;0;3;2;0;1;0;0;0;0;0;0;0;0;9;0;14;0;0;0;5;0;0;11;0;2;0;0;1;0;5;36;0;0;9;8;2;7;0;0;0;5;8;0;11;0;0;0;0;0;0;0;12;0;0;0;0;3;0;0;0;1;0;0;3;0;0;14;1;10;0;0;0;0;1;0;1;1;0;0;0;2;2;8;2;5;0;0;0;0;5;0;25;0;100;93;0;11;15;0;129;16;0;0;0;0;5;1;0;1;0;0;0;0;1;0;0;8;0;1;1;3;0;0;2;2;0;0;0;0;2;0;4;0;1;3;0;3;0;10;5;7;4;0;0;1;2;3;2;0;0;0;0;4;1;0;0;0;0;3;3;3;0;0;0;0;1;0;0;5;0;0;5;1;5;2;2;0;0;5;0;3;6;1
09773000;0;0;1;0;3;0;3;0;0;0;0;1;1;1;0;0;0;0;0;0;0;0;1;0;0;0;0;1;0;0;1;1;0;0;2;0;2;0;0;0;0;3;0;0;0;0;0;1;0;2;1;1;0;1;0;0;0;0;5;0;0;0;0;0;0;0;0;2;2;0;1;0;0;1;1;1;0;0;0;0;1;6;0;0;1;0;0;0;11;0;2;0;0;0;0;0;1;0;1;0;1;1;4;0;2;0;1;0;0;1;1;0;0;0;0;1;0;2;0;0;0;0;0;0;0;0;0;1;2;2;0;0;5;0;1;0;0;0;1;0;0;0;0;0;0;1;0;1;1;4;0;0;0;0;1;2;0;0;0;0;3;0;1;0;0;0;0;0;2;0;0;0;0;0;0;0;0;0;5;0;0;12;0;0;2;6;0;0;0;0;23;0;0;0;1;3;1;0;1;3;0;0;0;1;0;0;0;0;0;3;7;0;3;1;4;0;3;1;7;0;0;2;0;0;0;2;1;4;0;2;0;0;0;0;4;0;0;0;0;0;0;2;0;0;0;2;1;0;2;0;1;0;0;1;2;4;0;0;4;0;3;0;1;0;7;1;0;4;2;0;1;0;0;0;5;0;1;0;0;0;0;0;0;5;0;6;0;0;0;1;0;0;1;0;6;0;0;0;0;0;0;2;1;0;0;0;0;0;0;0;0;0;0;3;6;6;0;0;0;0;0;0;0;0;4;6;4;0;0;9;1;0;0;2;0;0;0;0;0;1;1;0;0;1;0;0;0;0;0;0;0;1;0;1;0;0;0;1;0;0;0;0;0;1;0;0;0;0;1;0;0;2;0;2;0;2;0;0;0;0;0;0;0;0;0;0;0;0;2;3;0;0;1;1;0;2;2;0;0;0
09774000;1;1;0;0;0;0;2;3;1;0;1;4;0;0;1;5;1;0;0;3;0;0;0;0;0;0;6;0;7;1;0;0;1;1;1;0;1;1;6;0;1;3;0;1;0;2;1;2;0;0;0;0;2;0;0;0;0;0;0;0;0;0;0;5;0;0;0;2;3;0;1;2;2;1;2;1;1;0;0;3;1;7;0;0;0;5;0;0;0;0;3;1;0;0;0;5;10;2;4;1;0;2;8;0;0;0;2;0;0;0;1;1;1;2;2;0;0;0;1;0;0;1;0;3;0;0;0;1;1;0;0;0;4;2;0;0;0;1;1;2;0;0;0;1;0;0;2;0;0;0;0;0;0;0;0;0;0;1;1;0;0;0;3;0;0;2;1;0;1;2;1;1;0;2;2;0;0;0;9;0;0;2;0;19;0;0;4;0;0;15;0;0;2;0;0;4;2;1;10;0;0;5;0;0;0;0;0;2;0;1;0;0;1;1;8;2;0;0;0;2;0;0;0;27;0;10;0;0;15;1;0;0;0;0;0;0;0;1;0;1;0;4;4;7;5;0;0;2;0;1;0;2;0;0;1;0;1;3;2;4;3;2;0;1;0;0;7;0;4;0;0;2;1;0;0;10;0;0;0;0;0;0;0;4;2;7;0;2;1;0;1;2;0;1;6;5;5;0;4;3;0;2;1;3;0;0;17;3;0;0;99;0;301;22;25;3;31;2;2;0;3;0;0;0;0;0;0;0;0;0;0;0;0;1;1;0;1;0;1;1;0;0;2;0;1;0;9;2;5;0;0;2;0;2;3;0;4;2;0;0;2;2;0;0;2;0;4;0;0;0;1;0;2;3;5;0;1;0;0;0;2;0;1;0;0;0;1;0;5;0;0;2;2;0;1;0;0;0;2;0
09775000;4;0;0;0;0;1;0;3;0;0;0;4;2;2;0;5;0;9;0;0;0;0;2;1;2;0;14;7;0;2;1;4;0;4;0;1;0;1;2;0;0;0;0;0;4;0;0;0;0;0;2;6;0;0;0;0;0;3;1;2;2;0;0;1;0;0;0;0;2;0;0;1;0;0;1;0;0;0;1;6;0;0;0;2;0;0;0;0;2;1;1;0;6;0;0;0;0;0;5;0;0;1;0;0;0;0;0;1;0;2;0;0;0;0;1;1;4;8;1;0;0;0;0;1;0;3;4;6;0;2;0;3;2;3;3;0;0;1;1;0;2;1;5;1;0;0;0;0;0;1;0;0;6;0;0;0;0;1;0;0;0;0;1;0;0;0;2;0;0;0;0;0;0;0;1;0;1;0;0;0;0;0;0;0;0;0;4;0;0;19;12;0;2;6;0;0;0;4;0;1;8;0;0;0;4;1;0;0;0;0;0;0;14;3;0;3;0;37;0;0;23;2;0;0;0;0;6;5;7;0;7;2;6;0;0;0;0;0;0;0;1;0;0;0;0;0;0;3;0;5;5;0;6;0;0;0;0;0;3;0;6;0;0;1;1;1;2;0;4;5;0;0;0;0;0;8;0;2;0;2;0;0;2;0;1;0;5;0;0;3;0;0;0;2;0;0;3;0;0;1;0;0;0;6;0;0;17;20;13;147;1;0;0;40;193;128;46;97;1;0;0;5;0;0;0;0;0;1;0;0;0;0;0;1;0;2;1;1;0;0;0;0;0;0;0;0;0;0;0;3;0;2;0;5;0;0;4;0;2;4;2;0;4;0;0;0;0;0;0;2;0;5;0;0;2;0;1;0;1;0;1;1;0;0;0;0;0;0;0;0;3;0;0;0;1;0;0;0;0;0
09776000;0;3;2;0;0;0;0;0;6;1;1;0;1;0;0;0;0;1;0;0;0;0;0;0;0;0;0;0;1;0;0;0;2;0;0;0;0;0;3;0;0;0;6;0;0;0;0;0;1;0;3;0;0;0;0;0;5;0;0;0;1;0;0;3;0;5;0;0;1;1;0;0;0;6;0;0;0;0;0;0;1;4;0;0;0;2;3;4;2;0;0;0;0;6;0;0;0;1;0;0;0;0;1;0;0;0;0;0;0;0;1;0;0;0;1;0;0;0;0;1;2;0;1;0;0;0;0;0;0;1;0;0;0;0;1;0;5;0;0;0;0;0;1;1;0;0;0;1;2;4;0;0;0;0;0;1;0;0;0;0;0;0;0;0;0;1;1;0;0;0;3;0;0;1;0;0;0;2;0;0;0;5;0;0;0;0;0;2;0;0;0;0;6;0;4;3;0;0;0;0;0;0;0;1;4;2;4;2;0;5;3;2;0;1;0;4;2;0;16;0;125;5;0;0;0;3;2;0;0;4;0;0;0;0;8;3;6;0;0;0;0;0;0;9;5;0;0;1;0;0;0;2;0;0;1;2;0;1;3;0;0;0;0;2;0;0;0;0;0;3;0;2;0;0;0;0;3;3;0;0;0;0;0;0;2;0;1;3;2;1;0;2;3;0;5;3;0;0;0;0;7;0;0;0;0;5;0;6;0;0;0;0;0;0;5;0;6;0;0;0;0;0;0;0;0;0;0;0;0;0;1;0;1;0;0;0;0;0;2;0;0;0;0;3;0;0;0;4;1;0;0;1;0;0;0;0;0;6;1;0;0;0;3;5;2;0;0;1;2;1;0;2;0;1;0;0;1;0;4;0;0;0;0;0;1;0;0;4;0;0;1;0;0;0;0;0;1;0;0;0
09777000;2;0;1;0;2;0;0;0;1;1;0;0;0;0;0;0;0;0;2;0;0;0;0;2;0;0;0;0;0;3;0;0;0;0;0;2;6;0;0;0;0;1;8;2;0;0;2;0;0;0;0;0;1;2;1;1;0;6;0;3;0;0;1;3;3;0;5;0;0;0;1;0;0;4;0;0;0;0;0;0;0;6;4;0;4;0;0;0;0;0;15;0;0;0;0;0;0;6;0;2;2;0;0;0;0;2;0;2;7;2;0;3;0;8;0;0;0;0;0;0;0;0;0;1;0;0;0;1;4;0;2;0;0;0;0;0;0;2;1;0;0;0;3;0;0;0;1;0;0;3;2;0;0;0;1;0;1;2;0;4;1;0;0;4;0;0;1;0;0;0;0;0;0;0;4;0;0;0;0;0;0;0;0;0;2;0;0;0;0;0;0;0;0;0;0;3;1;0;0;6;2;0;2;0;7;0;4;0;6;0;3;0;0;0;0;0;14;11;6;6;0;0;0;0;0;0;0;1;1;8;0;0;0;0;7;0;0;2;0;1;0;0;0;4;0;5;0;0;0;2;0;7;4;7;3;2;0;0;11;4;0;0;5;1;0;7;1;5;0;1;2;0;0;1;0;0;0;4;4;4;3;0;0;21;1;0;1;0;0;0;0;0;3;0;0;0;1;0;0;0;0;0;0;1;0;28;0;0;0;0;0;0;0;0;0;73;0;0;0;0;0;2;1;0;0;2;0;0;2;1;0;2;0;2;0;0;0;0;5;0;0;0;1;0;0;0;0;5;3;0;0;0;0;8;1;0;0;0;1;0;1;6;0;0;0;1;0;0;0;0;0;0;2;5;0;2;0;0;0;0;0;0;0;0;0;0;1;0;0;0;0;1;3;3;0;2;1;0;0;0
09778000;0;2;0;0;0;3;0;0;0;0;0;0;4;0;2;0;0;0;0;0;0;0;2;0;0;0;0;1;0;0;1;0;0;1;2;1;2;3;0;0;0;0;0;0;0;0;0;0;0;0;0;0;0;0;3;2;0;0;0;0;0;0;0;2;6;0;2;0;0;1;1;0;0;0;0;0;0;3;0;5;0;0;0;7;1;4;1;0;7;1;6;1;0;0;2;0;0;10;1;0;1;0;0;0;7;0;0;0;7;0;1;2;0;3;0;1;3;2;0;2;1;0;0;0;4;0;0;0;0;3;0;1;3;2;0;1;0;0;2;0;0;1;2;0;0;2;5;0;0;0;0;1;0;1;0;0;0;0;0;0;1;0;4;0;0;0;0;0;1;0;0;5;0;0;0;0;3;0;0;4;0;9;0;0;1;0;1;4;6;0;3;3;1;0;0;4;0;0;5;1;0;0;4;3;0;8;0;4;0;0;6;1;0;0;4;0;9;0;23;2;65;5;0;0;2;0;8;2;0;0;4;0;0;0;4;0;0;0;0;6;0;16;7;1;4;2;0;0;4;5;2;3;3;0;2;2;0;0;7;3;0;0;2;1;7;1;2;2;0;0;12;0;4;1;2;0;1;0;0;0;0;1;0;0;0;0;0;0;1;1;3;1;0;1;2;0;0;0;2;0;0;0;0;0;0;9;0;0;0;9;0;0;0;9;0;0;3;0;0;0;0;0;6;0;0;0;0;1;1;0;0;0;1;0;0;0;1;0;5;1;0;0;2;0;0;1;0;0;6;1;0;0;0;0;1;9;1;0;0;0;2;0;1;0;1;1;0;3;0;8;0;0;5;0;1;0;0;0;4;0;0;3;0;0;0;1;0;0;0;0;0;0;0;0;2;7;0;1;0;0
09779000;0;0;1;0;0;0;3;0;2;6;2;0;4;0;2;3;0;0;0;0;0;1;2;0;0;0;2;0;0;0;0;2;3;0;4;0;1;2;0;0;0;0;2;0;0;0;0;0;0;1;0;0;0;2;1;0;0;0;0;0;0;2;0;0;5;1;0;0;0;0;1;1;0;0;1;3;3;1;0;0;1;0;1;1;0;0;4;0;0;1;4;4;0;0;2;1;0;0;0;0;0;0;0;2;1;2;1;1;2;1;0;5;1;0;0;0;0;2;0;3;0;0;3;1;0;0;0;0;2;0;2;4;0;0;0;0;0;7;0;2;0;0;0;0;0;2;0;0;3;0;0;0;0;0;0;0;0;0;0;1;0;2;0;0;0;0;0;0;0;0;0;0;1;1;0;6;1;0;5;2;0;0;10;0;0;0;1;7;3;0;0;1;6;0;0;0;6;0;0;1;0;0;4;1;3;0;0;0;0;4;1;0;3;0;0;0;0;2;0;5;0;1;1;0;0;2;0;0;0;4;0;0;6;0;2;0;0;0;0;0;4;0;5;0;0;0;0;0;0;0;2;0;1;2;1;7;0;0;3;1;0;2;0;0;3;0;0;0;0;0;0;0;0;0;1;0;9;0;3;7;0;7;0;0;1;32;11;5;0;1;1;0;0;5;0;1;3;0;0;0;0;0;0;6;0;0;0;0;0;0;19;0;0;0;5;0;0;6;2;0;0;2;0;0;0;0;0;0;0;1;1;0;1;1;0;0;0;0;0;0;0;0;3;1;0;1;0;1;0;1;1;0;1;9;9;1;3;0;0;6;0;5;0;0;0;0;3;0;0;0;0;0;0;0;0;6;3;1;0;0;0;0;1;0;0;0;1;1;0;0;1;0;0;0;0;0;0;0;1;0
09780000;1;1;2;0;0;3;0;0;0;1;0;0;6;0;0;0;2;0;2;5;0;2;1;4;2;0;2;0;0;0;1;2;0;0;0;5;0;0;0;0;0;8;0;2;0;5;0;0;0;0;0;0;0;0;0;0;0;0;0;0;0;0;3;0;0;0;1;3;0;3;1;0;0;0;0;0;0;3;5;0;0;0;0;0;0;0;0;0;0;2;3;0;1;2;0;6;0;4;0;0;0;0;1;0;1;0;0;0;0;0;2;0;0;5;1;1;0;0;1;2;0;1;0;0;0;6;0;0;0;2;0;0;0;2;0;3;0;0;0;3;0;1;0;0;0;0;0;0;0;0;1;5;0;0;0;3;0;2;1;1;0;0;0;0;0;1;0;0;0;2;0;0;0;0;0;0;0;0;0;0;0;0;0;0;0;4;0;0;0;0;0;1;0;0;0;11;14;0;0;0;0;0;3;7;0;0;8;0;1;0;8;2;0;0;0;3;3;0;0;21;89;0;0;7;4;1;0;3;3;0;1;0;0;6;0;0;1;0;0;0;0;0;0;5;1;2;0;0;0;0;0;0;6;1;5;0;0;0;3;0;0;3;0;0;0;6;0;0;0;0;0;0;0;0;2;5;0;2;5;1;0;3;3;8;0;2;1;7;0;0;0;5;0;0;6;0;0;3;0;0;0;2;0;1;0;3;0;6;0;0;14;0;0;31;63;94;0;0;2;0;0;0;0;2;0;0;0;0;5;0;0;0;2;0;1;0;0;1;2;0;2;2;0;2;0;0;11;1;4;3;0;7;0;0;2;0;2;1;0;0;3;0;0;5;3;3;0;0;0;0;0;6;0;0;0;0;0;0;0;2;0;0;0;1;0;2;0;3;0;2;0;0;0;0;0;0;2;3;0;0
10041000;5;6;4;0;0;1;0;2;0;3;0;2;0;6;0;8;2;13;0;2;0;0;2;1;0;0;0;8;0;0;5;0;1;0;0;0;0;0;3;0;3;7;0;0;2;0;0;2;4;3;7;1;0;0;0;3;0;0;0;2;0;2;2;0;1;0;3;1;2;0;6;0;9;0;0;8;0;0;10;40;3;7;0;5;0;1;0;0;3;0;0;9;0;0;0;4;3;0;0;6;1;7;0;0;2;2;0;10;8;7;7;0;0;11;0;0;0;33;0;14;0;12;0;0;6;2;0;0;0;18;3;4;1;14;2;0;5;0;1;0;0;0;0;2;0;0;0;12;10;5;6;0;0;0;0;0;4;3;1;0;0;0;18;7;0;3;0;0;2;12;0;0;0;0;7;1;6;0;19;0;0;4;0;0;0;0;15;1;3;0;8;0;0;15;0;18;29;0;0;13;0;0;4;9;0;7;11;0;3;2;5;16;1;2;0;0;9;0;4;0;2;7;4;42;0;2;3;0;3;0;0;3;0;8;5;0;0;2;0;0;0;7;3;0;0;0;0;0;2;0;1;0;0;0;0;0;0;0;0;0;0;0;1;1;0;0;2;0;12;0;0;0;1;0;0;4;0;1;0;0;3;0;0;17;1;4;3;8;2;0;0;0;0;0;0;8;0;1;2;0;2;0;0;0;1;4;1;5;3;3;3;0;0;8;1;6;0;0;0;0;72;0;90;0;66;0;2;1;3;0;0;0;0;0;0;0;0;0;5;0;0;0;2;1;0;0;0;0;0;4;0;5;0;0;2;0;0;2;0;0;0;27;0;0;0;0;7;0;0;0;0;0;0;0;0;0;3;3;0;0;0;1;0;2;1;0;0;0;0;1;1;2;1;0;1;0;2;1;0;0
10042000;0;0;3;0;0;2;2;0;0;0;0;0;0;5;0;2;0;2;0;0;2;0;3;1;0;0;1;1;0;1;0;0;0;0;1;0;0;9;0;0;0;1;1;0;0;0;0;0;0;1;0;0;4;1;0;6;0;0;0;0;0;0;1;1;2;0;0;0;0;0;0;0;0;0;3;0;0;2;2;8;0;1;0;8;0;0;0;0;4;0;6;0;0;1;0;0;2;5;0;0;1;3;0;0;0;5;1;0;1;1;0;0;0;0;0;0;0;8;2;0;3;1;0;0;2;3;1;0;0;5;4;0;0;4;0;4;0;0;0;1;0;0;1;0;0;4;6;1;8;1;0;0;2;8;21;0;7;0;0;0;1;0;12;0;0;0;1;0;0;0;0;0;0;0;0;0;2;0;0;1;4;0;6;0;0;0;0;1;1;2;0;0;6;0;0;6;6;1;1;0;0;1;0;0;6;1;5;0;1;0;8;0;0;3;1;1;0;1;1;7;0;0;1;4;0;0;0;0;0;1;0;0;0;0;2;2;0;0;1;1;1;1;0;0;1;0;0;1;0;0;0;0;0;0;0;0;0;0;0;0;0;0;0;0;0;0;6;0;0;0;1;0;1;0;0;0;2;0;0;0;0;0;0;0;1;0;1;0;1;0;1;2;0;0;1;0;2;0;0;0;0;0;0;0;1;0;0;0;0;0;0;0;0;0;2;2;0;3;92;0;0;0;6;24;0;0;0;0;1;0;0;0;4;5;0;0;0;0;0;0;0;1;0;0;0;5;0;0;0;0;0;0;0;0;0;0;1;4;0;0;0;1;0;1;2;1;2;0;0;0;0;0;0;0;0;0;0;0;0;0;0;0;0;0;0;0;0;0;0;0;0;0;0;0;0;0;0;4;0;0
10043000;0;1;1;0;1;0;5;0;6;0;0;2;0;0;1;6;3;1;0;0;0;1;0;0;0;0;0;1;0;2;0;0;0;0;0;2;0;1;0;0;3;0;0;2;0;0;5;0;0;0;0;0;0;0;0;8;1;1;0;0;1;0;0;4;6;0;0;0;0;1;0;0;1;0;5;2;0;0;4;0;1;12;0;0;0;3;0;0;5;1;0;0;2;3;2;0;0;3;4;12;0;1;2;0;2;0;0;1;0;2;0;0;0;0;1;6;6;11;0;2;0;4;2;0;2;3;0;0;0;2;0;0;0;0;0;0;2;1;0;0;0;0;0;0;0;5;0;0;10;2;0;3;4;15;10;3;0;0;2;0;0;0;0;0;0;0;1;10;0;2;0;0;3;0;10;2;3;0;4;13;0;4;0;0;0;4;0;0;0;3;1;4;3;5;4;5;6;0;0;0;0;0;0;0;0;0;11;1;1;1;3;2;0;0;1;0;0;0;0;3;0;0;0;0;0;0;1;0;0;0;2;0;0;0;0;0;1;0;0;7;3;0;0;0;1;0;0;1;0;0;0;0;0;1;0;0;0;1;2;0;1;0;1;0;0;0;0;1;0;0;0;0;0;0;0;0;1;0;1;0;0;1;0;4;0;0;3;0;0;0;0;0;0;0;0;2;3;0;2;1;0;1;0;1;1;0;2;1;0;0;1;0;0;0;1;2;0;3;0;36;0;0;52;0;0;2;1;0;0;1;1;0;0;0;0;1;0;0;0;1;0;0;1;0;1;0;4;0;0;0;0;0;0;3;1;0;0;0;0;1;1;0;0;0;0;2;1;3;1;1;0;0;0;0;0;3;1;0;2;0;0;0;1;0;0;0;1;0;2;0;0;0;0;0;0;0;2;0;0;0
10044000;1;5;3;0;0;0;0;0;1;1;5;0;1;0;1;9;6;1;0;0;0;0;0;0;0;0;4;0;1;0;0;0;0;1;4;2;0;3;0;0;3;0;0;1;0;3;1;0;0;0;3;0;0;0;0;0;0;0;5;0;0;1;0;0;0;0;0;0;2;3;0;0;0;1;1;0;4;1;4;2;2;4;2;4;0;10;0;2;0;0;0;4;0;0;4;2;0;0;4;0;0;0;0;0;4;0;0;0;2;5;0;0;0;1;7;0;0;5;4;9;0;6;0;0;3;3;1;4;0;1;0;5;2;5;0;2;0;0;5;2;2;0;0;0;0;1;1;0;0;5;2;0;0;0;6;0;4;0;3;0;0;0;10;0;0;0;0;10;0;3;0;0;0;0;10;0;0;0;9;0;7;5;6;0;0;7;1;2;0;3;1;0;9;2;0;7;1;0;0;2;4;2;0;0;3;0;0;0;2;5;1;2;1;3;2;0;0;4;0;4;3;7;3;1;0;3;0;0;5;3;0;7;0;0;2;0;0;3;0;1;2;1;4;0;0;1;0;2;0;0;0;0;3;0;0;4;0;0;0;0;0;0;1;0;0;1;0;3;1;1;1;0;0;1;1;0;0;0;0;0;0;4;0;0;0;3;0;0;0;0;0;1;0;0;1;0;0;0;0;0;2;0;0;0;0;0;5;3;1;3;0;1;0;2;0;0;0;5;607;129;341;0;310;256;11;0;0;2;0;0;0;0;3;2;0;0;0;0;1;0;3;0;0;0;0;0;0;0;2;1;2;1;0;0;0;0;0;0;1;1;0;6;0;0;0;0;2;0;0;1;0;2;1;0;3;4;0;0;1;0;3;0;0;2;1;6;0;0;4;0;0;0;0;0;0;0;1;3;2;0
10045000;1;2;0;0;3;1;8;1;5;0;0;0;2;0;0;13;0;1;0;1;0;0;0;1;0;0;0;0;0;1;1;0;0;3;0;0;1;0;0;2;0;2;2;2;1;0;1;0;2;0;0;0;0;0;1;2;0;0;0;1;3;0;0;0;0;1;0;0;0;0;2;2;0;1;16;0;3;0;0;16;0;0;4;6;0;4;0;1;4;0;0;0;0;0;0;0;0;2;4;0;0;0;0;0;0;5;2;0;0;0;0;2;0;0;0;0;0;9;3;9;0;5;0;0;2;6;0;3;0;0;0;0;0;0;0;3;0;0;0;0;0;0;0;0;0;5;0;1;1;3;4;0;0;12;0;1;4;16;0;3;0;12;2;0;0;0;0;60;0;0;0;0;0;0;6;4;0;0;3;0;0;0;13;0;0;3;0;0;0;0;3;0;0;10;1;5;1;0;0;0;0;9;0;0;0;0;2;2;0;1;0;2;5;2;2;0;2;1;0;4;5;0;4;11;0;8;0;3;1;0;3;0;2;0;2;0;2;1;0;0;1;0;0;1;1;0;1;1;0;0;0;2;4;0;0;0;0;0;0;1;0;5;0;0;1;0;0;3;1;0;0;0;1;0;0;0;0;0;0;0;2;0;5;2;1;1;2;2;0;0;4;0;0;1;0;0;6;0;0;0;3;2;0;1;14;0;6;0;0;0;0;0;3;1;0;0;3;2;0;0;0;0;0;3;0;0;0;0;0;0;0;0;0;0;0;0;0;0;0;0;0;0;0;0;0;0;2;4;0;0;0;0;0;0;3;0;0;4;0;0;0;0;0;0;0;0;1;0;2;0;1;0;0;0;0;0;0;0;1;0;0;0;2;0;0;4;0;0;0;0;0;0;1;0;0;0;0;7;0;0
10046000;0;0;0;0;2;1;0;0;0;0;0;0;1;1;0;0;0;0;1;3;0;0;1;0;0;0;0;0;9;4;0;0;0;0;0;0;0;4;0;0;1;0;0;0;0;0;2;1;0;0;2;1;0;0;0;2;0;0;0;1;4;0;0;5;0;9;7;0;1;0;0;0;0;0;0;1;0;0;5;1;0;5;0;1;3;1;0;0;1;0;5;0;5;0;0;1;1;1;0;0;0;1;3;0;1;1;0;1;0;0;1;0;0;0;0;0;0;0;0;0;0;0;2;0;0;0;0;0;0;5;3;0;0;0;2;0;0;0;0;0;0;1;2;2;0;1;0;3;12;1;0;0;5;0;0;2;0;0;0;0;0;3;0;3;3;0;0;7;0;2;0;1;0;0;1;0;3;0;4;0;0;0;6;2;0;0;0;0;0;0;2;1;2;0;0;1;0;0;0;1;2;0;0;3;4;1;3;1;0;0;0;0;3;0;0;0;0;0;0;2;6;0;1;9;0;0;0;0;0;1;0;0;1;0;0;0;0;0;0;0;0;0;4;1;0;2;1;0;0;0;0;0;0;0;0;0;0;0;0;0;0;0;0;0;0;0;0;0;0;0;0;0;1;0;2;0;0;0;0;0;0;0;0;0;0;0;0;1;0;0;0;1;0;0;0;0;4;0;0;0;0;0;1;0;1;0;2;0;0;0;0;0;0;0;2;0;0;0;13;0;101;0;0;0;7;0;0;0;0;0;0;0;0;0;1;0;0;0;0;0;0;0;0;0;1;0;0;0;0;1;0;0;0;3;0;0;0;1;0;0;2;1;0;0;1;0;1;0;0;0;0;1;0;0;0;1;0;0;0;0;0;0;1;0;1;0;0;2;1;1;0;0;0;0;0;0;2;0;0;0
11000000;52;0;92;0;36;49;107;66;39;20;33;65;36;38;5;0;0;1;0;16;0;0;0;38;5;0;0;8;2;0;10;27;0;62;57;2;71;76;0;11;30;0;36;24;3;0;40;0;1;13;20;4;0;0;23;0;2;3;0;16;10;0;12;0;0;0;0;0;13;38;0;4;0;0;0;9;0;25;0;0;22;0;0;0;26;0;0;0;4;4;0;0;0;0;85;1;0;0;0;0;0;0;0;0;0;0;0;4;0;3;2;0;9;0;0;13;0;0;0;0;0;0;4;0;0;0;8;0;6;0;0;6;8;0;0;0;0;6;0;0;0;0;0;3;0;0;0;2;0;0;0;0;4;2;6;0;0;0;0;0;0;0;0;0;9;14;0;0;2;0;0;0;12;0;6;7;0;13;0;0;0;0;0;0;0;0;0;0;10;0;18;20;0;11;0;0;0;2;30;3;7;0;11;59;39;45;0;3;39;0;49;80;69;0;0;0;0;9;0;0;39;0;0;56;17;0;20;18;3;17;0;14;8;23;29;29;11;0;58;0;5;62;32;28;20;20;0;11;0;9;9;16;14;19;6;4;0;2;0;0;0;14;5;0;0;0;1;0;0;5;8;0;1;0;0;29;0;0;0;2;0;0;3;11;5;1;9;0;1;0;0;0;0;91;0;0;0;0;7;0;0;0;0;0;32;7;1;2;0;6;0;17;26;34;18;13;13;4;0;8;3;0;5;0;0;249;0;98;408;2075;1854;61;2002;1615;2090;119;1037;277;1494;128;70;1563;342;120;51;213;86;184;65;256;108;0;0;0;7;0;0;21;67;8;8;49;17;18;0;0;86;22;34;29;12;96;63;32;5;30;63;112;0;26;0;0;2;0;3;0;0;0;0;0;12;0;0;1;1;15;4;0;0;0
12051000;0;1;5;0;0;0;0;5;0;2;0;0;6;1;1;0;2;3;0;0;0;3;1;3;0;0;0;0;0;1;0;0;0;2;0;0;0;0;2;6;0;0;0;1;1;0;3;0;0;1;4;0;0;0;2;7;0;6;0;0;0;0;1;0;0;9;0;0;0;1;0;2;0;0;0;0;5;0;8;1;0;6;0;0;0;0;0;0;0;0;2;0;1;0;0;0;1;8;0;0;0;0;0;0;0;0;0;3;0;2;0;0;1;1;1;0;0;0;0;4;2;2;0;0;0;0;0;1;0;0;0;0;0;1;0;0;4;0;0;0;1;0;0;0;0;0;0;0;0;1;4;0;2;0;0;5;0;0;0;0;0;9;5;0;0;0;2;0;0;0;0;2;0;0;0;0;0;0;0;0;0;0;0;2;0;1;0;1;0;0;3;0;9;2;0;2;2;0;2;5;0;0;0;0;0;0;3;1;0;0;8;0;0;0;0;5;0;0;0;0;0;1;0;3;1;2;0;0;2;0;0;0;1;1;0;0;0;0;0;0;1;1;0;0;0;2;0;0;0;1;0;0;0;0;0;0;0;3;0;0;1;0;0;0;0;1;0;0;2;0;0;0;0;0;2;2;0;0;0;0;0;0;0;5;0;0;0;0;0;0;1;0;0;1;1;0;0;0;0;0;0;0;0;0;1;2;0;0;1;0;0;0;0;2;0;0;0;0;1;0;0;4;0;0;0;0;0;0;0;0;0;0;0;0;0;0;0;0;0;5;0;0;0;3;0;0;0;9;0;0;0;13;0;0;7;4;0;0;1;0;0;1;0;1;9;0;32;0;0;2;2;8;39;3;0;0;0;0;0;0;0;0;0;1;1;0;0;0;1;0;0;0;0;0;1;0;0;1;0;0
12052000;3;1;2;3;0;8;0;4;0;0;1;0;0;0;0;0;0;1;2;0;0;2;1;2;0;0;5;0;3;1;0;2;0;0;0;9;1;3;0;2;0;3;0;2;0;0;1;0;2;0;3;0;2;0;0;0;0;0;0;0;0;0;2;4;9;6;0;0;1;2;2;0;12;0;3;0;0;0;3;8;0;0;0;8;0;1;0;0;3;0;0;3;0;0;11;0;1;0;1;0;1;0;0;0;0;1;0;0;1;4;0;11;0;0;1;3;3;11;6;2;0;2;3;2;0;0;0;0;0;0;5;0;0;0;0;0;4;0;0;1;0;0;3;2;2;0;0;1;0;0;0;0;0;0;2;0;0;1;0;7;0;3;0;1;1;0;0;0;2;0;0;1;0;0;0;1;0;0;13;3;0;2;0;0;1;6;0;0;0;2;1;0;1;0;2;9;5;0;0;3;0;1;2;2;1;1;3;0;0;0;3;4;0;2;0;0;0;0;1;0;3;0;0;15;2;1;0;0;4;0;0;0;0;1;0;0;0;1;0;0;0;0;0;1;3;0;0;0;0;0;0;2;0;1;0;0;0;0;0;0;0;1;0;0;0;0;1;2;3;0;0;0;0;0;0;0;0;0;0;0;0;0;0;0;0;0;0;0;0;0;0;0;1;1;2;0;0;0;0;0;0;0;0;2;0;0;0;0;1;4;0;1;0;3;1;0;0;0;0;0;0;0;0;0;69;10;0;3;5;0;0;0;0;0;0;0;0;0;5;0;0;0;0;0;2;0;0;3;0;2;2;0;0;13;0;5;103;0;5;13;13;60;7;18;0;0;9;2;0;0;0;2;0;3;0;0;1;0;0;1;2;0;2;0;0;0;3;0;0;0;0;1;0;0;0;0;0;0;1;0
12053000;1;3;2;5;0;0;1;2;0;0;5;0;0;0;0;6;0;1;2;0;2;0;0;0;0;0;0;0;0;0;1;0;2;1;0;0;0;0;1;0;2;3;0;1;0;0;2;2;0;0;0;0;3;0;2;0;0;0;0;0;0;12;1;3;0;0;0;0;0;3;0;0;0;0;0;2;0;0;6;0;0;1;0;0;0;0;2;1;0;0;1;0;0;0;0;0;0;4;0;0;0;0;5;1;10;0;0;1;0;2;0;0;0;0;2;0;0;0;1;2;2;0;5;0;0;2;0;1;0;0;1;0;1;0;0;0;0;2;2;0;0;0;0;0;0;2;9;0;0;2;0;0;0;0;0;1;0;0;0;0;0;0;0;1;0;0;0;0;0;0;0;0;0;0;0;0;1;0;1;1;3;0;4;0;5;0;0;0;1;0;0;0;0;0;1;3;0;0;2;0;0;0;0;5;0;0;0;6;1;0;2;0;0;1;0;0;0;0;1;0;0;0;0;2;0;1;0;0;0;0;1;0;2;0;0;0;0;2;1;0;0;0;2;0;0;2;0;2;1;0;1;0;0;0;0;0;0;0;0;0;1;0;1;0;0;0;0;0;0;1;0;0;0;0;0;0;0;0;1;1;1;0;0;0;1;0;0;0;0;0;0;0;0;0;1;0;0;0;0;0;0;1;0;1;0;0;0;0;0;0;0;1;0;0;1;0;1;0;0;0;0;0;0;0;0;9;0;0;61;89;104;64;84;0;68;0;0;69;112;50;45;1616;96;4;1;5;0;0;5;0;0;0;3;0;0;2;19;0;0;1;2;17;0;0;0;0;0;0;0;1;0;2;3;0;1;0;2;0;0;0;6;0;3;0;0;0;6;1;0;0;0;0;0;3;0;1;0;0;0;0
12054000;0;15;10;0;7;11;4;0;0;1;0;0;4;0;10;4;0;2;0;0;0;3;5;0;0;0;0;2;0;5;0;1;0;0;2;0;0;2;0;0;3;1;0;4;0;0;0;6;2;3;0;0;0;9;2;0;2;0;0;0;2;0;0;0;7;1;0;0;2;1;0;0;2;1;0;0;0;0;0;0;1;1;0;1;0;2;9;1;5;0;0;9;1;1;8;1;1;0;2;9;1;0;1;0;10;0;0;0;0;0;0;0;0;3;0;2;1;0;2;2;0;0;10;8;0;0;0;0;1;2;0;0;0;2;0;0;2;2;0;0;0;1;0;0;2;0;4;0;3;3;0;0;0;0;0;0;0;2;1;1;4;5;2;1;0;0;0;0;0;0;0;0;1;0;2;1;2;0;3;0;0;0;2;0;0;0;0;0;0;0;0;0;0;0;3;0;7;0;15;0;0;0;0;4;0;2;0;0;1;0;0;8;1;0;3;1;1;5;2;3;0;0;0;0;1;0;4;5;2;0;0;0;4;0;0;0;2;3;7;0;4;1;2;0;0;3;1;4;2;0;0;1;6;0;0;1;1;0;0;0;2;1;2;0;1;0;0;4;0;0;2;0;0;3;1;0;0;0;0;2;1;2;0;2;0;0;0;1;0;0;0;0;0;0;1;1;2;0;0;1;0;3;0;2;2;1;3;0;2;1;1;3;0;0;0;0;1;0;0;0;0;1;0;0;0;54;0;0;0;0;0;0;37;25;0;0;0;6;469;8;0;2;4;1;2;12;14;26;0;0;4;14;0;4;4;0;20;3;1;9;0;47;7;0;0;0;13;0;3;10;5;18;6;1;2;0;7;15;0;0;0;0;0;0;0;1;4;0;3;0;0;0;0;5;4;1;0;0;0;0
12060000;0;10;0;4;2;0;4;0;0;0;0;1;1;0;0;0;0;0;1;4;0;1;0;0;1;7;0;6;4;3;0;2;0;4;0;4;6;7;0;0;4;0;0;5;0;1;0;0;0;0;0;2;0;0;3;5;0;0;0;0;0;0;0;13;0;0;0;0;0;0;0;0;14;0;0;0;0;2;0;0;0;0;1;0;0;0;2;4;1;1;2;0;0;6;0;0;2;0;1;0;0;0;0;0;0;1;10;0;2;1;3;0;0;0;0;1;0;2;5;3;0;0;0;0;0;0;0;1;0;2;2;0;0;0;0;0;0;3;3;0;2;5;0;0;0;3;0;0;0;0;0;0;0;2;1;0;0;0;1;0;0;1;0;1;0;0;0;1;0;0;4;0;0;0;1;1;0;0;0;0;0;0;2;1;1;1;0;4;0;0;1;0;1;1;3;0;0;0;0;5;0;1;1;0;5;0;1;0;0;0;2;4;2;0;0;0;2;0;0;5;0;0;0;0;0;1;2;0;0;0;0;0;2;0;1;2;0;0;0;0;0;12;0;1;0;1;0;1;0;0;0;0;0;2;1;0;0;0;0;0;0;0;1;0;0;1;1;0;0;1;1;0;0;2;0;1;0;2;2;0;0;2;0;0;0;1;1;0;0;0;1;0;0;0;3;0;0;2;2;0;0;0;0;6;7;0;0;0;0;2;0;1;0;0;0;0;0;1;2;5;0;0;2;1;0;18;26;0;6;0;0;0;0;41;0;0;0;0;0;2;4;0;46;13;2;17;0;2;0;33;0;0;0;6;5;0;5;3;4;7;3;12;0;3;0;0;0;0;0;0;0;11;13;1;0;8;5;10;0;8;1;0;0;2;0;0;1;0;0;1;0;0;4;0;0;0;3;0;0;0
12061000;4;1;1;2;7;4;1;6;8;1;4;7;0;2;1;10;9;6;0;0;2;1;0;0;1;0;0;0;2;10;0;0;2;4;0;3;1;0;0;0;0;0;0;0;0;0;1;3;0;0;3;0;0;2;1;3;3;0;0;0;0;0;4;0;1;0;5;0;0;0;0;0;0;0;0;0;0;0;3;0;1;2;0;0;0;4;0;5;0;0;0;0;0;2;0;0;0;0;0;1;0;0;4;4;0;0;0;0;0;0;0;1;0;0;0;0;0;2;1;0;1;0;0;0;4;0;0;5;0;0;0;1;0;1;0;7;0;0;1;0;0;0;0;0;0;4;1;2;0;2;0;0;0;3;0;3;0;0;0;2;0;1;0;0;0;0;1;1;0;0;1;0;3;2;5;1;0;0;0;2;0;0;0;0;0;6;0;0;3;4;0;0;0;0;0;1;0;1;0;4;0;0;0;5;16;0;0;0;0;1;8;0;0;0;0;0;3;2;0;1;0;6;0;8;1;0;0;5;0;0;0;4;4;0;1;3;0;0;0;2;1;0;1;1;0;4;1;0;0;2;1;1;0;0;4;0;3;0;3;0;0;2;0;0;1;0;0;0;1;2;0;1;0;0;1;0;0;0;1;0;0;0;2;0;1;3;0;2;0;0;0;2;3;0;5;0;0;0;0;2;0;0;0;0;10;0;2;1;0;0;0;4;2;0;1;3;0;1;4;0;0;7;3;1;0;1;58;0;21;2;0;0;15;45;5;86;0;13;0;7;42;0;4;3;4;1;16;19;12;5;1;0;0;0;0;0;10;7;8;8;10;8;0;0;5;0;0;0;0;0;0;0;2;4;1;4;17;13;0;8;0;2;4;0;0;0;0;1;0;0;0;0;0;2;0;2;0;0;2;0
12062000;0;0;0;0;1;1;5;0;0;0;7;1;0;0;0;6;3;8;0;0;7;0;0;0;1;0;0;0;0;0;0;0;2;0;2;2;0;2;0;3;1;0;1;0;0;0;0;0;0;2;6;2;0;0;0;4;0;3;0;0;0;0;6;0;13;0;1;2;0;2;0;0;0;0;6;1;5;2;2;2;0;0;5;0;0;0;0;2;1;9;0;0;0;0;9;1;2;5;1;6;0;3;0;0;0;3;0;0;5;3;0;1;0;0;1;1;1;0;0;3;0;0;0;4;12;6;0;0;0;1;2;0;0;0;1;3;0;0;3;0;0;0;0;0;2;0;0;0;1;0;0;5;0;0;0;0;0;0;1;1;6;0;2;1;0;5;1;0;1;1;1;0;0;0;0;0;0;2;0;0;0;0;0;0;0;0;0;8;0;7;0;0;1;0;0;0;3;0;7;0;3;0;0;1;5;0;0;1;0;0;7;0;0;0;2;0;0;2;0;1;0;0;2;1;0;0;21;7;0;0;0;1;0;1;0;3;0;0;0;3;0;0;1;0;0;0;0;0;0;15;0;0;3;2;0;1;1;0;1;0;7;0;0;0;0;1;0;1;0;0;0;0;0;2;1;0;0;0;0;0;0;0;1;0;0;1;0;0;3;0;2;0;1;0;3;1;1;0;0;0;0;5;0;0;0;1;1;0;0;1;0;10;2;0;0;0;1;0;4;0;2;2;3;1;0;5;104;0;11;0;1;0;0;0;0;2;0;2;0;3;0;0;1;3;5;2;20;7;0;1;14;5;4;2;0;2;52;21;0;0;2;14;4;25;5;5;2;0;12;3;1;1;0;0;0;0;0;0;7;4;2;10;0;0;0;1;0;3;0;0;0;0;0;0;0;0;0;4;0;0
12063000;0;2;0;0;0;6;4;8;0;0;13;0;0;0;0;14;0;6;1;4;2;0;0;0;0;0;0;4;0;0;0;0;7;5;2;4;7;0;1;0;0;2;1;0;0;0;2;0;0;1;2;2;5;1;0;1;0;0;0;0;1;0;1;0;0;0;0;0;9;1;0;0;0;0;2;5;0;2;0;15;0;0;0;7;0;0;1;0;8;0;0;3;1;0;5;0;1;0;0;0;0;2;3;0;0;0;0;2;0;0;2;1;0;0;3;0;0;7;0;0;0;1;0;0;2;0;3;0;2;0;0;2;2;0;0;0;0;0;1;5;3;3;0;0;2;4;0;0;0;0;0;0;3;1;0;0;0;0;0;0;0;0;1;2;0;0;0;0;0;0;0;0;0;0;0;1;0;0;1;0;7;0;1;2;0;0;1;2;0;3;3;0;3;0;0;5;2;4;0;0;0;0;0;0;0;3;0;0;0;0;5;0;0;4;0;0;1;1;0;1;1;0;0;0;1;1;1;6;1;0;0;0;0;0;0;4;0;3;4;0;1;0;2;1;0;1;1;0;0;0;0;0;0;1;3;3;0;1;1;0;0;0;0;0;0;3;1;1;0;0;0;0;1;0;0;0;0;0;1;2;0;0;0;0;1;2;0;6;3;0;0;0;1;1;0;3;2;0;0;0;1;0;0;0;0;0;0;1;0;5;0;0;2;0;0;0;0;0;0;0;0;0;0;0;0;62;5;0;0;8;0;8;0;13;0;0;0;42;27;10;0;0;15;6;4;13;1;12;16;18;6;0;5;0;1;0;0;10;8;5;1;11;5;1;0;0;4;0;8;6;0;0;27;2;0;6;60;5;1;0;0;0;0;4;0;0;0;0;0;0;0;0;1;0;0;0;3;2;3;4
12064000;1;2;0;0;5;0;0;0;0;0;0;0;0;7;3;0;3;6;0;0;1;3;0;0;0;0;10;0;3;1;0;0;0;11;3;0;0;0;2;2;0;0;1;0;0;0;6;1;4;3;9;0;1;0;0;1;0;4;0;0;1;8;4;0;0;2;0;1;0;0;0;0;0;8;0;0;0;0;0;5;1;3;0;0;0;0;0;3;0;11;0;0;1;9;0;4;2;0;3;0;0;2;1;0;1;0;0;4;1;1;0;1;0;0;4;7;0;0;0;2;0;6;3;0;0;0;1;0;1;0;0;0;0;1;0;1;2;1;0;1;1;6;2;0;0;1;0;0;1;0;0;2;1;1;0;1;0;0;0;2;0;1;0;2;0;0;1;0;1;0;0;0;0;0;1;1;1;1;0;0;0;0;0;0;0;0;0;0;0;1;0;0;0;5;0;0;0;0;0;1;0;0;0;0;0;0;0;2;1;4;2;8;0;0;1;0;2;0;5;3;1;0;0;0;0;1;0;0;0;0;0;2;0;0;0;1;1;1;2;0;0;0;0;1;0;0;0;0;0;0;0;0;3;0;1;0;2;0;0;2;0;0;0;0;0;0;0;0;2;0;1;1;0;1;0;0;0;0;0;0;0;0;0;5;0;1;1;2;1;0;0;0;0;0;0;2;1;0;0;0;0;0;1;0;4;0;0;0;1;0;0;0;0;5;0;2;0;0;3;0;0;0;2;2;0;18;37;47;0;0;0;0;0;0;0;6;0;15;13;0;3;0;12;20;0;29;19;36;4;13;9;0;0;3;0;0;9;0;5;0;9;0;0;4;6;7;11;5;6;0;5;1;0;0;0;2;7;1;0;0;4;1;0;0;0;0;4;0;1;0;2;0;5;0;0;4;0;2;0;0
12065000;2;0;6;0;7;0;5;1;9;0;0;3;1;1;0;0;10;2;0;0;0;2;0;0;1;0;1;0;1;0;6;2;4;6;3;0;1;0;0;2;0;0;3;2;3;0;0;2;5;0;5;5;0;0;1;0;0;0;0;0;0;13;1;1;1;2;0;0;0;2;0;0;0;0;4;2;0;4;0;0;2;0;0;0;0;0;0;3;0;0;3;1;0;0;0;1;0;0;0;5;0;0;0;0;4;0;1;2;0;3;2;0;0;0;4;0;1;0;0;0;3;3;0;2;0;0;0;0;3;0;0;0;1;0;0;3;0;0;2;1;0;0;4;2;1;0;0;0;3;2;0;1;0;1;1;0;0;0;0;2;0;0;0;1;0;0;5;0;0;0;0;0;0;0;0;0;0;1;2;0;0;0;0;0;0;0;0;0;0;1;3;0;1;0;4;1;6;0;0;0;1;0;0;0;0;0;3;1;0;5;4;2;1;0;0;0;1;0;0;5;3;0;0;0;0;1;2;0;0;0;3;0;2;0;1;0;0;0;0;2;0;5;0;1;0;2;0;1;0;0;0;1;9;0;0;0;1;0;0;0;0;2;0;0;0;1;1;0;2;0;0;0;0;2;0;0;3;3;1;1;0;0;0;3;0;0;0;0;0;0;0;4;0;0;0;3;0;1;1;0;0;1;0;1;0;0;0;0;1;0;0;0;1;0;3;4;4;0;0;1;0;1;1;0;0;1;11;0;20;64;0;7;35;6;0;12;0;79;8;0;0;0;25;36;1;49;32;28;1;65;14;9;0;0;4;1;16;4;5;0;0;7;0;7;5;4;10;0;0;0;1;11;0;0;0;1;0;1;0;0;0;0;0;0;0;0;0;0;0;0;0;4;0;1;0;1;4;0;0;0
12066000;3;0;2;0;0;1;2;0;0;0;0;0;0;0;1;0;3;0;2;0;1;0;1;0;0;0;7;0;0;0;0;0;0;0;2;0;0;2;1;1;0;0;8;0;0;0;0;1;2;0;0;0;0;0;0;0;0;0;0;0;2;0;0;0;0;2;0;0;0;0;0;0;1;1;0;0;1;0;0;1;2;5;1;0;0;0;1;0;3;1;0;0;3;2;0;0;0;2;0;0;0;0;0;3;10;0;2;0;3;0;0;0;0;0;0;6;0;0;1;2;0;0;1;0;0;0;0;0;0;0;0;2;0;0;0;0;0;2;0;0;0;0;1;0;0;1;0;0;0;0;0;2;0;0;0;1;0;0;0;0;0;2;0;0;0;0;0;0;0;0;0;0;1;1;0;1;0;0;3;0;0;0;0;0;1;2;0;0;4;0;0;0;2;0;0;2;2;0;0;0;0;2;0;0;0;1;0;0;1;0;0;0;1;1;0;0;0;1;2;4;0;0;3;0;1;0;0;0;0;0;0;0;2;1;0;0;2;0;0;1;0;0;0;0;1;0;0;0;0;0;0;0;1;0;0;1;3;1;0;0;0;0;1;0;0;0;0;0;0;0;0;0;6;0;0;0;0;0;4;0;0;1;0;1;0;0;0;0;0;0;0;0;1;0;1;0;0;0;0;0;0;0;0;0;0;0;0;0;0;0;2;0;0;0;1;0;0;0;2;0;0;0;1;0;0;1;75;2;6;9;0;0;2;0;0;0;0;0;0;0;0;0;0;6;3;1;4;0;0;0;6;0;1;4;0;0;38;11;5;5;0;26;1;0;3;0;3;0;2;0;3;0;0;0;0;0;1;6;5;0;0;0;3;1;0;0;4;0;0;0;0;0;1;0;0;1;0;0;1;0
12067000;3;0;0;5;0;1;2;0;2;0;4;3;0;0;4;0;3;6;0;7;1;1;2;0;6;0;13;0;2;0;0;2;0;0;5;0;0;2;0;1;2;3;0;1;0;0;0;1;2;1;0;0;0;0;0;0;0;4;1;1;0;0;3;0;3;1;4;0;0;0;0;0;1;0;3;6;2;0;0;0;0;0;5;0;0;0;0;1;0;6;0;0;2;3;3;0;2;0;0;0;3;2;1;8;0;1;6;8;0;0;5;10;0;0;1;0;1;6;3;2;0;0;4;2;5;2;0;2;1;5;0;0;1;0;0;0;1;0;0;1;3;0;0;0;0;1;7;0;1;0;0;0;2;5;0;0;0;0;0;0;0;1;2;0;0;3;1;0;0;1;1;0;0;0;0;0;4;0;0;2;0;0;0;0;0;0;0;1;1;0;7;1;0;0;1;2;0;0;0;3;1;0;0;5;0;1;3;0;0;0;12;7;3;1;0;0;0;3;0;0;0;0;1;8;0;1;0;0;0;0;2;0;0;0;1;0;0;1;0;0;0;1;0;0;5;0;0;0;0;0;2;0;0;4;0;0;6;0;2;0;0;0;0;0;2;1;0;3;2;1;0;0;5;3;0;0;0;2;0;2;0;2;4;7;2;0;2;2;0;0;0;1;0;2;0;0;0;0;0;1;0;0;0;0;1;0;0;0;1;0;1;0;0;0;3;0;0;1;1;0;1;3;0;0;0;11;61;2649;85;143;126;154;117;36;101;39;0;111;133;102;136;622;169;15;8;2;0;36;3;22;3;12;10;0;1;0;23;0;0;0;0;17;2;0;0;0;16;6;2;0;0;1;1;0;2;0;15;0;6;5;4;1;3;6;3;1;0;1;1;0;0;0;0;2;0;0;5;0;0;1
12068000;0;5;0;1;0;1;5;2;6;4;0;0;0;1;1;21;2;4;0;0;0;2;0;0;1;0;9;0;0;2;2;0;1;0;0;0;0;0;0;2;3;6;0;0;0;0;5;0;1;1;1;0;0;0;2;0;0;14;4;1;1;0;2;0;2;0;0;4;1;0;2;0;0;0;0;0;0;1;2;0;1;3;0;0;2;0;2;0;0;0;1;1;1;0;0;7;3;9;0;2;0;0;1;0;2;1;1;0;1;0;0;0;1;6;0;0;1;6;0;0;0;0;0;0;2;0;2;1;0;1;2;3;0;0;0;0;0;0;7;1;3;1;0;0;0;2;0;0;0;0;2;5;1;1;0;0;0;0;0;0;0;6;0;0;0;0;0;0;0;0;0;0;0;0;0;0;0;0;0;2;0;0;4;0;1;0;0;0;1;2;0;1;2;0;0;0;1;0;2;1;1;0;0;0;1;0;3;1;4;0;0;3;0;0;0;2;0;0;0;0;1;0;1;0;3;0;2;0;0;1;2;1;0;1;0;3;1;0;0;0;0;0;0;0;0;0;0;0;0;0;0;0;0;0;0;0;0;0;0;0;0;0;0;0;0;1;0;1;0;0;0;1;1;0;0;0;1;2;0;0;0;0;0;0;0;2;0;0;0;0;0;3;0;0;0;0;0;0;0;2;1;0;3;2;0;0;0;0;0;0;0;0;0;0;0;1;0;0;1;0;0;0;0;0;0;28;36;0;0;2;0;0;0;0;0;6;0;0;0;0;0;0;0;12;14;10;9;1;5;1;5;0;0;1;2;0;1;6;5;0;0;3;0;0;0;7;3;1;0;3;0;2;4;0;0;0;2;0;1;1;0;2;1;0;1;1;0;0;0;0;0;3;1;2;0;2;0;1;0;0
12069000;0;0;12;0;1;3;5;4;4;5;3;7;9;0;0;11;3;0;2;0;0;5;0;8;0;0;0;0;3;5;0;1;0;1;0;4;0;11;2;1;0;0;1;0;2;4;0;1;0;0;1;0;0;7;3;1;0;0;0;0;0;0;0;2;0;8;0;2;0;0;2;1;0;0;0;0;0;0;0;14;0;2;0;5;2;1;4;0;0;0;3;1;0;0;4;0;5;2;0;0;0;0;5;3;0;1;2;1;2;0;0;0;3;3;0;0;4;0;0;3;0;0;0;0;3;3;0;0;0;5;0;1;1;3;0;2;10;0;1;3;0;4;3;2;1;0;0;2;0;0;3;3;7;0;0;1;1;0;0;0;1;0;2;1;0;2;0;0;0;0;0;0;2;1;1;1;0;0;3;3;7;1;1;4;2;3;2;7;0;2;0;3;0;0;2;0;0;1;4;0;0;0;0;4;2;0;1;0;1;4;3;5;6;1;4;5;0;0;0;0;5;5;0;0;1;1;1;1;0;0;1;0;0;0;1;3;2;3;6;0;0;0;3;0;1;0;0;0;1;0;2;0;0;6;0;0;5;0;3;1;2;0;0;0;0;0;0;0;0;1;0;4;0;0;1;0;1;0;0;1;0;1;0;0;0;1;0;2;0;1;1;2;0;2;0;2;0;2;4;0;1;0;0;0;2;0;0;0;0;0;1;0;2;0;0;0;2;0;0;0;4;0;3;0;0;205;0;0;0;3;26;25;0;0;0;9;0;17;0;2;5;0;0;0;1;0;25;4;7;14;0;1;0;0;4;0;0;1;0;0;6;21;0;4;6;0;23;0;4;2;0;14;9;6;0;8;3;20;0;0;0;0;3;0;3;0;0;0;0;4;1;0;1;0;0;0;0;0;2;0
12070000;0;0;0;0;2;6;2;0;6;0;0;0;0;2;1;0;0;0;2;5;0;6;0;0;0;0;4;0;1;0;0;0;0;0;0;0;0;0;0;2;2;0;12;1;1;0;0;0;0;1;0;0;2;0;0;0;0;3;0;0;1;0;4;0;6;0;2;1;0;3;0;0;3;0;0;0;2;0;4;2;0;0;1;0;4;5;3;0;2;0;0;2;0;0;4;6;0;0;4;1;2;0;2;0;0;1;1;0;0;3;0;0;1;1;1;0;0;0;0;0;0;2;0;5;0;1;0;1;2;0;0;1;0;0;0;0;0;7;0;2;1;5;0;1;0;0;2;0;0;0;0;0;0;0;2;1;1;0;0;0;1;0;2;0;2;0;1;0;0;1;0;0;1;3;1;3;0;0;0;0;1;2;0;1;0;0;3;1;0;0;0;0;1;0;3;0;1;0;0;0;1;0;0;0;2;0;0;0;1;2;2;0;0;0;0;0;0;0;0;1;2;0;1;0;0;0;3;0;2;0;0;0;0;0;0;0;0;5;0;1;4;2;1;5;0;2;0;0;0;0;0;1;0;0;1;0;0;0;3;0;0;1;0;0;0;4;0;0;2;0;1;0;0;0;0;0;0;0;0;0;0;0;0;1;0;2;1;0;1;3;0;0;0;0;0;0;1;0;0;0;0;0;0;2;0;0;0;0;3;0;0;0;0;2;0;0;0;1;3;0;0;0;1;0;0;0;9;0;0;0;0;0;0;7;6;3;0;18;0;0;2;0;0;13;1;11;8;4;0;4;0;8;0;9;0;4;6;0;0;1;1;11;1;0;0;0;2;4;3;1;2;5;0;0;0;5;0;0;2;0;1;3;0;1;0;1;0;0;1;0;0;0;1;1;0;0;0;0;2;0
12071000;1;0;0;0;0;1;1;0;3;3;0;0;0;3;1;0;0;12;0;0;2;0;1;0;0;0;0;0;0;0;0;0;3;0;1;1;0;0;0;0;5;0;6;0;0;1;6;1;0;0;0;0;0;1;0;0;0;0;0;4;0;0;1;0;2;2;2;0;0;0;0;0;0;0;0;0;0;1;0;0;0;0;2;0;0;4;0;0;0;0;0;0;0;0;3;0;0;0;0;0;0;0;0;0;0;0;8;0;0;1;0;0;0;0;3;2;1;0;0;0;0;0;0;0;2;4;0;0;0;2;0;0;0;0;0;2;0;1;0;0;0;1;0;2;0;0;0;0;4;0;1;0;1;0;0;0;1;0;0;4;0;0;2;0;0;1;0;0;0;0;0;0;0;0;0;0;0;0;0;0;0;0;0;5;0;0;0;0;0;0;0;0;0;0;0;1;1;0;0;0;0;0;0;0;1;0;0;0;1;0;1;0;0;0;1;0;0;0;3;1;0;1;0;4;1;0;0;0;2;0;0;0;0;1;0;0;0;2;1;0;0;0;1;0;0;2;0;1;0;0;0;0;5;0;0;0;0;0;0;0;4;0;0;0;0;0;0;0;0;0;0;0;0;0;0;0;0;0;0;0;0;0;1;0;0;0;0;2;1;0;0;0;0;0;1;0;0;0;0;0;1;0;0;2;2;0;0;3;0;0;0;0;0;0;1;1;0;0;0;4;0;0;1;0;0;0;134;0;14;0;0;4;3;0;1;8;0;10;0;0;0;0;0;6;0;0;0;0;2;4;1;1;0;0;0;1;15;31;17;4;5;0;3;0;3;3;0;0;3;0;0;0;3;7;0;2;0;2;1;0;4;0;1;2;0;0;0;0;0;0;1;1;2;0;0;1;2;0;0;0
12072000;4;2;1;1;1;1;0;0;0;3;2;0;0;3;1;2;5;0;1;1;9;4;1;0;4;0;2;2;0;0;0;1;0;0;2;2;4;3;3;0;3;0;2;1;0;0;0;0;0;0;1;13;1;1;0;0;0;2;2;0;1;0;4;2;0;0;0;0;0;0;3;1;1;0;0;2;0;3;6;0;0;3;5;0;2;0;3;2;0;1;2;0;0;0;1;3;0;2;0;0;0;1;0;3;1;0;5;0;0;0;0;0;0;3;0;0;1;6;1;4;0;1;1;2;0;0;2;1;0;3;0;0;0;1;2;2;0;1;0;1;0;0;1;0;0;0;0;1;0;0;2;0;2;0;1;2;0;0;0;4;0;0;2;0;1;0;4;1;0;1;0;6;0;0;0;0;0;0;2;5;0;4;5;0;0;0;1;0;4;0;0;3;4;0;0;1;5;1;2;0;0;1;0;0;0;0;10;0;0;1;5;1;8;0;4;0;0;0;0;1;0;0;0;0;2;0;3;0;0;2;1;1;2;0;0;0;0;0;2;0;3;0;3;0;0;0;1;0;1;0;0;2;0;0;0;2;0;0;2;0;0;0;1;0;0;0;1;0;4;0;0;0;0;1;0;3;0;2;0;0;0;0;2;2;0;1;1;1;0;0;0;0;0;0;0;2;0;0;0;1;0;0;0;1;0;0;1;1;1;0;0;0;5;1;0;2;4;0;3;0;0;1;1;0;0;7;52;0;0;124;262;251;158;108;123;51;0;139;258;96;128;0;195;13;0;9;0;29;6;4;8;6;2;1;0;5;0;6;5;0;8;19;2;7;7;1;10;0;11;0;5;5;0;2;0;8;7;62;0;3;0;0;5;0;2;0;1;1;0;0;0;0;0;0;0;0;0;3;0;0
12073000;0;0;1;1;3;1;0;6;5;0;0;0;0;0;1;0;2;0;1;0;6;1;1;1;0;0;1;0;2;0;0;1;11;4;0;0;2;0;0;0;0;5;2;4;5;0;0;3;0;4;1;2;0;1;0;11;2;0;0;2;2;3;1;2;0;0;2;0;0;0;0;0;0;0;0;0;0;4;0;0;2;0;0;1;0;0;1;1;0;0;1;0;1;0;1;0;2;0;1;0;0;0;0;0;0;0;3;0;0;0;6;0;0;0;1;0;0;0;0;1;0;0;1;0;0;0;0;3;0;0;0;0;1;1;0;1;1;0;0;3;0;1;0;1;0;0;0;0;0;0;0;0;0;0;0;1;0;0;1;0;0;0;4;0;0;0;0;0;1;0;0;0;0;0;0;0;0;0;0;4;0;2;0;1;0;0;0;0;1;1;0;0;2;0;0;0;4;0;0;0;1;0;1;0;0;0;0;0;4;0;1;0;0;1;3;0;0;0;0;0;0;0;1;6;0;0;2;0;0;0;0;5;0;1;1;0;0;0;0;0;0;0;1;0;0;0;3;0;0;0;0;2;1;0;0;0;1;0;1;0;1;1;0;0;1;0;0;1;1;0;0;0;0;0;1;0;0;0;0;2;0;0;0;0;0;0;0;0;0;5;1;0;1;0;0;0;1;0;0;0;0;0;0;0;2;0;0;0;0;1;1;0;0;2;0;0;0;1;0;0;0;0;0;0;0;18;6;0;0;0;0;0;0;0;0;2;0;2;9;11;6;0;0;11;8;37;0;0;4;10;0;0;0;3;0;0;6;1;0;0;0;17;14;5;5;6;0;0;0;0;0;0;3;0;3;0;2;1;5;1;0;4;2;0;0;0;1;1;0;0;0;0;1;0;0;0;0;5;0;1
13003000;3;15;5;5;6;10;3;0;0;0;0;5;0;4;0;101;7;0;0;0;0;1;4;0;0;0;0;0;0;3;3;0;0;0;0;0;0;2;0;8;0;0;0;3;3;0;0;0;0;5;6;5;0;0;0;0;0;4;0;3;0;16;0;4;6;15;0;0;0;1;2;0;7;1;0;9;2;6;0;30;2;0;1;0;0;5;0;0;0;0;2;0;2;0;1;0;0;2;0;0;0;0;7;0;10;0;0;1;0;1;0;0;1;3;1;0;2;2;0;8;0;1;0;0;0;3;0;0;0;3;0;0;4;0;4;14;0;0;0;4;0;0;5;1;0;2;0;2;2;0;1;0;0;2;1;2;0;0;0;0;1;2;7;0;0;1;0;0;1;0;0;0;2;0;0;0;1;0;10;0;0;0;0;0;0;1;0;0;0;0;0;0;6;0;0;6;7;0;0;5;2;2;0;7;1;0;0;0;0;2;0;0;0;0;0;0;1;0;0;0;1;0;0;3;0;2;0;2;1;1;0;0;1;1;4;0;0;0;0;1;1;0;3;0;0;0;0;0;1;0;1;0;0;0;0;2;0;0;3;1;0;6;1;0;3;1;0;4;2;0;1;0;0;0;0;1;0;0;2;0;1;2;2;11;1;2;1;0;0;1;1;0;3;0;0;0;2;0;0;0;0;0;8;0;0;0;0;0;7;5;0;1;9;0;1;0;0;0;0;5;0;0;1;1;0;0;2;0;0;0;0;0;0;0;0;0;0;0;3;0;0;0;0;0;0;0;216;0;0;0;0;0;0;0;0;0;6;0;0;0;2;45;4;0;0;0;0;0;7;0;0;6;0;0;6;11;0;2;4;0;4;0;0;8;0;0;0;0;2;0;0;1;0;1;0;4;1;0;0;0
13004000;0;0;13;0;0;11;4;9;0;0;12;0;3;2;0;18;0;0;0;0;0;0;0;1;0;0;1;2;4;0;0;0;1;10;0;15;0;0;2;7;0;0;0;0;2;0;0;4;0;0;0;8;4;0;0;0;5;0;0;0;0;8;7;3;2;1;3;0;0;0;1;0;1;0;1;0;3;1;0;0;2;1;0;0;0;0;0;0;0;0;2;0;0;0;0;9;3;1;0;0;0;7;1;1;2;4;3;3;0;2;6;0;0;0;0;5;1;2;2;1;0;1;2;1;2;1;0;0;0;0;0;2;2;0;0;3;0;7;0;0;0;0;0;0;0;0;0;0;0;0;0;0;1;0;0;1;1;0;0;0;0;1;0;0;0;0;0;0;0;0;0;1;0;0;0;2;0;0;1;0;3;3;0;0;0;0;0;1;2;0;0;0;1;4;1;5;2;0;6;0;0;0;0;3;5;0;5;1;1;0;2;1;0;3;1;0;0;1;0;0;0;0;4;0;4;0;0;0;0;0;0;1;0;4;0;0;0;0;0;0;3;0;1;1;0;0;0;0;0;0;1;1;0;0;0;0;0;0;0;0;1;5;0;0;0;0;0;0;2;0;0;0;0;0;1;0;1;1;0;0;0;1;0;0;0;0;0;0;0;0;0;0;0;0;4;0;0;0;0;0;0;5;0;0;0;1;0;0;0;3;1;0;5;0;0;0;0;1;0;0;0;0;1;0;0;0;0;0;0;0;0;0;0;0;0;0;0;0;0;0;0;2;0;388;0;398;278;278;32;281;0;4;3;4;0;0;0;0;0;0;2;16;0;0;0;0;0;0;6;8;1;0;1;2;0;5;1;1;0;3;0;0;8;0;0;0;0;0;0;2;0;0;2;0;0;0;1;0;0;0
13071000;5;0;0;0;4;0;0;0;4;2;0;9;0;0;0;0;1;2;3;5;0;5;6;1;0;0;0;0;0;0;0;4;6;1;7;0;3;9;0;0;3;0;0;1;0;3;0;0;0;0;0;8;0;3;3;0;0;0;0;0;0;1;0;0;0;9;0;0;0;4;0;0;5;2;0;3;4;0;0;0;1;0;0;0;0;2;0;0;0;3;11;4;8;0;3;0;11;0;0;3;5;0;0;0;0;11;0;1;4;0;3;6;0;3;1;2;4;0;0;0;0;0;0;1;0;0;0;0;0;0;0;0;0;0;2;0;0;0;0;0;3;0;0;3;0;0;0;0;0;0;0;0;3;1;0;0;0;4;1;0;1;1;2;0;0;0;0;0;0;0;0;4;1;0;0;0;2;2;1;0;0;2;0;0;0;8;0;0;0;0;0;0;7;0;4;0;3;0;3;0;1;0;4;0;0;0;0;1;2;0;0;3;0;0;0;2;5;2;0;0;1;0;3;3;0;0;0;4;0;0;3;0;0;0;2;0;1;0;0;0;0;0;0;0;0;0;0;0;0;0;0;1;0;0;0;1;4;1;0;1;0;1;1;0;0;0;0;0;0;0;0;3;2;1;1;0;0;5;0;1;2;0;1;12;0;1;0;3;1;3;6;0;1;1;1;3;2;0;0;0;6;0;0;3;0;0;0;0;0;1;1;0;5;0;1;0;0;4;1;0;5;0;3;0;0;8;1;0;0;0;0;0;0;0;0;0;0;0;3;0;0;0;0;229;0;0;6;0;0;0;0;2;7;0;0;1;32;0;0;0;0;45;3;2;0;8;10;0;0;4;0;2;1;3;0;0;0;2;11;1;8;0;1;0;0;0;2;0;0;0;0;0;0;3;0;0;0;0;0;0
13072000;12;20;0;0;0;0;4;9;0;0;3;0;0;0;0;0;0;2;0;0;2;0;0;0;0;0;0;1;5;0;0;0;0;1;10;0;4;0;0;0;0;0;0;4;0;1;3;2;2;1;1;4;0;0;0;0;0;2;0;0;0;14;9;0;0;0;3;2;0;0;4;0;2;0;0;0;0;0;0;0;0;5;0;0;0;0;3;0;1;0;0;0;0;0;0;0;0;1;0;0;0;0;0;0;0;0;3;0;2;0;0;1;0;0;0;2;0;0;0;0;0;3;0;0;0;0;0;0;0;0;0;0;0;0;0;0;0;0;0;0;0;1;6;3;0;0;0;0;1;1;2;0;0;2;0;0;1;1;0;0;0;0;7;0;0;0;0;0;1;0;0;0;0;2;0;0;1;0;0;1;0;0;0;0;0;9;0;0;2;3;0;4;0;0;0;2;0;0;6;0;0;0;0;3;0;0;2;0;0;1;2;1;0;0;0;1;0;2;0;0;3;0;0;12;0;1;0;0;0;0;3;1;4;0;3;0;0;0;0;0;2;0;0;0;2;2;0;2;1;1;0;2;2;0;0;0;0;1;1;0;0;3;4;0;1;1;0;1;2;0;1;0;0;0;0;0;0;0;1;0;0;0;2;0;0;0;0;1;0;0;0;1;0;0;0;2;0;0;6;0;0;0;0;0;0;0;0;1;0;0;0;0;0;2;0;3;0;0;1;3;0;1;0;1;0;5;4;1;0;1;0;0;0;0;0;0;2;0;0;0;6;1;1;0;0;0;0;58;0;0;0;0;0;0;4;0;0;1;0;1;0;0;0;0;0;0;7;4;0;0;0;1;0;0;0;0;0;0;0;0;0;3;0;0;1;0;0;0;0;0;2;0;0;0;0;0;4;0;0;3
13073000;0;0;20;0;1;0;4;0;0;0;0;2;0;5;0;18;8;1;0;3;0;0;0;0;1;0;0;2;5;1;0;0;3;3;0;0;0;9;0;0;3;10;9;4;6;1;1;0;0;2;2;0;0;0;0;0;0;0;4;0;3;0;0;2;0;2;0;0;0;6;7;2;0;0;0;0;3;12;0;0;0;0;0;0;1;0;1;0;0;0;8;0;6;0;0;2;3;0;0;5;2;0;0;0;0;0;2;1;0;8;0;3;0;0;0;4;2;0;0;4;0;0;0;0;0;0;4;1;0;4;5;0;0;0;1;0;0;0;0;0;4;0;0;0;3;0;2;0;2;0;2;0;0;0;0;1;0;0;0;3;0;0;0;0;0;1;5;0;0;0;0;0;0;1;0;0;2;1;1;0;0;0;0;0;1;2;0;0;0;4;1;0;0;2;0;6;0;0;0;0;3;0;0;0;5;0;0;0;0;0;4;9;1;0;0;1;1;0;0;0;1;2;0;5;0;0;0;1;0;0;0;0;3;0;1;0;5;0;0;0;0;1;0;0;0;3;1;1;5;0;0;0;0;0;0;0;0;0;0;0;0;2;0;0;0;10;0;2;1;0;0;0;2;0;0;0;5;0;1;1;0;0;4;0;1;2;0;0;0;2;0;1;1;2;0;1;0;0;0;3;2;1;0;0;0;0;2;0;0;0;0;0;7;0;0;0;0;0;3;0;1;1;0;0;0;0;0;2;0;0;0;0;0;0;0;1;0;0;0;0;1;0;1;183;0;82;0;0;14;69;0;0;0;0;0;1;4;0;0;0;0;0;0;0;0;0;0;0;0;0;0;0;0;0;0;0;2;0;0;0;5;0;4;1;0;4;0;5;0;0;0;0;0;0;0;0;7;0;0;0
13074000;0;19;0;0;0;0;0;0;0;12;0;11;0;10;0;0;0;0;0;0;0;1;0;1;5;0;15;0;0;0;0;0;0;3;0;0;0;1;1;0;2;0;0;0;1;0;0;0;0;0;2;2;0;5;0;0;0;4;2;0;0;0;11;6;10;0;2;0;2;4;0;0;0;2;2;0;0;0;0;0;0;5;0;0;0;0;0;0;3;0;0;1;0;1;0;0;1;3;0;0;0;0;2;0;0;5;0;2;5;0;0;0;2;0;0;8;1;5;0;0;0;2;1;2;2;0;0;0;0;0;1;3;0;0;0;3;0;0;0;0;0;0;0;0;0;2;1;0;0;0;0;0;0;1;0;0;0;0;1;0;2;1;1;0;0;0;0;0;2;0;0;0;1;0;0;0;0;0;0;0;0;0;0;2;0;6;0;0;0;0;1;0;2;0;3;0;0;0;0;0;0;0;0;3;1;0;2;2;1;0;0;0;0;1;3;0;1;0;2;0;2;0;4;8;2;0;1;4;0;2;2;0;0;3;0;0;1;0;0;2;0;0;0;0;3;1;1;0;0;0;0;0;0;0;0;0;1;1;4;0;0;1;0;0;0;1;0;0;3;1;0;0;0;0;0;1;1;0;0;0;0;1;1;13;0;2;0;0;0;1;0;1;1;0;4;1;3;1;0;0;0;0;0;8;0;0;0;0;0;0;1;0;0;0;0;0;1;0;2;0;2;0;1;0;0;0;0;0;2;9;0;6;0;0;0;0;0;0;0;5;0;0;0;21;0;21;9;0;0;0;0;0;0;0;0;0;1;0;4;0;0;6;4;3;0;8;0;0;0;0;0;0;1;0;0;0;0;0;1;1;0;0;1;0;1;0;0;1;0;0;1;2;0;0;0;0;0;0;0;0
13075000;1;12;19;0;0;0;0;16;0;0;1;8;3;0;0;68;4;1;2;0;3;0;0;8;0;0;3;8;0;1;0;11;0;0;5;3;0;0;0;0;0;0;0;3;0;0;9;2;0;0;0;0;0;0;0;9;5;3;0;4;0;13;4;7;6;16;0;0;0;0;0;0;0;0;0;0;0;0;7;8;4;0;5;7;0;3;0;0;0;0;0;6;4;0;5;0;2;0;6;10;1;0;0;0;10;0;7;0;5;0;0;2;9;5;5;0;0;14;7;0;0;0;0;0;5;1;0;0;0;6;0;4;0;6;0;0;1;1;4;0;0;5;0;6;0;0;0;0;0;2;0;0;0;3;0;0;5;0;0;0;0;0;6;2;0;0;0;0;0;0;3;2;1;1;0;0;7;0;3;0;1;0;0;0;0;2;0;4;0;0;2;0;0;0;0;0;0;0;0;0;3;0;0;0;5;0;0;0;0;2;0;2;6;0;2;0;0;2;1;6;0;1;0;11;2;0;0;1;0;0;1;0;3;0;3;4;0;0;0;0;0;3;1;1;1;2;0;2;0;0;0;0;0;1;0;0;0;0;0;2;2;0;0;0;1;0;0;0;0;1;0;0;1;0;0;0;0;3;0;0;0;7;3;0;0;1;5;0;0;0;0;1;1;0;1;0;0;0;0;0;0;0;2;0;8;1;0;0;2;2;0;1;0;0;5;0;0;0;0;0;4;0;2;0;0;10;0;1;7;0;0;0;0;0;0;5;0;0;0;0;0;0;0;126;0;88;8;0;31;0;0;0;0;0;0;0;9;0;0;0;0;22;0;0;0;14;11;2;0;1;0;3;5;0;2;0;0;3;0;0;5;0;0;0;4;0;1;0;3;6;1;2;0;0;1;4;0;1;0;0
13076000;0;10;20;5;9;0;0;6;0;10;7;0;0;1;0;0;1;1;4;2;0;8;0;1;0;0;3;4;9;0;0;0;4;1;0;0;17;0;0;0;3;0;3;0;7;3;0;6;0;0;0;13;6;0;0;0;1;0;0;5;0;1;0;0;0;0;2;1;3;0;0;0;0;0;0;0;0;3;0;4;1;0;0;6;1;0;2;0;0;0;0;2;0;3;3;0;0;6;0;9;0;2;2;0;4;0;0;0;0;0;2;8;1;6;1;6;0;0;1;1;0;0;0;0;1;0;0;0;0;0;0;0;7;0;0;0;0;0;2;0;0;1;0;1;0;0;0;0;0;2;0;0;1;0;0;0;0;0;0;0;0;5;4;0;0;3;1;0;0;2;1;0;0;3;0;0;0;0;0;0;0;0;0;4;0;0;0;2;0;0;0;0;0;0;3;0;0;0;0;0;1;1;1;3;0;0;0;0;3;0;4;0;0;0;1;0;1;0;0;0;4;1;4;0;0;0;0;1;0;1;0;0;0;0;0;0;1;0;0;0;0;0;0;0;0;0;4;0;0;1;0;0;0;0;0;0;2;0;0;2;2;5;1;1;2;2;0;2;1;0;4;0;0;1;0;0;0;0;0;0;0;0;0;0;0;4;0;0;1;0;0;2;0;0;0;2;2;0;2;2;0;0;0;1;6;0;0;1;0;0;1;0;1;0;0;0;0;0;2;1;1;0;1;0;0;3;0;2;0;5;0;0;0;0;0;0;0;0;1;20;0;0;0;192;138;151;147;165;59;140;0;0;0;1;1;0;5;1;11;0;0;14;2;0;2;5;6;15;7;1;0;2;5;0;0;2;10;0;2;0;2;2;0;4;0;0;0;3;2;0;2;0;0;0;4;0;1;0;1;0
14511000;0;0;0;1;3;0;4;3;0;2;4;1;0;0;5;8;13;8;0;9;0;0;0;0;2;0;19;3;2;0;0;0;0;1;0;2;2;0;0;0;0;0;0;0;0;0;0;3;0;0;4;0;6;0;0;0;5;5;0;0;1;2;10;10;3;4;5;6;13;8;0;0;0;0;2;3;0;0;0;0;1;0;0;0;0;0;0;0;0;5;7;2;1;0;12;0;0;0;3;0;0;1;0;0;8;0;0;0;15;0;0;0;0;0;0;0;0;3;2;5;0;2;0;0;2;5;0;0;2;5;0;0;0;0;0;10;0;0;0;0;0;0;3;1;0;6;0;0;3;0;0;3;4;4;1;0;1;4;0;5;0;4;12;0;6;0;0;1;3;0;0;0;0;6;0;3;1;0;21;7;0;20;13;0;0;0;0;0;0;2;8;0;3;5;2;0;0;0;7;0;0;1;2;0;8;11;0;0;0;2;0;0;13;2;0;0;0;2;0;0;0;0;0;0;0;0;0;0;4;0;5;0;3;1;7;0;0;1;0;0;6;0;0;0;1;0;0;1;8;6;0;0;0;0;0;0;4;0;0;0;1;11;0;2;0;1;3;0;2;0;5;1;2;0;0;2;0;0;2;0;0;11;0;17;0;0;0;0;9;2;12;2;0;1;0;1;5;0;3;0;0;0;1;0;0;0;0;0;1;0;0;0;0;0;1;0;8;0;0;0;2;0;1;1;57;0;1;0;0;6;3;0;6;1;0;7;0;3;0;0;0;0;8;18;0;0;5;5;1;0;4;0;1126;116;116;218;233;319;205;5;93;0;72;44;0;0;22;0;0;2;0;1;0;6;0;0;0;0;0;7;4;0;9;0;0;0;0;5;4;11;1;0;0;0;0;0;6;3;0;0
14521000;0;5;1;0;0;0;0;0;0;2;6;2;1;0;0;11;6;1;0;5;0;2;0;2;0;0;11;0;6;0;0;0;0;7;3;5;1;2;0;1;1;0;0;0;0;0;0;0;0;0;3;1;1;0;2;0;0;8;1;0;0;4;1;0;1;0;1;2;0;0;0;2;0;0;8;10;0;0;0;6;0;1;0;0;2;0;11;0;13;1;12;1;0;0;1;2;0;2;3;3;0;0;0;2;9;2;3;0;3;0;0;0;0;0;0;3;0;2;5;3;0;3;5;0;0;1;0;4;0;3;0;6;0;3;0;0;0;1;0;0;0;0;2;0;0;3;3;0;3;0;0;0;0;0;1;0;0;0;0;2;0;0;0;0;0;0;0;0;2;0;0;2;0;4;0;0;6;2;0;0;0;0;0;0;4;0;0;2;1;3;4;3;5;0;1;0;6;0;0;3;0;4;0;4;0;0;1;1;1;0;2;2;2;0;0;3;0;0;1;0;0;0;0;1;0;4;0;0;0;1;0;2;0;0;4;0;7;0;0;0;4;0;0;0;0;1;0;4;0;2;0;1;7;2;1;1;0;2;0;0;0;0;0;0;0;3;1;3;3;0;12;0;7;0;0;3;2;0;0;0;1;0;0;10;0;0;0;0;7;1;0;0;0;0;0;0;0;0;0;0;1;0;0;0;2;4;1;1;0;0;0;4;0;3;6;2;0;1;1;1;1;1;3;0;25;1;0;0;17;0;10;0;0;9;13;0;0;0;10;4;1;0;1;1;0;0;0;14;0;10;3;0;0;112;197;386;122;156;54;64;16;91;134;0;1;14;16;0;2;7;13;5;0;0;0;7;2;1;5;5;15;0;7;2;0;0;1;0;2;0;1;0;2;3;1;0;0;0;0;2
14522000;0;0;0;0;3;5;0;0;6;0;0;2;1;0;0;0;0;4;8;0;0;0;0;0;3;0;9;0;0;6;1;0;11;0;0;3;1;7;5;0;9;0;0;6;0;0;5;2;0;0;1;0;7;0;0;0;0;4;4;0;3;3;4;0;5;5;3;0;1;2;0;1;8;0;0;5;0;4;0;4;9;5;2;0;2;0;1;0;0;1;1;0;1;2;0;5;0;3;2;2;1;0;3;1;2;0;2;4;8;0;0;1;0;14;4;1;0;17;2;0;0;0;0;1;2;0;1;0;0;0;0;3;1;2;1;0;4;0;3;6;0;0;3;1;1;2;0;0;2;0;2;0;0;2;1;2;2;1;3;4;0;0;3;0;5;1;0;1;2;0;0;2;0;2;6;0;2;1;0;0;8;0;0;3;5;7;0;2;1;0;7;1;9;6;3;0;0;5;0;2;0;0;0;2;0;0;9;0;1;6;0;0;0;0;1;0;2;0;1;1;0;0;3;0;2;0;8;0;0;0;0;0;0;1;1;0;0;0;0;0;6;0;4;5;0;2;0;0;0;0;0;0;0;0;2;2;0;0;2;0;0;1;0;0;1;1;0;4;1;0;1;6;0;4;0;0;0;0;0;3;0;0;0;12;2;8;0;0;0;2;0;0;0;2;7;0;0;1;0;0;8;2;1;4;10;2;0;0;0;0;0;0;0;0;0;2;0;6;4;0;0;3;1;0;13;1;0;6;0;0;6;0;2;0;0;0;2;0;7;0;8;0;0;7;0;11;9;9;2;11;0;0;0;0;0;0;0;0;0;0;0;0;0;0;0;32;10;23;0;3;0;1;0;0;0;2;0;0;6;1;3;0;0;2;0;1;0;4;0;0;0;0;6;0;0;0;2;0;0;0
14523000;2;0;1;0;4;0;1;5;1;1;1;2;2;1;1;0;2;0;0;0;0;3;0;0;2;0;0;0;4;0;2;1;0;5;0;0;1;0;0;0;2;0;1;0;1;0;1;0;10;0;0;5;2;2;0;0;0;0;0;0;1;6;5;1;4;6;0;0;0;1;1;5;0;5;0;0;0;0;5;0;0;0;0;0;0;0;7;0;0;0;13;5;0;1;2;0;0;0;2;4;6;3;0;0;3;11;2;0;6;1;0;1;1;0;0;0;7;8;3;0;5;0;0;2;5;2;0;3;1;3;0;0;0;0;1;4;0;0;2;0;0;1;1;0;1;4;0;0;11;1;0;0;0;0;0;1;0;0;1;0;2;7;0;2;0;0;0;0;0;1;0;0;1;0;1;0;0;0;0;6;0;0;0;0;0;0;0;0;0;0;3;1;0;0;0;1;0;0;0;0;2;3;0;0;0;0;3;0;0;0;0;6;5;0;5;0;0;7;8;7;0;0;3;5;0;1;0;1;0;0;2;0;3;0;5;0;0;6;0;0;0;0;1;0;1;0;10;0;0;0;7;0;2;0;2;1;1;1;2;2;1;0;2;0;5;2;0;0;8;5;0;0;5;0;5;13;5;0;0;0;1;3;0;9;0;0;9;0;0;0;0;2;0;0;0;0;0;0;0;0;0;4;0;0;0;0;0;2;0;1;2;0;8;0;0;0;0;0;0;0;0;0;0;0;0;0;2;1;0;0;0;4;0;0;0;1;0;0;0;1;0;0;3;5;1;8;0;15;4;6;0;0;0;9;0;32;0;0;0;5;0;22;0;0;2;13;7;2;0;4;0;4;3;0;1;3;0;7;16;0;4;1;0;0;3;0;0;2;0;0;1;3;1;0;0;5;0;0;0;5
14524000;0;0;0;1;0;0;0;10;6;3;2;0;0;0;2;16;0;1;2;1;0;1;0;6;1;0;35;1;0;9;0;5;4;2;0;4;2;0;2;3;0;0;1;0;0;0;0;1;0;0;0;5;0;9;0;6;0;0;5;1;1;3;0;14;5;16;2;0;0;2;1;0;5;1;0;0;0;0;0;8;1;7;3;0;0;0;4;0;0;0;7;2;0;7;19;0;2;0;4;2;0;4;5;0;2;0;5;1;3;1;0;0;0;6;2;3;0;4;16;13;5;0;0;0;0;0;1;2;1;0;0;3;3;1;0;3;9;5;0;0;2;0;0;1;5;3;0;2;0;2;0;0;8;2;0;1;0;0;2;0;0;0;0;0;0;0;2;0;0;1;0;0;0;2;0;0;0;0;17;0;0;0;2;0;0;0;0;4;0;1;0;0;0;13;0;3;3;3;0;0;0;0;0;0;3;0;3;1;3;0;11;14;1;2;5;1;1;0;0;0;7;0;0;2;0;2;0;0;0;0;1;4;6;0;0;4;0;0;0;0;0;4;3;3;1;0;0;0;2;0;9;5;2;1;0;2;4;0;2;0;0;5;10;1;0;3;3;4;5;0;2;0;1;0;0;4;0;0;4;1;0;0;0;0;0;9;0;1;0;1;0;0;0;0;3;4;0;3;0;0;4;0;0;4;4;0;0;2;2;0;2;3;4;1;0;0;0;4;6;0;1;2;0;0;0;0;0;0;0;2;3;0;0;1;0;8;2;5;7;0;0;0;1;2;3;0;6;0;9;4;1;0;0;8;0;0;0;7;0;0;6;159;0;0;3;36;0;0;17;1;0;2;2;11;5;0;7;6;13;0;10;0;5;0;1;2;0;3;6;0;1;0;1;3;0;0;0;2;0;0
14612000;0;5;4;13;0;4;8;13;1;4;4;0;5;1;4;132;10;0;15;0;0;0;2;0;0;0;32;0;3;0;4;0;0;0;6;1;4;0;0;2;3;1;0;13;3;0;0;0;0;0;0;0;4;2;0;2;0;6;0;0;0;35;1;4;8;0;0;4;4;16;7;0;0;0;6;0;0;0;20;24;0;14;7;4;6;3;0;1;3;1;1;4;0;2;2;3;0;9;7;7;5;3;1;0;5;29;5;0;0;7;0;0;0;0;0;0;0;28;1;10;0;1;0;0;0;0;0;0;0;0;0;0;6;0;4;0;13;1;5;3;1;3;0;4;1;0;4;1;0;13;0;15;0;0;3;0;2;0;0;0;0;15;0;0;1;0;3;1;1;5;0;1;1;1;0;0;0;0;0;15;5;6;0;0;7;0;0;4;0;0;8;0;5;8;0;1;11;0;5;1;0;6;4;0;4;6;0;0;0;0;0;1;4;0;2;0;18;0;8;0;8;2;13;39;15;2;0;0;6;0;0;0;0;0;0;0;4;0;8;0;9;6;9;0;5;0;0;2;0;0;0;0;0;0;0;4;0;0;1;0;3;0;1;0;0;0;1;0;5;2;0;0;7;0;0;8;1;0;1;3;3;0;3;29;0;0;0;2;0;0;2;0;0;0;2;3;5;0;0;0;0;0;0;20;22;3;0;0;0;0;0;0;0;10;0;0;0;0;5;0;9;3;1;0;60;5;0;0;0;0;0;0;4;0;0;0;0;0;19;0;0;7;0;0;8;0;9;0;0;0;0;0;0;87;44;9;0;218;0;684;843;107;151;37;12;0;0;0;0;0;0;0;0;1;0;0;4;0;0;0;0;0;0;0;0;0;5;0;0;0;3;5;0;0;0;0;0;0;0;0
14625000;1;4;4;2;1;0;4;0;0;3;0;7;4;1;0;4;0;2;0;5;0;1;1;1;0;0;15;0;0;1;0;3;0;0;0;0;5;1;0;5;0;4;0;0;0;0;0;3;0;4;4;1;1;1;9;5;1;0;0;0;0;0;4;0;1;7;0;0;3;0;0;0;4;0;6;0;0;5;5;4;1;0;0;0;0;0;3;0;0;0;0;7;4;0;0;0;0;0;0;2;0;0;0;0;10;5;6;0;0;0;0;0;0;0;0;0;0;0;2;1;3;7;2;0;0;0;0;4;0;0;6;0;0;0;3;7;0;3;0;0;2;0;2;0;0;4;3;0;0;2;0;1;0;0;1;0;8;0;0;0;0;6;6;0;0;2;0;0;0;0;0;0;0;0;0;0;4;0;5;0;0;3;0;0;0;3;0;0;3;2;0;0;0;4;0;2;1;1;4;1;0;0;1;0;0;1;2;0;0;0;2;7;0;1;0;0;0;5;0;2;0;0;0;0;2;0;0;6;0;0;0;0;0;8;0;1;0;2;0;4;1;0;1;3;0;0;0;0;2;0;0;0;1;1;5;1;6;0;2;0;1;0;1;0;0;0;0;0;2;0;4;0;2;0;0;0;0;3;1;1;0;0;0;0;0;0;2;0;2;1;2;0;1;0;2;1;1;2;0;0;0;0;2;0;2;0;1;0;7;0;0;0;1;0;0;0;1;0;0;0;0;5;0;0;0;6;10;0;0;0;0;0;0;8;0;0;4;0;0;1;0;0;0;7;4;2;0;6;2;0;0;0;0;53;7;0;0;0;57;1;0;38;0;0;0;22;13;0;0;1;0;0;0;0;0;0;0;8;5;9;10;0;4;2;0;0;1;0;1;0;0;0;0;8;4;0;5;1;0;2
14626000;0;2;0;0;0;0;3;0;0;0;0;0;2;0;0;0;0;0;2;1;4;3;15;0;9;0;6;2;1;0;0;0;0;3;0;0;0;0;0;0;0;4;1;0;2;1;2;10;2;0;0;3;0;2;0;2;1;0;0;2;0;5;0;8;0;7;0;0;0;0;8;0;0;2;0;1;0;0;0;0;0;1;0;0;0;0;0;0;1;0;38;3;3;0;0;0;1;11;0;3;0;5;0;2;0;0;15;2;4;0;0;0;0;0;2;0;0;0;0;0;0;0;0;2;0;0;11;0;0;0;0;1;0;1;0;3;0;2;0;2;0;0;0;1;0;0;0;0;0;0;0;0;0;0;0;0;0;0;0;3;0;0;0;0;0;0;2;1;0;0;2;0;0;0;0;0;0;4;0;0;0;0;0;0;0;0;1;9;0;0;0;0;2;0;0;4;11;0;4;2;2;0;0;4;0;0;10;2;0;6;0;0;0;0;0;2;3;0;4;0;0;0;0;0;2;2;2;0;0;0;0;0;0;0;0;6;3;0;2;1;0;2;0;0;0;0;1;0;0;1;0;0;4;0;1;3;3;0;0;0;2;1;3;3;3;0;2;1;0;0;1;0;0;0;2;0;0;2;1;0;0;0;0;0;0;0;1;0;4;0;4;0;0;1;0;0;0;0;1;0;2;2;0;0;0;0;0;0;0;0;8;0;0;0;0;1;2;0;5;0;3;0;1;2;0;0;0;0;0;0;0;2;0;0;0;0;2;0;0;0;0;0;2;8;0;1;3;1;0;32;0;0;0;19;16;1;104;0;0;0;0;85;0;0;0;1;15;0;0;0;4;0;3;1;2;3;0;0;4;7;26;2;0;0;2;0;0;0;0;1;0;0;2;0;0;0;0;0;0;0
14627000;0;0;0;3;0;0;3;1;0;0;0;3;0;0;1;0;0;1;2;0;0;0;6;0;0;0;6;0;0;0;1;0;0;0;6;3;0;0;0;3;0;0;2;2;0;1;0;0;0;1;8;0;0;0;0;0;1;0;0;0;2;0;4;1;2;11;2;0;2;1;0;0;1;0;0;0;0;3;11;0;3;2;2;4;0;3;0;0;0;0;3;2;3;1;4;0;2;0;2;0;0;3;0;7;0;4;7;1;0;2;0;1;0;0;0;4;2;0;0;2;0;0;4;6;1;8;0;0;3;0;5;1;3;0;7;0;2;1;5;1;1;0;0;2;0;1;0;1;0;4;0;0;0;0;0;0;0;0;0;0;0;1;0;1;1;0;0;1;0;2;0;0;3;1;0;0;0;0;0;1;0;3;0;0;4;4;0;0;0;3;9;0;0;0;0;0;1;0;2;0;0;0;3;5;0;5;2;1;4;0;0;0;5;0;2;0;0;0;0;0;1;0;0;9;2;5;0;3;0;0;0;0;0;0;0;0;0;0;2;0;0;7;1;1;0;5;2;0;0;2;0;0;0;1;4;0;0;0;0;1;0;1;0;0;1;0;0;2;0;0;1;0;0;1;0;1;0;0;8;1;0;5;1;6;0;3;0;0;1;0;0;2;1;0;0;0;3;2;0;2;0;0;0;1;0;0;2;0;0;2;1;1;0;2;1;3;0;2;0;1;0;0;0;0;0;4;0;0;0;0;0;19;0;0;3;0;10;0;6;0;0;1;6;6;3;3;0;14;7;1;9;0;0;49;0;7;0;0;3;0;0;0;0;0;3;0;5;0;5;6;0;8;0;0;6;0;0;6;0;4;0;1;3;3;0;0;9;0;0;4;1;0;0;0;1;0;4;0;0;0
14628000;0;0;4;0;0;0;0;0;2;1;4;0;0;1;0;3;2;1;0;2;0;5;2;0;4;4;2;0;0;0;1;0;8;0;1;1;2;5;0;0;0;0;0;1;0;0;4;0;6;0;0;2;1;0;0;6;0;0;2;0;0;4;2;5;16;0;4;0;0;2;3;0;7;0;0;0;0;2;0;3;0;3;0;0;2;0;2;0;0;0;0;3;0;1;0;4;0;3;14;1;1;0;1;0;1;3;0;0;0;0;0;0;0;0;0;0;0;0;0;0;2;8;0;4;0;0;2;5;1;1;4;6;0;0;3;1;7;0;0;2;0;2;2;1;0;0;1;2;0;0;0;0;0;0;0;3;0;0;0;0;1;2;1;0;0;0;0;1;2;0;0;2;0;0;0;0;1;0;0;0;0;2;0;0;1;0;2;0;1;5;3;0;0;7;0;1;2;0;0;0;1;1;1;0;2;0;2;0;0;0;0;0;0;0;2;0;1;0;2;0;0;0;0;0;0;2;0;0;0;0;0;0;0;0;0;0;1;0;0;2;0;0;2;2;0;0;0;0;0;1;0;0;0;0;1;0;0;0;0;0;0;0;0;1;0;1;0;0;2;1;4;5;0;0;3;2;1;1;0;0;0;0;0;7;2;0;5;0;0;0;3;3;0;0;1;0;0;0;0;1;0;0;1;0;1;0;2;0;0;2;0;0;0;3;0;0;0;0;4;0;0;0;0;0;0;0;0;0;4;0;0;0;0;0;0;9;6;1;0;0;0;0;1;0;0;2;11;13;8;3;0;0;0;110;5;0;0;91;19;68;0;0;0;0;1;0;5;4;4;3;0;6;5;4;1;0;4;4;0;0;2;1;1;0;3;1;0;0;0;0;0;0;0;0;1;2;0;0;0;0
14713000;5;22;0;2;7;12;0;1;11;0;6;11;20;8;1;0;0;0;0;0;0;0;0;2;0;0;0;0;0;0;3;0;4;0;0;0;0;0;1;0;0;0;8;0;0;0;0;0;3;0;0;0;0;0;0;3;5;5;6;0;3;0;7;32;5;9;8;0;0;4;1;0;0;0;0;11;2;0;0;6;4;0;2;0;4;0;4;4;0;0;0;0;2;2;0;3;0;0;0;0;0;0;11;0;5;35;0;0;4;0;0;0;0;0;0;0;0;17;7;11;6;0;0;11;3;13;4;10;4;8;0;0;0;0;0;0;0;6;0;0;0;4;0;1;0;5;3;0;0;0;0;5;2;0;0;4;0;0;3;0;0;2;0;0;0;0;0;0;5;0;0;0;0;0;1;0;0;3;0;0;0;4;0;0;0;0;0;0;7;0;0;5;0;0;0;0;0;0;0;0;0;0;0;0;0;0;6;0;0;6;0;6;0;0;0;0;4;0;0;0;0;4;7;0;0;4;1;0;4;0;0;0;0;2;0;0;0;2;1;2;0;0;0;0;2;0;0;0;1;0;0;0;17;2;0;0;7;0;0;0;0;0;3;0;0;0;0;0;0;0;0;0;0;0;4;3;0;0;0;5;0;0;0;0;0;0;0;0;3;0;0;0;0;0;0;0;0;1;0;1;0;0;0;3;0;1;0;0;0;0;0;0;7;7;0;3;0;2;0;0;4;0;2;0;0;0;0;0;0;0;0;0;0;6;0;0;0;0;0;0;2;0;0;0;0;0;1;20;0;0;0;150;0;118;0;0;0;0;0;8;79;0;1624;1447;0;0;0;0;55;0;105;0;0;0;144;0;0;0;0;0;0;0;0;0;0;0;0;0;0;0;0;0;0;0;0;0;0;0;0;0
14729000;2;0;0;2;1;2;5;4;0;1;4;0;0;0;0;10;1;1;7;4;3;0;7;5;0;0;0;0;0;5;0;1;0;0;0;0;3;0;0;0;4;1;0;0;0;0;3;3;4;0;0;0;1;0;0;1;0;0;0;0;0;8;0;3;14;0;0;0;3;0;0;1;1;0;1;3;0;1;8;4;0;0;3;2;2;1;5;0;0;0;0;1;1;1;0;0;0;5;0;0;1;0;5;0;6;0;2;0;0;0;2;0;0;0;0;2;0;0;0;0;1;0;2;0;0;2;0;0;0;0;0;0;0;0;0;2;0;0;0;0;10;3;0;0;0;0;1;0;0;0;0;1;0;0;1;0;0;0;0;1;0;1;1;0;0;0;1;0;0;0;0;0;0;0;1;0;0;2;0;0;1;0;0;3;0;1;0;8;0;0;0;0;1;0;3;0;0;1;0;2;0;0;0;3;0;0;0;0;0;0;0;0;0;1;1;3;0;0;0;0;6;0;0;0;4;0;0;2;0;3;3;0;1;0;0;3;0;0;10;1;0;0;0;5;2;1;1;1;8;0;0;1;1;1;2;0;1;1;0;0;3;1;3;0;0;0;0;0;1;2;0;0;1;0;4;0;0;5;0;5;2;4;1;3;0;8;0;0;3;1;0;0;1;0;3;0;0;0;0;2;1;0;6;0;0;0;2;1;3;0;3;0;0;0;3;0;1;0;0;3;0;3;3;1;0;0;0;0;0;5;3;0;0;2;6;0;0;0;0;0;0;0;0;0;0;0;6;9;0;4;0;0;0;122;18;29;0;14;15;49;53;0;0;0;0;12;12;0;2;0;44;0;0;4;33;4;6;13;6;0;0;1;2;1;0;4;0;0;6;0;0;0;0;0;0;0;4;0;0;0
14730000;0;5;0;0;1;2;0;0;0;2;6;4;0;2;0;4;2;0;0;2;0;0;3;0;1;0;5;0;0;0;0;0;0;0;0;0;2;3;1;0;4;0;0;0;0;0;0;0;0;1;1;0;0;3;0;2;0;0;1;0;1;1;2;0;3;0;0;0;0;0;0;0;0;2;0;2;0;0;7;4;1;4;1;0;0;0;0;0;0;0;2;1;0;0;14;1;0;0;3;0;0;0;0;0;0;5;0;5;2;3;6;5;0;0;0;0;4;0;2;3;0;2;1;1;0;0;0;0;0;0;0;2;0;5;2;1;0;1;0;1;0;0;0;0;0;1;0;0;5;7;0;0;0;0;1;4;0;0;1;1;0;1;3;0;1;0;0;0;0;0;0;0;0;0;0;0;0;0;0;0;0;0;0;0;0;0;0;2;0;0;2;0;1;0;0;2;0;0;6;0;1;1;0;0;0;1;2;2;5;2;1;1;1;1;1;0;0;0;0;0;0;1;2;0;0;1;0;0;0;0;0;0;2;0;0;0;0;1;4;2;0;0;0;1;0;1;0;0;1;0;2;1;6;1;1;0;1;0;0;0;0;0;0;0;0;0;0;0;2;0;0;5;1;0;1;0;0;0;1;0;0;3;2;6;1;3;2;0;1;0;2;1;1;1;0;0;1;0;0;1;5;0;0;0;0;3;0;1;2;0;0;0;1;0;1;0;2;0;1;0;2;2;2;1;0;0;0;5;3;0;5;0;0;0;0;1;2;6;0;0;3;0;0;3;2;0;1;4;0;4;4;0;32;119;34;165;0;132;138;71;109;0;161;0;2;23;0;1;154;0;7;0;3;4;41;16;0;23;9;0;3;0;3;4;3;3;3;0;0;1;0;5;0;8;2;0;0;6;4;0
15001000;9;10;0;2;0;0;2;0;0;1;0;0;0;0;1;18;2;5;1;0;3;3;0;0;4;1;4;0;1;1;0;1;1;0;0;0;0;0;0;0;1;0;0;0;0;1;0;6;0;0;0;0;1;0;4;0;0;5;1;0;1;3;0;3;6;6;1;1;0;0;1;0;0;4;1;0;1;1;4;1;0;0;3;0;0;0;1;0;0;2;1;0;0;0;4;0;6;3;0;0;1;3;1;5;2;0;5;6;0;1;0;0;5;0;1;0;2;1;3;3;2;2;3;0;2;0;0;0;0;0;3;1;1;0;0;0;3;1;0;0;0;0;0;1;0;1;0;0;0;0;2;0;2;3;0;0;0;0;3;1;0;1;0;0;1;0;0;0;0;0;0;1;0;0;0;0;0;0;7;3;0;3;0;0;0;0;0;0;1;2;1;1;1;4;1;4;0;0;0;1;0;0;0;1;0;1;0;0;0;0;0;2;0;3;1;2;0;0;0;0;0;1;2;8;1;0;4;0;0;4;0;0;3;0;0;0;1;0;1;0;0;0;1;0;0;0;3;0;0;0;0;0;0;0;0;1;0;0;0;0;0;0;0;0;1;0;0;0;2;0;1;0;0;1;0;0;0;0;1;1;2;0;2;8;0;1;1;0;0;0;4;0;0;3;0;0;2;0;1;1;2;0;1;2;0;0;0;0;0;0;0;0;1;0;4;0;2;0;6;0;1;1;0;0;31;0;1;1;4;0;0;0;7;0;0;0;3;0;0;2;0;0;0;3;5;6;6;1;1;0;0;5;0;0;0;0;0;0;0;0;0;70;9;0;0;0;14;0;0;3;0;0;1;9;0;0;0;0;10;3;0;0;2;0;1;4;1;0;1;2;0;0;1;0;0;1;0;0;0;1
15002000;3;19;0;1;2;0;1;1;1;0;10;0;1;0;0;75;10;6;0;0;0;2;0;0;2;0;22;2;6;8;0;0;0;9;0;5;0;0;4;3;3;3;15;2;4;0;2;6;1;0;0;0;1;0;1;0;0;16;2;0;4;6;0;26;20;21;1;2;1;4;1;0;6;4;1;0;4;10;19;39;4;28;5;11;0;7;0;2;6;7;9;0;1;1;3;0;0;8;7;0;1;0;0;0;14;54;0;0;5;1;1;2;1;0;0;0;28;40;5;0;0;4;0;2;2;8;0;13;0;0;12;0;4;0;4;0;0;1;0;3;0;1;7;0;2;7;0;0;2;0;1;0;3;3;0;1;0;3;0;0;1;9;10;0;0;1;6;0;2;0;2;0;0;1;2;0;0;0;3;8;3;5;6;3;0;0;0;0;1;0;5;5;17;0;1;5;0;0;1;8;2;1;0;0;15;0;7;0;2;1;8;4;16;0;5;2;10;2;1;0;0;0;3;27;0;5;0;0;5;0;2;0;2;0;2;0;0;0;2;4;1;0;0;4;1;5;0;0;1;0;2;0;4;0;0;0;0;0;4;1;0;0;0;0;1;2;3;0;5;0;0;4;2;0;2;3;1;4;0;2;0;6;2;7;0;0;6;0;1;0;3;0;0;2;8;0;1;0;0;0;0;0;2;0;0;0;5;0;0;1;2;2;5;0;0;0;0;0;6;0;0;7;3;1;45;8;11;1;13;15;14;0;2;0;0;5;1;0;9;0;0;0;0;12;2;0;19;7;0;0;0;4;0;0;0;0;19;0;0;5;2;164;0;0;16;0;0;0;42;0;0;0;16;6;369;0;0;0;0;1;0;2;1;0;0;0;0;4;1;0;0;0;0;6;0;0;0;0;0;0
15003000;0;0;5;0;0;3;10;0;0;3;9;0;0;0;3;61;36;0;0;0;0;9;0;2;2;0;13;0;0;0;0;2;0;0;0;0;0;0;0;0;0;0;0;0;10;2;4;4;0;3;0;4;2;0;7;0;0;4;3;0;2;3;0;11;6;13;0;0;1;0;0;0;10;3;0;15;4;14;0;16;3;1;1;11;0;8;0;0;6;0;3;4;3;0;6;0;6;4;0;0;0;10;0;0;7;23;6;3;0;0;0;8;3;5;0;0;9;25;3;4;15;4;0;0;4;0;0;6;0;0;3;0;0;7;0;0;2;0;0;0;0;0;0;0;2;0;0;0;0;0;0;0;0;0;0;0;0;0;0;0;0;7;7;1;0;0;0;0;5;0;0;2;0;15;1;0;6;0;35;7;0;0;0;0;15;0;0;0;0;1;0;0;4;0;3;0;0;0;0;5;5;1;0;2;0;3;0;0;0;0;6;1;2;0;1;0;8;0;0;3;3;0;9;31;0;5;0;0;0;4;0;0;4;0;4;0;0;0;0;0;0;2;0;0;3;0;4;0;0;0;0;1;0;0;0;1;0;1;0;0;1;1;5;0;4;1;0;0;4;0;1;0;0;0;3;0;1;0;0;0;1;14;3;9;1;2;0;0;0;0;0;0;0;0;0;0;0;1;0;5;0;3;2;0;31;1;0;4;4;0;1;0;1;5;1;1;0;0;0;0;0;0;0;0;0;0;0;1;0;9;13;0;0;0;0;0;0;0;0;0;1;0;2;14;8;0;0;22;3;0;0;0;0;0;0;11;37;0;0;0;0;129;0;3;0;14;0;0;0;15;0;0;85;0;40;0;0;0;10;0;0;0;1;0;0;0;0;0;0;0;3;1;2;0;0;1;0;0;1;0
15081000;0;0;1;0;0;2;0;16;0;0;2;1;2;0;0;0;12;4;0;0;3;6;0;0;1;0;6;0;2;3;0;0;0;5;4;6;15;0;0;1;0;0;5;2;6;7;0;6;0;0;1;0;1;0;0;1;0;0;0;0;0;0;3;5;5;2;2;1;0;0;1;0;0;0;2;0;0;0;0;0;0;0;0;0;0;4;0;0;1;0;2;1;0;1;0;6;0;1;0;0;0;0;0;0;0;11;0;0;0;3;2;6;0;0;3;1;0;9;0;3;0;4;0;0;0;1;1;1;0;1;1;0;1;0;4;2;0;0;6;0;0;2;0;0;0;0;0;0;0;13;0;0;0;4;0;0;0;0;0;0;0;0;0;0;1;0;0;0;2;3;0;0;0;0;0;0;0;0;0;0;0;1;0;0;0;0;0;0;0;1;0;1;0;2;0;0;1;0;4;1;0;0;0;0;0;0;0;0;4;9;1;0;3;0;1;0;0;0;0;0;0;0;0;0;1;0;0;0;0;2;0;0;0;0;1;0;0;1;0;2;0;0;0;0;1;2;0;0;0;0;0;1;0;0;2;0;0;0;0;0;1;0;0;0;0;2;0;0;0;1;0;0;0;0;3;1;0;2;0;0;0;0;1;1;0;1;0;0;0;0;0;0;0;0;0;2;0;0;1;0;0;0;0;1;1;0;5;0;0;4;0;0;0;0;0;0;1;2;0;0;0;1;0;0;0;4;0;0;3;2;1;0;1;0;2;1;0;0;3;0;2;3;1;1;2;4;0;8;1;0;0;1;1;0;0;1;0;0;0;2;0;10;2;0;2;27;42;0;0;12;0;0;15;0;4;22;31;0;0;0;0;0;0;0;0;5;1;1;0;2;1;0;1;0;0;1;0;2;2;0
15082000;0;3;1;0;0;1;0;6;3;0;5;4;2;0;0;2;0;0;0;0;0;0;3;1;2;6;5;3;11;0;0;0;0;0;0;3;3;2;0;5;0;5;0;2;3;0;0;3;2;0;0;0;2;0;0;0;0;4;0;1;0;18;1;1;1;0;0;7;1;0;0;0;0;1;0;7;0;0;2;8;3;8;1;1;3;0;0;0;0;0;2;0;0;4;0;2;4;6;11;1;0;0;10;3;5;5;2;0;3;4;5;7;0;0;1;0;2;12;1;0;0;4;0;2;0;1;0;5;0;0;2;0;0;4;0;0;6;0;4;1;0;0;1;1;0;3;0;0;2;0;0;2;3;4;0;0;0;0;0;0;0;0;0;0;0;0;3;1;2;0;1;0;0;0;0;0;2;0;0;0;3;0;4;0;4;1;2;0;1;0;0;0;0;0;1;0;3;2;5;1;0;0;0;2;0;1;0;0;0;0;7;4;0;0;2;0;0;0;0;11;5;0;0;4;0;0;0;1;0;0;1;1;4;0;0;1;0;0;2;0;0;0;0;0;0;0;1;0;0;0;0;2;2;0;3;0;0;1;0;0;0;0;3;1;0;0;0;1;0;0;0;0;0;0;0;0;0;0;0;1;0;3;0;0;0;1;1;1;0;1;0;0;0;1;1;0;0;1;1;0;3;0;0;0;0;0;1;0;0;3;0;0;0;0;0;1;0;1;4;0;0;0;0;0;0;5;2;1;0;1;5;0;0;0;0;0;0;3;0;0;0;0;3;0;0;5;4;10;0;0;0;6;0;10;2;0;22;1;2;0;0;0;0;0;66;0;11;2;0;12;0;0;0;2;0;15;0;18;0;0;0;2;0;0;0;0;4;0;0;0;0;0;0;0;0;0;1;0;1;0
15083000;0;0;0;0;0;0;0;0;1;2;3;0;2;0;1;24;10;0;1;0;0;0;0;4;0;4;9;4;0;0;0;0;2;0;7;0;2;4;0;0;2;6;0;0;0;0;1;1;0;0;7;0;0;2;0;5;1;2;0;0;5;0;3;0;0;10;0;0;0;0;0;4;0;0;4;2;0;1;2;3;0;7;0;0;0;0;0;2;0;0;0;3;0;0;1;0;0;0;0;0;1;5;5;0;6;0;8;1;1;0;0;0;0;1;3;0;0;1;0;1;0;3;0;0;0;5;0;2;0;1;0;3;0;0;3;1;4;0;0;0;0;1;0;1;0;1;2;1;0;0;1;1;1;2;0;0;1;2;0;2;0;0;0;0;0;0;0;0;0;1;0;0;1;0;0;0;0;0;1;5;0;0;1;0;2;0;0;0;0;0;5;2;0;0;0;1;1;1;0;0;0;2;0;4;3;0;0;0;0;1;1;0;1;1;0;0;2;0;1;0;0;0;0;3;0;0;5;2;1;0;1;0;2;0;0;9;0;0;5;0;0;0;2;2;0;0;0;1;0;0;0;2;0;0;2;0;0;0;0;1;0;0;0;1;0;1;0;0;1;1;1;0;0;0;0;0;0;2;1;0;0;0;8;0;0;0;1;0;3;0;0;4;0;0;0;0;1;0;0;0;0;0;0;0;0;0;0;0;0;0;1;1;0;0;0;0;0;3;0;0;0;0;1;0;0;0;0;0;0;4;0;0;0;4;0;8;4;0;0;0;5;5;1;12;0;0;6;11;3;0;0;0;0;0;0;0;6;0;2;0;0;41;0;0;0;16;0;0;0;0;1;0;10;0;0;0;0;0;1;2;0;0;4;0;0;1;0;7;0;2;0;0;0;0;1;4;0;0;3;1
15084000;2;3;5;0;0;0;5;4;1;0;4;0;3;0;0;22;0;0;0;1;0;0;0;4;0;0;8;0;0;0;0;0;0;3;0;0;1;0;0;0;0;0;2;3;0;0;0;2;1;5;0;0;2;0;1;3;0;1;1;0;0;0;7;0;0;2;0;6;0;0;1;0;2;0;2;1;0;1;0;4;0;1;0;0;0;0;0;0;0;0;0;3;3;0;0;6;7;1;0;3;0;1;1;1;7;3;8;0;11;0;2;3;0;0;1;11;0;5;0;0;2;0;0;0;3;0;0;2;0;0;0;1;2;5;0;5;1;3;2;6;0;0;0;0;0;1;1;3;1;1;2;0;1;0;1;0;1;0;0;0;0;7;0;0;1;0;1;0;0;0;1;1;0;2;2;2;0;3;0;3;0;0;0;0;0;3;0;0;0;1;0;0;0;1;0;0;0;1;0;0;0;0;1;0;8;0;4;5;0;2;0;8;0;0;5;0;2;2;0;3;3;0;0;0;0;2;2;0;0;0;0;0;1;1;0;1;0;0;0;3;3;5;0;3;4;1;0;1;1;0;2;2;0;0;0;0;0;0;0;0;3;0;1;0;0;0;0;0;0;0;0;2;5;5;1;0;0;2;0;0;0;0;6;2;0;14;0;0;3;2;0;0;0;0;4;2;1;0;1;2;0;3;0;0;5;1;0;0;0;0;1;0;1;1;2;1;1;0;3;0;0;1;0;0;0;0;1;1;0;2;4;0;5;0;0;0;0;5;7;0;3;0;2;9;0;8;3;2;3;4;4;4;0;10;6;18;11;3;0;3;16;0;0;0;5;32;13;1;12;0;0;0;5;7;0;0;0;2;0;43;12;0;13;3;0;0;0;29;3;6;0;0;5;0;0;1;0;0;17;4
15085000;3;0;6;1;0;0;0;0;0;0;0;0;3;0;0;12;11;0;0;0;0;0;4;2;6;22;12;0;0;0;0;0;0;0;0;0;0;0;1;0;0;0;1;1;0;0;0;8;3;0;6;8;4;3;1;2;5;0;0;1;1;0;5;7;0;0;0;8;0;0;0;0;3;2;4;9;0;1;0;0;0;0;1;0;2;0;0;3;0;0;2;1;0;0;0;0;0;0;1;1;0;0;2;0;0;3;0;2;0;0;5;1;0;0;0;8;0;0;0;0;0;2;0;0;1;0;0;3;1;0;0;0;0;7;0;2;0;0;0;0;7;0;1;0;5;1;0;0;0;3;1;0;0;2;4;0;3;1;0;0;0;2;0;0;0;9;0;0;3;0;1;0;0;1;0;0;0;0;2;0;0;0;5;4;7;0;6;0;1;0;1;7;0;0;0;2;0;0;0;3;0;1;1;0;0;0;0;0;0;0;4;1;0;0;0;0;1;0;2;6;2;0;1;0;0;0;2;0;2;0;1;2;0;0;0;1;1;1;0;0;0;5;0;0;0;0;1;0;0;0;0;2;6;0;1;0;1;1;0;0;0;4;0;0;2;0;1;1;4;5;0;2;2;1;2;1;0;0;1;1;0;0;5;8;0;0;1;3;0;2;1;3;1;0;0;1;4;0;0;2;2;0;0;0;4;0;4;0;0;1;0;1;0;0;0;0;0;0;0;1;1;0;1;0;0;0;0;0;0;0;5;0;1;0;0;4;0;0;0;0;0;0;1;0;1;0;0;10;2;0;0;0;0;0;0;0;27;3;2;0;0;18;4;0;104;466;1030;112;262;270;263;0;166;197;272;423;559;229;6;0;13;0;0;1;0;0;1;0;2;0;3;0;3;0;0;5;0;2;0;1
15086000;2;7;0;0;0;1;3;0;2;2;1;3;2;0;0;7;8;2;1;0;0;5;0;0;0;0;3;1;0;1;0;0;1;3;3;1;5;1;1;0;1;2;1;2;0;1;1;0;2;0;0;2;4;0;0;1;0;0;0;0;1;0;1;2;3;0;2;2;1;0;1;0;2;0;0;1;1;0;0;0;0;14;0;0;1;0;0;7;0;0;0;0;0;4;3;2;0;0;1;1;0;2;2;0;0;2;1;1;2;0;0;0;0;0;1;0;0;0;1;3;0;2;0;0;3;2;0;2;0;0;0;0;0;1;1;0;1;0;3;0;4;0;0;0;0;0;0;0;0;0;0;0;0;0;0;0;1;0;0;0;0;1;2;0;0;0;1;0;1;0;0;0;0;1;1;1;1;0;0;1;2;1;0;0;0;0;0;1;0;0;0;0;0;1;0;1;2;0;0;1;1;0;0;0;2;0;0;0;0;1;0;0;0;2;0;0;0;0;0;0;0;0;1;0;0;0;0;0;0;0;1;0;1;0;0;0;1;0;1;0;1;0;0;0;0;0;0;0;0;1;0;1;0;0;5;0;0;0;0;1;0;0;0;0;0;0;0;0;0;0;0;5;0;0;0;0;0;0;0;0;1;0;0;0;0;0;2;0;0;0;3;0;0;1;0;0;0;0;0;0;0;0;3;0;0;0;0;1;0;3;0;0;0;0;0;0;0;1;1;6;0;0;0;0;0;0;1;0;0;0;0;2;0;2;4;2;0;0;0;0;0;4;0;0;0;0;1;5;0;0;0;0;2;3;0;0;5;3;0;1;0;15;11;0;0;0;0;0;19;0;0;0;0;4;0;0;0;0;5;2;3;0;2;0;0;0;0;0;0;5;0;0;0;0;0;1;0;1;0;0
15087000;0;2;1;0;0;1;0;1;0;1;0;0;0;0;0;2;4;4;2;1;0;3;0;0;0;0;13;0;2;3;3;0;0;0;5;1;0;0;1;0;0;0;0;0;0;0;0;0;0;0;4;1;0;1;0;0;0;1;0;0;0;7;4;0;2;8;4;0;1;0;0;0;3;0;0;0;0;1;0;9;0;2;0;0;0;1;2;0;4;0;0;0;0;4;0;0;0;0;1;4;0;0;0;0;3;17;0;0;0;0;1;5;0;0;0;12;1;0;0;0;1;6;0;3;0;0;0;2;0;0;0;0;0;2;0;2;0;0;0;0;0;0;0;0;0;0;0;0;0;0;0;0;0;0;0;0;0;0;0;0;0;0;0;0;0;0;0;0;0;0;0;0;0;0;1;0;0;0;3;0;0;0;0;4;0;0;1;0;0;2;2;0;0;1;1;0;0;0;0;0;1;2;0;1;0;0;0;0;0;0;1;0;1;0;3;0;3;1;1;0;0;0;0;0;1;0;0;0;0;0;0;0;4;1;3;0;0;0;0;0;4;1;1;0;0;1;0;0;0;0;0;0;3;0;0;0;0;1;1;1;0;0;0;1;4;0;0;0;5;0;0;0;0;0;1;0;0;0;0;0;0;0;0;4;0;1;0;0;3;0;1;0;0;0;0;0;0;0;0;0;1;0;0;0;3;0;0;0;0;1;0;0;0;0;0;0;0;0;4;0;10;1;0;0;0;0;0;0;0;0;0;1;0;2;0;0;1;1;0;2;0;0;0;2;0;0;2;1;4;8;0;0;0;4;2;0;0;6;0;1;0;9;0;0;0;0;5;0;0;16;0;0;0;0;0;77;0;2;0;0;0;3;3;1;20;0;0;0;0;4;0;0;9;0;0;1;0;0;2;0
15088000;6;0;0;5;0;3;3;0;7;0;0;3;0;0;0;18;0;1;0;3;0;2;0;2;0;0;9;1;0;2;1;0;0;0;5;2;1;0;0;0;0;0;2;1;0;0;0;1;0;0;0;0;0;0;1;0;0;0;0;0;0;0;0;0;2;9;0;2;7;2;0;0;2;1;6;5;0;8;3;2;0;2;0;0;0;1;0;2;0;2;1;0;0;0;1;0;1;0;0;0;0;0;1;0;4;38;0;0;2;1;1;3;0;0;0;4;3;6;0;1;0;0;7;1;0;1;0;2;2;3;1;5;3;3;0;2;0;0;0;5;0;0;1;2;0;0;0;2;0;2;1;0;0;1;0;0;0;0;0;0;0;0;3;3;0;0;1;0;2;1;1;0;0;1;0;1;1;1;4;0;0;0;0;0;1;0;0;0;4;3;0;0;0;0;0;1;1;0;2;0;2;3;0;4;2;0;1;0;2;0;0;0;0;0;0;1;0;1;0;0;3;0;0;0;0;0;0;0;0;1;0;0;0;0;0;2;0;2;0;0;0;0;3;0;0;0;3;0;2;2;0;0;3;0;0;0;0;5;1;0;0;0;0;1;0;0;0;0;0;0;1;1;0;0;0;4;0;1;0;0;0;1;1;1;0;0;0;0;0;0;0;0;0;0;2;1;0;2;0;1;0;0;2;1;0;1;2;0;0;1;0;0;0;0;3;0;0;0;4;0;1;0;0;0;0;2;1;0;0;1;0;7;2;1;1;1;0;3;6;6;5;2;0;0;11;4;1;8;2;0;0;0;0;7;0;0;6;4;0;0;0;0;0;0;9;0;0;0;61;2;37;0;7;77;0;0;0;9;0;0;0;0;11;5;0;4;0;0;0;0;0;2;0;0;1;4;9;0;8;0
15089000;3;6;5;3;0;0;2;0;0;2;5;0;3;0;3;0;1;0;4;0;6;3;0;0;13;0;5;0;3;0;7;5;4;0;0;0;1;0;2;2;3;0;4;0;3;0;0;0;13;4;0;0;4;0;1;0;2;3;1;5;0;0;7;0;5;0;0;3;0;2;0;0;5;0;0;0;0;4;0;0;0;0;4;0;0;0;0;0;0;0;5;0;0;0;0;2;0;0;0;2;1;3;0;0;0;4;0;6;0;1;0;0;0;1;4;1;2;0;2;3;0;4;0;2;0;2;0;0;0;0;0;0;0;0;3;2;0;2;1;4;0;0;0;1;0;3;0;2;0;0;0;0;0;0;0;0;0;0;0;0;0;0;3;1;0;2;0;7;0;0;0;0;2;5;0;1;2;1;10;0;0;4;1;2;1;1;0;0;3;0;0;0;1;0;1;1;5;1;0;1;1;0;1;0;0;4;0;0;1;0;1;3;0;2;0;0;0;1;1;2;0;1;0;0;0;0;5;0;1;0;1;1;4;0;0;0;0;0;2;0;0;0;1;4;0;3;0;0;1;0;1;0;0;0;0;0;1;0;3;1;0;0;0;2;3;1;0;1;3;0;1;0;3;0;0;1;2;0;1;2;1;0;2;0;0;0;3;0;0;0;0;0;0;3;9;1;0;0;1;1;0;0;0;0;5;0;1;0;0;0;0;0;2;0;0;4;0;0;0;1;0;0;0;0;0;4;0;2;4;0;0;8;0;0;0;1;1;2;0;0;0;0;4;0;0;0;6;11;3;5;0;3;0;0;0;1;15;6;0;0;5;19;0;0;33;18;124;0;0;33;10;0;33;0;7;0;68;0;7;0;3;1;4;0;0;0;0;2;1;8;0;2;0;1;2;7;0;0;0;0
15090000;0;0;0;0;2;0;0;0;4;3;0;1;0;0;1;0;0;0;10;8;11;0;0;0;0;0;0;0;2;0;5;0;1;0;3;1;9;0;1;0;0;0;1;0;0;1;0;0;0;3;0;1;2;0;0;2;0;0;2;0;1;3;0;0;0;0;0;2;0;0;0;3;0;2;3;0;0;2;0;5;0;0;0;0;0;0;0;0;0;0;0;3;0;0;5;1;0;0;2;0;0;0;0;3;0;9;1;0;0;0;0;0;0;0;0;2;3;1;2;2;0;0;1;0;1;0;0;1;1;0;0;4;0;1;0;0;2;3;0;0;2;1;2;0;0;0;0;0;2;0;0;0;0;0;0;0;0;0;2;0;1;0;0;2;0;0;0;2;0;0;0;0;0;2;0;0;1;0;0;0;1;4;0;0;0;5;0;0;3;0;2;0;5;0;0;3;0;0;0;0;0;2;3;0;0;0;0;7;0;0;2;0;0;0;1;1;1;0;0;0;7;0;3;7;0;0;0;0;0;0;0;0;2;2;0;0;0;0;3;0;0;0;0;0;0;0;0;0;0;0;0;1;0;0;0;0;0;0;0;0;0;0;0;0;2;0;0;0;0;0;1;1;2;0;0;2;0;0;0;1;0;0;0;0;0;11;1;0;1;0;0;1;0;0;0;0;1;0;0;1;0;1;0;0;1;0;0;0;2;0;0;0;0;0;0;0;0;2;0;1;0;0;0;0;0;0;0;0;0;0;0;3;0;0;0;0;0;0;0;37;2;0;0;6;0;5;5;0;10;14;0;10;0;2;2;0;0;4;0;2;0;5;0;1;37;41;12;0;35;36;48;0;4;1;41;0;0;12;13;0;5;2;1;0;0;0;0;2;0;0;0;0;1;0;3;1;0;4;0;1
15091000;1;0;2;1;0;0;0;0;0;0;7;0;0;1;0;10;0;1;0;0;8;0;5;2;0;0;7;0;2;2;0;3;0;2;0;1;0;0;0;1;3;0;1;0;0;0;0;7;2;0;0;0;2;0;0;1;4;3;2;0;0;6;1;1;0;0;0;5;1;1;1;0;0;4;1;0;1;0;2;0;0;0;2;5;0;0;0;3;6;0;2;0;1;3;1;0;6;0;0;4;1;3;1;0;2;5;2;0;0;0;0;1;0;0;0;1;0;0;0;2;0;0;0;2;0;1;0;0;0;0;0;1;0;2;0;0;0;0;1;0;0;0;0;0;1;0;0;0;0;0;5;0;0;0;0;0;0;0;0;0;0;0;3;0;0;0;2;0;0;2;0;0;0;0;0;0;0;2;1;0;2;1;8;2;3;0;2;0;0;0;0;0;0;0;0;1;0;5;0;0;1;0;0;0;0;0;1;1;3;0;0;0;0;0;1;0;0;0;0;0;3;0;0;0;0;0;0;0;0;0;0;0;0;0;0;0;0;3;0;0;0;0;0;0;0;0;0;3;0;0;1;2;0;0;2;0;1;0;0;0;0;1;0;0;0;3;1;0;1;0;0;1;2;0;1;1;0;0;1;0;0;2;0;0;0;1;1;1;0;1;0;0;0;1;0;0;0;0;0;0;0;0;0;1;0;0;0;0;0;0;2;0;0;0;0;0;0;0;0;0;0;0;0;0;0;3;5;0;0;0;0;15;0;0;0;0;1;2;0;0;0;0;0;0;0;0;6;12;3;0;6;13;0;5;0;0;6;0;4;0;0;42;0;0;61;39;21;0;0;9;0;0;3;0;0;14;0;0;14;2;0;0;0;0;1;2;0;0;3;0;1;0;1;2;1;4;2;0;0;4
16051000;2;3;4;1;5;3;0;12;4;0;7;4;10;0;0;53;8;0;1;2;4;2;7;0;0;4;20;3;2;1;0;3;2;0;3;0;2;0;0;1;0;0;0;0;1;1;0;0;0;6;0;0;3;3;1;0;1;0;2;0;4;5;0;26;14;18;8;0;0;1;3;4;0;2;6;8;2;0;15;22;3;5;0;3;6;5;0;7;12;2;19;0;3;5;13;0;0;0;7;0;0;0;0;0;10;0;0;0;4;0;0;0;0;0;0;1;7;23;1;0;0;0;2;6;12;7;5;0;0;0;0;9;0;0;0;10;4;0;0;8;0;0;0;5;0;0;0;2;6;2;0;0;0;2;0;1;0;0;0;0;0;0;15;0;0;0;7;2;0;1;0;0;0;0;1;2;1;2;25;0;0;0;0;1;0;0;1;1;0;0;0;0;11;0;1;4;0;0;0;0;1;3;1;6;1;0;0;0;0;0;4;3;7;6;6;0;7;0;0;0;1;1;12;23;6;1;0;0;1;0;0;0;6;2;0;0;1;0;0;6;7;7;2;0;0;0;3;1;0;0;0;4;4;0;7;3;0;0;7;0;3;0;1;2;0;7;0;12;0;0;0;0;0;2;0;0;1;0;1;0;2;0;0;14;0;0;10;6;0;0;0;0;0;4;5;0;0;0;2;0;4;1;5;7;15;0;0;1;5;2;0;0;0;0;4;0;0;1;3;4;0;0;0;0;67;3;8;0;3;1;4;0;0;1;3;0;0;0;9;0;0;4;0;0;5;0;6;0;0;7;0;1;0;0;0;0;31;0;0;9;6;169;0;0;0;11;0;0;1;0;9;0;0;24;7;0;0;0;0;0;0;0;37;0;0;0;0;0;0;49;98;0;44;24;0;0;0;0;0;0
16052000;0;4;2;1;0;5;0;0;0;1;0;0;0;0;3;19;0;0;0;0;0;0;0;0;0;0;11;0;0;3;6;0;2;0;4;0;0;1;0;0;3;4;0;0;2;0;0;0;2;4;0;0;3;0;1;0;0;0;0;0;0;12;9;4;0;0;1;3;3;0;0;1;9;2;82;0;0;0;1;10;0;5;0;1;0;0;0;0;4;5;7;0;1;1;8;0;6;6;0;0;0;17;1;1;0;9;0;0;5;9;0;3;0;2;0;3;0;5;7;7;1;7;3;0;3;2;0;0;0;1;2;3;0;3;1;6;0;0;0;1;2;2;0;2;1;0;0;1;0;2;0;0;2;0;0;0;0;0;0;1;0;3;4;0;0;0;6;0;2;4;0;0;0;0;2;1;0;0;0;3;6;0;0;0;1;0;0;0;0;0;0;1;0;6;0;2;0;4;5;0;0;1;3;0;3;1;0;0;1;0;0;0;0;0;1;0;5;3;0;1;1;2;3;0;0;0;1;0;0;0;0;3;0;0;1;0;0;0;0;0;0;2;0;2;0;0;0;1;0;2;1;1;0;0;0;0;2;0;3;0;2;1;0;0;1;0;1;0;0;1;3;0;4;0;0;0;0;0;0;1;0;1;0;1;0;2;0;2;0;1;1;1;0;1;2;4;3;0;2;1;1;4;2;0;2;0;0;0;1;5;0;0;0;0;1;5;2;0;1;0;1;1;0;0;0;0;0;4;2;0;0;0;1;0;1;2;0;0;0;0;0;0;0;6;0;0;4;2;0;9;0;0;0;0;1;36;15;0;0;0;1;82;3;0;0;0;0;1;2;0;0;3;0;0;4;3;0;0;61;0;17;0;17;0;25;0;0;0;0;29;0;0;0;11;0;0;0;0;26;0
16053000;5;7;0;1;0;7;2;1;16;0;0;0;4;7;1;52;0;2;0;0;0;1;0;7;3;0;17;0;0;7;0;0;0;0;0;4;0;0;1;3;1;0;0;0;0;0;0;2;3;1;0;1;0;1;1;0;0;0;0;3;1;3;1;6;4;10;3;0;4;0;0;1;1;1;5;7;6;0;25;23;0;13;5;5;0;0;4;0;6;0;0;0;2;0;2;1;0;1;2;0;1;1;1;0;7;0;5;3;1;0;2;0;0;0;1;1;7;39;0;7;2;4;0;3;3;1;0;7;4;5;0;0;1;0;1;6;0;0;0;0;0;2;0;7;1;0;1;0;3;0;0;0;0;0;0;0;0;1;2;5;0;4;2;0;1;0;3;0;0;0;0;0;0;0;0;0;3;0;16;0;0;0;0;1;1;0;2;0;0;1;7;0;13;0;0;1;5;1;6;3;0;0;0;10;11;1;4;0;0;1;0;0;0;0;0;3;6;7;3;0;0;0;5;40;1;0;0;0;0;0;0;1;0;3;0;1;0;0;5;1;2;8;0;0;1;1;0;0;4;1;0;0;0;1;0;0;1;0;0;0;2;0;0;0;0;2;1;11;4;10;4;0;7;0;0;0;0;7;0;0;0;0;0;18;0;0;0;2;3;0;0;5;2;1;7;0;1;5;0;0;1;1;0;3;5;3;1;1;0;3;1;0;0;1;0;0;4;1;7;1;1;0;6;0;84;3;0;0;5;0;1;0;0;0;6;0;0;6;0;0;0;1;1;0;7;0;1;0;0;0;0;0;0;0;0;0;32;0;0;5;0;215;7;0;1;6;4;0;8;1;0;0;0;8;5;0;0;3;41;0;0;0;0;0;0;0;0;1;0;0;11;0;0;69;0;8;51;0;14;0
16054000;0;0;2;3;0;0;0;1;0;0;0;0;1;0;0;0;1;0;1;0;0;0;2;0;0;0;1;0;0;1;0;0;3;2;0;0;0;0;0;0;2;0;0;1;0;0;0;0;3;0;0;0;0;1;0;1;0;0;1;0;0;4;0;2;3;5;0;0;0;0;0;0;2;0;3;0;0;0;3;0;1;1;0;3;0;0;0;1;0;0;2;0;2;0;0;0;0;1;2;1;0;0;1;0;0;0;0;1;0;3;0;0;0;1;0;0;0;1;2;2;0;1;0;1;0;0;0;0;0;0;2;0;0;0;2;4;0;3;1;6;0;0;1;0;0;0;0;0;0;3;0;0;0;0;0;0;0;0;1;3;1;0;0;0;0;0;1;0;0;1;0;1;0;1;0;0;1;0;2;0;2;0;1;1;0;1;0;1;2;0;1;0;2;2;0;0;2;0;0;0;1;0;0;0;0;0;0;0;1;0;0;0;0;0;0;0;3;0;0;0;0;0;0;1;0;0;0;0;0;0;1;0;0;0;0;0;0;3;0;0;0;0;0;4;0;0;0;0;0;0;0;0;0;0;0;0;0;0;1;0;0;0;0;0;0;0;0;0;1;8;0;0;0;0;0;0;4;0;4;1;0;2;0;3;1;0;0;3;0;0;0;0;0;0;1;0;0;1;0;4;0;0;5;2;0;0;0;0;0;0;0;0;0;2;0;0;0;1;0;0;0;0;0;0;0;0;1;0;1;0;0;0;1;0;1;2;0;0;2;0;1;1;0;0;0;9;0;3;1;2;0;4;6;6;0;2;3;0;0;0;0;12;0;0;1;0;1;0;0;0;2;3;0;0;1;0;0;0;325;856;260;0;100;203;252;377;298;133;274;210;147;163;292;184;130;254;595;210;125;254
16055000;1;8;3;0;0;0;0;0;1;0;4;0;0;0;0;10;0;2;0;0;0;1;0;0;0;3;13;6;0;3;1;0;0;2;1;0;0;5;0;0;0;3;1;0;0;0;0;1;0;0;0;1;0;0;0;0;2;0;0;2;0;0;1;0;5;8;2;1;3;0;0;0;0;1;0;1;0;0;3;7;3;0;1;0;0;1;3;0;0;0;0;0;0;0;0;3;0;1;0;1;0;0;0;0;4;7;12;0;0;0;3;0;0;1;1;0;6;9;0;8;0;0;2;0;0;0;1;0;0;0;0;2;0;5;2;9;0;1;0;0;0;1;0;0;0;3;0;0;3;0;0;0;1;3;0;0;1;0;1;0;4;0;0;0;0;1;0;0;2;0;0;1;0;0;0;1;0;0;12;0;7;0;0;0;0;0;0;0;2;0;0;0;2;0;0;5;10;0;7;0;1;0;1;7;2;1;0;0;2;0;4;3;4;0;4;0;0;0;0;0;0;0;0;13;0;0;0;0;0;0;1;0;0;0;2;0;0;0;0;1;0;0;0;1;1;0;0;0;2;0;1;0;0;0;0;2;4;0;0;0;0;1;1;0;0;4;0;3;4;1;0;0;3;2;0;3;0;2;0;0;1;3;0;3;0;0;0;0;0;0;0;0;1;0;0;0;0;0;0;0;0;0;0;0;0;1;10;0;0;0;0;0;2;0;0;0;0;6;1;0;0;1;0;0;0;3;0;0;2;3;0;0;2;2;3;0;0;0;0;0;0;0;0;7;0;0;8;0;0;4;0;0;0;0;0;0;21;0;2;0;0;44;0;0;0;0;0;1;1;0;0;0;0;0;0;0;0;0;0;0;21;0;0;0;0;0;0;0;0;0;0;0;0;0;0;0;0;4;0;0
16061000;3;1;1;3;0;0;0;6;1;1;0;0;1;0;0;3;0;0;0;0;0;0;0;0;2;46;0;0;0;4;0;0;1;0;2;0;0;3;0;0;0;0;0;0;0;0;0;0;0;0;0;4;0;1;0;2;1;0;0;3;0;4;0;2;0;0;0;0;2;0;0;0;2;0;0;0;0;3;1;0;0;0;1;3;0;0;0;1;7;0;1;2;0;1;0;0;0;2;3;0;0;5;0;0;9;3;2;0;0;0;0;0;0;0;8;3;0;4;1;0;0;0;0;2;0;0;0;0;0;0;5;2;0;1;0;1;2;0;0;0;0;43;0;2;0;0;0;0;1;0;0;0;0;1;0;1;0;0;0;0;0;0;2;0;0;0;0;0;0;0;0;0;0;0;0;0;0;1;0;0;0;0;0;1;0;0;0;0;0;1;2;0;0;0;0;2;0;0;0;0;0;0;0;0;0;0;2;0;0;1;0;4;0;1;0;0;1;2;0;0;0;0;1;8;1;0;1;0;0;1;0;0;0;0;0;0;0;0;0;0;1;0;0;2;0;0;0;0;1;0;0;1;0;0;0;0;0;0;0;0;0;0;0;0;0;0;1;0;3;2;0;0;0;0;0;0;0;0;0;1;0;3;0;1;0;0;0;0;0;0;0;0;1;0;0;0;0;0;0;0;0;4;0;0;0;1;2;0;0;0;0;1;0;0;0;1;0;0;0;0;1;0;0;0;5;0;0;1;5;0;2;1;0;1;1;0;0;0;1;0;0;3;0;0;1;0;3;0;1;3;0;3;0;0;1;1;9;0;0;0;5;29;0;0;0;9;8;3;1;2;0;0;0;0;0;5;1;2;2;16;7;0;14;0;21;0;20;8;0;0;0;3;23;0;0;0;2;1;1;9
16062000;0;2;0;0;2;2;0;2;5;0;0;1;3;2;0;20;3;3;0;0;5;1;0;5;0;0;8;0;0;7;0;0;4;0;0;0;0;0;0;0;1;1;0;0;0;0;5;3;0;0;1;0;0;0;8;0;0;0;1;0;0;8;1;9;6;0;6;2;0;3;1;0;2;0;3;0;0;4;6;5;0;10;0;4;1;0;1;0;1;0;0;3;2;3;6;1;5;4;3;5;0;2;0;2;5;12;0;0;0;1;1;2;0;1;4;0;5;7;3;7;0;0;4;1;9;0;0;4;2;3;0;0;1;0;0;11;0;0;8;0;0;0;4;1;3;0;0;1;1;0;0;0;0;2;1;6;0;1;0;1;0;7;2;1;0;0;0;0;0;1;0;0;0;0;0;0;1;0;1;3;2;0;0;2;4;0;0;0;0;1;1;0;3;0;4;1;2;0;3;2;0;1;0;0;0;0;2;0;1;1;1;4;4;1;0;2;1;0;0;0;2;1;1;4;0;0;1;0;0;1;1;0;0;0;0;1;0;0;0;0;0;0;0;0;1;0;0;0;0;0;0;0;5;0;0;0;0;1;2;0;1;0;2;0;0;1;1;6;1;0;0;0;0;1;1;0;0;0;0;0;0;2;0;6;0;0;0;1;0;0;0;0;1;0;0;0;0;1;0;2;1;0;1;2;6;0;0;0;0;1;2;0;4;0;2;1;2;1;0;0;0;0;0;0;0;0;1;1;0;0;0;0;0;0;0;0;0;0;0;0;0;0;1;2;0;1;0;6;0;0;1;4;7;4;0;0;8;2;0;6;0;48;4;0;0;37;8;1;3;2;2;29;3;0;0;9;4;0;23;0;30;0;24;0;0;6;15;0;5;14;12;3;8;0;0;4;0;2;13;1
16063000;1;0;0;0;0;0;0;4;5;0;1;0;1;0;0;20;2;0;0;3;0;2;4;0;0;0;6;0;1;0;2;0;4;0;0;4;0;0;0;0;0;7;0;0;0;1;2;5;1;0;1;0;4;7;0;1;2;0;3;0;6;1;1;0;0;19;0;0;1;7;1;7;0;2;10;0;1;0;0;0;0;3;2;1;1;2;1;1;0;0;8;3;0;4;0;0;0;3;6;2;0;0;8;6;0;0;10;8;0;0;1;5;1;2;7;1;3;15;0;2;0;1;0;3;3;0;2;0;0;0;0;0;3;11;0;18;5;25;2;4;0;49;0;0;0;0;0;3;0;0;0;0;1;0;1;1;1;1;0;1;0;0;6;0;0;0;6;3;0;0;0;3;0;4;0;0;1;1;6;0;0;1;1;4;0;6;0;0;0;0;0;1;0;0;0;0;4;0;0;0;0;0;0;3;4;0;0;0;2;0;10;0;1;5;0;0;0;4;1;2;1;1;0;12;1;0;0;0;0;0;0;0;0;4;0;1;0;0;12;1;0;2;2;0;0;0;0;1;1;1;0;0;0;1;0;0;0;2;6;1;1;0;0;0;0;0;0;2;0;0;0;0;0;0;0;2;3;2;0;0;2;4;0;9;1;0;2;0;3;0;1;1;1;1;0;0;1;8;0;0;0;0;1;0;3;0;0;0;0;0;0;1;3;4;0;0;7;0;4;0;0;0;0;2;8;5;3;0;0;7;0;0;0;3;7;1;0;0;3;0;1;0;3;6;2;4;9;0;2;3;1;3;0;0;3;0;21;0;1;5;0;45;0;0;0;4;5;0;6;0;15;1;1;7;0;4;5;0;37;13;21;0;15;24;0;0;0;0;0;0;0;0;15;0;5;0;0;0;0;0
16064000;0;1;2;2;5;1;3;1;1;0;1;5;0;0;0;0;1;0;0;2;0;0;3;6;2;9;6;8;1;3;0;0;0;0;6;0;0;1;0;0;0;0;0;0;1;0;1;2;4;2;4;0;1;0;4;0;0;0;0;0;0;7;0;7;1;9;1;5;1;2;0;0;0;1;4;4;0;1;4;7;1;2;0;0;1;2;0;1;0;0;0;0;0;0;2;1;1;0;0;0;1;0;0;0;0;0;1;0;0;1;2;0;3;0;0;0;4;0;3;1;0;0;0;0;1;1;1;6;9;0;4;2;0;0;0;0;0;0;1;0;0;1;0;1;2;0;0;0;2;3;0;0;3;0;4;0;1;0;0;0;5;0;11;0;0;0;0;0;0;0;2;0;2;0;0;0;3;0;4;0;0;1;2;0;0;0;0;0;0;0;2;2;1;4;0;1;0;1;0;1;1;4;1;1;0;0;6;0;0;0;1;5;1;0;3;0;0;0;2;0;0;0;2;4;0;4;0;0;2;0;1;1;0;0;0;1;1;0;2;0;0;0;0;0;2;1;0;0;2;0;1;0;0;1;0;0;0;1;0;0;2;0;0;7;0;0;0;0;3;0;0;0;0;0;0;0;0;1;1;0;0;1;0;7;0;8;0;0;0;0;0;0;0;2;1;0;0;0;0;0;0;0;0;0;0;0;0;0;0;0;0;0;3;0;0;1;0;1;7;0;0;2;0;0;2;0;0;0;0;0;1;0;0;0;0;0;4;1;1;6;0;0;0;6;1;0;4;0;0;0;6;4;0;10;2;5;0;0;0;0;1;17;11;0;0;14;3;0;0;2;6;0;0;0;3;6;0;2;44;2;7;0;7;0;0;8;0;0;0;0;0;0;7;4;0;0;0;1;0;0
16065000;0;2;3;0;1;0;2;0;0;0;0;0;0;0;0;4;0;4;0;1;6;1;0;6;1;5;9;1;2;3;2;0;0;0;4;2;0;0;0;1;0;1;0;0;0;5;0;0;0;0;1;0;0;0;0;0;0;1;0;0;0;2;0;2;4;2;0;4;0;0;0;0;1;0;0;0;2;9;2;6;0;2;0;0;0;0;0;0;4;1;5;0;0;0;1;0;0;0;1;0;0;0;0;0;8;0;1;1;0;0;1;0;0;0;1;2;2;0;0;0;4;0;2;8;0;0;0;1;0;4;0;0;0;3;1;3;3;0;0;5;0;0;1;0;0;0;0;0;0;0;0;0;3;1;0;1;0;3;0;0;0;1;1;0;0;0;1;0;0;0;0;0;2;0;0;0;0;0;4;0;0;0;0;0;0;0;0;0;1;0;3;2;2;1;0;0;0;0;0;0;0;0;1;0;2;0;0;2;1;0;0;0;1;0;0;0;0;0;0;0;0;0;0;1;0;0;0;0;0;0;0;0;0;0;0;0;0;0;0;0;0;0;0;0;0;0;1;0;0;0;0;0;0;0;4;2;0;0;0;0;0;2;1;0;0;2;0;1;0;0;0;0;0;2;1;1;0;0;1;0;0;0;0;0;0;5;0;0;0;0;0;0;0;0;0;0;0;0;0;2;0;0;0;1;3;2;0;0;0;2;0;1;0;0;0;0;0;0;0;0;1;0;0;0;0;0;2;0;5;0;0;0;2;4;2;2;0;1;0;0;1;0;0;1;0;1;0;0;0;5;0;0;2;0;0;0;6;2;0;2;3;24;5;6;2;0;1;0;3;0;0;0;5;9;4;0;0;0;28;18;0;0;11;0;27;22;2;0;5;1;0;0;8;0;0;0;0;0;8;4
16066000;1;0;9;0;2;2;1;3;3;0;1;3;0;0;3;18;2;2;2;1;4;4;2;1;3;0;14;1;0;0;0;0;1;0;1;2;0;0;0;0;2;0;0;0;1;0;1;2;0;1;1;0;5;0;0;0;3;1;0;0;0;0;0;3;4;12;6;0;1;0;0;0;5;0;3;0;0;1;4;9;5;1;1;4;0;0;0;0;0;0;4;0;0;1;0;2;4;3;4;0;1;0;0;0;0;8;0;9;0;2;4;2;0;4;0;0;6;3;8;1;2;0;1;0;0;0;0;0;0;3;3;5;0;1;0;4;0;0;0;0;1;0;0;0;0;1;2;1;1;3;0;0;1;1;0;1;0;0;1;0;0;7;0;0;0;0;3;0;0;0;0;0;0;0;0;0;0;0;5;4;3;0;0;1;4;0;1;0;0;0;0;0;3;0;0;2;0;0;0;1;0;3;6;1;0;3;0;0;3;0;0;5;4;3;2;0;5;0;0;2;1;1;0;4;0;2;1;0;3;2;0;0;0;5;0;0;0;0;0;1;0;2;0;3;0;0;2;0;1;0;1;0;2;0;0;2;0;0;2;0;0;1;0;0;2;0;0;0;2;9;3;4;0;3;0;1;0;4;0;0;1;2;1;0;0;0;0;3;0;0;2;2;1;4;2;0;0;0;0;1;0;1;0;0;4;0;0;0;3;0;0;0;1;1;0;1;0;4;2;1;0;0;0;0;9;0;0;3;0;0;1;1;0;0;2;1;0;0;1;0;4;2;4;0;3;1;2;11;0;0;0;0;0;4;2;0;14;0;0;4;4;22;0;3;0;0;10;3;2;11;0;0;3;5;3;0;0;0;93;9;23;0;22;11;0;6;3;0;0;26;0;0;27;0;0;0;0;1;4;0
16067000;0;2;0;0;1;2;0;3;1;0;2;0;1;1;0;9;2;3;1;0;0;1;0;0;1;1;8;0;0;2;0;2;2;0;0;0;3;0;0;0;2;0;2;0;1;0;4;0;0;0;0;0;3;0;1;0;0;0;0;0;2;6;0;2;4;0;1;3;2;0;0;0;1;0;0;0;0;1;0;0;1;2;0;0;0;0;0;0;4;0;1;1;0;0;1;1;0;5;1;0;0;0;0;6;0;2;1;2;0;0;0;0;0;7;2;1;2;14;0;3;1;0;4;0;5;2;0;0;0;3;10;1;0;1;0;0;0;0;2;2;0;0;2;1;0;1;0;1;2;0;2;1;1;1;0;0;0;0;0;0;0;1;0;1;0;0;1;0;0;0;0;2;0;0;0;1;3;1;1;3;0;0;0;0;3;9;1;3;0;1;0;0;5;4;1;5;0;0;4;0;4;3;0;2;0;0;4;0;1;0;3;0;2;0;0;0;0;4;2;2;0;0;4;0;0;0;0;0;2;1;2;0;0;1;2;0;0;0;0;0;1;2;0;0;0;1;0;0;1;0;1;0;3;3;0;0;0;0;0;0;0;0;0;0;1;3;0;4;0;0;0;1;2;1;0;1;7;1;0;0;0;0;1;1;0;0;4;1;0;0;0;1;0;3;6;1;0;0;2;0;0;0;2;0;9;0;0;0;1;0;0;0;1;1;2;0;0;0;0;0;0;2;0;0;7;0;0;1;3;0;4;0;0;0;2;4;2;0;0;1;3;7;1;2;0;3;5;2;4;0;7;0;2;2;6;5;21;1;0;0;1;39;3;0;0;5;5;0;6;0;0;2;0;0;9;0;1;6;0;0;40;0;9;2;0;31;25;0;0;0;0;0;28;0;0;0;0;0;6;5
16068000;1;4;1;0;2;0;0;0;0;0;0;0;1;1;2;5;0;0;0;1;0;0;0;0;0;0;1;4;0;0;0;0;1;0;0;1;0;0;0;0;0;2;0;1;0;0;0;1;0;0;0;1;1;0;0;0;2;0;0;1;0;0;0;3;1;0;0;0;0;0;0;0;2;0;5;1;3;1;1;0;1;4;0;0;0;0;1;0;2;0;1;1;1;0;1;0;1;0;0;1;0;1;1;1;2;0;5;1;0;2;2;2;0;0;0;0;1;6;0;0;1;0;1;0;0;0;0;1;1;0;0;0;0;0;0;0;0;7;0;0;1;0;0;0;1;6;2;0;1;0;0;1;0;0;0;1;0;0;0;0;0;2;0;0;0;0;4;0;1;0;0;1;0;0;0;0;1;0;2;0;5;0;0;0;2;0;0;5;0;0;0;0;1;0;0;0;1;0;3;0;0;1;0;0;1;0;0;0;0;0;1;1;0;3;2;0;0;0;0;0;1;0;1;6;0;1;0;2;0;0;0;1;0;3;0;0;0;0;0;0;0;0;0;0;0;0;0;0;0;0;0;1;0;0;0;0;0;0;4;0;0;0;3;0;3;0;0;0;0;0;0;0;4;0;1;3;0;2;0;0;1;0;0;1;0;0;2;0;0;4;0;0;2;0;0;0;0;0;0;0;0;0;0;1;1;0;0;0;0;0;0;0;0;0;0;3;0;4;0;0;0;0;0;1;0;1;0;2;0;2;1;0;7;0;1;0;0;0;0;0;0;0;0;0;0;0;0;6;0;0;0;0;0;5;0;0;0;0;2;0;2;13;1;1;4;12;0;0;2;2;1;0;0;4;2;0;0;0;0;8;0;0;17;2;0;1;16;4;1;21;0;0;31;0;0;5;0;4;0;6
16069000;2;1;0;1;0;0;0;0;2;0;0;0;0;2;1;0;0;0;0;1;0;1;0;0;1;0;0;0;11;0;0;0;0;1;0;0;0;0;0;1;0;0;0;0;7;0;0;0;0;0;2;0;4;0;0;0;0;1;0;0;0;4;0;0;0;1;0;0;0;4;0;0;0;0;1;0;0;0;1;2;0;0;0;0;0;0;0;0;0;0;1;0;4;0;0;0;0;0;0;1;0;0;1;1;1;1;0;0;0;0;0;0;0;0;1;4;0;3;1;3;2;0;0;0;0;2;0;2;2;0;7;0;0;0;0;1;0;0;0;0;0;0;0;0;0;0;0;0;0;1;0;0;1;1;1;0;0;0;0;0;0;2;0;0;0;0;0;0;0;0;0;0;0;0;0;0;0;0;2;0;0;0;0;5;2;0;0;1;4;5;2;0;0;1;0;0;5;0;2;1;2;0;1;1;2;0;0;0;0;0;0;1;2;0;0;4;0;0;0;0;3;0;1;0;0;1;0;2;0;1;2;1;0;1;1;0;0;0;0;1;0;0;0;0;2;1;3;0;1;0;0;1;0;0;2;1;0;0;3;0;0;0;0;0;1;1;0;2;2;12;1;1;2;30;0;0;0;0;5;0;0;3;5;0;0;0;0;0;0;0;0;0;2;3;9;0;2;22;3;0;0;5;2;2;1;0;0;0;0;0;0;0;0;0;0;1;1;1;0;0;0;1;2;0;11;0;0;2;5;1;0;0;3;1;0;1;0;0;0;1;0;1;0;0;1;3;2;0;0;0;2;1;3;3;0;2;0;0;0;4;5;11;0;0;4;7;0;0;0;0;4;0;1;1;0;0;0;1;30;1;3;0;4;0;0;18;1;9;5;12;2;0;4;6;0;8;0;0;0;0
16070000;1;3;1;4;2;6;1;3;3;0;0;0;4;0;5;19;2;11;0;1;0;2;0;0;10;0;13;1;0;2;0;0;0;1;2;7;1;3;0;2;0;3;0;0;0;0;2;0;6;0;1;0;0;0;0;1;0;1;0;0;0;2;1;18;5;9;1;0;0;2;1;0;1;3;5;0;0;0;6;6;0;10;3;3;2;0;0;2;0;0;0;2;0;0;2;0;8;3;4;3;0;0;4;0;8;9;0;2;4;9;2;0;1;0;4;2;8;4;4;9;0;1;5;0;0;0;0;8;0;0;2;0;0;0;0;2;0;0;1;0;6;0;3;0;0;0;0;1;0;0;1;2;0;4;0;0;0;0;0;0;2;0;1;0;0;0;0;0;0;1;2;0;0;1;1;0;2;0;4;3;2;0;6;1;4;1;2;0;0;0;4;2;6;0;1;1;0;1;4;5;0;0;0;0;0;1;0;1;7;0;3;4;0;1;5;4;11;0;1;4;0;1;5;26;0;0;0;1;0;2;1;0;0;5;1;0;0;2;5;0;3;6;0;2;1;0;0;0;3;0;0;4;0;0;0;0;0;0;9;1;9;1;0;0;10;0;0;9;3;3;3;0;1;3;0;0;3;1;8;1;0;2;3;9;0;4;11;2;4;0;0;0;2;0;5;1;3;0;1;0;1;1;0;2;4;1;1;0;0;0;0;0;1;2;0;1;2;0;0;0;1;1;0;0;8;0;4;1;3;0;2;1;0;0;5;0;5;0;0;0;0;0;0;2;0;5;1;4;2;3;3;0;0;0;0;0;26;2;0;0;0;42;7;4;0;15;0;0;6;7;0;0;0;0;2;4;0;0;0;12;32;0;21;0;0;0;0;0;0;0;0;0;0;0;4;0;0;0;0;13
16071000;3;2;5;0;0;0;0;0;1;0;0;1;1;0;0;24;2;1;0;0;0;0;0;0;0;0;0;1;0;0;1;0;0;0;0;0;0;0;1;6;0;0;0;2;0;1;1;1;0;0;1;1;0;1;0;0;0;1;0;1;3;2;0;1;2;9;0;3;0;1;0;0;2;0;6;1;1;2;5;12;0;3;0;0;0;0;0;0;1;0;7;4;0;0;0;1;0;10;4;0;0;1;1;1;0;7;0;0;0;4;1;0;0;2;0;2;0;0;0;0;0;2;0;0;0;0;0;0;0;1;2;0;0;5;0;2;3;0;0;1;2;0;0;1;0;0;0;0;0;0;0;0;0;0;1;0;2;0;0;0;0;3;0;0;0;0;0;1;0;0;4;0;0;0;0;0;0;0;0;3;0;0;0;0;0;1;0;0;0;0;0;1;0;0;0;1;4;2;3;0;0;0;0;0;0;1;0;0;0;1;1;0;4;0;1;2;0;0;0;0;0;2;1;3;2;0;0;0;0;0;0;0;0;0;0;0;4;0;0;2;0;0;0;1;0;0;0;0;2;1;3;0;0;5;0;3;4;1;0;0;0;0;2;0;0;0;0;0;2;1;1;0;1;2;0;1;1;1;0;0;0;0;0;3;0;0;0;0;1;0;0;0;1;0;1;0;0;3;3;0;1;0;0;0;1;0;0;0;1;0;0;0;1;0;0;0;0;0;2;0;0;0;2;0;0;1;0;0;0;0;0;1;1;1;0;0;0;0;2;0;0;2;0;0;2;0;6;2;0;4;3;2;0;8;3;0;6;0;3;0;0;30;2;0;0;0;2;0;1;1;26;3;0;0;5;0;2;0;0;0;0;0;139;0;0;2;0;10;0;6;9;0;20;0;4;11;0;1;0;1
16072000;0;0;1;0;0;0;0;0;0;0;0;0;7;0;2;2;0;3;0;0;0;0;0;0;0;3;3;2;0;0;0;1;1;1;0;1;0;0;0;0;0;1;0;0;0;0;3;0;0;0;0;0;1;2;0;0;3;0;0;0;1;0;1;6;1;0;3;0;0;0;1;2;0;0;4;10;0;0;0;0;0;0;0;5;0;2;1;1;0;0;7;5;0;1;0;2;3;1;0;0;3;0;0;0;0;4;4;1;1;0;0;0;0;0;4;0;0;0;0;0;2;4;3;2;0;2;0;0;2;1;0;0;0;1;0;1;0;0;0;0;0;1;0;0;1;6;0;0;1;1;0;0;0;0;0;0;0;1;0;0;0;0;0;0;1;0;3;0;0;0;0;0;0;0;0;0;0;0;0;1;1;0;0;0;0;0;0;0;0;0;0;0;0;0;1;0;0;1;3;0;0;1;0;1;1;0;0;0;1;0;1;0;0;0;1;0;1;8;2;0;0;0;0;2;0;0;4;0;0;0;1;1;1;0;0;0;0;0;0;0;0;4;1;0;0;3;0;0;3;0;0;0;1;0;0;2;0;0;3;1;1;0;0;0;0;2;1;5;0;30;0;0;0;73;2;1;0;8;0;0;0;10;5;8;0;1;4;0;3;2;5;0;0;2;4;2;0;0;1;0;1;0;4;5;0;0;0;0;0;0;0;0;0;0;0;0;0;4;0;0;0;3;0;0;0;0;0;1;0;1;3;0;0;1;1;0;0;0;0;0;0;0;0;3;2;0;0;4;3;0;0;1;0;1;9;1;7;0;2;0;0;7;1;0;0;10;1;0;0;0;1;3;1;4;0;0;0;0;21;9;12;0;6;1;2;0;2;0;8;4;2;0;0;0;0;18;0;0;0;1
16073000;0;2;0;0;1;0;0;0;0;4;1;0;0;0;0;0;0;1;1;0;0;0;1;0;1;0;5;0;0;4;0;0;3;4;0;0;0;0;0;2;0;0;0;0;0;0;1;0;3;0;0;0;0;0;0;2;0;2;0;3;0;1;0;0;4;0;0;1;1;3;1;0;0;0;0;0;0;1;3;3;0;1;1;1;1;2;1;2;2;0;1;3;1;0;0;3;2;1;1;0;0;7;0;0;0;7;0;0;1;0;0;0;0;1;1;0;2;4;1;2;0;0;3;2;5;0;0;0;0;1;0;0;0;2;0;1;5;0;2;0;4;1;0;0;0;1;2;0;3;1;0;0;0;0;0;0;0;0;0;0;0;0;0;0;0;0;0;0;1;3;0;0;0;0;0;0;2;2;1;0;0;0;3;5;1;0;0;0;0;0;3;0;0;0;0;0;6;1;0;1;0;0;0;0;1;1;0;2;0;0;0;7;2;0;0;0;0;0;0;3;0;0;7;8;0;0;1;0;0;0;1;3;0;0;0;0;0;0;2;0;0;0;0;0;0;1;0;0;0;0;1;0;0;0;0;2;0;0;0;0;0;0;0;0;1;0;0;0;0;2;0;0;3;0;0;1;0;1;0;1;0;6;0;6;0;0;1;1;3;0;0;0;0;1;0;0;0;0;0;0;0;0;1;3;0;0;0;0;0;0;0;1;2;0;0;0;2;1;3;1;0;0;0;0;0;0;1;0;0;1;0;0;0;0;0;0;1;0;2;1;0;1;0;0;1;1;1;4;1;0;11;4;3;10;0;1;4;4;8;2;0;45;0;0;0;8;0;0;3;0;0;0;0;0;0;0;0;0;61;12;0;0;21;6;0;17;6;1;3;2;0;0;44;0;0;0;0;48;0;3
16074000;1;1;0;1;0;3;2;2;0;1;4;0;6;0;1;4;0;0;0;0;0;0;0;0;0;0;0;0;2;0;0;0;0;0;0;0;0;0;0;4;1;0;0;6;0;0;0;0;0;0;0;0;1;3;0;0;0;1;0;0;0;0;0;1;0;0;2;3;0;0;0;0;3;0;1;0;0;0;0;2;4;1;1;1;0;0;0;1;8;0;0;4;4;0;3;0;0;0;0;0;0;0;0;0;3;0;0;0;0;0;2;0;0;0;0;1;0;0;0;1;4;0;0;0;1;0;0;2;0;0;0;0;0;0;0;0;1;2;7;0;0;0;0;0;0;1;0;0;0;1;3;0;6;1;0;0;0;0;0;0;0;0;0;1;0;0;0;0;1;0;0;0;0;0;0;0;0;4;0;0;0;0;3;0;2;0;0;1;0;1;0;0;0;1;0;0;0;0;0;2;0;0;0;0;0;0;0;1;0;0;1;2;0;0;1;2;0;0;0;3;0;1;0;4;0;0;2;0;0;0;2;2;2;0;0;0;0;0;0;0;0;0;0;5;2;0;0;1;1;0;1;0;1;3;0;0;0;0;0;0;0;0;0;0;0;0;0;2;3;0;0;3;1;2;3;0;0;1;0;0;1;1;0;1;0;0;0;1;0;0;0;0;1;0;1;0;0;0;0;0;0;0;0;0;1;0;1;0;0;2;0;0;0;0;0;2;1;0;0;1;0;0;0;0;0;0;0;0;0;0;3;2;0;1;0;1;0;1;2;1;0;0;1;0;0;1;0;0;1;5;0;0;1;0;8;11;5;0;0;0;1;30;0;3;0;3;0;1;0;6;30;1;0;6;0;6;3;0;69;213;0;0;37;0;20;31;55;72;11;37;21;8;55;51;39;53;0;0;152;16
16075000;0;0;0;0;0;1;1;2;3;0;0;0;0;0;0;14;0;2;0;2;1;0;1;0;0;0;2;0;0;0;0;0;0;1;1;0;1;1;1;0;0;0;0;0;0;0;0;0;0;0;0;1;1;0;0;0;1;0;0;0;0;0;0;0;1;0;2;3;0;0;0;0;2;0;0;7;1;2;8;0;0;0;1;0;0;0;0;0;0;0;1;0;0;0;0;0;0;1;0;0;0;0;1;0;0;2;0;2;0;0;2;0;1;0;0;0;0;6;0;3;0;0;0;0;0;1;0;0;0;4;0;0;0;0;0;0;0;0;5;0;1;3;0;1;0;1;1;1;0;0;0;0;0;1;0;0;0;3;0;0;0;0;2;0;0;0;0;0;0;0;0;0;0;0;0;0;0;0;0;0;0;0;0;0;0;0;0;12;0;0;1;0;0;0;0;0;3;0;0;0;0;0;0;0;0;0;1;3;0;0;1;0;4;3;0;1;1;0;0;1;2;3;1;7;0;0;0;0;0;0;0;0;0;0;0;0;0;0;2;3;0;0;0;0;2;0;0;0;0;0;0;1;0;0;0;0;1;1;0;0;0;1;0;0;1;0;0;1;2;1;0;0;0;0;0;0;0;0;0;2;0;2;0;5;0;0;1;2;0;2;0;0;0;0;0;0;0;0;1;0;0;0;0;0;0;0;0;0;0;0;4;0;0;0;0;0;1;0;0;0;0;0;0;0;10;0;0;0;0;0;1;0;0;0;0;1;1;0;5;3;1;0;0;1;0;4;1;1;0;0;0;0;6;4;6;0;2;0;1;2;4;31;1;0;2;6;8;0;5;4;4;0;0;2;2;1;0;2;38;42;19;0;0;0;0;12;0;8;0;11;0;1;3;0;3;0;5;0;15;2
16076000;7;0;0;0;6;1;0;0;0;1;3;2;0;2;1;17;0;0;0;0;1;1;0;0;2;0;3;0;0;0;0;0;1;0;0;2;2;2;2;0;1;0;0;0;0;0;0;2;0;2;0;0;0;0;0;0;0;0;0;0;0;0;0;2;0;0;1;0;2;0;0;0;2;0;0;0;0;0;0;5;0;8;0;0;1;1;0;1;2;0;0;0;3;1;2;0;0;1;0;0;0;1;4;0;0;3;0;0;0;0;1;3;0;0;0;4;1;0;0;1;0;0;4;0;0;1;0;2;0;0;2;1;0;0;0;0;0;0;1;0;0;0;0;0;0;0;0;0;1;4;0;0;1;1;0;0;0;0;0;0;0;1;0;0;0;0;0;0;1;0;0;0;0;0;0;0;0;1;0;0;0;0;2;0;0;1;0;0;0;0;2;0;2;0;0;2;3;0;0;0;1;0;0;1;0;0;0;0;0;0;0;3;2;0;1;2;0;0;0;0;0;0;1;0;0;2;0;0;0;0;1;1;0;0;0;0;0;1;0;0;0;0;1;0;0;0;0;0;1;0;1;0;1;0;0;2;0;0;1;3;1;0;0;0;2;2;0;6;1;0;2;0;0;0;1;4;1;0;0;0;0;1;0;3;2;0;2;1;1;1;0;0;0;0;0;0;0;7;0;0;0;0;0;0;0;0;1;0;0;0;0;0;0;0;1;1;0;0;1;0;0;0;1;0;4;0;0;0;8;0;0;0;0;0;0;0;0;1;0;0;0;1;0;4;4;7;5;6;2;3;0;0;11;8;13;20;17;3;3;16;0;27;4;0;0;9;0;0;0;0;0;2;0;0;0;2;0;1;34;0;0;0;12;0;0;7;2;0;0;0;5;2;12;7;1;10;0;0;0;0
16077000;3;3;2;0;2;2;0;0;0;0;4;0;0;0;0;1;6;0;0;2;0;0;0;1;0;0;9;2;3;0;0;0;0;1;4;2;1;0;0;0;0;3;0;0;0;0;0;0;0;0;0;3;0;1;1;0;1;0;3;0;1;18;0;0;5;0;1;2;0;3;0;0;0;3;9;1;0;0;3;7;0;0;0;0;0;0;3;0;0;0;1;2;0;2;1;2;1;1;4;1;0;0;0;4;2;4;0;0;0;2;0;2;0;0;0;0;4;5;0;0;0;1;0;0;0;0;0;2;0;0;0;0;0;1;0;2;0;0;3;0;1;0;1;0;1;5;0;1;0;0;1;0;0;0;0;0;0;0;0;0;0;4;0;0;0;0;5;0;0;0;0;0;0;0;0;0;0;0;0;1;0;0;1;0;0;0;0;2;1;0;0;1;2;0;2;0;3;0;2;0;2;0;1;0;0;0;0;0;0;0;0;0;1;4;1;0;2;0;4;0;3;0;10;0;1;1;0;0;0;2;0;2;0;1;2;0;0;0;2;0;0;0;0;0;0;1;1;0;0;0;3;0;0;0;0;1;0;0;1;2;0;0;0;0;0;0;0;1;2;0;1;3;0;1;0;0;1;0;0;2;0;0;1;6;0;1;0;1;0;0;0;1;0;0;1;0;0;0;1;0;0;0;0;4;1;0;0;0;0;0;0;0;7;2;0;0;0;0;0;0;0;0;2;0;3;0;0;2;3;3;2;1;0;1;2;4;0;1;1;1;1;0;0;2;3;0;0;14;0;4;4;3;0;10;0;91;5;0;4;0;1;38;9;6;0;12;3;4;3;0;0;0;2;4;4;4;0;0;22;12;2;0;11;0;0;5;0;0;5;0;0;0;0;0;0;0;0;0;19;0